# SYNTHETIC PLACEHOLDER — replace with real WMX3 CoreMotion Data Log
# profile=ramp backend=newton dt=0.001s seed=20260820
# MotorParams kp=10.996398718882114 ki=1.1930162194347773 kd=0.8556416451823275 integral_max=4.437985730220815 effort_limit=5.193511737418461 inertia=0.028188008953187953 viscous=0.024485211102482668 coulomb=0.0006373491469474279 delay_steps=2
CYCLE TIME SYSTEM_TIME CMDPOS0 FBKPOS0 FBKVEL0 FBKTRQ0
100000 0.000000 17758100000000000 0.000000000 0.000451595 0.005730884 -0.015784083
100001 1.000000 17758100000001000 0.000000000 0.000293666 -0.005365070 0.010228018
100002 2.000000 17758100000002000 0.000000000 0.000091981 -0.003842930 0.013453568
100003 3.000000 17758100000003000 0.000000000 0.000117146 0.000142867 0.014684782
100004 4.000000 17758100000004000 0.000000000 0.000247373 -0.000036445 -0.014890814
100005 5.000000 17758100000005000 0.000000000 0.000207929 -0.006144231 -0.005563949
100006 6.000000 17758100000006000 0.000000000 -0.000363576 0.000564872 -0.021587627
100007 7.000000 17758100000007000 0.000000000 0.000389754 0.006319573 0.021071901
100008 8.000000 17758100000008000 0.000000000 -0.000314379 -0.001712960 -0.012771165
100009 9.000000 17758100000009000 0.000000000 -0.000211910 0.009578048 -0.007334561
100010 10.000000 17758100000010000 0.000000000 -0.000114240 0.001426863 0.019848632
100011 11.000000 17758100000011000 0.000000000 0.000099645 0.001720627 -0.017985555
100012 12.000000 17758100000012000 0.000000000 -0.000377290 -0.004460908 -0.017446549
100013 13.000000 17758100000013000 0.000000000 0.000032771 0.002682262 -0.023437336
100014 14.000000 17758100000014000 0.000000000 0.000075080 -0.004870869 0.022491790
100015 15.000000 17758100000015000 0.000000000 0.000062039 0.006230187 -0.004058975
100016 16.000000 17758100000016000 0.000000000 -0.000428148 -0.000452716 -0.006401549
100017 17.000000 17758100000017000 0.000000000 -0.000218996 0.002570238 0.014790329
100018 18.000000 17758100000018000 0.000000000 -0.000108016 -0.004143292 -0.015884413
100019 19.000000 17758100000019000 0.000000000 -0.000211193 0.002083626 -0.004018930
100020 20.000000 17758100000020000 0.000000000 0.000030114 0.007202983 0.002789530
100021 21.000000 17758100000021000 0.000000000 -0.000153964 -0.001071474 -0.015444345
100022 22.000000 17758100000022000 0.000000000 -0.000225548 -0.000217194 -0.002464105
100023 23.000000 17758100000023000 0.000000000 0.000021958 -0.000509920 0.026213666
100024 24.000000 17758100000024000 0.000000000 -0.000117871 0.011003554 0.043530930
100025 25.000000 17758100000025000 0.000000000 0.000211517 -0.006394602 -0.000659047
100026 26.000000 17758100000026000 0.000000000 0.000075751 0.006364058 0.025799429
100027 27.000000 17758100000027000 0.000000000 0.000009892 0.001049318 0.004838182
100028 28.000000 17758100000028000 0.000000000 -0.000060390 -0.002286101 0.033363933
100029 29.000000 17758100000029000 0.000000000 -0.000157583 0.001087951 -0.001510920
100030 30.000000 17758100000030000 0.000000000 0.000014217 0.000088691 0.027502760
100031 31.000000 17758100000031000 0.000000000 0.000126006 -0.003020549 0.008120122
100032 32.000000 17758100000032000 0.000000000 -0.000231994 0.000976947 0.010413155
100033 33.000000 17758100000033000 0.000000000 0.000114159 0.000269418 0.025745445
100034 34.000000 17758100000034000 0.000000000 0.000337001 -0.001786277 0.010366562
100035 35.000000 17758100000035000 0.000000000 0.000214565 0.000394744 -0.026789559
100036 36.000000 17758100000036000 0.000000000 -0.000012433 -0.011942617 0.041803966
100037 37.000000 17758100000037000 0.000000000 0.000253364 0.007763646 0.004102047
100038 38.000000 17758100000038000 0.000000000 0.000144861 -0.001787870 0.028824173
100039 39.000000 17758100000039000 0.000000000 0.000051289 -0.011092205 0.029726080
100040 40.000000 17758100000040000 0.000000000 -0.000073376 -0.006104769 0.010387162
100041 41.000000 17758100000041000 0.000000000 0.000178759 0.006256165 0.012352820
100042 42.000000 17758100000042000 0.000000000 0.000135578 -0.004304140 0.000891164
100043 43.000000 17758100000043000 0.000000000 -0.000053665 -0.001739776 0.012808617
100044 44.000000 17758100000044000 0.000000000 -0.000446739 -0.004173372 0.000189815
100045 45.000000 17758100000045000 0.000000000 0.000152691 0.000200064 -0.009962163
100046 46.000000 17758100000046000 0.000000000 -0.000038707 -0.001296618 -0.029212539
100047 47.000000 17758100000047000 0.000000000 0.000487663 0.000780444 0.041163701
100048 48.000000 17758100000048000 0.000000000 -0.000303391 0.000975713 0.021766278
100049 49.000000 17758100000049000 0.000000000 -0.000048073 -0.008046036 0.035057182
100050 50.000000 17758100000050000 0.000000000 -0.000068045 0.004902210 -0.023956133
100051 51.000000 17758100000051000 0.000000000 0.000179272 -0.005671531 -0.007975687
100052 52.000000 17758100000052000 0.000000000 0.000094227 0.006894348 0.006243406
100053 53.000000 17758100000053000 0.000000000 -0.000148754 -0.000781874 -0.001481234
100054 54.000000 17758100000054000 0.000000000 -0.000019142 -0.008330837 0.004053860
100055 55.000000 17758100000055000 0.000000000 0.000346009 -0.004416582 0.019758942
100056 56.000000 17758100000056000 0.000000000 -0.000120739 -0.001272524 0.005131751
100057 57.000000 17758100000057000 0.000000000 -0.000077382 -0.002621594 0.023869252
100058 58.000000 17758100000058000 0.000000000 -0.000520329 0.004487566 0.027194901
100059 59.000000 17758100000059000 0.000000000 0.000053568 0.003752386 0.003453505
100060 60.000000 17758100000060000 0.000000000 -0.000270250 -0.000665754 -0.032350214
100061 61.000000 17758100000061000 0.000000000 -0.000246712 -0.003836848 -0.011942031
100062 62.000000 17758100000062000 0.000000000 0.000278961 0.000501849 -0.015630803
100063 63.000000 17758100000063000 0.000000000 0.000411082 -0.000311358 -0.011322205
100064 64.000000 17758100000064000 0.000000000 -0.000186340 0.001403389 0.009927590
100065 65.000000 17758100000065000 0.000000000 -0.000139839 0.006729118 0.020910443
100066 66.000000 17758100000066000 0.000000000 0.000161388 -0.000212525 0.045901254
100067 67.000000 17758100000067000 0.000000000 0.000142762 -0.002534257 -0.011466223
100068 68.000000 17758100000068000 0.000000000 -0.000230118 0.008692252 -0.004931952
100069 69.000000 17758100000069000 0.000000000 0.000044095 -0.007134568 0.035556470
100070 70.000000 17758100000070000 0.000000000 0.000120590 -0.002307514 0.001903428
100071 71.000000 17758100000071000 0.000000000 0.000182256 0.003457402 0.048664050
100072 72.000000 17758100000072000 0.000000000 -0.000056596 -0.001449848 0.038778668
100073 73.000000 17758100000073000 0.000000000 0.000236920 -0.007887411 -0.013255280
100074 74.000000 17758100000074000 0.000000000 -0.000173593 -0.008798769 0.025209426
100075 75.000000 17758100000075000 0.000000000 0.000013673 0.003708048 0.016055256
100076 76.000000 17758100000076000 0.000000000 0.000276830 0.006388965 -0.019586571
100077 77.000000 17758100000077000 0.000000000 0.000028847 0.000419400 0.000431306
100078 78.000000 17758100000078000 0.000000000 0.000193766 -0.007261447 0.013022211
100079 79.000000 17758100000079000 0.000000000 -0.000027706 0.003910310 -0.006093659
100080 80.000000 17758100000080000 0.000000000 -0.000278342 0.004300389 -0.001160123
100081 81.000000 17758100000081000 0.000000000 -0.000400791 0.006586596 -0.031108018
100082 82.000000 17758100000082000 0.000000000 -0.000065285 -0.001985035 -0.013029968
100083 83.000000 17758100000083000 0.000000000 0.000026928 0.016052382 0.018993103
100084 84.000000 17758100000084000 0.000000000 0.000402092 -0.003147416 -0.013908901
100085 85.000000 17758100000085000 0.000000000 0.000022342 0.005068302 -0.006675251
100086 86.000000 17758100000086000 0.000000000 0.000076469 0.005114138 0.059722365
100087 87.000000 17758100000087000 0.000000000 0.000199115 -0.003557182 0.026194105
100088 88.000000 17758100000088000 0.000000000 -0.000016148 0.004943148 0.033887071
100089 89.000000 17758100000089000 0.000000000 0.000100084 0.003484692 0.010785448
100090 90.000000 17758100000090000 0.000000000 0.000393629 -0.005627538 -0.005048185
100091 91.000000 17758100000091000 0.000000000 0.000234222 -0.003894971 0.005514487
100092 92.000000 17758100000092000 0.000000000 0.000005540 -0.002738603 0.025131943
100093 93.000000 17758100000093000 0.000000000 0.000093137 -0.001010938 0.007233964
100094 94.000000 17758100000094000 0.000000000 -0.000031264 0.005967743 0.008197658
100095 95.000000 17758100000095000 0.000000000 0.000136889 -0.000235020 -0.000416432
100096 96.000000 17758100000096000 0.000000000 0.000168841 -0.003836232 0.003878864
100097 97.000000 17758100000097000 0.000000000 0.000257000 0.000833746 0.029077669
100098 98.000000 17758100000098000 0.000000000 0.000187638 0.003201493 0.005629438
100099 99.000000 17758100000099000 0.000000000 -0.000025345 -0.001163679 0.008637755
100100 100.000000 17758100000100000 0.000000000 -0.000061659 0.003789600 0.052970755
100101 101.000000 17758100000101000 0.000000000 -0.000094569 0.005827724 0.010790769
100102 102.000000 17758100000102000 0.000000000 0.000236168 -0.002733932 -0.010610382
100103 103.000000 17758100000103000 0.000000000 -0.000046353 -0.004331818 -0.033695706
100104 104.000000 17758100000104000 0.000000000 -0.000199392 -0.008403485 0.004003461
100105 105.000000 17758100000105000 0.000000000 0.000017708 0.004986141 0.033281360
100106 106.000000 17758100000106000 0.000000000 0.000213273 0.007841241 0.024653379
100107 107.000000 17758100000107000 0.000000000 0.000311558 -0.008494964 -0.013778881
100108 108.000000 17758100000108000 0.000000000 -0.000061106 0.002530128 0.018345807
100109 109.000000 17758100000109000 0.000000000 0.000013179 0.003143612 0.014804744
100110 110.000000 17758100000110000 0.000000000 -0.000157604 0.003718783 0.028039526
100111 111.000000 17758100000111000 0.000000000 0.000004031 -0.001426838 -0.027388171
100112 112.000000 17758100000112000 0.000000000 -0.000320349 0.006108109 -0.017868866
100113 113.000000 17758100000113000 0.000000000 0.000001701 -0.001546679 -0.031490523
100114 114.000000 17758100000114000 0.000000000 -0.000061620 -0.001251670 0.022713461
100115 115.000000 17758100000115000 0.000000000 0.000008778 -0.002496408 0.018598387
100116 116.000000 17758100000116000 0.000000000 -0.000071896 -0.002711762 0.017062268
100117 117.000000 17758100000117000 0.000000000 -0.000230246 0.009884678 0.004449241
100118 118.000000 17758100000118000 0.000000000 -0.000267193 0.003581884 0.016285627
100119 119.000000 17758100000119000 0.000000000 -0.000189914 0.004961185 -0.001393711
100120 120.000000 17758100000120000 0.000000000 0.000035032 -0.004438261 0.014822798
100121 121.000000 17758100000121000 0.000000000 -0.000010598 0.000940779 0.008458572
100122 122.000000 17758100000122000 0.000000000 0.000070518 0.007749008 -0.000690181
100123 123.000000 17758100000123000 0.000000000 0.000066801 -0.003042061 -0.008201359
100124 124.000000 17758100000124000 0.000000000 -0.000213331 -0.008554383 0.016022733
100125 125.000000 17758100000125000 0.000000000 0.000127050 0.008322481 0.028867603
100126 126.000000 17758100000126000 0.000000000 -0.000034936 -0.006427373 -0.050085469
100127 127.000000 17758100000127000 0.000000000 0.000046619 0.009976381 -0.026881339
100128 128.000000 17758100000128000 0.000000000 0.000095414 -0.008308899 0.004719712
100129 129.000000 17758100000129000 0.000000000 -0.000057910 0.002762555 0.033354108
100130 130.000000 17758100000130000 0.000000000 -0.000160798 0.002275948 -0.017960454
100131 131.000000 17758100000131000 0.000000000 -0.000262789 -0.008081432 0.014280463
100132 132.000000 17758100000132000 0.000000000 0.000081915 -0.003110545 -0.023026824
100133 133.000000 17758100000133000 0.000000000 -0.000121564 -0.006852058 0.001603412
100134 134.000000 17758100000134000 0.000000000 -0.000324807 0.003717012 -0.017484796
100135 135.000000 17758100000135000 0.000000000 -0.000167111 0.006821918 0.028665488
100136 136.000000 17758100000136000 0.000000000 -0.000425976 -0.000730288 0.041418577
100137 137.000000 17758100000137000 0.000000000 0.000107869 -0.002352394 0.007722517
100138 138.000000 17758100000138000 0.000000000 -0.000091862 0.005235910 0.029864754
100139 139.000000 17758100000139000 0.000000000 -0.000273087 0.004412317 0.038325654
100140 140.000000 17758100000140000 0.000000000 0.000276441 -0.007536789 -0.032158037
100141 141.000000 17758100000141000 0.000000000 -0.000244671 0.001611543 0.000225398
100142 142.000000 17758100000142000 0.000000000 0.000141414 0.006134980 -0.017362453
100143 143.000000 17758100000143000 0.000000000 0.000011475 0.000287188 -0.003397408
100144 144.000000 17758100000144000 0.000000000 0.000314623 0.015160798 0.002991616
100145 145.000000 17758100000145000 0.000000000 -0.000235008 0.004300763 -0.011616034
100146 146.000000 17758100000146000 0.000000000 -0.000252531 -0.004765719 0.003339785
100147 147.000000 17758100000147000 0.000000000 0.000098555 0.008253254 0.045607445
100148 148.000000 17758100000148000 0.000000000 -0.000233020 0.001255136 0.008327434
100149 149.000000 17758100000149000 0.000000000 0.000112354 0.006835071 -0.023588527
100150 150.000000 17758100000150000 0.000000000 -0.000074335 -0.001615886 -0.038086700
100151 151.000000 17758100000151000 0.000000000 -0.000064507 -0.001059998 -0.031982568
100152 152.000000 17758100000152000 0.000000000 -0.000127131 0.005782374 -0.014528443
100153 153.000000 17758100000153000 0.000000000 0.000042236 0.002589345 0.047132855
100154 154.000000 17758100000154000 0.000000000 0.000038056 0.001664370 -0.029183989
100155 155.000000 17758100000155000 0.000000000 -0.000377983 0.001173323 -0.004809301
100156 156.000000 17758100000156000 0.000000000 0.000079160 0.008353020 -0.018633830
100157 157.000000 17758100000157000 0.000000000 0.000224500 0.001839400 0.001686046
100158 158.000000 17758100000158000 0.000000000 0.000043489 0.003626452 0.008201842
100159 159.000000 17758100000159000 0.000000000 0.000005212 -0.008872486 -0.026198914
100160 160.000000 17758100000160000 0.000000000 -0.000034270 -0.011519256 -0.007786342
100161 161.000000 17758100000161000 0.000000000 0.000126801 0.002997968 -0.007187757
100162 162.000000 17758100000162000 0.000000000 -0.000167724 0.000755553 0.043267958
100163 163.000000 17758100000163000 0.000000000 0.000125271 0.001571670 -0.031837491
100164 164.000000 17758100000164000 0.000000000 -0.000243792 -0.003510862 -0.009091395
100165 165.000000 17758100000165000 0.000000000 -0.000132986 -0.006922507 0.021205759
100166 166.000000 17758100000166000 0.000000000 -0.000128807 0.002758599 0.012553753
100167 167.000000 17758100000167000 0.000000000 -0.000095414 0.004865166 0.017341507
100168 168.000000 17758100000168000 0.000000000 -0.000244255 0.003519423 0.014625595
100169 169.000000 17758100000169000 0.000000000 0.000345857 0.001000217 0.024616616
100170 170.000000 17758100000170000 0.000000000 0.000215593 -0.005480487 0.000647654
100171 171.000000 17758100000171000 0.000000000 0.000096871 0.004742424 -0.013143998
100172 172.000000 17758100000172000 0.000000000 -0.000010516 -0.000308866 0.012407418
100173 173.000000 17758100000173000 0.000000000 0.000057915 0.005623416 -0.001134087
100174 174.000000 17758100000174000 0.000000000 0.000155879 -0.003886086 -0.055725469
100175 175.000000 17758100000175000 0.000000000 0.000030656 -0.006087402 0.018664601
100176 176.000000 17758100000176000 0.000000000 0.000207421 0.004856409 0.034909499
100177 177.000000 17758100000177000 0.000000000 -0.000116477 -0.000843088 -0.022752269
100178 178.000000 17758100000178000 0.000000000 0.000327598 -0.004537846 -0.003021009
100179 179.000000 17758100000179000 0.000000000 -0.000132666 -0.010845804 -0.007642013
100180 180.000000 17758100000180000 0.000000000 0.000267733 -0.004933888 -0.013946730
100181 181.000000 17758100000181000 0.000000000 0.000020569 -0.001668178 -0.023100878
100182 182.000000 17758100000182000 0.000000000 0.000203901 0.011599677 0.008997496
100183 183.000000 17758100000183000 0.000000000 0.000190444 -0.003048596 -0.001714642
100184 184.000000 17758100000184000 0.000000000 0.000033103 0.011524685 -0.008051803
100185 185.000000 17758100000185000 0.000000000 0.000218777 -0.000877891 -0.018535771
100186 186.000000 17758100000186000 0.000000000 0.000230773 0.000618565 0.031465631
100187 187.000000 17758100000187000 0.000000000 -0.000160380 0.004181355 -0.011138180
100188 188.000000 17758100000188000 0.000000000 -0.000219557 0.001070984 -0.030578430
100189 189.000000 17758100000189000 0.000000000 -0.000230948 -0.004403025 -0.021522185
100190 190.000000 17758100000190000 0.000000000 -0.000182588 -0.003138810 0.001050610
100191 191.000000 17758100000191000 0.000000000 0.000084263 0.006137415 0.007308506
100192 192.000000 17758100000192000 0.000000000 -0.000052437 0.000866526 0.007261776
100193 193.000000 17758100000193000 0.000000000 -0.000199165 0.004730010 -0.031486196
100194 194.000000 17758100000194000 0.000000000 -0.000013554 -0.000391138 -0.004112505
100195 195.000000 17758100000195000 0.000000000 -0.000026169 0.009821971 0.004958437
100196 196.000000 17758100000196000 0.000000000 -0.000032094 -0.012303480 0.014822266
100197 197.000000 17758100000197000 0.000000000 -0.000021407 0.009473169 -0.013021452
100198 198.000000 17758100000198000 0.000000000 -0.000042782 0.000498202 0.011471522
100199 199.000000 17758100000199000 0.000000000 -0.000029795 0.001966385 -0.014712712
100200 200.000000 17758100000200000 0.000000000 0.000142590 -0.004068465 0.016360366
100201 201.000000 17758100000201000 0.000000000 0.000073794 0.004686468 0.003365507
100202 202.000000 17758100000202000 0.000000000 0.000351587 -0.007546483 0.018992049
100203 203.000000 17758100000203000 0.000000000 0.000100371 0.004844502 -0.026691660
100204 204.000000 17758100000204000 0.000000000 0.000354404 0.008175450 -0.022000610
100205 205.000000 17758100000205000 0.000000000 0.000092218 0.001991503 0.014506370
100206 206.000000 17758100000206000 0.000000000 -0.000165786 -0.006074452 0.007936386
100207 207.000000 17758100000207000 0.000000000 0.000032168 -0.007831885 -0.004797456
100208 208.000000 17758100000208000 0.000000000 0.000062522 0.000422800 -0.015213966
100209 209.000000 17758100000209000 0.000000000 0.000100568 -0.004042613 -0.046117109
100210 210.000000 17758100000210000 0.000000000 -0.000090940 0.000473392 -0.037624676
100211 211.000000 17758100000211000 0.000000000 0.000040927 0.002458258 0.014289402
100212 212.000000 17758100000212000 0.000000000 -0.000088298 -0.002353851 0.014544719
100213 213.000000 17758100000213000 0.000000000 -0.000241158 0.002246890 0.006559632
100214 214.000000 17758100000214000 0.000000000 0.000202742 0.007846971 0.010990637
100215 215.000000 17758100000215000 0.000000000 -0.000141479 -0.008626584 0.003069299
100216 216.000000 17758100000216000 0.000000000 0.000087276 0.007584198 -0.019956609
100217 217.000000 17758100000217000 0.000000000 0.000043496 -0.003384321 -0.032520736
100218 218.000000 17758100000218000 0.000000000 -0.000175396 -0.002666303 0.008142928
100219 219.000000 17758100000219000 0.000000000 -0.000063732 0.002284393 -0.000651102
100220 220.000000 17758100000220000 0.000000000 0.000344102 0.004278517 0.024935786
100221 221.000000 17758100000221000 0.000000000 0.000056661 0.002106508 0.017909321
100222 222.000000 17758100000222000 0.000000000 0.000046319 0.004117286 -0.031591213
100223 223.000000 17758100000223000 0.000000000 -0.000232828 0.000910254 0.001225778
100224 224.000000 17758100000224000 0.000000000 -0.000085318 0.006305948 0.009162762
100225 225.000000 17758100000225000 0.000000000 -0.000287270 -0.004981762 0.014517655
100226 226.000000 17758100000226000 0.000000000 -0.000140008 -0.002502370 -0.021161337
100227 227.000000 17758100000227000 0.000000000 -0.000033368 -0.000032366 0.005565985
100228 228.000000 17758100000228000 0.000000000 -0.000163199 0.001265754 -0.005070284
100229 229.000000 17758100000229000 0.000000000 0.000152474 -0.002449776 -0.005877123
100230 230.000000 17758100000230000 0.000000000 0.000373425 -0.000350566 0.001802132
100231 231.000000 17758100000231000 0.000000000 0.000004664 -0.008522121 0.010575411
100232 232.000000 17758100000232000 0.000000000 0.000159845 -0.007818251 0.031653556
100233 233.000000 17758100000233000 0.000000000 0.000113258 -0.001180531 -0.010890860
100234 234.000000 17758100000234000 0.000000000 -0.000111609 -0.004927397 -0.035327006
100235 235.000000 17758100000235000 0.000000000 0.000260810 -0.004721455 0.031459881
100236 236.000000 17758100000236000 0.000000000 -0.000047025 0.006706785 -0.027882696
100237 237.000000 17758100000237000 0.000000000 -0.000208815 0.005724542 0.031548719
100238 238.000000 17758100000238000 0.000000000 0.000184536 -0.000486151 0.007862500
100239 239.000000 17758100000239000 0.000000000 -0.000042186 -0.002040116 0.016798844
100240 240.000000 17758100000240000 0.000000000 -0.000015017 -0.003390478 0.001356547
100241 241.000000 17758100000241000 0.000000000 -0.000044261 -0.006653187 -0.006827241
100242 242.000000 17758100000242000 0.000000000 -0.000201357 0.005506970 0.017490694
100243 243.000000 17758100000243000 0.000000000 0.000303245 -0.002827122 -0.024385960
100244 244.000000 17758100000244000 0.000000000 0.000000047 0.001879228 0.015840577
100245 245.000000 17758100000245000 0.000000000 -0.000044299 -0.000654848 -0.029130656
100246 246.000000 17758100000246000 0.000000000 0.000145646 -0.003532760 -0.000854471
100247 247.000000 17758100000247000 0.000000000 -0.000099207 -0.001227083 0.011175013
100248 248.000000 17758100000248000 0.000000000 0.000124699 0.012399055 -0.001314439
100249 249.000000 17758100000249000 0.000000000 0.000024920 0.002430354 0.007127500
100250 250.000000 17758100000250000 0.000000000 -0.000101784 -0.000867916 -0.008807493
100251 251.000000 17758100000251000 0.000000000 -0.000240002 0.007873485 -0.007969953
100252 252.000000 17758100000252000 0.000000000 -0.000092351 0.001989276 0.053744164
100253 253.000000 17758100000253000 0.000000000 0.000232512 0.009726687 -0.017403899
100254 254.000000 17758100000254000 0.000000000 0.000092681 -0.002633279 0.008046173
100255 255.000000 17758100000255000 0.000000000 -0.000182989 -0.005346174 0.032881749
100256 256.000000 17758100000256000 0.000000000 0.000048106 0.001445745 0.004007760
100257 257.000000 17758100000257000 0.000000000 0.000164777 0.006388691 -0.010781104
100258 258.000000 17758100000258000 0.000000000 0.000287874 -0.004281664 0.028598835
100259 259.000000 17758100000259000 0.000000000 -0.000167200 -0.002451932 -0.034677489
100260 260.000000 17758100000260000 0.000000000 0.000322309 -0.012202402 -0.007890435
100261 261.000000 17758100000261000 0.000000000 0.000003198 -0.002621868 0.009600485
100262 262.000000 17758100000262000 0.000000000 -0.000027996 -0.006382717 0.046743938
100263 263.000000 17758100000263000 0.000000000 -0.000007503 -0.004424527 -0.012710128
100264 264.000000 17758100000264000 0.000000000 -0.000021674 -0.000284967 -0.009860468
100265 265.000000 17758100000265000 0.000000000 -0.000224563 0.002938616 -0.034436227
100266 266.000000 17758100000266000 0.000000000 -0.000308758 0.001902685 0.003992868
100267 267.000000 17758100000267000 0.000000000 0.000255252 0.003127951 0.023654456
100268 268.000000 17758100000268000 0.000000000 0.000074472 0.004960077 0.015364741
100269 269.000000 17758100000269000 0.000000000 -0.000304770 0.004190147 -0.036087717
100270 270.000000 17758100000270000 0.000000000 0.000156755 -0.001240392 -0.003625780
100271 271.000000 17758100000271000 0.000000000 -0.000044973 0.000085606 -0.022198111
100272 272.000000 17758100000272000 0.000000000 -0.000085226 -0.013655577 0.032349469
100273 273.000000 17758100000273000 0.000000000 0.000014937 0.003881266 -0.007848748
100274 274.000000 17758100000274000 0.000000000 -0.000167972 0.000861714 0.015542585
100275 275.000000 17758100000275000 0.000000000 -0.000340588 0.001684867 -0.027178334
100276 276.000000 17758100000276000 0.000000000 -0.000165989 0.008775284 0.002730911
100277 277.000000 17758100000277000 0.000000000 -0.000189878 -0.001836086 -0.012225238
100278 278.000000 17758100000278000 0.000000000 -0.000032071 0.002415289 -0.019787968
100279 279.000000 17758100000279000 0.000000000 -0.000270896 -0.000858405 0.034769859
100280 280.000000 17758100000280000 0.000000000 0.000330982 -0.007669315 0.029662297
100281 281.000000 17758100000281000 0.000000000 -0.000135634 0.003338331 0.007589153
100282 282.000000 17758100000282000 0.000000000 0.000170482 -0.012771278 0.007483485
100283 283.000000 17758100000283000 0.000000000 0.000077914 0.003839434 -0.047596446
100284 284.000000 17758100000284000 0.000000000 0.000068760 -0.004426069 -0.010816158
100285 285.000000 17758100000285000 0.000000000 -0.000245595 0.004666068 0.015881239
100286 286.000000 17758100000286000 0.000000000 -0.000080582 -0.003383800 0.005168040
100287 287.000000 17758100000287000 0.000000000 0.000141527 0.005390889 -0.018104903
100288 288.000000 17758100000288000 0.000000000 0.000214799 -0.006945056 -0.008004566
100289 289.000000 17758100000289000 0.000000000 -0.000104098 -0.000983231 -0.013231362
100290 290.000000 17758100000290000 0.000000000 -0.000197700 -0.008235597 0.017215323
100291 291.000000 17758100000291000 0.000000000 -0.000000894 -0.002653072 0.011935343
100292 292.000000 17758100000292000 0.000000000 0.000290689 0.001327249 -0.009322985
100293 293.000000 17758100000293000 0.000000000 -0.000350783 -0.004920729 0.014086153
100294 294.000000 17758100000294000 0.000000000 0.000149551 0.007156538 0.006090152
100295 295.000000 17758100000295000 0.000000000 0.000034215 -0.001789244 -0.009249194
100296 296.000000 17758100000296000 0.000000000 -0.000382198 -0.000454034 0.071802779
100297 297.000000 17758100000297000 0.000000000 -0.000197638 -0.004958693 -0.014712928
100298 298.000000 17758100000298000 0.000000000 -0.000228407 -0.002305942 -0.022492168
100299 299.000000 17758100000299000 0.000000000 -0.000044336 0.005536571 0.025847461
100300 300.000000 17758100000300000 0.000000000 0.000177827 -0.001677981 0.001597471
100301 301.000000 17758100000301000 0.000000000 -0.000015629 -0.002125823 0.015828973
100302 302.000000 17758100000302000 0.000000000 0.000155127 0.007036249 -0.003821472
100303 303.000000 17758100000303000 0.000000000 0.000221283 -0.001612161 0.008591227
100304 304.000000 17758100000304000 0.000000000 0.000550249 -0.002473512 0.007615738
100305 305.000000 17758100000305000 0.000000000 -0.000296663 -0.000441664 0.031871008
100306 306.000000 17758100000306000 0.000000000 -0.000196544 -0.000914365 -0.011161356
100307 307.000000 17758100000307000 0.000000000 0.000080615 0.002652176 0.016545964
100308 308.000000 17758100000308000 0.000000000 -0.000039248 -0.001716850 -0.005811793
100309 309.000000 17758100000309000 0.000000000 -0.000059246 -0.006241407 -0.001782837
100310 310.000000 17758100000310000 0.000000000 -0.000198531 0.010610585 0.005021753
100311 311.000000 17758100000311000 0.000000000 -0.000137926 -0.001116041 0.037189148
100312 312.000000 17758100000312000 0.000000000 -0.000111773 0.000787492 0.044424435
100313 313.000000 17758100000313000 0.000000000 -0.000022435 -0.006801832 0.015469655
100314 314.000000 17758100000314000 0.000000000 -0.000142656 -0.000813865 -0.037566904
100315 315.000000 17758100000315000 0.000000000 0.000099986 0.004324640 -0.008125768
100316 316.000000 17758100000316000 0.000000000 -0.000191373 0.002974530 0.010754136
100317 317.000000 17758100000317000 0.000000000 0.000108976 -0.003170940 0.037745879
100318 318.000000 17758100000318000 0.000000000 0.000211001 -0.003867719 -0.003342321
100319 319.000000 17758100000319000 0.000000000 0.000407630 0.005822303 -0.033016186
100320 320.000000 17758100000320000 0.000000000 -0.000134128 0.000073049 0.037424083
100321 321.000000 17758100000321000 0.000000000 0.000182573 -0.002570043 -0.027460592
100322 322.000000 17758100000322000 0.000000000 0.000120572 0.000199756 0.005559240
100323 323.000000 17758100000323000 0.000000000 -0.000347512 0.003792135 0.029831311
100324 324.000000 17758100000324000 0.000000000 0.000044339 -0.002871022 0.014058611
100325 325.000000 17758100000325000 0.000000000 -0.000183061 -0.004296946 0.009288827
100326 326.000000 17758100000326000 0.000000000 0.000217930 -0.005539732 0.012486569
100327 327.000000 17758100000327000 0.000000000 0.000049925 0.000966096 -0.009548388
100328 328.000000 17758100000328000 0.000000000 0.000249583 -0.002840799 0.009638488
100329 329.000000 17758100000329000 0.000000000 0.000206303 0.000713701 -0.004197439
100330 330.000000 17758100000330000 0.000000000 -0.000418991 -0.005704198 -0.036709227
100331 331.000000 17758100000331000 0.000000000 -0.000060318 -0.003056584 0.000560035
100332 332.000000 17758100000332000 0.000000000 0.000154954 -0.002298161 0.004444131
100333 333.000000 17758100000333000 0.000000000 -0.000378755 0.003205820 -0.008097880
100334 334.000000 17758100000334000 0.000000000 -0.000264982 -0.001753921 -0.035360896
100335 335.000000 17758100000335000 0.000000000 0.000000824 -0.001622849 0.040274641
100336 336.000000 17758100000336000 0.000000000 0.000036962 -0.006003141 0.014775957
100337 337.000000 17758100000337000 0.000000000 -0.000176455 -0.004306234 0.032937753
100338 338.000000 17758100000338000 0.000000000 0.000048937 0.006438859 -0.009149362
100339 339.000000 17758100000339000 0.000000000 0.000350958 -0.006702484 -0.013783084
100340 340.000000 17758100000340000 0.000000000 -0.000055780 -0.003873655 -0.024094530
100341 341.000000 17758100000341000 0.000000000 -0.000059656 -0.003843836 -0.043176457
100342 342.000000 17758100000342000 0.000000000 -0.000044305 0.005039750 -0.008726608
100343 343.000000 17758100000343000 0.000000000 0.000067963 -0.004788524 -0.001661928
100344 344.000000 17758100000344000 0.000000000 0.000030809 0.009692350 0.025260874
100345 345.000000 17758100000345000 0.000000000 0.000141506 0.001230812 -0.026820821
100346 346.000000 17758100000346000 0.000000000 0.000246891 0.004924097 -0.011037845
100347 347.000000 17758100000347000 0.000000000 -0.000337286 -0.002496566 -0.021781968
100348 348.000000 17758100000348000 0.000000000 -0.000095554 0.007769245 -0.048024235
100349 349.000000 17758100000349000 0.000000000 -0.000016588 -0.003635648 0.002933004
100350 350.000000 17758100000350000 0.000000000 -0.000126117 0.001047744 -0.001722641
100351 351.000000 17758100000351000 0.000000000 0.000273946 -0.002509645 -0.014614839
100352 352.000000 17758100000352000 0.000000000 0.000154953 -0.004550282 -0.000571648
100353 353.000000 17758100000353000 0.000000000 0.000138793 0.000011378 0.022347689
100354 354.000000 17758100000354000 0.000000000 -0.000035801 0.000381685 -0.015646866
100355 355.000000 17758100000355000 0.000000000 -0.000126574 -0.002578364 -0.014206300
100356 356.000000 17758100000356000 0.000000000 0.000063853 0.004612820 0.019690259
100357 357.000000 17758100000357000 0.000000000 0.000165343 0.005418062 -0.006781601
100358 358.000000 17758100000358000 0.000000000 0.000317611 0.001787237 -0.016551100
100359 359.000000 17758100000359000 0.000000000 0.000276991 -0.004521579 -0.025717359
100360 360.000000 17758100000360000 0.000000000 -0.000113841 -0.001724117 0.024839748
100361 361.000000 17758100000361000 0.000000000 -0.000309818 -0.006691681 -0.002698059
100362 362.000000 17758100000362000 0.000000000 0.000060781 -0.006554310 0.000032809
100363 363.000000 17758100000363000 0.000000000 0.000193781 0.008169115 0.018783210
100364 364.000000 17758100000364000 0.000000000 0.000415116 -0.000585845 -0.022309730
100365 365.000000 17758100000365000 0.000000000 0.000126921 -0.005401373 -0.045589858
100366 366.000000 17758100000366000 0.000000000 0.000138667 -0.002572325 -0.024638497
100367 367.000000 17758100000367000 0.000000000 0.000201443 -0.006486156 -0.011803098
100368 368.000000 17758100000368000 0.000000000 -0.000194912 -0.003442800 0.005184473
100369 369.000000 17758100000369000 0.000000000 0.000260568 0.004770723 0.009894604
100370 370.000000 17758100000370000 0.000000000 0.000013470 -0.001361148 -0.020435137
100371 371.000000 17758100000371000 0.000000000 0.000229939 0.002213518 0.027653289
100372 372.000000 17758100000372000 0.000000000 0.000041164 -0.004315407 -0.018871061
100373 373.000000 17758100000373000 0.000000000 0.000030216 0.002271153 -0.002576667
100374 374.000000 17758100000374000 0.000000000 -0.000154598 0.002653939 0.003678251
100375 375.000000 17758100000375000 0.000000000 0.000056121 0.004961504 0.010722672
100376 376.000000 17758100000376000 0.000000000 -0.000166054 0.001823657 0.030401289
100377 377.000000 17758100000377000 0.000000000 -0.000327708 -0.000036863 -0.022546557
100378 378.000000 17758100000378000 0.000000000 0.000013870 0.001718909 0.023408168
100379 379.000000 17758100000379000 0.000000000 0.000073716 0.000281254 -0.013070236
100380 380.000000 17758100000380000 0.000000000 0.000051474 0.006730453 0.001522294
100381 381.000000 17758100000381000 0.000000000 0.000048653 0.000068212 0.030725477
100382 382.000000 17758100000382000 0.000000000 -0.000013829 -0.001917520 -0.023875634
100383 383.000000 17758100000383000 0.000000000 -0.000308985 -0.006829765 0.000925855
100384 384.000000 17758100000384000 0.000000000 -0.000076063 0.000971690 0.010028529
100385 385.000000 17758100000385000 0.000000000 0.000001094 -0.002736744 -0.001512996
100386 386.000000 17758100000386000 0.000000000 -0.000306494 0.005747226 -0.024490292
100387 387.000000 17758100000387000 0.000000000 -0.000050421 0.003419462 -0.007241340
100388 388.000000 17758100000388000 0.000000000 -0.000023268 -0.002295093 0.006369183
100389 389.000000 17758100000389000 0.000000000 -0.000134907 0.006994654 0.039841414
100390 390.000000 17758100000390000 0.000000000 -0.000037229 -0.009274855 0.017763843
100391 391.000000 17758100000391000 0.000000000 -0.000009443 0.003007567 0.013279475
100392 392.000000 17758100000392000 0.000000000 -0.000161977 -0.001058506 -0.028237907
100393 393.000000 17758100000393000 0.000000000 -0.000335082 -0.000373639 0.012165067
100394 394.000000 17758100000394000 0.000000000 0.000184502 0.005730806 -0.027471140
100395 395.000000 17758100000395000 0.000000000 0.000078590 -0.004566967 0.016711589
100396 396.000000 17758100000396000 0.000000000 -0.000083290 -0.004811457 -0.000078688
100397 397.000000 17758100000397000 0.000000000 0.000178733 -0.002924338 -0.010783200
100398 398.000000 17758100000398000 0.000000000 -0.000096988 -0.004580358 -0.002802248
100399 399.000000 17758100000399000 0.000000000 -0.000300748 -0.002837819 0.020684152
100400 400.000000 17758100000400000 0.000000000 -0.000061316 -0.000663861 0.006157633
100401 401.000000 17758100000401000 0.000000000 0.000049610 -0.003856127 0.006334377
100402 402.000000 17758100000402000 0.000000000 0.000195261 0.004363105 0.028414194
100403 403.000000 17758100000403000 0.000000000 0.000155407 -0.005489134 -0.000635700
100404 404.000000 17758100000404000 0.000000000 0.000086555 -0.003052024 -0.022198805
100405 405.000000 17758100000405000 0.000000000 -0.000311886 -0.013726689 -0.009021349
100406 406.000000 17758100000406000 0.000000000 0.000055858 -0.003285780 -0.011269719
100407 407.000000 17758100000407000 0.000000000 0.000194707 0.001441459 -0.020360734
100408 408.000000 17758100000408000 0.000000000 -0.000255235 -0.002616519 -0.002884220
100409 409.000000 17758100000409000 0.000000000 0.000106941 -0.002189286 -0.002976224
100410 410.000000 17758100000410000 0.000000000 -0.000101511 -0.000908873 0.013745711
100411 411.000000 17758100000411000 0.000000000 -0.000432420 -0.002776376 -0.006918817
100412 412.000000 17758100000412000 0.000000000 0.000241176 -0.007749035 0.000996411
100413 413.000000 17758100000413000 0.000000000 -0.000042527 0.006065934 -0.004595145
100414 414.000000 17758100000414000 0.000000000 -0.000351641 0.010386040 0.006038830
100415 415.000000 17758100000415000 0.000000000 0.000019003 0.001801399 0.006613290
100416 416.000000 17758100000416000 0.000000000 -0.000210005 0.000876151 -0.003172303
100417 417.000000 17758100000417000 0.000000000 0.000212286 0.002980946 -0.010228245
100418 418.000000 17758100000418000 0.000000000 -0.000590649 -0.002310246 0.025891245
100419 419.000000 17758100000419000 0.000000000 0.000125069 -0.004648450 -0.026985251
100420 420.000000 17758100000420000 0.000000000 0.000472649 -0.008942366 0.028585622
100421 421.000000 17758100000421000 0.000000000 0.000339532 0.003497527 -0.002837503
100422 422.000000 17758100000422000 0.000000000 -0.000078993 0.000116845 -0.011082678
100423 423.000000 17758100000423000 0.000000000 -0.000130298 0.004246727 -0.055076614
100424 424.000000 17758100000424000 0.000000000 0.000193072 -0.005411948 0.022604561
100425 425.000000 17758100000425000 0.000000000 0.000085539 0.006108031 0.045429386
100426 426.000000 17758100000426000 0.000000000 -0.000239758 0.004374227 0.014876113
100427 427.000000 17758100000427000 0.000000000 -0.000101270 0.003198397 0.001277745
100428 428.000000 17758100000428000 0.000000000 0.000257189 -0.002835033 0.029413212
100429 429.000000 17758100000429000 0.000000000 -0.000126669 -0.005042165 -0.002642487
100430 430.000000 17758100000430000 0.000000000 0.000240930 -0.000059755 -0.019720477
100431 431.000000 17758100000431000 0.000000000 -0.000072775 0.012013788 0.031230566
100432 432.000000 17758100000432000 0.000000000 -0.000130148 0.000261801 -0.034854399
100433 433.000000 17758100000433000 0.000000000 0.000347977 0.001849134 -0.018100776
100434 434.000000 17758100000434000 0.000000000 0.000044015 0.000757956 0.021984527
100435 435.000000 17758100000435000 0.000000000 0.000177193 -0.003238794 0.017070835
100436 436.000000 17758100000436000 0.000000000 -0.000102611 -0.005902121 0.040573408
100437 437.000000 17758100000437000 0.000000000 -0.000024983 0.010339909 0.002097371
100438 438.000000 17758100000438000 0.000000000 -0.000032913 0.001106848 0.025304431
100439 439.000000 17758100000439000 0.000000000 -0.000132072 -0.004560355 -0.010057894
100440 440.000000 17758100000440000 0.000000000 -0.000032818 0.006702220 -0.001776271
100441 441.000000 17758100000441000 0.000000000 0.000187645 0.000559193 -0.016688913
100442 442.000000 17758100000442000 0.000000000 0.000064712 0.003743509 -0.018806882
100443 443.000000 17758100000443000 0.000000000 -0.000053997 0.002359894 0.030155870
100444 444.000000 17758100000444000 0.000000000 -0.000079680 0.011087221 0.024565341
100445 445.000000 17758100000445000 0.000000000 -0.000245286 0.003843104 0.002634120
100446 446.000000 17758100000446000 0.000000000 0.000067173 0.002333174 0.009993652
100447 447.000000 17758100000447000 0.000000000 -0.000471031 0.004868837 -0.013733977
100448 448.000000 17758100000448000 0.000000000 -0.000198621 -0.005106319 0.016168996
100449 449.000000 17758100000449000 0.000000000 -0.000093709 -0.001522017 -0.021027718
100450 450.000000 17758100000450000 0.000000000 0.000036890 -0.004430258 -0.017746122
100451 451.000000 17758100000451000 0.000000000 0.000070821 -0.004295568 0.020828228
100452 452.000000 17758100000452000 0.000000000 -0.000057566 -0.000840640 -0.007359925
100453 453.000000 17758100000453000 0.000000000 -0.000174590 -0.002905361 -0.028798888
100454 454.000000 17758100000454000 0.000000000 0.000024992 0.004109536 -0.036475670
100455 455.000000 17758100000455000 0.000000000 0.000202201 -0.005992203 0.015372057
100456 456.000000 17758100000456000 0.000000000 0.000227389 0.002361327 0.019122224
100457 457.000000 17758100000457000 0.000000000 -0.000280184 0.000691211 -0.016933835
100458 458.000000 17758100000458000 0.000000000 -0.000146672 0.001485953 0.025698859
100459 459.000000 17758100000459000 0.000000000 0.000275845 -0.000291764 -0.020965698
100460 460.000000 17758100000460000 0.000000000 -0.000199514 0.006954176 0.007034002
100461 461.000000 17758100000461000 0.000000000 -0.000195113 -0.003778531 -0.031531882
100462 462.000000 17758100000462000 0.000000000 -0.000081337 0.002197433 0.007086507
100463 463.000000 17758100000463000 0.000000000 0.000002351 -0.012030462 0.002734238
100464 464.000000 17758100000464000 0.000000000 0.000000167 -0.004165185 -0.001641466
100465 465.000000 17758100000465000 0.000000000 -0.000071374 0.004780450 -0.020251689
100466 466.000000 17758100000466000 0.000000000 0.000083081 -0.012761469 -0.003122028
100467 467.000000 17758100000467000 0.000000000 0.000121433 -0.001640535 0.028459033
100468 468.000000 17758100000468000 0.000000000 -0.000179112 -0.001185989 0.002333536
100469 469.000000 17758100000469000 0.000000000 0.000049631 0.002077495 -0.006934053
100470 470.000000 17758100000470000 0.000000000 -0.000034725 -0.004303655 -0.003134568
100471 471.000000 17758100000471000 0.000000000 0.000055014 0.002357550 -0.019805949
100472 472.000000 17758100000472000 0.000000000 -0.000085269 0.001562045 -0.009202312
100473 473.000000 17758100000473000 0.000000000 0.000108112 -0.000933589 0.002208816
100474 474.000000 17758100000474000 0.000000000 0.000008024 0.003849618 0.003812405
100475 475.000000 17758100000475000 0.000000000 0.000069227 0.002141854 -0.007596634
100476 476.000000 17758100000476000 0.000000000 0.000401391 -0.009094696 0.013465509
100477 477.000000 17758100000477000 0.000000000 -0.000077912 0.008196394 -0.011003893
100478 478.000000 17758100000478000 0.000000000 -0.000071943 -0.005855153 -0.003634998
100479 479.000000 17758100000479000 0.000000000 0.000061253 0.001281687 0.022554319
100480 480.000000 17758100000480000 0.000000000 0.000222283 -0.007001471 0.055349927
100481 481.000000 17758100000481000 0.000000000 -0.000170278 0.001074756 0.011866531
100482 482.000000 17758100000482000 0.000000000 0.000100222 -0.001727019 -0.062016884
100483 483.000000 17758100000483000 0.000000000 0.000399744 -0.009345519 0.016009718
100484 484.000000 17758100000484000 0.000000000 -0.000055465 0.002070864 0.003676198
100485 485.000000 17758100000485000 0.000000000 -0.000060277 -0.004104538 -0.025325211
100486 486.000000 17758100000486000 0.000000000 0.000110648 -0.002699615 0.003344569
100487 487.000000 17758100000487000 0.000000000 -0.000030118 0.007583012 0.013784373
100488 488.000000 17758100000488000 0.000000000 -0.000132244 -0.002377862 -0.009776275
100489 489.000000 17758100000489000 0.000000000 0.000074296 -0.009280934 -0.002535930
100490 490.000000 17758100000490000 0.000000000 -0.000005887 0.002890826 -0.019648074
100491 491.000000 17758100000491000 0.000000000 0.000044693 0.003501502 0.008895949
100492 492.000000 17758100000492000 0.000000000 -0.000005216 -0.000992764 0.017583056
100493 493.000000 17758100000493000 0.000000000 -0.000047458 0.002946748 0.022457813
100494 494.000000 17758100000494000 0.000000000 -0.000204687 0.000182271 0.000917505
100495 495.000000 17758100000495000 0.000000000 -0.000215506 -0.003741382 0.022942656
100496 496.000000 17758100000496000 0.000000000 0.000205430 -0.000495160 0.010834981
100497 497.000000 17758100000497000 0.000000000 0.000037533 -0.003065118 0.009706105
100498 498.000000 17758100000498000 0.000000000 -0.000269427 -0.006397209 0.014114598
100499 499.000000 17758100000499000 0.000000000 -0.000075079 0.006290451 -0.020002375
100500 500.000000 17758100000500000 0.000000000 0.000171963 0.002215722 -0.005558148
100501 501.000000 17758100000501000 0.000500000 -0.000244508 0.000445087 0.016169641
100502 502.000000 17758100000502000 0.001000000 0.000032403 -0.003119980 0.003557864
100503 503.000000 17758100000503000 0.001500000 0.000211102 -0.014241814 0.001005174
100504 504.000000 17758100000504000 0.002000000 -0.000302979 0.005594798 0.005187654
100505 505.000000 17758100000505000 0.002500000 -0.000286114 -0.000589417 0.055684359
100506 506.000000 17758100000506000 0.003000000 0.000013594 -0.000844321 0.030647564
100507 507.000000 17758100000507000 0.003500000 0.000450151 0.000439059 0.027372773
100508 508.000000 17758100000508000 0.004000000 0.000105637 0.009654920 0.040884043
100509 509.000000 17758100000509000 0.004500000 -0.000078147 0.010770388 0.025616161
100510 510.000000 17758100000510000 0.005000000 -0.000088955 0.003636019 0.033842278
100511 511.000000 17758100000511000 0.005500000 0.000014885 0.009866835 0.041699164
100512 512.000000 17758100000512000 0.006000000 -0.000136453 0.006965010 0.031535556
100513 513.000000 17758100000513000 0.006500000 0.000145413 0.008733030 0.020610380
100514 514.000000 17758100000514000 0.007000000 -0.000159343 0.010302046 0.072317320
100515 515.000000 17758100000515000 0.007500000 0.000190569 0.010360730 0.085341760
100516 516.000000 17758100000516000 0.008000000 0.000162202 0.009545754 0.054527077
100517 517.000000 17758100000517000 0.008500000 -0.000086657 0.020294559 0.051156060
100518 518.000000 17758100000518000 0.009000000 0.000129109 0.026594615 0.075680356
100519 519.000000 17758100000519000 0.009500000 0.000255455 0.018489625 0.058714343
100520 520.000000 17758100000520000 0.010000000 0.000328565 0.024224738 0.104046235
100521 521.000000 17758100000521000 0.010500000 0.000290191 0.034125344 0.084431581
100522 522.000000 17758100000522000 0.011000000 -0.000015940 0.030355171 0.082172136
100523 523.000000 17758100000523000 0.011500000 0.000503187 0.026554459 0.101382214
100524 524.000000 17758100000524000 0.012000000 0.000353125 0.035432672 0.041292438
100525 525.000000 17758100000525000 0.012500000 0.000682752 0.042960111 0.071023302
100526 526.000000 17758100000526000 0.013000000 0.000242050 0.037051099 0.088449425
100527 527.000000 17758100000527000 0.013500000 0.000255176 0.048424854 0.119428427
100528 528.000000 17758100000528000 0.014000000 0.000139425 0.049701747 0.059761878
100529 529.000000 17758100000529000 0.014500000 0.000681268 0.053492501 0.063567363
100530 530.000000 17758100000530000 0.015000000 0.000243624 0.059454332 0.112513144
100531 531.000000 17758100000531000 0.015500000 0.000632731 0.061185094 0.095988517
100532 532.000000 17758100000532000 0.016000001 0.000694307 0.059345004 0.115739785
100533 533.000000 17758100000533000 0.016500000 0.000766840 0.056840799 0.124972220
100534 534.000000 17758100000534000 0.017000001 0.000764081 0.064956093 0.076807120
100535 535.000000 17758100000535000 0.017500000 0.001002426 0.083047014 0.072672333
100536 536.000000 17758100000536000 0.017999999 0.001011318 0.072709181 0.104007467
100537 537.000000 17758100000537000 0.018500000 0.000860724 0.077141097 0.129175842
100538 538.000000 17758100000538000 0.018999999 0.001410039 0.090087181 0.135226978
100539 539.000000 17758100000539000 0.019500000 0.001437657 0.095271225 0.094596266
100540 540.000000 17758100000540000 0.020000000 0.001135330 0.093875340 0.114279906
100541 541.000000 17758100000541000 0.020500001 0.001430245 0.092856091 0.133627142
100542 542.000000 17758100000542000 0.021000000 0.001554511 0.098000511 0.099118354
100543 543.000000 17758100000543000 0.021500001 0.002037228 0.097595439 0.139025227
100544 544.000000 17758100000544000 0.022000000 0.001638347 0.114142622 0.121303245
100545 545.000000 17758100000545000 0.022500001 0.002081066 0.111991458 0.125549270
100546 546.000000 17758100000546000 0.023000000 0.002103583 0.110017401 0.114688235
100547 547.000000 17758100000547000 0.023499999 0.002190790 0.116618448 0.117293780
100548 548.000000 17758100000548000 0.024000000 0.002342955 0.125262958 0.135925328
100549 549.000000 17758100000549000 0.024499999 0.002249966 0.126963044 0.097197602
100550 550.000000 17758100000550000 0.025000000 0.002560304 0.138779207 0.108751183
100551 551.000000 17758100000551000 0.025500000 0.002765649 0.132895678 0.108044543
100552 552.000000 17758100000552000 0.026000001 0.002949222 0.144399554 0.124521861
100553 553.000000 17758100000553000 0.026500000 0.002950016 0.151797486 0.105452883
100554 554.000000 17758100000554000 0.027000001 0.003389990 0.150094910 0.103222637
100555 555.000000 17758100000555000 0.027500000 0.003384878 0.146614863 0.132746458
100556 556.000000 17758100000556000 0.028000001 0.003589420 0.159794027 0.129582529
100557 557.000000 17758100000557000 0.028500000 0.003857112 0.167945727 0.122148823
100558 558.000000 17758100000558000 0.028999999 0.003709985 0.171402712 0.117060202
100559 559.000000 17758100000559000 0.029500000 0.003685768 0.177954397 0.128885371
100560 560.000000 17758100000560000 0.029999999 0.004419481 0.168386863 0.111644667
100561 561.000000 17758100000561000 0.030500000 0.004218820 0.182274703 0.146510195
100562 562.000000 17758100000562000 0.030999999 0.004146475 0.185388484 0.117217335
100563 563.000000 17758100000563000 0.031500001 0.004688957 0.193446737 0.127788379
100564 564.000000 17758100000564000 0.032000002 0.004654750 0.189272779 0.109952043
100565 565.000000 17758100000565000 0.032499999 0.005111148 0.206555257 0.095701619
100566 566.000000 17758100000566000 0.033000000 0.005276338 0.202779198 0.124683859
100567 567.000000 17758100000567000 0.033500001 0.005276986 0.210073693 0.148513673
100568 568.000000 17758100000568000 0.034000002 0.006047701 0.210598281 0.128720654
100569 569.000000 17758100000569000 0.034499999 0.005821003 0.213082791 0.077365725
100570 570.000000 17758100000570000 0.035000000 0.006204578 0.212077153 0.122370117
100571 571.000000 17758100000571000 0.035500001 0.006210861 0.228968760 0.140442875
100572 572.000000 17758100000572000 0.035999998 0.006452318 0.230310089 0.102859559
100573 573.000000 17758100000573000 0.036499999 0.007145673 0.225979369 0.122704675
100574 574.000000 17758100000574000 0.037000000 0.006971827 0.234297409 0.110245241
100575 575.000000 17758100000575000 0.037500001 0.006845089 0.243079291 0.109005553
100576 576.000000 17758100000576000 0.037999999 0.007334777 0.240960766 0.124067551
100577 577.000000 17758100000577000 0.038500000 0.007676474 0.246357086 0.094222028
100578 578.000000 17758100000578000 0.039000001 0.007574070 0.250057800 0.100612934
100579 579.000000 17758100000579000 0.039500002 0.008305243 0.251057688 0.118375980
100580 580.000000 17758100000580000 0.039999999 0.008277524 0.257883724 0.114026114
100581 581.000000 17758100000581000 0.040500000 0.008324103 0.264847108 0.076485117
100582 582.000000 17758100000582000 0.041000001 0.008838425 0.265497335 0.094562537
100583 583.000000 17758100000583000 0.041499998 0.009092896 0.272920989 0.137991846
100584 584.000000 17758100000584000 0.041999999 0.009564490 0.277544261 0.137008902
100585 585.000000 17758100000585000 0.042500000 0.009905638 0.272405832 0.090714691
100586 586.000000 17758100000586000 0.043000001 0.010193009 0.276765429 0.089559124
100587 587.000000 17758100000587000 0.043499999 0.010511801 0.282719415 0.114761813
100588 588.000000 17758100000588000 0.044000000 0.011102605 0.284474693 0.116451121
100589 589.000000 17758100000589000 0.044500001 0.011149870 0.301224856 0.152845562
100590 590.000000 17758100000590000 0.045000002 0.011086921 0.308004069 0.119330881
100591 591.000000 17758100000591000 0.045499999 0.011484492 0.304240652 0.115699276
100592 592.000000 17758100000592000 0.046000000 0.011920977 0.296488684 0.107112531
100593 593.000000 17758100000593000 0.046500001 0.011887842 0.296892114 0.101968295
100594 594.000000 17758100000594000 0.046999998 0.012428847 0.313154122 0.106855329
100595 595.000000 17758100000595000 0.047499999 0.012885897 0.313849705 0.097361543
100596 596.000000 17758100000596000 0.048000000 0.013010196 0.316122781 0.102168515
100597 597.000000 17758100000597000 0.048500001 0.013207580 0.318476518 0.103072251
100598 598.000000 17758100000598000 0.048999999 0.013643332 0.325129798 0.087330995
100599 599.000000 17758100000599000 0.049500000 0.014193620 0.319913236 0.108809970
100600 600.000000 17758100000600000 0.050000001 0.014567747 0.330765790 0.130463023
100601 601.000000 17758100000601000 0.050500002 0.014618772 0.338901546 0.106141539
100602 602.000000 17758100000602000 0.050999999 0.015208190 0.340836519 0.117374837
100603 603.000000 17758100000603000 0.051500000 0.015471582 0.345431479 0.110935655
100604 604.000000 17758100000604000 0.052000001 0.015665412 0.338287887 0.100565156
100605 605.000000 17758100000605000 0.052499998 0.016563986 0.358447684 0.117553315
100606 606.000000 17758100000606000 0.052999999 0.016490860 0.341966245 0.109895737
100607 607.000000 17758100000607000 0.053500000 0.016999185 0.352714905 0.124422581
100608 608.000000 17758100000608000 0.054000001 0.017302395 0.347848181 0.088537835
100609 609.000000 17758100000609000 0.054499999 0.017599838 0.353774867 0.128258980
100610 610.000000 17758100000610000 0.055000000 0.017654968 0.374046822 0.089354619
100611 611.000000 17758100000611000 0.055500001 0.018217675 0.358704997 0.078127851
100612 612.000000 17758100000612000 0.056000002 0.018596651 0.355924657 0.080656849
100613 613.000000 17758100000613000 0.056499999 0.018652289 0.373128317 0.117017657
100614 614.000000 17758100000614000 0.057000000 0.019399037 0.369739717 0.084220510
100615 615.000000 17758100000615000 0.057500001 0.020000012 0.370395362 0.061999230
100616 616.000000 17758100000616000 0.057999998 0.019689348 0.385681023 0.083490836
100617 617.000000 17758100000617000 0.058499999 0.020539160 0.383080252 0.134690445
100618 618.000000 17758100000618000 0.059000000 0.020865973 0.392013366 0.064711125
100619 619.000000 17758100000619000 0.059500001 0.021010562 0.386856457 0.088627042
100620 620.000000 17758100000620000 0.059999999 0.021639259 0.389778908 0.120469074
100621 621.000000 17758100000621000 0.060500000 0.022202620 0.397125955 0.077698944
100622 622.000000 17758100000622000 0.061000001 0.022703453 0.388573360 0.080327637
100623 623.000000 17758100000623000 0.061500002 0.022617261 0.403815586 0.087427266
100624 624.000000 17758100000624000 0.061999999 0.023164666 0.403215801 0.071233386
100625 625.000000 17758100000625000 0.062500000 0.023829478 0.403018182 0.075492018
100626 626.000000 17758100000626000 0.063000001 0.024037207 0.405242898 0.058443510
100627 627.000000 17758100000627000 0.063500002 0.024285283 0.400341129 0.072824502
100628 628.000000 17758100000628000 0.064000003 0.024782314 0.411710627 0.095665593
100629 629.000000 17758100000629000 0.064499997 0.025539758 0.407586432 0.099933742
100630 630.000000 17758100000630000 0.064999998 0.025791982 0.415100206 0.066105521
100631 631.000000 17758100000631000 0.065499999 0.025848071 0.398094532 0.045322089
100632 632.000000 17758100000632000 0.066000000 0.026435699 0.417836942 0.122390652
100633 633.000000 17758100000633000 0.066500001 0.026356126 0.433048901 0.054285946
100634 634.000000 17758100000634000 0.067000002 0.027441161 0.415477384 0.057245232
100635 635.000000 17758100000635000 0.067500003 0.027666546 0.413856112 0.071706884
100636 636.000000 17758100000636000 0.068000004 0.028215640 0.421557042 0.074434209
100637 637.000000 17758100000637000 0.068499997 0.028337056 0.421975302 0.046253852
100638 638.000000 17758100000638000 0.068999998 0.028732267 0.435064378 0.083968838
100639 639.000000 17758100000639000 0.069499999 0.029456246 0.430115714 0.032407348
100640 640.000000 17758100000640000 0.070000000 0.029763153 0.433558893 0.043590664
100641 641.000000 17758100000641000 0.070500001 0.030183977 0.432566535 0.049908819
100642 642.000000 17758100000642000 0.071000002 0.031366933 0.434473194 0.085375451
100643 643.000000 17758100000643000 0.071500003 0.030753692 0.440831463 0.080988864
100644 644.000000 17758100000644000 0.071999997 0.031748635 0.431527216 0.078489254
100645 645.000000 17758100000645000 0.072499998 0.032392377 0.436574535 0.061505865
100646 646.000000 17758100000646000 0.072999999 0.032567473 0.444454369 0.059771037
100647 647.000000 17758100000647000 0.073500000 0.032915387 0.449190513 0.034550848
100648 648.000000 17758100000648000 0.074000001 0.033354480 0.441168898 0.076508545
100649 649.000000 17758100000649000 0.074500002 0.033753153 0.449856932 0.051076207
100650 650.000000 17758100000650000 0.075000003 0.034147735 0.450665729 0.022904191
100651 651.000000 17758100000651000 0.075499997 0.035153939 0.444778303 0.018027505
100652 652.000000 17758100000652000 0.075999998 0.034950283 0.455033653 0.053369897
100653 653.000000 17758100000653000 0.076499999 0.035580521 0.450302378 0.062448517
100654 654.000000 17758100000654000 0.077000000 0.036242114 0.451392354 0.059801571
100655 655.000000 17758100000655000 0.077500001 0.036764566 0.450211373 0.050009330
100656 656.000000 17758100000656000 0.078000002 0.037284623 0.455630102 0.043647449
100657 657.000000 17758100000657000 0.078500003 0.037718830 0.467530169 0.009009029
100658 658.000000 17758100000658000 0.079000004 0.038049739 0.465091811 0.037081603
100659 659.000000 17758100000659000 0.079499997 0.038559735 0.459153057 0.028011914
100660 660.000000 17758100000660000 0.079999998 0.038667184 0.458250389 0.041055702
100661 661.000000 17758100000661000 0.080499999 0.039332561 0.460655277 0.049773429
100662 662.000000 17758100000662000 0.081000000 0.039906732 0.457432992 0.020581287
100663 663.000000 17758100000663000 0.081500001 0.039899628 0.462627190 0.032081954
100664 664.000000 17758100000664000 0.082000002 0.040508327 0.463610313 0.021441559
100665 665.000000 17758100000665000 0.082500003 0.041116411 0.461348120 0.058726986
100666 666.000000 17758100000666000 0.082999997 0.041746135 0.467796744 0.024159137
100667 667.000000 17758100000667000 0.083499998 0.042420241 0.475736055 0.059143823
100668 668.000000 17758100000668000 0.083999999 0.042770462 0.478371663 0.049111973
100669 669.000000 17758100000669000 0.084500000 0.043348768 0.469104024 0.017905002
100670 670.000000 17758100000670000 0.085000001 0.043601624 0.477595469 0.067498537
100671 671.000000 17758100000671000 0.085500002 0.044088415 0.483333875 0.018772251
100672 672.000000 17758100000672000 0.086000003 0.044628353 0.474721091 0.027748560
100673 673.000000 17758100000673000 0.086499996 0.044931990 0.467925773 0.056990003
100674 674.000000 17758100000674000 0.086999997 0.045506706 0.484044341 0.055007291
100675 675.000000 17758100000675000 0.087499999 0.045874051 0.478996745 0.058139863
100676 676.000000 17758100000676000 0.088000000 0.046579722 0.478903285 0.059597018
100677 677.000000 17758100000677000 0.088500001 0.047051124 0.492837030 0.062815223
100678 678.000000 17758100000678000 0.089000002 0.047439415 0.488211048 0.064593291
100679 679.000000 17758100000679000 0.089500003 0.047801969 0.476495270 0.041596591
100680 680.000000 17758100000680000 0.090000004 0.048283532 0.489886032 0.031863453
100681 681.000000 17758100000681000 0.090499997 0.048869897 0.490066950 0.052140628
100682 682.000000 17758100000682000 0.090999998 0.049878366 0.489914747 0.063084521
100683 683.000000 17758100000683000 0.091499999 0.049973124 0.486711711 0.045724406
100684 684.000000 17758100000684000 0.092000000 0.050363236 0.491011871 0.049431071
100685 685.000000 17758100000685000 0.092500001 0.050869803 0.485751157 0.030550648
100686 686.000000 17758100000686000 0.093000002 0.051467245 0.490695226 0.010023725
100687 687.000000 17758100000687000 0.093500003 0.051838874 0.488801422 0.011099998
100688 688.000000 17758100000688000 0.093999997 0.052486183 0.489370941 0.054612818
100689 689.000000 17758100000689000 0.094499998 0.052682120 0.495063948 0.039574478
100690 690.000000 17758100000690000 0.094999999 0.053349906 0.502441405 0.020766229
100691 691.000000 17758100000691000 0.095500000 0.053677569 0.490860332 0.036507977
100692 692.000000 17758100000692000 0.096000001 0.054097542 0.487817156 0.012876485
100693 693.000000 17758100000693000 0.096500002 0.054740512 0.494042915 0.035771686
100694 694.000000 17758100000694000 0.097000003 0.055507239 0.493171530 0.044229982
100695 695.000000 17758100000695000 0.097499996 0.055894492 0.499306604 0.004171232
100696 696.000000 17758100000696000 0.097999997 0.056049097 0.508207327 0.013885688
100697 697.000000 17758100000697000 0.098499998 0.056814939 0.502251938 0.035004982
100698 698.000000 17758100000698000 0.098999999 0.057630365 0.503660990 0.019106722
100699 699.000000 17758100000699000 0.099500000 0.058115611 0.497637010 0.044778635
100700 700.000000 17758100000700000 0.100000001 0.058470650 0.498582896 0.009174590
100701 701.000000 17758100000701000 0.100500003 0.058587802 0.505198319 0.046376556
100702 702.000000 17758100000702000 0.101000004 0.059245074 0.502062252 0.006938111
100703 703.000000 17758100000703000 0.101499997 0.059550244 0.498161157 0.013710263
100704 704.000000 17758100000704000 0.101999998 0.060234363 0.508434000 0.029635018
100705 705.000000 17758100000705000 0.102499999 0.060773598 0.497462201 -0.005198946
100706 706.000000 17758100000706000 0.103000000 0.061250200 0.501056506 0.027776726
100707 707.000000 17758100000707000 0.103500001 0.062123042 0.498201572 0.044557108
100708 708.000000 17758100000708000 0.104000002 0.062846301 0.501007449 0.018354974
100709 709.000000 17758100000709000 0.104500003 0.062975854 0.501707489 0.021972307
100710 710.000000 17758100000710000 0.104999997 0.063203282 0.501504843 0.039207270
100711 711.000000 17758100000711000 0.105499998 0.063818068 0.501137070 0.025773148
100712 712.000000 17758100000712000 0.105999999 0.064711906 0.504104774 0.012614093
100713 713.000000 17758100000713000 0.106500000 0.064807304 0.509687645 0.023170506
100714 714.000000 17758100000714000 0.107000001 0.065209418 0.507072295 0.007840592
100715 715.000000 17758100000715000 0.107500002 0.065675701 0.514251599 0.059189305
100716 716.000000 17758100000716000 0.108000003 0.066512852 0.504494443 0.033208482
100717 717.000000 17758100000717000 0.108499996 0.066875587 0.513884084 0.025154417
100718 718.000000 17758100000718000 0.108999997 0.067390552 0.506040513 0.037237577
100719 719.000000 17758100000719000 0.109499998 0.068100401 0.510157505 0.008788457
100720 720.000000 17758100000720000 0.109999999 0.068245447 0.503181477 -0.010764143
100721 721.000000 17758100000721000 0.110500000 0.068950789 0.516217423 0.038446421
100722 722.000000 17758100000722000 0.111000001 0.069308902 0.506044590 0.021870601
100723 723.000000 17758100000723000 0.111500002 0.070018244 0.511745732 0.000561848
100724 724.000000 17758100000724000 0.112000003 0.070771136 0.510942769 0.040805283
100725 725.000000 17758100000725000 0.112499997 0.070895726 0.503931867 0.039286329
100726 726.000000 17758100000726000 0.112999998 0.071377742 0.511856406 0.002701219
100727 727.000000 17758100000727000 0.113499999 0.071823598 0.504808401 0.056798772
100728 728.000000 17758100000728000 0.114000000 0.072706162 0.510908603 0.006474486
100729 729.000000 17758100000729000 0.114500001 0.072921356 0.506320343 0.032254859
100730 730.000000 17758100000730000 0.115000002 0.073404352 0.513107852 0.024401184
100731 731.000000 17758100000731000 0.115500003 0.073929915 0.507669918 0.051695308
100732 732.000000 17758100000732000 0.115999997 0.074591738 0.517488364 -0.006598699
100733 733.000000 17758100000733000 0.116499998 0.075243696 0.519902774 -0.021265729
100734 734.000000 17758100000734000 0.116999999 0.075369355 0.506492429 -0.017645363
100735 735.000000 17758100000735000 0.117500000 0.076362590 0.511008628 0.023834994
100736 736.000000 17758100000736000 0.118000001 0.076371713 0.512387243 0.002981639
100737 737.000000 17758100000737000 0.118500002 0.076819755 0.522182405 0.005769382
100738 738.000000 17758100000738000 0.119000003 0.077580188 0.516076500 0.017088099
100739 739.000000 17758100000739000 0.119499996 0.078050926 0.516689374 -0.000671625
100740 740.000000 17758100000740000 0.119999997 0.078609748 0.500852632 0.046548348
100741 741.000000 17758100000741000 0.120499998 0.078944457 0.510526208 0.018332820
100742 742.000000 17758100000742000 0.120999999 0.079612714 0.502485178 0.016717823
100743 743.000000 17758100000743000 0.121500000 0.080146036 0.515280243 0.004423069
100744 744.000000 17758100000744000 0.122000001 0.080793420 0.509027606 -0.017338522
100745 745.000000 17758100000745000 0.122500002 0.081329176 0.520497045 -0.027342907
100746 746.000000 17758100000746000 0.123000003 0.081369870 0.523616850 0.001608616
100747 747.000000 17758100000747000 0.123499997 0.082150704 0.508334842 -0.044558126
100748 748.000000 17758100000748000 0.123999998 0.082648160 0.512548713 0.006844400
100749 749.000000 17758100000749000 0.124499999 0.083420554 0.500651925 -0.006111372
100750 750.000000 17758100000750000 0.125000000 0.083647719 0.517815444 0.018540488
100751 751.000000 17758100000751000 0.125499994 0.084072080 0.524177175 0.011800999
100752 752.000000 17758100000752000 0.126000002 0.084729599 0.512751508 0.012728055
100753 753.000000 17758100000753000 0.126499996 0.085164764 0.513030757 0.009934338
100754 754.000000 17758100000754000 0.127000004 0.085830978 0.505130422 0.051256481
100755 755.000000 17758100000755000 0.127499998 0.086640250 0.516435216 -0.013083335
100756 756.000000 17758100000756000 0.128000006 0.086803493 0.504052465 0.034865059
100757 757.000000 17758100000757000 0.128500000 0.087357005 0.503946089 -0.032665697
100758 758.000000 17758100000758000 0.128999993 0.088069913 0.511620664 0.031314820
100759 759.000000 17758100000759000 0.129500002 0.088283737 0.520409520 -0.028783279
100760 760.000000 17758100000760000 0.129999995 0.088819618 0.514895795 0.023019533
100761 761.000000 17758100000761000 0.130500004 0.089184890 0.523979023 -0.008186734
100762 762.000000 17758100000762000 0.130999997 0.089652824 0.519438100 0.014958891
100763 763.000000 17758100000763000 0.131500006 0.090204124 0.510739395 0.049908952
100764 764.000000 17758100000764000 0.131999999 0.090714530 0.504082811 0.000885039
100765 765.000000 17758100000765000 0.132499993 0.091329854 0.506942895 0.022279268
100766 766.000000 17758100000766000 0.133000001 0.091619133 0.510370365 0.000503957
100767 767.000000 17758100000767000 0.133499995 0.092923946 0.509027895 0.019311434
100768 768.000000 17758100000768000 0.134000003 0.092954321 0.521135529 0.008123170
100769 769.000000 17758100000769000 0.134499997 0.093273874 0.510739278 0.048249719
100770 770.000000 17758100000770000 0.135000005 0.093742299 0.504260125 0.028349723
100771 771.000000 17758100000771000 0.135499999 0.094395668 0.514869282 0.016152440
100772 772.000000 17758100000772000 0.136000007 0.094699841 0.522356756 0.030468151
100773 773.000000 17758100000773000 0.136500001 0.095255357 0.518353023 -0.001449505
100774 774.000000 17758100000774000 0.136999995 0.095949050 0.515596218 -0.032485601
100775 775.000000 17758100000775000 0.137500003 0.096380410 0.513383480 -0.022817421
100776 776.000000 17758100000776000 0.137999997 0.097119841 0.507405120 -0.001080514
100777 777.000000 17758100000777000 0.138500005 0.097506865 0.518837200 0.010884838
100778 778.000000 17758100000778000 0.138999999 0.097905697 0.514359091 0.032715236
100779 779.000000 17758100000779000 0.139500007 0.098503221 0.513834567 0.026353543
100780 780.000000 17758100000780000 0.140000001 0.098987081 0.519668422 0.009437985
100781 781.000000 17758100000781000 0.140499994 0.099717823 0.510266470 -0.005749430
100782 782.000000 17758100000782000 0.141000003 0.100055044 0.523646533 -0.000191483
100783 783.000000 17758100000783000 0.141499996 0.100587335 0.516768831 0.016155769
100784 784.000000 17758100000784000 0.142000005 0.101208372 0.512791046 0.031943290
100785 785.000000 17758100000785000 0.142499998 0.101635335 0.513694984 0.006016742
100786 786.000000 17758100000786000 0.143000007 0.102194283 0.512452708 0.018791990
100787 787.000000 17758100000787000 0.143500000 0.102707534 0.511467903 0.015982171
100788 788.000000 17758100000788000 0.143999994 0.103174865 0.504231788 -0.020667354
100789 789.000000 17758100000789000 0.144500002 0.103560894 0.505513088 0.031065116
100790 790.000000 17758100000790000 0.144999996 0.103916364 0.517229817 0.010862490
100791 791.000000 17758100000791000 0.145500004 0.104549209 0.514883363 -0.009684559
100792 792.000000 17758100000792000 0.145999998 0.105171429 0.519894603 0.023556080
100793 793.000000 17758100000793000 0.146500006 0.105715342 0.504951789 0.032545358
100794 794.000000 17758100000794000 0.147000000 0.106165096 0.513946508 0.051904279
100795 795.000000 17758100000795000 0.147499993 0.106608109 0.503008628 0.023243317
100796 796.000000 17758100000796000 0.148000002 0.107137768 0.508829460 0.004594087
100797 797.000000 17758100000797000 0.148499995 0.107860214 0.507411601 -0.031379569
100798 798.000000 17758100000798000 0.149000004 0.108021054 0.513183067 0.006769002
100799 799.000000 17758100000799000 0.149499997 0.108949433 0.509971536 0.031476748
100800 800.000000 17758100000800000 0.150000006 0.109364612 0.513874057 -0.000167954
100801 801.000000 17758100000801000 0.150500000 0.110247737 0.507121503 0.001512260
100802 802.000000 17758100000802000 0.150999993 0.110477392 0.501213382 0.045832002
100803 803.000000 17758100000803000 0.151500002 0.111233930 0.519699233 0.004192576
100804 804.000000 17758100000804000 0.151999995 0.111266921 0.514363278 0.043197648
100805 805.000000 17758100000805000 0.152500004 0.111824722 0.517716242 -0.005760693
100806 806.000000 17758100000806000 0.152999997 0.112549570 0.509263445 0.021460799
100807 807.000000 17758100000807000 0.153500006 0.112836455 0.522125183 0.028019678
100808 808.000000 17758100000808000 0.153999999 0.113337943 0.503880262 0.017245659
100809 809.000000 17758100000809000 0.154499993 0.113844618 0.508362652 -0.007142177
100810 810.000000 17758100000810000 0.155000001 0.114171478 0.506199381 0.046609181
100811 811.000000 17758100000811000 0.155499995 0.114484271 0.510087463 0.048129809
100812 812.000000 17758100000812000 0.156000003 0.115193894 0.516374506 0.034879686
100813 813.000000 17758100000813000 0.156499997 0.115809304 0.508468043 -0.006461223
100814 814.000000 17758100000814000 0.157000005 0.116307975 0.514656990 -0.028640074
100815 815.000000 17758100000815000 0.157499999 0.117328463 0.505581502 0.005714571
100816 816.000000 17758100000816000 0.158000007 0.117137830 0.517481386 -0.013603942
100817 817.000000 17758100000817000 0.158500001 0.117825272 0.502538047 -0.016442722
100818 818.000000 17758100000818000 0.158999994 0.118363719 0.511860121 0.022407288
100819 819.000000 17758100000819000 0.159500003 0.119214887 0.508139803 0.012670942
100820 820.000000 17758100000820000 0.159999996 0.119620136 0.510822394 0.018701460
100821 821.000000 17758100000821000 0.160500005 0.120083383 0.509148802 -0.003615967
100822 822.000000 17758100000822000 0.160999998 0.120393830 0.506746566 -0.003938254
100823 823.000000 17758100000823000 0.161500007 0.120654223 0.509869806 0.026123442
100824 824.000000 17758100000824000 0.162000000 0.121691022 0.515151092 0.000141483
100825 825.000000 17758100000825000 0.162499994 0.121955754 0.513462865 0.036958047
100826 826.000000 17758100000826000 0.163000003 0.122572057 0.508836984 0.004108850
100827 827.000000 17758100000827000 0.163499996 0.123456773 0.520424037 0.011797890
100828 828.000000 17758100000828000 0.164000005 0.123857244 0.510795108 0.023143301
100829 829.000000 17758100000829000 0.164499998 0.124391309 0.512798204 0.026646848
100830 830.000000 17758100000830000 0.165000007 0.124637517 0.515416413 0.027976673
100831 831.000000 17758100000831000 0.165500000 0.124793834 0.503791140 0.031868506
100832 832.000000 17758100000832000 0.165999994 0.125796164 0.515288094 -0.005621352
100833 833.000000 17758100000833000 0.166500002 0.126346827 0.507488192 0.026067533
100834 834.000000 17758100000834000 0.166999996 0.126841179 0.520362681 0.002394911
100835 835.000000 17758100000835000 0.167500004 0.127189968 0.518604334 0.049750204
100836 836.000000 17758100000836000 0.167999998 0.127292894 0.509668233 0.000971679
100837 837.000000 17758100000837000 0.168500006 0.128084929 0.507337980 0.026882319
100838 838.000000 17758100000838000 0.169000000 0.128249614 0.511276726 0.020200288
100839 839.000000 17758100000839000 0.169499993 0.128855786 0.505579905 0.014405540
100840 840.000000 17758100000840000 0.170000002 0.129835208 0.517237619 0.025763737
100841 841.000000 17758100000841000 0.170499995 0.130237630 0.507153458 0.015173827
100842 842.000000 17758100000842000 0.171000004 0.130610836 0.509468047 0.026582812
100843 843.000000 17758100000843000 0.171499997 0.130992250 0.504109150 0.010469758
100844 844.000000 17758100000844000 0.172000006 0.131727277 0.509721161 0.019467331
100845 845.000000 17758100000845000 0.172499999 0.132305354 0.508474068 -0.004841388
100846 846.000000 17758100000846000 0.172999993 0.132901845 0.509055226 0.043916586
100847 847.000000 17758100000847000 0.173500001 0.133241812 0.517624280 -0.014930363
100848 848.000000 17758100000848000 0.173999995 0.133428679 0.497370019 0.010320460
100849 849.000000 17758100000849000 0.174500003 0.134104322 0.503788826 0.014483281
100850 850.000000 17758100000850000 0.174999997 0.135071438 0.508849708 0.041064364
100851 851.000000 17758100000851000 0.175500005 0.135067803 0.510958044 0.001725279
100852 852.000000 17758100000852000 0.175999999 0.135628516 0.510102205 -0.006139325
100853 853.000000 17758100000853000 0.176499993 0.136353409 0.511430881 -0.013578151
100854 854.000000 17758100000854000 0.177000001 0.136701188 0.508377323 -0.003656860
100855 855.000000 17758100000855000 0.177499995 0.137860341 0.511195789 0.019997085
100856 856.000000 17758100000856000 0.178000003 0.137572805 0.515023180 0.022613232
100857 857.000000 17758100000857000 0.178499997 0.137871749 0.496367546 0.008692018
100858 858.000000 17758100000858000 0.179000005 0.138905337 0.504683658 0.015658913
100859 859.000000 17758100000859000 0.179499999 0.139214758 0.504233752 0.005521467
100860 860.000000 17758100000860000 0.180000007 0.139768476 0.502913403 -0.012617688
100861 861.000000 17758100000861000 0.180500001 0.140351161 0.500902981 0.030008929
100862 862.000000 17758100000862000 0.180999994 0.140789707 0.497686258 0.033255698
100863 863.000000 17758100000863000 0.181500003 0.141179918 0.501767867 -0.007475171
100864 864.000000 17758100000864000 0.181999996 0.141902402 0.514307021 0.061854404
100865 865.000000 17758100000865000 0.182500005 0.142202237 0.500534501 0.021091576
100866 866.000000 17758100000866000 0.182999998 0.142909052 0.506101090 0.036203685
100867 867.000000 17758100000867000 0.183500007 0.143294113 0.507283800 0.029072874
100868 868.000000 17758100000868000 0.184000000 0.144044459 0.510127214 0.013181720
100869 869.000000 17758100000869000 0.184499994 0.144479062 0.511386836 0.008004235
100870 870.000000 17758100000870000 0.185000002 0.144875924 0.498794362 -0.023426668
100871 871.000000 17758100000871000 0.185499996 0.145122331 0.504708268 0.022024290
100872 872.000000 17758100000872000 0.186000004 0.145754431 0.513014662 0.018092000
100873 873.000000 17758100000873000 0.186499998 0.146448636 0.503665351 0.047486776
100874 874.000000 17758100000874000 0.187000006 0.146662269 0.505219795 0.037637217
100875 875.000000 17758100000875000 0.187500000 0.147345649 0.506278576 0.026485653
100876 876.000000 17758100000876000 0.187999994 0.147846972 0.502925388 0.030283899
100877 877.000000 17758100000877000 0.188500002 0.148479904 0.507428991 0.007881046
100878 878.000000 17758100000878000 0.188999996 0.149058833 0.514290178 0.070475088
100879 879.000000 17758100000879000 0.189500004 0.149706586 0.510113193 0.021171809
100880 880.000000 17758100000880000 0.189999998 0.149927203 0.506337896 0.004499459
100881 881.000000 17758100000881000 0.190500006 0.150192242 0.498408450 0.013398132
100882 882.000000 17758100000882000 0.191000000 0.150983045 0.503426299 0.008626752
100883 883.000000 17758100000883000 0.191499993 0.151320277 0.507364135 0.031662032
100884 884.000000 17758100000884000 0.192000002 0.152056117 0.501135420 -0.009003675
100885 885.000000 17758100000885000 0.192499995 0.152744957 0.496066460 0.002726551
100886 886.000000 17758100000886000 0.193000004 0.153124877 0.509980340 0.010928017
100887 887.000000 17758100000887000 0.193499997 0.153625960 0.508006778 -0.019800634
100888 888.000000 17758100000888000 0.194000006 0.154153935 0.503425558 0.026913868
100889 889.000000 17758100000889000 0.194499999 0.154621445 0.508243897 0.024633111
100890 890.000000 17758100000890000 0.194999993 0.154835892 0.504046628 0.003758904
100891 891.000000 17758100000891000 0.195500001 0.155230698 0.511943962 -0.008197998
100892 892.000000 17758100000892000 0.195999995 0.155762719 0.513491130 -0.000157326
100893 893.000000 17758100000893000 0.196500003 0.156358967 0.504570863 0.004260286
100894 894.000000 17758100000894000 0.196999997 0.157117396 0.510019093 0.009963163
100895 895.000000 17758100000895000 0.197500005 0.157497536 0.501435491 -0.001036716
100896 896.000000 17758100000896000 0.197999999 0.157874973 0.504928724 -0.001896259
100897 897.000000 17758100000897000 0.198500007 0.158613195 0.512221751 0.005759797
100898 898.000000 17758100000898000 0.199000001 0.158747959 0.511083738 0.009527274
100899 899.000000 17758100000899000 0.199499995 0.159620907 0.501106148 -0.001756054
100900 900.000000 17758100000900000 0.200000003 0.159915930 0.503200233 0.044668370
100901 901.000000 17758100000901000 0.200499997 0.160420245 0.505416311 0.030593606
100902 902.000000 17758100000902000 0.201000005 0.161301865 0.506834722 -0.016548854
100903 903.000000 17758100000903000 0.201499999 0.160982128 0.511257195 0.002863717
100904 904.000000 17758100000904000 0.202000007 0.162320535 0.502839306 0.010019531
100905 905.000000 17758100000905000 0.202500001 0.162777763 0.508787185 0.011192206
100906 906.000000 17758100000906000 0.202999994 0.162980718 0.510737331 -0.002129531
100907 907.000000 17758100000907000 0.203500003 0.163672161 0.505199933 0.024927070
100908 908.000000 17758100000908000 0.203999996 0.164157371 0.506075369 0.054090709
100909 909.000000 17758100000909000 0.204500005 0.164373281 0.504631981 0.021204329
100910 910.000000 17758100000910000 0.204999998 0.165498630 0.501985496 0.032216035
100911 911.000000 17758100000911000 0.205500007 0.165500574 0.511457061 0.027535284
100912 912.000000 17758100000912000 0.206000000 0.165860598 0.511140654 0.049951368
100913 913.000000 17758100000913000 0.206499994 0.166673865 0.511279127 -0.011452194
100914 914.000000 17758100000914000 0.207000002 0.167379221 0.506369920 0.004543193
100915 915.000000 17758100000915000 0.207499996 0.167579079 0.504496123 0.028505848
100916 916.000000 17758100000916000 0.208000004 0.168374449 0.511363864 0.011344297
100917 917.000000 17758100000917000 0.208499998 0.168358742 0.506317064 0.007305729
100918 918.000000 17758100000918000 0.209000006 0.169036269 0.498399344 -0.018347823
100919 919.000000 17758100000919000 0.209500000 0.169206254 0.508032891 0.036900832
100920 920.000000 17758100000920000 0.209999993 0.170258632 0.499133740 0.041030947
100921 921.000000 17758100000921000 0.210500002 0.170699480 0.491250878 0.044922208
100922 922.000000 17758100000922000 0.210999995 0.171246136 0.505977714 0.021478467
100923 923.000000 17758100000923000 0.211500004 0.171752847 0.502084988 0.024757454
100924 924.000000 17758100000924000 0.211999997 0.172147467 0.497440146 0.065778402
100925 925.000000 17758100000925000 0.212500006 0.172521983 0.508378489 -0.022605512
100926 926.000000 17758100000926000 0.213000000 0.173210530 0.505593869 -0.002721778
100927 927.000000 17758100000927000 0.213499993 0.173758217 0.505502492 0.009133057
100928 928.000000 17758100000928000 0.214000002 0.174015658 0.507409071 0.042051964
100929 929.000000 17758100000929000 0.214499995 0.174718095 0.506600571 0.022349061
100930 930.000000 17758100000930000 0.215000004 0.174662676 0.508296865 0.028209362
100931 931.000000 17758100000931000 0.215499997 0.175885650 0.504880741 0.035055641
100932 932.000000 17758100000932000 0.216000006 0.176468186 0.512933062 0.017128375
100933 933.000000 17758100000933000 0.216499999 0.176605055 0.505389212 0.012839269
100934 934.000000 17758100000934000 0.216999993 0.176955010 0.511237991 0.027486494
100935 935.000000 17758100000935000 0.217500001 0.177643897 0.505491051 0.014669473
100936 936.000000 17758100000936000 0.217999995 0.178415489 0.496609528 0.029052615
100937 937.000000 17758100000937000 0.218500003 0.178553556 0.496967111 0.037918863
100938 938.000000 17758100000938000 0.218999997 0.179437550 0.507694358 0.032587477
100939 939.000000 17758100000939000 0.219500005 0.179652178 0.503490467 -0.004266571
100940 940.000000 17758100000940000 0.219999999 0.180574124 0.501797336 -0.017310952
100941 941.000000 17758100000941000 0.220500007 0.180714681 0.512873758 -0.028040938
100942 942.000000 17758100000942000 0.221000001 0.181645977 0.504894525 0.029868437
100943 943.000000 17758100000943000 0.221499994 0.181552289 0.501860002 0.033738903
100944 944.000000 17758100000944000 0.222000003 0.182275871 0.499679230 -0.018703554
100945 945.000000 17758100000945000 0.222499996 0.182648823 0.504458183 0.054358678
100946 946.000000 17758100000946000 0.223000005 0.183035715 0.510179149 -0.006178180
100947 947.000000 17758100000947000 0.223499998 0.184062516 0.507323340 -0.003375077
100948 948.000000 17758100000948000 0.224000007 0.184096323 0.499004911 0.013993544
100949 949.000000 17758100000949000 0.224500000 0.184680626 0.512303612 0.003508888
100950 950.000000 17758100000950000 0.224999994 0.185417172 0.507994281 0.015164989
100951 951.000000 17758100000951000 0.225500003 0.185915325 0.505022491 0.030902788
100952 952.000000 17758100000952000 0.225999996 0.185933358 0.506079203 0.010216802
100953 953.000000 17758100000953000 0.226500005 0.186953889 0.496579716 0.015212510
100954 954.000000 17758100000954000 0.226999998 0.186821797 0.510100951 0.001593297
100955 955.000000 17758100000955000 0.227500007 0.188174697 0.514685373 -0.023985938
100956 956.000000 17758100000956000 0.228000000 0.188193083 0.505505988 -0.017128881
100957 957.000000 17758100000957000 0.228499994 0.188761046 0.508535154 0.018419474
100958 958.000000 17758100000958000 0.229000002 0.189149651 0.508407008 -0.019088254
100959 959.000000 17758100000959000 0.229499996 0.189936083 0.505565521 0.027653067
100960 960.000000 17758100000960000 0.230000004 0.190211130 0.500374977 0.041801718
100961 961.000000 17758100000961000 0.230499998 0.190561956 0.517773709 0.018190153
100962 962.000000 17758100000962000 0.231000006 0.191144170 0.505703816 -0.010244730
100963 963.000000 17758100000963000 0.231500000 0.191808122 0.506210568 0.010660705
100964 964.000000 17758100000964000 0.231999993 0.192730540 0.498535554 -0.006427576
100965 965.000000 17758100000965000 0.232500002 0.193075291 0.504646772 0.019939698
100966 966.000000 17758100000966000 0.232999995 0.193551668 0.503414298 0.022925225
100967 967.000000 17758100000967000 0.233500004 0.193658469 0.507011542 0.049692287
100968 968.000000 17758100000968000 0.233999997 0.194421145 0.504104833 -0.006013955
100969 969.000000 17758100000969000 0.234500006 0.194871900 0.507420790 0.012206599
100970 970.000000 17758100000970000 0.234999999 0.195598809 0.504639018 0.022753326
100971 971.000000 17758100000971000 0.235499993 0.195844814 0.501051373 0.013947250
100972 972.000000 17758100000972000 0.236000001 0.196165936 0.504777632 -0.017308228
100973 973.000000 17758100000973000 0.236499995 0.196932159 0.505260858 0.070517742
100974 974.000000 17758100000974000 0.237000003 0.197034727 0.501282713 0.020602479
100975 975.000000 17758100000975000 0.237499997 0.197982665 0.507942682 0.010975858
100976 976.000000 17758100000976000 0.238000005 0.198434036 0.509631904 0.032942732
100977 977.000000 17758100000977000 0.238499999 0.198595540 0.503789800 0.020111728
100978 978.000000 17758100000978000 0.238999993 0.199043837 0.498055237 0.020695207
100979 979.000000 17758100000979000 0.239500001 0.200048285 0.493993606 0.029988872
100980 980.000000 17758100000980000 0.239999995 0.200538678 0.503774290 0.028660493
100981 981.000000 17758100000981000 0.240500003 0.200756646 0.508279238 0.018783486
100982 982.000000 17758100000982000 0.240999997 0.201470385 0.508897806 0.025558813
100983 983.000000 17758100000983000 0.241500005 0.201867736 0.510311994 0.025392319
100984 984.000000 17758100000984000 0.241999999 0.202132859 0.503381478 0.017448160
100985 985.000000 17758100000985000 0.242500007 0.202676342 0.513659270 -0.012069018
100986 986.000000 17758100000986000 0.243000001 0.203543405 0.499995325 0.035606536
100987 987.000000 17758100000987000 0.243499994 0.204379821 0.512029998 0.046029297
100988 988.000000 17758100000988000 0.244000003 0.204918060 0.509245560 0.003533408
100989 989.000000 17758100000989000 0.244499996 0.204576041 0.510683977 0.010516100
100990 990.000000 17758100000990000 0.245000005 0.205374018 0.510365396 -0.000526358
100991 991.000000 17758100000991000 0.245499998 0.206064835 0.502446763 0.001087732
100992 992.000000 17758100000992000 0.246000007 0.206286607 0.503628826 -0.019893708
100993 993.000000 17758100000993000 0.246500000 0.207108373 0.505563429 0.026923604
100994 994.000000 17758100000994000 0.246999994 0.207544652 0.514118730 0.033210110
100995 995.000000 17758100000995000 0.247500002 0.208037067 0.500307257 0.020524145
100996 996.000000 17758100000996000 0.247999996 0.208251145 0.500210576 -0.023149884
100997 997.000000 17758100000997000 0.248500004 0.208871176 0.511844408 0.032891024
100998 998.000000 17758100000998000 0.248999998 0.209632172 0.503728053 0.009801128
100999 999.000000 17758100000999000 0.249500006 0.210101377 0.508951993 -0.016053029
101000 1000.000000 17758100001000000 0.250000000 0.210456319 0.509797049 0.007967500
101001 1001.000000 17758100001001000 0.250499994 0.211270639 0.501940569 0.041642366
101002 1002.000000 17758100001002000 0.250999987 0.211516272 0.500361147 0.000317250
101003 1003.000000 17758100001003000 0.251500010 0.212070844 0.505915646 0.018818351
101004 1004.000000 17758100001004000 0.252000004 0.212465311 0.504068921 -0.008146179
101005 1005.000000 17758100001005000 0.252499998 0.212830755 0.502953166 0.046417863
101006 1006.000000 17758100001006000 0.252999991 0.213623842 0.502882261 0.013711939
101007 1007.000000 17758100001007000 0.253500015 0.213818912 0.500933217 0.020954296
101008 1008.000000 17758100001008000 0.254000008 0.214877594 0.498612427 0.063395935
101009 1009.000000 17758100001009000 0.254500002 0.214922449 0.503107815 0.024220802
101010 1010.000000 17758100001010000 0.254999995 0.215226004 0.503863480 0.044666725
101011 1011.000000 17758100001011000 0.255499989 0.215761608 0.505050291 0.000290688
101012 1012.000000 17758100001012000 0.256000012 0.216460515 0.503346241 0.052677500
101013 1013.000000 17758100001013000 0.256500006 0.217305886 0.500758025 0.046049345
101014 1014.000000 17758100001014000 0.256999999 0.217786165 0.510295769 0.013870390
101015 1015.000000 17758100001015000 0.257499993 0.218017424 0.500062836 -0.008563381
101016 1016.000000 17758100001016000 0.257999986 0.218929184 0.495511852 0.031239316
101017 1017.000000 17758100001017000 0.258500010 0.219232848 0.507852440 0.024890320
101018 1018.000000 17758100001018000 0.259000003 0.219438697 0.506555930 -0.002067728
101019 1019.000000 17758100001019000 0.259499997 0.220044677 0.503231864 0.012856676
101020 1020.000000 17758100001020000 0.259999990 0.220243321 0.510256940 0.004690807
101021 1021.000000 17758100001021000 0.260500014 0.220508031 0.494545772 0.052392409
101022 1022.000000 17758100001022000 0.261000007 0.221761201 0.502421953 0.007876843
101023 1023.000000 17758100001023000 0.261500001 0.222263414 0.507964650 0.007362738
101024 1024.000000 17758100001024000 0.261999995 0.222941729 0.502553991 -0.023203843
101025 1025.000000 17758100001025000 0.262499988 0.222832462 0.499719365 -0.016009744
101026 1026.000000 17758100001026000 0.263000011 0.223187142 0.512217765 0.021522139
101027 1027.000000 17758100001027000 0.263500005 0.224197157 0.511071104 -0.004071093
101028 1028.000000 17758100001028000 0.263999999 0.224676140 0.498258263 0.005221773
101029 1029.000000 17758100001029000 0.264499992 0.224996096 0.492395629 0.030731786
101030 1030.000000 17758100001030000 0.264999986 0.225785803 0.497490565 0.022756368
101031 1031.000000 17758100001031000 0.265500009 0.226154757 0.507535455 0.017530477
101032 1032.000000 17758100001032000 0.266000003 0.226438182 0.505470629 0.029482126
101033 1033.000000 17758100001033000 0.266499996 0.226966164 0.506079459 -0.012049818
101034 1034.000000 17758100001034000 0.266999990 0.227892369 0.497311068 0.032685015
101035 1035.000000 17758100001035000 0.267500013 0.228269428 0.504829508 -0.008031494
101036 1036.000000 17758100001036000 0.268000007 0.228597445 0.505476978 0.044456598
101037 1037.000000 17758100001037000 0.268500000 0.229060590 0.508033852 0.048322264
101038 1038.000000 17758100001038000 0.268999994 0.229762100 0.509412675 0.039060954
101039 1039.000000 17758100001039000 0.269499987 0.229865516 0.507755211 0.042087752
101040 1040.000000 17758100001040000 0.270000011 0.230338536 0.507978710 0.029822891
101041 1041.000000 17758100001041000 0.270500004 0.230915029 0.503178116 0.016973309
101042 1042.000000 17758100001042000 0.270999998 0.231624555 0.489898782 0.011712277
101043 1043.000000 17758100001043000 0.271499991 0.232146402 0.505935311 0.022070318
101044 1044.000000 17758100001044000 0.272000015 0.232438102 0.500646933 0.002799808
101045 1045.000000 17758100001045000 0.272500008 0.233164948 0.501863950 0.030465554
101046 1046.000000 17758100001046000 0.273000002 0.233943181 0.506981030 0.005413990
101047 1047.000000 17758100001047000 0.273499995 0.234398211 0.508559891 0.017640745
101048 1048.000000 17758100001048000 0.273999989 0.234598132 0.507563806 0.010457727
101049 1049.000000 17758100001049000 0.274500012 0.235146284 0.496405382 0.035539048
101050 1050.000000 17758100001050000 0.275000006 0.235782245 0.501157585 0.029171743
101051 1051.000000 17758100001051000 0.275500000 0.236526614 0.497823536 0.021968077
101052 1052.000000 17758100001052000 0.275999993 0.236598220 0.506680360 -0.008847696
101053 1053.000000 17758100001053000 0.276499987 0.237469881 0.504550423 0.004158936
101054 1054.000000 17758100001054000 0.277000010 0.237757202 0.505298643 -0.031781844
101055 1055.000000 17758100001055000 0.277500004 0.238300547 0.497694631 -0.010121307
101056 1056.000000 17758100001056000 0.277999997 0.239162859 0.502903682 0.051665448
101057 1057.000000 17758100001057000 0.278499991 0.239298565 0.496874517 -0.008065597
101058 1058.000000 17758100001058000 0.279000014 0.239800173 0.503636930 0.022261464
101059 1059.000000 17758100001059000 0.279500008 0.240292969 0.509597389 -0.020236909
101060 1060.000000 17758100001060000 0.280000001 0.240775320 0.502290321 -0.004041567
101061 1061.000000 17758100001061000 0.280499995 0.241580448 0.501736915 0.034090991
101062 1062.000000 17758100001062000 0.280999988 0.241532828 0.500876724 0.035653866
101063 1063.000000 17758100001063000 0.281500012 0.242176562 0.507236521 -0.017408983
101064 1064.000000 17758100001064000 0.282000005 0.243033140 0.505031497 -0.015505733
101065 1065.000000 17758100001065000 0.282499999 0.243120435 0.503326913 -0.006981680
101066 1066.000000 17758100001066000 0.282999992 0.244071896 0.497754677 0.043295473
101067 1067.000000 17758100001067000 0.283499986 0.243943321 0.507632054 0.019606430
101068 1068.000000 17758100001068000 0.284000009 0.244509009 0.509447070 0.017185409
101069 1069.000000 17758100001069000 0.284500003 0.245101725 0.501377456 0.019214494
101070 1070.000000 17758100001070000 0.284999996 0.245687616 0.498978012 0.002284153
101071 1071.000000 17758100001071000 0.285499990 0.246233361 0.515789493 0.010701822
101072 1072.000000 17758100001072000 0.286000013 0.246843442 0.503512161 -0.030345101
101073 1073.000000 17758100001073000 0.286500007 0.247199512 0.502908361 0.035828287
101074 1074.000000 17758100001074000 0.287000000 0.247936891 0.506297312 0.024252926
101075 1075.000000 17758100001075000 0.287499994 0.248372083 0.503631653 0.020245255
101076 1076.000000 17758100001076000 0.287999988 0.248816502 0.507777005 0.016565114
101077 1077.000000 17758100001077000 0.288500011 0.249681482 0.501864510 0.046022415
101078 1078.000000 17758100001078000 0.289000005 0.249914627 0.509579779 0.018325895
101079 1079.000000 17758100001079000 0.289499998 0.250081480 0.507337618 -0.035760732
101080 1080.000000 17758100001080000 0.289999992 0.250637895 0.506503452 0.004913711
101081 1081.000000 17758100001081000 0.290499985 0.251149117 0.509136653 0.027263801
101082 1082.000000 17758100001082000 0.291000009 0.251650937 0.503475419 0.050051781
101083 1083.000000 17758100001083000 0.291500002 0.252287872 0.496390252 0.026444828
101084 1084.000000 17758100001084000 0.291999996 0.252790248 0.505059905 0.042676244
101085 1085.000000 17758100001085000 0.292499989 0.253193280 0.500386512 0.021382814
101086 1086.000000 17758100001086000 0.293000013 0.253986487 0.503328823 0.046987417
101087 1087.000000 17758100001087000 0.293500006 0.254155490 0.509195523 0.019950592
101088 1088.000000 17758100001088000 0.294000000 0.254990884 0.504418750 -0.034083844
101089 1089.000000 17758100001089000 0.294499993 0.255587897 0.505804889 -0.005168033
101090 1090.000000 17758100001090000 0.294999987 0.256088521 0.501421341 0.017547821
101091 1091.000000 17758100001091000 0.295500010 0.256456085 0.501961364 0.014640139
101092 1092.000000 17758100001092000 0.296000004 0.256954265 0.506509849 0.017797803
101093 1093.000000 17758100001093000 0.296499997 0.257450261 0.501829191 -0.000674573
101094 1094.000000 17758100001094000 0.296999991 0.258261261 0.504462316 0.054433075
101095 1095.000000 17758100001095000 0.297500014 0.258213979 0.496852875 -0.015394222
101096 1096.000000 17758100001096000 0.298000008 0.258685938 0.507623755 0.031976096
101097 1097.000000 17758100001097000 0.298500001 0.259471846 0.499891394 0.012125302
101098 1098.000000 17758100001098000 0.298999995 0.260033919 0.513294148 -0.033635961
101099 1099.000000 17758100001099000 0.299499989 0.260310384 0.502383010 0.003348846
101100 1100.000000 17758100001100000 0.300000012 0.260892952 0.506673832 0.018919730
101101 1101.000000 17758100001101000 0.300500005 0.261096916 0.501753332 0.027153369
101102 1102.000000 17758100001102000 0.300999999 0.262080146 0.509801006 0.001644363
101103 1103.000000 17758100001103000 0.301499993 0.262679400 0.505019588 0.018925895
101104 1104.000000 17758100001104000 0.301999986 0.262961338 0.506476721 0.020724895
101105 1105.000000 17758100001105000 0.302500010 0.263000099 0.498167254 0.011884157
101106 1106.000000 17758100001106000 0.303000003 0.264521059 0.501119015 0.046321278
101107 1107.000000 17758100001107000 0.303499997 0.264312012 0.504354822 0.011183585
101108 1108.000000 17758100001108000 0.303999990 0.265078226 0.509164723 0.007544587
101109 1109.000000 17758100001109000 0.304500014 0.265454763 0.495194475 0.033215983
101110 1110.000000 17758100001110000 0.305000007 0.266039071 0.502945006 -0.020470700
101111 1111.000000 17758100001111000 0.305500001 0.266452395 0.498389612 0.021264578
101112 1112.000000 17758100001112000 0.305999994 0.267570823 0.509960485 -0.039279813
101113 1113.000000 17758100001113000 0.306499988 0.267409538 0.501673864 -0.012055422
101114 1114.000000 17758100001114000 0.307000011 0.268048096 0.505917203 0.000431247
101115 1115.000000 17758100001115000 0.307500005 0.268459867 0.494123959 0.027781439
101116 1116.000000 17758100001116000 0.307999998 0.269048777 0.511641402 0.015840193
101117 1117.000000 17758100001117000 0.308499992 0.269499317 0.499725898 0.035924474
101118 1118.000000 17758100001118000 0.308999985 0.270371379 0.504015822 0.024633962
101119 1119.000000 17758100001119000 0.309500009 0.270655867 0.504008810 0.038234906
101120 1120.000000 17758100001120000 0.310000002 0.271281357 0.500424706 0.003705762
101121 1121.000000 17758100001121000 0.310499996 0.271460856 0.501687992 0.016187297
101122 1122.000000 17758100001122000 0.310999990 0.271954167 0.500864772 0.033830696
101123 1123.000000 17758100001123000 0.311500013 0.272567121 0.501660613 0.023269822
101124 1124.000000 17758100001124000 0.312000006 0.273087866 0.501007416 0.010476577
101125 1125.000000 17758100001125000 0.312500000 0.273514473 0.496986073 -0.010239151
101126 1126.000000 17758100001126000 0.312999994 0.274389106 0.511669143 0.001740709
101127 1127.000000 17758100001127000 0.313499987 0.274664267 0.500534869 0.017004881
101128 1128.000000 17758100001128000 0.314000010 0.274851945 0.503466974 0.008478270
101129 1129.000000 17758100001129000 0.314500004 0.275600266 0.500120273 0.034872662
101130 1130.000000 17758100001130000 0.314999998 0.275912597 0.504886836 0.020060123
101131 1131.000000 17758100001131000 0.315499991 0.276542057 0.501076631 0.050176139
101132 1132.000000 17758100001132000 0.316000015 0.277348662 0.503948601 -0.002767029
101133 1133.000000 17758100001133000 0.316500008 0.277443781 0.502273764 -0.007504930
101134 1134.000000 17758100001134000 0.317000002 0.278053338 0.509155672 0.025937946
101135 1135.000000 17758100001135000 0.317499995 0.278204827 0.502954660 0.055437613
101136 1136.000000 17758100001136000 0.317999989 0.279135080 0.496128872 -0.017082644
101137 1137.000000 17758100001137000 0.318500012 0.279773509 0.504804244 0.069492810
101138 1138.000000 17758100001138000 0.319000006 0.279949413 0.495349933 -0.003221295
101139 1139.000000 17758100001139000 0.319499999 0.280517608 0.497371981 0.031716754
101140 1140.000000 17758100001140000 0.319999993 0.280546132 0.500092635 -0.012481173
101141 1141.000000 17758100001141000 0.320499986 0.281587439 0.510090286 0.012113394
101142 1142.000000 17758100001142000 0.321000010 0.282079470 0.505633602 -0.001932030
101143 1143.000000 17758100001143000 0.321500003 0.282742547 0.496324741 -0.019638538
101144 1144.000000 17758100001144000 0.321999997 0.283214911 0.506807955 0.025229124
101145 1145.000000 17758100001145000 0.322499990 0.283341272 0.503593995 0.019054981
101146 1146.000000 17758100001146000 0.323000014 0.284250603 0.504924260 0.038053051
101147 1147.000000 17758100001147000 0.323500007 0.284537317 0.500428620 0.039705289
101148 1148.000000 17758100001148000 0.324000001 0.285293703 0.508604254 0.018170779
101149 1149.000000 17758100001149000 0.324499995 0.285768066 0.501557990 0.034664199
101150 1150.000000 17758100001150000 0.324999988 0.285900033 0.498643450 0.008180238
101151 1151.000000 17758100001151000 0.325500011 0.286579917 0.493541061 -0.010311597
101152 1152.000000 17758100001152000 0.326000005 0.287253812 0.506331509 -0.025744225
101153 1153.000000 17758100001153000 0.326499999 0.288087304 0.510181115 0.031737391
101154 1154.000000 17758100001154000 0.326999992 0.288159757 0.501395371 0.012786836
101155 1155.000000 17758100001155000 0.327499986 0.288740283 0.506681789 -0.004453907
101156 1156.000000 17758100001156000 0.328000009 0.289019564 0.506609945 -0.024039208
101157 1157.000000 17758100001157000 0.328500003 0.289758329 0.497973604 0.012385160
101158 1158.000000 17758100001158000 0.328999996 0.290414053 0.504452810 0.008393370
101159 1159.000000 17758100001159000 0.329499990 0.290617430 0.503300588 0.057469372
101160 1160.000000 17758100001160000 0.330000013 0.291070781 0.507015915 0.032585217
101161 1161.000000 17758100001161000 0.330500007 0.291474676 0.508405810 0.008083388
101162 1162.000000 17758100001162000 0.331000000 0.291912619 0.515495983 0.008047750
101163 1163.000000 17758100001163000 0.331499994 0.292325646 0.497458657 0.022743256
101164 1164.000000 17758100001164000 0.331999987 0.293322390 0.513679413 -0.005183101
101165 1165.000000 17758100001165000 0.332500011 0.293788055 0.504495967 0.008321486
101166 1166.000000 17758100001166000 0.333000004 0.294240837 0.499893397 0.004362940
101167 1167.000000 17758100001167000 0.333499998 0.294790393 0.506055554 0.015384959
101168 1168.000000 17758100001168000 0.333999991 0.295217127 0.508443155 0.005303026
101169 1169.000000 17758100001169000 0.334500015 0.295833703 0.503432695 0.015034392
101170 1170.000000 17758100001170000 0.335000008 0.296301619 0.503841752 -0.011897966
101171 1171.000000 17758100001171000 0.335500002 0.296495531 0.498180250 -0.009575876
101172 1172.000000 17758100001172000 0.335999995 0.297005535 0.504904308 0.013344463
101173 1173.000000 17758100001173000 0.336499989 0.298283661 0.491024097 -0.008065798
101174 1174.000000 17758100001174000 0.337000012 0.298541949 0.506029079 0.006653765
101175 1175.000000 17758100001175000 0.337500006 0.298581061 0.506452388 0.033265009
101176 1176.000000 17758100001176000 0.338000000 0.298984070 0.504181964 0.001604676
101177 1177.000000 17758100001177000 0.338499993 0.299759032 0.498991564 0.016043317
101178 1178.000000 17758100001178000 0.338999987 0.299974421 0.495154681 0.030931379
101179 1179.000000 17758100001179000 0.339500010 0.300885060 0.509746753 0.003561723
101180 1180.000000 17758100001180000 0.340000004 0.301025653 0.495827342 0.016777473
101181 1181.000000 17758100001181000 0.340499997 0.301569705 0.505059883 0.038417380
101182 1182.000000 17758100001182000 0.340999991 0.301809517 0.500968371 0.034042649
101183 1183.000000 17758100001183000 0.341500014 0.302680073 0.497606749 0.020668284
101184 1184.000000 17758100001184000 0.342000008 0.303159748 0.502826371 0.044554235
101185 1185.000000 17758100001185000 0.342500001 0.303758091 0.504718596 0.040751804
101186 1186.000000 17758100001186000 0.342999995 0.304206864 0.504597074 0.004030180
101187 1187.000000 17758100001187000 0.343499988 0.304827579 0.508361726 0.010847273
101188 1188.000000 17758100001188000 0.344000012 0.305424741 0.507907237 0.045773798
101189 1189.000000 17758100001189000 0.344500005 0.306216822 0.507199703 -0.012880977
101190 1190.000000 17758100001190000 0.344999999 0.306302669 0.495724211 0.015807980
101191 1191.000000 17758100001191000 0.345499992 0.307101761 0.508681766 0.007371028
101192 1192.000000 17758100001192000 0.345999986 0.307511082 0.508743664 0.011918012
101193 1193.000000 17758100001193000 0.346500009 0.308256907 0.502531099 0.013500350
101194 1194.000000 17758100001194000 0.347000003 0.308221621 0.505619893 0.019395004
101195 1195.000000 17758100001195000 0.347499996 0.308954705 0.501952969 -0.012279810
101196 1196.000000 17758100001196000 0.347999990 0.309630810 0.499797630 -0.036276797
101197 1197.000000 17758100001197000 0.348500013 0.310197859 0.503375652 0.027104371
101198 1198.000000 17758100001198000 0.349000007 0.310543649 0.503551050 0.014496984
101199 1199.000000 17758100001199000 0.349500000 0.311029595 0.492354356 0.007914038
101200 1200.000000 17758100001200000 0.349999994 0.310950963 0.499518926 -0.018024405
101201 1201.000000 17758100001201000 0.350499988 0.311878404 0.508889193 0.013320382
101202 1202.000000 17758100001202000 0.351000011 0.312184935 0.507312402 -0.013007963
101203 1203.000000 17758100001203000 0.351500005 0.313103157 0.504222895 -0.011182677
101204 1204.000000 17758100001204000 0.351999998 0.313407751 0.504094500 0.007348092
101205 1205.000000 17758100001205000 0.352499992 0.313722487 0.509370681 -0.004722181
101206 1206.000000 17758100001206000 0.352999985 0.314172164 0.500774503 0.017512637
101207 1207.000000 17758100001207000 0.353500009 0.314677811 0.505694065 0.045431325
101208 1208.000000 17758100001208000 0.354000002 0.315403480 0.499791748 0.050990860
101209 1209.000000 17758100001209000 0.354499996 0.315930725 0.499700018 0.033328508
101210 1210.000000 17758100001210000 0.354999989 0.316648733 0.503206008 0.018417382
101211 1211.000000 17758100001211000 0.355500013 0.317067614 0.500009489 0.019300708
101212 1212.000000 17758100001212000 0.356000006 0.317148989 0.502383679 0.022616914
101213 1213.000000 17758100001213000 0.356500000 0.317835781 0.504657697 0.018554297
101214 1214.000000 17758100001214000 0.356999993 0.318224703 0.503900986 0.011831994
101215 1215.000000 17758100001215000 0.357499987 0.318847599 0.513255120 0.001659946
101216 1216.000000 17758100001216000 0.358000010 0.319160702 0.507798908 0.032713948
101217 1217.000000 17758100001217000 0.358500004 0.319591361 0.505814856 0.023017131
101218 1218.000000 17758100001218000 0.358999997 0.320494088 0.501602762 -0.016849869
101219 1219.000000 17758100001219000 0.359499991 0.320561448 0.499866369 -0.002121128
101220 1220.000000 17758100001220000 0.360000014 0.321392892 0.507990795 -0.011680273
101221 1221.000000 17758100001221000 0.360500008 0.322129998 0.507695785 -0.003080128
101222 1222.000000 17758100001222000 0.361000001 0.322617995 0.512509967 0.008728318
101223 1223.000000 17758100001223000 0.361499995 0.322936813 0.495867324 0.021479896
101224 1224.000000 17758100001224000 0.361999989 0.323540915 0.502958657 -0.011600684
101225 1225.000000 17758100001225000 0.362500012 0.324288657 0.497299768 0.029754362
101226 1226.000000 17758100001226000 0.363000005 0.324681147 0.501528084 0.007708092
101227 1227.000000 17758100001227000 0.363499999 0.325260592 0.508125863 0.025489428
101228 1228.000000 17758100001228000 0.363999993 0.325564874 0.500094963 -0.031975627
101229 1229.000000 17758100001229000 0.364499986 0.325930674 0.512453678 0.030555321
101230 1230.000000 17758100001230000 0.365000010 0.326533140 0.505570385 0.038000307
101231 1231.000000 17758100001231000 0.365500003 0.326989059 0.499915643 -0.024265571
101232 1232.000000 17758100001232000 0.365999997 0.327535815 0.507653999 0.027417728
101233 1233.000000 17758100001233000 0.366499990 0.328173295 0.504821822 0.028271924
101234 1234.000000 17758100001234000 0.367000014 0.328167771 0.505931362 0.005192889
101235 1235.000000 17758100001235000 0.367500007 0.329143067 0.504102559 0.036497046
101236 1236.000000 17758100001236000 0.368000001 0.329716896 0.499513179 -0.008036777
101237 1237.000000 17758100001237000 0.368499994 0.330013867 0.498803711 0.016851363
101238 1238.000000 17758100001238000 0.368999988 0.330409531 0.507099152 0.013465870
101239 1239.000000 17758100001239000 0.369500011 0.330873399 0.497614511 0.021089430
101240 1240.000000 17758100001240000 0.370000005 0.331724136 0.497983512 0.020041436
101241 1241.000000 17758100001241000 0.370499998 0.332065645 0.512785541 -0.015432544
101242 1242.000000 17758100001242000 0.370999992 0.332652012 0.505332906 0.039848406
101243 1243.000000 17758100001243000 0.371499985 0.332697174 0.500159588 -0.007956619
101244 1244.000000 17758100001244000 0.372000009 0.333822250 0.512994834 0.018662885
101245 1245.000000 17758100001245000 0.372500002 0.333646438 0.502442831 0.023890671
101246 1246.000000 17758100001246000 0.372999996 0.334702790 0.508138689 0.008657162
101247 1247.000000 17758100001247000 0.373499990 0.334867437 0.506806348 0.032992928
101248 1248.000000 17758100001248000 0.374000013 0.335423813 0.505331631 0.054318575
101249 1249.000000 17758100001249000 0.374500006 0.335938481 0.509600285 0.002408280
101250 1250.000000 17758100001250000 0.375000000 0.336508086 0.509156691 -0.006002106
101251 1251.000000 17758100001251000 0.375499994 0.337457688 0.506397162 0.046302942
101252 1252.000000 17758100001252000 0.375999987 0.337390212 0.504029152 -0.002731384
101253 1253.000000 17758100001253000 0.376500010 0.338025623 0.500201561 0.034273714
101254 1254.000000 17758100001254000 0.377000004 0.338758259 0.510393859 0.033786387
101255 1255.000000 17758100001255000 0.377499998 0.338989763 0.501845104 0.058586832
101256 1256.000000 17758100001256000 0.377999991 0.339885834 0.503062432 -0.029100912
101257 1257.000000 17758100001257000 0.378500015 0.339989274 0.506394550 -0.010940213
101258 1258.000000 17758100001258000 0.379000008 0.340463521 0.497914751 0.073307838
101259 1259.000000 17758100001259000 0.379500002 0.341375119 0.506066254 0.039361843
101260 1260.000000 17758100001260000 0.379999995 0.341839173 0.500474917 -0.019085429
101261 1261.000000 17758100001261000 0.380499989 0.342021085 0.504160649 0.005322514
101262 1262.000000 17758100001262000 0.381000012 0.342882280 0.511881723 0.020077057
101263 1263.000000 17758100001263000 0.381500006 0.343064303 0.500008384 0.035863255
101264 1264.000000 17758100001264000 0.381999999 0.343560039 0.504311109 0.028636741
101265 1265.000000 17758100001265000 0.382499993 0.344298101 0.502963184 0.043714019
101266 1266.000000 17758100001266000 0.382999986 0.344429472 0.499559092 0.013226922
101267 1267.000000 17758100001267000 0.383500010 0.344853718 0.503616792 0.013840542
101268 1268.000000 17758100001268000 0.384000003 0.345892285 0.506369681 0.002648423
101269 1269.000000 17758100001269000 0.384499997 0.345960459 0.506457564 0.034024662
101270 1270.000000 17758100001270000 0.384999990 0.346693041 0.503190789 0.013463912
101271 1271.000000 17758100001271000 0.385500014 0.347542435 0.501970254 0.033128307
101272 1272.000000 17758100001272000 0.386000007 0.347516377 0.497018378 0.006014500
101273 1273.000000 17758100001273000 0.386500001 0.348236776 0.512214151 0.004533203
101274 1274.000000 17758100001274000 0.386999995 0.348683660 0.494190294 0.014516564
101275 1275.000000 17758100001275000 0.387499988 0.349421109 0.500177661 0.033504336
101276 1276.000000 17758100001276000 0.388000011 0.349672763 0.500758785 0.027415732
101277 1277.000000 17758100001277000 0.388500005 0.350171964 0.496087648 0.016446747
101278 1278.000000 17758100001278000 0.388999999 0.350466780 0.494590425 0.002222689
101279 1279.000000 17758100001279000 0.389499992 0.351139172 0.508368858 0.063740188
101280 1280.000000 17758100001280000 0.389999986 0.351268330 0.506791832 0.014699365
101281 1281.000000 17758100001281000 0.390500009 0.351969322 0.502985458 -0.001708299
101282 1282.000000 17758100001282000 0.391000003 0.352607184 0.504918583 0.030346448
101283 1283.000000 17758100001283000 0.391499996 0.353058000 0.505134476 0.010790884
101284 1284.000000 17758100001284000 0.391999990 0.353914650 0.500387839 0.019321657
101285 1285.000000 17758100001285000 0.392500013 0.354199030 0.515206490 0.003571607
101286 1286.000000 17758100001286000 0.393000007 0.354682934 0.500347712 -0.004997707
101287 1287.000000 17758100001287000 0.393500000 0.355184333 0.512600239 0.036514994
101288 1288.000000 17758100001288000 0.393999994 0.355885464 0.493356873 0.018137603
101289 1289.000000 17758100001289000 0.394499987 0.356064186 0.505488650 0.010207764
101290 1290.000000 17758100001290000 0.395000011 0.356919960 0.500880199 -0.015419986
101291 1291.000000 17758100001291000 0.395500004 0.357474854 0.506099842 0.013243822
101292 1292.000000 17758100001292000 0.395999998 0.357739454 0.494060105 0.012240479
101293 1293.000000 17758100001293000 0.396499991 0.358151422 0.506921411 0.044800056
101294 1294.000000 17758100001294000 0.397000015 0.358699930 0.505824538 0.018081861
101295 1295.000000 17758100001295000 0.397500008 0.359265602 0.498929664 0.007365399
101296 1296.000000 17758100001296000 0.398000002 0.359713391 0.517627544 0.025090599
101297 1297.000000 17758100001297000 0.398499995 0.360233865 0.504826210 0.002036213
101298 1298.000000 17758100001298000 0.398999989 0.360693589 0.504152958 0.002286330
101299 1299.000000 17758100001299000 0.399500012 0.361120938 0.499786317 0.012640647
101300 1300.000000 17758100001300000 0.400000006 0.362119399 0.503364165 -0.007770658
101301 1301.000000 17758100001301000 0.400500000 0.362255844 0.504725490 0.008968139
101302 1302.000000 17758100001302000 0.400999993 0.362734158 0.508320879 -0.009287206
101303 1303.000000 17758100001303000 0.401499987 0.362936164 0.511556576 -0.000530074
101304 1304.000000 17758100001304000 0.402000010 0.363811503 0.510077258 0.007904297
101305 1305.000000 17758100001305000 0.402500004 0.364227131 0.501130159 0.023178574
101306 1306.000000 17758100001306000 0.402999997 0.364779031 0.507217976 -0.010976361
101307 1307.000000 17758100001307000 0.403499991 0.365221610 0.507347258 -0.003845521
101308 1308.000000 17758100001308000 0.404000014 0.365758823 0.501277326 0.004664584
101309 1309.000000 17758100001309000 0.404500008 0.366129945 0.506859196 0.025646083
101310 1310.000000 17758100001310000 0.405000001 0.367120926 0.500767165 0.012537549
101311 1311.000000 17758100001311000 0.405499995 0.367603902 0.504014113 -0.009459162
101312 1312.000000 17758100001312000 0.405999988 0.367832918 0.514393349 0.019810318
101313 1313.000000 17758100001313000 0.406500012 0.368082782 0.505109245 -0.008429581
101314 1314.000000 17758100001314000 0.407000005 0.368885945 0.508048410 -0.004573115
101315 1315.000000 17758100001315000 0.407499999 0.369071767 0.498186624 0.004877132
101316 1316.000000 17758100001316000 0.407999992 0.369811233 0.502465257 -0.013491444
101317 1317.000000 17758100001317000 0.408499986 0.370211333 0.504368731 -0.009466725
101318 1318.000000 17758100001318000 0.409000009 0.371201930 0.506581626 0.040154428
101319 1319.000000 17758100001319000 0.409500003 0.371484892 0.497378472 -0.029383512
101320 1320.000000 17758100001320000 0.409999996 0.371761299 0.496550428 0.006400403
101321 1321.000000 17758100001321000 0.410499990 0.372475303 0.510514739 0.024830220
101322 1322.000000 17758100001322000 0.411000013 0.372620564 0.508642971 0.021966759
101323 1323.000000 17758100001323000 0.411500007 0.373568902 0.505623090 0.008453833
101324 1324.000000 17758100001324000 0.412000000 0.373656687 0.511254842 0.000635002
101325 1325.000000 17758100001325000 0.412499994 0.374415229 0.501895999 0.042219986
101326 1326.000000 17758100001326000 0.412999988 0.374743971 0.507080922 0.011156231
101327 1327.000000 17758100001327000 0.413500011 0.375223543 0.497334130 0.014629440
101328 1328.000000 17758100001328000 0.414000005 0.375636197 0.502451226 0.003818992
101329 1329.000000 17758100001329000 0.414499998 0.376335368 0.507479002 -0.003938365
101330 1330.000000 17758100001330000 0.414999992 0.376819111 0.504935674 -0.023615363
101331 1331.000000 17758100001331000 0.415499985 0.377509022 0.511236937 0.026992841
101332 1332.000000 17758100001332000 0.416000009 0.378063917 0.505777904 0.034531605
101333 1333.000000 17758100001333000 0.416500002 0.378490547 0.499317791 -0.002389744
101334 1334.000000 17758100001334000 0.416999996 0.379329011 0.507732585 0.005575127
101335 1335.000000 17758100001335000 0.417499989 0.379642650 0.502380449 0.003737312
101336 1336.000000 17758100001336000 0.418000013 0.379980229 0.501336069 -0.004938422
101337 1337.000000 17758100001337000 0.418500006 0.380432021 0.497808668 0.002837492
101338 1338.000000 17758100001338000 0.419000000 0.381044893 0.497754387 0.012129272
101339 1339.000000 17758100001339000 0.419499993 0.381108516 0.508922807 0.028662558
101340 1340.000000 17758100001340000 0.419999987 0.382019884 0.506313376 -0.003383034
101341 1341.000000 17758100001341000 0.420500010 0.382261906 0.503893555 0.016747093
101342 1342.000000 17758100001342000 0.421000004 0.383078282 0.506563774 0.016224742
101343 1343.000000 17758100001343000 0.421499997 0.383432919 0.506335265 0.003972310
101344 1344.000000 17758100001344000 0.421999991 0.384054562 0.505117102 0.005437119
101345 1345.000000 17758100001345000 0.422500014 0.384509468 0.507361043 0.033126268
101346 1346.000000 17758100001346000 0.423000008 0.384816338 0.508138824 -0.002501863
101347 1347.000000 17758100001347000 0.423500001 0.385140717 0.494297895 0.063348392
101348 1348.000000 17758100001348000 0.423999995 0.386269239 0.505367460 0.014391551
101349 1349.000000 17758100001349000 0.424499989 0.386247569 0.509378850 -0.003996510
101350 1350.000000 17758100001350000 0.425000012 0.386735213 0.500215293 0.011701940
101351 1351.000000 17758100001351000 0.425500005 0.387280203 0.501893782 0.049234810
101352 1352.000000 17758100001352000 0.425999999 0.388019241 0.511166224 0.055638100
101353 1353.000000 17758100001353000 0.426499993 0.388161869 0.499230591 0.024497064
101354 1354.000000 17758100001354000 0.426999986 0.389153952 0.505097992 0.014553110
101355 1355.000000 17758100001355000 0.427500010 0.389253621 0.501756280 0.006067255
101356 1356.000000 17758100001356000 0.428000003 0.390146803 0.509659975 0.024245689
101357 1357.000000 17758100001357000 0.428499997 0.390622651 0.504965721 0.000629547
101358 1358.000000 17758100001358000 0.428999990 0.391041097 0.503727589 0.014013459
101359 1359.000000 17758100001359000 0.429500014 0.391297090 0.504202241 0.030608518
101360 1360.000000 17758100001360000 0.430000007 0.392342965 0.497791897 -0.020551045
101361 1361.000000 17758100001361000 0.430500001 0.392797160 0.503651952 -0.012156477
101362 1362.000000 17758100001362000 0.430999994 0.393087062 0.513168271 0.034694346
101363 1363.000000 17758100001363000 0.431499988 0.393438360 0.503645435 0.041708948
101364 1364.000000 17758100001364000 0.432000011 0.394031997 0.509485350 0.007086882
101365 1365.000000 17758100001365000 0.432500005 0.394450560 0.503166881 0.005451843
101366 1366.000000 17758100001366000 0.432999998 0.395094295 0.505726877 0.027093656
101367 1367.000000 17758100001367000 0.433499992 0.395627609 0.510195546 0.007129521
101368 1368.000000 17758100001368000 0.433999985 0.396126079 0.508327100 -0.000221983
101369 1369.000000 17758100001369000 0.434500009 0.396377649 0.502580670 0.043114568
101370 1370.000000 17758100001370000 0.435000002 0.396954684 0.497150688 0.018298824
101371 1371.000000 17758100001371000 0.435499996 0.397547189 0.497224262 0.003233354
101372 1372.000000 17758100001372000 0.435999990 0.397939058 0.496515518 -0.009814976
101373 1373.000000 17758100001373000 0.436500013 0.398588713 0.503470021 0.010855780
101374 1374.000000 17758100001374000 0.437000006 0.398910800 0.504358291 0.018516928
101375 1375.000000 17758100001375000 0.437500000 0.399721368 0.504186318 0.013309050
101376 1376.000000 17758100001376000 0.437999994 0.399919839 0.508514954 -0.006926461
101377 1377.000000 17758100001377000 0.438499987 0.400551756 0.503948244 0.034088041
101378 1378.000000 17758100001378000 0.439000010 0.400909242 0.511041918 0.003764340
101379 1379.000000 17758100001379000 0.439500004 0.401569816 0.506035305 -0.002721434
101380 1380.000000 17758100001380000 0.439999998 0.402127730 0.504399975 0.006161918
101381 1381.000000 17758100001381000 0.440499991 0.402803096 0.499225589 0.004399004
101382 1382.000000 17758100001382000 0.441000015 0.402878208 0.496210259 0.003435442
101383 1383.000000 17758100001383000 0.441500008 0.403330711 0.501468875 0.034594028
101384 1384.000000 17758100001384000 0.442000002 0.404145411 0.505593344 -0.013170532
101385 1385.000000 17758100001385000 0.442499995 0.404528447 0.494666695 -0.001289582
101386 1386.000000 17758100001386000 0.442999989 0.405028503 0.501078489 0.023927646
101387 1387.000000 17758100001387000 0.443500012 0.405704819 0.509003012 0.025978679
101388 1388.000000 17758100001388000 0.444000006 0.406061084 0.505058019 0.027517223
101389 1389.000000 17758100001389000 0.444499999 0.406497928 0.507635392 -0.008267942
101390 1390.000000 17758100001390000 0.444999993 0.407145100 0.503280448 0.014762948
101391 1391.000000 17758100001391000 0.445499986 0.407375906 0.506324863 0.020666687
101392 1392.000000 17758100001392000 0.446000010 0.408273085 0.504644128 -0.012810542
101393 1393.000000 17758100001393000 0.446500003 0.409011212 0.509482789 0.026060106
101394 1394.000000 17758100001394000 0.446999997 0.409143767 0.497091441 0.008775138
101395 1395.000000 17758100001395000 0.447499990 0.409667431 0.510293498 0.028640710
101396 1396.000000 17758100001396000 0.448000014 0.410198846 0.505485915 0.020950907
101397 1397.000000 17758100001397000 0.448500007 0.410613711 0.498565868 0.019348592
101398 1398.000000 17758100001398000 0.449000001 0.411043357 0.513209485 0.042089258
101399 1399.000000 17758100001399000 0.449499995 0.411803139 0.503599138 0.019665025
101400 1400.000000 17758100001400000 0.449999988 0.412203160 0.492434639 0.012453716
101401 1401.000000 17758100001401000 0.450500011 0.412800097 0.508862402 -0.005325092
101402 1402.000000 17758100001402000 0.451000005 0.413120123 0.501402031 -0.025510546
101403 1403.000000 17758100001403000 0.451499999 0.413703559 0.499881312 0.042196178
101404 1404.000000 17758100001404000 0.451999992 0.414540961 0.495297163 0.005735492
101405 1405.000000 17758100001405000 0.452499986 0.414607713 0.499240964 -0.009485938
101406 1406.000000 17758100001406000 0.453000009 0.415172614 0.503324477 0.013807620
101407 1407.000000 17758100001407000 0.453500003 0.415333880 0.502177174 0.018671244
101408 1408.000000 17758100001408000 0.453999996 0.415914293 0.506472948 0.001196720
101409 1409.000000 17758100001409000 0.454499990 0.416813254 0.503282296 0.027257992
101410 1410.000000 17758100001410000 0.455000013 0.417449003 0.501310101 0.014580078
101411 1411.000000 17758100001411000 0.455500007 0.417623406 0.501001796 0.019280402
101412 1412.000000 17758100001412000 0.456000000 0.418225040 0.505457556 0.050320525
101413 1413.000000 17758100001413000 0.456499994 0.418507943 0.495247648 0.044197458
101414 1414.000000 17758100001414000 0.456999987 0.419343836 0.497268493 -0.000130092
101415 1415.000000 17758100001415000 0.457500011 0.419656644 0.501250792 0.027528134
101416 1416.000000 17758100001416000 0.458000004 0.420170130 0.506472695 -0.036091746
101417 1417.000000 17758100001417000 0.458499998 0.420574782 0.501198693 0.035611839
101418 1418.000000 17758100001418000 0.458999991 0.421448265 0.501021487 0.016124660
101419 1419.000000 17758100001419000 0.459500015 0.421768743 0.499148118 0.039340148
101420 1420.000000 17758100001420000 0.460000008 0.422095088 0.504182413 0.042255004
101421 1421.000000 17758100001421000 0.460500002 0.422571710 0.510899159 -0.014365348
101422 1422.000000 17758100001422000 0.460999995 0.423385624 0.497396704 -0.003244591
101423 1423.000000 17758100001423000 0.461499989 0.423887669 0.499673989 -0.024960115
101424 1424.000000 17758100001424000 0.462000012 0.424211537 0.499348260 0.017172801
101425 1425.000000 17758100001425000 0.462500006 0.424798359 0.509243083 0.036113440
101426 1426.000000 17758100001426000 0.463000000 0.424964809 0.502071706 0.023289776
101427 1427.000000 17758100001427000 0.463499993 0.425808838 0.510728454 0.028774698
101428 1428.000000 17758100001428000 0.463999987 0.426301547 0.514277902 0.039533414
101429 1429.000000 17758100001429000 0.464500010 0.426989400 0.512305218 0.011439438
101430 1430.000000 17758100001430000 0.465000004 0.427309140 0.502443134 0.012588852
101431 1431.000000 17758100001431000 0.465499997 0.427935396 0.502113801 0.017340312
101432 1432.000000 17758100001432000 0.465999991 0.428475224 0.503090102 -0.021872797
101433 1433.000000 17758100001433000 0.466500014 0.428946993 0.500950622 -0.038516405
101434 1434.000000 17758100001434000 0.467000008 0.429379548 0.499889535 0.003836525
101435 1435.000000 17758100001435000 0.467500001 0.429973253 0.501425904 0.027375978
101436 1436.000000 17758100001436000 0.467999995 0.429887785 0.505356163 -0.012863212
101437 1437.000000 17758100001437000 0.468499988 0.430514020 0.510249966 0.002674283
101438 1438.000000 17758100001438000 0.469000012 0.431217202 0.507314272 -0.033012665
101439 1439.000000 17758100001439000 0.469500005 0.431748073 0.501748912 0.040638723
101440 1440.000000 17758100001440000 0.469999999 0.432377670 0.508805687 -0.009645823
101441 1441.000000 17758100001441000 0.470499992 0.432911250 0.508215211 0.017573034
101442 1442.000000 17758100001442000 0.470999986 0.433388166 0.506960489 0.016816740
101443 1443.000000 17758100001443000 0.471500009 0.433660264 0.504145461 0.039585038
101444 1444.000000 17758100001444000 0.472000003 0.434371693 0.508662727 0.027066705
101445 1445.000000 17758100001445000 0.472499996 0.434779444 0.512059441 0.006819570
101446 1446.000000 17758100001446000 0.472999990 0.435353770 0.501935432 0.027514977
101447 1447.000000 17758100001447000 0.473500013 0.436010857 0.496444796 -0.000698754
101448 1448.000000 17758100001448000 0.474000007 0.436100483 0.502743029 -0.021539036
101449 1449.000000 17758100001449000 0.474500000 0.437094962 0.493497785 0.007637265
101450 1450.000000 17758100001450000 0.474999994 0.437102741 0.503251018 0.035826611
101451 1451.000000 17758100001451000 0.475499988 0.437871302 0.504224951 0.005694167
101452 1452.000000 17758100001452000 0.476000011 0.438021164 0.499805785 0.026514171
101453 1453.000000 17758100001453000 0.476500005 0.439064894 0.506758654 0.037794253
101454 1454.000000 17758100001454000 0.476999998 0.439507030 0.504173370 0.011364788
101455 1455.000000 17758100001455000 0.477499992 0.439888803 0.504923919 0.035123878
101456 1456.000000 17758100001456000 0.477999985 0.440236621 0.503494137 0.042594049
101457 1457.000000 17758100001457000 0.478500009 0.441143075 0.507055254 0.016548589
101458 1458.000000 17758100001458000 0.479000002 0.441240883 0.495545294 -0.004655594
101459 1459.000000 17758100001459000 0.479499996 0.441985689 0.500705663 0.032126947
101460 1460.000000 17758100001460000 0.479999989 0.442822147 0.507483337 -0.003399311
101461 1461.000000 17758100001461000 0.480500013 0.442964673 0.510556153 0.020505224
101462 1462.000000 17758100001462000 0.481000006 0.443264494 0.499255560 0.009080166
101463 1463.000000 17758100001463000 0.481500000 0.444095670 0.513710430 -0.011823498
101464 1464.000000 17758100001464000 0.481999993 0.444041015 0.499843535 -0.016088755
101465 1465.000000 17758100001465000 0.482499987 0.444783228 0.505542028 -0.010289211
101466 1466.000000 17758100001466000 0.483000010 0.445321395 0.498967019 -0.019145108
101467 1467.000000 17758100001467000 0.483500004 0.446189325 0.499516768 0.030690238
101468 1468.000000 17758100001468000 0.483999997 0.446795238 0.504504644 0.023455704
101469 1469.000000 17758100001469000 0.484499991 0.446944955 0.499758306 0.037167439
101470 1470.000000 17758100001470000 0.485000014 0.447544678 0.501662682 0.015411481
101471 1471.000000 17758100001471000 0.485500008 0.447717941 0.498219291 0.033496116
101472 1472.000000 17758100001472000 0.486000001 0.448380012 0.508880873 0.017769776
101473 1473.000000 17758100001473000 0.486499995 0.448719159 0.499122728 -0.011213692
101474 1474.000000 17758100001474000 0.486999989 0.448940527 0.503560376 0.027235551
101475 1475.000000 17758100001475000 0.487500012 0.450015121 0.506253315 -0.002908184
101476 1476.000000 17758100001476000 0.488000005 0.450246415 0.499157941 0.049829797
101477 1477.000000 17758100001477000 0.488499999 0.451106648 0.503398475 -0.001042300
101478 1478.000000 17758100001478000 0.488999993 0.451341523 0.497731834 0.005795329
101479 1479.000000 17758100001479000 0.489499986 0.451814311 0.492804569 0.023440868
101480 1480.000000 17758100001480000 0.490000010 0.452326128 0.502422126 0.018796149
101481 1481.000000 17758100001481000 0.490500003 0.452960522 0.502665663 0.003919273
101482 1482.000000 17758100001482000 0.490999997 0.453407959 0.503986660 0.006610074
101483 1483.000000 17758100001483000 0.491499990 0.453513275 0.496786613 -0.003570027
101484 1484.000000 17758100001484000 0.492000014 0.454357584 0.506075739 0.035759940
101485 1485.000000 17758100001485000 0.492500007 0.455172080 0.501392438 0.039696411
101486 1486.000000 17758100001486000 0.493000001 0.455446774 0.504806418 -0.015676349
101487 1487.000000 17758100001487000 0.493499994 0.455982392 0.509132220 -0.008945891
101488 1488.000000 17758100001488000 0.493999988 0.456616848 0.502140067 0.051093381
101489 1489.000000 17758100001489000 0.494500011 0.456880613 0.505793195 0.063635413
101490 1490.000000 17758100001490000 0.495000005 0.457390239 0.511054552 -0.000010071
101491 1491.000000 17758100001491000 0.495499998 0.458244817 0.508043991 0.035463546
101492 1492.000000 17758100001492000 0.495999992 0.458369902 0.501342569 0.006441524
101493 1493.000000 17758100001493000 0.496499985 0.459161250 0.517232698 0.033800498
101494 1494.000000 17758100001494000 0.497000009 0.459605348 0.497440827 -0.012383778
101495 1495.000000 17758100001495000 0.497500002 0.460125797 0.500338538 0.002758259
101496 1496.000000 17758100001496000 0.497999996 0.460475359 0.507893531 -0.032315538
101497 1497.000000 17758100001497000 0.498499990 0.461002563 0.512288469 0.015156457
101498 1498.000000 17758100001498000 0.499000013 0.461790766 0.507300103 -0.000889718
101499 1499.000000 17758100001499000 0.499500006 0.462064783 0.504855777 0.019300892
101500 1500.000000 17758100001500000 0.500000000 0.462804903 0.496207878 -0.000163304
101501 1501.000000 17758100001501000 0.500500023 0.463057213 0.505999986 0.006957854
101502 1502.000000 17758100001502000 0.500999987 0.463458783 0.504980684 -0.019244271
101503 1503.000000 17758100001503000 0.501500010 0.463987596 0.501244289 0.030465296
101504 1504.000000 17758100001504000 0.501999974 0.464704485 0.503772007 0.001320246
101505 1505.000000 17758100001505000 0.502499998 0.464957151 0.497109852 -0.010659214
101506 1506.000000 17758100001506000 0.503000021 0.465457902 0.493659501 0.041285972
101507 1507.000000 17758100001507000 0.503499985 0.466080085 0.506216275 0.011516978
101508 1508.000000 17758100001508000 0.504000008 0.466991164 0.496513583 -0.015050451
101509 1509.000000 17758100001509000 0.504499972 0.467059634 0.504104667 0.022517875
101510 1510.000000 17758100001510000 0.504999995 0.467677593 0.517993692 0.037707766
101511 1511.000000 17758100001511000 0.505500019 0.468180185 0.507998950 0.003857344
101512 1512.000000 17758100001512000 0.505999982 0.468847261 0.503737422 0.001114495
101513 1513.000000 17758100001513000 0.506500006 0.469137873 0.497581310 0.031341861
101514 1514.000000 17758100001514000 0.507000029 0.469840168 0.491377498 0.012443032
101515 1515.000000 17758100001515000 0.507499993 0.470271768 0.508775884 -0.000566408
101516 1516.000000 17758100001516000 0.508000016 0.470580345 0.507557892 -0.028898046
101517 1517.000000 17758100001517000 0.508499980 0.470946607 0.504306697 0.036192559
101518 1518.000000 17758100001518000 0.509000003 0.471761640 0.503957246 0.008895058
101519 1519.000000 17758100001519000 0.509500027 0.472194782 0.500599482 0.026396566
101520 1520.000000 17758100001520000 0.509999990 0.472292144 0.506680489 0.031161357
101521 1521.000000 17758100001521000 0.510500014 0.473054378 0.510759490 0.005762894
101522 1522.000000 17758100001522000 0.510999978 0.473727482 0.503127145 0.033963670
101523 1523.000000 17758100001523000 0.511500001 0.473924671 0.506860589 0.003730083
101524 1524.000000 17758100001524000 0.512000024 0.474647145 0.504489191 -0.025959595
101525 1525.000000 17758100001525000 0.512499988 0.475089971 0.504342973 -0.003926454
101526 1526.000000 17758100001526000 0.513000011 0.475857087 0.495678278 -0.050287865
101527 1527.000000 17758100001527000 0.513499975 0.475838264 0.504937814 0.024248803
101528 1528.000000 17758100001528000 0.513999999 0.476719002 0.512427149 0.008029176
101529 1529.000000 17758100001529000 0.514500022 0.477239727 0.500175931 -0.033180763
101530 1530.000000 17758100001530000 0.514999986 0.477560257 0.500786991 0.034159616
101531 1531.000000 17758100001531000 0.515500009 0.478195055 0.499705339 0.029699741
101532 1532.000000 17758100001532000 0.515999973 0.478268861 0.510734033 0.004780159
101533 1533.000000 17758100001533000 0.516499996 0.479579431 0.505922644 0.010680777
101534 1534.000000 17758100001534000 0.517000020 0.479631262 0.503522081 0.005885704
101535 1535.000000 17758100001535000 0.517499983 0.480228120 0.505941608 0.010542346
101536 1536.000000 17758100001536000 0.518000007 0.480945229 0.505556750 0.015022053
101537 1537.000000 17758100001537000 0.518499970 0.480919376 0.504418778 0.028883772
101538 1538.000000 17758100001538000 0.518999994 0.481591164 0.495400967 -0.027521212
101539 1539.000000 17758100001539000 0.519500017 0.481942576 0.511617267 0.007533225
101540 1540.000000 17758100001540000 0.519999981 0.482901661 0.508984940 0.002876717
101541 1541.000000 17758100001541000 0.520500004 0.483265378 0.501598777 0.010865976
101542 1542.000000 17758100001542000 0.521000028 0.483699839 0.500076708 -0.025242377
101543 1543.000000 17758100001543000 0.521499991 0.484283966 0.508364594 0.000776937
101544 1544.000000 17758100001544000 0.522000015 0.484445309 0.497680992 0.021619548
101545 1545.000000 17758100001545000 0.522499979 0.485319585 0.501982732 0.025128323
101546 1546.000000 17758100001546000 0.523000002 0.485613528 0.496040272 -0.002438785
101547 1547.000000 17758100001547000 0.523500025 0.485984416 0.502022723 0.020083726
101548 1548.000000 17758100001548000 0.523999989 0.486759757 0.501752425 0.017003509
101549 1549.000000 17758100001549000 0.524500012 0.487346627 0.492417466 0.013710070
101550 1550.000000 17758100001550000 0.524999976 0.487697697 0.500044878 0.029016872
101551 1551.000000 17758100001551000 0.525500000 0.488469203 0.499368936 0.016150780
101552 1552.000000 17758100001552000 0.526000023 0.488983431 0.500740433 0.031615443
101553 1553.000000 17758100001553000 0.526499987 0.489465154 0.505738832 0.015126381
101554 1554.000000 17758100001554000 0.527000010 0.489876636 0.506687773 -0.005325443
101555 1555.000000 17758100001555000 0.527499974 0.490181651 0.493752379 0.040627084
101556 1556.000000 17758100001556000 0.527999997 0.491057569 0.509234386 0.008036256
101557 1557.000000 17758100001557000 0.528500021 0.491394016 0.490433566 -0.007221818
101558 1558.000000 17758100001558000 0.528999984 0.491654591 0.501742208 0.014235188
101559 1559.000000 17758100001559000 0.529500008 0.491979643 0.509417173 0.024833128
101560 1560.000000 17758100001560000 0.529999971 0.492627171 0.502710951 0.006300461
101561 1561.000000 17758100001561000 0.530499995 0.493257250 0.503227043 0.012190922
101562 1562.000000 17758100001562000 0.531000018 0.493881302 0.506192037 0.006798143
101563 1563.000000 17758100001563000 0.531499982 0.494519450 0.504632117 0.012948560
101564 1564.000000 17758100001564000 0.532000005 0.494362271 0.512195983 0.031216845
101565 1565.000000 17758100001565000 0.532500029 0.495222548 0.503803287 0.062967571
101566 1566.000000 17758100001566000 0.532999992 0.496069653 0.505702257 -0.000384923
101567 1567.000000 17758100001567000 0.533500016 0.496834067 0.496504733 0.018437079
101568 1568.000000 17758100001568000 0.533999979 0.496729375 0.499595605 0.037843607
101569 1569.000000 17758100001569000 0.534500003 0.497744723 0.489430892 0.032234237
101570 1570.000000 17758100001570000 0.535000026 0.497775333 0.496205177 0.015405394
101571 1571.000000 17758100001571000 0.535499990 0.498729141 0.503247954 0.043369770
101572 1572.000000 17758100001572000 0.536000013 0.498656921 0.500519724 0.023122078
101573 1573.000000 17758100001573000 0.536499977 0.498924179 0.502599324 -0.001082282
101574 1574.000000 17758100001574000 0.537000000 0.500286464 0.503884711 0.016796098
101575 1575.000000 17758100001575000 0.537500024 0.500225643 0.499524310 0.003329797
101576 1576.000000 17758100001576000 0.537999988 0.500540420 0.500777960 -0.036204980
101577 1577.000000 17758100001577000 0.538500011 0.501324690 0.505189324 -0.006952781
101578 1578.000000 17758100001578000 0.538999975 0.502057063 0.512263732 -0.020601447
101579 1579.000000 17758100001579000 0.539499998 0.502425703 0.503238513 0.030726945
101580 1580.000000 17758100001580000 0.540000021 0.502682201 0.510866188 -0.013585641
101581 1581.000000 17758100001581000 0.540499985 0.503687360 0.504405266 -0.007982766
101582 1582.000000 17758100001582000 0.541000009 0.503644393 0.504047126 0.032585788
101583 1583.000000 17758100001583000 0.541499972 0.504289173 0.497028580 -0.005473498
101584 1584.000000 17758100001584000 0.541999996 0.505309543 0.501319346 0.020639579
101585 1585.000000 17758100001585000 0.542500019 0.505184720 0.497810507 -0.003816736
101586 1586.000000 17758100001586000 0.542999983 0.505741101 0.501501660 0.024013132
101587 1587.000000 17758100001587000 0.543500006 0.506147546 0.508958836 0.003771272
101588 1588.000000 17758100001588000 0.544000030 0.506871036 0.510324208 0.020488351
101589 1589.000000 17758100001589000 0.544499993 0.507374342 0.491360545 0.045689903
101590 1590.000000 17758100001590000 0.545000017 0.508007212 0.512560186 0.018245270
101591 1591.000000 17758100001591000 0.545499980 0.508461904 0.502288891 0.030945780
101592 1592.000000 17758100001592000 0.546000004 0.509174495 0.503363525 0.009472109
101593 1593.000000 17758100001593000 0.546500027 0.509299376 0.503551196 0.015023087
101594 1594.000000 17758100001594000 0.546999991 0.509896988 0.504238831 0.033939916
101595 1595.000000 17758100001595000 0.547500014 0.510369573 0.502792202 -0.025102401
101596 1596.000000 17758100001596000 0.547999978 0.510591666 0.500337303 0.037564064
101597 1597.000000 17758100001597000 0.548500001 0.511604208 0.501936341 -0.011675882
101598 1598.000000 17758100001598000 0.549000025 0.511959419 0.497226873 0.022886008
101599 1599.000000 17758100001599000 0.549499989 0.512396454 0.500041739 0.002415195
101600 1600.000000 17758100001600000 0.550000012 0.512617503 0.498092395 0.005093087
101601 1601.000000 17758100001601000 0.550499976 0.513496916 0.510378180 0.003043496
101602 1602.000000 17758100001602000 0.550999999 0.514134699 0.497141692 0.049780335
101603 1603.000000 17758100001603000 0.551500022 0.514254231 0.507314951 0.018752468
101604 1604.000000 17758100001604000 0.551999986 0.514848203 0.500545182 0.034577168
101605 1605.000000 17758100001605000 0.552500010 0.515626878 0.502137929 0.031586654
101606 1606.000000 17758100001606000 0.552999973 0.516181861 0.507673212 0.021987577
101607 1607.000000 17758100001607000 0.553499997 0.516192491 0.508444157 0.009983760
101608 1608.000000 17758100001608000 0.554000020 0.516926169 0.508210896 0.009757672
101609 1609.000000 17758100001609000 0.554499984 0.517425577 0.505475576 0.032184195
101610 1610.000000 17758100001610000 0.555000007 0.517660355 0.504118448 0.033084607
101611 1611.000000 17758100001611000 0.555499971 0.518456217 0.502098482 -0.002055784
101612 1612.000000 17758100001612000 0.555999994 0.518749443 0.500968939 0.008681482
101613 1613.000000 17758100001613000 0.556500018 0.519642661 0.504380467 -0.037714368
101614 1614.000000 17758100001614000 0.556999981 0.519871671 0.516269658 0.017641627
101615 1615.000000 17758100001615000 0.557500005 0.520180755 0.501432620 0.016994378
101616 1616.000000 17758100001616000 0.558000028 0.520964481 0.497061292 0.004298268
101617 1617.000000 17758100001617000 0.558499992 0.521772337 0.503500449 0.035014881
101618 1618.000000 17758100001618000 0.559000015 0.522530212 0.511651999 0.010731371
101619 1619.000000 17758100001619000 0.559499979 0.522272388 0.498221979 -0.025164238
101620 1620.000000 17758100001620000 0.560000002 0.522938722 0.505036198 0.014661945
101621 1621.000000 17758100001621000 0.560500026 0.523558199 0.505273501 0.042395507
101622 1622.000000 17758100001622000 0.560999990 0.524093501 0.505874552 -0.006267720
101623 1623.000000 17758100001623000 0.561500013 0.524696266 0.493871612 0.022018104
101624 1624.000000 17758100001624000 0.561999977 0.525052167 0.506739360 -0.031288319
101625 1625.000000 17758100001625000 0.562500000 0.526012074 0.503031840 -0.014329806
101626 1626.000000 17758100001626000 0.563000023 0.526491706 0.509736184 0.032992698
101627 1627.000000 17758100001627000 0.563499987 0.526491833 0.503957482 0.038369542
101628 1628.000000 17758100001628000 0.564000010 0.527288941 0.497465730 0.014777699
101629 1629.000000 17758100001629000 0.564499974 0.528068867 0.504708090 -0.004014483
101630 1630.000000 17758100001630000 0.564999998 0.527861923 0.508804857 -0.007681123
101631 1631.000000 17758100001631000 0.565500021 0.528487731 0.500875245 0.006237658
101632 1632.000000 17758100001632000 0.565999985 0.528833612 0.496454223 0.032715901
101633 1633.000000 17758100001633000 0.566500008 0.529791775 0.511340303 0.051727873
101634 1634.000000 17758100001634000 0.566999972 0.530105037 0.499679874 0.002408434
101635 1635.000000 17758100001635000 0.567499995 0.530506564 0.507416081 -0.008449292
101636 1636.000000 17758100001636000 0.568000019 0.531242951 0.500736281 0.038465000
101637 1637.000000 17758100001637000 0.568499982 0.531835881 0.506283720 -0.016468442
101638 1638.000000 17758100001638000 0.569000006 0.531816739 0.506689389 0.050841086
101639 1639.000000 17758100001639000 0.569500029 0.532693118 0.500403042 0.009236041
101640 1640.000000 17758100001640000 0.569999993 0.532728613 0.498481386 0.016038741
101641 1641.000000 17758100001641000 0.570500016 0.533285225 0.496759438 -0.001074474
101642 1642.000000 17758100001642000 0.570999980 0.534070259 0.509105079 0.032935500
101643 1643.000000 17758100001643000 0.571500003 0.534387020 0.495922592 -0.002576461
101644 1644.000000 17758100001644000 0.572000027 0.535324802 0.501503115 0.018781278
101645 1645.000000 17758100001645000 0.572499990 0.535462815 0.511557575 0.029101503
101646 1646.000000 17758100001646000 0.573000014 0.536322952 0.499969344 -0.029956015
101647 1647.000000 17758100001647000 0.573499978 0.536845316 0.502445633 0.011868264
101648 1648.000000 17758100001648000 0.574000001 0.537316872 0.493627413 0.019493250
101649 1649.000000 17758100001649000 0.574500024 0.537642961 0.512218327 0.008319654
101650 1650.000000 17758100001650000 0.574999988 0.538075810 0.501281730 0.002083307
101651 1651.000000 17758100001651000 0.575500011 0.538772970 0.501136315 0.016253129
101652 1652.000000 17758100001652000 0.575999975 0.539048225 0.509734365 -0.018043057
101653 1653.000000 17758100001653000 0.576499999 0.539686316 0.503865516 -0.030989947
101654 1654.000000 17758100001654000 0.577000022 0.540352995 0.502136028 0.046711541
101655 1655.000000 17758100001655000 0.577499986 0.540960930 0.500972092 -0.021001932
101656 1656.000000 17758100001656000 0.578000009 0.541328868 0.504217210 -0.003383894
101657 1657.000000 17758100001657000 0.578499973 0.541862326 0.501012937 0.007685945
101658 1658.000000 17758100001658000 0.578999996 0.541869389 0.501664170 -0.003491807
101659 1659.000000 17758100001659000 0.579500020 0.542431336 0.503709827 0.019826179
101660 1660.000000 17758100001660000 0.579999983 0.543275029 0.501966075 -0.004230967
101661 1661.000000 17758100001661000 0.580500007 0.543652005 0.508515762 -0.028803506
101662 1662.000000 17758100001662000 0.580999970 0.544108491 0.515486100 0.014582808
101663 1663.000000 17758100001663000 0.581499994 0.544720807 0.498175908 -0.016212537
101664 1664.000000 17758100001664000 0.582000017 0.544803981 0.503626085 -0.010290255
101665 1665.000000 17758100001665000 0.582499981 0.545843286 0.511090768 -0.008805319
101666 1666.000000 17758100001666000 0.583000004 0.546056289 0.506274477 -0.021986878
101667 1667.000000 17758100001667000 0.583500028 0.546386201 0.507205078 -0.025044389
101668 1668.000000 17758100001668000 0.583999991 0.547288890 0.502664840 0.013803079
101669 1669.000000 17758100001669000 0.584500015 0.547605570 0.501832440 0.026445471
101670 1670.000000 17758100001670000 0.584999979 0.547998751 0.499634134 -0.003689839
101671 1671.000000 17758100001671000 0.585500002 0.548674840 0.502130457 -0.051412106
101672 1672.000000 17758100001672000 0.586000025 0.549222598 0.504374504 0.022002910
101673 1673.000000 17758100001673000 0.586499989 0.549926657 0.500699797 -0.000699096
101674 1674.000000 17758100001674000 0.587000012 0.550057870 0.507526784 -0.019290825
101675 1675.000000 17758100001675000 0.587499976 0.550794999 0.494909530 0.018524109
101676 1676.000000 17758100001676000 0.588000000 0.551246468 0.504138593 -0.022578273
101677 1677.000000 17758100001677000 0.588500023 0.551438333 0.506050451 0.023012897
101678 1678.000000 17758100001678000 0.588999987 0.552139404 0.497877408 -0.013502888
101679 1679.000000 17758100001679000 0.589500010 0.552827435 0.495539545 0.020179239
101680 1680.000000 17758100001680000 0.589999974 0.553520112 0.510719579 0.003909202
101681 1681.000000 17758100001681000 0.590499997 0.553389651 0.497298843 0.025735310
101682 1682.000000 17758100001682000 0.591000021 0.554258426 0.492368564 0.020509851
101683 1683.000000 17758100001683000 0.591499984 0.554809319 0.503407230 0.020725374
101684 1684.000000 17758100001684000 0.592000008 0.555180195 0.493975927 0.017774002
101685 1685.000000 17758100001685000 0.592499971 0.556124160 0.505720201 0.027230489
101686 1686.000000 17758100001686000 0.592999995 0.556454531 0.504528117 0.027451469
101687 1687.000000 17758100001687000 0.593500018 0.557082393 0.505911502 0.020344032
101688 1688.000000 17758100001688000 0.593999982 0.557386333 0.501677008 0.028131643
101689 1689.000000 17758100001689000 0.594500005 0.557805103 0.495054784 -0.001462337
101690 1690.000000 17758100001690000 0.595000029 0.558580317 0.496191680 0.008190726
101691 1691.000000 17758100001691000 0.595499992 0.558865071 0.508658623 0.005590179
101692 1692.000000 17758100001692000 0.596000016 0.558846501 0.505374037 0.016253424
101693 1693.000000 17758100001693000 0.596499979 0.559524409 0.508416334 -0.011168455
101694 1694.000000 17758100001694000 0.597000003 0.560462965 0.501649399 0.020038888
101695 1695.000000 17758100001695000 0.597500026 0.560849431 0.505441396 0.023527055
101696 1696.000000 17758100001696000 0.597999990 0.561611404 0.508639597 0.039157158
101697 1697.000000 17758100001697000 0.598500013 0.562012820 0.499309780 0.007943233
101698 1698.000000 17758100001698000 0.598999977 0.562658317 0.508625897 0.018009885
101699 1699.000000 17758100001699000 0.599500000 0.562787077 0.504597530 -0.039620380
101700 1700.000000 17758100001700000 0.600000024 0.563326970 0.499760327 -0.004825895
101701 1701.000000 17758100001701000 0.600499988 0.563687790 0.507655988 0.018968203
101702 1702.000000 17758100001702000 0.601000011 0.564382473 0.508426164 -0.010156542
101703 1703.000000 17758100001703000 0.601499975 0.565156360 0.495584461 0.006183902
101704 1704.000000 17758100001704000 0.601999998 0.565274560 0.505755462 -0.005776378
101705 1705.000000 17758100001705000 0.602500021 0.565986441 0.507842435 0.016342821
101706 1706.000000 17758100001706000 0.602999985 0.566196525 0.509532838 0.038803520
101707 1707.000000 17758100001707000 0.603500009 0.566932834 0.506649773 0.046923447
101708 1708.000000 17758100001708000 0.603999972 0.567156449 0.502345903 -0.000763418
101709 1709.000000 17758100001709000 0.604499996 0.567728739 0.491724445 0.016545792
101710 1710.000000 17758100001710000 0.605000019 0.567858939 0.498559269 0.030369467
101711 1711.000000 17758100001711000 0.605499983 0.569032214 0.494958586 0.046296583
101712 1712.000000 17758100001712000 0.606000006 0.569716586 0.501968424 0.028496677
101713 1713.000000 17758100001713000 0.606500030 0.569912550 0.493786399 0.001612955
101714 1714.000000 17758100001714000 0.606999993 0.570473356 0.513616143 -0.015725928
101715 1715.000000 17758100001715000 0.607500017 0.571047507 0.500159419 -0.002048163
101716 1716.000000 17758100001716000 0.607999980 0.571244834 0.510304301 -0.002447569
101717 1717.000000 17758100001717000 0.608500004 0.571717735 0.497590299 0.004728733
101718 1718.000000 17758100001718000 0.609000027 0.572457251 0.506057428 0.022689291
101719 1719.000000 17758100001719000 0.609499991 0.572861930 0.505498379 0.034731440
101720 1720.000000 17758100001720000 0.610000014 0.572854871 0.508481624 0.028937882
101721 1721.000000 17758100001721000 0.610499978 0.574126223 0.511735277 0.028268532
101722 1722.000000 17758100001722000 0.611000001 0.574243053 0.504736115 0.029378279
101723 1723.000000 17758100001723000 0.611500025 0.574809267 0.511570224 0.004594129
101724 1724.000000 17758100001724000 0.611999989 0.575281442 0.494672327 0.029581452
101725 1725.000000 17758100001725000 0.612500012 0.576208213 0.506372763 0.008688012
101726 1726.000000 17758100001726000 0.612999976 0.576814952 0.512285830 0.048560825
101727 1727.000000 17758100001727000 0.613499999 0.576408018 0.497863005 0.011776236
101728 1728.000000 17758100001728000 0.614000022 0.577394050 0.490409647 0.022588440
101729 1729.000000 17758100001729000 0.614499986 0.578043139 0.505138382 0.015576814
101730 1730.000000 17758100001730000 0.615000010 0.578591630 0.496734286 0.031614239
101731 1731.000000 17758100001731000 0.615499973 0.578942719 0.507026744 0.008156766
101732 1732.000000 17758100001732000 0.615999997 0.579414987 0.499807219 -0.027492189
101733 1733.000000 17758100001733000 0.616500020 0.579894556 0.506396684 -0.003764522
101734 1734.000000 17758100001734000 0.616999984 0.580439334 0.496568000 0.047190194
101735 1735.000000 17758100001735000 0.617500007 0.581193092 0.501988317 0.018323783
101736 1736.000000 17758100001736000 0.617999971 0.581559108 0.495275933 0.032296558
101737 1737.000000 17758100001737000 0.618499994 0.582295155 0.498689798 0.025366386
101738 1738.000000 17758100001738000 0.619000018 0.582726132 0.504997634 0.002175482
101739 1739.000000 17758100001739000 0.619499981 0.582831050 0.506638397 0.036202753
101740 1740.000000 17758100001740000 0.620000005 0.583533404 0.498595741 0.029089801
101741 1741.000000 17758100001741000 0.620500028 0.583723168 0.495922475 0.026320029
101742 1742.000000 17758100001742000 0.620999992 0.584538122 0.505657588 0.021662369
101743 1743.000000 17758100001743000 0.621500015 0.584892007 0.491931405 0.014004008
101744 1744.000000 17758100001744000 0.621999979 0.585519447 0.509094951 0.040977239
101745 1745.000000 17758100001745000 0.622500002 0.586169374 0.513536101 -0.010894138
101746 1746.000000 17758100001746000 0.623000026 0.586167004 0.502632681 0.015048142
101747 1747.000000 17758100001747000 0.623499990 0.586688509 0.496907684 0.008609177
101748 1748.000000 17758100001748000 0.624000013 0.587623384 0.505384939 -0.012781510
101749 1749.000000 17758100001749000 0.624499977 0.588144915 0.497338239 -0.019222857
101750 1750.000000 17758100001750000 0.625000000 0.588604960 0.500334405 0.022236516
101751 1751.000000 17758100001751000 0.625500023 0.589188926 0.505359670 0.015554789
101752 1752.000000 17758100001752000 0.625999987 0.589754715 0.503293005 0.008888251
101753 1753.000000 17758100001753000 0.626500010 0.590099046 0.509841395 0.005678986
101754 1754.000000 17758100001754000 0.626999974 0.590820372 0.507377392 0.009501686
101755 1755.000000 17758100001755000 0.627499998 0.591054771 0.500967151 0.018004257
101756 1756.000000 17758100001756000 0.628000021 0.591584064 0.508053225 0.003278072
101757 1757.000000 17758100001757000 0.628499985 0.591738135 0.503765322 -0.004105019
101758 1758.000000 17758100001758000 0.629000008 0.592596824 0.508433105 0.018496802
101759 1759.000000 17758100001759000 0.629499972 0.593343550 0.509528731 0.008311213
101760 1760.000000 17758100001760000 0.629999995 0.593759649 0.499571492 0.011696755
101761 1761.000000 17758100001761000 0.630500019 0.594485553 0.502501349 0.007310205
101762 1762.000000 17758100001762000 0.630999982 0.594318074 0.499120188 0.020890995
101763 1763.000000 17758100001763000 0.631500006 0.595276863 0.510132789 0.016201540
101764 1764.000000 17758100001764000 0.632000029 0.595847211 0.499864378 -0.031707957
101765 1765.000000 17758100001765000 0.632499993 0.596091714 0.492783750 0.045430453
101766 1766.000000 17758100001766000 0.633000016 0.596436792 0.500151538 0.013824068
101767 1767.000000 17758100001767000 0.633499980 0.597194435 0.507551569 0.004288516
101768 1768.000000 17758100001768000 0.634000003 0.597550793 0.502613813 0.025087701
101769 1769.000000 17758100001769000 0.634500027 0.598233749 0.507790070 -0.003810941
101770 1770.000000 17758100001770000 0.634999990 0.598520845 0.497217496 -0.017718263
101771 1771.000000 17758100001771000 0.635500014 0.599151926 0.502762068 0.035374454
101772 1772.000000 17758100001772000 0.635999978 0.599475805 0.508796423 0.026826937
101773 1773.000000 17758100001773000 0.636500001 0.600372574 0.498340382 -0.000177600
101774 1774.000000 17758100001774000 0.637000024 0.600346625 0.509882730 -0.003330013
101775 1775.000000 17758100001775000 0.637499988 0.600806790 0.499346520 0.021871579
101776 1776.000000 17758100001776000 0.638000011 0.601716471 0.505317646 0.023995802
101777 1777.000000 17758100001777000 0.638499975 0.601962602 0.514362850 0.033736799
101778 1778.000000 17758100001778000 0.638999999 0.602661954 0.507028658 0.029477871
101779 1779.000000 17758100001779000 0.639500022 0.603035206 0.505186471 -0.022853063
101780 1780.000000 17758100001780000 0.639999986 0.603546045 0.501983031 0.015911023
101781 1781.000000 17758100001781000 0.640500009 0.603791160 0.514442289 0.028413715
101782 1782.000000 17758100001782000 0.640999973 0.605054716 0.498045347 0.006834008
101783 1783.000000 17758100001783000 0.641499996 0.605133511 0.508995840 0.002964204
101784 1784.000000 17758100001784000 0.642000020 0.605370606 0.508682748 0.033498927
101785 1785.000000 17758100001785000 0.642499983 0.606077180 0.507034926 0.008419118
101786 1786.000000 17758100001786000 0.643000007 0.606679376 0.497357120 0.043642447
101787 1787.000000 17758100001787000 0.643499970 0.607264816 0.503918499 0.001215706
101788 1788.000000 17758100001788000 0.643999994 0.607718029 0.494594710 0.027578667
101789 1789.000000 17758100001789000 0.644500017 0.608156626 0.505401026 0.009627543
101790 1790.000000 17758100001790000 0.644999981 0.608338287 0.498612642 -0.020192732
101791 1791.000000 17758100001791000 0.645500004 0.609109823 0.498742273 0.018942443
101792 1792.000000 17758100001792000 0.646000028 0.609216129 0.509186611 0.027003821
101793 1793.000000 17758100001793000 0.646499991 0.610232702 0.501990385 0.004091976
101794 1794.000000 17758100001794000 0.647000015 0.610754601 0.498604203 0.005038392
101795 1795.000000 17758100001795000 0.647499979 0.611222132 0.501673420 -0.012358415
101796 1796.000000 17758100001796000 0.648000002 0.611841044 0.499905684 0.022799260
101797 1797.000000 17758100001797000 0.648500025 0.611963758 0.507210999 -0.003434146
101798 1798.000000 17758100001798000 0.648999989 0.612891430 0.503234861 0.008462832
101799 1799.000000 17758100001799000 0.649500012 0.613011681 0.502548430 0.027013193
101800 1800.000000 17758100001800000 0.649999976 0.613514451 0.499918861 0.000971197
101801 1801.000000 17758100001801000 0.650500000 0.614347361 0.499422036 0.002005360
101802 1802.000000 17758100001802000 0.651000023 0.614632877 0.497512603 0.016548903
101803 1803.000000 17758100001803000 0.651499987 0.615492786 0.505785806 0.020405552
101804 1804.000000 17758100001804000 0.652000010 0.615908787 0.498516530 -0.008637560
101805 1805.000000 17758100001805000 0.652499974 0.616286847 0.503159822 0.018328224
101806 1806.000000 17758100001806000 0.652999997 0.617035116 0.502948384 -0.004935165
101807 1807.000000 17758100001807000 0.653500021 0.617241095 0.498526160 -0.027180860
101808 1808.000000 17758100001808000 0.653999984 0.618011298 0.497376388 -0.011295244
101809 1809.000000 17758100001809000 0.654500008 0.618283492 0.511601958 -0.006832870
101810 1810.000000 17758100001810000 0.654999971 0.618406701 0.499046387 0.050428327
101811 1811.000000 17758100001811000 0.655499995 0.619422265 0.509874007 0.040406845
101812 1812.000000 17758100001812000 0.656000018 0.619814824 0.503047263 0.003666320
101813 1813.000000 17758100001813000 0.656499982 0.620638050 0.496493505 0.008908326
101814 1814.000000 17758100001814000 0.657000005 0.621133534 0.505335352 -0.024993434
101815 1815.000000 17758100001815000 0.657500029 0.621474298 0.512200628 0.009871854
101816 1816.000000 17758100001816000 0.657999992 0.622035817 0.503708989 0.025976816
101817 1817.000000 17758100001817000 0.658500016 0.622006006 0.496113437 -0.013675586
101818 1818.000000 17758100001818000 0.658999979 0.622620136 0.501360926 0.004403585
101819 1819.000000 17758100001819000 0.659500003 0.623329757 0.511785490 0.054641003
101820 1820.000000 17758100001820000 0.660000026 0.623907214 0.507097380 0.024394031
101821 1821.000000 17758100001821000 0.660499990 0.624595637 0.508188369 -0.011727457
101822 1822.000000 17758100001822000 0.661000013 0.624605307 0.507996289 0.020439168
101823 1823.000000 17758100001823000 0.661499977 0.625576749 0.500572724 0.004451310
101824 1824.000000 17758100001824000 0.662000000 0.625660863 0.497276303 0.032672085
101825 1825.000000 17758100001825000 0.662500024 0.626333500 0.504546450 0.035074014
101826 1826.000000 17758100001826000 0.662999988 0.626457124 0.507118002 0.026835485
101827 1827.000000 17758100001827000 0.663500011 0.627291579 0.502189017 0.025750437
101828 1828.000000 17758100001828000 0.663999975 0.627808160 0.512808738 0.012828564
101829 1829.000000 17758100001829000 0.664499998 0.628298784 0.503682149 0.034168309
101830 1830.000000 17758100001830000 0.665000021 0.628651338 0.507569878 0.021469763
101831 1831.000000 17758100001831000 0.665499985 0.629628436 0.507986587 0.040380291
101832 1832.000000 17758100001832000 0.666000009 0.630215064 0.502510486 -0.039881556
101833 1833.000000 17758100001833000 0.666499972 0.630471605 0.512883218 0.026699143
101834 1834.000000 17758100001834000 0.666999996 0.631041511 0.504511039 0.009943458
101835 1835.000000 17758100001835000 0.667500019 0.631085563 0.510105999 0.041784540
101836 1836.000000 17758100001836000 0.667999983 0.631492911 0.506824522 0.041568682
101837 1837.000000 17758100001837000 0.668500006 0.632443033 0.502696845 -0.005766362
101838 1838.000000 17758100001838000 0.669000030 0.632752202 0.499271337 0.038472041
101839 1839.000000 17758100001839000 0.669499993 0.633405122 0.498986814 0.009543211
101840 1840.000000 17758100001840000 0.670000017 0.634227604 0.499672850 0.025020005
101841 1841.000000 17758100001841000 0.670499980 0.634410526 0.504584033 -0.021291968
101842 1842.000000 17758100001842000 0.671000004 0.634562052 0.508788589 0.047241810
101843 1843.000000 17758100001843000 0.671500027 0.635172226 0.505862227 0.029184387
101844 1844.000000 17758100001844000 0.671999991 0.635986116 0.506278647 0.047225055
101845 1845.000000 17758100001845000 0.672500014 0.636454359 0.504930445 -0.012426062
101846 1846.000000 17758100001846000 0.672999978 0.637019317 0.499973968 0.029913780
101847 1847.000000 17758100001847000 0.673500001 0.637462436 0.506531268 -0.007401755
101848 1848.000000 17758100001848000 0.674000025 0.637801460 0.505157977 0.000769716
101849 1849.000000 17758100001849000 0.674499989 0.638433220 0.505957103 0.014396643
101850 1850.000000 17758100001850000 0.675000012 0.638896192 0.514592096 0.008096239
101851 1851.000000 17758100001851000 0.675499976 0.639318615 0.496819607 -0.026692155
101852 1852.000000 17758100001852000 0.675999999 0.639950367 0.491363615 0.001911612
101853 1853.000000 17758100001853000 0.676500022 0.640430851 0.495322982 0.007573531
101854 1854.000000 17758100001854000 0.676999986 0.640916447 0.510299185 0.008201691
101855 1855.000000 17758100001855000 0.677500010 0.641353588 0.505553419 0.012220663
101856 1856.000000 17758100001856000 0.677999973 0.641918029 0.512248407 0.034676494
101857 1857.000000 17758100001857000 0.678499997 0.642218069 0.499954537 0.023237165
101858 1858.000000 17758100001858000 0.679000020 0.642782407 0.508580398 0.010033795
101859 1859.000000 17758100001859000 0.679499984 0.643258036 0.501591597 0.012610445
101860 1860.000000 17758100001860000 0.680000007 0.644091919 0.498196517 0.007668219
101861 1861.000000 17758100001861000 0.680499971 0.644498210 0.495540258 -0.005422939
101862 1862.000000 17758100001862000 0.680999994 0.644974526 0.499351790 -0.008006695
101863 1863.000000 17758100001863000 0.681500018 0.645519911 0.508166758 0.000593666
101864 1864.000000 17758100001864000 0.681999981 0.645748398 0.505721145 0.036892304
101865 1865.000000 17758100001865000 0.682500005 0.646308611 0.510321647 -0.020187877
101866 1866.000000 17758100001866000 0.683000028 0.647107760 0.503586764 -0.005001881
101867 1867.000000 17758100001867000 0.683499992 0.647462594 0.511485074 0.007499522
101868 1868.000000 17758100001868000 0.684000015 0.647972902 0.498656215 -0.005159910
101869 1869.000000 17758100001869000 0.684499979 0.648269088 0.508232405 -0.001627556
101870 1870.000000 17758100001870000 0.685000002 0.648921528 0.501954272 0.056202071
101871 1871.000000 17758100001871000 0.685500026 0.649515358 0.511518897 0.016405882
101872 1872.000000 17758100001872000 0.685999990 0.649943765 0.508036434 0.030303526
101873 1873.000000 17758100001873000 0.686500013 0.650316231 0.506951457 0.025922615
101874 1874.000000 17758100001874000 0.686999977 0.651132348 0.505258859 -0.005481422
101875 1875.000000 17758100001875000 0.687500000 0.651523630 0.501423589 0.023855563
101876 1876.000000 17758100001876000 0.688000023 0.652436700 0.499832415 -0.002121014
101877 1877.000000 17758100001877000 0.688499987 0.652709726 0.501456123 0.029850776
101878 1878.000000 17758100001878000 0.689000010 0.653106802 0.510376420 0.049897698
101879 1879.000000 17758100001879000 0.689499974 0.653607777 0.509177012 -0.000166381
101880 1880.000000 17758100001880000 0.689999998 0.654030136 0.506754982 0.018446452
101881 1881.000000 17758100001881000 0.690500021 0.654350348 0.504740305 -0.000450367
101882 1882.000000 17758100001882000 0.690999985 0.654937760 0.495506535 -0.002164632
101883 1883.000000 17758100001883000 0.691500008 0.655305663 0.492941687 0.011313134
101884 1884.000000 17758100001884000 0.691999972 0.656111714 0.506751532 0.003156336
101885 1885.000000 17758100001885000 0.692499995 0.656780265 0.502155387 0.037682522
101886 1886.000000 17758100001886000 0.693000019 0.657086259 0.502982599 0.010378137
101887 1887.000000 17758100001887000 0.693499982 0.657687034 0.506756197 0.012738472
101888 1888.000000 17758100001888000 0.694000006 0.657935068 0.503014352 0.000813920
101889 1889.000000 17758100001889000 0.694500029 0.658582892 0.501770488 -0.006734039
101890 1890.000000 17758100001890000 0.694999993 0.658906348 0.510012998 0.004711141
101891 1891.000000 17758100001891000 0.695500016 0.659577342 0.501396512 0.044273221
101892 1892.000000 17758100001892000 0.695999980 0.660230398 0.493707300 0.057302281
101893 1893.000000 17758100001893000 0.696500003 0.660516918 0.504678555 -0.013165867
101894 1894.000000 17758100001894000 0.697000027 0.661186980 0.505139369 0.012132201
101895 1895.000000 17758100001895000 0.697499990 0.661806902 0.509332843 0.012696984
101896 1896.000000 17758100001896000 0.698000014 0.662218670 0.506249132 0.021703362
101897 1897.000000 17758100001897000 0.698499978 0.662792757 0.495611136 0.032166244
101898 1898.000000 17758100001898000 0.699000001 0.663156307 0.499613107 0.065939835
101899 1899.000000 17758100001899000 0.699500024 0.663725581 0.498742013 0.010018199
101900 1900.000000 17758100001900000 0.699999988 0.663963521 0.506314530 0.030523275
101901 1901.000000 17758100001901000 0.700500011 0.664725448 0.503343385 -0.000122146
101902 1902.000000 17758100001902000 0.700999975 0.665138356 0.507608709 -0.017493369
101903 1903.000000 17758100001903000 0.701499999 0.665991783 0.503145654 0.017077424
101904 1904.000000 17758100001904000 0.702000022 0.666195498 0.502881688 0.034238075
101905 1905.000000 17758100001905000 0.702499986 0.666613528 0.507554863 0.029287907
101906 1906.000000 17758100001906000 0.703000009 0.667263737 0.500599557 0.022493400
101907 1907.000000 17758100001907000 0.703499973 0.667532620 0.498776080 -0.005467070
101908 1908.000000 17758100001908000 0.703999996 0.668143838 0.503511971 0.043112702
101909 1909.000000 17758100001909000 0.704500020 0.668771767 0.502544927 0.000639114
101910 1910.000000 17758100001910000 0.704999983 0.668881259 0.497313574 -0.014234660
101911 1911.000000 17758100001911000 0.705500007 0.669669045 0.504898906 0.026884015
101912 1912.000000 17758100001912000 0.705999970 0.670272731 0.506691548 0.053144269
101913 1913.000000 17758100001913000 0.706499994 0.670803590 0.504956292 0.022186300
101914 1914.000000 17758100001914000 0.707000017 0.671345221 0.512361097 0.034092275
101915 1915.000000 17758100001915000 0.707499981 0.671944462 0.494330329 -0.027861265
101916 1916.000000 17758100001916000 0.708000004 0.671969660 0.504489698 0.030724243
101917 1917.000000 17758100001917000 0.708500028 0.672481188 0.516491224 -0.002467407
101918 1918.000000 17758100001918000 0.708999991 0.673000811 0.511033396 0.010629268
101919 1919.000000 17758100001919000 0.709500015 0.673579743 0.501883829 -0.001583435
101920 1920.000000 17758100001920000 0.709999979 0.673907510 0.498393193 0.034929986
101921 1921.000000 17758100001921000 0.710500002 0.674480538 0.504633548 0.009891054
101922 1922.000000 17758100001922000 0.711000025 0.675055596 0.502615616 0.039848817
101923 1923.000000 17758100001923000 0.711499989 0.675575990 0.504783343 0.007497560
101924 1924.000000 17758100001924000 0.712000012 0.676139267 0.499774213 0.024263611
101925 1925.000000 17758100001925000 0.712499976 0.676957339 0.511497788 0.001268390
101926 1926.000000 17758100001926000 0.713000000 0.677647081 0.490850989 -0.001046999
101927 1927.000000 17758100001927000 0.713500023 0.677675952 0.507282182 -0.012094833
101928 1928.000000 17758100001928000 0.713999987 0.678101054 0.497467010 0.002118079
101929 1929.000000 17758100001929000 0.714500010 0.678531320 0.492376318 0.021081435
101930 1930.000000 17758100001930000 0.714999974 0.679540980 0.496874426 0.047105971
101931 1931.000000 17758100001931000 0.715499997 0.679925810 0.499740462 0.009135023
101932 1932.000000 17758100001932000 0.716000021 0.680272925 0.498473228 -0.004030581
101933 1933.000000 17758100001933000 0.716499984 0.680877592 0.503400225 0.005963009
101934 1934.000000 17758100001934000 0.717000008 0.681635080 0.507969797 0.015345086
101935 1935.000000 17758100001935000 0.717499971 0.681404300 0.504979840 0.021785625
101936 1936.000000 17758100001936000 0.717999995 0.682399515 0.506949315 -0.015367048
101937 1937.000000 17758100001937000 0.718500018 0.682873175 0.505494624 0.022900903
101938 1938.000000 17758100001938000 0.718999982 0.683424839 0.509371064 0.020578746
101939 1939.000000 17758100001939000 0.719500005 0.683591125 0.500301308 0.009622016
101940 1940.000000 17758100001940000 0.720000029 0.684346578 0.506283915 0.035597593
101941 1941.000000 17758100001941000 0.720499992 0.684854127 0.500937171 -0.010465459
101942 1942.000000 17758100001942000 0.721000016 0.685561670 0.499897318 0.012148393
101943 1943.000000 17758100001943000 0.721499979 0.685526284 0.514738921 0.025851061
101944 1944.000000 17758100001944000 0.722000003 0.686530714 0.504868397 0.031055275
101945 1945.000000 17758100001945000 0.722500026 0.687104946 0.494150935 0.002637723
101946 1946.000000 17758100001946000 0.722999990 0.687098465 0.500605712 -0.008612679
101947 1947.000000 17758100001947000 0.723500013 0.687763137 0.490436050 0.013325301
101948 1948.000000 17758100001948000 0.723999977 0.688746474 0.499318955 -0.028419693
101949 1949.000000 17758100001949000 0.724500000 0.688571129 0.495988400 0.017602643
101950 1950.000000 17758100001950000 0.725000024 0.689411145 0.495466134 -0.011875747
101951 1951.000000 17758100001951000 0.725499988 0.689988980 0.504232895 0.018832330
101952 1952.000000 17758100001952000 0.726000011 0.690390836 0.505144439 -0.013139587
101953 1953.000000 17758100001953000 0.726499975 0.690631970 0.509889502 0.044062894
101954 1954.000000 17758100001954000 0.726999998 0.691183825 0.510137125 -0.016454102
101955 1955.000000 17758100001955000 0.727500021 0.691949880 0.507433518 0.003060685
101956 1956.000000 17758100001956000 0.727999985 0.692197442 0.499483387 0.036801275
101957 1957.000000 17758100001957000 0.728500009 0.692761153 0.502109272 0.009145906
101958 1958.000000 17758100001958000 0.728999972 0.693077192 0.509320863 0.022642903
101959 1959.000000 17758100001959000 0.729499996 0.693825063 0.506236897 0.048377305
101960 1960.000000 17758100001960000 0.730000019 0.694307261 0.513290519 0.002771619
101961 1961.000000 17758100001961000 0.730499983 0.694699859 0.501781154 -0.053801040
101962 1962.000000 17758100001962000 0.731000006 0.695269605 0.501444228 0.022046787
101963 1963.000000 17758100001963000 0.731500030 0.695619150 0.492809369 0.028279792
101964 1964.000000 17758100001964000 0.731999993 0.696248181 0.498694280 0.024289588
101965 1965.000000 17758100001965000 0.732500017 0.696711798 0.500966413 0.014253904
101966 1966.000000 17758100001966000 0.732999980 0.697327444 0.504262753 0.011609437
101967 1967.000000 17758100001967000 0.733500004 0.698065845 0.510440272 0.009791993
101968 1968.000000 17758100001968000 0.734000027 0.698285937 0.505747592 0.026655591
101969 1969.000000 17758100001969000 0.734499991 0.698519358 0.502845394 -0.002438784
101970 1970.000000 17758100001970000 0.735000014 0.699696162 0.511971800 0.043045275
101971 1971.000000 17758100001971000 0.735499978 0.699489835 0.510115100 -0.011306837
101972 1972.000000 17758100001972000 0.736000001 0.700283570 0.501999062 -0.021220557
101973 1973.000000 17758100001973000 0.736500025 0.701110526 0.503898948 -0.010432015
101974 1974.000000 17758100001974000 0.736999989 0.701284687 0.502761303 -0.011839029
101975 1975.000000 17758100001975000 0.737500012 0.702105690 0.505938984 0.021326529
101976 1976.000000 17758100001976000 0.737999976 0.702545962 0.500427059 0.022580853
101977 1977.000000 17758100001977000 0.738499999 0.702899006 0.502073782 -0.018389667
101978 1978.000000 17758100001978000 0.739000022 0.703224934 0.508366044 0.003071650
101979 1979.000000 17758100001979000 0.739499986 0.704112298 0.501742779 0.049258763
101980 1980.000000 17758100001980000 0.740000010 0.704604129 0.510738097 0.042215432
101981 1981.000000 17758100001981000 0.740499973 0.704815272 0.501250354 0.032952029
101982 1982.000000 17758100001982000 0.740999997 0.705241083 0.503262393 -0.002515123
101983 1983.000000 17758100001983000 0.741500020 0.705667782 0.512348914 -0.025475656
101984 1984.000000 17758100001984000 0.741999984 0.706341632 0.503496218 0.035819516
101985 1985.000000 17758100001985000 0.742500007 0.706608278 0.504613594 0.019653470
101986 1986.000000 17758100001986000 0.742999971 0.707554823 0.502870991 0.036409532
101987 1987.000000 17758100001987000 0.743499994 0.708160752 0.497980878 -0.018851959
101988 1988.000000 17758100001988000 0.744000018 0.708292287 0.500008609 0.013739634
101989 1989.000000 17758100001989000 0.744499981 0.709130470 0.504712118 -0.011883188
101990 1990.000000 17758100001990000 0.745000005 0.710018835 0.499693299 0.032849671
101991 1991.000000 17758100001991000 0.745500028 0.709429815 0.504705959 0.038022907
101992 1992.000000 17758100001992000 0.745999992 0.710879915 0.496902993 0.012090248
101993 1993.000000 17758100001993000 0.746500015 0.711007589 0.501232759 -0.007145599
101994 1994.000000 17758100001994000 0.746999979 0.711096846 0.500805176 -0.001674760
101995 1995.000000 17758100001995000 0.747500002 0.712190053 0.505340984 0.037170651
101996 1996.000000 17758100001996000 0.748000026 0.712318914 0.505188452 -0.015531081
101997 1997.000000 17758100001997000 0.748499990 0.712714462 0.509034798 0.000293055
101998 1998.000000 17758100001998000 0.749000013 0.713190041 0.512084805 0.003199304
101999 1999.000000 17758100001999000 0.749499977 0.713679175 0.503659621 0.025872814
102000 2000.000000 17758100002000000 0.750000000 0.714551466 0.504927130 0.039148632
102001 2001.000000 17758100002001000 0.749625027 0.715030349 0.507948729 0.011370104
102002 2002.000000 17758100002002000 0.749249995 0.715614211 0.509226899 0.009926609
102003 2003.000000 17758100002003000 0.748875022 0.715893956 0.503470068 0.051310285
102004 2004.000000 17758100002004000 0.748499990 0.716884182 0.500975768 -0.022058933
102005 2005.000000 17758100002005000 0.748125017 0.716962001 0.498801814 -0.003000527
102006 2006.000000 17758100002006000 0.747749984 0.717698550 0.496342620 -0.035921145
102007 2007.000000 17758100002007000 0.747375011 0.718144204 0.497828609 0.011016306
102008 2008.000000 17758100002008000 0.746999979 0.718832108 0.497673979 -0.067917869
102009 2009.000000 17758100002009000 0.746625006 0.718914348 0.494800401 -0.084433281
102010 2010.000000 17758100002010000 0.746249974 0.719625401 0.500755452 -0.031194391
102011 2011.000000 17758100002011000 0.745875001 0.720027920 0.492950118 -0.070615888
102012 2012.000000 17758100002012000 0.745500028 0.720430192 0.485742856 -0.089533094
102013 2013.000000 17758100002013000 0.745124996 0.720732803 0.490315023 -0.094297444
102014 2014.000000 17758100002014000 0.744750023 0.721272638 0.487392179 -0.072261397
102015 2015.000000 17758100002015000 0.744374990 0.721574161 0.475523679 -0.047704409
102016 2016.000000 17758100002016000 0.744000018 0.722676515 0.477659967 -0.069079539
102017 2017.000000 17758100002017000 0.743624985 0.722612291 0.476214665 -0.113605611
102018 2018.000000 17758100002018000 0.743250012 0.723354322 0.468860028 -0.103635103
102019 2019.000000 17758100002019000 0.742874980 0.723800256 0.467020847 -0.145730962
102020 2020.000000 17758100002020000 0.742500007 0.724190080 0.455479945 -0.140898644
102021 2021.000000 17758100002021000 0.742124975 0.724711532 0.449467725 -0.138787658
102022 2022.000000 17758100002022000 0.741750002 0.724955197 0.450951375 -0.122529147
102023 2023.000000 17758100002023000 0.741375029 0.725698373 0.450194311 -0.139595460
102024 2024.000000 17758100002024000 0.740999997 0.725665392 0.442010937 -0.142528610
102025 2025.000000 17758100002025000 0.740625024 0.726376555 0.444620638 -0.168916909
102026 2026.000000 17758100002026000 0.740249991 0.727035304 0.428036936 -0.102778056
102027 2027.000000 17758100002027000 0.739875019 0.727458720 0.422097243 -0.166028922
102028 2028.000000 17758100002028000 0.739499986 0.727661714 0.415756472 -0.183631479
102029 2029.000000 17758100002029000 0.739125013 0.728395230 0.413243764 -0.157583877
102030 2030.000000 17758100002030000 0.738749981 0.728443150 0.399050000 -0.142822095
102031 2031.000000 17758100002031000 0.738375008 0.728701105 0.394652998 -0.188993655
102032 2032.000000 17758100002032000 0.737999976 0.729449908 0.384693653 -0.132983580
102033 2033.000000 17758100002033000 0.737625003 0.729915125 0.393195410 -0.193493758
102034 2034.000000 17758100002034000 0.737249970 0.730456722 0.385497757 -0.183932805
102035 2035.000000 17758100002035000 0.736874998 0.730330375 0.367638034 -0.182781586
102036 2036.000000 17758100002036000 0.736500025 0.730520113 0.365405720 -0.157536798
102037 2037.000000 17758100002037000 0.736124992 0.730955452 0.356620162 -0.172951959
102038 2038.000000 17758100002038000 0.735750020 0.731657738 0.354111827 -0.216553857
102039 2039.000000 17758100002039000 0.735374987 0.731566858 0.343468337 -0.192461149
102040 2040.000000 17758100002040000 0.735000014 0.732304554 0.338707273 -0.200384411
102041 2041.000000 17758100002041000 0.734624982 0.732637637 0.340718458 -0.199529694
102042 2042.000000 17758100002042000 0.734250009 0.732636125 0.327288510 -0.179237240
102043 2043.000000 17758100002043000 0.733874977 0.733427315 0.312995002 -0.156997452
102044 2044.000000 17758100002044000 0.733500004 0.733630144 0.311908990 -0.224445756
102045 2045.000000 17758100002045000 0.733124971 0.734053155 0.301080694 -0.232378206
102046 2046.000000 17758100002046000 0.732749999 0.734051100 0.298922964 -0.198854608
102047 2047.000000 17758100002047000 0.732375026 0.734824752 0.284471203 -0.194463732
102048 2048.000000 17758100002048000 0.731999993 0.734838599 0.276993134 -0.193105953
102049 2049.000000 17758100002049000 0.731625021 0.734909340 0.274382137 -0.207031828
102050 2050.000000 17758100002050000 0.731249988 0.735672151 0.265198660 -0.208675974
102051 2051.000000 17758100002051000 0.730875015 0.735536604 0.262544693 -0.165893801
102052 2052.000000 17758100002052000 0.730499983 0.735644966 0.255212821 -0.171786767
102053 2053.000000 17758100002053000 0.730125010 0.736036889 0.248123857 -0.164527350
102054 2054.000000 17758100002054000 0.729749978 0.736228663 0.248211176 -0.257675285
102055 2055.000000 17758100002055000 0.729375005 0.736629486 0.228247966 -0.207327720
102056 2056.000000 17758100002056000 0.728999972 0.736924947 0.230174628 -0.240883591
102057 2057.000000 17758100002057000 0.728625000 0.736636056 0.223111880 -0.203939288
102058 2058.000000 17758100002058000 0.728250027 0.737247542 0.213893344 -0.198291407
102059 2059.000000 17758100002059000 0.727874994 0.737187563 0.196323192 -0.234548086
102060 2060.000000 17758100002060000 0.727500021 0.737511082 0.201276990 -0.181590608
102061 2061.000000 17758100002061000 0.727124989 0.737965741 0.188263747 -0.201927625
102062 2062.000000 17758100002062000 0.726750016 0.738338299 0.185896166 -0.213553668
102063 2063.000000 17758100002063000 0.726374984 0.738079892 0.164361698 -0.205715448
102064 2064.000000 17758100002064000 0.726000011 0.738307381 0.162562971 -0.187432277
102065 2065.000000 17758100002065000 0.725624979 0.738676525 0.154767994 -0.188503452
102066 2066.000000 17758100002066000 0.725250006 0.738691238 0.150147279 -0.197829193
102067 2067.000000 17758100002067000 0.724874973 0.739053927 0.147766616 -0.226223671
102068 2068.000000 17758100002068000 0.724500000 0.738884660 0.129872499 -0.181543974
102069 2069.000000 17758100002069000 0.724125028 0.738813628 0.132271608 -0.182481951
102070 2070.000000 17758100002070000 0.723749995 0.739020958 0.114611366 -0.250136320
102071 2071.000000 17758100002071000 0.723375022 0.739349770 0.110284733 -0.199051875
102072 2072.000000 17758100002072000 0.722999990 0.739609992 0.106220856 -0.171479297
102073 2073.000000 17758100002073000 0.722625017 0.739892859 0.099819765 -0.205242470
102074 2074.000000 17758100002074000 0.722249985 0.739781309 0.087107737 -0.185170260
102075 2075.000000 17758100002075000 0.721875012 0.739503261 0.084394710 -0.204162420
102076 2076.000000 17758100002076000 0.721499979 0.739996699 0.070835643 -0.203811133
102077 2077.000000 17758100002077000 0.721125007 0.739540845 0.064185335 -0.240931805
102078 2078.000000 17758100002078000 0.720749974 0.739832938 0.070796398 -0.181604093
102079 2079.000000 17758100002079000 0.720375001 0.739876611 0.062933029 -0.190318755
102080 2080.000000 17758100002080000 0.720000029 0.739738915 0.043695300 -0.201995718
102081 2081.000000 17758100002081000 0.719624996 0.740179346 0.046018670 -0.156226074
102082 2082.000000 17758100002082000 0.719250023 0.739671090 0.039227565 -0.191394220
102083 2083.000000 17758100002083000 0.718874991 0.740317236 0.024145274 -0.196083237
102084 2084.000000 17758100002084000 0.718500018 0.739922059 0.026332041 -0.214907378
102085 2085.000000 17758100002085000 0.718124986 0.740221180 0.024490638 -0.172308133
102086 2086.000000 17758100002086000 0.717750013 0.740297352 0.017035245 -0.209323156
102087 2087.000000 17758100002087000 0.717374980 0.740390714 0.001539311 -0.170309551
102088 2088.000000 17758100002088000 0.717000008 0.739865312 0.004471292 -0.176140056
102089 2089.000000 17758100002089000 0.716624975 0.739983058 -0.008373102 -0.194382747
102090 2090.000000 17758100002090000 0.716250002 0.739932151 -0.010783758 -0.170116013
102091 2091.000000 17758100002091000 0.715875030 0.739666082 -0.018132008 -0.176803873
102092 2092.000000 17758100002092000 0.715499997 0.739945673 -0.028726420 -0.138996577
102093 2093.000000 17758100002093000 0.715125024 0.739888950 -0.034224229 -0.198518225
102094 2094.000000 17758100002094000 0.714749992 0.739776728 -0.041919610 -0.168315601
102095 2095.000000 17758100002095000 0.714375019 0.740204344 -0.044420755 -0.168162144
102096 2096.000000 17758100002096000 0.713999987 0.740026256 -0.052871709 -0.168400545
102097 2097.000000 17758100002097000 0.713625014 0.739626033 -0.064959234 -0.160292030
102098 2098.000000 17758100002098000 0.713249981 0.739749150 -0.062111308 -0.144515179
102099 2099.000000 17758100002099000 0.712875009 0.739613132 -0.078531335 -0.119561565
102100 2100.000000 17758100002100000 0.712499976 0.739643096 -0.071638490 -0.176488886
102101 2101.000000 17758100002101000 0.712125003 0.739280952 -0.081181815 -0.141326027
102102 2102.000000 17758100002102000 0.711749971 0.739586681 -0.082989729 -0.203493398
102103 2103.000000 17758100002103000 0.711374998 0.739098998 -0.085541183 -0.148335501
102104 2104.000000 17758100002104000 0.711000025 0.738942092 -0.094358950 -0.158032808
102105 2105.000000 17758100002105000 0.710624993 0.739030812 -0.100660736 -0.163493748
102106 2106.000000 17758100002106000 0.710250020 0.739230133 -0.100449866 -0.142870013
102107 2107.000000 17758100002107000 0.709874988 0.738959448 -0.117419288 -0.123722128
102108 2108.000000 17758100002108000 0.709500015 0.738785766 -0.119981005 -0.159394619
102109 2109.000000 17758100002109000 0.709124982 0.738779111 -0.127475833 -0.108248366
102110 2110.000000 17758100002110000 0.708750010 0.738717853 -0.119270101 -0.137909392
102111 2111.000000 17758100002111000 0.708374977 0.738522537 -0.129406458 -0.153709016
102112 2112.000000 17758100002112000 0.708000004 0.738482267 -0.137073661 -0.148742702
102113 2113.000000 17758100002113000 0.707624972 0.738454730 -0.143774726 -0.116200992
102114 2114.000000 17758100002114000 0.707249999 0.738288476 -0.153557893 -0.142543951
102115 2115.000000 17758100002115000 0.706875026 0.737613161 -0.146280295 -0.104177667
102116 2116.000000 17758100002116000 0.706499994 0.737774271 -0.154494033 -0.106353438
102117 2117.000000 17758100002117000 0.706125021 0.737597296 -0.160727318 -0.153530477
102118 2118.000000 17758100002118000 0.705749989 0.737323188 -0.155745908 -0.164089829
102119 2119.000000 17758100002119000 0.705375016 0.737427208 -0.173688117 -0.135866138
102120 2120.000000 17758100002120000 0.704999983 0.736986115 -0.168910647 -0.131966767
102121 2121.000000 17758100002121000 0.704625010 0.736680341 -0.183053790 -0.120288727
102122 2122.000000 17758100002122000 0.704249978 0.736774610 -0.182817337 -0.138343295
102123 2123.000000 17758100002123000 0.703875005 0.736332825 -0.186305100 -0.100930739
102124 2124.000000 17758100002124000 0.703499973 0.736416545 -0.200801107 -0.104899657
102125 2125.000000 17758100002125000 0.703125000 0.735950399 -0.191399430 -0.125982037
102126 2126.000000 17758100002126000 0.702750027 0.735964105 -0.207036561 -0.124314969
102127 2127.000000 17758100002127000 0.702374995 0.735655058 -0.212620073 -0.114964695
102128 2128.000000 17758100002128000 0.702000022 0.735766159 -0.209827875 -0.109614274
102129 2129.000000 17758100002129000 0.701624990 0.735408300 -0.218991192 -0.082014339
102130 2130.000000 17758100002130000 0.701250017 0.734886169 -0.222517721 -0.113676830
102131 2131.000000 17758100002131000 0.700874984 0.734931538 -0.220913527 -0.083822381
102132 2132.000000 17758100002132000 0.700500011 0.734462102 -0.223772680 -0.136248110
102133 2133.000000 17758100002133000 0.700124979 0.734257303 -0.235832193 -0.121160105
102134 2134.000000 17758100002134000 0.699750006 0.734369550 -0.233249745 -0.091420889
102135 2135.000000 17758100002135000 0.699374974 0.733813339 -0.238390552 -0.091583277
102136 2136.000000 17758100002136000 0.699000001 0.733591788 -0.246867238 -0.132536233
102137 2137.000000 17758100002137000 0.698625028 0.733022333 -0.240759642 -0.115642090
102138 2138.000000 17758100002138000 0.698249996 0.733369465 -0.246728690 -0.092878780
102139 2139.000000 17758100002139000 0.697875023 0.732965370 -0.245058387 -0.121038725
102140 2140.000000 17758100002140000 0.697499990 0.732331059 -0.255630897 -0.112204357
102141 2141.000000 17758100002141000 0.697125018 0.732527095 -0.254964727 -0.087885035
102142 2142.000000 17758100002142000 0.696749985 0.732170510 -0.264633980 -0.085584087
102143 2143.000000 17758100002143000 0.696375012 0.731979360 -0.264172715 -0.056500090
102144 2144.000000 17758100002144000 0.695999980 0.731664872 -0.267147519 -0.096177378
102145 2145.000000 17758100002145000 0.695625007 0.731426441 -0.274903191 -0.105544158
102146 2146.000000 17758100002146000 0.695249975 0.731341867 -0.273296026 -0.089683696
102147 2147.000000 17758100002147000 0.694875002 0.730843074 -0.276597687 -0.090893966
102148 2148.000000 17758100002148000 0.694500029 0.730669208 -0.275492653 -0.092225572
102149 2149.000000 17758100002149000 0.694124997 0.730500849 -0.280390860 -0.092395294
102150 2150.000000 17758100002150000 0.693750024 0.730052001 -0.284794688 -0.104493484
102151 2151.000000 17758100002151000 0.693374991 0.729500910 -0.289067461 -0.061134109
102152 2152.000000 17758100002152000 0.693000019 0.729539292 -0.288239410 -0.090257764
102153 2153.000000 17758100002153000 0.692624986 0.728731128 -0.296663039 -0.071492912
102154 2154.000000 17758100002154000 0.692250013 0.728693864 -0.306454699 -0.073049546
102155 2155.000000 17758100002155000 0.691874981 0.728315585 -0.298025301 -0.109004334
102156 2156.000000 17758100002156000 0.691500008 0.727795064 -0.312718263 -0.081295532
102157 2157.000000 17758100002157000 0.691124976 0.727931392 -0.300929866 -0.106700276
102158 2158.000000 17758100002158000 0.690750003 0.727572246 -0.301459210 -0.063717421
102159 2159.000000 17758100002159000 0.690374970 0.727098345 -0.301352370 -0.060278551
102160 2160.000000 17758100002160000 0.689999998 0.727074800 -0.307656124 -0.042882131
102161 2161.000000 17758100002161000 0.689625025 0.726533350 -0.309197040 -0.054768413
102162 2162.000000 17758100002162000 0.689249992 0.726218341 -0.307609719 -0.074575007
102163 2163.000000 17758100002163000 0.688875020 0.725678159 -0.318289253 -0.053871694
102164 2164.000000 17758100002164000 0.688499987 0.725672536 -0.313307668 -0.053895565
102165 2165.000000 17758100002165000 0.688125014 0.725475334 -0.325400260 -0.088903444
102166 2166.000000 17758100002166000 0.687749982 0.725454135 -0.326382564 -0.066848116
102167 2167.000000 17758100002167000 0.687375009 0.725022343 -0.321246202 -0.076495138
102168 2168.000000 17758100002168000 0.686999977 0.724619972 -0.316499390 -0.066981217
102169 2169.000000 17758100002169000 0.686625004 0.724176708 -0.332476170 -0.072988292
102170 2170.000000 17758100002170000 0.686249971 0.723666668 -0.327442992 -0.069037861
102171 2171.000000 17758100002171000 0.685874999 0.723525540 -0.332131531 -0.042595585
102172 2172.000000 17758100002172000 0.685500026 0.723509609 -0.329907155 -0.081813939
102173 2173.000000 17758100002173000 0.685124993 0.722272721 -0.336424619 -0.051305358
102174 2174.000000 17758100002174000 0.684750021 0.722160877 -0.333049946 -0.036901418
102175 2175.000000 17758100002175000 0.684374988 0.722231286 -0.347627136 -0.057981870
102176 2176.000000 17758100002176000 0.684000015 0.721966381 -0.334152968 -0.049067279
102177 2177.000000 17758100002177000 0.683624983 0.721567227 -0.351275044 -0.055511820
102178 2178.000000 17758100002178000 0.683250010 0.721386727 -0.345448612 -0.049922655
102179 2179.000000 17758100002179000 0.682874978 0.720548989 -0.337854411 -0.069264376
102180 2180.000000 17758100002180000 0.682500005 0.720531261 -0.341430121 -0.041835646
102181 2181.000000 17758100002181000 0.682124972 0.720107904 -0.345967267 -0.022962885
102182 2182.000000 17758100002182000 0.681750000 0.719757659 -0.348018446 -0.049579648
102183 2183.000000 17758100002183000 0.681375027 0.719236472 -0.350859161 -0.043579369
102184 2184.000000 17758100002184000 0.680999994 0.718701888 -0.356343780 -0.039727418
102185 2185.000000 17758100002185000 0.680625021 0.718487222 -0.343331921 -0.041074744
102186 2186.000000 17758100002186000 0.680249989 0.718070842 -0.357462451 -0.020962331
102187 2187.000000 17758100002187000 0.679875016 0.717765883 -0.349822734 -0.055789260
102188 2188.000000 17758100002188000 0.679499984 0.717673858 -0.362949453 -0.047849051
102189 2189.000000 17758100002189000 0.679125011 0.717418752 -0.360493469 -0.037704051
102190 2190.000000 17758100002190000 0.678749979 0.716612788 -0.358405163 -0.038161483
102191 2191.000000 17758100002191000 0.678375006 0.716629573 -0.356878144 -0.030791121
102192 2192.000000 17758100002192000 0.677999973 0.716264425 -0.361809634 -0.031252058
102193 2193.000000 17758100002193000 0.677625000 0.715653364 -0.357985712 -0.023622812
102194 2194.000000 17758100002194000 0.677250028 0.715692656 -0.358656701 -0.044532029
102195 2195.000000 17758100002195000 0.676874995 0.714824640 -0.365443559 -0.034346500
102196 2196.000000 17758100002196000 0.676500022 0.714764061 -0.361556337 -0.050541254
102197 2197.000000 17758100002197000 0.676124990 0.714264497 -0.363268071 -0.039262858
102198 2198.000000 17758100002198000 0.675750017 0.714099881 -0.365584231 -0.005123827
102199 2199.000000 17758100002199000 0.675374985 0.713709561 -0.378208956 -0.023391778
102200 2200.000000 17758100002200000 0.675000012 0.712826414 -0.370740675 -0.016508058
102201 2201.000000 17758100002201000 0.674624979 0.713152586 -0.372828290 -0.009216646
102202 2202.000000 17758100002202000 0.674250007 0.712616466 -0.370543686 -0.034535415
102203 2203.000000 17758100002203000 0.673874974 0.711841567 -0.373310542 -0.063420542
102204 2204.000000 17758100002204000 0.673500001 0.711740681 -0.369865569 0.008616078
102205 2205.000000 17758100002205000 0.673125029 0.711580443 -0.375696141 -0.049858512
102206 2206.000000 17758100002206000 0.672749996 0.711120925 -0.372186686 -0.019331552
102207 2207.000000 17758100002207000 0.672375023 0.710381752 -0.376687832 0.000482783
102208 2208.000000 17758100002208000 0.671999991 0.710002476 -0.382975083 -0.056405350
102209 2209.000000 17758100002209000 0.671625018 0.709914077 -0.379812707 -0.003082540
102210 2210.000000 17758100002210000 0.671249986 0.709440050 -0.380937330 0.001842218
102211 2211.000000 17758100002211000 0.670875013 0.709119303 -0.380608717 -0.034599641
102212 2212.000000 17758100002212000 0.670499980 0.708268876 -0.377534552 0.001419456
102213 2213.000000 17758100002213000 0.670125008 0.708374755 -0.389253953 -0.022751530
102214 2214.000000 17758100002214000 0.669749975 0.707850107 -0.379185643 -0.022824527
102215 2215.000000 17758100002215000 0.669375002 0.707354902 -0.379460020 -0.010036039
102216 2216.000000 17758100002216000 0.669000030 0.707092289 -0.385651415 -0.034149298
102217 2217.000000 17758100002217000 0.668624997 0.706810046 -0.381545932 -0.044770212
102218 2218.000000 17758100002218000 0.668250024 0.706207909 -0.371451382 -0.014345983
102219 2219.000000 17758100002219000 0.667874992 0.705983952 -0.383712588 -0.033706845
102220 2220.000000 17758100002220000 0.667500019 0.705627159 -0.390063726 -0.075638678
102221 2221.000000 17758100002221000 0.667124987 0.704980457 -0.388018619 -0.012329317
102222 2222.000000 17758100002222000 0.666750014 0.705024061 -0.382068073 -0.000393757
102223 2223.000000 17758100002223000 0.666374981 0.704671271 -0.382542547 -0.015904897
102224 2224.000000 17758100002224000 0.666000009 0.704399718 -0.383906920 -0.029227003
102225 2225.000000 17758100002225000 0.665624976 0.704235136 -0.382369777 -0.021552301
102226 2226.000000 17758100002226000 0.665250003 0.703413338 -0.373942283 -0.023640052
102227 2227.000000 17758100002227000 0.664874971 0.702476644 -0.380918400 0.043130975
102228 2228.000000 17758100002228000 0.664499998 0.702529795 -0.381970599 -0.012399828
102229 2229.000000 17758100002229000 0.664125025 0.702283286 -0.385765122 -0.044935001
102230 2230.000000 17758100002230000 0.663749993 0.701986443 -0.386607121 -0.042084025
102231 2231.000000 17758100002231000 0.663375020 0.701545331 -0.390728727 -0.033952684
102232 2232.000000 17758100002232000 0.662999988 0.700964131 -0.380091057 -0.055468544
102233 2233.000000 17758100002233000 0.662625015 0.700433917 -0.393045673 -0.018366512
102234 2234.000000 17758100002234000 0.662249982 0.700020419 -0.396088151 -0.019068611
102235 2235.000000 17758100002235000 0.661875010 0.699833042 -0.391854047 -0.035593266
102236 2236.000000 17758100002236000 0.661499977 0.699311730 -0.391601312 -0.005048875
102237 2237.000000 17758100002237000 0.661125004 0.699224680 -0.388993300 -0.001283660
102238 2238.000000 17758100002238000 0.660749972 0.698440604 -0.391536394 -0.010011694
102239 2239.000000 17758100002239000 0.660374999 0.698106167 -0.383355802 -0.017635211
102240 2240.000000 17758100002240000 0.660000026 0.697911961 -0.392399387 -0.000436975
102241 2241.000000 17758100002241000 0.659624994 0.697725467 -0.378907562 0.014146985
102242 2242.000000 17758100002242000 0.659250021 0.696909375 -0.389326029 -0.018668846
102243 2243.000000 17758100002243000 0.658874989 0.696848166 -0.385455947 -0.046178317
102244 2244.000000 17758100002244000 0.658500016 0.696062784 -0.397539471 -0.002212203
102245 2245.000000 17758100002245000 0.658124983 0.695585952 -0.384440851 0.002502268
102246 2246.000000 17758100002246000 0.657750010 0.695860669 -0.391332466 -0.017363717
102247 2247.000000 17758100002247000 0.657374978 0.694933447 -0.393810661 -0.016234982
102248 2248.000000 17758100002248000 0.657000005 0.694494705 -0.396878598 -0.031991420
102249 2249.000000 17758100002249000 0.656624973 0.694166632 -0.381972310 -0.009933651
102250 2250.000000 17758100002250000 0.656250000 0.693734457 -0.395282551 -0.015223852
102251 2251.000000 17758100002251000 0.655875027 0.693443702 -0.404763778 -0.006513169
102252 2252.000000 17758100002252000 0.655499995 0.693109965 -0.395420448 0.018789967
102253 2253.000000 17758100002253000 0.655125022 0.693271567 -0.398329203 -0.000082453
102254 2254.000000 17758100002254000 0.654749990 0.692349765 -0.387293702 0.037801350
102255 2255.000000 17758100002255000 0.654375017 0.692285091 -0.395334499 0.033736731
102256 2256.000000 17758100002256000 0.653999984 0.691376694 -0.391202510 0.005573278
102257 2257.000000 17758100002257000 0.653625011 0.691589587 -0.397652832 -0.014517628
102258 2258.000000 17758100002258000 0.653249979 0.690841555 -0.387314430 -0.017113533
102259 2259.000000 17758100002259000 0.652875006 0.690733595 -0.391708860 -0.031752138
102260 2260.000000 17758100002260000 0.652499974 0.689996036 -0.388682424 -0.027671166
102261 2261.000000 17758100002261000 0.652125001 0.689900691 -0.398106430 -0.030623104
102262 2262.000000 17758100002262000 0.651750028 0.689535828 -0.383635523 -0.040413365
102263 2263.000000 17758100002263000 0.651374996 0.688809260 -0.384013282 -0.009542609
102264 2264.000000 17758100002264000 0.651000023 0.688232773 -0.385955034 -0.010813833
102265 2265.000000 17758100002265000 0.650624990 0.688298059 -0.395950081 -0.033814553
102266 2266.000000 17758100002266000 0.650250018 0.687585946 -0.394315667 -0.006527860
102267 2267.000000 17758100002267000 0.649874985 0.687276440 -0.399262248 -0.001323347
102268 2268.000000 17758100002268000 0.649500012 0.686810253 -0.394719713 -0.010691138
102269 2269.000000 17758100002269000 0.649124980 0.686604874 -0.395448963 -0.005043050
102270 2270.000000 17758100002270000 0.648750007 0.686266054 -0.378556272 0.013133105
102271 2271.000000 17758100002271000 0.648374975 0.685869795 -0.388930790 -0.006318217
102272 2272.000000 17758100002272000 0.648000002 0.685449363 -0.390884963 0.006235719
102273 2273.000000 17758100002273000 0.647625029 0.684978265 -0.388458317 0.021060351
102274 2274.000000 17758100002274000 0.647249997 0.684483588 -0.397808340 0.022263494
102275 2275.000000 17758100002275000 0.646875024 0.684036408 -0.383783123 -0.017618712
102276 2276.000000 17758100002276000 0.646499991 0.683730235 -0.391898127 0.010345427
102277 2277.000000 17758100002277000 0.646125019 0.683223080 -0.393645291 0.012616207
102278 2278.000000 17758100002278000 0.645749986 0.683188194 -0.386221576 -0.042258935
102279 2279.000000 17758100002279000 0.645375013 0.682783072 -0.391971552 -0.044204923
102280 2280.000000 17758100002280000 0.644999981 0.682071208 -0.395529251 0.000168144
102281 2281.000000 17758100002281000 0.644625008 0.682187928 -0.395622670 -0.012525437
102282 2282.000000 17758100002282000 0.644249976 0.681473350 -0.390026825 0.014713877
102283 2283.000000 17758100002283000 0.643875003 0.680753884 -0.387360536 0.020190781
102284 2284.000000 17758100002284000 0.643499970 0.680585561 -0.387959790 0.022640818
102285 2285.000000 17758100002285000 0.643124998 0.680179596 -0.395591918 0.040841875
102286 2286.000000 17758100002286000 0.642750025 0.679945848 -0.388849173 -0.001680587
102287 2287.000000 17758100002287000 0.642374992 0.679476990 -0.394835148 -0.048610826
102288 2288.000000 17758100002288000 0.642000020 0.679031913 -0.383021584 -0.017080760
102289 2289.000000 17758100002289000 0.641624987 0.678437014 -0.396264235 -0.037168616
102290 2290.000000 17758100002290000 0.641250014 0.678260321 -0.390942705 -0.039130814
102291 2291.000000 17758100002291000 0.640874982 0.677805622 -0.394537740 0.012618179
102292 2292.000000 17758100002292000 0.640500009 0.677552699 -0.389715595 -0.019799762
102293 2293.000000 17758100002293000 0.640124977 0.677147994 -0.391656920 -0.017559981
102294 2294.000000 17758100002294000 0.639750004 0.676713713 -0.396432995 -0.000857393
102295 2295.000000 17758100002295000 0.639374971 0.676231788 -0.389925158 0.008639550
102296 2296.000000 17758100002296000 0.638999999 0.675948871 -0.395739127 -0.027795588
102297 2297.000000 17758100002297000 0.638625026 0.675817370 -0.393906501 0.015530241
102298 2298.000000 17758100002298000 0.638249993 0.674886627 -0.382858785 0.016770508
102299 2299.000000 17758100002299000 0.637875021 0.675001166 -0.394566694 -0.011501624
102300 2300.000000 17758100002300000 0.637499988 0.674893364 -0.394574070 0.001662607
102301 2301.000000 17758100002301000 0.637125015 0.673936327 -0.384448570 0.026801258
102302 2302.000000 17758100002302000 0.636749983 0.673583775 -0.384403399 0.004621066
102303 2303.000000 17758100002303000 0.636375010 0.673136945 -0.392813719 0.024250004
102304 2304.000000 17758100002304000 0.635999978 0.672757914 -0.386126773 -0.001542999
102305 2305.000000 17758100002305000 0.635625005 0.672571115 -0.391399284 -0.011355694
102306 2306.000000 17758100002306000 0.635249972 0.671737848 -0.389400558 -0.011798507
102307 2307.000000 17758100002307000 0.634875000 0.671912631 -0.391194732 0.003835213
102308 2308.000000 17758100002308000 0.634500027 0.671570449 -0.382372302 0.019110052
102309 2309.000000 17758100002309000 0.634124994 0.670646876 -0.391461916 0.005754901
102310 2310.000000 17758100002310000 0.633750021 0.670339094 -0.395340286 -0.026733685
102311 2311.000000 17758100002311000 0.633374989 0.670286341 -0.397318563 -0.042610483
102312 2312.000000 17758100002312000 0.633000016 0.669773973 -0.385906944 0.008788171
102313 2313.000000 17758100002313000 0.632624984 0.669682683 -0.389080122 0.032159566
102314 2314.000000 17758100002314000 0.632250011 0.668983757 -0.393628387 0.003321168
102315 2315.000000 17758100002315000 0.631874979 0.668565939 -0.391636769 -0.011576468
102316 2316.000000 17758100002316000 0.631500006 0.668199046 -0.386870559 0.019550728
102317 2317.000000 17758100002317000 0.631124973 0.667849425 -0.394232059 -0.000817091
102318 2318.000000 17758100002318000 0.630750000 0.667195214 -0.391155451 -0.039100592
102319 2319.000000 17758100002319000 0.630375028 0.666951969 -0.389605035 -0.001607054
102320 2320.000000 17758100002320000 0.629999995 0.666604260 -0.390136209 0.010871187
102321 2321.000000 17758100002321000 0.629625022 0.666308858 -0.388682665 -0.027474904
102322 2322.000000 17758100002322000 0.629249990 0.665728508 -0.386704875 0.001538863
102323 2323.000000 17758100002323000 0.628875017 0.665221559 -0.387002829 -0.020929024
102324 2324.000000 17758100002324000 0.628499985 0.664901962 -0.398918849 -0.027970135
102325 2325.000000 17758100002325000 0.628125012 0.664366657 -0.389781258 -0.059357287
102326 2326.000000 17758100002326000 0.627749979 0.664276059 -0.385550536 0.003523721
102327 2327.000000 17758100002327000 0.627375007 0.664200005 -0.398644008 -0.006403566
102328 2328.000000 17758100002328000 0.626999974 0.663138535 -0.384825233 0.012778422
102329 2329.000000 17758100002329000 0.626625001 0.663049797 -0.382001990 0.009528961
102330 2330.000000 17758100002330000 0.626250029 0.662570552 -0.388646628 0.013871974
102331 2331.000000 17758100002331000 0.625874996 0.662661337 -0.393285200 -0.031902084
102332 2332.000000 17758100002332000 0.625500023 0.661926772 -0.382575564 0.006006182
102333 2333.000000 17758100002333000 0.625124991 0.661308230 -0.389102260 -0.044270370
102334 2334.000000 17758100002334000 0.624750018 0.661367000 -0.384399463 -0.031202400
102335 2335.000000 17758100002335000 0.624374986 0.660480044 -0.393545670 -0.010368723
102336 2336.000000 17758100002336000 0.624000013 0.660454717 -0.382009344 -0.006069179
102337 2337.000000 17758100002337000 0.623624980 0.659931298 -0.384606204 -0.039324802
102338 2338.000000 17758100002338000 0.623250008 0.659467545 -0.389966811 -0.017552768
102339 2339.000000 17758100002339000 0.622874975 0.659225106 -0.387912606 -0.024946653
102340 2340.000000 17758100002340000 0.622500002 0.658748650 -0.390000941 -0.017746670
102341 2341.000000 17758100002341000 0.622125030 0.658149552 -0.388266891 0.022855725
102342 2342.000000 17758100002342000 0.621749997 0.657562929 -0.376172977 0.016544006
102343 2343.000000 17758100002343000 0.621375024 0.657935587 -0.379627818 -0.004863060
102344 2344.000000 17758100002344000 0.620999992 0.657298406 -0.385355238 -0.001096896
102345 2345.000000 17758100002345000 0.620625019 0.656948911 -0.381874125 0.042619451
102346 2346.000000 17758100002346000 0.620249987 0.656344250 -0.392662208 0.021780931
102347 2347.000000 17758100002347000 0.619875014 0.656155159 -0.385553568 -0.033497058
102348 2348.000000 17758100002348000 0.619499981 0.655835667 -0.384358862 0.010848882
102349 2349.000000 17758100002349000 0.619125009 0.655478461 -0.388565157 0.007066093
102350 2350.000000 17758100002350000 0.618749976 0.654650194 -0.387248151 -0.015115773
102351 2351.000000 17758100002351000 0.618375003 0.654755968 -0.373883988 0.011903678
102352 2352.000000 17758100002352000 0.617999971 0.654129712 -0.388577287 0.003584519
102353 2353.000000 17758100002353000 0.617624998 0.653718710 -0.380094896 -0.021208141
102354 2354.000000 17758100002354000 0.617250025 0.653495168 -0.370324841 -0.006024203
102355 2355.000000 17758100002355000 0.616874993 0.653298961 -0.386445715 -0.026291258
102356 2356.000000 17758100002356000 0.616500020 0.652684489 -0.383499303 -0.010995012
102357 2357.000000 17758100002357000 0.616124988 0.652193140 -0.387720640 -0.017850794
102358 2358.000000 17758100002358000 0.615750015 0.652098392 -0.389591412 -0.033769818
102359 2359.000000 17758100002359000 0.615374982 0.651464747 -0.390377906 -0.056597077
102360 2360.000000 17758100002360000 0.615000010 0.651162246 -0.378512462 -0.021162978
102361 2361.000000 17758100002361000 0.614624977 0.650536289 -0.381704232 -0.040843796
102362 2362.000000 17758100002362000 0.614250004 0.650502946 -0.397088663 0.004264626
102363 2363.000000 17758100002363000 0.613874972 0.650090372 -0.375157845 -0.020687365
102364 2364.000000 17758100002364000 0.613499999 0.649758686 -0.376981953 -0.007140083
102365 2365.000000 17758100002365000 0.613125026 0.648997222 -0.382244630 -0.022623705
102366 2366.000000 17758100002366000 0.612749994 0.648851587 -0.379319540 -0.032569527
102367 2367.000000 17758100002367000 0.612375021 0.648652029 -0.377790006 0.000297314
102368 2368.000000 17758100002368000 0.611999989 0.648100994 -0.381074745 0.016858896
102369 2369.000000 17758100002369000 0.611625016 0.647784218 -0.392038450 -0.062794780
102370 2370.000000 17758100002370000 0.611249983 0.646981372 -0.375863239 0.011645214
102371 2371.000000 17758100002371000 0.610875010 0.646991819 -0.373539174 0.015566586
102372 2372.000000 17758100002372000 0.610499978 0.647173319 -0.378868988 0.004308795
102373 2373.000000 17758100002373000 0.610125005 0.645914383 -0.383382469 0.024559205
102374 2374.000000 17758100002374000 0.609749973 0.645567304 -0.382187586 -0.023110599
102375 2375.000000 17758100002375000 0.609375000 0.645196451 -0.387706727 -0.011730016
102376 2376.000000 17758100002376000 0.609000027 0.645013475 -0.377774519 -0.036625296
102377 2377.000000 17758100002377000 0.608624995 0.644570030 -0.384472084 -0.005462700
102378 2378.000000 17758100002378000 0.608250022 0.644526208 -0.378571593 -0.010369877
102379 2379.000000 17758100002379000 0.607874990 0.644154291 -0.387102125 0.000320561
102380 2380.000000 17758100002380000 0.607500017 0.643376826 -0.382478623 -0.035665793
102381 2381.000000 17758100002381000 0.607124984 0.642787248 -0.371459308 -0.011959110
102382 2382.000000 17758100002382000 0.606750011 0.642457666 -0.377865944 -0.010008320
102383 2383.000000 17758100002383000 0.606374979 0.642063236 -0.379497890 0.022132545
102384 2384.000000 17758100002384000 0.606000006 0.642166332 -0.381326617 -0.012975550
102385 2385.000000 17758100002385000 0.605624974 0.641620420 -0.380209926 -0.022238150
102386 2386.000000 17758100002386000 0.605250001 0.641296244 -0.386590959 -0.024337571
102387 2387.000000 17758100002387000 0.604875028 0.640816992 -0.381404997 -0.021161062
102388 2388.000000 17758100002388000 0.604499996 0.640460774 -0.382738978 0.021748655
102389 2389.000000 17758100002389000 0.604125023 0.639903100 -0.380718837 -0.010593787
102390 2390.000000 17758100002390000 0.603749990 0.639891926 -0.380907512 -0.013001284
102391 2391.000000 17758100002391000 0.603375018 0.639047558 -0.377212462 -0.018723359
102392 2392.000000 17758100002392000 0.602999985 0.638782301 -0.382939500 0.017655657
102393 2393.000000 17758100002393000 0.602625012 0.638397072 -0.384497940 -0.020987054
102394 2394.000000 17758100002394000 0.602249980 0.637947993 -0.382927546 -0.002723836
102395 2395.000000 17758100002395000 0.601875007 0.637762049 -0.378151904 0.002524581
102396 2396.000000 17758100002396000 0.601499975 0.637396391 -0.379767320 -0.011713633
102397 2397.000000 17758100002397000 0.601125002 0.637229316 -0.381415503 -0.043627222
102398 2398.000000 17758100002398000 0.600750029 0.636678847 -0.388077684 -0.016036008
102399 2399.000000 17758100002399000 0.600374997 0.636110439 -0.390471199 -0.008760554
102400 2400.000000 17758100002400000 0.600000024 0.635723127 -0.380641147 0.003297002
102401 2401.000000 17758100002401000 0.599624991 0.635695969 -0.375808149 0.019434533
102402 2402.000000 17758100002402000 0.599250019 0.634873973 -0.375824231 -0.012246298
102403 2403.000000 17758100002403000 0.598874986 0.634677677 -0.379633728 0.024901318
102404 2404.000000 17758100002404000 0.598500013 0.634542027 -0.388426945 -0.040269382
102405 2405.000000 17758100002405000 0.598124981 0.633918672 -0.377077178 0.023267802
102406 2406.000000 17758100002406000 0.597750008 0.633770393 -0.386857873 -0.071843054
102407 2407.000000 17758100002407000 0.597374976 0.633130257 -0.383597357 -0.007073197
102408 2408.000000 17758100002408000 0.597000003 0.632842427 -0.389323823 -0.028627323
102409 2409.000000 17758100002409000 0.596624970 0.632264963 -0.378814062 -0.010320306
102410 2410.000000 17758100002410000 0.596249998 0.631843919 -0.374268998 -0.019205022
102411 2411.000000 17758100002411000 0.595875025 0.631983667 -0.389586688 -0.007690581
102412 2412.000000 17758100002412000 0.595499992 0.631409180 -0.382626450 -0.033312835
102413 2413.000000 17758100002413000 0.595125020 0.630834169 -0.381841842 -0.028493528
102414 2414.000000 17758100002414000 0.594749987 0.630529926 -0.383884439 0.005651610
102415 2415.000000 17758100002415000 0.594375014 0.630080096 -0.384451648 -0.023384802
102416 2416.000000 17758100002416000 0.593999982 0.629863398 -0.372643204 -0.013840032
102417 2417.000000 17758100002417000 0.593625009 0.629060553 -0.374364473 0.002467806
102418 2418.000000 17758100002418000 0.593249977 0.629150050 -0.389442030 -0.004331661
102419 2419.000000 17758100002419000 0.592875004 0.628847232 -0.383318511 -0.020811848
102420 2420.000000 17758100002420000 0.592499971 0.628393369 -0.373630547 -0.036044930
102421 2421.000000 17758100002421000 0.592124999 0.628008578 -0.372845211 -0.025041246
102422 2422.000000 17758100002422000 0.591750026 0.627486053 -0.380895334 0.027097696
102423 2423.000000 17758100002423000 0.591374993 0.627091748 -0.385865321 0.000996385
102424 2424.000000 17758100002424000 0.591000021 0.626627833 -0.381436989 -0.002799489
102425 2425.000000 17758100002425000 0.590624988 0.626523921 -0.383911879 -0.008484567
102426 2426.000000 17758100002426000 0.590250015 0.625956838 -0.377326684 0.040286432
102427 2427.000000 17758100002427000 0.589874983 0.625644892 -0.372677602 -0.012893733
102428 2428.000000 17758100002428000 0.589500010 0.624898903 -0.372726377 0.006047478
102429 2429.000000 17758100002429000 0.589124978 0.624749022 -0.371935591 -0.025247394
102430 2430.000000 17758100002430000 0.588750005 0.624296191 -0.373627054 0.006289465
102431 2431.000000 17758100002431000 0.588374972 0.623826430 -0.377181793 -0.013118999
102432 2432.000000 17758100002432000 0.588000000 0.623736987 -0.386271010 -0.010359097
102433 2433.000000 17758100002433000 0.587625027 0.623432332 -0.378264887 -0.021495055
102434 2434.000000 17758100002434000 0.587249994 0.623235089 -0.381830608 -0.013355234
102435 2435.000000 17758100002435000 0.586875021 0.622640005 -0.377674376 -0.054021807
102436 2436.000000 17758100002436000 0.586499989 0.621872952 -0.381966054 0.010240286
102437 2437.000000 17758100002437000 0.586125016 0.622099495 -0.380475789 -0.003476517
102438 2438.000000 17758100002438000 0.585749984 0.621277084 -0.381379361 -0.017600733
102439 2439.000000 17758100002439000 0.585375011 0.621020035 -0.378631522 0.022522090
102440 2440.000000 17758100002440000 0.584999979 0.620408993 -0.381124957 -0.026669531
102441 2441.000000 17758100002441000 0.584625006 0.620315683 -0.379503931 -0.015263079
102442 2442.000000 17758100002442000 0.584249973 0.619773389 -0.377777248 -0.021743164
102443 2443.000000 17758100002443000 0.583875000 0.619659759 -0.388843606 -0.019149445
102444 2444.000000 17758100002444000 0.583500028 0.619253455 -0.365552984 -0.034296743
102445 2445.000000 17758100002445000 0.583124995 0.618682544 -0.375111619 -0.001132488
102446 2446.000000 17758100002446000 0.582750022 0.618668468 -0.386071208 0.026962189
102447 2447.000000 17758100002447000 0.582374990 0.617819318 -0.374643690 -0.030366841
102448 2448.000000 17758100002448000 0.582000017 0.617763134 -0.382088811 0.022765463
102449 2449.000000 17758100002449000 0.581624985 0.617194140 -0.383525253 -0.026335044
102450 2450.000000 17758100002450000 0.581250012 0.617120557 -0.383593057 -0.020966065
102451 2451.000000 17758100002451000 0.580874979 0.616575970 -0.379452716 -0.000350176
102452 2452.000000 17758100002452000 0.580500007 0.615896761 -0.376154172 0.001024574
102453 2453.000000 17758100002453000 0.580124974 0.616084829 -0.374050863 0.024560865
102454 2454.000000 17758100002454000 0.579750001 0.615699539 -0.385415159 0.013793466
102455 2455.000000 17758100002455000 0.579375029 0.614992881 -0.381372582 -0.037400041
102456 2456.000000 17758100002456000 0.578999996 0.614753097 -0.374288962 -0.018392110
102457 2457.000000 17758100002457000 0.578625023 0.614216265 -0.375858863 -0.022511440
102458 2458.000000 17758100002458000 0.578249991 0.613868456 -0.386767548 -0.011668589
102459 2459.000000 17758100002459000 0.577875018 0.613854407 -0.384035425 -0.004382130
102460 2460.000000 17758100002460000 0.577499986 0.612810671 -0.381590424 -0.031484383
102461 2461.000000 17758100002461000 0.577125013 0.612520743 -0.373599566 -0.005515740
102462 2462.000000 17758100002462000 0.576749980 0.612217248 -0.376557131 -0.056131418
102463 2463.000000 17758100002463000 0.576375008 0.611857769 -0.369142125 -0.012546693
102464 2464.000000 17758100002464000 0.575999975 0.611911134 -0.380191041 0.014081935
102465 2465.000000 17758100002465000 0.575625002 0.611460190 -0.377112790 -0.039491321
102466 2466.000000 17758100002466000 0.575250030 0.610700973 -0.381662943 -0.004945112
102467 2467.000000 17758100002467000 0.574874997 0.610535424 -0.396210810 -0.050504956
102468 2468.000000 17758100002468000 0.574500024 0.609815911 -0.378668906 -0.018452444
102469 2469.000000 17758100002469000 0.574124992 0.609515709 -0.383999492 -0.045967106
102470 2470.000000 17758100002470000 0.573750019 0.609083447 -0.385631931 -0.019017712
102471 2471.000000 17758100002471000 0.573374987 0.608757952 -0.382341288 -0.027454499
102472 2472.000000 17758100002472000 0.573000014 0.608440104 -0.384668292 -0.021169538
102473 2473.000000 17758100002473000 0.572624981 0.608109022 -0.378715653 -0.027395374
102474 2474.000000 17758100002474000 0.572250009 0.607547161 -0.370719280 0.018618321
102475 2475.000000 17758100002475000 0.571874976 0.607293415 -0.378799203 -0.016316552
102476 2476.000000 17758100002476000 0.571500003 0.607076996 -0.378314945 0.007878842
102477 2477.000000 17758100002477000 0.571124971 0.606705121 -0.377339005 0.022357935
102478 2478.000000 17758100002478000 0.570749998 0.606087715 -0.374572102 -0.054073919
102479 2479.000000 17758100002479000 0.570375025 0.605715390 -0.380161008 -0.004707088
102480 2480.000000 17758100002480000 0.569999993 0.605338058 -0.377511401 -0.002304257
102481 2481.000000 17758100002481000 0.569625020 0.605573619 -0.384837173 -0.010080839
102482 2482.000000 17758100002482000 0.569249988 0.604385574 -0.387895101 -0.010741599
102483 2483.000000 17758100002483000 0.568875015 0.604399849 -0.383096305 -0.018575466
102484 2484.000000 17758100002484000 0.568499982 0.603778155 -0.388083275 0.004327287
102485 2485.000000 17758100002485000 0.568125010 0.603698214 -0.372570065 0.001505181
102486 2486.000000 17758100002486000 0.567749977 0.603245498 -0.375499832 0.027095427
102487 2487.000000 17758100002487000 0.567375004 0.602570960 -0.377901965 -0.009540906
102488 2488.000000 17758100002488000 0.566999972 0.602478171 -0.373877195 -0.016105245
102489 2489.000000 17758100002489000 0.566624999 0.601898448 -0.379066096 -0.018128377
102490 2490.000000 17758100002490000 0.566250026 0.601586352 -0.381797434 0.020000080
102491 2491.000000 17758100002491000 0.565874994 0.601549923 -0.382498676 -0.005449968
102492 2492.000000 17758100002492000 0.565500021 0.600525066 -0.377804378 0.002315038
102493 2493.000000 17758100002493000 0.565124989 0.600143462 -0.386687648 -0.008961286
102494 2494.000000 17758100002494000 0.564750016 0.600244389 -0.385094032 0.012275563
102495 2495.000000 17758100002495000 0.564374983 0.599736778 -0.381081112 -0.023241578
102496 2496.000000 17758100002496000 0.564000010 0.599092777 -0.377987063 -0.059623713
102497 2497.000000 17758100002497000 0.563624978 0.599184206 -0.384976434 -0.008426806
102498 2498.000000 17758100002498000 0.563250005 0.598503691 -0.379869774 -0.034694175
102499 2499.000000 17758100002499000 0.562874973 0.598287938 -0.389062631 0.015582471
102500 2500.000000 17758100002500000 0.562500000 0.597760341 -0.377330567 -0.011649539
102501 2501.000000 17758100002501000 0.562125027 0.597880987 -0.375926049 -0.020929108
102502 2502.000000 17758100002502000 0.561749995 0.597125779 -0.382335916 0.006108934
102503 2503.000000 17758100002503000 0.561375022 0.596757959 -0.380885365 0.025136148
102504 2504.000000 17758100002504000 0.560999990 0.596649380 -0.381008595 -0.008345338
102505 2505.000000 17758100002505000 0.560625017 0.596167158 -0.381408813 0.011890557
102506 2506.000000 17758100002506000 0.560249984 0.595585971 -0.379488264 0.020515348
102507 2507.000000 17758100002507000 0.559875011 0.595313767 -0.384484822 0.003603114
102508 2508.000000 17758100002508000 0.559499979 0.594945547 -0.382343461 -0.009565114
102509 2509.000000 17758100002509000 0.559125006 0.594778105 -0.375117095 0.002365396
102510 2510.000000 17758100002510000 0.558749974 0.594354876 -0.380307035 -0.014197558
102511 2511.000000 17758100002511000 0.558375001 0.593689135 -0.373888163 -0.005939403
102512 2512.000000 17758100002512000 0.558000028 0.593659259 -0.386709113 0.017874889
102513 2513.000000 17758100002513000 0.557624996 0.592900558 -0.381160139 -0.032505915
102514 2514.000000 17758100002514000 0.557250023 0.592922842 -0.368008430 -0.024958970
102515 2515.000000 17758100002515000 0.556874990 0.592434322 -0.375463761 -0.004947556
102516 2516.000000 17758100002516000 0.556500018 0.591828545 -0.381869930 -0.017158376
102517 2517.000000 17758100002517000 0.556124985 0.591391347 -0.378546706 -0.008469467
102518 2518.000000 17758100002518000 0.555750012 0.591088438 -0.373086959 0.014417817
102519 2519.000000 17758100002519000 0.555374980 0.590782655 -0.379504715 -0.018992812
102520 2520.000000 17758100002520000 0.555000007 0.590425117 -0.372390398 0.008513521
102521 2521.000000 17758100002521000 0.554624975 0.590111432 -0.381487757 0.000658536
102522 2522.000000 17758100002522000 0.554250002 0.589386863 -0.381498434 -0.032583843
102523 2523.000000 17758100002523000 0.553875029 0.589331221 -0.378556422 -0.024027737
102524 2524.000000 17758100002524000 0.553499997 0.588614127 -0.376047771 -0.036695850
102525 2525.000000 17758100002525000 0.553125024 0.588175949 -0.374651744 -0.003248601
102526 2526.000000 17758100002526000 0.552749991 0.588177076 -0.384193331 -0.003910374
102527 2527.000000 17758100002527000 0.552375019 0.587923566 -0.379304409 0.005301554
102528 2528.000000 17758100002528000 0.551999986 0.587069723 -0.377331246 -0.007370871
102529 2529.000000 17758100002529000 0.551625013 0.586910632 -0.381275424 -0.006946300
102530 2530.000000 17758100002530000 0.551249981 0.586537544 -0.378892759 -0.007558505
102531 2531.000000 17758100002531000 0.550875008 0.586198904 -0.379892584 -0.016176712
102532 2532.000000 17758100002532000 0.550499976 0.585583576 -0.384052017 0.032825642
102533 2533.000000 17758100002533000 0.550125003 0.585294497 -0.372661149 -0.027645387
102534 2534.000000 17758100002534000 0.549749970 0.585264655 -0.382879192 -0.000140546
102535 2535.000000 17758100002535000 0.549374998 0.584676263 -0.373992925 -0.003024010
102536 2536.000000 17758100002536000 0.549000025 0.584304379 -0.375095784 0.021366320
102537 2537.000000 17758100002537000 0.548624992 0.583885406 -0.379529773 -0.056313088
102538 2538.000000 17758100002538000 0.548250020 0.583656106 -0.382747064 -0.040892090
102539 2539.000000 17758100002539000 0.547874987 0.583021432 -0.373375963 -0.030569669
102540 2540.000000 17758100002540000 0.547500014 0.582744113 -0.379295918 -0.025993385
102541 2541.000000 17758100002541000 0.547124982 0.582380765 -0.385934048 0.006608447
102542 2542.000000 17758100002542000 0.546750009 0.581945794 -0.385041846 0.019330703
102543 2543.000000 17758100002543000 0.546374977 0.581740236 -0.376852134 -0.012387853
102544 2544.000000 17758100002544000 0.546000004 0.581316945 -0.372758219 0.004672494
102545 2545.000000 17758100002545000 0.545624971 0.581088662 -0.377519267 -0.004917751
102546 2546.000000 17758100002546000 0.545249999 0.580581652 -0.375971450 -0.035719556
102547 2547.000000 17758100002547000 0.544875026 0.580206837 -0.380201432 -0.018937295
102548 2548.000000 17758100002548000 0.544499993 0.579752046 -0.378764617 -0.020135514
102549 2549.000000 17758100002549000 0.544125021 0.579516530 -0.374574482 0.004612904
102550 2550.000000 17758100002550000 0.543749988 0.578785921 -0.374991802 0.005406306
102551 2551.000000 17758100002551000 0.543375015 0.578792759 -0.383697784 -0.018640127
102552 2552.000000 17758100002552000 0.542999983 0.577810414 -0.378091146 -0.031595295
102553 2553.000000 17758100002553000 0.542625010 0.577745465 -0.378522865 -0.017589724
102554 2554.000000 17758100002554000 0.542249978 0.577608677 -0.376604300 -0.033935546
102555 2555.000000 17758100002555000 0.541875005 0.577257667 -0.379528534 -0.027806618
102556 2556.000000 17758100002556000 0.541499972 0.576895334 -0.375184565 0.016478839
102557 2557.000000 17758100002557000 0.541125000 0.576249320 -0.384563985 -0.009806706
102558 2558.000000 17758100002558000 0.540750027 0.575675960 -0.380260122 0.002213604
102559 2559.000000 17758100002559000 0.540374994 0.575561135 -0.377520841 -0.012552548
102560 2560.000000 17758100002560000 0.540000021 0.575147259 -0.371476514 0.003067225
102561 2561.000000 17758100002561000 0.539624989 0.575100519 -0.382055349 -0.005628852
102562 2562.000000 17758100002562000 0.539250016 0.574655106 -0.384213048 -0.006606303
102563 2563.000000 17758100002563000 0.538874984 0.574409356 -0.374156110 -0.004453723
102564 2564.000000 17758100002564000 0.538500011 0.573895610 -0.372717618 -0.015710119
102565 2565.000000 17758100002565000 0.538124979 0.573646177 -0.372012597 -0.026822430
102566 2566.000000 17758100002566000 0.537750006 0.572814166 -0.378246108 0.011821549
102567 2567.000000 17758100002567000 0.537374973 0.572843406 -0.382065255 0.021640756
102568 2568.000000 17758100002568000 0.537000000 0.572082502 -0.370769500 -0.012079470
102569 2569.000000 17758100002569000 0.536625028 0.571841390 -0.380339499 -0.010740978
102570 2570.000000 17758100002570000 0.536249995 0.571365901 -0.378612263 -0.041700752
102571 2571.000000 17758100002571000 0.535875022 0.571099476 -0.378594902 -0.009704184
102572 2572.000000 17758100002572000 0.535499990 0.570556878 -0.375084481 -0.012942426
102573 2573.000000 17758100002573000 0.535125017 0.570117842 -0.384347552 0.004511579
102574 2574.000000 17758100002574000 0.534749985 0.569705786 -0.377450857 -0.009913445
102575 2575.000000 17758100002575000 0.534375012 0.569737756 -0.371100217 0.014600084
102576 2576.000000 17758100002576000 0.533999979 0.569041510 -0.372648170 -0.030766302
102577 2577.000000 17758100002577000 0.533625007 0.568820612 -0.377180612 -0.008832424
102578 2578.000000 17758100002578000 0.533249974 0.568242499 -0.379356491 0.016405052
102579 2579.000000 17758100002579000 0.532875001 0.567933538 -0.373113360 -0.021341208
102580 2580.000000 17758100002580000 0.532500029 0.567349677 -0.376362148 0.008741234
102581 2581.000000 17758100002581000 0.532124996 0.567278651 -0.390740412 -0.029026936
102582 2582.000000 17758100002582000 0.531750023 0.566753206 -0.379758425 -0.042849329
102583 2583.000000 17758100002583000 0.531374991 0.566549983 -0.388180996 -0.006762344
102584 2584.000000 17758100002584000 0.531000018 0.566408593 -0.373901614 -0.016660527
102585 2585.000000 17758100002585000 0.530624986 0.566081532 -0.368925860 -0.029372745
102586 2586.000000 17758100002586000 0.530250013 0.565668492 -0.387756862 0.023496357
102587 2587.000000 17758100002587000 0.529874980 0.565171269 -0.383167782 -0.019557433
102588 2588.000000 17758100002588000 0.529500008 0.564574610 -0.371100208 -0.020237008
102589 2589.000000 17758100002589000 0.529124975 0.564387145 -0.380200606 -0.032726047
102590 2590.000000 17758100002590000 0.528750002 0.564361216 -0.389592225 -0.006848205
102591 2591.000000 17758100002591000 0.528375030 0.563296855 -0.377969547 0.011116758
102592 2592.000000 17758100002592000 0.527999997 0.562962119 -0.375297056 -0.032659967
102593 2593.000000 17758100002593000 0.527625024 0.563029095 -0.373265739 -0.009411713
102594 2594.000000 17758100002594000 0.527249992 0.561988248 -0.369084296 -0.032879344
102595 2595.000000 17758100002595000 0.526875019 0.561884394 -0.384462372 -0.036177324
102596 2596.000000 17758100002596000 0.526499987 0.561709170 -0.376544720 0.006407863
102597 2597.000000 17758100002597000 0.526125014 0.560903430 -0.374510104 -0.008468088
102598 2598.000000 17758100002598000 0.525749981 0.560978577 -0.381960785 -0.036560802
102599 2599.000000 17758100002599000 0.525375009 0.560226248 -0.385377676 -0.015530769
102600 2600.000000 17758100002600000 0.524999976 0.560139995 -0.376570839 -0.040625333
102601 2601.000000 17758100002601000 0.524625003 0.560065561 -0.377598910 0.036629038
102602 2602.000000 17758100002602000 0.524249971 0.559395366 -0.381386972 0.011287447
102603 2603.000000 17758100002603000 0.523874998 0.558892503 -0.373868767 -0.011325625
102604 2604.000000 17758100002604000 0.523500025 0.558667084 -0.371851769 -0.011375630
102605 2605.000000 17758100002605000 0.523124993 0.558168945 -0.374655547 -0.027386795
102606 2606.000000 17758100002606000 0.522750020 0.557554714 -0.378402918 -0.000228376
102607 2607.000000 17758100002607000 0.522374988 0.557444619 -0.374213436 -0.046941349
102608 2608.000000 17758100002608000 0.522000015 0.556800876 -0.378428904 -0.011270528
102609 2609.000000 17758100002609000 0.521624982 0.556450524 -0.379500077 -0.017889559
102610 2610.000000 17758100002610000 0.521250010 0.556249432 -0.381362016 -0.015929456
102611 2611.000000 17758100002611000 0.520874977 0.556078653 -0.370203091 -0.002843370
102612 2612.000000 17758100002612000 0.520500004 0.555535409 -0.382786133 0.000122172
102613 2613.000000 17758100002613000 0.520124972 0.555308238 -0.389903539 0.007669643
102614 2614.000000 17758100002614000 0.519749999 0.554927358 -0.373418177 0.009120320
102615 2615.000000 17758100002615000 0.519375026 0.554531860 -0.374932445 -0.015688897
102616 2616.000000 17758100002616000 0.518999994 0.554077022 -0.373439451 -0.004037252
102617 2617.000000 17758100002617000 0.518625021 0.553476298 -0.377948442 -0.038967633
102618 2618.000000 17758100002618000 0.518249989 0.553367834 -0.379022291 0.003049171
102619 2619.000000 17758100002619000 0.517875016 0.553017439 -0.387242534 -0.009574483
102620 2620.000000 17758100002620000 0.517499983 0.552434244 -0.373349534 0.008366675
102621 2621.000000 17758100002621000 0.517125010 0.551742559 -0.381246264 -0.009637003
102622 2622.000000 17758100002622000 0.516749978 0.551585707 -0.380237344 -0.016226331
102623 2623.000000 17758100002623000 0.516375005 0.551202540 -0.378676495 0.010176835
102624 2624.000000 17758100002624000 0.515999973 0.551142886 -0.384723713 -0.020575236
102625 2625.000000 17758100002625000 0.515625000 0.550530288 -0.375732869 -0.014158185
102626 2626.000000 17758100002626000 0.515250027 0.550357070 -0.374384341 0.018379252
102627 2627.000000 17758100002627000 0.514874995 0.549663272 -0.381660674 0.004691250
102628 2628.000000 17758100002628000 0.514500022 0.549624998 -0.391120829 -0.006952756
102629 2629.000000 17758100002629000 0.514124990 0.549234507 -0.384211689 -0.028982547
102630 2630.000000 17758100002630000 0.513750017 0.548942235 -0.377113487 -0.003064191
102631 2631.000000 17758100002631000 0.513374984 0.548737873 -0.384200572 -0.005627410
102632 2632.000000 17758100002632000 0.513000011 0.548171705 -0.372396661 0.000227063
102633 2633.000000 17758100002633000 0.512624979 0.547329197 -0.369567753 -0.003929334
102634 2634.000000 17758100002634000 0.512250006 0.547302410 -0.379186275 -0.004483179
102635 2635.000000 17758100002635000 0.511874974 0.546321244 -0.372411370 0.013746313
102636 2636.000000 17758100002636000 0.511500001 0.546601726 -0.377220418 -0.020187177
102637 2637.000000 17758100002637000 0.511125028 0.545711489 -0.378724925 -0.030416908
102638 2638.000000 17758100002638000 0.510749996 0.545615135 -0.380253688 -0.020491857
102639 2639.000000 17758100002639000 0.510375023 0.545103769 -0.385741177 -0.001525171
102640 2640.000000 17758100002640000 0.509999990 0.545005887 -0.379231297 -0.010198442
102641 2641.000000 17758100002641000 0.509625018 0.544534166 -0.379084758 0.006036739
102642 2642.000000 17758100002642000 0.509249985 0.544175881 -0.384805026 0.000198722
102643 2643.000000 17758100002643000 0.508875012 0.543705067 -0.371513955 0.008648634
102644 2644.000000 17758100002644000 0.508499980 0.543398904 -0.381896138 -0.009685331
102645 2645.000000 17758100002645000 0.508125007 0.542932640 -0.378421318 -0.007974624
102646 2646.000000 17758100002646000 0.507749975 0.542540023 -0.376672139 -0.001091088
102647 2647.000000 17758100002647000 0.507375002 0.542410752 -0.382805426 0.048954806
102648 2648.000000 17758100002648000 0.507000029 0.542159090 -0.365700780 0.035239869
102649 2649.000000 17758100002649000 0.506624997 0.541396730 -0.372397825 -0.017953469
102650 2650.000000 17758100002650000 0.506250024 0.541073937 -0.380730538 -0.027298362
102651 2651.000000 17758100002651000 0.505874991 0.540888601 -0.376878949 -0.016678076
102652 2652.000000 17758100002652000 0.505500019 0.540661032 -0.370241860 0.044016291
102653 2653.000000 17758100002653000 0.505124986 0.540127937 -0.385394973 -0.022028735
102654 2654.000000 17758100002654000 0.504750013 0.539634152 -0.373237591 -0.044927587
102655 2655.000000 17758100002655000 0.504374981 0.538920523 -0.370018219 -0.009642652
102656 2656.000000 17758100002656000 0.504000008 0.538850250 -0.390538446 -0.045908691
102657 2657.000000 17758100002657000 0.503624976 0.538791494 -0.381560457 -0.010879143
102658 2658.000000 17758100002658000 0.503250003 0.538338451 -0.371868980 -0.025950921
102659 2659.000000 17758100002659000 0.502874970 0.538060979 -0.386671796 -0.004749226
102660 2660.000000 17758100002660000 0.502499998 0.537264188 -0.374640532 -0.003724078
102661 2661.000000 17758100002661000 0.502125025 0.537394891 -0.383294459 0.000539737
102662 2662.000000 17758100002662000 0.501749992 0.536601560 -0.380961150 -0.038482748
102663 2663.000000 17758100002663000 0.501375020 0.536186706 -0.380959533 0.008424827
102664 2664.000000 17758100002664000 0.500999987 0.536037085 -0.382087480 -0.026153201
102665 2665.000000 17758100002665000 0.500625014 0.535709641 -0.379131986 -0.017390837
102666 2666.000000 17758100002666000 0.500249982 0.534831878 -0.386175215 -0.016492717
102667 2667.000000 17758100002667000 0.499875009 0.534473324 -0.380542694 0.006515681
102668 2668.000000 17758100002668000 0.499500006 0.534075327 -0.382392946 -0.016298528
102669 2669.000000 17758100002669000 0.499125004 0.534044801 -0.378360098 -0.010771446
102670 2670.000000 17758100002670000 0.498750001 0.533782140 -0.381415051 -0.032334427
102671 2671.000000 17758100002671000 0.498374999 0.533171660 -0.379109498 -0.027410019
102672 2672.000000 17758100002672000 0.497999996 0.532790305 -0.381324353 -0.021352063
102673 2673.000000 17758100002673000 0.497624993 0.532163443 -0.387437878 -0.017953847
102674 2674.000000 17758100002674000 0.497249991 0.531947050 -0.375419094 0.026735507
102675 2675.000000 17758100002675000 0.496874988 0.531958457 -0.371011310 0.003461345
102676 2676.000000 17758100002676000 0.496499985 0.531027710 -0.383496828 -0.024773406
102677 2677.000000 17758100002677000 0.496125013 0.531337939 -0.388842748 0.000254923
102678 2678.000000 17758100002678000 0.495750010 0.530753202 -0.380053708 0.048640729
102679 2679.000000 17758100002679000 0.495375007 0.530446652 -0.374317934 -0.007151468
102680 2680.000000 17758100002680000 0.495000005 0.529855998 -0.374008786 -0.003043951
102681 2681.000000 17758100002681000 0.494625002 0.529180418 -0.376993484 -0.019721199
102682 2682.000000 17758100002682000 0.494250000 0.528720360 -0.375515687 -0.013274976
102683 2683.000000 17758100002683000 0.493874997 0.528291125 -0.379923260 0.012660954
102684 2684.000000 17758100002684000 0.493499994 0.528000846 -0.370367091 -0.001985771
102685 2685.000000 17758100002685000 0.493124992 0.528095718 -0.374335610 -0.007331761
102686 2686.000000 17758100002686000 0.492749989 0.527382614 -0.377673010 -0.009987545
102687 2687.000000 17758100002687000 0.492374986 0.527156407 -0.382392888 -0.032710178
102688 2688.000000 17758100002688000 0.492000014 0.526650512 -0.373879760 -0.026673973
102689 2689.000000 17758100002689000 0.491625011 0.526528082 -0.385546655 0.027449004
102690 2690.000000 17758100002690000 0.491250008 0.525982281 -0.376253104 0.058012199
102691 2691.000000 17758100002691000 0.490875006 0.525491587 -0.372620020 -0.004271781
102692 2692.000000 17758100002692000 0.490500003 0.524440874 -0.389425341 -0.018825000
102693 2693.000000 17758100002693000 0.490125000 0.524886011 -0.373669116 -0.011182520
102694 2694.000000 17758100002694000 0.489749998 0.524735662 -0.378948133 -0.049604640
102695 2695.000000 17758100002695000 0.489374995 0.524059166 -0.378963393 -0.016636631
102696 2696.000000 17758100002696000 0.488999993 0.523611311 -0.379097387 -0.042144904
102697 2697.000000 17758100002697000 0.488624990 0.523644321 -0.376768486 0.035708899
102698 2698.000000 17758100002698000 0.488249987 0.522899825 -0.373886072 -0.017205822
102699 2699.000000 17758100002699000 0.487875015 0.522728109 -0.388121347 -0.014627770
102700 2700.000000 17758100002700000 0.487500012 0.522213740 -0.378503007 0.011648630
102701 2701.000000 17758100002701000 0.487125009 0.522052656 -0.384293420 0.007817120
102702 2702.000000 17758100002702000 0.486750007 0.521566259 -0.384457014 -0.002846709
102703 2703.000000 17758100002703000 0.486375004 0.521222197 -0.379025264 -0.077806530
102704 2704.000000 17758100002704000 0.486000001 0.520807963 -0.381726588 -0.026032606
102705 2705.000000 17758100002705000 0.485624999 0.520670577 -0.375908758 -0.008144153
102706 2706.000000 17758100002706000 0.485249996 0.519941013 -0.375957618 -0.006492116
102707 2707.000000 17758100002707000 0.484874994 0.519507033 -0.373826918 0.020903754
102708 2708.000000 17758100002708000 0.484499991 0.518911369 -0.380449001 0.014499698
102709 2709.000000 17758100002709000 0.484124988 0.518616477 -0.382450603 -0.025751816
102710 2710.000000 17758100002710000 0.483749986 0.518750932 -0.383858759 0.002981513
102711 2711.000000 17758100002711000 0.483375013 0.518103139 -0.377750929 0.027205046
102712 2712.000000 17758100002712000 0.483000010 0.517394246 -0.378727447 -0.023324543
102713 2713.000000 17758100002713000 0.482625008 0.517346825 -0.384065659 -0.042358274
102714 2714.000000 17758100002714000 0.482250005 0.517031404 -0.380778563 -0.014049847
102715 2715.000000 17758100002715000 0.481875002 0.516326994 -0.383726754 -0.056014453
102716 2716.000000 17758100002716000 0.481500000 0.516144782 -0.378724852 -0.014677073
102717 2717.000000 17758100002717000 0.481124997 0.515734909 -0.376266090 0.006260289
102718 2718.000000 17758100002718000 0.480749995 0.515841483 -0.379101063 0.010190955
102719 2719.000000 17758100002719000 0.480374992 0.515058590 -0.379573618 -0.026035710
102720 2720.000000 17758100002720000 0.479999989 0.514735532 -0.378325254 -0.008248902
102721 2721.000000 17758100002721000 0.479624987 0.514400475 -0.379796238 -0.023087282
102722 2722.000000 17758100002722000 0.479250014 0.514101267 -0.376904085 -0.016746983
102723 2723.000000 17758100002723000 0.478875011 0.513681908 -0.364295411 -0.003401864
102724 2724.000000 17758100002724000 0.478500009 0.512909080 -0.370437522 -0.005562187
102725 2725.000000 17758100002725000 0.478125006 0.513075773 -0.381197322 -0.028999194
102726 2726.000000 17758100002726000 0.477750003 0.512223014 -0.389806436 -0.030511296
102727 2727.000000 17758100002727000 0.477375001 0.511849511 -0.383182283 -0.040892365
102728 2728.000000 17758100002728000 0.476999998 0.511536299 -0.391802870 -0.014227956
102729 2729.000000 17758100002729000 0.476624995 0.511037879 -0.382136112 -0.022867751
102730 2730.000000 17758100002730000 0.476249993 0.510522508 -0.377697353 0.029446534
102731 2731.000000 17758100002731000 0.475874990 0.509909389 -0.377766779 0.008839666
102732 2732.000000 17758100002732000 0.475499988 0.510139559 -0.374124465 -0.004628002
102733 2733.000000 17758100002733000 0.475125015 0.509768815 -0.370655659 -0.032161896
102734 2734.000000 17758100002734000 0.474750012 0.509315847 -0.372772420 -0.010903570
102735 2735.000000 17758100002735000 0.474375010 0.508968893 -0.375191861 0.016526344
102736 2736.000000 17758100002736000 0.474000007 0.508818115 -0.379324603 -0.020966307
102737 2737.000000 17758100002737000 0.473625004 0.508471127 -0.378084034 -0.006133698
102738 2738.000000 17758100002738000 0.473250002 0.507963444 -0.379887074 0.010356001
102739 2739.000000 17758100002739000 0.472874999 0.507493079 -0.383541787 0.009391247
102740 2740.000000 17758100002740000 0.472499996 0.506835224 -0.387558142 -0.022952201
102741 2741.000000 17758100002741000 0.472124994 0.506755558 -0.369556588 -0.017214065
102742 2742.000000 17758100002742000 0.471749991 0.506240106 -0.368125604 0.008531296
102743 2743.000000 17758100002743000 0.471374989 0.506002628 -0.379523544 0.000745872
102744 2744.000000 17758100002744000 0.470999986 0.505690978 -0.368886265 0.004439246
102745 2745.000000 17758100002745000 0.470625013 0.505244720 -0.384889866 0.021004356
102746 2746.000000 17758100002746000 0.470250010 0.505185127 -0.375377242 -0.020004183
102747 2747.000000 17758100002747000 0.469875008 0.504750952 -0.381385425 -0.003742023
102748 2748.000000 17758100002748000 0.469500005 0.504154378 -0.384306495 0.045793983
102749 2749.000000 17758100002749000 0.469125003 0.503901409 -0.376534908 0.000812399
102750 2750.000000 17758100002750000 0.468750000 0.503069351 -0.376711990 -0.016711752
102751 2751.000000 17758100002751000 0.468374997 0.503065492 -0.366933394 -0.005397427
102752 2752.000000 17758100002752000 0.467999995 0.502565141 -0.374989171 -0.065097742
102753 2753.000000 17758100002753000 0.467624992 0.502385750 -0.383452620 -0.009260922
102754 2754.000000 17758100002754000 0.467249990 0.501710450 -0.378052184 -0.002604922
102755 2755.000000 17758100002755000 0.466874987 0.501574831 -0.374854679 -0.015904100
102756 2756.000000 17758100002756000 0.466500014 0.500998438 -0.377279625 -0.015941102
102757 2757.000000 17758100002757000 0.466125011 0.500855410 -0.384327407 -0.004642247
102758 2758.000000 17758100002758000 0.465750009 0.500033461 -0.379751082 -0.023931081
102759 2759.000000 17758100002759000 0.465375006 0.499827883 -0.375820165 -0.020124401
102760 2760.000000 17758100002760000 0.465000004 0.499200298 -0.375859919 -0.018976268
102761 2761.000000 17758100002761000 0.464625001 0.499160997 -0.376815500 -0.071270996
102762 2762.000000 17758100002762000 0.464249998 0.498846117 -0.377249841 0.005309404
102763 2763.000000 17758100002763000 0.463874996 0.498260395 -0.381967070 -0.024098598
102764 2764.000000 17758100002764000 0.463499993 0.497735674 -0.379918026 -0.039026562
102765 2765.000000 17758100002765000 0.463124990 0.497385545 -0.376560560 0.001463243
102766 2766.000000 17758100002766000 0.462749988 0.497126471 -0.373054340 -0.015378395
102767 2767.000000 17758100002767000 0.462374985 0.496552717 -0.380376816 -0.014159924
102768 2768.000000 17758100002768000 0.462000012 0.496223755 -0.383376654 -0.017640405
102769 2769.000000 17758100002769000 0.461625010 0.496137161 -0.381248315 -0.009763462
102770 2770.000000 17758100002770000 0.461250007 0.495829876 -0.382067005 -0.025401574
102771 2771.000000 17758100002771000 0.460875005 0.495203092 -0.376976878 0.024652459
102772 2772.000000 17758100002772000 0.460500002 0.494820451 -0.378716174 0.011149815
102773 2773.000000 17758100002773000 0.460124999 0.495066610 -0.386400691 -0.008645635
102774 2774.000000 17758100002774000 0.459749997 0.494088142 -0.382122572 0.004845989
102775 2775.000000 17758100002775000 0.459374994 0.494113652 -0.380198855 -0.027162004
102776 2776.000000 17758100002776000 0.458999991 0.493252267 -0.372034983 0.015211777
102777 2777.000000 17758100002777000 0.458624989 0.493023970 -0.373355673 -0.006541212
102778 2778.000000 17758100002778000 0.458249986 0.493054802 -0.379933982 0.006548319
102779 2779.000000 17758100002779000 0.457875013 0.492568456 -0.375545801 -0.024898245
102780 2780.000000 17758100002780000 0.457500011 0.491851228 -0.373814674 0.009271247
102781 2781.000000 17758100002781000 0.457125008 0.491617199 -0.383364794 -0.025408505
102782 2782.000000 17758100002782000 0.456750005 0.491110899 -0.379004208 -0.011741575
102783 2783.000000 17758100002783000 0.456375003 0.490777005 -0.376892205 -0.031849279
102784 2784.000000 17758100002784000 0.456000000 0.490529494 -0.370702572 0.006158918
102785 2785.000000 17758100002785000 0.455624998 0.489829073 -0.375293267 0.004858389
102786 2786.000000 17758100002786000 0.455249995 0.489791873 -0.370338230 -0.028280905
102787 2787.000000 17758100002787000 0.454874992 0.488945801 -0.375275778 -0.008297216
102788 2788.000000 17758100002788000 0.454499990 0.488633953 -0.381019213 -0.023781815
102789 2789.000000 17758100002789000 0.454124987 0.488803820 -0.382366209 -0.001427747
102790 2790.000000 17758100002790000 0.453750014 0.488355814 -0.386596893 -0.002548454
102791 2791.000000 17758100002791000 0.453375012 0.487641685 -0.375735854 0.004658567
102792 2792.000000 17758100002792000 0.453000009 0.487268883 -0.381423653 -0.001635106
102793 2793.000000 17758100002793000 0.452625006 0.487154943 -0.373192497 0.004070777
102794 2794.000000 17758100002794000 0.452250004 0.486714814 -0.374741313 -0.013957441
102795 2795.000000 17758100002795000 0.451875001 0.486400327 -0.365156194 -0.007731405
102796 2796.000000 17758100002796000 0.451499999 0.486104120 -0.378506002 0.014133993
102797 2797.000000 17758100002797000 0.451124996 0.485510825 -0.379576597 -0.006673234
102798 2798.000000 17758100002798000 0.450749993 0.485136491 -0.379977405 -0.018950935
102799 2799.000000 17758100002799000 0.450374991 0.484489526 -0.377172421 0.001880313
102800 2800.000000 17758100002800000 0.449999988 0.484206531 -0.378931805 -0.011191461
102801 2801.000000 17758100002801000 0.449624985 0.483909338 -0.384318983 -0.006410478
102802 2802.000000 17758100002802000 0.449250013 0.483680177 -0.373651151 -0.001679454
102803 2803.000000 17758100002803000 0.448875010 0.483462830 -0.382248273 -0.041627842
102804 2804.000000 17758100002804000 0.448500007 0.483138091 -0.384370948 0.019456630
102805 2805.000000 17758100002805000 0.448125005 0.482428317 -0.377657089 0.003406264
102806 2806.000000 17758100002806000 0.447750002 0.481862683 -0.380694363 -0.011343970
102807 2807.000000 17758100002807000 0.447375000 0.481655144 -0.380082317 -0.018712912
102808 2808.000000 17758100002808000 0.446999997 0.480984571 -0.379667884 -0.041690132
102809 2809.000000 17758100002809000 0.446624994 0.480943049 -0.378938884 0.003794901
102810 2810.000000 17758100002810000 0.446249992 0.480821778 -0.386543702 -0.022194426
102811 2811.000000 17758100002811000 0.445874989 0.479918671 -0.373618748 0.006389144
102812 2812.000000 17758100002812000 0.445499986 0.479685641 -0.379420943 -0.016965122
102813 2813.000000 17758100002813000 0.445125014 0.479658571 -0.387186936 -0.008092240
102814 2814.000000 17758100002814000 0.444750011 0.479182247 -0.378378319 -0.033537140
102815 2815.000000 17758100002815000 0.444375008 0.478679705 -0.383098489 -0.006987384
102816 2816.000000 17758100002816000 0.444000006 0.478012473 -0.369275511 -0.030155754
102817 2817.000000 17758100002817000 0.443625003 0.477790064 -0.385164466 -0.009436102
102818 2818.000000 17758100002818000 0.443250000 0.477562525 -0.373032818 -0.029848780
102819 2819.000000 17758100002819000 0.442874998 0.477232835 -0.379978630 -0.022020312
102820 2820.000000 17758100002820000 0.442499995 0.476638362 -0.387225942 -0.032337525
102821 2821.000000 17758100002821000 0.442124993 0.476427697 -0.396221833 -0.002728339
102822 2822.000000 17758100002822000 0.441749990 0.476277997 -0.379182748 -0.024070296
102823 2823.000000 17758100002823000 0.441374987 0.475612799 -0.381542561 0.004522610
102824 2824.000000 17758100002824000 0.441000015 0.475019255 -0.382726951 -0.036512587
102825 2825.000000 17758100002825000 0.440625012 0.474770567 -0.385002875 -0.029492066
102826 2826.000000 17758100002826000 0.440250009 0.474393728 -0.372870084 0.002984547
102827 2827.000000 17758100002827000 0.439875007 0.474052482 -0.386225962 0.034785600
102828 2828.000000 17758100002828000 0.439500004 0.473514739 -0.386649418 -0.011339104
102829 2829.000000 17758100002829000 0.439125001 0.473264173 -0.375992463 -0.046585315
102830 2830.000000 17758100002830000 0.438749999 0.472748178 -0.379181079 -0.003916097
102831 2831.000000 17758100002831000 0.438374996 0.472645208 -0.375757630 -0.001289851
102832 2832.000000 17758100002832000 0.437999994 0.472353033 -0.379213724 -0.010045159
102833 2833.000000 17758100002833000 0.437624991 0.471478047 -0.382054916 -0.016718899
102834 2834.000000 17758100002834000 0.437249988 0.471347139 -0.373079656 -0.008290570
102835 2835.000000 17758100002835000 0.436874986 0.470818117 -0.379252159 -0.009271283
102836 2836.000000 17758100002836000 0.436500013 0.471077895 -0.381641182 0.013036148
102837 2837.000000 17758100002837000 0.436125010 0.470616977 -0.369971060 -0.018118571
102838 2838.000000 17758100002838000 0.435750008 0.469532072 -0.379653365 -0.012869284
102839 2839.000000 17758100002839000 0.435375005 0.469529101 -0.377760322 -0.033399242
102840 2840.000000 17758100002840000 0.435000002 0.469235644 -0.383142625 -0.018260826
102841 2841.000000 17758100002841000 0.434625000 0.468875306 -0.379640514 0.017321379
102842 2842.000000 17758100002842000 0.434249997 0.468573703 -0.381030152 -0.012530376
102843 2843.000000 17758100002843000 0.433874995 0.467998837 -0.370560113 -0.014252352
102844 2844.000000 17758100002844000 0.433499992 0.467665650 -0.375591912 0.012512029
102845 2845.000000 17758100002845000 0.433124989 0.467039110 -0.376045791 -0.005045761
102846 2846.000000 17758100002846000 0.432749987 0.466889887 -0.381168446 -0.043340603
102847 2847.000000 17758100002847000 0.432375014 0.466641020 -0.377016450 -0.011191016
102848 2848.000000 17758100002848000 0.432000011 0.466384341 -0.378997808 -0.012629699
102849 2849.000000 17758100002849000 0.431625009 0.465873011 -0.377631535 -0.028302870
102850 2850.000000 17758100002850000 0.431250006 0.465373737 -0.373729271 -0.009403928
102851 2851.000000 17758100002851000 0.430875003 0.465038976 -0.368610314 -0.001779304
102852 2852.000000 17758100002852000 0.430500001 0.464457592 -0.381536840 0.011647330
102853 2853.000000 17758100002853000 0.430124998 0.464414697 -0.380053441 0.009134021
102854 2854.000000 17758100002854000 0.429749995 0.463830483 -0.374315713 -0.036688400
102855 2855.000000 17758100002855000 0.429374993 0.463287522 -0.378821840 0.025263496
102856 2856.000000 17758100002856000 0.428999990 0.463173486 -0.379277858 -0.011869842
102857 2857.000000 17758100002857000 0.428624988 0.462221385 -0.376820904 0.014434729
102858 2858.000000 17758100002858000 0.428250015 0.462323532 -0.377759973 -0.021956466
102859 2859.000000 17758100002859000 0.427875012 0.461861016 -0.384408560 0.020906698
102860 2860.000000 17758100002860000 0.427500010 0.461579206 -0.380416699 0.009273497
102861 2861.000000 17758100002861000 0.427125007 0.461041382 -0.377408410 -0.010356208
102862 2862.000000 17758100002862000 0.426750004 0.460839388 -0.372140670 0.007056468
102863 2863.000000 17758100002863000 0.426375002 0.460417118 -0.375868423 0.015969759
102864 2864.000000 17758100002864000 0.425999999 0.460330940 -0.382021939 0.007208999
102865 2865.000000 17758100002865000 0.425624996 0.459890506 -0.386639062 -0.003927269
102866 2866.000000 17758100002866000 0.425249994 0.459136826 -0.383900817 -0.038054068
102867 2867.000000 17758100002867000 0.424874991 0.458950309 -0.379448338 -0.033515477
102868 2868.000000 17758100002868000 0.424499989 0.458314176 -0.376282740 -0.004266303
102869 2869.000000 17758100002869000 0.424124986 0.458466031 -0.376001660 -0.036216823
102870 2870.000000 17758100002870000 0.423750013 0.457485576 -0.375503037 -0.005519488
102871 2871.000000 17758100002871000 0.423375010 0.457410576 -0.375024922 0.014625029
102872 2872.000000 17758100002872000 0.423000008 0.457205917 -0.372136449 -0.027124957
102873 2873.000000 17758100002873000 0.422625005 0.456876789 -0.379697485 0.009702715
102874 2874.000000 17758100002874000 0.422250003 0.456332176 -0.380040113 -0.000929198
102875 2875.000000 17758100002875000 0.421875000 0.455975485 -0.378581357 -0.020605102
102876 2876.000000 17758100002876000 0.421499997 0.456098432 -0.375069504 0.021664320
102877 2877.000000 17758100002877000 0.421124995 0.454888031 -0.371560914 -0.026759972
102878 2878.000000 17758100002878000 0.420749992 0.454586571 -0.374361999 0.001760099
102879 2879.000000 17758100002879000 0.420374990 0.454292797 -0.376201805 0.010766066
102880 2880.000000 17758100002880000 0.419999987 0.454492989 -0.379992060 -0.036049368
102881 2881.000000 17758100002881000 0.419625014 0.453696955 -0.378674069 0.008956155
102882 2882.000000 17758100002882000 0.419250011 0.453457622 -0.380905283 0.018426374
102883 2883.000000 17758100002883000 0.418875009 0.453335248 -0.380186858 0.006986460
102884 2884.000000 17758100002884000 0.418500006 0.452385479 -0.379141983 -0.013808954
102885 2885.000000 17758100002885000 0.418125004 0.452132861 -0.378060948 -0.009468500
102886 2886.000000 17758100002886000 0.417750001 0.451652607 -0.393073386 -0.000281892
102887 2887.000000 17758100002887000 0.417374998 0.451312340 -0.380014762 0.020764897
102888 2888.000000 17758100002888000 0.416999996 0.451065645 -0.388538292 0.019955406
102889 2889.000000 17758100002889000 0.416624993 0.450521487 -0.374447812 0.002886169
102890 2890.000000 17758100002890000 0.416249990 0.450098414 -0.385630520 -0.004833948
102891 2891.000000 17758100002891000 0.415874988 0.449621504 -0.383820841 -0.006615528
102892 2892.000000 17758100002892000 0.415499985 0.449480573 -0.378391960 -0.037828290
102893 2893.000000 17758100002893000 0.415125012 0.448907149 -0.373020821 -0.026693172
102894 2894.000000 17758100002894000 0.414750010 0.448612130 -0.377194887 -0.013386944
102895 2895.000000 17758100002895000 0.414375007 0.448457818 -0.375345566 -0.001305915
102896 2896.000000 17758100002896000 0.414000005 0.448122152 -0.382236878 -0.031337063
102897 2897.000000 17758100002897000 0.413625002 0.447739650 -0.379339916 0.002949431
102898 2898.000000 17758100002898000 0.413249999 0.447168234 -0.383177838 0.009293030
102899 2899.000000 17758100002899000 0.412874997 0.446916895 -0.376411968 -0.007650186
102900 2900.000000 17758100002900000 0.412499994 0.446246630 -0.373230023 -0.014441294
102901 2901.000000 17758100002901000 0.412124991 0.446351116 -0.369811838 -0.033077267
102902 2902.000000 17758100002902000 0.411749989 0.445289241 -0.372948558 0.008011834
102903 2903.000000 17758100002903000 0.411374986 0.445265640 -0.377662149 0.004078046
102904 2904.000000 17758100002904000 0.411000013 0.445028311 -0.381673599 0.001823379
102905 2905.000000 17758100002905000 0.410625011 0.444527377 -0.385280107 -0.045406312
102906 2906.000000 17758100002906000 0.410250008 0.444103236 -0.380599232 0.000593504
102907 2907.000000 17758100002907000 0.409875005 0.443739389 -0.380276425 -0.009792159
102908 2908.000000 17758100002908000 0.409500003 0.443583852 -0.374312071 0.016218574
102909 2909.000000 17758100002909000 0.409125000 0.443228290 -0.378347026 0.022614215
102910 2910.000000 17758100002910000 0.408749998 0.442552344 -0.381672300 -0.001249367
102911 2911.000000 17758100002911000 0.408374995 0.442121746 -0.384833379 -0.053183019
102912 2912.000000 17758100002912000 0.407999992 0.441750503 -0.384264231 -0.017995742
102913 2913.000000 17758100002913000 0.407624990 0.441219237 -0.381443907 0.017284517
102914 2914.000000 17758100002914000 0.407249987 0.441071440 -0.372557778 -0.006363559
102915 2915.000000 17758100002915000 0.406875014 0.440693627 -0.380214063 -0.024967369
102916 2916.000000 17758100002916000 0.406500012 0.440284289 -0.381553963 -0.032609346
102917 2917.000000 17758100002917000 0.406125009 0.440145547 -0.377720497 0.014777789
102918 2918.000000 17758100002918000 0.405750006 0.439620975 -0.383103243 -0.009893342
102919 2919.000000 17758100002919000 0.405375004 0.439283994 -0.375857836 -0.019175066
102920 2920.000000 17758100002920000 0.405000001 0.439118401 -0.369848309 -0.006616594
102921 2921.000000 17758100002921000 0.404624999 0.438909145 -0.378475476 -0.015232870
102922 2922.000000 17758100002922000 0.404249996 0.438282441 -0.383460574 -0.015998408
102923 2923.000000 17758100002923000 0.403874993 0.437805422 -0.382036739 -0.007997510
102924 2924.000000 17758100002924000 0.403499991 0.437343964 -0.376530685 -0.008219082
102925 2925.000000 17758100002925000 0.403124988 0.437105732 -0.376767182 -0.000389453
102926 2926.000000 17758100002926000 0.402749985 0.436300577 -0.374443223 -0.029188997
102927 2927.000000 17758100002927000 0.402375013 0.436706370 -0.375663627 0.014042686
102928 2928.000000 17758100002928000 0.402000010 0.435850367 -0.370749630 -0.000985405
102929 2929.000000 17758100002929000 0.401625007 0.435583829 -0.383735189 -0.011326848
102930 2930.000000 17758100002930000 0.401250005 0.435041248 -0.380690666 -0.024357368
102931 2931.000000 17758100002931000 0.400875002 0.434324210 -0.367168293 -0.014097041
102932 2932.000000 17758100002932000 0.400500000 0.434346809 -0.375149874 -0.020024194
102933 2933.000000 17758100002933000 0.400124997 0.434015061 -0.374466657 -0.003686935
102934 2934.000000 17758100002934000 0.399749994 0.433547932 -0.380801754 0.025369728
102935 2935.000000 17758100002935000 0.399374992 0.432997592 -0.374103514 0.020988441
102936 2936.000000 17758100002936000 0.398999989 0.432903831 -0.380372096 -0.003555406
102937 2937.000000 17758100002937000 0.398624986 0.432460462 -0.381881538 0.005979995
102938 2938.000000 17758100002938000 0.398250014 0.432010492 -0.376903255 -0.037644829
102939 2939.000000 17758100002939000 0.397875011 0.431536919 -0.387538498 -0.006940114
102940 2940.000000 17758100002940000 0.397500008 0.430803759 -0.384896660 -0.016834743
102941 2941.000000 17758100002941000 0.397125006 0.430663459 -0.375320387 0.008349997
102942 2942.000000 17758100002942000 0.396750003 0.430597899 -0.378387886 0.005970209
102943 2943.000000 17758100002943000 0.396375000 0.430001472 -0.377945281 -0.025663551
102944 2944.000000 17758100002944000 0.395999998 0.430074042 -0.368392730 -0.023336656
102945 2945.000000 17758100002945000 0.395624995 0.429532299 -0.375568703 0.009610264
102946 2946.000000 17758100002946000 0.395249993 0.429220329 -0.386922910 -0.008624681
102947 2947.000000 17758100002947000 0.394874990 0.428872837 -0.381812117 0.012640332
102948 2948.000000 17758100002948000 0.394499987 0.428452192 -0.381300605 -0.001818209
102949 2949.000000 17758100002949000 0.394125015 0.427819721 -0.384693890 -0.016565330
102950 2950.000000 17758100002950000 0.393750012 0.427613033 -0.372025699 -0.002403953
102951 2951.000000 17758100002951000 0.393375009 0.427212991 -0.378860444 -0.051371599
102952 2952.000000 17758100002952000 0.393000007 0.426453357 -0.375429556 -0.033673144
102953 2953.000000 17758100002953000 0.392625004 0.426252548 -0.375561459 -0.003021429
102954 2954.000000 17758100002954000 0.392250001 0.426064549 -0.379820730 -0.037558997
102955 2955.000000 17758100002955000 0.391874999 0.425540849 -0.385824214 0.045296155
102956 2956.000000 17758100002956000 0.391499996 0.425049411 -0.371436011 -0.001157482
102957 2957.000000 17758100002957000 0.391124994 0.425143398 -0.376957768 -0.006264156
102958 2958.000000 17758100002958000 0.390749991 0.424425825 -0.377547286 -0.012467657
102959 2959.000000 17758100002959000 0.390374988 0.423991224 -0.383947127 -0.021832339
102960 2960.000000 17758100002960000 0.389999986 0.423770830 -0.377389090 0.012793027
102961 2961.000000 17758100002961000 0.389625013 0.423408961 -0.373695488 -0.005283431
102962 2962.000000 17758100002962000 0.389250010 0.422850801 -0.380163826 -0.016878316
102963 2963.000000 17758100002963000 0.388875008 0.422673787 -0.366639176 -0.031406456
102964 2964.000000 17758100002964000 0.388500005 0.421944125 -0.377875271 0.011401277
102965 2965.000000 17758100002965000 0.388125002 0.422042551 -0.380286246 -0.021652063
102966 2966.000000 17758100002966000 0.387750000 0.421307219 -0.375686927 -0.000384675
102967 2967.000000 17758100002967000 0.387374997 0.421226917 -0.380331562 -0.024280185
102968 2968.000000 17758100002968000 0.386999995 0.420350727 -0.377224265 -0.024798713
102969 2969.000000 17758100002969000 0.386624992 0.419903247 -0.375194787 0.003401734
102970 2970.000000 17758100002970000 0.386249989 0.419871042 -0.385413562 0.015431830
102971 2971.000000 17758100002971000 0.385874987 0.419500630 -0.380263458 -0.002209198
102972 2972.000000 17758100002972000 0.385500014 0.419292440 -0.376073203 -0.014216067
102973 2973.000000 17758100002973000 0.385125011 0.418812291 -0.378832409 0.015860044
102974 2974.000000 17758100002974000 0.384750009 0.418551627 -0.372488345 -0.017723534
102975 2975.000000 17758100002975000 0.384375006 0.417901088 -0.371119479 -0.005411340
102976 2976.000000 17758100002976000 0.384000003 0.417936570 -0.372879035 -0.023427910
102977 2977.000000 17758100002977000 0.383625001 0.417052990 -0.370639324 0.001296355
102978 2978.000000 17758100002978000 0.383249998 0.416796075 -0.375010355 0.035853055
102979 2979.000000 17758100002979000 0.382874995 0.416443867 -0.378374199 0.022784993
102980 2980.000000 17758100002980000 0.382499993 0.416115427 -0.378318873 0.012966771
102981 2981.000000 17758100002981000 0.382124990 0.415497540 -0.383603228 -0.007803414
102982 2982.000000 17758100002982000 0.381749988 0.415583888 -0.390981709 -0.002084773
102983 2983.000000 17758100002983000 0.381375015 0.415103180 -0.371855846 -0.034199256
102984 2984.000000 17758100002984000 0.381000012 0.414511240 -0.383070707 0.017233255
102985 2985.000000 17758100002985000 0.380625010 0.414338371 -0.382750947 0.010601213
102986 2986.000000 17758100002986000 0.380250007 0.414185445 -0.382692425 0.000896923
102987 2987.000000 17758100002987000 0.379875004 0.413762908 -0.380932605 0.020785601
102988 2988.000000 17758100002988000 0.379500002 0.413450603 -0.371261267 -0.001466126
102989 2989.000000 17758100002989000 0.379124999 0.412761683 -0.377051032 -0.005028812
102990 2990.000000 17758100002990000 0.378749996 0.412447973 -0.370942678 -0.048975986
102991 2991.000000 17758100002991000 0.378374994 0.412154737 -0.386787382 -0.010614301
102992 2992.000000 17758100002992000 0.377999991 0.411395444 -0.381703549 -0.016907773
102993 2993.000000 17758100002993000 0.377624989 0.411325716 -0.377203142 -0.004897334
102994 2994.000000 17758100002994000 0.377249986 0.410797619 -0.384859626 -0.001993485
102995 2995.000000 17758100002995000 0.376875013 0.410499176 -0.381740931 -0.025656494
102996 2996.000000 17758100002996000 0.376500010 0.409998316 -0.381153620 -0.011918137
102997 2997.000000 17758100002997000 0.376125008 0.409778954 -0.387635043 0.016078404
102998 2998.000000 17758100002998000 0.375750005 0.409510351 -0.373793070 -0.025419128
102999 2999.000000 17758100002999000 0.375375003 0.408936802 -0.374828731 -0.004749980
103000 3000.000000 17758100003000000 0.375000000 0.408746045 -0.384386529 -0.032041157
103001 3001.000000 17758100003001000 0.374624997 0.408374175 -0.382183110 -0.001116614
103002 3002.000000 17758100003002000 0.374249995 0.408046910 -0.373569976 0.017736328
103003 3003.000000 17758100003003000 0.373874992 0.407487567 -0.381054725 0.008278677
103004 3004.000000 17758100003004000 0.373499990 0.407175437 -0.386433640 0.000755650
103005 3005.000000 17758100003005000 0.373124987 0.406493865 -0.388531050 0.019700184
103006 3006.000000 17758100003006000 0.372750014 0.406437149 -0.375728631 0.001211677
103007 3007.000000 17758100003007000 0.372375011 0.406057252 -0.376381175 -0.028180108
103008 3008.000000 17758100003008000 0.372000009 0.405936482 -0.380208643 -0.008390063
103009 3009.000000 17758100003009000 0.371625006 0.405146758 -0.374751399 0.000997525
103010 3010.000000 17758100003010000 0.371250004 0.404642914 -0.386373498 -0.040824150
103011 3011.000000 17758100003011000 0.370875001 0.404608341 -0.374406704 -0.034804654
103012 3012.000000 17758100003012000 0.370499998 0.403978637 -0.374087439 0.030985634
103013 3013.000000 17758100003013000 0.370124996 0.403826497 -0.374452262 -0.038092232
103014 3014.000000 17758100003014000 0.369749993 0.402990205 -0.377843905 -0.022218569
103015 3015.000000 17758100003015000 0.369374990 0.402967468 -0.383831089 0.009097090
103016 3016.000000 17758100003016000 0.368999988 0.402674183 -0.372987677 0.025395016
103017 3017.000000 17758100003017000 0.368624985 0.401988305 -0.373050937 0.028032728
103018 3018.000000 17758100003018000 0.368250012 0.402135242 -0.372334575 0.026691396
103019 3019.000000 17758100003019000 0.367875010 0.401147982 -0.379777994 0.000267573
103020 3020.000000 17758100003020000 0.367500007 0.401219229 -0.377199637 -0.006569278
103021 3021.000000 17758100003021000 0.367125005 0.400475470 -0.374079281 0.012449488
103022 3022.000000 17758100003022000 0.366750002 0.400218576 -0.386103728 -0.031324627
103023 3023.000000 17758100003023000 0.366374999 0.399834851 -0.381050549 0.004954965
103024 3024.000000 17758100003024000 0.365999997 0.399836173 -0.379356545 0.010565388
103025 3025.000000 17758100003025000 0.365624994 0.399179560 -0.377478366 -0.017128284
103026 3026.000000 17758100003026000 0.365249991 0.398734907 -0.381659796 -0.013125359
103027 3027.000000 17758100003027000 0.364874989 0.398346049 -0.371067938 -0.018051921
103028 3028.000000 17758100003028000 0.364499986 0.397908291 -0.373446209 -0.003096196
103029 3029.000000 17758100003029000 0.364125013 0.397853366 -0.379899206 -0.048560522
103030 3030.000000 17758100003030000 0.363750011 0.397487349 -0.378428196 -0.014347664
103031 3031.000000 17758100003031000 0.363375008 0.396729638 -0.385704962 -0.017321187
103032 3032.000000 17758100003032000 0.363000005 0.396302681 -0.369876360 -0.003461498
103033 3033.000000 17758100003033000 0.362625003 0.396224980 -0.369463133 -0.005048657
103034 3034.000000 17758100003034000 0.362250000 0.395717288 -0.369489759 -0.000806527
103035 3035.000000 17758100003035000 0.361874998 0.395413408 -0.372008943 -0.018018454
103036 3036.000000 17758100003036000 0.361499995 0.395113117 -0.382171813 0.001071515
103037 3037.000000 17758100003037000 0.361124992 0.394571515 -0.376622458 -0.019661742
103038 3038.000000 17758100003038000 0.360749990 0.394108094 -0.383097645 -0.049187259
103039 3039.000000 17758100003039000 0.360374987 0.393821745 -0.379095819 -0.036229500
103040 3040.000000 17758100003040000 0.360000014 0.393106413 -0.361673822 -0.064466981
103041 3041.000000 17758100003041000 0.359625012 0.393055110 -0.384707167 0.009409947
103042 3042.000000 17758100003042000 0.359250009 0.392778418 -0.381795323 0.029923965
103043 3043.000000 17758100003043000 0.358875006 0.392680514 -0.370984241 -0.068508972
103044 3044.000000 17758100003044000 0.358500004 0.391575250 -0.375212625 -0.009299293
103045 3045.000000 17758100003045000 0.358125001 0.391514406 -0.383724830 0.008309716
103046 3046.000000 17758100003046000 0.357749999 0.391359998 -0.376064176 -0.010945807
103047 3047.000000 17758100003047000 0.357374996 0.391217455 -0.384300758 -0.004522858
103048 3048.000000 17758100003048000 0.356999993 0.390242677 -0.374337660 -0.037171326
103049 3049.000000 17758100003049000 0.356624991 0.389777029 -0.385859683 -0.006828572
103050 3050.000000 17758100003050000 0.356249988 0.389615718 -0.374128681 -0.033039196
103051 3051.000000 17758100003051000 0.355874985 0.388900108 -0.378075158 0.015142662
103052 3052.000000 17758100003052000 0.355500013 0.389110545 -0.388271288 0.015985693
103053 3053.000000 17758100003053000 0.355125010 0.388379042 -0.387536635 -0.029430018
103054 3054.000000 17758100003054000 0.354750007 0.388107513 -0.378424193 -0.036068222
103055 3055.000000 17758100003055000 0.354375005 0.387728987 -0.381632632 -0.003475338
103056 3056.000000 17758100003056000 0.354000002 0.387253353 -0.367921052 -0.004038936
103057 3057.000000 17758100003057000 0.353625000 0.386948448 -0.372316683 -0.012654127
103058 3058.000000 17758100003058000 0.353249997 0.386614069 -0.381411059 0.000580939
103059 3059.000000 17758100003059000 0.352874994 0.386391838 -0.376208146 -0.024346144
103060 3060.000000 17758100003060000 0.352499992 0.385652654 -0.380692050 0.016449405
103061 3061.000000 17758100003061000 0.352124989 0.385499022 -0.379656541 -0.016942992
103062 3062.000000 17758100003062000 0.351749986 0.385417137 -0.375944444 0.012454118
103063 3063.000000 17758100003063000 0.351375014 0.384428387 -0.384044043 -0.030834290
103064 3064.000000 17758100003064000 0.351000011 0.384344002 -0.377160553 -0.016053414
103065 3065.000000 17758100003065000 0.350625008 0.383893823 -0.374881017 -0.038650917
103066 3066.000000 17758100003066000 0.350250006 0.383512419 -0.378713807 -0.001108478
103067 3067.000000 17758100003067000 0.349875003 0.383053707 -0.374028833 -0.010701274
103068 3068.000000 17758100003068000 0.349500000 0.383225350 -0.371737124 -0.023890994
103069 3069.000000 17758100003069000 0.349124998 0.382622496 -0.375154120 -0.058893281
103070 3070.000000 17758100003070000 0.348749995 0.382401755 -0.375528100 -0.038103164
103071 3071.000000 17758100003071000 0.348374993 0.382079002 -0.386283477 -0.041425468
103072 3072.000000 17758100003072000 0.347999990 0.381242617 -0.375395802 -0.017326127
103073 3073.000000 17758100003073000 0.347624987 0.381249134 -0.380798154 -0.014524158
103074 3074.000000 17758100003074000 0.347250015 0.380199742 -0.378062784 0.015126483
103075 3075.000000 17758100003075000 0.346875012 0.379860093 -0.374252585 -0.016009959
103076 3076.000000 17758100003076000 0.346500009 0.379892029 -0.387276544 -0.006978924
103077 3077.000000 17758100003077000 0.346125007 0.379212220 -0.385501086 -0.011489434
103078 3078.000000 17758100003078000 0.345750004 0.378848060 -0.380074216 -0.004657048
103079 3079.000000 17758100003079000 0.345375001 0.378697792 -0.369636984 -0.010665453
103080 3080.000000 17758100003080000 0.344999999 0.378418261 -0.380928688 -0.032427848
103081 3081.000000 17758100003081000 0.344624996 0.378142315 -0.385962764 -0.002401386
103082 3082.000000 17758100003082000 0.344249994 0.377287938 -0.376834392 -0.010844775
103083 3083.000000 17758100003083000 0.343874991 0.377536441 -0.376335319 -0.027549858
103084 3084.000000 17758100003084000 0.343499988 0.376870301 -0.385404461 -0.027149789
103085 3085.000000 17758100003085000 0.343124986 0.376445741 -0.378184809 -0.032236354
103086 3086.000000 17758100003086000 0.342750013 0.376032913 -0.374672064 0.006540201
103087 3087.000000 17758100003087000 0.342375010 0.375807591 -0.369181809 -0.025464463
103088 3088.000000 17758100003088000 0.342000008 0.375012158 -0.383958106 0.026563136
103089 3089.000000 17758100003089000 0.341625005 0.374603743 -0.381584322 0.051102872
103090 3090.000000 17758100003090000 0.341250002 0.374451754 -0.379033992 -0.013933952
103091 3091.000000 17758100003091000 0.340875000 0.374162705 -0.364659180 -0.013506180
103092 3092.000000 17758100003092000 0.340499997 0.373646760 -0.380277830 -0.019704117
103093 3093.000000 17758100003093000 0.340124995 0.373334581 -0.389544946 -0.003430969
103094 3094.000000 17758100003094000 0.339749992 0.372829540 -0.376095295 -0.014403506
103095 3095.000000 17758100003095000 0.339374989 0.372924283 -0.383371718 -0.004278573
103096 3096.000000 17758100003096000 0.338999987 0.372026188 -0.378484436 0.002621588
103097 3097.000000 17758100003097000 0.338625014 0.371549663 -0.382829908 -0.021139537
103098 3098.000000 17758100003098000 0.338250011 0.371569414 -0.378188476 -0.015856740
103099 3099.000000 17758100003099000 0.337875009 0.371124990 -0.382690966 -0.025949687
103100 3100.000000 17758100003100000 0.337500006 0.370763523 -0.380697694 0.001023254
103101 3101.000000 17758100003101000 0.337125003 0.370141238 -0.367529363 -0.008908561
103102 3102.000000 17758100003102000 0.336750001 0.370098308 -0.378700683 -0.026541562
103103 3103.000000 17758100003103000 0.336374998 0.369334425 -0.383806033 -0.039011625
103104 3104.000000 17758100003104000 0.335999995 0.369108742 -0.374513636 -0.023197681
103105 3105.000000 17758100003105000 0.335624993 0.368595049 -0.376856206 -0.014286540
103106 3106.000000 17758100003106000 0.335249990 0.368511266 -0.375904394 -0.007401284
103107 3107.000000 17758100003107000 0.334874988 0.368397981 -0.386404821 -0.010174565
103108 3108.000000 17758100003108000 0.334500015 0.367583783 -0.383516881 -0.008997825
103109 3109.000000 17758100003109000 0.334125012 0.367423536 -0.379439562 0.009839552
103110 3110.000000 17758100003110000 0.333750010 0.367208492 -0.375841062 -0.013985228
103111 3111.000000 17758100003111000 0.333375007 0.366465490 -0.378833584 0.019670623
103112 3112.000000 17758100003112000 0.333000004 0.366231806 -0.383541393 -0.015430008
103113 3113.000000 17758100003113000 0.332625002 0.365626724 -0.368028952 -0.013774753
103114 3114.000000 17758100003114000 0.332249999 0.365112321 -0.374685753 -0.001740869
103115 3115.000000 17758100003115000 0.331874996 0.365290218 -0.382683157 -0.008227710
103116 3116.000000 17758100003116000 0.331499994 0.364328765 -0.388864523 -0.051068497
103117 3117.000000 17758100003117000 0.331124991 0.364360747 -0.384033314 -0.052179493
103118 3118.000000 17758100003118000 0.330749989 0.364033126 -0.380619893 0.020483815
103119 3119.000000 17758100003119000 0.330374986 0.363520109 -0.375577204 -0.034355615
103120 3120.000000 17758100003120000 0.330000013 0.363275392 -0.382298966 0.011446237
103121 3121.000000 17758100003121000 0.329625010 0.362780763 -0.385968797 -0.028145563
103122 3122.000000 17758100003122000 0.329250008 0.362602922 -0.376396617 -0.034165296
103123 3123.000000 17758100003123000 0.328875005 0.362018503 -0.372120022 -0.000175792
103124 3124.000000 17758100003124000 0.328500003 0.361680784 -0.385914464 0.008963777
103125 3125.000000 17758100003125000 0.328125000 0.361292625 -0.377905403 -0.035981681
103126 3126.000000 17758100003126000 0.327749997 0.361323039 -0.378978746 -0.054095673
103127 3127.000000 17758100003127000 0.327374995 0.360574214 -0.371403280 0.002013364
103128 3128.000000 17758100003128000 0.326999992 0.360181204 -0.376225902 -0.004881309
103129 3129.000000 17758100003129000 0.326624990 0.359869363 -0.377766152 -0.038981329
103130 3130.000000 17758100003130000 0.326249987 0.359347726 -0.370998519 -0.026979508
103131 3131.000000 17758100003131000 0.325875014 0.359335607 -0.376512240 0.003121055
103132 3132.000000 17758100003132000 0.325500011 0.358795366 -0.373866130 -0.017155442
103133 3133.000000 17758100003133000 0.325125009 0.358345792 -0.378902049 -0.026859826
103134 3134.000000 17758100003134000 0.324750006 0.357487334 -0.377047364 0.007362883
103135 3135.000000 17758100003135000 0.324375004 0.357488874 -0.378133803 -0.004175187
103136 3136.000000 17758100003136000 0.324000001 0.357347822 -0.382536630 -0.040502506
103137 3137.000000 17758100003137000 0.323624998 0.356952340 -0.391145566 -0.015971804
103138 3138.000000 17758100003138000 0.323249996 0.356207732 -0.392389037 -0.001819926
103139 3139.000000 17758100003139000 0.322874993 0.356052850 -0.376379634 -0.013545421
103140 3140.000000 17758100003140000 0.322499990 0.355657743 -0.377977633 -0.015181497
103141 3141.000000 17758100003141000 0.322124988 0.355010814 -0.380017117 -0.027870551
103142 3142.000000 17758100003142000 0.321749985 0.354896034 -0.374883046 -0.064098764
103143 3143.000000 17758100003143000 0.321375012 0.354480614 -0.376258240 0.000128566
103144 3144.000000 17758100003144000 0.321000010 0.353915660 -0.386534564 -0.022312818
103145 3145.000000 17758100003145000 0.320625007 0.353709277 -0.386123916 -0.011598799
103146 3146.000000 17758100003146000 0.320250005 0.353043532 -0.376329605 -0.002122503
103147 3147.000000 17758100003147000 0.319875002 0.353074987 -0.378593621 -0.016636759
103148 3148.000000 17758100003148000 0.319499999 0.352925695 -0.376743916 -0.014794797
103149 3149.000000 17758100003149000 0.319124997 0.352421325 -0.374380557 -0.010166914
103150 3150.000000 17758100003150000 0.318749994 0.351548869 -0.382103159 -0.042640556
103151 3151.000000 17758100003151000 0.318374991 0.351866734 -0.376061610 0.007483808
103152 3152.000000 17758100003152000 0.317999989 0.350924054 -0.369977145 -0.009273253
103153 3153.000000 17758100003153000 0.317624986 0.350852431 -0.375430782 -0.032950416
103154 3154.000000 17758100003154000 0.317250013 0.350392602 -0.378792131 0.026975971
103155 3155.000000 17758100003155000 0.316875011 0.350143161 -0.380592774 -0.011049010
103156 3156.000000 17758100003156000 0.316500008 0.349346239 -0.383689162 -0.026999365
103157 3157.000000 17758100003157000 0.316125005 0.349116344 -0.376548699 -0.013467170
103158 3158.000000 17758100003158000 0.315750003 0.349019900 -0.380992628 -0.046823937
103159 3159.000000 17758100003159000 0.315375000 0.348508194 -0.377578430 -0.028998699
103160 3160.000000 17758100003160000 0.314999998 0.347983105 -0.381911637 -0.024774293
103161 3161.000000 17758100003161000 0.314624995 0.347495059 -0.376963628 -0.027040464
103162 3162.000000 17758100003162000 0.314249992 0.347171676 -0.380187224 -0.003237072
103163 3163.000000 17758100003163000 0.313874990 0.347515791 -0.385004201 -0.024603990
103164 3164.000000 17758100003164000 0.313499987 0.346359493 -0.386101557 -0.009971055
103165 3165.000000 17758100003165000 0.313125014 0.346557208 -0.384335216 -0.002377118
103166 3166.000000 17758100003166000 0.312750012 0.345961817 -0.379981992 -0.035950848
103167 3167.000000 17758100003167000 0.312375009 0.345408080 -0.378769198 -0.006951071
103168 3168.000000 17758100003168000 0.312000006 0.345160898 -0.372354096 -0.021371484
103169 3169.000000 17758100003169000 0.311625004 0.344441049 -0.372798703 -0.021609962
103170 3170.000000 17758100003170000 0.311250001 0.344202591 -0.379293345 -0.028286399
103171 3171.000000 17758100003171000 0.310874999 0.343678663 -0.378320894 -0.028224398
103172 3172.000000 17758100003172000 0.310499996 0.343510614 -0.381036997 -0.022998874
103173 3173.000000 17758100003173000 0.310124993 0.343014591 -0.379762053 0.000417821
103174 3174.000000 17758100003174000 0.309749991 0.342771392 -0.371598973 0.006647131
103175 3175.000000 17758100003175000 0.309374988 0.342169516 -0.375582262 -0.002821710
103176 3176.000000 17758100003176000 0.308999985 0.342156083 -0.382657895 -0.004710376
103177 3177.000000 17758100003177000 0.308625013 0.341685445 -0.381678444 0.020482169
103178 3178.000000 17758100003178000 0.308250010 0.341353820 -0.375760079 0.014732751
103179 3179.000000 17758100003179000 0.307875007 0.340874313 -0.376302183 -0.032892928
103180 3180.000000 17758100003180000 0.307500005 0.340591419 -0.380236046 0.010232106
103181 3181.000000 17758100003181000 0.307125002 0.339981678 -0.381973702 -0.024513967
103182 3182.000000 17758100003182000 0.306750000 0.339794070 -0.384958598 -0.045041801
103183 3183.000000 17758100003183000 0.306374997 0.339325631 -0.380895288 0.009997214
103184 3184.000000 17758100003184000 0.305999994 0.339200546 -0.383607082 0.004059955
103185 3185.000000 17758100003185000 0.305624992 0.338608135 -0.377426664 -0.059529881
103186 3186.000000 17758100003186000 0.305249989 0.338301577 -0.369912544 -0.037242663
103187 3187.000000 17758100003187000 0.304874986 0.337528502 -0.376671347 -0.024540686
103188 3188.000000 17758100003188000 0.304500014 0.337489614 -0.381336794 -0.026951971
103189 3189.000000 17758100003189000 0.304125011 0.336910592 -0.377161136 0.002773788
103190 3190.000000 17758100003190000 0.303750008 0.336858103 -0.370424014 -0.028660847
103191 3191.000000 17758100003191000 0.303375006 0.336327421 -0.373448043 0.000581412
103192 3192.000000 17758100003192000 0.303000003 0.335920864 -0.376655094 0.010372659
103193 3193.000000 17758100003193000 0.302625000 0.335413344 -0.389096058 0.003463151
103194 3194.000000 17758100003194000 0.302249998 0.334984998 -0.373189164 -0.028923557
103195 3195.000000 17758100003195000 0.301874995 0.334712756 -0.373550860 -0.019870444
103196 3196.000000 17758100003196000 0.301499993 0.334256261 -0.382870224 -0.008067111
103197 3197.000000 17758100003197000 0.301124990 0.334006842 -0.384353735 -0.047958513
103198 3198.000000 17758100003198000 0.300749987 0.333425798 -0.383565239 -0.026155837
103199 3199.000000 17758100003199000 0.300375015 0.333319210 -0.368078807 -0.019880502
103200 3200.000000 17758100003200000 0.300000012 0.332739904 -0.380049033 -0.001525360
103201 3201.000000 17758100003201000 0.299625009 0.332404638 -0.371267880 -0.021605954
103202 3202.000000 17758100003202000 0.299250007 0.332079000 -0.376017711 -0.014333273
103203 3203.000000 17758100003203000 0.298875004 0.331904153 -0.374637526 -0.011560866
103204 3204.000000 17758100003204000 0.298500001 0.331417581 -0.380892952 -0.019881897
103205 3205.000000 17758100003205000 0.298124999 0.331160516 -0.369926285 -0.031241936
103206 3206.000000 17758100003206000 0.297749996 0.330439256 -0.387396822 -0.026622999
103207 3207.000000 17758100003207000 0.297374994 0.330119760 -0.380338909 -0.006096882
103208 3208.000000 17758100003208000 0.296999991 0.329852035 -0.380101640 -0.003636452
103209 3209.000000 17758100003209000 0.296624988 0.329644803 -0.373312603 -0.023860479
103210 3210.000000 17758100003210000 0.296249986 0.329433658 -0.367334021 -0.012606744
103211 3211.000000 17758100003211000 0.295875013 0.328599471 -0.381968314 -0.048353771
103212 3212.000000 17758100003212000 0.295500010 0.328533207 -0.382818219 -0.003217151
103213 3213.000000 17758100003213000 0.295125008 0.327812463 -0.378407207 -0.036619530
103214 3214.000000 17758100003214000 0.294750005 0.327671414 -0.375870989 -0.024693246
103215 3215.000000 17758100003215000 0.294375002 0.327216016 -0.383035644 -0.015089892
103216 3216.000000 17758100003216000 0.294000000 0.326986694 -0.371158538 -0.014483900
103217 3217.000000 17758100003217000 0.293624997 0.326533729 -0.381914492 -0.006043908
103218 3218.000000 17758100003218000 0.293249995 0.326228359 -0.382411263 0.006815020
103219 3219.000000 17758100003219000 0.292874992 0.325705772 -0.374819627 -0.050735965
103220 3220.000000 17758100003220000 0.292499989 0.325110315 -0.375402126 -0.026450917
103221 3221.000000 17758100003221000 0.292124987 0.324751127 -0.375914810 0.003919179
103222 3222.000000 17758100003222000 0.291750014 0.324863673 -0.387155437 0.021072165
103223 3223.000000 17758100003223000 0.291375011 0.324059690 -0.377244700 0.003294358
103224 3224.000000 17758100003224000 0.291000009 0.323995626 -0.379759107 -0.053147073
103225 3225.000000 17758100003225000 0.290625006 0.323677030 -0.373466731 -0.015177325
103226 3226.000000 17758100003226000 0.290250003 0.322808018 -0.382503898 -0.021449409
103227 3227.000000 17758100003227000 0.289875001 0.323067331 -0.389151686 0.007348290
103228 3228.000000 17758100003228000 0.289499998 0.322341715 -0.377371692 -0.003011355
103229 3229.000000 17758100003229000 0.289124995 0.322179616 -0.382171570 -0.008379774
103230 3230.000000 17758100003230000 0.288749993 0.321499356 -0.367674864 -0.017102689
103231 3231.000000 17758100003231000 0.288374990 0.321233998 -0.373170692 0.022069903
103232 3232.000000 17758100003232000 0.287999988 0.320776413 -0.374967603 -0.024695912
103233 3233.000000 17758100003233000 0.287625015 0.320307283 -0.372596647 -0.010672282
103234 3234.000000 17758100003234000 0.287250012 0.320271980 -0.382408265 -0.009083405
103235 3235.000000 17758100003235000 0.286875010 0.319767485 -0.380680014 0.016610979
103236 3236.000000 17758100003236000 0.286500007 0.319390536 -0.377585206 0.000723350
103237 3237.000000 17758100003237000 0.286125004 0.318774655 -0.379745195 0.015450382
103238 3238.000000 17758100003238000 0.285750002 0.318761188 -0.375332630 -0.027913886
103239 3239.000000 17758100003239000 0.285374999 0.318061201 -0.378558657 -0.006735505
103240 3240.000000 17758100003240000 0.284999996 0.317965687 -0.382755091 0.022877815
103241 3241.000000 17758100003241000 0.284624994 0.317471783 -0.384325697 0.005214900
103242 3242.000000 17758100003242000 0.284249991 0.317066261 -0.373584378 -0.018551658
103243 3243.000000 17758100003243000 0.283874989 0.316580083 -0.379655447 -0.026732630
103244 3244.000000 17758100003244000 0.283499986 0.316253616 -0.384661204 0.002331366
103245 3245.000000 17758100003245000 0.283125013 0.315792118 -0.380457318 -0.035324157
103246 3246.000000 17758100003246000 0.282750010 0.315559675 -0.371256219 -0.024533449
103247 3247.000000 17758100003247000 0.282375008 0.315182099 -0.374114658 -0.022787986
103248 3248.000000 17758100003248000 0.282000005 0.314673668 -0.385982783 0.001139376
103249 3249.000000 17758100003249000 0.281625003 0.314527423 -0.381901410 -0.037867420
103250 3250.000000 17758100003250000 0.281250000 0.313725141 -0.378213376 -0.010892980
103251 3251.000000 17758100003251000 0.280874997 0.313488247 -0.377092372 -0.021960474
103252 3252.000000 17758100003252000 0.280499995 0.312898478 -0.376237330 0.001520309
103253 3253.000000 17758100003253000 0.280124992 0.312720730 -0.376183742 -0.032613249
103254 3254.000000 17758100003254000 0.279749990 0.312545374 -0.377211391 -0.000478028
103255 3255.000000 17758100003255000 0.279374987 0.312074312 -0.369923427 0.003263513
103256 3256.000000 17758100003256000 0.279000014 0.311850710 -0.377019311 -0.013385014
103257 3257.000000 17758100003257000 0.278625011 0.311153331 -0.380836651 -0.026068515
103258 3258.000000 17758100003258000 0.278250009 0.310910114 -0.380605648 0.004353854
103259 3259.000000 17758100003259000 0.277875006 0.311060589 -0.379755405 0.015836805
103260 3260.000000 17758100003260000 0.277500004 0.309837746 -0.382131338 0.007617836
103261 3261.000000 17758100003261000 0.277125001 0.309559370 -0.386078092 0.013943125
103262 3262.000000 17758100003262000 0.276749998 0.309182552 -0.379047185 -0.013316506
103263 3263.000000 17758100003263000 0.276374996 0.309019858 -0.379233471 -0.021627654
103264 3264.000000 17758100003264000 0.275999993 0.308590836 -0.373955796 -0.013672586
103265 3265.000000 17758100003265000 0.275624990 0.308186040 -0.377780545 0.013201422
103266 3266.000000 17758100003266000 0.275249988 0.307593486 -0.383577534 -0.010136114
103267 3267.000000 17758100003267000 0.274874985 0.307569528 -0.381170624 -0.034369672
103268 3268.000000 17758100003268000 0.274500012 0.306908929 -0.376376292 -0.018101166
103269 3269.000000 17758100003269000 0.274125010 0.306717386 -0.376998064 -0.014013625
103270 3270.000000 17758100003270000 0.273750007 0.306292942 -0.375214842 -0.028006712
103271 3271.000000 17758100003271000 0.273375005 0.305801169 -0.380413267 -0.013510985
103272 3272.000000 17758100003272000 0.273000002 0.305508059 -0.373886893 -0.024805039
103273 3273.000000 17758100003273000 0.272624999 0.305364314 -0.383838182 -0.010308542
103274 3274.000000 17758100003274000 0.272249997 0.305000283 -0.377857987 -0.029011165
103275 3275.000000 17758100003275000 0.271874994 0.304575753 -0.374095771 -0.019196726
103276 3276.000000 17758100003276000 0.271499991 0.304003507 -0.373696765 -0.014279253
103277 3277.000000 17758100003277000 0.271124989 0.303711956 -0.373744422 -0.021945699
103278 3278.000000 17758100003278000 0.270749986 0.303297198 -0.378173044 -0.017562751
103279 3279.000000 17758100003279000 0.270375013 0.303446511 -0.380347877 -0.024642087
103280 3280.000000 17758100003280000 0.270000011 0.302876231 -0.385211056 -0.041916970
103281 3281.000000 17758100003281000 0.269625008 0.302746846 -0.371338079 -0.029148891
103282 3282.000000 17758100003282000 0.269250005 0.301711579 -0.380668673 -0.013693799
103283 3283.000000 17758100003283000 0.268875003 0.301166700 -0.377522806 -0.021398014
103284 3284.000000 17758100003284000 0.268500000 0.301129682 -0.372705019 0.002353774
103285 3285.000000 17758100003285000 0.268124998 0.300484220 -0.372868794 -0.017792386
103286 3286.000000 17758100003286000 0.267749995 0.300299895 -0.377241353 -0.012197734
103287 3287.000000 17758100003287000 0.267374992 0.300219311 -0.371126665 -0.000115750
103288 3288.000000 17758100003288000 0.266999990 0.299537497 -0.376816416 0.028272734
103289 3289.000000 17758100003289000 0.266624987 0.299066717 -0.382415112 -0.013402823
103290 3290.000000 17758100003290000 0.266250014 0.298919182 -0.383964916 0.013672091
103291 3291.000000 17758100003291000 0.265875012 0.298449383 -0.379084945 -0.016540453
103292 3292.000000 17758100003292000 0.265500009 0.298114537 -0.381307052 -0.019194291
103293 3293.000000 17758100003293000 0.265125006 0.297613905 -0.377149236 0.002247631
103294 3294.000000 17758100003294000 0.264750004 0.297259259 -0.378339695 -0.020811369
103295 3295.000000 17758100003295000 0.264375001 0.296973529 -0.377241027 -0.014074824
103296 3296.000000 17758100003296000 0.263999999 0.296558477 -0.387919932 -0.059163781
103297 3297.000000 17758100003297000 0.263624996 0.296004644 -0.383649837 -0.014426779
103298 3298.000000 17758100003298000 0.263249993 0.296168945 -0.378480265 0.012966076
103299 3299.000000 17758100003299000 0.262874991 0.295449431 -0.374229122 -0.002425034
103300 3300.000000 17758100003300000 0.262499988 0.294930132 -0.377192281 0.008673832
103301 3301.000000 17758100003301000 0.262124985 0.294382789 -0.372965826 -0.028147990
103302 3302.000000 17758100003302000 0.261750013 0.294536686 -0.379241336 0.010988065
103303 3303.000000 17758100003303000 0.261375010 0.294014957 -0.382310096 -0.018126007
103304 3304.000000 17758100003304000 0.261000007 0.293812225 -0.378064803 -0.032836668
103305 3305.000000 17758100003305000 0.260625005 0.292993900 -0.369085176 -0.049716173
103306 3306.000000 17758100003306000 0.260250002 0.292967931 -0.373101855 -0.006396765
103307 3307.000000 17758100003307000 0.259875000 0.292468686 -0.386271456 -0.013866942
103308 3308.000000 17758100003308000 0.259499997 0.291605813 -0.375111417 -0.011822034
103309 3309.000000 17758100003309000 0.259124994 0.291471509 -0.371895454 -0.029974834
103310 3310.000000 17758100003310000 0.258749992 0.291116028 -0.371756294 0.027069233
103311 3311.000000 17758100003311000 0.258374989 0.290854561 -0.375578172 0.002039390
103312 3312.000000 17758100003312000 0.257999986 0.290229426 -0.383261385 -0.005784349
103313 3313.000000 17758100003313000 0.257625014 0.290261460 -0.377170581 -0.010614130
103314 3314.000000 17758100003314000 0.257250011 0.289868345 -0.378254312 -0.002999561
103315 3315.000000 17758100003315000 0.256875008 0.289085435 -0.386203903 0.017886512
103316 3316.000000 17758100003316000 0.256500006 0.288960501 -0.371740383 -0.039337557
103317 3317.000000 17758100003317000 0.256125003 0.288632773 -0.380838968 -0.015866916
103318 3318.000000 17758100003318000 0.255750000 0.288235320 -0.371090537 -0.014806269
103319 3319.000000 17758100003319000 0.255374998 0.287980182 -0.385642807 -0.014467443
103320 3320.000000 17758100003320000 0.254999995 0.287244692 -0.382434842 -0.032934516
103321 3321.000000 17758100003321000 0.254624993 0.287317130 -0.383272811 -0.024401950
103322 3322.000000 17758100003322000 0.254249990 0.286623725 -0.371404768 -0.018972262
103323 3323.000000 17758100003323000 0.253874987 0.286658776 -0.384199344 -0.015917065
103324 3324.000000 17758100003324000 0.253500015 0.286105333 -0.379292970 -0.011342266
103325 3325.000000 17758100003325000 0.253125012 0.285357425 -0.375758910 -0.020239890
103326 3326.000000 17758100003326000 0.252750009 0.285362954 -0.379262528 -0.000818142
103327 3327.000000 17758100003327000 0.252375007 0.284732393 -0.386670985 0.002061205
103328 3328.000000 17758100003328000 0.252000004 0.284299374 -0.376713371 -0.002402730
103329 3329.000000 17758100003329000 0.251625001 0.283987312 -0.373528591 -0.028911240
103330 3330.000000 17758100003330000 0.251249999 0.283782520 -0.383880087 -0.072263191
103331 3331.000000 17758100003331000 0.250874996 0.283230290 -0.375423505 -0.002425366
103332 3332.000000 17758100003332000 0.250499994 0.283109609 -0.381889980 -0.020210024
103333 3333.000000 17758100003333000 0.250124991 0.282178092 -0.379401653 -0.015556034
103334 3334.000000 17758100003334000 0.249750003 0.281977121 -0.389830130 0.010796787
103335 3335.000000 17758100003335000 0.249375001 0.281813988 -0.380903678 -0.004341077
103336 3336.000000 17758100003336000 0.248999998 0.281126762 -0.373927088 -0.003482602
103337 3337.000000 17758100003337000 0.248624995 0.280875756 -0.384832426 -0.037965638
103338 3338.000000 17758100003338000 0.248249993 0.280606321 -0.391853299 -0.003632065
103339 3339.000000 17758100003339000 0.247875005 0.280593901 -0.373281119 0.006076399
103340 3340.000000 17758100003340000 0.247500002 0.279856685 -0.380467781 -0.032187392
103341 3341.000000 17758100003341000 0.247125000 0.279429856 -0.371869547 -0.004989297
103342 3342.000000 17758100003342000 0.246749997 0.279445827 -0.375538873 -0.024991229
103343 3343.000000 17758100003343000 0.246374995 0.278804821 -0.392247376 -0.049107517
103344 3344.000000 17758100003344000 0.246000007 0.277852236 -0.378178274 0.018319292
103345 3345.000000 17758100003345000 0.245625004 0.278245869 -0.388708677 -0.018536153
103346 3346.000000 17758100003346000 0.245250002 0.277802595 -0.379857737 0.014900437
103347 3347.000000 17758100003347000 0.244874999 0.277061152 -0.386266408 -0.004590594
103348 3348.000000 17758100003348000 0.244499996 0.276877041 -0.385297933 0.013819720
103349 3349.000000 17758100003349000 0.244124994 0.276456055 -0.380413436 0.013168726
103350 3350.000000 17758100003350000 0.243750006 0.275943380 -0.376130670 -0.018609700
103351 3351.000000 17758100003351000 0.243375003 0.275929048 -0.382848631 -0.018245683
103352 3352.000000 17758100003352000 0.243000001 0.275348423 -0.381978471 -0.011098517
103353 3353.000000 17758100003353000 0.242624998 0.274688255 -0.374813126 -0.007143109
103354 3354.000000 17758100003354000 0.242249995 0.274698495 -0.374700390 -0.012739611
103355 3355.000000 17758100003355000 0.241874993 0.274333189 -0.371738520 0.026727950
103356 3356.000000 17758100003356000 0.241500005 0.273435073 -0.373266383 -0.008723621
103357 3357.000000 17758100003357000 0.241125003 0.273319473 -0.376054390 -0.008554862
103358 3358.000000 17758100003358000 0.240750000 0.273157404 -0.373621656 0.019605410
103359 3359.000000 17758100003359000 0.240374997 0.272654273 -0.375333281 -0.016926747
103360 3360.000000 17758100003360000 0.239999995 0.272110978 -0.378484041 -0.007306667
103361 3361.000000 17758100003361000 0.239625007 0.271782719 -0.372426178 0.009024889
103362 3362.000000 17758100003362000 0.239250004 0.271207901 -0.376828431 0.004521873
103363 3363.000000 17758100003363000 0.238875002 0.271356129 -0.373954240 -0.031727460
103364 3364.000000 17758100003364000 0.238499999 0.270539057 -0.372803117 0.022381529
103365 3365.000000 17758100003365000 0.238124996 0.270231976 -0.379605608 -0.006655847
103366 3366.000000 17758100003366000 0.237749994 0.270287794 -0.375327259 -0.016522685
103367 3367.000000 17758100003367000 0.237375006 0.269896033 -0.379329329 -0.034583238
103368 3368.000000 17758100003368000 0.237000003 0.268936217 -0.390857383 -0.031150987
103369 3369.000000 17758100003369000 0.236625001 0.269311968 -0.386419719 -0.014855808
103370 3370.000000 17758100003370000 0.236249998 0.268251220 -0.379266796 -0.015849205
103371 3371.000000 17758100003371000 0.235874996 0.268156763 -0.372600215 0.002759426
103372 3372.000000 17758100003372000 0.235499993 0.267817937 -0.376241785 -0.024822707
103373 3373.000000 17758100003373000 0.235125005 0.267513232 -0.381623767 -0.027559514
103374 3374.000000 17758100003374000 0.234750003 0.267099384 -0.375821877 0.002160772
103375 3375.000000 17758100003375000 0.234375000 0.266626387 -0.378106131 0.019097849
103376 3376.000000 17758100003376000 0.233999997 0.266492482 -0.381719197 -0.019988648
103377 3377.000000 17758100003377000 0.233624995 0.266086728 -0.384864630 0.017615400
103378 3378.000000 17758100003378000 0.233250007 0.265298514 -0.372975126 -0.013069844
103379 3379.000000 17758100003379000 0.232875004 0.265105266 -0.384500493 -0.017787331
103380 3380.000000 17758100003380000 0.232500002 0.264796226 -0.376007838 -0.021676838
103381 3381.000000 17758100003381000 0.232124999 0.264377441 -0.386066488 -0.030586039
103382 3382.000000 17758100003382000 0.231749997 0.263664111 -0.375606896 -0.017342875
103383 3383.000000 17758100003383000 0.231374994 0.263466903 -0.374877461 0.050883195
103384 3384.000000 17758100003384000 0.231000006 0.263348996 -0.380813531 -0.020000961
103385 3385.000000 17758100003385000 0.230625004 0.263066566 -0.380206913 -0.024610783
103386 3386.000000 17758100003386000 0.230250001 0.262210259 -0.380148334 -0.002664681
103387 3387.000000 17758100003387000 0.229874998 0.261987102 -0.380045157 -0.035409665
103388 3388.000000 17758100003388000 0.229499996 0.261871721 -0.380878560 -0.023895904
103389 3389.000000 17758100003389000 0.229124993 0.261074333 -0.380136168 -0.017471117
103390 3390.000000 17758100003390000 0.228750005 0.261282568 -0.378477278 0.007444140
103391 3391.000000 17758100003391000 0.228375003 0.260832213 -0.383928016 -0.004938607
103392 3392.000000 17758100003392000 0.228000000 0.260117326 -0.370053325 -0.012625587
103393 3393.000000 17758100003393000 0.227624997 0.260046564 -0.369354801 0.004207259
103394 3394.000000 17758100003394000 0.227249995 0.259541187 -0.366263081 -0.038602050
103395 3395.000000 17758100003395000 0.226875007 0.259107584 -0.379925466 -0.041903243
103396 3396.000000 17758100003396000 0.226500005 0.258843092 -0.374175097 -0.012616401
103397 3397.000000 17758100003397000 0.226125002 0.258807499 -0.384015625 0.002034407
103398 3398.000000 17758100003398000 0.225749999 0.257728998 -0.375739585 0.000263613
103399 3399.000000 17758100003399000 0.225374997 0.257394093 -0.381800388 0.026062483
103400 3400.000000 17758100003400000 0.224999994 0.256957263 -0.366938223 -0.011832960
103401 3401.000000 17758100003401000 0.224625006 0.257250509 -0.382415339 0.022077610
103402 3402.000000 17758100003402000 0.224250004 0.256602679 -0.380075684 0.004521029
103403 3403.000000 17758100003403000 0.223875001 0.256284872 -0.373172886 -0.007943761
103404 3404.000000 17758100003404000 0.223499998 0.255672785 -0.374638885 -0.002414051
103405 3405.000000 17758100003405000 0.223124996 0.255050487 -0.379094831 0.005246728
103406 3406.000000 17758100003406000 0.222749993 0.254856135 -0.377811726 0.033017081
103407 3407.000000 17758100003407000 0.222375005 0.254655837 -0.381907331 -0.013409604
103408 3408.000000 17758100003408000 0.222000003 0.254400316 -0.384646206 -0.005781325
103409 3409.000000 17758100003409000 0.221625000 0.253431399 -0.372930732 -0.042328906
103410 3410.000000 17758100003410000 0.221249998 0.253520109 -0.374342987 -0.011008651
103411 3411.000000 17758100003411000 0.220874995 0.253130742 -0.379820135 -0.012852832
103412 3412.000000 17758100003412000 0.220500007 0.252484437 -0.377212146 0.003842171
103413 3413.000000 17758100003413000 0.220125005 0.252325992 -0.375328005 -0.011410801
103414 3414.000000 17758100003414000 0.219750002 0.251871393 -0.373556299 0.022674344
103415 3415.000000 17758100003415000 0.219374999 0.251656385 -0.375404130 0.020878717
103416 3416.000000 17758100003416000 0.218999997 0.251216152 -0.382642486 -0.016481884
103417 3417.000000 17758100003417000 0.218624994 0.250837509 -0.377117498 -0.014921116
103418 3418.000000 17758100003418000 0.218250006 0.249684122 -0.384217657 0.008409996
103419 3419.000000 17758100003419000 0.217875004 0.250297830 -0.375856506 -0.049765278
103420 3420.000000 17758100003420000 0.217500001 0.249519928 -0.376570745 -0.009623480
103421 3421.000000 17758100003421000 0.217124999 0.249516738 -0.383726998 -0.043600563
103422 3422.000000 17758100003422000 0.216749996 0.248862572 -0.374933659 0.005255745
103423 3423.000000 17758100003423000 0.216374993 0.248703423 -0.383595778 0.002752458
103424 3424.000000 17758100003424000 0.216000006 0.248208561 -0.382650648 -0.009577071
103425 3425.000000 17758100003425000 0.215625003 0.247893476 -0.387378969 0.002468098
103426 3426.000000 17758100003426000 0.215250000 0.247438471 -0.375730477 -0.017236211
103427 3427.000000 17758100003427000 0.214874998 0.247092558 -0.372221866 -0.033904536
103428 3428.000000 17758100003428000 0.214499995 0.246462336 -0.382760169 -0.019160635
103429 3429.000000 17758100003429000 0.214125007 0.246441525 -0.374881351 0.011999929
103430 3430.000000 17758100003430000 0.213750005 0.245798036 -0.376774852 -0.025715372
103431 3431.000000 17758100003431000 0.213375002 0.245376009 -0.382026359 0.054072906
103432 3432.000000 17758100003432000 0.213000000 0.245347270 -0.376976264 -0.003608345
103433 3433.000000 17758100003433000 0.212624997 0.244373304 -0.374999921 -0.007456541
103434 3434.000000 17758100003434000 0.212249994 0.244102468 -0.376894466 -0.003352950
103435 3435.000000 17758100003435000 0.211875007 0.244016036 -0.379556379 0.014738451
103436 3436.000000 17758100003436000 0.211500004 0.243790210 -0.381828247 -0.037006063
103437 3437.000000 17758100003437000 0.211125001 0.243650527 -0.374490162 0.004042751
103438 3438.000000 17758100003438000 0.210749999 0.242710780 -0.383880852 -0.010479319
103439 3439.000000 17758100003439000 0.210374996 0.242799920 -0.393252571 -0.014259286
103440 3440.000000 17758100003440000 0.209999993 0.242007856 -0.382846362 -0.029822979
103441 3441.000000 17758100003441000 0.209625006 0.241428813 -0.371365220 -0.008233210
103442 3442.000000 17758100003442000 0.209250003 0.241243792 -0.377707891 0.003662964
103443 3443.000000 17758100003443000 0.208875000 0.240679110 -0.387591886 -0.002262184
103444 3444.000000 17758100003444000 0.208499998 0.240661345 -0.371677495 -0.038767882
103445 3445.000000 17758100003445000 0.208124995 0.239865631 -0.370923155 -0.015201138
103446 3446.000000 17758100003446000 0.207749993 0.239626540 -0.387846928 -0.004224904
103447 3447.000000 17758100003447000 0.207375005 0.238957990 -0.375523733 -0.018623430
103448 3448.000000 17758100003448000 0.207000002 0.238816823 -0.380561919 0.001363290
103449 3449.000000 17758100003449000 0.206625000 0.238834261 -0.369283276 -0.032288532
103450 3450.000000 17758100003450000 0.206249997 0.238197297 -0.381608216 0.018954598
103451 3451.000000 17758100003451000 0.205874994 0.237738163 -0.385388133 -0.035982353
103452 3452.000000 17758100003452000 0.205500007 0.237275382 -0.387021098 0.001692942
103453 3453.000000 17758100003453000 0.205125004 0.237126123 -0.379779377 -0.036658928
103454 3454.000000 17758100003454000 0.204750001 0.236651206 -0.382499194 -0.015519752
103455 3455.000000 17758100003455000 0.204374999 0.236177168 -0.382646577 -0.023506235
103456 3456.000000 17758100003456000 0.203999996 0.236197507 -0.376059045 -0.005875571
103457 3457.000000 17758100003457000 0.203624994 0.235535130 -0.377404849 0.006517693
103458 3458.000000 17758100003458000 0.203250006 0.235249618 -0.388524336 -0.006722021
103459 3459.000000 17758100003459000 0.202875003 0.234975250 -0.372732949 0.006256895
103460 3460.000000 17758100003460000 0.202500001 0.234157226 -0.380420179 -0.005048849
103461 3461.000000 17758100003461000 0.202124998 0.233945277 -0.374998566 -0.010115213
103462 3462.000000 17758100003462000 0.201749995 0.233697917 -0.379451345 -0.010127041
103463 3463.000000 17758100003463000 0.201374993 0.233585557 -0.373469988 -0.039647684
103464 3464.000000 17758100003464000 0.201000005 0.233043037 -0.385733692 0.017034693
103465 3465.000000 17758100003465000 0.200625002 0.232620499 -0.382459143 -0.029580375
103466 3466.000000 17758100003466000 0.200250000 0.232373273 -0.374775988 0.009537942
103467 3467.000000 17758100003467000 0.199874997 0.231700159 -0.376468931 -0.037399625
103468 3468.000000 17758100003468000 0.199499995 0.231588959 -0.378460111 -0.014300857
103469 3469.000000 17758100003469000 0.199125007 0.230967613 -0.376252938 -0.001043343
103470 3470.000000 17758100003470000 0.198750004 0.230517800 -0.374637431 -0.051970185
103471 3471.000000 17758100003471000 0.198375002 0.230580216 -0.375012381 0.014688051
103472 3472.000000 17758100003472000 0.197999999 0.229950219 -0.376344708 0.010318472
103473 3473.000000 17758100003473000 0.197624996 0.229661446 -0.386029301 0.006892668
103474 3474.000000 17758100003474000 0.197249994 0.228887150 -0.375548568 -0.042276825
103475 3475.000000 17758100003475000 0.196875006 0.229003808 -0.382399805 -0.011969321
103476 3476.000000 17758100003476000 0.196500003 0.228362101 -0.372577165 -0.014940901
103477 3477.000000 17758100003477000 0.196125001 0.228070022 -0.371840681 0.000127657
103478 3478.000000 17758100003478000 0.195749998 0.227622629 -0.379531811 -0.002972293
103479 3479.000000 17758100003479000 0.195374995 0.227555225 -0.377588602 -0.007577378
103480 3480.000000 17758100003480000 0.194999993 0.227250498 -0.378547915 -0.028020109
103481 3481.000000 17758100003481000 0.194625005 0.226473477 -0.384313746 -0.031857551
103482 3482.000000 17758100003482000 0.194250003 0.226332289 -0.375265214 -0.017986620
103483 3483.000000 17758100003483000 0.193875000 0.225797333 -0.379304839 0.006990990
103484 3484.000000 17758100003484000 0.193499997 0.225624842 -0.376911573 0.020429619
103485 3485.000000 17758100003485000 0.193124995 0.224782565 -0.388888129 0.006234026
103486 3486.000000 17758100003486000 0.192750007 0.224749219 -0.376640874 -0.022604772
103487 3487.000000 17758100003487000 0.192375004 0.224355822 -0.368069577 0.019895625
103488 3488.000000 17758100003488000 0.192000002 0.223814958 -0.376772478 0.008744385
103489 3489.000000 17758100003489000 0.191624999 0.223646836 -0.374941718 -0.029551173
103490 3490.000000 17758100003490000 0.191249996 0.222881048 -0.375128398 -0.009634842
103491 3491.000000 17758100003491000 0.190874994 0.222462004 -0.381609324 -0.016783133
103492 3492.000000 17758100003492000 0.190500006 0.222552816 -0.379753930 0.016017804
103493 3493.000000 17758100003493000 0.190125003 0.222220229 -0.375858949 -0.030413057
103494 3494.000000 17758100003494000 0.189750001 0.221387375 -0.377827542 -0.015765353
103495 3495.000000 17758100003495000 0.189374998 0.221038555 -0.380999722 -0.000991555
103496 3496.000000 17758100003496000 0.188999996 0.221128742 -0.374029581 0.010428076
103497 3497.000000 17758100003497000 0.188624993 0.220757673 -0.375051571 0.027028125
103498 3498.000000 17758100003498000 0.188250005 0.219945401 -0.382578402 -0.005654690
103499 3499.000000 17758100003499000 0.187875003 0.220088418 -0.382315870 -0.021536773
103500 3500.000000 17758100003500000 0.187500000 0.219192731 -0.379854412 -0.019097663
103501 3501.000000 17758100003501000 0.187124997 0.219045925 -0.379028189 -0.018721990
103502 3502.000000 17758100003502000 0.186749995 0.218472437 -0.376498982 0.010731746
103503 3503.000000 17758100003503000 0.186375007 0.218394277 -0.372916697 0.009719999
103504 3504.000000 17758100003504000 0.186000004 0.217708989 -0.371739379 -0.011314296
103505 3505.000000 17758100003505000 0.185625002 0.217177452 -0.373163469 -0.040688239
103506 3506.000000 17758100003506000 0.185249999 0.217217701 -0.380355720 -0.028852393
103507 3507.000000 17758100003507000 0.184874997 0.216582889 -0.365866569 -0.003189974
103508 3508.000000 17758100003508000 0.184499994 0.216413461 -0.371947109 0.003060443
103509 3509.000000 17758100003509000 0.184125006 0.216015597 -0.377901762 -0.026678518
103510 3510.000000 17758100003510000 0.183750004 0.215062606 -0.380481860 0.015389605
103511 3511.000000 17758100003511000 0.183375001 0.215202236 -0.372562638 -0.025921337
103512 3512.000000 17758100003512000 0.182999998 0.214644922 -0.381936133 0.025286807
103513 3513.000000 17758100003513000 0.182624996 0.214513741 -0.383422516 -0.024586219
103514 3514.000000 17758100003514000 0.182249993 0.213917628 -0.384959558 -0.020466225
103515 3515.000000 17758100003515000 0.181875005 0.213559807 -0.378325670 -0.061655314
103516 3516.000000 17758100003516000 0.181500003 0.213262895 -0.390080251 -0.025833138
103517 3517.000000 17758100003517000 0.181125000 0.212884738 -0.384586829 0.007764679
103518 3518.000000 17758100003518000 0.180749997 0.212406218 -0.370662818 0.016539323
103519 3519.000000 17758100003519000 0.180374995 0.212562257 -0.379782717 0.007962091
103520 3520.000000 17758100003520000 0.180000007 0.211702390 -0.376485739 -0.010469827
103521 3521.000000 17758100003521000 0.179625005 0.211229408 -0.377191695 0.016778334
103522 3522.000000 17758100003522000 0.179250002 0.211122270 -0.387509935 -0.005265585
103523 3523.000000 17758100003523000 0.178874999 0.210733397 -0.376858736 -0.026071054
103524 3524.000000 17758100003524000 0.178499997 0.210248550 -0.379346182 -0.017663139
103525 3525.000000 17758100003525000 0.178124994 0.210054329 -0.369651650 -0.018568282
103526 3526.000000 17758100003526000 0.177750006 0.209594207 -0.378486935 -0.003577115
103527 3527.000000 17758100003527000 0.177375004 0.208980290 -0.385725032 -0.002805207
103528 3528.000000 17758100003528000 0.177000001 0.208642375 -0.384905688 -0.014244662
103529 3529.000000 17758100003529000 0.176624998 0.207803961 -0.377614840 -0.009550757
103530 3530.000000 17758100003530000 0.176249996 0.207756833 -0.380702171 0.027144314
103531 3531.000000 17758100003531000 0.175874993 0.207469741 -0.378383387 -0.035518171
103532 3532.000000 17758100003532000 0.175500005 0.207352591 -0.373945054 0.030318967
103533 3533.000000 17758100003533000 0.175125003 0.206786676 -0.375777554 0.017778084
103534 3534.000000 17758100003534000 0.174750000 0.206518517 -0.376974649 -0.001485571
103535 3535.000000 17758100003535000 0.174374998 0.206334506 -0.372133731 -0.011209569
103536 3536.000000 17758100003536000 0.173999995 0.205653677 -0.367160581 -0.013406994
103537 3537.000000 17758100003537000 0.173625007 0.205282049 -0.375903204 -0.017969818
103538 3538.000000 17758100003538000 0.173250005 0.205033405 -0.374654226 -0.043916442
103539 3539.000000 17758100003539000 0.172875002 0.204698047 -0.375984912 0.006066094
103540 3540.000000 17758100003540000 0.172499999 0.203886073 -0.383968016 -0.025379360
103541 3541.000000 17758100003541000 0.172124997 0.203762275 -0.374624573 -0.005712205
103542 3542.000000 17758100003542000 0.171749994 0.203355363 -0.380418679 -0.013553539
103543 3543.000000 17758100003543000 0.171375006 0.203231216 -0.387685061 0.037248718
103544 3544.000000 17758100003544000 0.171000004 0.202798997 -0.378178793 -0.024895967
103545 3545.000000 17758100003545000 0.170625001 0.202044884 -0.380390533 -0.004018173
103546 3546.000000 17758100003546000 0.170249999 0.201792010 -0.379471063 0.026067692
103547 3547.000000 17758100003547000 0.169874996 0.201507205 -0.378739436 0.033312480
103548 3548.000000 17758100003548000 0.169499993 0.201080292 -0.369237345 0.006515116
103549 3549.000000 17758100003549000 0.169125006 0.200635003 -0.386241711 -0.005482387
103550 3550.000000 17758100003550000 0.168750003 0.200747381 -0.379365334 -0.015326173
103551 3551.000000 17758100003551000 0.168375000 0.199840249 -0.375567396 -0.002149245
103552 3552.000000 17758100003552000 0.167999998 0.199576412 -0.377642360 -0.033209359
103553 3553.000000 17758100003553000 0.167624995 0.199453298 -0.385456919 0.005265198
103554 3554.000000 17758100003554000 0.167250007 0.198862010 -0.380392913 -0.047155421
103555 3555.000000 17758100003555000 0.166875005 0.198568472 -0.379742113 0.019846545
103556 3556.000000 17758100003556000 0.166500002 0.198254324 -0.371267017 -0.033313500
103557 3557.000000 17758100003557000 0.166125000 0.197460901 -0.373362952 -0.002042168
103558 3558.000000 17758100003558000 0.165749997 0.197450514 -0.386216101 -0.001359691
103559 3559.000000 17758100003559000 0.165374994 0.197112144 -0.382694608 0.043429276
103560 3560.000000 17758100003560000 0.165000007 0.196876770 -0.383515109 -0.001139806
103561 3561.000000 17758100003561000 0.164625004 0.196629205 -0.380687035 -0.023032026
103562 3562.000000 17758100003562000 0.164250001 0.195866958 -0.377060023 -0.034613619
103563 3563.000000 17758100003563000 0.163874999 0.195458654 -0.377660012 -0.027466441
103564 3564.000000 17758100003564000 0.163499996 0.195148254 -0.387461787 -0.015135761
103565 3565.000000 17758100003565000 0.163124993 0.194642651 -0.368827467 -0.017956724
103566 3566.000000 17758100003566000 0.162750006 0.194591336 -0.378269307 -0.002321486
103567 3567.000000 17758100003567000 0.162375003 0.193862132 -0.374240224 -0.025470514
103568 3568.000000 17758100003568000 0.162000000 0.193801520 -0.381179290 -0.052454955
103569 3569.000000 17758100003569000 0.161624998 0.193304245 -0.382445110 -0.005956365
103570 3570.000000 17758100003570000 0.161249995 0.192820127 -0.384228462 -0.027801726
103571 3571.000000 17758100003571000 0.160874993 0.192369398 -0.384960907 -0.030098763
103572 3572.000000 17758100003572000 0.160500005 0.191895596 -0.370459079 -0.006700296
103573 3573.000000 17758100003573000 0.160125002 0.191693144 -0.375087441 -0.004425677
103574 3574.000000 17758100003574000 0.159750000 0.191423549 -0.374711632 -0.006700508
103575 3575.000000 17758100003575000 0.159374997 0.191422958 -0.379163402 0.006504661
103576 3576.000000 17758100003576000 0.158999994 0.190579871 -0.381924705 -0.025642663
103577 3577.000000 17758100003577000 0.158625007 0.190632825 -0.372449169 0.022900971
103578 3578.000000 17758100003578000 0.158250004 0.190350843 -0.381986346 -0.035710663
103579 3579.000000 17758100003579000 0.157875001 0.189564554 -0.389180327 0.004315160
103580 3580.000000 17758100003580000 0.157499999 0.189043811 -0.382842343 0.008312572
103581 3581.000000 17758100003581000 0.157124996 0.188862283 -0.381039993 -0.033315857
103582 3582.000000 17758100003582000 0.156749994 0.188190768 -0.380238088 -0.005294792
103583 3583.000000 17758100003583000 0.156375006 0.188231177 -0.371697868 -0.046400599
103584 3584.000000 17758100003584000 0.156000003 0.187435135 -0.373217386 -0.006225191
103585 3585.000000 17758100003585000 0.155625001 0.186970931 -0.380554301 -0.007576982
103586 3586.000000 17758100003586000 0.155249998 0.186928106 -0.382405525 -0.028842664
103587 3587.000000 17758100003587000 0.154874995 0.186711242 -0.382997461 -0.029444229
103588 3588.000000 17758100003588000 0.154499993 0.186146731 -0.383129629 -0.018597660
103589 3589.000000 17758100003589000 0.154125005 0.185712483 -0.377832264 -0.007162672
103590 3590.000000 17758100003590000 0.153750002 0.185462406 -0.373332584 0.000893399
103591 3591.000000 17758100003591000 0.153375000 0.184847446 -0.375115243 0.029312875
103592 3592.000000 17758100003592000 0.152999997 0.184520588 -0.375411817 0.004276585
103593 3593.000000 17758100003593000 0.152624995 0.183848336 -0.372686013 -0.000456559
103594 3594.000000 17758100003594000 0.152250007 0.183886896 -0.374942849 0.007946947
103595 3595.000000 17758100003595000 0.151875004 0.183437669 -0.372155092 0.008901540
103596 3596.000000 17758100003596000 0.151500002 0.182571158 -0.385659815 0.025425506
103597 3597.000000 17758100003597000 0.151124999 0.182569762 -0.386951968 -0.019530765
103598 3598.000000 17758100003598000 0.150749996 0.182166919 -0.371204412 0.012262877
103599 3599.000000 17758100003599000 0.150374994 0.181914473 -0.375313226 -0.009807783
103600 3600.000000 17758100003600000 0.150000006 0.181688797 -0.385504335 0.032915933
103601 3601.000000 17758100003601000 0.149625003 0.181632102 -0.376739020 0.015443417
103602 3602.000000 17758100003602000 0.149250001 0.180877746 -0.373055494 -0.014802368
103603 3603.000000 17758100003603000 0.148874998 0.180319255 -0.372470444 -0.050204670
103604 3604.000000 17758100003604000 0.148499995 0.179744386 -0.381297868 -0.011850814
103605 3605.000000 17758100003605000 0.148124993 0.179794667 -0.374537509 0.007727564
103606 3606.000000 17758100003606000 0.147750005 0.179351621 -0.378323182 0.018601687
103607 3607.000000 17758100003607000 0.147375003 0.179182364 -0.373794439 0.006327741
103608 3608.000000 17758100003608000 0.147000000 0.178441484 -0.382763824 -0.035468279
103609 3609.000000 17758100003609000 0.146624997 0.177935247 -0.380781100 -0.002072368
103610 3610.000000 17758100003610000 0.146249995 0.177628948 -0.378129817 0.020355954
103611 3611.000000 17758100003611000 0.145875007 0.177610327 -0.373938193 -0.009447185
103612 3612.000000 17758100003612000 0.145500004 0.176790499 -0.380101211 -0.013765806
103613 3613.000000 17758100003613000 0.145125002 0.176512603 -0.381305944 0.009502177
103614 3614.000000 17758100003614000 0.144749999 0.176149739 -0.378614567 -0.020876968
103615 3615.000000 17758100003615000 0.144374996 0.176104766 -0.378915260 -0.033314054
103616 3616.000000 17758100003616000 0.143999994 0.175606538 -0.384126295 -0.040087252
103617 3617.000000 17758100003617000 0.143625006 0.175577520 -0.385602823 -0.005014827
103618 3618.000000 17758100003618000 0.143250003 0.174659503 -0.373625723 -0.033670476
103619 3619.000000 17758100003619000 0.142875001 0.174447072 -0.377900992 -0.007135002
103620 3620.000000 17758100003620000 0.142499998 0.174079000 -0.385706847 -0.013048061
103621 3621.000000 17758100003621000 0.142124996 0.173653710 -0.380857939 -0.001779177
103622 3622.000000 17758100003622000 0.141749993 0.173330070 -0.380420482 -0.017665582
103623 3623.000000 17758100003623000 0.141375005 0.173042100 -0.374626911 -0.027704283
103624 3624.000000 17758100003624000 0.141000003 0.172751226 -0.375452101 -0.038136473
103625 3625.000000 17758100003625000 0.140625000 0.171776899 -0.370212168 -0.029698000
103626 3626.000000 17758100003626000 0.140249997 0.171407197 -0.367581038 -0.020129580
103627 3627.000000 17758100003627000 0.139874995 0.171096216 -0.387121922 -0.009718341
103628 3628.000000 17758100003628000 0.139500007 0.170618781 -0.384862941 0.020640161
103629 3629.000000 17758100003629000 0.139125004 0.170007444 -0.375750355 -0.033426401
103630 3630.000000 17758100003630000 0.138750002 0.169961031 -0.387984889 -0.029685918
103631 3631.000000 17758100003631000 0.138374999 0.169827200 -0.378723427 -0.034901564
103632 3632.000000 17758100003632000 0.137999997 0.169636947 -0.372418531 0.003469489
103633 3633.000000 17758100003633000 0.137624994 0.169379716 -0.388860519 0.007596150
103634 3634.000000 17758100003634000 0.137250006 0.168259645 -0.369893517 -0.014166368
103635 3635.000000 17758100003635000 0.136875004 0.168239635 -0.380534024 -0.004460320
103636 3636.000000 17758100003636000 0.136500001 0.167762580 -0.374103798 -0.037570237
103637 3637.000000 17758100003637000 0.136124998 0.167371866 -0.370664042 -0.010067304
103638 3638.000000 17758100003638000 0.135749996 0.167079509 -0.373028384 -0.011963034
103639 3639.000000 17758100003639000 0.135374993 0.166324504 -0.379565098 -0.000959037
103640 3640.000000 17758100003640000 0.135000005 0.166458055 -0.375554597 -0.024985389
103641 3641.000000 17758100003641000 0.134625003 0.165866938 -0.371240232 -0.024250089
103642 3642.000000 17758100003642000 0.134250000 0.165854501 -0.382826359 -0.027363533
103643 3643.000000 17758100003643000 0.133874997 0.165244358 -0.383431805 -0.022332602
103644 3644.000000 17758100003644000 0.133499995 0.164703275 -0.379174546 -0.010053204
103645 3645.000000 17758100003645000 0.133125007 0.164697637 -0.373789202 -0.008365422
103646 3646.000000 17758100003646000 0.132750005 0.164470158 -0.370728300 0.032003232
103647 3647.000000 17758100003647000 0.132375002 0.163702114 -0.374557625 0.003089476
103648 3648.000000 17758100003648000 0.131999999 0.163180431 -0.385871327 -0.037407177
103649 3649.000000 17758100003649000 0.131624997 0.163089657 -0.379071138 0.007825944
103650 3650.000000 17758100003650000 0.131249994 0.162835180 -0.370357170 -0.032021342
103651 3651.000000 17758100003651000 0.130875006 0.162245494 -0.376473573 0.017497371
103652 3652.000000 17758100003652000 0.130500004 0.161960694 -0.377819624 0.009673855
103653 3653.000000 17758100003653000 0.130125001 0.161539022 -0.374013391 -0.023786021
103654 3654.000000 17758100003654000 0.129749998 0.160761833 -0.380730381 0.006114363
103655 3655.000000 17758100003655000 0.129374996 0.161056468 -0.383056831 0.003064620
103656 3656.000000 17758100003656000 0.128999993 0.159940689 -0.373428382 -0.031941592
103657 3657.000000 17758100003657000 0.128625005 0.159831589 -0.378710964 0.007141434
103658 3658.000000 17758100003658000 0.128250003 0.159425198 -0.380693764 -0.013157979
103659 3659.000000 17758100003659000 0.127875000 0.159157777 -0.373081292 -0.020906001
103660 3660.000000 17758100003660000 0.127499998 0.159107587 -0.387795265 -0.004403091
103661 3661.000000 17758100003661000 0.127124995 0.158672671 -0.376892132 0.013721676
103662 3662.000000 17758100003662000 0.126750007 0.157916263 -0.374291424 0.023282263
103663 3663.000000 17758100003663000 0.126375005 0.157503000 -0.383860288 -0.011019898
103664 3664.000000 17758100003664000 0.126000002 0.157286067 -0.387845880 -0.042326402
103665 3665.000000 17758100003665000 0.125624999 0.157305354 -0.381216320 0.000587035
103666 3666.000000 17758100003666000 0.125249997 0.156463613 -0.386355567 -0.020130085
103667 3667.000000 17758100003667000 0.124875002 0.156386680 -0.367934433 -0.020934428
103668 3668.000000 17758100003668000 0.124499999 0.155933339 -0.382052521 -0.011414497
103669 3669.000000 17758100003669000 0.124124996 0.155541032 -0.380463273 -0.006479703
103670 3670.000000 17758100003670000 0.123750001 0.155018199 -0.370818923 0.012507497
103671 3671.000000 17758100003671000 0.123374999 0.154720813 -0.383287601 -0.004294856
103672 3672.000000 17758100003672000 0.123000003 0.154151994 -0.377878271 -0.007215893
103673 3673.000000 17758100003673000 0.122625001 0.154030416 -0.381116715 -0.000791521
103674 3674.000000 17758100003674000 0.122249998 0.153930052 -0.377004572 -0.000248513
103675 3675.000000 17758100003675000 0.121875003 0.152981531 -0.381924106 -0.007363365
103676 3676.000000 17758100003676000 0.121500000 0.152946199 -0.365562764 -0.022549030
103677 3677.000000 17758100003677000 0.121124998 0.152083072 -0.373298058 0.003780386
103678 3678.000000 17758100003678000 0.120750003 0.152107609 -0.376666160 -0.045785345
103679 3679.000000 17758100003679000 0.120375000 0.151846486 -0.382371181 0.001063410
103680 3680.000000 17758100003680000 0.119999997 0.151068437 -0.374424075 0.001162311
103681 3681.000000 17758100003681000 0.119625002 0.150855295 -0.373301360 -0.030029826
103682 3682.000000 17758100003682000 0.119250000 0.150148316 -0.372587164 -0.039743550
103683 3683.000000 17758100003683000 0.118874997 0.150014394 -0.374011541 -0.003044746
103684 3684.000000 17758100003684000 0.118500002 0.149614065 -0.378823702 -0.026371242
103685 3685.000000 17758100003685000 0.118124999 0.149524791 -0.376192066 -0.019173468
103686 3686.000000 17758100003686000 0.117749996 0.148828717 -0.374600892 -0.018644725
103687 3687.000000 17758100003687000 0.117375001 0.148704377 -0.386223248 -0.004577572
103688 3688.000000 17758100003688000 0.116999999 0.148259886 -0.386075683 -0.026833837
103689 3689.000000 17758100003689000 0.116625004 0.147496187 -0.378030335 0.017856571
103690 3690.000000 17758100003690000 0.116250001 0.147648425 -0.372692708 -0.027501488
103691 3691.000000 17758100003691000 0.115874998 0.146987605 -0.376266106 0.010523428
103692 3692.000000 17758100003692000 0.115500003 0.146574049 -0.375102380 -0.022161618
103693 3693.000000 17758100003693000 0.115125000 0.146098854 -0.383829257 0.002224167
103694 3694.000000 17758100003694000 0.114749998 0.146362824 -0.381474098 -0.033416938
103695 3695.000000 17758100003695000 0.114375003 0.145523248 -0.378270131 -0.022590053
103696 3696.000000 17758100003696000 0.114000000 0.144901012 -0.381493965 -0.024020394
103697 3697.000000 17758100003697000 0.113624997 0.144829885 -0.382763501 0.006227062
103698 3698.000000 17758100003698000 0.113250002 0.144223929 -0.388385092 0.013010953
103699 3699.000000 17758100003699000 0.112875000 0.144306060 -0.381846705 0.008386793
103700 3700.000000 17758100003700000 0.112499997 0.143692132 -0.384284097 0.018396438
103701 3701.000000 17758100003701000 0.112125002 0.143269117 -0.390242466 -0.017557811
103702 3702.000000 17758100003702000 0.111749999 0.142945972 -0.382619974 -0.022026200
103703 3703.000000 17758100003703000 0.111374997 0.142668761 -0.373788972 0.002103825
103704 3704.000000 17758100003704000 0.111000001 0.142689409 -0.380400068 -0.021451954
103705 3705.000000 17758100003705000 0.110624999 0.141871495 -0.385445609 -0.036151044
103706 3706.000000 17758100003706000 0.110250004 0.141241179 -0.390606779 -0.030764762
103707 3707.000000 17758100003707000 0.109875001 0.140803942 -0.382393541 -0.026641773
103708 3708.000000 17758100003708000 0.109499998 0.140709086 -0.380943298 -0.028738932
103709 3709.000000 17758100003709000 0.109125003 0.140272341 -0.381051380 -0.064655490
103710 3710.000000 17758100003710000 0.108750001 0.139658839 -0.373959624 -0.017781575
103711 3711.000000 17758100003711000 0.108374998 0.139644255 -0.377960551 -0.038452223
103712 3712.000000 17758100003712000 0.108000003 0.138776667 -0.376838732 -0.023438813
103713 3713.000000 17758100003713000 0.107625000 0.138843519 -0.371517732 -0.014826808
103714 3714.000000 17758100003714000 0.107249998 0.138600490 -0.376569937 0.004379064
103715 3715.000000 17758100003715000 0.106875002 0.138282723 -0.371931224 -0.053766310
103716 3716.000000 17758100003716000 0.106500000 0.137633588 -0.382580230 -0.001419576
103717 3717.000000 17758100003717000 0.106124997 0.137253924 -0.378943641 -0.018763679
103718 3718.000000 17758100003718000 0.105750002 0.137028521 -0.377329495 -0.000779996
103719 3719.000000 17758100003719000 0.105374999 0.136311207 -0.379923727 0.000877898
103720 3720.000000 17758100003720000 0.104999997 0.136137816 -0.373086685 -0.018874143
103721 3721.000000 17758100003721000 0.104625002 0.135559910 -0.384333668 -0.003034777
103722 3722.000000 17758100003722000 0.104249999 0.135515626 -0.384726001 -0.004230363
103723 3723.000000 17758100003723000 0.103874996 0.134954447 -0.380361291 -0.025353676
103724 3724.000000 17758100003724000 0.103500001 0.134501149 -0.381321826 0.001737340
103725 3725.000000 17758100003725000 0.103124999 0.134199191 -0.381602281 -0.004313802
103726 3726.000000 17758100003726000 0.102750003 0.133745934 -0.380136968 -0.003358312
103727 3727.000000 17758100003727000 0.102375001 0.133373718 -0.377443955 -0.000773784
103728 3728.000000 17758100003728000 0.101999998 0.133056141 -0.382704142 -0.025845500
103729 3729.000000 17758100003729000 0.101625003 0.132801841 -0.373489690 -0.025900268
103730 3730.000000 17758100003730000 0.101250000 0.132546604 -0.375587967 -0.005325362
103731 3731.000000 17758100003731000 0.100874998 0.131703847 -0.375792429 -0.016830906
103732 3732.000000 17758100003732000 0.100500003 0.131382741 -0.379371664 -0.003937783
103733 3733.000000 17758100003733000 0.100125000 0.131098292 -0.374143412 -0.013571331
103734 3734.000000 17758100003734000 0.099749997 0.130836720 -0.380996576 0.000706421
103735 3735.000000 17758100003735000 0.099375002 0.130627961 -0.384514983 -0.035038934
103736 3736.000000 17758100003736000 0.098999999 0.130206260 -0.380061429 -0.033160681
103737 3737.000000 17758100003737000 0.098624997 0.129575746 -0.380177913 -0.012040483
103738 3738.000000 17758100003738000 0.098250002 0.129366791 -0.381559509 0.009560504
103739 3739.000000 17758100003739000 0.097874999 0.129165809 -0.380863910 -0.013848497
103740 3740.000000 17758100003740000 0.097499996 0.128237927 -0.378606288 0.000415622
103741 3741.000000 17758100003741000 0.097125001 0.128120794 -0.379622769 -0.012527020
103742 3742.000000 17758100003742000 0.096749999 0.128122584 -0.373249309 -0.007350265
103743 3743.000000 17758100003743000 0.096375003 0.127808690 -0.383800969 -0.010812535
103744 3744.000000 17758100003744000 0.096000001 0.126804283 -0.382209066 -0.025056846
103745 3745.000000 17758100003745000 0.095624998 0.126762530 -0.368696644 -0.016885959
103746 3746.000000 17758100003746000 0.095250003 0.126180438 -0.376573175 -0.004542831
103747 3747.000000 17758100003747000 0.094875000 0.125959282 -0.380439697 -0.020075316
103748 3748.000000 17758100003748000 0.094499998 0.125515654 -0.379745848 0.008769258
103749 3749.000000 17758100003749000 0.094125003 0.125414290 -0.378793308 -0.008640978
103750 3750.000000 17758100003750000 0.093750000 0.124642401 -0.381428637 -0.022717399
103751 3751.000000 17758100003751000 0.093374997 0.124590579 -0.372684177 0.016379978
103752 3752.000000 17758100003752000 0.093000002 0.123996955 -0.380589776 0.031093434
103753 3753.000000 17758100003753000 0.092625000 0.123646521 -0.375626183 -0.023897328
103754 3754.000000 17758100003754000 0.092249997 0.123370350 -0.383009580 -0.008651390
103755 3755.000000 17758100003755000 0.091875002 0.122925787 -0.383252691 -0.037945178
103756 3756.000000 17758100003756000 0.091499999 0.122557459 -0.368511552 0.000254320
103757 3757.000000 17758100003757000 0.091124997 0.121865337 -0.381142668 -0.014166102
103758 3758.000000 17758100003758000 0.090750001 0.121551856 -0.376059132 -0.015191611
103759 3759.000000 17758100003759000 0.090374999 0.120914953 -0.392077136 -0.051666434
103760 3760.000000 17758100003760000 0.090000004 0.121225634 -0.383880105 -0.027931156
103761 3761.000000 17758100003761000 0.089625001 0.120747105 -0.379689940 -0.013570834
103762 3762.000000 17758100003762000 0.089249998 0.120456279 -0.374395310 0.011196763
103763 3763.000000 17758100003763000 0.088875003 0.119373920 -0.368867526 -0.013134289
103764 3764.000000 17758100003764000 0.088500001 0.119700545 -0.384577700 -0.008410470
103765 3765.000000 17758100003765000 0.088124998 0.119323473 -0.383342920 0.012180500
103766 3766.000000 17758100003766000 0.087750003 0.119126411 -0.378185992 0.011455273
103767 3767.000000 17758100003767000 0.087375000 0.118304640 -0.374515065 -0.017705051
103768 3768.000000 17758100003768000 0.086999997 0.118285190 -0.373697713 -0.013138316
103769 3769.000000 17758100003769000 0.086625002 0.117759433 -0.379647815 -0.007664627
103770 3770.000000 17758100003770000 0.086250000 0.117606364 -0.392120094 -0.000301954
103771 3771.000000 17758100003771000 0.085874997 0.116385149 -0.375633219 -0.006897949
103772 3772.000000 17758100003772000 0.085500002 0.116189463 -0.377903983 0.012666873
103773 3773.000000 17758100003773000 0.085124999 0.116073428 -0.377238813 -0.030352252
103774 3774.000000 17758100003774000 0.084749997 0.115892867 -0.376092251 -0.021916638
103775 3775.000000 17758100003775000 0.084375001 0.115380895 -0.374623097 -0.015741398
103776 3776.000000 17758100003776000 0.083999999 0.114788253 -0.375587053 -0.003244720
103777 3777.000000 17758100003777000 0.083625004 0.114567475 -0.386660337 -0.028074051
103778 3778.000000 17758100003778000 0.083250001 0.113974444 -0.374994848 -0.031917947
103779 3779.000000 17758100003779000 0.082874998 0.113798130 -0.383943768 -0.026243707
103780 3780.000000 17758100003780000 0.082500003 0.113200263 -0.367237744 -0.013717957
103781 3781.000000 17758100003781000 0.082125001 0.113606484 -0.385347801 0.004660290
103782 3782.000000 17758100003782000 0.081749998 0.112648297 -0.373773078 -0.018770076
103783 3783.000000 17758100003783000 0.081375003 0.112088680 -0.378983299 0.018037254
103784 3784.000000 17758100003784000 0.081000000 0.111906761 -0.384421755 0.010430183
103785 3785.000000 17758100003785000 0.080624998 0.111655017 -0.373160827 -0.022683376
103786 3786.000000 17758100003786000 0.080250002 0.110826167 -0.382326895 -0.006692258
103787 3787.000000 17758100003787000 0.079875000 0.110842358 -0.378268240 -0.022014056
103788 3788.000000 17758100003788000 0.079499997 0.110719210 -0.388442276 -0.008300166
103789 3789.000000 17758100003789000 0.079125002 0.110206674 -0.386620469 -0.005367529
103790 3790.000000 17758100003790000 0.078749999 0.110073688 -0.385480917 -0.032502255
103791 3791.000000 17758100003791000 0.078374997 0.109517318 -0.380974420 -0.023072546
103792 3792.000000 17758100003792000 0.078000002 0.109160583 -0.373445104 0.006654890
103793 3793.000000 17758100003793000 0.077624999 0.108510837 -0.377134215 0.005080600
103794 3794.000000 17758100003794000 0.077249996 0.108009165 -0.381563188 -0.041934577
103795 3795.000000 17758100003795000 0.076875001 0.107872816 -0.383403791 0.031128160
103796 3796.000000 17758100003796000 0.076499999 0.107574844 -0.380473780 -0.025066005
103797 3797.000000 17758100003797000 0.076125003 0.107342908 -0.387651479 -0.020442705
103798 3798.000000 17758100003798000 0.075750001 0.106622538 -0.379851790 -0.022903714
103799 3799.000000 17758100003799000 0.075374998 0.106159667 -0.382788583 0.008766343
103800 3800.000000 17758100003800000 0.075000003 0.105726050 -0.376382413 -0.001028928
103801 3801.000000 17758100003801000 0.074625000 0.105404014 -0.374631927 -0.041075199
103802 3802.000000 17758100003802000 0.074249998 0.105425189 -0.384156445 0.012235460
103803 3803.000000 17758100003803000 0.073875003 0.104324867 -0.378996753 0.009027738
103804 3804.000000 17758100003804000 0.073500000 0.104173677 -0.374064754 0.007231028
103805 3805.000000 17758100003805000 0.073124997 0.104165139 -0.376929863 -0.002498778
103806 3806.000000 17758100003806000 0.072750002 0.103618213 -0.382414837 -0.007412219
103807 3807.000000 17758100003807000 0.072375000 0.102897936 -0.375565428 0.011679516
103808 3808.000000 17758100003808000 0.071999997 0.102889590 -0.371531658 0.000098519
103809 3809.000000 17758100003809000 0.071625002 0.102406478 -0.371433697 -0.018603004
103810 3810.000000 17758100003810000 0.071249999 0.101642261 -0.380137822 -0.020821800
103811 3811.000000 17758100003811000 0.070874996 0.101642967 -0.374000065 -0.034884030
103812 3812.000000 17758100003812000 0.070500001 0.101380962 -0.379282071 0.013589944
103813 3813.000000 17758100003813000 0.070124999 0.101017093 -0.373235336 0.003895790
103814 3814.000000 17758100003814000 0.069750004 0.100638865 -0.368862569 -0.007416177
103815 3815.000000 17758100003815000 0.069375001 0.100122626 -0.371376762 -0.029405700
103816 3816.000000 17758100003816000 0.068999998 0.100033267 -0.379709669 -0.023818764
103817 3817.000000 17758100003817000 0.068625003 0.099688091 -0.383416053 -0.005034623
103818 3818.000000 17758100003818000 0.068250000 0.098677298 -0.375270700 -0.005475477
103819 3819.000000 17758100003819000 0.067874998 0.098277607 -0.377430241 0.017829390
103820 3820.000000 17758100003820000 0.067500003 0.098407617 -0.375907127 0.014212716
103821 3821.000000 17758100003821000 0.067125000 0.097992166 -0.386711741 -0.050380715
103822 3822.000000 17758100003822000 0.066749997 0.097794710 -0.383444496 0.001729729
103823 3823.000000 17758100003823000 0.066375002 0.097154828 -0.374886695 0.013393084
103824 3824.000000 17758100003824000 0.066000000 0.096664356 -0.377662988 -0.007819475
103825 3825.000000 17758100003825000 0.065624997 0.096477675 -0.375520811 0.001060815
103826 3826.000000 17758100003826000 0.065250002 0.096016277 -0.372283465 -0.007578244
103827 3827.000000 17758100003827000 0.064874999 0.095653854 -0.380652011 -0.020017196
103828 3828.000000 17758100003828000 0.064499997 0.095307687 -0.375525660 -0.027381552
103829 3829.000000 17758100003829000 0.064125001 0.094638830 -0.380707765 0.003367659
103830 3830.000000 17758100003830000 0.063749999 0.094593606 -0.379600687 -0.018739837
103831 3831.000000 17758100003831000 0.063375004 0.094362350 -0.385165533 0.015274371
103832 3832.000000 17758100003832000 0.063000001 0.093544010 -0.379360324 -0.022222345
103833 3833.000000 17758100003833000 0.062624998 0.093268301 -0.381958008 -0.026813836
103834 3834.000000 17758100003834000 0.062249999 0.093047977 -0.385442059 -0.016776601
103835 3835.000000 17758100003835000 0.061875001 0.092242013 -0.367940544 -0.013392088
103836 3836.000000 17758100003836000 0.061500002 0.092404603 -0.382753875 0.002423072
103837 3837.000000 17758100003837000 0.061124999 0.092145398 -0.368879559 -0.013899146
103838 3838.000000 17758100003838000 0.060750000 0.091407576 -0.378444649 -0.014125134
103839 3839.000000 17758100003839000 0.060375001 0.091197357 -0.377155559 -0.002105881
103840 3840.000000 17758100003840000 0.059999999 0.090863508 -0.379257469 0.023206353
103841 3841.000000 17758100003841000 0.059625000 0.090478679 -0.370380781 -0.022914154
103842 3842.000000 17758100003842000 0.059250001 0.089733559 -0.385520561 0.024655741
103843 3843.000000 17758100003843000 0.058874998 0.089425918 -0.379220700 -0.008922505
103844 3844.000000 17758100003844000 0.058499999 0.089202559 -0.383090659 -0.021772320
103845 3845.000000 17758100003845000 0.058125000 0.088701072 -0.380842470 -0.015649798
103846 3846.000000 17758100003846000 0.057750002 0.088702928 -0.377258226 -0.001925152
103847 3847.000000 17758100003847000 0.057374999 0.088406656 -0.381521037 -0.033024154
103848 3848.000000 17758100003848000 0.057000000 0.087836134 -0.382488054 0.019521127
103849 3849.000000 17758100003849000 0.056625001 0.087227965 -0.380581262 -0.041266856
103850 3850.000000 17758100003850000 0.056249999 0.087213301 -0.375296581 -0.022902707
103851 3851.000000 17758100003851000 0.055875000 0.086756659 -0.387721877 -0.046410043
103852 3852.000000 17758100003852000 0.055500001 0.085869839 -0.371192062 -0.053877530
103853 3853.000000 17758100003853000 0.055125002 0.086018698 -0.380759399 -0.003049957
103854 3854.000000 17758100003854000 0.054749999 0.085313456 -0.385063588 -0.067121244
103855 3855.000000 17758100003855000 0.054375000 0.085266357 -0.367929077 0.000597148
103856 3856.000000 17758100003856000 0.054000001 0.084720880 -0.379968516 -0.012530367
103857 3857.000000 17758100003857000 0.053624999 0.084052841 -0.372194270 -0.015378412
103858 3858.000000 17758100003858000 0.053250000 0.083929474 -0.376713633 -0.046237845
103859 3859.000000 17758100003859000 0.052875001 0.083545469 -0.383782923 -0.018593884
103860 3860.000000 17758100003860000 0.052499998 0.083534814 -0.381599269 -0.008814403
103861 3861.000000 17758100003861000 0.052124999 0.082751211 -0.381387456 -0.038110604
103862 3862.000000 17758100003862000 0.051750001 0.082505592 -0.384467599 0.019888834
103863 3863.000000 17758100003863000 0.051375002 0.082117511 -0.377122438 -0.026085672
103864 3864.000000 17758100003864000 0.050999999 0.081536960 -0.377497812 -0.017858975
103865 3865.000000 17758100003865000 0.050625000 0.081194451 -0.377529733 -0.016109398
103866 3866.000000 17758100003866000 0.050250001 0.080963264 -0.377361886 -0.018750663
103867 3867.000000 17758100003867000 0.049874999 0.080462760 -0.379448602 0.001290124
103868 3868.000000 17758100003868000 0.049500000 0.080211551 -0.371204305 -0.014893029
103869 3869.000000 17758100003869000 0.049125001 0.079452154 -0.380110529 0.007680904
103870 3870.000000 17758100003870000 0.048749998 0.079412787 -0.373815186 -0.041771132
103871 3871.000000 17758100003871000 0.048374999 0.078534395 -0.372666063 -0.014571011
103872 3872.000000 17758100003872000 0.048000000 0.078204711 -0.383992937 0.015740425
103873 3873.000000 17758100003873000 0.047625002 0.078678200 -0.376927543 0.016462280
103874 3874.000000 17758100003874000 0.047249999 0.077809117 -0.380755530 -0.002880802
103875 3875.000000 17758100003875000 0.046875000 0.077603831 -0.377193300 -0.024809378
103876 3876.000000 17758100003876000 0.046500001 0.077191094 -0.381208582 -0.005428510
103877 3877.000000 17758100003877000 0.046124998 0.076483545 -0.379362873 0.013399840
103878 3878.000000 17758100003878000 0.045750000 0.076326700 -0.383311442 -0.003954785
103879 3879.000000 17758100003879000 0.045375001 0.075969109 -0.381812352 0.015997102
103880 3880.000000 17758100003880000 0.045000002 0.074962333 -0.378469971 -0.003758786
103881 3881.000000 17758100003881000 0.044624999 0.075275723 -0.379985455 -0.029756950
103882 3882.000000 17758100003882000 0.044250000 0.074656741 -0.374221508 -0.035391376
103883 3883.000000 17758100003883000 0.043875001 0.074512728 -0.376065106 0.010349123
103884 3884.000000 17758100003884000 0.043499999 0.074198106 -0.371026369 -0.010332246
103885 3885.000000 17758100003885000 0.043125000 0.073780077 -0.376628037 0.001073774
103886 3886.000000 17758100003886000 0.042750001 0.073379336 -0.379620993 -0.008102802
103887 3887.000000 17758100003887000 0.042374998 0.073109090 -0.371284308 0.007030570
103888 3888.000000 17758100003888000 0.041999999 0.072447174 -0.377740649 0.021080806
103889 3889.000000 17758100003889000 0.041625001 0.072236346 -0.377263746 0.021458949
103890 3890.000000 17758100003890000 0.041250002 0.071978907 -0.375561457 -0.014606295
103891 3891.000000 17758100003891000 0.040874999 0.071687421 -0.374486206 0.032713096
103892 3892.000000 17758100003892000 0.040500000 0.071173002 -0.369997443 -0.006911157
103893 3893.000000 17758100003893000 0.040125001 0.070324944 -0.383421102 -0.012610520
103894 3894.000000 17758100003894000 0.039749999 0.069949816 -0.367955018 -0.012182522
103895 3895.000000 17758100003895000 0.039375000 0.070170576 -0.374371509 -0.027692384
103896 3896.000000 17758100003896000 0.039000001 0.069221616 -0.384764618 -0.008423700
103897 3897.000000 17758100003897000 0.038624998 0.068982838 -0.378553142 0.005917985
103898 3898.000000 17758100003898000 0.038249999 0.068733265 -0.380104947 -0.028464449
103899 3899.000000 17758100003899000 0.037875000 0.068323406 -0.384736335 0.002952106
103900 3900.000000 17758100003900000 0.037500001 0.067917947 -0.388438478 0.052423538
103901 3901.000000 17758100003901000 0.037124999 0.067575601 -0.389635368 -0.004136926
103902 3902.000000 17758100003902000 0.036750000 0.067495109 -0.384384842 -0.043473689
103903 3903.000000 17758100003903000 0.036375001 0.066377671 -0.379190664 0.014807677
103904 3904.000000 17758100003904000 0.035999998 0.066639294 -0.373983475 -0.026618509
103905 3905.000000 17758100003905000 0.035625000 0.065814321 -0.384748687 -0.003535893
103906 3906.000000 17758100003906000 0.035250001 0.065215999 -0.370099826 -0.023838389
103907 3907.000000 17758100003907000 0.034875002 0.065775065 -0.376700072 -0.016429162
103908 3908.000000 17758100003908000 0.034499999 0.065364503 -0.374291831 -0.002307110
103909 3909.000000 17758100003909000 0.034125000 0.064575026 -0.381813683 0.020820319
103910 3910.000000 17758100003910000 0.033750001 0.063742576 -0.383154703 -0.019109332
103911 3911.000000 17758100003911000 0.033374999 0.063992595 -0.379337216 -0.016253968
103912 3912.000000 17758100003912000 0.033000000 0.063313666 -0.376839792 -0.015103500
103913 3913.000000 17758100003913000 0.032625001 0.062803812 -0.380588444 -0.024999574
103914 3914.000000 17758100003914000 0.032249998 0.062783130 -0.374166946 0.006837537
103915 3915.000000 17758100003915000 0.031874999 0.062062965 -0.381852225 -0.010643175
103916 3916.000000 17758100003916000 0.031500001 0.061995090 -0.377362860 0.020582850
103917 3917.000000 17758100003917000 0.031125000 0.061645708 -0.382978612 0.003020739
103918 3918.000000 17758100003918000 0.030750001 0.061251670 -0.382059126 -0.045354567
103919 3919.000000 17758100003919000 0.030375000 0.060653665 -0.377854824 0.013350748
103920 3920.000000 17758100003920000 0.029999999 0.060358235 -0.377084722 0.014271171
103921 3921.000000 17758100003921000 0.029625000 0.060475904 -0.385710371 0.012435310
103922 3922.000000 17758100003922000 0.029250000 0.059583656 -0.375908468 -0.009667307
103923 3923.000000 17758100003923000 0.028875001 0.058840109 -0.380071582 -0.049171423
103924 3924.000000 17758100003924000 0.028500000 0.058824584 -0.380195536 -0.023997340
103925 3925.000000 17758100003925000 0.028124999 0.058650731 -0.377332764 0.027393417
103926 3926.000000 17758100003926000 0.027750000 0.058027568 -0.381119339 -0.038074488
103927 3927.000000 17758100003927000 0.027375000 0.057973873 -0.377678680 0.020565427
103928 3928.000000 17758100003928000 0.027000001 0.057176086 -0.382801548 -0.041229345
103929 3929.000000 17758100003929000 0.026625000 0.056731847 -0.373097911 -0.021287950
103930 3930.000000 17758100003930000 0.026249999 0.056389478 -0.374812842 -0.048929632
103931 3931.000000 17758100003931000 0.025875000 0.055828016 -0.375414377 0.016003887
103932 3932.000000 17758100003932000 0.025500000 0.055867930 -0.379339702 0.006030581
103933 3933.000000 17758100003933000 0.025125001 0.055713288 -0.382787082 0.037798107
103934 3934.000000 17758100003934000 0.024750000 0.055232060 -0.381784959 -0.060808818
103935 3935.000000 17758100003935000 0.024374999 0.054416151 -0.376788565 0.003680368
103936 3936.000000 17758100003936000 0.024000000 0.054380843 -0.382552438 -0.025051168
103937 3937.000000 17758100003937000 0.023624999 0.054176603 -0.379520982 -0.016856063
103938 3938.000000 17758100003938000 0.023250001 0.053657256 -0.376914589 -0.022746072
103939 3939.000000 17758100003939000 0.022875000 0.053071240 -0.381339666 -0.014069442
103940 3940.000000 17758100003940000 0.022500001 0.052847977 -0.370443806 0.000695737
103941 3941.000000 17758100003941000 0.022125000 0.052631294 -0.375034480 -0.000455535
103942 3942.000000 17758100003942000 0.021749999 0.052288261 -0.375145438 -0.005776062
103943 3943.000000 17758100003943000 0.021375000 0.051800935 -0.377616835 -0.024108769
103944 3944.000000 17758100003944000 0.021000000 0.050984669 -0.382083359 -0.022436441
103945 3945.000000 17758100003945000 0.020625001 0.051064069 -0.380319800 -0.018616410
103946 3946.000000 17758100003946000 0.020250000 0.050222995 -0.374367761 0.034798156
103947 3947.000000 17758100003947000 0.019874999 0.049982028 -0.375346081 -0.002499942
103948 3948.000000 17758100003948000 0.019500000 0.049929446 -0.380971750 -0.005852194
103949 3949.000000 17758100003949000 0.019125000 0.049458594 -0.380199440 -0.018274566
103950 3950.000000 17758100003950000 0.018750001 0.049327619 -0.375504425 -0.023150868
103951 3951.000000 17758100003951000 0.018375000 0.048750732 -0.387266672 -0.008760357
103952 3952.000000 17758100003952000 0.017999999 0.048478040 -0.374580845 0.012271166
103953 3953.000000 17758100003953000 0.017625000 0.048124482 -0.384309343 -0.033529909
103954 3954.000000 17758100003954000 0.017250000 0.047786240 -0.371189607 -0.002867347
103955 3955.000000 17758100003955000 0.016875001 0.047146875 -0.369894415 -0.019771824
103956 3956.000000 17758100003956000 0.016500000 0.046746230 -0.369846646 0.008883554
103957 3957.000000 17758100003957000 0.016124999 0.046589281 -0.373346736 -0.002244377
103958 3958.000000 17758100003958000 0.015750000 0.046225628 -0.379992293 0.000766455
103959 3959.000000 17758100003959000 0.015375000 0.045740151 -0.376153976 0.030135025
103960 3960.000000 17758100003960000 0.015000000 0.045131565 -0.381192117 0.009835432
103961 3961.000000 17758100003961000 0.014625000 0.044964134 -0.378665683 -0.023225621
103962 3962.000000 17758100003962000 0.014250000 0.045082568 -0.378150710 0.027392180
103963 3963.000000 17758100003963000 0.013875000 0.044563922 -0.378582034 0.000131328
103964 3964.000000 17758100003964000 0.013500000 0.043803242 -0.376484630 -0.010439869
103965 3965.000000 17758100003965000 0.013125000 0.043676333 -0.375419124 -0.043779911
103966 3966.000000 17758100003966000 0.012750000 0.043091338 -0.381275857 0.008501303
103967 3967.000000 17758100003967000 0.012375000 0.042521134 -0.383117630 -0.030601633
103968 3968.000000 17758100003968000 0.012000000 0.042163733 -0.379864842 -0.030916256
103969 3969.000000 17758100003969000 0.011625000 0.042258511 -0.383775568 -0.012574775
103970 3970.000000 17758100003970000 0.011250000 0.041637908 -0.380394711 -0.027821513
103971 3971.000000 17758100003971000 0.010875000 0.041296569 -0.378215115 -0.006215828
103972 3972.000000 17758100003972000 0.010500000 0.041222348 -0.381684165 -0.028009062
103973 3973.000000 17758100003973000 0.010125000 0.040481644 -0.380806918 -0.027142957
103974 3974.000000 17758100003974000 0.009750000 0.040116263 -0.379933796 0.028276808
103975 3975.000000 17758100003975000 0.009375000 0.039549963 -0.380103356 -0.017347981
103976 3976.000000 17758100003976000 0.009000000 0.039261015 -0.374804829 -0.030008481
103977 3977.000000 17758100003977000 0.008625000 0.039011508 -0.385171754 -0.022423280
103978 3978.000000 17758100003978000 0.008250000 0.038736819 -0.380251289 -0.005461635
103979 3979.000000 17758100003979000 0.007875000 0.038217479 -0.387399220 -0.012387192
103980 3980.000000 17758100003980000 0.007500000 0.037999050 -0.379207162 0.011357541
103981 3981.000000 17758100003981000 0.007125000 0.037678864 -0.373697634 -0.054206421
103982 3982.000000 17758100003982000 0.006750000 0.036939449 -0.381814059 -0.025285282
103983 3983.000000 17758100003983000 0.006375000 0.036513056 -0.376765173 -0.012172810
103984 3984.000000 17758100003984000 0.006000000 0.035982599 -0.390099780 0.009170194
103985 3985.000000 17758100003985000 0.005625000 0.036135806 -0.376601478 -0.010594093
103986 3986.000000 17758100003986000 0.005250000 0.035535037 -0.367726316 -0.044058484
103987 3987.000000 17758100003987000 0.004875000 0.035255675 -0.381615390 0.005889319
103988 3988.000000 17758100003988000 0.004500000 0.034495684 -0.380424772 -0.001673154
103989 3989.000000 17758100003989000 0.004125000 0.034448430 -0.379414671 -0.003209100
103990 3990.000000 17758100003990000 0.003750000 0.034096021 -0.382830164 -0.028072607
103991 3991.000000 17758100003991000 0.003375000 0.033610901 -0.376939962 -0.033968686
103992 3992.000000 17758100003992000 0.003000000 0.033368414 -0.385729173 0.020394027
103993 3993.000000 17758100003993000 0.002625000 0.032429383 -0.374862872 0.010688772
103994 3994.000000 17758100003994000 0.002250000 0.032410324 -0.376131810 -0.008374981
103995 3995.000000 17758100003995000 0.001875000 0.032324187 -0.381216902 -0.005985481
103996 3996.000000 17758100003996000 0.001500000 0.031674026 -0.375597062 -0.020271890
103997 3997.000000 17758100003997000 0.001125000 0.031119678 -0.378006125 0.017977722
103998 3998.000000 17758100003998000 0.000750000 0.030823775 -0.372380196 -0.032938429
103999 3999.000000 17758100003999000 0.000375000 0.030548597 -0.376056181 -0.042943793
104000 4000.000000 17758100004000000 0.000000000 0.030107604 -0.367897473 -0.002739776
104001 4001.000000 17758100004001000 -0.000375000 0.029558989 -0.383344006 -0.059217765
104002 4002.000000 17758100004002000 -0.000750000 0.029377302 -0.373541694 -0.011373302
104003 4003.000000 17758100004003000 -0.001125000 0.028682962 -0.385262517 -0.039845885
104004 4004.000000 17758100004004000 -0.001500000 0.028644357 -0.377291168 -0.042090830
104005 4005.000000 17758100004005000 -0.001875000 0.028367168 -0.372982319 -0.032305254
104006 4006.000000 17758100004006000 -0.002250000 0.028006837 -0.374273648 -0.004762255
104007 4007.000000 17758100004007000 -0.002625000 0.027485730 -0.366409596 0.005543614
104008 4008.000000 17758100004008000 -0.003000000 0.027504331 -0.379954329 0.009350120
104009 4009.000000 17758100004009000 -0.003375000 0.026790609 -0.368406880 -0.000677112
104010 4010.000000 17758100004010000 -0.003750000 0.026146259 -0.381176213 -0.016493847
104011 4011.000000 17758100004011000 -0.004125000 0.025935037 -0.374157649 0.011702376
104012 4012.000000 17758100004012000 -0.004500000 0.025342517 -0.369893351 -0.020726594
104013 4013.000000 17758100004013000 -0.004875000 0.025229081 -0.382333083 -0.003070317
104014 4014.000000 17758100004014000 -0.005250000 0.025200786 -0.382775083 0.006849426
104015 4015.000000 17758100004015000 -0.005625000 0.024571309 -0.379506969 -0.035116073
104016 4016.000000 17758100004016000 -0.006000000 0.024075240 -0.379975716 -0.022578869
104017 4017.000000 17758100004017000 -0.006375000 0.024032447 -0.380124756 -0.024952618
104018 4018.000000 17758100004018000 -0.006750000 0.023446092 -0.367066019 0.023585434
104019 4019.000000 17758100004019000 -0.007125000 0.023050813 -0.379213996 -0.026311702
104020 4020.000000 17758100004020000 -0.007500000 0.023145655 -0.378987231 0.017449782
104021 4021.000000 17758100004021000 -0.007875000 0.022412993 -0.377641282 0.001415840
104022 4022.000000 17758100004022000 -0.008250000 0.021945697 -0.373694716 -0.048656847
104023 4023.000000 17758100004023000 -0.008625000 0.021368403 -0.377388137 -0.022387030
104024 4024.000000 17758100004024000 -0.009000000 0.021225149 -0.365968658 -0.019141171
104025 4025.000000 17758100004025000 -0.009375000 0.020634164 -0.374481438 -0.020890290
104026 4026.000000 17758100004026000 -0.009750000 0.020421879 -0.383120186 -0.029749635
104027 4027.000000 17758100004027000 -0.010125000 0.019896431 -0.375799410 -0.049789220
104028 4028.000000 17758100004028000 -0.010500000 0.019860291 -0.371877866 0.017478552
104029 4029.000000 17758100004029000 -0.010875000 0.019362605 -0.388654533 -0.042199512
104030 4030.000000 17758100004030000 -0.011250000 0.018881883 -0.380750035 0.022759571
104031 4031.000000 17758100004031000 -0.011625000 0.018615271 -0.379114317 -0.054316085
104032 4032.000000 17758100004032000 -0.012000000 0.017959151 -0.378619115 0.004410799
104033 4033.000000 17758100004033000 -0.012375000 0.017353264 -0.385855165 -0.015804925
104034 4034.000000 17758100004034000 -0.012750000 0.017330649 -0.374044017 -0.030911247
104035 4035.000000 17758100004035000 -0.013125000 0.017057978 -0.373965708 0.014286925
104036 4036.000000 17758100004036000 -0.013500000 0.016638484 -0.383358439 -0.005650220
104037 4037.000000 17758100004037000 -0.013875000 0.016460311 -0.376254823 -0.016244294
104038 4038.000000 17758100004038000 -0.014250000 0.015656935 -0.373008008 -0.018362189
104039 4039.000000 17758100004039000 -0.014625000 0.015245819 -0.384720470 0.003880048
104040 4040.000000 17758100004040000 -0.015000000 0.015028919 -0.370495973 -0.028320025
104041 4041.000000 17758100004041000 -0.015375000 0.014976079 -0.382035582 -0.033666738
104042 4042.000000 17758100004042000 -0.015750000 0.014352468 -0.376004945 -0.022788250
104043 4043.000000 17758100004043000 -0.016124999 0.014203826 -0.378087225 -0.006214513
104044 4044.000000 17758100004044000 -0.016500000 0.013555179 -0.376556245 -0.033883550
104045 4045.000000 17758100004045000 -0.016875001 0.013236169 -0.370664126 -0.015669686
104046 4046.000000 17758100004046000 -0.017250000 0.013021786 -0.382446678 0.011289503
104047 4047.000000 17758100004047000 -0.017625000 0.012479835 -0.390650716 -0.027602878
104048 4048.000000 17758100004048000 -0.017999999 0.012211958 -0.374538717 0.014515120
104049 4049.000000 17758100004049000 -0.018375000 0.011669290 -0.378040288 0.020257616
104050 4050.000000 17758100004050000 -0.018750001 0.011482607 -0.377985403 -0.019419714
104051 4051.000000 17758100004051000 -0.019125000 0.011096850 -0.383992449 0.002032199
104052 4052.000000 17758100004052000 -0.019500000 0.010774992 -0.378909207 0.002415721
104053 4053.000000 17758100004053000 -0.019874999 0.010190020 -0.378616309 0.002419755
104054 4054.000000 17758100004054000 -0.020250000 0.009909995 -0.378645626 -0.005084706
104055 4055.000000 17758100004055000 -0.020625001 0.009412398 -0.380317465 0.017596929
104056 4056.000000 17758100004056000 -0.021000000 0.009067982 -0.384369261 -0.011361888
104057 4057.000000 17758100004057000 -0.021375000 0.008820183 -0.381854717 -0.020831259
104058 4058.000000 17758100004058000 -0.021749999 0.008195133 -0.371508374 0.006388390
104059 4059.000000 17758100004059000 -0.022125000 0.007785946 -0.378818300 -0.008576776
104060 4060.000000 17758100004060000 -0.022500001 0.007536944 -0.380229185 0.012808880
104061 4061.000000 17758100004061000 -0.022875000 0.006841735 -0.367613490 -0.013523456
104062 4062.000000 17758100004062000 -0.023250001 0.006814510 -0.387599178 0.000271741
104063 4063.000000 17758100004063000 -0.023624999 0.005936084 -0.376866073 0.035222310
104064 4064.000000 17758100004064000 -0.024000000 0.005923351 -0.377569323 -0.003522256
104065 4065.000000 17758100004065000 -0.024374999 0.005518442 -0.377259995 -0.015625359
104066 4066.000000 17758100004066000 -0.024750000 0.005690914 -0.383345548 -0.051002904
104067 4067.000000 17758100004067000 -0.025125001 0.004968741 -0.379268987 -0.047898361
104068 4068.000000 17758100004068000 -0.025500000 0.004455699 -0.384520999 -0.025716154
104069 4069.000000 17758100004069000 -0.025875000 0.004183381 -0.378911710 -0.003760025
104070 4070.000000 17758100004070000 -0.026249999 0.003904151 -0.380006739 -0.028545279
104071 4071.000000 17758100004071000 -0.026625000 0.003129547 -0.376312734 -0.049589409
104072 4072.000000 17758100004072000 -0.027000001 0.002790252 -0.372370050 0.007349385
104073 4073.000000 17758100004073000 -0.027375000 0.002492371 -0.371635656 0.016189065
104074 4074.000000 17758100004074000 -0.027750000 0.001814369 -0.378422737 -0.012720569
104075 4075.000000 17758100004075000 -0.028124999 0.001785470 -0.378270335 -0.004551490
104076 4076.000000 17758100004076000 -0.028500000 0.001529253 -0.379280970 -0.026539998
104077 4077.000000 17758100004077000 -0.028875001 0.000960955 -0.374246196 0.018605806
104078 4078.000000 17758100004078000 -0.029250000 0.000547214 -0.375366291 0.019920066
104079 4079.000000 17758100004079000 -0.029625000 0.000525080 -0.377361049 0.013315895
104080 4080.000000 17758100004080000 -0.029999999 -0.000039361 -0.372793883 -0.002551539
104081 4081.000000 17758100004081000 -0.030375000 -0.000150772 -0.377603350 0.029108207
104082 4082.000000 17758100004082000 -0.030750001 -0.000731193 -0.380138665 0.011813053
104083 4083.000000 17758100004083000 -0.031125000 -0.001235401 -0.382419247 -0.042103498
104084 4084.000000 17758100004084000 -0.031500001 -0.001659104 -0.368411258 0.001328967
104085 4085.000000 17758100004085000 -0.031874999 -0.002052033 -0.382065147 -0.000282697
104086 4086.000000 17758100004086000 -0.032249998 -0.002131645 -0.377543715 0.009736137
104087 4087.000000 17758100004087000 -0.032625001 -0.002440145 -0.373936957 -0.000468205
104088 4088.000000 17758100004088000 -0.033000000 -0.002705777 -0.381000699 -0.032764825
104089 4089.000000 17758100004089000 -0.033374999 -0.003941090 -0.374318352 0.002309692
104090 4090.000000 17758100004090000 -0.033750001 -0.003524587 -0.375539894 -0.016767321
104091 4091.000000 17758100004091000 -0.034125000 -0.003621646 -0.377097468 0.005269628
104092 4092.000000 17758100004092000 -0.034499999 -0.004557400 -0.389263763 -0.017579077
104093 4093.000000 17758100004093000 -0.034875002 -0.005268841 -0.377664680 0.009474631
104094 4094.000000 17758100004094000 -0.035250001 -0.005696656 -0.377373038 -0.003990403
104095 4095.000000 17758100004095000 -0.035625000 -0.006043982 -0.371852944 -0.013240004
104096 4096.000000 17758100004096000 -0.035999998 -0.006470405 -0.376764729 0.022787294
104097 4097.000000 17758100004097000 -0.036375001 -0.006691630 -0.378460693 0.003278384
104098 4098.000000 17758100004098000 -0.036750000 -0.006945188 -0.371495969 0.031957539
104099 4099.000000 17758100004099000 -0.037124999 -0.007371354 -0.383600575 -0.007969714
104100 4100.000000 17758100004100000 -0.037500001 -0.007655005 -0.382709926 -0.030192717
104101 4101.000000 17758100004101000 -0.037875000 -0.007983070 -0.383197394 -0.019107610
104102 4102.000000 17758100004102000 -0.038249999 -0.008333344 -0.384890818 0.008407695
104103 4103.000000 17758100004103000 -0.038624998 -0.008773312 -0.376989784 -0.007961257
104104 4104.000000 17758100004104000 -0.039000001 -0.009041109 -0.370586564 0.031421262
104105 4105.000000 17758100004105000 -0.039375000 -0.009479646 -0.381655959 -0.037153163
104106 4106.000000 17758100004106000 -0.039749999 -0.009823324 -0.378154684 -0.017633428
104107 4107.000000 17758100004107000 -0.040125001 -0.010037772 -0.387162999 -0.005915097
104108 4108.000000 17758100004108000 -0.040500000 -0.010739289 -0.382047642 0.021355160
104109 4109.000000 17758100004109000 -0.040874999 -0.011052791 -0.388840157 -0.023878298
104110 4110.000000 17758100004110000 -0.041250002 -0.011106311 -0.383682252 -0.022385504
104111 4111.000000 17758100004111000 -0.041625001 -0.011717032 -0.384943095 -0.013015118
104112 4112.000000 17758100004112000 -0.041999999 -0.012242030 -0.364667504 -0.011924183
104113 4113.000000 17758100004113000 -0.042374998 -0.012322542 -0.384698943 0.018402023
104114 4114.000000 17758100004114000 -0.042750001 -0.012902691 -0.389169876 -0.037699782
104115 4115.000000 17758100004115000 -0.043125000 -0.013287718 -0.381029642 -0.014285675
104116 4116.000000 17758100004116000 -0.043499999 -0.013670455 -0.380814952 -0.010252969
104117 4117.000000 17758100004117000 -0.043875001 -0.014109617 -0.379382391 -0.012015486
104118 4118.000000 17758100004118000 -0.044250000 -0.014513289 -0.380691070 0.010103783
104119 4119.000000 17758100004119000 -0.044624999 -0.014732107 -0.389118201 0.018744182
104120 4120.000000 17758100004120000 -0.045000002 -0.015170311 -0.371970125 0.004484726
104121 4121.000000 17758100004121000 -0.045375001 -0.015344969 -0.377091647 -0.029081294
104122 4122.000000 17758100004122000 -0.045750000 -0.015767612 -0.377943249 -0.006898024
104123 4123.000000 17758100004123000 -0.046124998 -0.016067696 -0.379546554 -0.003750745
104124 4124.000000 17758100004124000 -0.046500001 -0.016629701 -0.377131841 -0.006449086
104125 4125.000000 17758100004125000 -0.046875000 -0.017019136 -0.378831024 -0.004059109
104126 4126.000000 17758100004126000 -0.047249999 -0.017351463 -0.377965642 0.002008070
104127 4127.000000 17758100004127000 -0.047625002 -0.018175249 -0.377312347 0.009967962
104128 4128.000000 17758100004128000 -0.048000000 -0.017956698 -0.371653335 -0.003249982
104129 4129.000000 17758100004129000 -0.048374999 -0.018527950 -0.377741504 -0.036733767
104130 4130.000000 17758100004130000 -0.048749998 -0.018755752 -0.376854356 -0.026105909
104131 4131.000000 17758100004131000 -0.049125001 -0.019296515 -0.376448775 0.018386219
104132 4132.000000 17758100004132000 -0.049500000 -0.019886108 -0.381133289 -0.018259636
104133 4133.000000 17758100004133000 -0.049874999 -0.020240171 -0.379836389 0.013953371
104134 4134.000000 17758100004134000 -0.050250001 -0.020600024 -0.377201692 -0.010679185
104135 4135.000000 17758100004135000 -0.050625000 -0.020955577 -0.382070045 0.015947933
104136 4136.000000 17758100004136000 -0.050999999 -0.021324522 -0.377398008 0.014826615
104137 4137.000000 17758100004137000 -0.051375002 -0.021285468 -0.367959480 0.006696176
104138 4138.000000 17758100004138000 -0.051750001 -0.022114996 -0.377763598 -0.009416224
104139 4139.000000 17758100004139000 -0.052124999 -0.022625671 -0.381454336 -0.056628221
104140 4140.000000 17758100004140000 -0.052499998 -0.022562776 -0.380796222 -0.018705395
104141 4141.000000 17758100004141000 -0.052875001 -0.023183191 -0.371202329 -0.007207393
104142 4142.000000 17758100004142000 -0.053250000 -0.023417245 -0.373216653 -0.017498518
104143 4143.000000 17758100004143000 -0.053624999 -0.023938520 -0.370177059 -0.003725683
104144 4144.000000 17758100004144000 -0.054000001 -0.024440086 -0.379166940 0.003232319
104145 4145.000000 17758100004145000 -0.054375000 -0.024590488 -0.381986029 -0.025314430
104146 4146.000000 17758100004146000 -0.054749999 -0.024888366 -0.382514323 -0.024072754
104147 4147.000000 17758100004147000 -0.055125002 -0.025383545 -0.378244512 0.009574915
104148 4148.000000 17758100004148000 -0.055500001 -0.026020929 -0.379625393 -0.008170479
104149 4149.000000 17758100004149000 -0.055875000 -0.026043958 -0.371681434 -0.026959661
104150 4150.000000 17758100004150000 -0.056249999 -0.026742911 -0.370328552 0.014307769
104151 4151.000000 17758100004151000 -0.056625001 -0.027018316 -0.379321848 0.008921371
104152 4152.000000 17758100004152000 -0.057000000 -0.027245337 -0.385304141 -0.001468686
104153 4153.000000 17758100004153000 -0.057374999 -0.027532829 -0.385492163 -0.005834447
104154 4154.000000 17758100004154000 -0.057750002 -0.027822866 -0.376070310 0.003055028
104155 4155.000000 17758100004155000 -0.058125000 -0.028429498 -0.375711439 -0.021763633
104156 4156.000000 17758100004156000 -0.058499999 -0.028958307 -0.379166742 -0.004899741
104157 4157.000000 17758100004157000 -0.058874998 -0.028945960 -0.374775202 -0.025486638
104158 4158.000000 17758100004158000 -0.059250001 -0.028931856 -0.379310811 -0.023570948
104159 4159.000000 17758100004159000 -0.059625000 -0.030098157 -0.380747065 0.051411586
104160 4160.000000 17758100004160000 -0.059999999 -0.030169704 -0.365595773 -0.016576520
104161 4161.000000 17758100004161000 -0.060375001 -0.030351100 -0.376132623 -0.001726158
104162 4162.000000 17758100004162000 -0.060750000 -0.031069439 -0.380509843 0.014838813
104163 4163.000000 17758100004163000 -0.061124999 -0.031363335 -0.380104693 -0.013347725
104164 4164.000000 17758100004164000 -0.061500002 -0.031998039 -0.374824141 0.000046802
104165 4165.000000 17758100004165000 -0.061875001 -0.032098392 -0.382997545 0.038551132
104166 4166.000000 17758100004166000 -0.062249999 -0.032699933 -0.377206810 0.018171424
104167 4167.000000 17758100004167000 -0.062624998 -0.032592837 -0.375255989 -0.026160450
104168 4168.000000 17758100004168000 -0.063000001 -0.033362299 -0.374272105 -0.001816075
104169 4169.000000 17758100004169000 -0.063375004 -0.034105158 -0.376775624 -0.052592962
104170 4170.000000 17758100004170000 -0.063749999 -0.034082634 -0.377279645 -0.009154030
104171 4171.000000 17758100004171000 -0.064125001 -0.034403303 -0.374657493 0.002055319
104172 4172.000000 17758100004172000 -0.064499997 -0.034713133 -0.370002875 -0.004749943
104173 4173.000000 17758100004173000 -0.064874999 -0.035398608 -0.384777769 0.005294294
104174 4174.000000 17758100004174000 -0.065250002 -0.035612266 -0.374828141 0.012914833
104175 4175.000000 17758100004175000 -0.065624997 -0.035924336 -0.381317762 -0.017877595
104176 4176.000000 17758100004176000 -0.066000000 -0.036483660 -0.377863503 -0.039875910
104177 4177.000000 17758100004177000 -0.066375002 -0.036716642 -0.378054713 -0.037064107
104178 4178.000000 17758100004178000 -0.066749997 -0.036948973 -0.369854348 -0.025251941
104179 4179.000000 17758100004179000 -0.067125000 -0.037716765 -0.380144950 0.003982335
104180 4180.000000 17758100004180000 -0.067500003 -0.037870626 -0.382738782 -0.010393388
104181 4181.000000 17758100004181000 -0.067874998 -0.038168502 -0.377147672 -0.001613654
104182 4182.000000 17758100004182000 -0.068250000 -0.038512393 -0.373829802 0.005950703
104183 4183.000000 17758100004183000 -0.068625003 -0.038855971 -0.377210418 -0.016239347
104184 4184.000000 17758100004184000 -0.068999998 -0.039364439 -0.376526821 -0.054478885
104185 4185.000000 17758100004185000 -0.069375001 -0.039524150 -0.374824789 -0.007243038
104186 4186.000000 17758100004186000 -0.069750004 -0.040238337 -0.382165539 0.013519253
104187 4187.000000 17758100004187000 -0.070124999 -0.040881252 -0.371747970 -0.013931090
104188 4188.000000 17758100004188000 -0.070500001 -0.040848609 -0.379368644 0.010431524
104189 4189.000000 17758100004189000 -0.070874996 -0.041191358 -0.381380917 0.002576006
104190 4190.000000 17758100004190000 -0.071249999 -0.041564944 -0.384368267 0.001231620
104191 4191.000000 17758100004191000 -0.071625002 -0.041875746 -0.374239497 0.009591391
104192 4192.000000 17758100004192000 -0.071999997 -0.042357800 -0.379630684 -0.006591998
104193 4193.000000 17758100004193000 -0.072375000 -0.042801470 -0.371303247 -0.039743127
104194 4194.000000 17758100004194000 -0.072750002 -0.043230783 -0.373984276 -0.003027977
104195 4195.000000 17758100004195000 -0.073124997 -0.043615665 -0.379501936 0.024728616
104196 4196.000000 17758100004196000 -0.073500000 -0.043859206 -0.372130263 0.027089913
104197 4197.000000 17758100004197000 -0.073875003 -0.044102965 -0.374344732 -0.012883989
104198 4198.000000 17758100004198000 -0.074249998 -0.044623840 -0.372994372 0.004921735
104199 4199.000000 17758100004199000 -0.074625000 -0.045243686 -0.382704063 -0.031436749
104200 4200.000000 17758100004200000 -0.075000003 -0.045395326 -0.376120552 -0.034327596
104201 4201.000000 17758100004201000 -0.075374998 -0.045849322 -0.378183500 0.002746972
104202 4202.000000 17758100004202000 -0.075750001 -0.046271124 -0.372884849 -0.008036058
104203 4203.000000 17758100004203000 -0.076125003 -0.046523186 -0.370997227 0.021719670
104204 4204.000000 17758100004204000 -0.076499999 -0.046879075 -0.369605361 -0.037579583
104205 4205.000000 17758100004205000 -0.076875001 -0.047315107 -0.372788783 0.008998558
104206 4206.000000 17758100004206000 -0.077249996 -0.047738437 -0.375913250 -0.013260600
104207 4207.000000 17758100004207000 -0.077624999 -0.048067890 -0.383789611 -0.063098859
104208 4208.000000 17758100004208000 -0.078000002 -0.048434530 -0.378346388 -0.014470167
104209 4209.000000 17758100004209000 -0.078374997 -0.048801191 -0.375194968 -0.003996465
104210 4210.000000 17758100004210000 -0.078749999 -0.049205754 -0.371747504 -0.023915354
104211 4211.000000 17758100004211000 -0.079125002 -0.049853838 -0.372993384 0.011759979
104212 4212.000000 17758100004212000 -0.079499997 -0.049719327 -0.376632542 -0.050556061
104213 4213.000000 17758100004213000 -0.079875000 -0.050383287 -0.378820994 -0.043005886
104214 4214.000000 17758100004214000 -0.080250002 -0.050706799 -0.381027528 -0.001192541
104215 4215.000000 17758100004215000 -0.080624998 -0.051179680 -0.374122656 -0.029185557
104216 4216.000000 17758100004216000 -0.081000000 -0.051524184 -0.371456291 -0.015696665
104217 4217.000000 17758100004217000 -0.081375003 -0.051903056 -0.380472766 0.006605200
104218 4218.000000 17758100004218000 -0.081749998 -0.052227318 -0.384525945 -0.035780189
104219 4219.000000 17758100004219000 -0.082125001 -0.052275560 -0.385882652 -0.036695922
104220 4220.000000 17758100004220000 -0.082500003 -0.053252096 -0.375973902 -0.010616631
104221 4221.000000 17758100004221000 -0.082874998 -0.053197211 -0.371026221 -0.014735814
104222 4222.000000 17758100004222000 -0.083250001 -0.053712763 -0.378897712 0.016312765
104223 4223.000000 17758100004223000 -0.083625004 -0.054264755 -0.376738019 -0.005494069
104224 4224.000000 17758100004224000 -0.083999999 -0.054390105 -0.379540059 0.033331574
104225 4225.000000 17758100004225000 -0.084375001 -0.054967541 -0.377199141 0.007010232
104226 4226.000000 17758100004226000 -0.084749997 -0.055312114 -0.376904486 -0.013651825
104227 4227.000000 17758100004227000 -0.085124999 -0.055730496 -0.374442822 -0.002663397
104228 4228.000000 17758100004228000 -0.085500002 -0.055878875 -0.373994930 0.002186108
104229 4229.000000 17758100004229000 -0.085874997 -0.056351249 -0.383437692 -0.027327318
104230 4230.000000 17758100004230000 -0.086250000 -0.056904560 -0.374991438 -0.021161288
104231 4231.000000 17758100004231000 -0.086625002 -0.057147992 -0.377859197 -0.010566435
104232 4232.000000 17758100004232000 -0.086999997 -0.057565488 -0.381548871 -0.040625460
104233 4233.000000 17758100004233000 -0.087375000 -0.058084544 -0.375962070 0.008301923
104234 4234.000000 17758100004234000 -0.087750003 -0.058191221 -0.384247647 0.023927051
104235 4235.000000 17758100004235000 -0.088124998 -0.058935745 -0.378510327 -0.005610584
104236 4236.000000 17758100004236000 -0.088500001 -0.059009328 -0.374035892 -0.020814609
104237 4237.000000 17758100004237000 -0.088875003 -0.059291653 -0.373854809 0.008975736
104238 4238.000000 17758100004238000 -0.089249998 -0.059802232 -0.384490449 -0.022781070
104239 4239.000000 17758100004239000 -0.089625001 -0.060161009 -0.375436828 -0.005061815
104240 4240.000000 17758100004240000 -0.090000004 -0.060323328 -0.375590884 0.009289496
104241 4241.000000 17758100004241000 -0.090374999 -0.060818186 -0.382265740 0.011902168
104242 4242.000000 17758100004242000 -0.090750001 -0.061502931 -0.370226000 -0.025728585
104243 4243.000000 17758100004243000 -0.091124997 -0.061806906 -0.379538230 -0.007185545
104244 4244.000000 17758100004244000 -0.091499999 -0.062082444 -0.370395330 0.008858442
104245 4245.000000 17758100004245000 -0.091875002 -0.062471025 -0.378838070 0.014974631
104246 4246.000000 17758100004246000 -0.092249997 -0.062928167 -0.379478156 -0.000020850
104247 4247.000000 17758100004247000 -0.092625000 -0.063228426 -0.372064948 -0.008954621
104248 4248.000000 17758100004248000 -0.093000002 -0.063502955 -0.380115094 -0.024325037
104249 4249.000000 17758100004249000 -0.093374997 -0.063730923 -0.372530645 0.033050483
104250 4250.000000 17758100004250000 -0.093750000 -0.064316912 -0.385409704 -0.031236317
104251 4251.000000 17758100004251000 -0.094125003 -0.064639830 -0.370554304 0.008652202
104252 4252.000000 17758100004252000 -0.094499998 -0.064896321 -0.377625915 -0.013625097
104253 4253.000000 17758100004253000 -0.094875000 -0.065819681 -0.386773464 0.000969417
104254 4254.000000 17758100004254000 -0.095250003 -0.065672681 -0.380449510 -0.024707840
104255 4255.000000 17758100004255000 -0.095624998 -0.066292890 -0.386870352 0.008751721
104256 4256.000000 17758100004256000 -0.096000001 -0.066646233 -0.385282970 -0.041315677
104257 4257.000000 17758100004257000 -0.096375003 -0.067196216 -0.367280874 0.009454189
104258 4258.000000 17758100004258000 -0.096749999 -0.067128004 -0.377857258 -0.005794420
104259 4259.000000 17758100004259000 -0.097125001 -0.067668719 -0.374295381 -0.003692657
104260 4260.000000 17758100004260000 -0.097499996 -0.068231485 -0.374351726 -0.009105796
104261 4261.000000 17758100004261000 -0.097874999 -0.068581578 -0.384546884 -0.012921001
104262 4262.000000 17758100004262000 -0.098250002 -0.068808520 -0.376826889 -0.030261555
104263 4263.000000 17758100004263000 -0.098624997 -0.069065240 -0.367990777 -0.000646177
104264 4264.000000 17758100004264000 -0.098999999 -0.069773015 -0.377304012 -0.027586280
104265 4265.000000 17758100004265000 -0.099375002 -0.069976976 -0.374686163 0.007487415
104266 4266.000000 17758100004266000 -0.099749997 -0.070489738 -0.381054788 -0.020027045
104267 4267.000000 17758100004267000 -0.100125000 -0.070823610 -0.375370160 0.004562110
104268 4268.000000 17758100004268000 -0.100500003 -0.071121938 -0.383334739 -0.012713311
104269 4269.000000 17758100004269000 -0.100874998 -0.071778738 -0.376027065 -0.017154155
104270 4270.000000 17758100004270000 -0.101250000 -0.071725253 -0.385063695 0.004176742
104271 4271.000000 17758100004271000 -0.101625003 -0.072284230 -0.378231025 -0.019987970
104272 4272.000000 17758100004272000 -0.101999998 -0.072754520 -0.371672166 -0.000890126
104273 4273.000000 17758100004273000 -0.102375001 -0.073066887 -0.376448385 -0.009389929
104274 4274.000000 17758100004274000 -0.102750003 -0.073447501 -0.366811298 -0.024459919
104275 4275.000000 17758100004275000 -0.103124999 -0.073615000 -0.379440965 0.008074011
104276 4276.000000 17758100004276000 -0.103500001 -0.074445160 -0.382606500 -0.011297431
104277 4277.000000 17758100004277000 -0.103874996 -0.074963836 -0.375495676 0.000401139
104278 4278.000000 17758100004278000 -0.104249999 -0.075128818 -0.369465117 0.008672530
104279 4279.000000 17758100004279000 -0.104625002 -0.075219001 -0.382588319 -0.015249128
104280 4280.000000 17758100004280000 -0.104999997 -0.075663063 -0.384402567 -0.008677341
104281 4281.000000 17758100004281000 -0.105374999 -0.075847261 -0.373103706 0.007665845
104282 4282.000000 17758100004282000 -0.105750002 -0.076188389 -0.377774010 -0.034450083
104283 4283.000000 17758100004283000 -0.106124997 -0.076716193 -0.377627224 -0.006028063
104284 4284.000000 17758100004284000 -0.106500000 -0.077531504 -0.377659890 -0.009603735
104285 4285.000000 17758100004285000 -0.106875002 -0.077935385 -0.374113615 -0.036495482
104286 4286.000000 17758100004286000 -0.107249998 -0.077520225 -0.378612810 -0.023034843
104287 4287.000000 17758100004287000 -0.107625000 -0.078332981 -0.367810469 -0.014070037
104288 4288.000000 17758100004288000 -0.108000003 -0.078791637 -0.379461970 -0.032264889
104289 4289.000000 17758100004289000 -0.108374998 -0.079227481 -0.378836585 -0.014710355
104290 4290.000000 17758100004290000 -0.108750001 -0.079367657 -0.376697322 -0.027894067
104291 4291.000000 17758100004291000 -0.109125003 -0.079967281 -0.379555162 -0.055760314
104292 4292.000000 17758100004292000 -0.109499998 -0.080031644 -0.368168608 -0.030761402
104293 4293.000000 17758100004293000 -0.109875001 -0.080298764 -0.381987933 -0.019814141
104294 4294.000000 17758100004294000 -0.110250004 -0.081010333 -0.378425925 -0.002263894
104295 4295.000000 17758100004295000 -0.110624999 -0.081552256 -0.379484312 0.004291751
104296 4296.000000 17758100004296000 -0.111000001 -0.081757761 -0.382881461 -0.015511352
104297 4297.000000 17758100004297000 -0.111374997 -0.082139782 -0.380799921 0.000041957
104298 4298.000000 17758100004298000 -0.111749999 -0.082354968 -0.380563381 -0.018290169
104299 4299.000000 17758100004299000 -0.112125002 -0.082623814 -0.377488912 -0.001666659
104300 4300.000000 17758100004300000 -0.112499997 -0.083322813 -0.375640076 -0.022776345
104301 4301.000000 17758100004301000 -0.112875000 -0.083495122 -0.374861217 0.017718115
104302 4302.000000 17758100004302000 -0.113250002 -0.084048169 -0.371240465 -0.012077723
104303 4303.000000 17758100004303000 -0.113624997 -0.084357214 -0.377165062 -0.003756186
104304 4304.000000 17758100004304000 -0.114000000 -0.084438494 -0.381231988 0.001049922
104305 4305.000000 17758100004305000 -0.114375003 -0.085268675 -0.385546054 0.001236847
104306 4306.000000 17758100004306000 -0.114749998 -0.085814965 -0.381342021 -0.015843896
104307 4307.000000 17758100004307000 -0.115125000 -0.086219815 -0.378993721 -0.003205978
104308 4308.000000 17758100004308000 -0.115500003 -0.086199943 -0.377811764 -0.025265035
104309 4309.000000 17758100004309000 -0.115874998 -0.086668464 -0.375129547 0.027442820
104310 4310.000000 17758100004310000 -0.116250001 -0.086904563 -0.386179972 -0.000080260
104311 4311.000000 17758100004311000 -0.116625004 -0.087258311 -0.377964794 -0.012173678
104312 4312.000000 17758100004312000 -0.116999999 -0.087511973 -0.372177410 -0.018013567
104313 4313.000000 17758100004313000 -0.117375001 -0.088386046 -0.370787441 -0.010909777
104314 4314.000000 17758100004314000 -0.117749996 -0.088358413 -0.383772925 0.006769003
104315 4315.000000 17758100004315000 -0.118124999 -0.088682593 -0.380562609 -0.004017557
104316 4316.000000 17758100004316000 -0.118500002 -0.089285250 -0.376411750 -0.036433966
104317 4317.000000 17758100004317000 -0.118874997 -0.090009121 -0.380646342 -0.028237087
104318 4318.000000 17758100004318000 -0.119250000 -0.089967247 -0.371277341 -0.048097709
104319 4319.000000 17758100004319000 -0.119625002 -0.090342352 -0.369571157 0.008429510
104320 4320.000000 17758100004320000 -0.119999997 -0.091240080 -0.377167279 -0.004253667
104321 4321.000000 17758100004321000 -0.120375000 -0.091095636 -0.377209204 -0.026876190
104322 4322.000000 17758100004322000 -0.120750003 -0.091477447 -0.381910261 -0.013273878
104323 4323.000000 17758100004323000 -0.121124998 -0.091869746 -0.377320006 0.012541186
104324 4324.000000 17758100004324000 -0.121500000 -0.092262090 -0.373993842 -0.021591557
104325 4325.000000 17758100004325000 -0.121875003 -0.092877248 -0.389456064 -0.004936223
104326 4326.000000 17758100004326000 -0.122249998 -0.093053665 -0.381322037 0.018263867
104327 4327.000000 17758100004327000 -0.122625001 -0.093703917 -0.383226801 -0.037008134
104328 4328.000000 17758100004328000 -0.123000003 -0.093884808 -0.378352305 -0.044935248
104329 4329.000000 17758100004329000 -0.123374999 -0.094328614 -0.388590818 -0.000459585
104330 4330.000000 17758100004330000 -0.123750001 -0.094647956 -0.379193836 0.027022840
104331 4331.000000 17758100004331000 -0.124124996 -0.094920554 -0.371450731 -0.027724326
104332 4332.000000 17758100004332000 -0.124499999 -0.095373210 -0.378950792 -0.002055011
104333 4333.000000 17758100004333000 -0.124875002 -0.095933511 -0.376834076 0.006528682
104334 4334.000000 17758100004334000 -0.125249997 -0.096323575 -0.379456745 -0.025468925
104335 4335.000000 17758100004335000 -0.125624999 -0.096001220 -0.378685380 -0.057249605
104336 4336.000000 17758100004336000 -0.126000002 -0.096738327 -0.373557468 0.033787214
104337 4337.000000 17758100004337000 -0.126375005 -0.097473917 -0.377747940 0.002634841
104338 4338.000000 17758100004338000 -0.126750007 -0.097748338 -0.379557417 -0.002205667
104339 4339.000000 17758100004339000 -0.127124995 -0.097884732 -0.373294234 0.019051704
104340 4340.000000 17758100004340000 -0.127499998 -0.098459521 -0.383728210 -0.009634163
104341 4341.000000 17758100004341000 -0.127875000 -0.098726105 -0.375758297 0.018688337
104342 4342.000000 17758100004342000 -0.128250003 -0.098825562 -0.375751406 -0.046025421
104343 4343.000000 17758100004343000 -0.128625005 -0.099725547 -0.379005333 -0.025910196
104344 4344.000000 17758100004344000 -0.128999993 -0.100308579 -0.381422541 0.014262703
104345 4345.000000 17758100004345000 -0.129374996 -0.100401458 -0.372793989 -0.024396991
104346 4346.000000 17758100004346000 -0.129749998 -0.100633322 -0.371761352 0.020356179
104347 4347.000000 17758100004347000 -0.130125001 -0.101298979 -0.373603201 -0.031983580
104348 4348.000000 17758100004348000 -0.130500004 -0.101441970 -0.376965090 -0.011260644
104349 4349.000000 17758100004349000 -0.130875006 -0.101933417 -0.383303812 0.025946452
104350 4350.000000 17758100004350000 -0.131249994 -0.102215349 -0.378225565 -0.004823751
104351 4351.000000 17758100004351000 -0.131624997 -0.102476783 -0.386400319 0.019761989
104352 4352.000000 17758100004352000 -0.131999999 -0.102943849 -0.383723128 -0.011121166
104353 4353.000000 17758100004353000 -0.132375002 -0.103420415 -0.373446835 -0.006782732
104354 4354.000000 17758100004354000 -0.132750005 -0.103997844 -0.386997855 0.002756341
104355 4355.000000 17758100004355000 -0.133125007 -0.104412128 -0.387057873 -0.038268599
104356 4356.000000 17758100004356000 -0.133499995 -0.104457029 -0.376622705 -0.043837293
104357 4357.000000 17758100004357000 -0.133874997 -0.104678235 -0.381048063 -0.056980667
104358 4358.000000 17758100004358000 -0.134250000 -0.105132761 -0.372781079 0.000998671
104359 4359.000000 17758100004359000 -0.134625003 -0.105635300 -0.377886491 -0.022126933
104360 4360.000000 17758100004360000 -0.135000005 -0.106104110 -0.384394768 0.014890123
104361 4361.000000 17758100004361000 -0.135374993 -0.106330761 -0.370782967 0.005280406
104362 4362.000000 17758100004362000 -0.135749996 -0.106707524 -0.377671398 -0.003049652
104363 4363.000000 17758100004363000 -0.136124998 -0.106788212 -0.382942388 -0.033357798
104364 4364.000000 17758100004364000 -0.136500001 -0.107590223 -0.367413874 -0.010876843
104365 4365.000000 17758100004365000 -0.136875004 -0.108058979 -0.384343472 0.013046900
104366 4366.000000 17758100004366000 -0.137250006 -0.108326611 -0.385509706 0.010285147
104367 4367.000000 17758100004367000 -0.137624994 -0.108551693 -0.381488192 -0.008406888
104368 4368.000000 17758100004368000 -0.137999997 -0.109209688 -0.386818647 0.005678160
104369 4369.000000 17758100004369000 -0.138374999 -0.109536973 -0.369178554 0.003047421
104370 4370.000000 17758100004370000 -0.138750002 -0.109814671 -0.389732231 -0.000935772
104371 4371.000000 17758100004371000 -0.139125004 -0.110244220 -0.374289826 0.007633446
104372 4372.000000 17758100004372000 -0.139500007 -0.110538633 -0.377704056 -0.062807057
104373 4373.000000 17758100004373000 -0.139874995 -0.110961043 -0.379127966 -0.021947600
104374 4374.000000 17758100004374000 -0.140249997 -0.111216589 -0.379072215 -0.028769549
104375 4375.000000 17758100004375000 -0.140625000 -0.111378983 -0.371734516 -0.049485502
104376 4376.000000 17758100004376000 -0.141000003 -0.112204221 -0.376622521 -0.032548496
104377 4377.000000 17758100004377000 -0.141375005 -0.112313003 -0.377561250 -0.012817366
104378 4378.000000 17758100004378000 -0.141749993 -0.112674045 -0.374378522 -0.031220908
104379 4379.000000 17758100004379000 -0.142124996 -0.113374269 -0.374169992 -0.022764708
104380 4380.000000 17758100004380000 -0.142499998 -0.113654067 -0.383457433 0.014002301
104381 4381.000000 17758100004381000 -0.142875001 -0.113543470 -0.370101802 -0.001433083
104382 4382.000000 17758100004382000 -0.143250003 -0.113969948 -0.377331713 0.000793484
104383 4383.000000 17758100004383000 -0.143625006 -0.114553306 -0.380065997 0.005012420
104384 4384.000000 17758100004384000 -0.143999994 -0.115219423 -0.382320960 0.001821062
104385 4385.000000 17758100004385000 -0.144374996 -0.115608443 -0.371265685 -0.003168795
104386 4386.000000 17758100004386000 -0.144749999 -0.115834094 -0.384153106 -0.010783569
104387 4387.000000 17758100004387000 -0.145125002 -0.116439125 -0.392520604 0.031588162
104388 4388.000000 17758100004388000 -0.145500004 -0.116721975 -0.368692865 -0.028787129
104389 4389.000000 17758100004389000 -0.145875007 -0.117186636 -0.373085979 0.006251767
104390 4390.000000 17758100004390000 -0.146249995 -0.117504862 -0.381667435 0.003375457
104391 4391.000000 17758100004391000 -0.146624997 -0.117249550 -0.383015155 -0.015154820
104392 4392.000000 17758100004392000 -0.147000000 -0.118083944 -0.368637023 -0.057506547
104393 4393.000000 17758100004393000 -0.147375003 -0.118761449 -0.374927875 -0.016545405
104394 4394.000000 17758100004394000 -0.147750005 -0.118660692 -0.378536055 -0.015353031
104395 4395.000000 17758100004395000 -0.148124993 -0.118918376 -0.377490766 0.001126466
104396 4396.000000 17758100004396000 -0.148499995 -0.119242242 -0.378270786 -0.040367961
104397 4397.000000 17758100004397000 -0.148874998 -0.120007865 -0.380005759 -0.011475729
104398 4398.000000 17758100004398000 -0.149250001 -0.120345263 -0.374890058 -0.021098019
104399 4399.000000 17758100004399000 -0.149625003 -0.120533146 -0.387033334 0.005133047
104400 4400.000000 17758100004400000 -0.150000006 -0.120906824 -0.376694197 -0.042572972
104401 4401.000000 17758100004401000 -0.150374994 -0.121683585 -0.374127422 0.003050137
104402 4402.000000 17758100004402000 -0.150749996 -0.121983421 -0.378476339 0.009577307
104403 4403.000000 17758100004403000 -0.151124999 -0.121733153 -0.385661372 0.013915714
104404 4404.000000 17758100004404000 -0.151500002 -0.122398206 -0.384127284 -0.016139341
104405 4405.000000 17758100004405000 -0.151875004 -0.122968588 -0.374880151 -0.002319539
104406 4406.000000 17758100004406000 -0.152250007 -0.123437803 -0.368668635 -0.003926320
104407 4407.000000 17758100004407000 -0.152624995 -0.123528301 -0.379909214 -0.011525151
104408 4408.000000 17758100004408000 -0.152999997 -0.124184495 -0.377542070 -0.044186674
104409 4409.000000 17758100004409000 -0.153375000 -0.124288388 -0.376044792 -0.009901979
104410 4410.000000 17758100004410000 -0.153750002 -0.124816037 -0.380898682 -0.004673784
104411 4411.000000 17758100004411000 -0.154125005 -0.125382747 -0.375941424 0.003999163
104412 4412.000000 17758100004412000 -0.154499993 -0.125435852 -0.381129231 -0.030317776
104413 4413.000000 17758100004413000 -0.154874995 -0.126221354 -0.378206423 -0.062849354
104414 4414.000000 17758100004414000 -0.155249998 -0.126311940 -0.384590593 -0.014622840
104415 4415.000000 17758100004415000 -0.155625001 -0.126445400 -0.380686519 -0.031683087
104416 4416.000000 17758100004416000 -0.156000003 -0.127529076 -0.376125555 0.001238504
104417 4417.000000 17758100004417000 -0.156375006 -0.127833998 -0.388310994 -0.021488355
104418 4418.000000 17758100004418000 -0.156749994 -0.127953867 -0.371476293 -0.028110694
104419 4419.000000 17758100004419000 -0.157124996 -0.128592235 -0.380409394 0.033811594
104420 4420.000000 17758100004420000 -0.157499999 -0.128825889 -0.372557288 -0.018425951
104421 4421.000000 17758100004421000 -0.157875001 -0.129143322 -0.382999763 -0.022211488
104422 4422.000000 17758100004422000 -0.158250004 -0.129410049 -0.377228058 -0.019719114
104423 4423.000000 17758100004423000 -0.158625007 -0.129661698 -0.372366988 -0.013277232
104424 4424.000000 17758100004424000 -0.158999994 -0.130048550 -0.375529843 -0.013998921
104425 4425.000000 17758100004425000 -0.159374997 -0.130521947 -0.375103877 0.006618630
104426 4426.000000 17758100004426000 -0.159750000 -0.131192378 -0.379521945 0.025683846
104427 4427.000000 17758100004427000 -0.160125002 -0.131302205 -0.375695994 0.006172428
104428 4428.000000 17758100004428000 -0.160500005 -0.131922281 -0.368582080 -0.037047359
104429 4429.000000 17758100004429000 -0.160874993 -0.132099279 -0.377280357 -0.010941917
104430 4430.000000 17758100004430000 -0.161249995 -0.131938412 -0.381379425 0.013527934
104431 4431.000000 17758100004431000 -0.161624998 -0.132761114 -0.379973884 -0.015731648
104432 4432.000000 17758100004432000 -0.162000000 -0.133398210 -0.383938668 0.010665686
104433 4433.000000 17758100004433000 -0.162375003 -0.133829301 -0.383688636 -0.026461074
104434 4434.000000 17758100004434000 -0.162750006 -0.134154347 -0.382403186 -0.023483620
104435 4435.000000 17758100004435000 -0.163124993 -0.134535358 -0.381922694 -0.028969861
104436 4436.000000 17758100004436000 -0.163499996 -0.134838266 -0.396041900 -0.024703859
104437 4437.000000 17758100004437000 -0.163874999 -0.135125371 -0.379556240 -0.010990259
104438 4438.000000 17758100004438000 -0.164250001 -0.135696998 -0.384838439 -0.021204269
104439 4439.000000 17758100004439000 -0.164625004 -0.135619055 -0.373081969 -0.004202939
104440 4440.000000 17758100004440000 -0.165000007 -0.136077320 -0.372263904 0.018737776
104441 4441.000000 17758100004441000 -0.165374994 -0.136663511 -0.376404938 0.013785168
104442 4442.000000 17758100004442000 -0.165749997 -0.136969773 -0.384396918 -0.006233532
104443 4443.000000 17758100004443000 -0.166125000 -0.137285461 -0.376612542 -0.020328616
104444 4444.000000 17758100004444000 -0.166500002 -0.137726237 -0.375274615 -0.006984147
104445 4445.000000 17758100004445000 -0.166875005 -0.138174714 -0.374817898 -0.032652077
104446 4446.000000 17758100004446000 -0.167250007 -0.138408469 -0.371461327 0.024933076
104447 4447.000000 17758100004447000 -0.167624995 -0.138869756 -0.374677708 -0.034155690
104448 4448.000000 17758100004448000 -0.167999998 -0.139427367 -0.383020530 -0.000359765
104449 4449.000000 17758100004449000 -0.168375000 -0.139593317 -0.378755079 -0.025886831
104450 4450.000000 17758100004450000 -0.168750003 -0.139486032 -0.375958062 -0.039234948
104451 4451.000000 17758100004451000 -0.169125006 -0.140142355 -0.375026754 -0.033172701
104452 4452.000000 17758100004452000 -0.169499993 -0.140860123 -0.382131272 -0.010292960
104453 4453.000000 17758100004453000 -0.169874996 -0.141111694 -0.374799096 0.001436565
104454 4454.000000 17758100004454000 -0.170249999 -0.141778868 -0.380479475 -0.003361523
104455 4455.000000 17758100004455000 -0.170625001 -0.141316560 -0.368872264 -0.029460337
104456 4456.000000 17758100004456000 -0.171000004 -0.142148169 -0.373954453 -0.012473684
104457 4457.000000 17758100004457000 -0.171375006 -0.142709237 -0.375050242 0.004272722
104458 4458.000000 17758100004458000 -0.171749994 -0.142930919 -0.374387133 -0.035304461
104459 4459.000000 17758100004459000 -0.172124997 -0.143312600 -0.370887862 -0.033884870
104460 4460.000000 17758100004460000 -0.172499999 -0.143346421 -0.389540280 -0.025158559
104461 4461.000000 17758100004461000 -0.172875002 -0.143963865 -0.370103680 -0.007922648
104462 4462.000000 17758100004462000 -0.173250005 -0.144670034 -0.380585063 0.012275506
104463 4463.000000 17758100004463000 -0.173625007 -0.144737979 -0.376038955 0.014862622
104464 4464.000000 17758100004464000 -0.173999995 -0.145409623 -0.377425419 -0.022508306
104465 4465.000000 17758100004465000 -0.174374998 -0.145803997 -0.391236833 -0.016228432
104466 4466.000000 17758100004466000 -0.174750000 -0.146253743 -0.382791525 0.006825316
104467 4467.000000 17758100004467000 -0.175125003 -0.146219944 -0.377206441 -0.033552849
104468 4468.000000 17758100004468000 -0.175500005 -0.146889970 -0.375900755 -0.025475843
104469 4469.000000 17758100004469000 -0.175874993 -0.146840331 -0.373821652 0.007314182
104470 4470.000000 17758100004470000 -0.176249996 -0.147674809 -0.385673749 -0.013889629
104471 4471.000000 17758100004471000 -0.176624998 -0.147840848 -0.382638737 0.016308954
104472 4472.000000 17758100004472000 -0.177000001 -0.148122723 -0.382132121 -0.029564862
104473 4473.000000 17758100004473000 -0.177375004 -0.148965833 -0.380927954 -0.009366785
104474 4474.000000 17758100004474000 -0.177750006 -0.149054268 -0.385667615 -0.017654203
104475 4475.000000 17758100004475000 -0.178124994 -0.149547712 -0.372890055 -0.001369084
104476 4476.000000 17758100004476000 -0.178499997 -0.149736099 -0.376280489 -0.008337272
104477 4477.000000 17758100004477000 -0.178874999 -0.149985744 -0.383121162 0.007970311
104478 4478.000000 17758100004478000 -0.179250002 -0.150803714 -0.381375932 0.024150772
104479 4479.000000 17758100004479000 -0.179625005 -0.150953955 -0.379176273 -0.018830707
104480 4480.000000 17758100004480000 -0.180000007 -0.151348227 -0.376359519 -0.036106310
104481 4481.000000 17758100004481000 -0.180374995 -0.151729063 -0.379499928 -0.027414126
104482 4482.000000 17758100004482000 -0.180749997 -0.151835314 -0.381663858 -0.035807675
104483 4483.000000 17758100004483000 -0.181125000 -0.152418705 -0.381818613 -0.036174271
104484 4484.000000 17758100004484000 -0.181500003 -0.152924009 -0.377401209 -0.002089506
104485 4485.000000 17758100004485000 -0.181875005 -0.153523828 -0.372913870 -0.023332291
104486 4486.000000 17758100004486000 -0.182249993 -0.153709079 -0.378502805 0.030386211
104487 4487.000000 17758100004487000 -0.182624996 -0.154168836 -0.382609596 -0.002908187
104488 4488.000000 17758100004488000 -0.182999998 -0.154703166 -0.378936351 -0.045234936
104489 4489.000000 17758100004489000 -0.183375001 -0.154808645 -0.375166553 -0.013189651
104490 4490.000000 17758100004490000 -0.183750004 -0.155014978 -0.379645961 -0.009430866
104491 4491.000000 17758100004491000 -0.184125006 -0.155667769 -0.373814858 -0.038414938
104492 4492.000000 17758100004492000 -0.184499994 -0.155957889 -0.386725848 -0.001867729
104493 4493.000000 17758100004493000 -0.184874997 -0.156160713 -0.378722568 -0.018958715
104494 4494.000000 17758100004494000 -0.185249999 -0.156292490 -0.380790694 0.008048148
104495 4495.000000 17758100004495000 -0.185625002 -0.157386593 -0.375223315 -0.002479608
104496 4496.000000 17758100004496000 -0.186000004 -0.157158104 -0.376005801 -0.010478571
104497 4497.000000 17758100004497000 -0.186375007 -0.158076031 -0.381312490 -0.010891158
104498 4498.000000 17758100004498000 -0.186749995 -0.157898206 -0.379862352 0.011588707
104499 4499.000000 17758100004499000 -0.187124997 -0.158461626 -0.376028729 -0.030268966
104500 4500.000000 17758100004500000 -0.187500000 -0.158970432 -0.378758272 0.000943189
104501 4501.000000 17758100004501000 -0.187875003 -0.159327279 -0.380609698 -0.056836291
104502 4502.000000 17758100004502000 -0.188250005 -0.159387200 -0.370582777 -0.011390374
104503 4503.000000 17758100004503000 -0.188624993 -0.160437639 -0.377650676 -0.016218651
104504 4504.000000 17758100004504000 -0.188999996 -0.160437173 -0.367168557 -0.001943459
104505 4505.000000 17758100004505000 -0.189374998 -0.160806833 -0.379573781 0.011821962
104506 4506.000000 17758100004506000 -0.189750001 -0.161314215 -0.384094622 0.029075751
104507 4507.000000 17758100004507000 -0.190125003 -0.161460635 -0.369585191 -0.004333037
104508 4508.000000 17758100004508000 -0.190500006 -0.162066684 -0.374143060 0.001639650
104509 4509.000000 17758100004509000 -0.190874994 -0.162145553 -0.377568960 -0.027379018
104510 4510.000000 17758100004510000 -0.191249996 -0.162476718 -0.381774142 0.020502996
104511 4511.000000 17758100004511000 -0.191624999 -0.163145760 -0.378377171 0.003032847
104512 4512.000000 17758100004512000 -0.192000002 -0.163392817 -0.379561160 0.013275268
104513 4513.000000 17758100004513000 -0.192375004 -0.163515238 -0.382730234 -0.008085048
104514 4514.000000 17758100004514000 -0.192750007 -0.164276349 -0.384408083 0.002641324
104515 4515.000000 17758100004515000 -0.193124995 -0.164547260 -0.377169249 -0.004068851
104516 4516.000000 17758100004516000 -0.193499997 -0.164913712 -0.378283957 -0.030786803
104517 4517.000000 17758100004517000 -0.193875000 -0.165329166 -0.378133413 -0.004299368
104518 4518.000000 17758100004518000 -0.194250003 -0.165558741 -0.376907147 -0.001722019
104519 4519.000000 17758100004519000 -0.194625005 -0.166563094 -0.376568420 -0.012380460
104520 4520.000000 17758100004520000 -0.194999993 -0.166236632 -0.371490542 -0.016212463
104521 4521.000000 17758100004521000 -0.195374995 -0.166812712 -0.373951475 0.008900211
104522 4522.000000 17758100004522000 -0.195749998 -0.167061278 -0.381741064 -0.021500953
104523 4523.000000 17758100004523000 -0.196125001 -0.167638790 -0.382555745 -0.036279767
104524 4524.000000 17758100004524000 -0.196500003 -0.168242045 -0.386570709 -0.029744979
104525 4525.000000 17758100004525000 -0.196875006 -0.168389438 -0.380882836 0.009715038
104526 4526.000000 17758100004526000 -0.197249994 -0.168531251 -0.382973523 -0.040073267
104527 4527.000000 17758100004527000 -0.197624996 -0.169306673 -0.382414336 -0.005987610
104528 4528.000000 17758100004528000 -0.197999999 -0.169299740 -0.381199260 0.006858115
104529 4529.000000 17758100004529000 -0.198375002 -0.170225110 -0.376143268 -0.060946995
104530 4530.000000 17758100004530000 -0.198750004 -0.170101581 -0.376440706 0.013142634
104531 4531.000000 17758100004531000 -0.199125007 -0.170447166 -0.367146828 -0.016606903
104532 4532.000000 17758100004532000 -0.199499995 -0.170930084 -0.388304768 0.011986115
104533 4533.000000 17758100004533000 -0.199874997 -0.171558226 -0.374954390 0.002555472
104534 4534.000000 17758100004534000 -0.200250000 -0.171750633 -0.379491768 -0.040170585
104535 4535.000000 17758100004535000 -0.200625002 -0.172279096 -0.367728861 -0.037779152
104536 4536.000000 17758100004536000 -0.201000005 -0.172491292 -0.391463242 -0.009867662
104537 4537.000000 17758100004537000 -0.201374993 -0.172658399 -0.379957018 -0.053742148
104538 4538.000000 17758100004538000 -0.201749995 -0.173517897 -0.367184434 -0.014743044
104539 4539.000000 17758100004539000 -0.202124998 -0.173606623 -0.379346147 0.001600578
104540 4540.000000 17758100004540000 -0.202500001 -0.173980167 -0.376286542 -0.009320424
104541 4541.000000 17758100004541000 -0.202875003 -0.174178437 -0.376220719 0.018970585
104542 4542.000000 17758100004542000 -0.203250006 -0.174860810 -0.379485984 -0.021459099
104543 4543.000000 17758100004543000 -0.203624994 -0.175309088 -0.374407842 -0.018925880
104544 4544.000000 17758100004544000 -0.203999996 -0.175528017 -0.375360024 -0.000423102
104545 4545.000000 17758100004545000 -0.204374999 -0.175755884 -0.372534272 -0.030006229
104546 4546.000000 17758100004546000 -0.204750001 -0.176102571 -0.369998614 0.012424093
104547 4547.000000 17758100004547000 -0.205125004 -0.176591335 -0.370143754 0.038466679
104548 4548.000000 17758100004548000 -0.205500007 -0.177141102 -0.385879193 -0.041013689
104549 4549.000000 17758100004549000 -0.205874994 -0.177297313 -0.377725680 -0.001905748
104550 4550.000000 17758100004550000 -0.206249997 -0.178072380 -0.384700151 -0.021876158
104551 4551.000000 17758100004551000 -0.206625000 -0.178217993 -0.374058086 -0.046844456
104552 4552.000000 17758100004552000 -0.207000002 -0.178244776 -0.376990650 -0.011268207
104553 4553.000000 17758100004553000 -0.207375005 -0.178970685 -0.375161357 0.002295596
104554 4554.000000 17758100004554000 -0.207749993 -0.179359651 -0.376038265 -0.016227992
104555 4555.000000 17758100004555000 -0.208124995 -0.179692879 -0.377595640 -0.030837189
104556 4556.000000 17758100004556000 -0.208499998 -0.180255977 -0.378820012 -0.023591206
104557 4557.000000 17758100004557000 -0.208875000 -0.180473673 -0.383787568 -0.000943633
104558 4558.000000 17758100004558000 -0.209250003 -0.180804149 -0.380331011 -0.017824499
104559 4559.000000 17758100004559000 -0.209625006 -0.181358255 -0.375180896 -0.035583281
104560 4560.000000 17758100004560000 -0.209999993 -0.181643459 -0.376438454 0.010419838
104561 4561.000000 17758100004561000 -0.210374996 -0.181865764 -0.380838500 -0.047231328
104562 4562.000000 17758100004562000 -0.210749999 -0.182317768 -0.371817223 0.029387287
104563 4563.000000 17758100004563000 -0.211125001 -0.182543057 -0.377443687 -0.005208459
104564 4564.000000 17758100004564000 -0.211500004 -0.183185483 -0.368267305 -0.033262787
104565 4565.000000 17758100004565000 -0.211875007 -0.183699868 -0.378723086 -0.007969900
104566 4566.000000 17758100004566000 -0.212249994 -0.183619927 -0.372124089 -0.019582686
104567 4567.000000 17758100004567000 -0.212624997 -0.184250700 -0.375081235 -0.013883619
104568 4568.000000 17758100004568000 -0.213000000 -0.184651460 -0.383245209 -0.013728012
104569 4569.000000 17758100004569000 -0.213375002 -0.184538985 -0.380100989 -0.013847923
104570 4570.000000 17758100004570000 -0.213750005 -0.185059180 -0.383852712 0.006363029
104571 4571.000000 17758100004571000 -0.214125007 -0.186061744 -0.385934022 -0.018561651
104572 4572.000000 17758100004572000 -0.214499995 -0.186156404 -0.377307588 0.003652720
104573 4573.000000 17758100004573000 -0.214874998 -0.185978468 -0.376662002 0.025915753
104574 4574.000000 17758100004574000 -0.215250000 -0.186852773 -0.377645297 -0.025863162
104575 4575.000000 17758100004575000 -0.215625003 -0.187304945 -0.378607417 -0.007266199
104576 4576.000000 17758100004576000 -0.216000006 -0.187828417 -0.374770520 -0.007758273
104577 4577.000000 17758100004577000 -0.216374993 -0.188051303 -0.375198454 -0.006646422
104578 4578.000000 17758100004578000 -0.216749996 -0.188289183 -0.369620136 -0.041182680
104579 4579.000000 17758100004579000 -0.217124999 -0.188754278 -0.372901513 -0.056736332
104580 4580.000000 17758100004580000 -0.217500001 -0.189466618 -0.380122346 -0.009005629
104581 4581.000000 17758100004581000 -0.217875004 -0.189213809 -0.374512245 -0.021821674
104582 4582.000000 17758100004582000 -0.218250006 -0.189539928 -0.384506437 -0.010441350
104583 4583.000000 17758100004583000 -0.218624994 -0.190095685 -0.371886440 -0.016839471
104584 4584.000000 17758100004584000 -0.218999997 -0.190475200 -0.378438678 -0.019921204
104585 4585.000000 17758100004585000 -0.219374999 -0.190653659 -0.378520092 0.005126681
104586 4586.000000 17758100004586000 -0.219750002 -0.191544770 -0.370852779 0.002653914
104587 4587.000000 17758100004587000 -0.220125005 -0.191973981 -0.376934201 0.003670487
104588 4588.000000 17758100004588000 -0.220500007 -0.192157093 -0.381964711 -0.003457791
104589 4589.000000 17758100004589000 -0.220874995 -0.192360344 -0.361634627 0.070141144
104590 4590.000000 17758100004590000 -0.221249998 -0.192957954 -0.373692643 -0.035709086
104591 4591.000000 17758100004591000 -0.221625000 -0.193324820 -0.385031891 0.008695115
104592 4592.000000 17758100004592000 -0.222000003 -0.193938261 -0.380260547 -0.032812952
104593 4593.000000 17758100004593000 -0.222375005 -0.193974953 -0.384184492 -0.007529954
104594 4594.000000 17758100004594000 -0.222749993 -0.194651810 -0.385667198 -0.039524241
104595 4595.000000 17758100004595000 -0.223124996 -0.194966904 -0.379788426 -0.007784451
104596 4596.000000 17758100004596000 -0.223499998 -0.195362851 -0.376608486 0.001911747
104597 4597.000000 17758100004597000 -0.223875001 -0.195657387 -0.385952698 -0.040344619
104598 4598.000000 17758100004598000 -0.224250004 -0.195869526 -0.376994540 -0.009745267
104599 4599.000000 17758100004599000 -0.224625006 -0.196195548 -0.381111746 -0.003799931
104600 4600.000000 17758100004600000 -0.224999994 -0.197011104 -0.378342560 -0.033196374
104601 4601.000000 17758100004601000 -0.225374997 -0.196709346 -0.375691608 0.001285234
104602 4602.000000 17758100004602000 -0.225749999 -0.197499863 -0.376309812 -0.028402551
104603 4603.000000 17758100004603000 -0.226125002 -0.197889859 -0.381967299 0.007246885
104604 4604.000000 17758100004604000 -0.226500005 -0.198188083 -0.375450392 0.000952693
104605 4605.000000 17758100004605000 -0.226875007 -0.198221792 -0.378553111 -0.045478942
104606 4606.000000 17758100004606000 -0.227249995 -0.199045696 -0.373960597 -0.012675187
104607 4607.000000 17758100004607000 -0.227624997 -0.199305575 -0.381214192 -0.044640248
104608 4608.000000 17758100004608000 -0.228000000 -0.199940352 -0.381527481 0.006106198
104609 4609.000000 17758100004609000 -0.228375003 -0.200348940 -0.371823072 -0.008503465
104610 4610.000000 17758100004610000 -0.228750005 -0.200414032 -0.382062738 -0.041787327
104611 4611.000000 17758100004611000 -0.229124993 -0.200947020 -0.379247651 -0.022973913
104612 4612.000000 17758100004612000 -0.229499996 -0.201301310 -0.387026975 -0.009527354
104613 4613.000000 17758100004613000 -0.229874998 -0.201302061 -0.371187254 0.026694226
104614 4614.000000 17758100004614000 -0.230250001 -0.202414036 -0.384054419 0.039814647
104615 4615.000000 17758100004615000 -0.230625004 -0.202454795 -0.374452828 -0.022220659
104616 4616.000000 17758100004616000 -0.231000006 -0.202561953 -0.370190750 -0.002809204
104617 4617.000000 17758100004617000 -0.231374994 -0.202989870 -0.380433323 0.024269290
104618 4618.000000 17758100004618000 -0.231749997 -0.203406119 -0.367464048 -0.018745070
104619 4619.000000 17758100004619000 -0.232124999 -0.203630953 -0.377825266 -0.038034749
104620 4620.000000 17758100004620000 -0.232500002 -0.204316792 -0.381869514 0.002505856
104621 4621.000000 17758100004621000 -0.232875004 -0.204849178 -0.370365773 -0.041337913
104622 4622.000000 17758100004622000 -0.233250007 -0.204832561 -0.367827533 0.034055174
104623 4623.000000 17758100004623000 -0.233624995 -0.205793250 -0.381068957 0.004130851
104624 4624.000000 17758100004624000 -0.233999997 -0.205552835 -0.384847076 0.005780776
104625 4625.000000 17758100004625000 -0.234375000 -0.206053214 -0.378866007 -0.033136530
104626 4626.000000 17758100004626000 -0.234750003 -0.206139052 -0.373355070 0.025223055
104627 4627.000000 17758100004627000 -0.235125005 -0.206966602 -0.378888783 -0.030158499
104628 4628.000000 17758100004628000 -0.235499993 -0.207493232 -0.380323348 -0.038565897
104629 4629.000000 17758100004629000 -0.235874996 -0.207565485 -0.375903889 0.002524493
104630 4630.000000 17758100004630000 -0.236249998 -0.207814164 -0.387189143 0.019097584
104631 4631.000000 17758100004631000 -0.236625001 -0.208180367 -0.364722104 -0.020381854
104632 4632.000000 17758100004632000 -0.237000003 -0.208439370 -0.380735365 -0.008978297
104633 4633.000000 17758100004633000 -0.237375006 -0.209219966 -0.377934294 -0.052948194
104634 4634.000000 17758100004634000 -0.237749994 -0.209592555 -0.376241438 -0.023929325
104635 4635.000000 17758100004635000 -0.238124996 -0.209489812 -0.374015304 -0.003255875
104636 4636.000000 17758100004636000 -0.238499999 -0.210447734 -0.370022883 -0.015665997
104637 4637.000000 17758100004637000 -0.238875002 -0.210060192 -0.373062316 -0.013075113
104638 4638.000000 17758100004638000 -0.239250004 -0.211001183 -0.377591836 -0.024796881
104639 4639.000000 17758100004639000 -0.239625007 -0.211296487 -0.383386475 -0.019813788
104640 4640.000000 17758100004640000 -0.239999995 -0.211813012 -0.383700286 -0.024432440
104641 4641.000000 17758100004641000 -0.240374997 -0.212599725 -0.380854818 0.025404068
104642 4642.000000 17758100004642000 -0.240750000 -0.212924277 -0.368684741 -0.024578738
104643 4643.000000 17758100004643000 -0.241125003 -0.212951802 -0.374864506 -0.018456494
104644 4644.000000 17758100004644000 -0.241500005 -0.213224787 -0.375705674 0.015359746
104645 4645.000000 17758100004645000 -0.241874993 -0.213547239 -0.373463040 0.005437914
104646 4646.000000 17758100004646000 -0.242249995 -0.214401755 -0.369719564 0.014325490
104647 4647.000000 17758100004647000 -0.242624998 -0.214335790 -0.375695958 0.014919762
104648 4648.000000 17758100004648000 -0.243000001 -0.214540308 -0.375508106 -0.014559927
104649 4649.000000 17758100004649000 -0.243375003 -0.215274209 -0.383914672 0.006535575
104650 4650.000000 17758100004650000 -0.243750006 -0.215501297 -0.385479063 -0.020713714
104651 4651.000000 17758100004651000 -0.244124994 -0.216386619 -0.372091420 0.004911583
104652 4652.000000 17758100004652000 -0.244499996 -0.216344223 -0.378533580 -0.004353178
104653 4653.000000 17758100004653000 -0.244874999 -0.216544282 -0.387358670 0.009866057
104654 4654.000000 17758100004654000 -0.245250002 -0.217058210 -0.377379091 -0.000230831
104655 4655.000000 17758100004655000 -0.245625004 -0.217778765 -0.379405588 -0.006979711
104656 4656.000000 17758100004656000 -0.246000007 -0.217902754 -0.375296190 -0.027287846
104657 4657.000000 17758100004657000 -0.246374995 -0.218157437 -0.380605310 -0.025882482
104658 4658.000000 17758100004658000 -0.246749997 -0.218639419 -0.377650534 -0.031444931
104659 4659.000000 17758100004659000 -0.247125000 -0.219140629 -0.369478075 0.016713999
104660 4660.000000 17758100004660000 -0.247500002 -0.219215732 -0.377243337 -0.008556411
104661 4661.000000 17758100004661000 -0.247875005 -0.220150063 -0.372474502 0.019062265
104662 4662.000000 17758100004662000 -0.248249993 -0.220482056 -0.377465158 0.020067645
104663 4663.000000 17758100004663000 -0.248624995 -0.220198643 -0.373794743 0.007557313
104664 4664.000000 17758100004664000 -0.248999998 -0.221421894 -0.375818876 0.027213356
104665 4665.000000 17758100004665000 -0.249375001 -0.221275762 -0.383134052 0.009386507
104666 4666.000000 17758100004666000 -0.249750003 -0.221511612 -0.385274791 -0.004036090
104667 4667.000000 17758100004667000 -0.250124991 -0.222232552 -0.381515676 0.012985859
104668 4668.000000 17758100004668000 -0.250499994 -0.222148662 -0.378149980 -0.000550908
104669 4669.000000 17758100004669000 -0.250874996 -0.223082308 -0.375848176 0.001701267
104670 4670.000000 17758100004670000 -0.251249999 -0.223059727 -0.379131929 -0.004606115
104671 4671.000000 17758100004671000 -0.251625001 -0.223390458 -0.373615691 -0.030670260
104672 4672.000000 17758100004672000 -0.252000004 -0.223703057 -0.373730920 -0.042054739
104673 4673.000000 17758100004673000 -0.252375007 -0.224282298 -0.379666472 0.027314787
104674 4674.000000 17758100004674000 -0.252750009 -0.224513187 -0.374414630 0.005790821
104675 4675.000000 17758100004675000 -0.253125012 -0.225064305 -0.370758285 -0.008483565
104676 4676.000000 17758100004676000 -0.253500015 -0.225411162 -0.372761664 -0.034117821
104677 4677.000000 17758100004677000 -0.253874987 -0.225491442 -0.375335274 0.009562627
104678 4678.000000 17758100004678000 -0.254249990 -0.226359104 -0.384482305 -0.025941597
104679 4679.000000 17758100004679000 -0.254624993 -0.226489635 -0.374815142 -0.025196075
104680 4680.000000 17758100004680000 -0.254999995 -0.226931144 -0.379724206 -0.021693720
104681 4681.000000 17758100004681000 -0.255374998 -0.227573548 -0.383848446 0.009256183
104682 4682.000000 17758100004682000 -0.255750000 -0.227552812 -0.380397790 -0.028616619
104683 4683.000000 17758100004683000 -0.256125003 -0.227811166 -0.381193158 0.008166258
104684 4684.000000 17758100004684000 -0.256500006 -0.228350557 -0.372379501 0.005134329
104685 4685.000000 17758100004685000 -0.256875008 -0.228919896 -0.380298245 -0.022926293
104686 4686.000000 17758100004686000 -0.257250011 -0.229483811 -0.377984917 -0.007358781
104687 4687.000000 17758100004687000 -0.257625014 -0.229354683 -0.380450439 -0.021905487
104688 4688.000000 17758100004688000 -0.257999986 -0.229606803 -0.382872064 0.002945627
104689 4689.000000 17758100004689000 -0.258374989 -0.230425912 -0.374769374 -0.015479953
104690 4690.000000 17758100004690000 -0.258749992 -0.230747791 -0.383131022 -0.013501552
104691 4691.000000 17758100004691000 -0.259124994 -0.231235811 -0.380085481 -0.049422275
104692 4692.000000 17758100004692000 -0.259499997 -0.231440975 -0.373851186 -0.015034487
104693 4693.000000 17758100004693000 -0.259875000 -0.231425356 -0.376324516 -0.074031518
104694 4694.000000 17758100004694000 -0.260250002 -0.231953787 -0.377573720 0.010463637
104695 4695.000000 17758100004695000 -0.260625005 -0.232369983 -0.380663358 0.008297378
104696 4696.000000 17758100004696000 -0.261000007 -0.232735626 -0.392131492 -0.022425549
104697 4697.000000 17758100004697000 -0.261375010 -0.233192285 -0.374489002 -0.020547519
104698 4698.000000 17758100004698000 -0.261750013 -0.233880106 -0.378623711 0.016470294
104699 4699.000000 17758100004699000 -0.262124985 -0.234157227 -0.371602042 0.006107657
104700 4700.000000 17758100004700000 -0.262499988 -0.234649794 -0.379697844 0.010025059
104701 4701.000000 17758100004701000 -0.262874991 -0.234723744 -0.389737552 -0.005462179
104702 4702.000000 17758100004702000 -0.263249993 -0.235243903 -0.378305610 0.003675716
104703 4703.000000 17758100004703000 -0.263624996 -0.235511532 -0.371114051 0.004157012
104704 4704.000000 17758100004704000 -0.263999999 -0.236047249 -0.389046820 -0.040596783
104705 4705.000000 17758100004705000 -0.264375001 -0.236435245 -0.381463315 -0.006483026
104706 4706.000000 17758100004706000 -0.264750004 -0.236691207 -0.370024574 -0.020048702
104707 4707.000000 17758100004707000 -0.265125006 -0.237081443 -0.375502111 0.015297636
104708 4708.000000 17758100004708000 -0.265500009 -0.237439535 -0.379739820 0.006556896
104709 4709.000000 17758100004709000 -0.265875012 -0.237809808 -0.383403594 -0.006160515
104710 4710.000000 17758100004710000 -0.266250014 -0.238280476 -0.375374534 -0.014567718
104711 4711.000000 17758100004711000 -0.266624987 -0.238302919 -0.390063493 -0.015042507
104712 4712.000000 17758100004712000 -0.266999990 -0.238623385 -0.385392776 -0.017169046
104713 4713.000000 17758100004713000 -0.267374992 -0.239291030 -0.374773147 -0.003666215
104714 4714.000000 17758100004714000 -0.267749995 -0.239629756 -0.379693677 -0.005154438
104715 4715.000000 17758100004715000 -0.268124998 -0.240160523 -0.369349894 -0.017348331
104716 4716.000000 17758100004716000 -0.268500000 -0.240377835 -0.382209179 0.011553586
104717 4717.000000 17758100004717000 -0.268875003 -0.241032030 -0.380546943 0.003475701
104718 4718.000000 17758100004718000 -0.269250005 -0.241371848 -0.371806336 0.017038474
104719 4719.000000 17758100004719000 -0.269625008 -0.241706687 -0.370587755 -0.010565087
104720 4720.000000 17758100004720000 -0.270000011 -0.242374257 -0.380057739 0.013427159
104721 4721.000000 17758100004721000 -0.270375013 -0.242275112 -0.379501446 -0.017934995
104722 4722.000000 17758100004722000 -0.270749986 -0.243048800 -0.378273609 -0.022790771
104723 4723.000000 17758100004723000 -0.271124989 -0.243284238 -0.373205221 0.014010687
104724 4724.000000 17758100004724000 -0.271499991 -0.243630511 -0.383217952 -0.016526991
104725 4725.000000 17758100004725000 -0.271874994 -0.243818266 -0.380433654 -0.028746473
104726 4726.000000 17758100004726000 -0.272249997 -0.244122448 -0.380806517 0.009302180
104727 4727.000000 17758100004727000 -0.272624999 -0.244531084 -0.378580714 0.002710207
104728 4728.000000 17758100004728000 -0.273000002 -0.245016644 -0.379841787 0.019746442
104729 4729.000000 17758100004729000 -0.273375005 -0.245623852 -0.377882902 0.012740672
104730 4730.000000 17758100004730000 -0.273750007 -0.245604542 -0.387757305 -0.012060395
104731 4731.000000 17758100004731000 -0.274125010 -0.245992159 -0.376495423 -0.028614311
104732 4732.000000 17758100004732000 -0.274500012 -0.246943546 -0.377546759 -0.010410610
104733 4733.000000 17758100004733000 -0.274874985 -0.246600840 -0.381565296 0.002077725
104734 4734.000000 17758100004734000 -0.275249988 -0.246905584 -0.373851673 -0.032545083
104735 4735.000000 17758100004735000 -0.275624990 -0.247849009 -0.379160685 -0.009849492
104736 4736.000000 17758100004736000 -0.275999993 -0.248095434 -0.380633870 -0.000262029
104737 4737.000000 17758100004737000 -0.276374996 -0.248349745 -0.369308676 0.006348884
104738 4738.000000 17758100004738000 -0.276749998 -0.248525360 -0.373229377 -0.017707508
104739 4739.000000 17758100004739000 -0.277125001 -0.249200062 -0.381820270 0.014051958
104740 4740.000000 17758100004740000 -0.277500004 -0.249292170 -0.377583697 -0.007747039
104741 4741.000000 17758100004741000 -0.277875006 -0.249683785 -0.380748750 -0.013709956
104742 4742.000000 17758100004742000 -0.278250009 -0.250026915 -0.375290325 -0.040867160
104743 4743.000000 17758100004743000 -0.278625011 -0.250205548 -0.381489492 -0.006789559
104744 4744.000000 17758100004744000 -0.279000014 -0.251152862 -0.372157989 -0.016356048
104745 4745.000000 17758100004745000 -0.279374987 -0.251642892 -0.373432080 0.017144797
104746 4746.000000 17758100004746000 -0.279749990 -0.251912262 -0.370002537 -0.030490461
104747 4747.000000 17758100004747000 -0.280124992 -0.252093745 -0.382662604 0.012801430
104748 4748.000000 17758100004748000 -0.280499995 -0.252568760 -0.373463550 0.017489729
104749 4749.000000 17758100004749000 -0.280874997 -0.252707879 -0.372414084 -0.022955411
104750 4750.000000 17758100004750000 -0.281250000 -0.253423536 -0.372566736 0.010633640
104751 4751.000000 17758100004751000 -0.281625003 -0.253718752 -0.377143404 -0.009149226
104752 4752.000000 17758100004752000 -0.282000005 -0.254313084 -0.382703856 -0.038020032
104753 4753.000000 17758100004753000 -0.282375008 -0.254508881 -0.375630224 0.014032395
104754 4754.000000 17758100004754000 -0.282750010 -0.254754175 -0.377354936 -0.009807396
104755 4755.000000 17758100004755000 -0.283125013 -0.255258342 -0.387990984 0.005601903
104756 4756.000000 17758100004756000 -0.283499986 -0.255845244 -0.375608400 0.018963234
104757 4757.000000 17758100004757000 -0.283874989 -0.255907231 -0.384132810 -0.031954181
104758 4758.000000 17758100004758000 -0.284249991 -0.256401161 -0.376230498 -0.001116673
104759 4759.000000 17758100004759000 -0.284624994 -0.257007700 -0.377397681 -0.017342987
104760 4760.000000 17758100004760000 -0.284999996 -0.257259538 -0.382061516 0.044956430
104761 4761.000000 17758100004761000 -0.285374999 -0.257615467 -0.381567592 -0.002992329
104762 4762.000000 17758100004762000 -0.285750002 -0.258313699 -0.377222144 0.001259246
104763 4763.000000 17758100004763000 -0.286125004 -0.258526161 -0.369636124 -0.039504927
104764 4764.000000 17758100004764000 -0.286500007 -0.258729418 -0.393870200 -0.006297328
104765 4765.000000 17758100004765000 -0.286875010 -0.259066613 -0.375543814 0.015452185
104766 4766.000000 17758100004766000 -0.287250012 -0.259892512 -0.381613268 0.012198900
104767 4767.000000 17758100004767000 -0.287625015 -0.259920644 -0.371447488 -0.001321092
104768 4768.000000 17758100004768000 -0.287999988 -0.260206215 -0.378561223 0.018517057
104769 4769.000000 17758100004769000 -0.288374990 -0.260533056 -0.384543936 -0.016719830
104770 4770.000000 17758100004770000 -0.288749993 -0.260721704 -0.382104207 0.008316738
104771 4771.000000 17758100004771000 -0.289124995 -0.261148205 -0.379991775 0.030510709
104772 4772.000000 17758100004772000 -0.289499998 -0.261740794 -0.374555013 0.004784732
104773 4773.000000 17758100004773000 -0.289875001 -0.262297389 -0.382204942 0.000096829
104774 4774.000000 17758100004774000 -0.290250003 -0.262520850 -0.381187909 -0.007425486
104775 4775.000000 17758100004775000 -0.290625006 -0.262991049 -0.379940002 -0.014856298
104776 4776.000000 17758100004776000 -0.291000009 -0.262977729 -0.376975001 -0.048773676
104777 4777.000000 17758100004777000 -0.291375011 -0.263502693 -0.386672576 0.007399173
104778 4778.000000 17758100004778000 -0.291750014 -0.264024841 -0.374569375 -0.035869889
104779 4779.000000 17758100004779000 -0.292124987 -0.264599748 -0.378787038 0.051733524
104780 4780.000000 17758100004780000 -0.292499989 -0.264749003 -0.380033217 -0.032616409
104781 4781.000000 17758100004781000 -0.292874992 -0.265140682 -0.371816789 -0.001871355
104782 4782.000000 17758100004782000 -0.293249995 -0.265143513 -0.378021424 -0.045960299
104783 4783.000000 17758100004783000 -0.293624997 -0.265663413 -0.372812477 -0.019015735
104784 4784.000000 17758100004784000 -0.294000000 -0.266139624 -0.379044077 -0.046927730
104785 4785.000000 17758100004785000 -0.294375002 -0.266383713 -0.382092941 0.003164863
104786 4786.000000 17758100004786000 -0.294750005 -0.267105419 -0.385089265 -0.001845729
104787 4787.000000 17758100004787000 -0.295125008 -0.267488614 -0.371565017 0.003417829
104788 4788.000000 17758100004788000 -0.295500010 -0.267859162 -0.371371546 -0.013637285
104789 4789.000000 17758100004789000 -0.295875013 -0.268060847 -0.379946079 0.031320207
104790 4790.000000 17758100004790000 -0.296249986 -0.268977089 -0.378938451 0.010842974
104791 4791.000000 17758100004791000 -0.296624988 -0.268938120 -0.373446640 -0.009396874
104792 4792.000000 17758100004792000 -0.296999991 -0.269524494 -0.379410795 -0.037039156
104793 4793.000000 17758100004793000 -0.297374994 -0.269843390 -0.375844271 0.015504273
104794 4794.000000 17758100004794000 -0.297749996 -0.270104144 -0.381042898 -0.042749700
104795 4795.000000 17758100004795000 -0.298124999 -0.270565404 -0.381210032 -0.000546740
104796 4796.000000 17758100004796000 -0.298500001 -0.270539387 -0.375753474 -0.007449674
104797 4797.000000 17758100004797000 -0.298875004 -0.271236187 -0.388781007 -0.015956068
104798 4798.000000 17758100004798000 -0.299250007 -0.271667565 -0.377167141 0.000021799
104799 4799.000000 17758100004799000 -0.299625009 -0.271438697 -0.379410977 -0.022466536
104800 4800.000000 17758100004800000 -0.300000012 -0.272019567 -0.385793380 0.016116696
104801 4801.000000 17758100004801000 -0.300375015 -0.272973584 -0.377271166 0.008560753
104802 4802.000000 17758100004802000 -0.300749987 -0.273055290 -0.378664652 0.015496891
104803 4803.000000 17758100004803000 -0.301124990 -0.273142016 -0.382173622 0.022665514
104804 4804.000000 17758100004804000 -0.301499993 -0.273745840 -0.383270271 -0.008408367
104805 4805.000000 17758100004805000 -0.301874995 -0.274215420 -0.370311019 0.041784840
104806 4806.000000 17758100004806000 -0.302249998 -0.274363404 -0.386755898 -0.062478951
104807 4807.000000 17758100004807000 -0.302625000 -0.274938402 -0.376222984 0.019596621
104808 4808.000000 17758100004808000 -0.303000003 -0.275340148 -0.386151084 -0.010803047
104809 4809.000000 17758100004809000 -0.303375006 -0.275900740 -0.371875667 0.015074006
104810 4810.000000 17758100004810000 -0.303750008 -0.276012434 -0.375801261 0.016582580
104811 4811.000000 17758100004811000 -0.304125011 -0.276649130 -0.378944682 -0.064485426
104812 4812.000000 17758100004812000 -0.304500014 -0.276531544 -0.370866121 -0.002823230
104813 4813.000000 17758100004813000 -0.304874986 -0.277158884 -0.378488915 -0.030099009
104814 4814.000000 17758100004814000 -0.305249989 -0.278028846 -0.371871138 0.016956494
104815 4815.000000 17758100004815000 -0.305624992 -0.277963636 -0.381339326 -0.005213865
104816 4816.000000 17758100004816000 -0.305999994 -0.277648377 -0.373765963 0.026646040
104817 4817.000000 17758100004817000 -0.306374997 -0.278648061 -0.379099012 0.003042386
104818 4818.000000 17758100004818000 -0.306750000 -0.279436107 -0.373855583 -0.039994698
104819 4819.000000 17758100004819000 -0.307125002 -0.279579801 -0.376554971 -0.031334656
104820 4820.000000 17758100004820000 -0.307500005 -0.280133945 -0.373742535 -0.029864195
104821 4821.000000 17758100004821000 -0.307875007 -0.280234747 -0.374633786 -0.003857194
104822 4822.000000 17758100004822000 -0.308250010 -0.280667894 -0.382910925 0.019762519
104823 4823.000000 17758100004823000 -0.308625013 -0.281157223 -0.371708406 0.009213134
104824 4824.000000 17758100004824000 -0.308999985 -0.280994759 -0.378538863 0.008356786
104825 4825.000000 17758100004825000 -0.309374988 -0.281682234 -0.376674403 0.000961747
104826 4826.000000 17758100004826000 -0.309749991 -0.282553160 -0.382157488 0.004662712
104827 4827.000000 17758100004827000 -0.310124993 -0.282427775 -0.384361177 0.019727386
104828 4828.000000 17758100004828000 -0.310499996 -0.282755479 -0.378486042 -0.031853832
104829 4829.000000 17758100004829000 -0.310874999 -0.283120020 -0.373285690 0.006326987
104830 4830.000000 17758100004830000 -0.311250001 -0.283452912 -0.379116776 -0.058726740
104831 4831.000000 17758100004831000 -0.311625004 -0.284323217 -0.384338625 -0.002760519
104832 4832.000000 17758100004832000 -0.312000006 -0.284593320 -0.376758875 -0.008172875
104833 4833.000000 17758100004833000 -0.312375009 -0.284921972 -0.377797860 0.002865888
104834 4834.000000 17758100004834000 -0.312750012 -0.284969016 -0.379264096 0.018603100
104835 4835.000000 17758100004835000 -0.313125014 -0.285213536 -0.381775928 0.007581984
104836 4836.000000 17758100004836000 -0.313499987 -0.285742834 -0.374662555 0.001064489
104837 4837.000000 17758100004837000 -0.313874990 -0.286381980 -0.375913508 -0.005287816
104838 4838.000000 17758100004838000 -0.314249992 -0.286672807 -0.382607888 0.015519902
104839 4839.000000 17758100004839000 -0.314624995 -0.286940624 -0.381158582 -0.019698953
104840 4840.000000 17758100004840000 -0.314999998 -0.287475775 -0.378505083 0.006230943
104841 4841.000000 17758100004841000 -0.315375000 -0.288184176 -0.376122935 0.010752469
104842 4842.000000 17758100004842000 -0.315750003 -0.287824301 -0.378284678 -0.001637273
104843 4843.000000 17758100004843000 -0.316125005 -0.288631368 -0.386457582 -0.015705420
104844 4844.000000 17758100004844000 -0.316500008 -0.288852022 -0.374123565 0.014093556
104845 4845.000000 17758100004845000 -0.316875011 -0.289218570 -0.379913522 -0.027347988
104846 4846.000000 17758100004846000 -0.317250013 -0.290109499 -0.382144486 0.027647632
104847 4847.000000 17758100004847000 -0.317624986 -0.290169673 -0.381387457 -0.037985375
104848 4848.000000 17758100004848000 -0.317999989 -0.290566562 -0.384026722 -0.010757884
104849 4849.000000 17758100004849000 -0.318374991 -0.290828624 -0.382783545 0.014636434
104850 4850.000000 17758100004850000 -0.318749994 -0.291096909 -0.380593646 0.006177192
104851 4851.000000 17758100004851000 -0.319124997 -0.291407609 -0.373496139 -0.010883440
104852 4852.000000 17758100004852000 -0.319499999 -0.291772659 -0.376190818 -0.020558754
104853 4853.000000 17758100004853000 -0.319875002 -0.292462313 -0.375732213 -0.004552376
104854 4854.000000 17758100004854000 -0.320250005 -0.292594270 -0.373393570 -0.035002206
104855 4855.000000 17758100004855000 -0.320625007 -0.293072899 -0.370351394 -0.041752617
104856 4856.000000 17758100004856000 -0.321000010 -0.293517504 -0.376416232 -0.019766902
104857 4857.000000 17758100004857000 -0.321375012 -0.293723931 -0.374316322 -0.043048995
104858 4858.000000 17758100004858000 -0.321749985 -0.294295498 -0.386289823 0.004634422
104859 4859.000000 17758100004859000 -0.322124988 -0.294653248 -0.379346771 -0.000396460
104860 4860.000000 17758100004860000 -0.322499990 -0.294898369 -0.379715301 -0.004447708
104861 4861.000000 17758100004861000 -0.322874993 -0.295445106 -0.377772955 0.014743317
104862 4862.000000 17758100004862000 -0.323249996 -0.295748175 -0.389368906 -0.032006220
104863 4863.000000 17758100004863000 -0.323624998 -0.296184775 -0.387040216 0.006798994
104864 4864.000000 17758100004864000 -0.324000001 -0.296436560 -0.372383484 -0.013111520
104865 4865.000000 17758100004865000 -0.324375004 -0.296655322 -0.379516554 -0.011538787
104866 4866.000000 17758100004866000 -0.324750006 -0.297354117 -0.383881250 -0.047570101
104867 4867.000000 17758100004867000 -0.325125009 -0.297515243 -0.374142497 -0.020766549
104868 4868.000000 17758100004868000 -0.325500011 -0.298033623 -0.387379788 -0.009636018
104869 4869.000000 17758100004869000 -0.325875014 -0.298298579 -0.377778684 -0.052357772
104870 4870.000000 17758100004870000 -0.326249987 -0.298429657 -0.384648238 -0.012010423
104871 4871.000000 17758100004871000 -0.326624990 -0.299627207 -0.375109650 -0.004555661
104872 4872.000000 17758100004872000 -0.326999992 -0.299422432 -0.373066562 -0.041130479
104873 4873.000000 17758100004873000 -0.327374995 -0.299816608 -0.371173742 0.009839857
104874 4874.000000 17758100004874000 -0.327749997 -0.300010552 -0.386476949 -0.032591502
104875 4875.000000 17758100004875000 -0.328125000 -0.300874961 -0.373762059 0.002421826
104876 4876.000000 17758100004876000 -0.328500003 -0.300803950 -0.379303100 0.010910305
104877 4877.000000 17758100004877000 -0.328875005 -0.301105825 -0.373850721 0.012084008
104878 4878.000000 17758100004878000 -0.329250008 -0.302015942 -0.374964157 -0.034997330
104879 4879.000000 17758100004879000 -0.329625010 -0.302172964 -0.365881604 -0.019720694
104880 4880.000000 17758100004880000 -0.330000013 -0.302740225 -0.375033567 -0.001980619
104881 4881.000000 17758100004881000 -0.330374986 -0.302947295 -0.376424851 0.013925643
104882 4882.000000 17758100004882000 -0.330749989 -0.303089594 -0.389281086 -0.002341118
104883 4883.000000 17758100004883000 -0.331124991 -0.303881760 -0.381835555 0.007993741
104884 4884.000000 17758100004884000 -0.331499994 -0.303712954 -0.378966322 0.002538516
104885 4885.000000 17758100004885000 -0.331874996 -0.304499371 -0.388020291 -0.009554728
104886 4886.000000 17758100004886000 -0.332249999 -0.304906554 -0.376704011 -0.006866985
104887 4887.000000 17758100004887000 -0.332625002 -0.305121681 -0.383946301 -0.032192451
104888 4888.000000 17758100004888000 -0.333000004 -0.305574604 -0.372383712 0.002163337
104889 4889.000000 17758100004889000 -0.333375007 -0.305966499 -0.371879210 0.023883836
104890 4890.000000 17758100004890000 -0.333750010 -0.306032496 -0.377929057 -0.001242690
104891 4891.000000 17758100004891000 -0.334125012 -0.307021936 -0.378049647 -0.011066173
104892 4892.000000 17758100004892000 -0.334500015 -0.306847520 -0.385071327 -0.048453366
104893 4893.000000 17758100004893000 -0.334874988 -0.307525445 -0.378349048 0.033841343
104894 4894.000000 17758100004894000 -0.335249990 -0.307914557 -0.384315228 -0.015480175
104895 4895.000000 17758100004895000 -0.335624993 -0.308076163 -0.379734713 -0.006356186
104896 4896.000000 17758100004896000 -0.335999995 -0.308514730 -0.378268053 0.020849816
104897 4897.000000 17758100004897000 -0.336374998 -0.308955868 -0.387047887 -0.040510055
104898 4898.000000 17758100004898000 -0.336750001 -0.309429883 -0.375096500 0.002528569
104899 4899.000000 17758100004899000 -0.337125003 -0.309719666 -0.381343582 -0.004259105
104900 4900.000000 17758100004900000 -0.337500006 -0.310002727 -0.380014702 -0.027758628
104901 4901.000000 17758100004901000 -0.337875009 -0.310360993 -0.376687314 -0.003986201
104902 4902.000000 17758100004902000 -0.338250011 -0.311029241 -0.377834226 -0.001686734
104903 4903.000000 17758100004903000 -0.338625014 -0.311166026 -0.383998552 -0.029527010
104904 4904.000000 17758100004904000 -0.338999987 -0.311814798 -0.375707861 0.014646225
104905 4905.000000 17758100004905000 -0.339374989 -0.311587608 -0.375108345 0.008231868
104906 4906.000000 17758100004906000 -0.339749992 -0.312590102 -0.378432873 -0.004263345
104907 4907.000000 17758100004907000 -0.340124995 -0.312578047 -0.382710658 -0.008101448
104908 4908.000000 17758100004908000 -0.340499997 -0.313311574 -0.375260148 0.000385411
104909 4909.000000 17758100004909000 -0.340875000 -0.312983750 -0.380009692 -0.027187531
104910 4910.000000 17758100004910000 -0.341250002 -0.313925968 -0.372601188 -0.000546461
104911 4911.000000 17758100004911000 -0.341625005 -0.313994896 -0.376923440 -0.000999308
104912 4912.000000 17758100004912000 -0.342000008 -0.314581030 -0.379136146 0.002075752
104913 4913.000000 17758100004913000 -0.342375010 -0.315196745 -0.382708688 -0.013135934
104914 4914.000000 17758100004914000 -0.342750013 -0.315432783 -0.376995456 0.019141420
104915 4915.000000 17758100004915000 -0.343124986 -0.315951376 -0.376037001 -0.006303763
104916 4916.000000 17758100004916000 -0.343499988 -0.316161835 -0.375881426 -0.007332653
104917 4917.000000 17758100004917000 -0.343874991 -0.316455057 -0.367856114 0.002474021
104918 4918.000000 17758100004918000 -0.344249994 -0.316934750 -0.381428011 -0.005024680
104919 4919.000000 17758100004919000 -0.344624996 -0.317438900 -0.377547004 -0.032071357
104920 4920.000000 17758100004920000 -0.344999999 -0.317804375 -0.377613499 -0.034081127
104921 4921.000000 17758100004921000 -0.345375001 -0.317617992 -0.383663637 -0.003275965
104922 4922.000000 17758100004922000 -0.345750004 -0.318319977 -0.375666860 -0.005805115
104923 4923.000000 17758100004923000 -0.346125007 -0.318644552 -0.378877961 0.003136604
104924 4924.000000 17758100004924000 -0.346500009 -0.319013661 -0.373278967 0.041642476
104925 4925.000000 17758100004925000 -0.346875012 -0.319625376 -0.389221551 0.005308580
104926 4926.000000 17758100004926000 -0.347250015 -0.319992014 -0.380376144 -0.015961372
104927 4927.000000 17758100004927000 -0.347624987 -0.320066405 -0.376899605 -0.002796548
104928 4928.000000 17758100004928000 -0.347999990 -0.320604278 -0.371428701 -0.027135239
104929 4929.000000 17758100004929000 -0.348374993 -0.321436662 -0.371577884 0.012401936
104930 4930.000000 17758100004930000 -0.348749995 -0.321318557 -0.372483596 -0.006366029
104931 4931.000000 17758100004931000 -0.349124998 -0.321629032 -0.376948300 -0.011846955
104932 4932.000000 17758100004932000 -0.349500000 -0.322096174 -0.368225194 -0.008613476
104933 4933.000000 17758100004933000 -0.349875003 -0.322661951 -0.385722099 -0.008046888
104934 4934.000000 17758100004934000 -0.350250006 -0.322820547 -0.384187667 -0.000330548
104935 4935.000000 17758100004935000 -0.350625008 -0.322891175 -0.369022092 0.006972851
104936 4936.000000 17758100004936000 -0.351000011 -0.323440322 -0.371150793 -0.051271022
104937 4937.000000 17758100004937000 -0.351375014 -0.323803886 -0.379606739 -0.017642481
104938 4938.000000 17758100004938000 -0.351749986 -0.324816621 -0.373919080 -0.009751387
104939 4939.000000 17758100004939000 -0.352124989 -0.324757212 -0.363215133 0.012739800
104940 4940.000000 17758100004940000 -0.352499992 -0.325178864 -0.376680115 -0.024809304
104941 4941.000000 17758100004941000 -0.352874994 -0.325469986 -0.379959401 -0.015531508
104942 4942.000000 17758100004942000 -0.353249997 -0.325826781 -0.374533464 -0.017105089
104943 4943.000000 17758100004943000 -0.353625000 -0.326478730 -0.374883349 0.026717963
104944 4944.000000 17758100004944000 -0.354000002 -0.326487688 -0.375592348 -0.021473890
104945 4945.000000 17758100004945000 -0.354375005 -0.327209705 -0.376888695 -0.024936061
104946 4946.000000 17758100004946000 -0.354750007 -0.327322073 -0.383363105 -0.011838118
104947 4947.000000 17758100004947000 -0.355125010 -0.327800077 -0.384670138 -0.013409994
104948 4948.000000 17758100004948000 -0.355500013 -0.328242736 -0.382767262 -0.016754530
104949 4949.000000 17758100004949000 -0.355874985 -0.328791897 -0.379790993 -0.000289793
104950 4950.000000 17758100004950000 -0.356249988 -0.328901842 -0.371745662 -0.016382295
104951 4951.000000 17758100004951000 -0.356624991 -0.329338636 -0.381049986 0.006384322
104952 4952.000000 17758100004952000 -0.356999993 -0.329729368 -0.372824057 0.007589500
104953 4953.000000 17758100004953000 -0.357374996 -0.330185558 -0.373033057 -0.023755581
104954 4954.000000 17758100004954000 -0.357749999 -0.330844116 -0.374245950 0.001569329
104955 4955.000000 17758100004955000 -0.358125001 -0.330733960 -0.378808320 -0.011584907
104956 4956.000000 17758100004956000 -0.358500004 -0.330981989 -0.367986899 -0.033353908
104957 4957.000000 17758100004957000 -0.358875006 -0.331500596 -0.374606996 -0.015074389
104958 4958.000000 17758100004958000 -0.359250009 -0.331924791 -0.373516114 -0.005449127
104959 4959.000000 17758100004959000 -0.359625012 -0.332565287 -0.386041272 -0.039226891
104960 4960.000000 17758100004960000 -0.360000014 -0.332839535 -0.375330886 0.002049906
104961 4961.000000 17758100004961000 -0.360374987 -0.333119449 -0.373740890 -0.067869503
104962 4962.000000 17758100004962000 -0.360749990 -0.333564424 -0.393048163 0.004084850
104963 4963.000000 17758100004963000 -0.361124992 -0.334078611 -0.384356967 -0.008338364
104964 4964.000000 17758100004964000 -0.361499995 -0.334328273 -0.382012008 -0.000911929
104965 4965.000000 17758100004965000 -0.361874998 -0.334613135 -0.381588855 0.002239311
104966 4966.000000 17758100004966000 -0.362250000 -0.335393450 -0.377971397 -0.001486673
104967 4967.000000 17758100004967000 -0.362625003 -0.335531961 -0.382343261 0.008374749
104968 4968.000000 17758100004968000 -0.363000005 -0.335603643 -0.371492614 -0.020583821
104969 4969.000000 17758100004969000 -0.363375008 -0.336233451 -0.376103868 -0.002839803
104970 4970.000000 17758100004970000 -0.363750011 -0.336196398 -0.388099905 0.010700417
104971 4971.000000 17758100004971000 -0.364125013 -0.336765743 -0.375001974 -0.026979797
104972 4972.000000 17758100004972000 -0.364499986 -0.337065263 -0.378230619 -0.022250624
104973 4973.000000 17758100004973000 -0.364874989 -0.337547184 -0.381521705 -0.004858656
104974 4974.000000 17758100004974000 -0.365249991 -0.337593870 -0.379906952 -0.026535456
104975 4975.000000 17758100004975000 -0.365624994 -0.338440127 -0.376135188 -0.040845718
104976 4976.000000 17758100004976000 -0.365999997 -0.338723370 -0.372538366 -0.006091939
104977 4977.000000 17758100004977000 -0.366374999 -0.339006997 -0.382545411 -0.012801462
104978 4978.000000 17758100004978000 -0.366750002 -0.339782016 -0.383526314 -0.005014155
104979 4979.000000 17758100004979000 -0.367125005 -0.340253088 -0.381393823 0.004127474
104980 4980.000000 17758100004980000 -0.367500007 -0.340390647 -0.384613270 -0.031474060
104981 4981.000000 17758100004981000 -0.367875010 -0.340386003 -0.374944588 0.012206585
104982 4982.000000 17758100004982000 -0.368250012 -0.340774718 -0.376893300 -0.006883039
104983 4983.000000 17758100004983000 -0.368624985 -0.341505565 -0.385840330 0.022986385
104984 4984.000000 17758100004984000 -0.368999988 -0.341950653 -0.378585394 -0.041518448
104985 4985.000000 17758100004985000 -0.369374990 -0.342458352 -0.374242129 -0.010484909
104986 4986.000000 17758100004986000 -0.369749993 -0.342575346 -0.376894258 -0.021638586
104987 4987.000000 17758100004987000 -0.370124996 -0.342921666 -0.376334447 0.000400935
104988 4988.000000 17758100004988000 -0.370499998 -0.343276604 -0.379762975 -0.021985655
104989 4989.000000 17758100004989000 -0.370875001 -0.344107384 -0.372462280 -0.036967296
104990 4990.000000 17758100004990000 -0.371250004 -0.343945767 -0.374544740 0.000229655
104991 4991.000000 17758100004991000 -0.371625006 -0.344618037 -0.378614198 0.035637123
104992 4992.000000 17758100004992000 -0.372000009 -0.344845700 -0.378621885 0.003379089
104993 4993.000000 17758100004993000 -0.372375011 -0.345089777 -0.377052167 -0.028374769
104994 4994.000000 17758100004994000 -0.372750014 -0.345857830 -0.381810776 -0.023032838
104995 4995.000000 17758100004995000 -0.373124987 -0.345894982 -0.381823523 0.002690413
104996 4996.000000 17758100004996000 -0.373499990 -0.346341286 -0.385219248 0.000004514
104997 4997.000000 17758100004997000 -0.373874992 -0.346828177 -0.374140133 -0.020710695
104998 4998.000000 17758100004998000 -0.374249995 -0.346899202 -0.376361128 -0.014299063
104999 4999.000000 17758100004999000 -0.374624997 -0.347642891 -0.379523662 0.016000771
105000 5000.000000 17758100005000000 -0.375000000 -0.347758705 -0.367174272 -0.019733997
105001 5001.000000 17758100005001000 -0.375375003 -0.348712014 -0.385717765 -0.020061569
105002 5002.000000 17758100005002000 -0.375750005 -0.348362893 -0.375737828 0.004040252
105003 5003.000000 17758100005003000 -0.376125008 -0.349083763 -0.370364678 -0.012458196
105004 5004.000000 17758100005004000 -0.376500010 -0.349592163 -0.376346002 -0.001786864
105005 5005.000000 17758100005005000 -0.376875013 -0.349376698 -0.372168499 0.034537701
105006 5006.000000 17758100005006000 -0.377249986 -0.350113118 -0.377523664 -0.028016505
105007 5007.000000 17758100005007000 -0.377624989 -0.350415729 -0.374108187 0.003118798
105008 5008.000000 17758100005008000 -0.377999991 -0.350827379 -0.379826109 -0.006727755
105009 5009.000000 17758100005009000 -0.378374994 -0.351334534 -0.380482523 -0.012265509
105010 5010.000000 17758100005010000 -0.378749996 -0.351664199 -0.380175390 -0.034295631
105011 5011.000000 17758100005011000 -0.379124999 -0.351890279 -0.381322925 -0.006979695
105012 5012.000000 17758100005012000 -0.379500002 -0.352370748 -0.373704227 -0.028464085
105013 5013.000000 17758100005013000 -0.379875004 -0.352562464 -0.376608644 -0.029017826
105014 5014.000000 17758100005014000 -0.380250007 -0.352847341 -0.374048511 -0.003703047
105015 5015.000000 17758100005015000 -0.380625010 -0.353469401 -0.367616885 -0.036847282
105016 5016.000000 17758100005016000 -0.381000012 -0.354038083 -0.367238478 -0.022791827
105017 5017.000000 17758100005017000 -0.381375015 -0.354057720 -0.380274965 -0.023812266
105018 5018.000000 17758100005018000 -0.381749988 -0.354794071 -0.377313897 -0.011186861
105019 5019.000000 17758100005019000 -0.382124990 -0.355288488 -0.381238183 -0.034627302
105020 5020.000000 17758100005020000 -0.382499993 -0.355254008 -0.380193939 -0.004361161
105021 5021.000000 17758100005021000 -0.382874995 -0.355830916 -0.382873740 -0.036255511
105022 5022.000000 17758100005022000 -0.383249998 -0.355872294 -0.376179845 -0.026525390
105023 5023.000000 17758100005023000 -0.383625001 -0.356372093 -0.379203724 -0.014259088
105024 5024.000000 17758100005024000 -0.384000003 -0.357267635 -0.381019752 0.023210364
105025 5025.000000 17758100005025000 -0.384375006 -0.357494069 -0.382219147 -0.048079673
105026 5026.000000 17758100005026000 -0.384750009 -0.357725015 -0.378159267 -0.033493571
105027 5027.000000 17758100005027000 -0.385125011 -0.358039647 -0.374950273 -0.031201142
105028 5028.000000 17758100005028000 -0.385500014 -0.358206897 -0.371949550 -0.005591753
105029 5029.000000 17758100005029000 -0.385874987 -0.358843111 -0.375833840 0.016015006
105030 5030.000000 17758100005030000 -0.386249989 -0.359040582 -0.381865325 -0.015106475
105031 5031.000000 17758100005031000 -0.386624992 -0.359696656 -0.382348359 -0.038040958
105032 5032.000000 17758100005032000 -0.386999995 -0.359947525 -0.386343955 0.048147661
105033 5033.000000 17758100005033000 -0.387374997 -0.360306212 -0.371997526 -0.005958291
105034 5034.000000 17758100005034000 -0.387750000 -0.360721961 -0.374108153 -0.001542667
105035 5035.000000 17758100005035000 -0.388125002 -0.361652591 -0.375404577 -0.009688050
105036 5036.000000 17758100005036000 -0.388500005 -0.361498093 -0.372552919 -0.030539933
105037 5037.000000 17758100005037000 -0.388875008 -0.361862559 -0.378653531 0.003474235
105038 5038.000000 17758100005038000 -0.389250010 -0.362317218 -0.374343852 0.000763492
105039 5039.000000 17758100005039000 -0.389625013 -0.362500917 -0.385013985 -0.001410827
105040 5040.000000 17758100005040000 -0.389999986 -0.363120260 -0.373410810 -0.031518760
105041 5041.000000 17758100005041000 -0.390374988 -0.363488298 -0.375256165 -0.055771600
105042 5042.000000 17758100005042000 -0.390749991 -0.364233389 -0.377335149 -0.004071111
105043 5043.000000 17758100005043000 -0.391124994 -0.364250894 -0.390303603 0.016928715
105044 5044.000000 17758100005044000 -0.391499996 -0.364632721 -0.386377025 0.009297635
105045 5045.000000 17758100005045000 -0.391874999 -0.365055068 -0.382104250 -0.028682784
105046 5046.000000 17758100005046000 -0.392250001 -0.365061241 -0.373402454 -0.022556054
105047 5047.000000 17758100005047000 -0.392625004 -0.365836132 -0.381852395 0.001210071
105048 5048.000000 17758100005048000 -0.393000007 -0.365985205 -0.378168731 0.011086028
105049 5049.000000 17758100005049000 -0.393375009 -0.366196979 -0.380823042 -0.020191631
105050 5050.000000 17758100005050000 -0.393750012 -0.367200154 -0.383452756 -0.025990578
105051 5051.000000 17758100005051000 -0.394125015 -0.367210212 -0.387504502 -0.001258753
105052 5052.000000 17758100005052000 -0.394499987 -0.367518001 -0.370809708 -0.052623039
105053 5053.000000 17758100005053000 -0.394874990 -0.367928435 -0.378562258 -0.016518010
105054 5054.000000 17758100005054000 -0.395249993 -0.368047129 -0.371381981 -0.009985983
105055 5055.000000 17758100005055000 -0.395624995 -0.368608420 -0.375997763 -0.036210751
105056 5056.000000 17758100005056000 -0.395999998 -0.368987067 -0.374446308 0.004025754
105057 5057.000000 17758100005057000 -0.396375000 -0.369218271 -0.363643325 -0.020766587
105058 5058.000000 17758100005058000 -0.396750003 -0.369824705 -0.380906279 -0.000183966
105059 5059.000000 17758100005059000 -0.397125006 -0.369878510 -0.375408982 -0.046959232
105060 5060.000000 17758100005060000 -0.397500008 -0.370204124 -0.369287180 -0.030533075
105061 5061.000000 17758100005061000 -0.397875011 -0.370601719 -0.374597304 0.020676808
105062 5062.000000 17758100005062000 -0.398250014 -0.371368198 -0.381456313 -0.027665173
105063 5063.000000 17758100005063000 -0.398624986 -0.371425633 -0.381227737 -0.018863321
105064 5064.000000 17758100005064000 -0.398999989 -0.371978255 -0.377511467 0.005610740
105065 5065.000000 17758100005065000 -0.399374992 -0.372581883 -0.381622480 -0.037610820
105066 5066.000000 17758100005066000 -0.399749994 -0.372749016 -0.380664917 -0.026406278
105067 5067.000000 17758100005067000 -0.400124997 -0.372748707 -0.384807891 -0.047732548
105068 5068.000000 17758100005068000 -0.400500000 -0.373927012 -0.376540540 -0.010045595
105069 5069.000000 17758100005069000 -0.400875002 -0.373952320 -0.389342724 -0.026675481
105070 5070.000000 17758100005070000 -0.401250005 -0.374212252 -0.378086902 -0.043296758
105071 5071.000000 17758100005071000 -0.401625007 -0.374699538 -0.379330473 0.016454859
105072 5072.000000 17758100005072000 -0.402000010 -0.375139003 -0.370783382 -0.034413190
105073 5073.000000 17758100005073000 -0.402375013 -0.375795693 -0.379348674 -0.010095171
105074 5074.000000 17758100005074000 -0.402749985 -0.376025723 -0.384549019 0.010599751
105075 5075.000000 17758100005075000 -0.403124988 -0.375897755 -0.382710997 -0.032159648
105076 5076.000000 17758100005076000 -0.403499991 -0.376643127 -0.372641183 0.038358967
105077 5077.000000 17758100005077000 -0.403874993 -0.376645752 -0.380271513 -0.006003495
105078 5078.000000 17758100005078000 -0.404249996 -0.377293164 -0.368590314 -0.016575927
105079 5079.000000 17758100005079000 -0.404624999 -0.378038982 -0.376791402 -0.003585777
105080 5080.000000 17758100005080000 -0.405000001 -0.378032889 -0.386195378 -0.026685932
105081 5081.000000 17758100005081000 -0.405375004 -0.378370432 -0.378015812 0.012867453
105082 5082.000000 17758100005082000 -0.405750006 -0.378692065 -0.385730783 -0.018631398
105083 5083.000000 17758100005083000 -0.406125009 -0.378853313 -0.381911663 -0.018547929
105084 5084.000000 17758100005084000 -0.406500012 -0.379457379 -0.360003958 -0.018404074
105085 5085.000000 17758100005085000 -0.406875014 -0.379809716 -0.377856041 0.008419973
105086 5086.000000 17758100005086000 -0.407249987 -0.380406553 -0.381382229 0.015604176
105087 5087.000000 17758100005087000 -0.407624990 -0.380705216 -0.375520352 -0.039060006
105088 5088.000000 17758100005088000 -0.407999992 -0.381369221 -0.382245526 0.019777098
105089 5089.000000 17758100005089000 -0.408374995 -0.381472555 -0.385905282 -0.020382335
105090 5090.000000 17758100005090000 -0.408749998 -0.382132334 -0.380979368 -0.019414187
105091 5091.000000 17758100005091000 -0.409125000 -0.382202022 -0.377024452 0.016092046
105092 5092.000000 17758100005092000 -0.409500003 -0.382788810 -0.376614810 -0.003496786
105093 5093.000000 17758100005093000 -0.409875005 -0.382974667 -0.373413466 -0.002679750
105094 5094.000000 17758100005094000 -0.410250008 -0.383158326 -0.375045013 -0.007708713
105095 5095.000000 17758100005095000 -0.410625011 -0.383844802 -0.391602606 -0.033151152
105096 5096.000000 17758100005096000 -0.411000013 -0.383919162 -0.372330772 -0.008312352
105097 5097.000000 17758100005097000 -0.411374986 -0.384466683 -0.381844706 -0.064097171
105098 5098.000000 17758100005098000 -0.411749989 -0.384926321 -0.379500308 0.003061832
105099 5099.000000 17758100005099000 -0.412124991 -0.385473751 -0.384153851 -0.004825237
105100 5100.000000 17758100005100000 -0.412499994 -0.385938064 -0.380058753 -0.015834490
105101 5101.000000 17758100005101000 -0.412874997 -0.386201260 -0.381126070 -0.022106856
105102 5102.000000 17758100005102000 -0.413249999 -0.386537989 -0.377634693 -0.082975458
105103 5103.000000 17758100005103000 -0.413625002 -0.386843288 -0.377625182 -0.017437423
105104 5104.000000 17758100005104000 -0.414000005 -0.387153270 -0.376605958 -0.006130704
105105 5105.000000 17758100005105000 -0.414375007 -0.387486958 -0.381537933 -0.015821979
105106 5106.000000 17758100005106000 -0.414750010 -0.387977295 -0.376700284 0.012849366
105107 5107.000000 17758100005107000 -0.415125012 -0.388414685 -0.378351898 0.015930139
105108 5108.000000 17758100005108000 -0.415499985 -0.388431388 -0.376208516 0.024993601
105109 5109.000000 17758100005109000 -0.415874988 -0.388844094 -0.374079019 0.008616891
105110 5110.000000 17758100005110000 -0.416249990 -0.389818204 -0.378847871 -0.023071382
105111 5111.000000 17758100005111000 -0.416624993 -0.389552853 -0.388463525 -0.021476622
105112 5112.000000 17758100005112000 -0.416999996 -0.390131771 -0.384611120 -0.026007886
105113 5113.000000 17758100005113000 -0.417374998 -0.390362467 -0.374750217 -0.015478465
105114 5114.000000 17758100005114000 -0.417750001 -0.390937497 -0.369312130 -0.031631851
105115 5115.000000 17758100005115000 -0.418125004 -0.391203809 -0.389286104 -0.013450181
105116 5116.000000 17758100005116000 -0.418500006 -0.391490657 -0.377530148 -0.041307555
105117 5117.000000 17758100005117000 -0.418875009 -0.391858849 -0.375561952 0.008213637
105118 5118.000000 17758100005118000 -0.419250011 -0.392360656 -0.374437742 -0.013762892
105119 5119.000000 17758100005119000 -0.419625014 -0.392835076 -0.368997204 -0.019223967
105120 5120.000000 17758100005120000 -0.419999987 -0.393074683 -0.387774690 -0.050842701
105121 5121.000000 17758100005121000 -0.420374990 -0.393509896 -0.391062034 0.003257245
105122 5122.000000 17758100005122000 -0.420749992 -0.393990768 -0.380864970 0.023299913
105123 5123.000000 17758100005123000 -0.421124995 -0.394245532 -0.378203285 0.007399791
105124 5124.000000 17758100005124000 -0.421499997 -0.394907793 -0.379192606 -0.042927949
105125 5125.000000 17758100005125000 -0.421875000 -0.395098487 -0.383680359 -0.016424558
105126 5126.000000 17758100005126000 -0.422250003 -0.395348106 -0.379915188 -0.026157201
105127 5127.000000 17758100005127000 -0.422625005 -0.395809537 -0.384627345 -0.041268288
105128 5128.000000 17758100005128000 -0.423000008 -0.396283323 -0.371604488 -0.052246280
105129 5129.000000 17758100005129000 -0.423375010 -0.396780852 -0.373622843 -0.003817803
105130 5130.000000 17758100005130000 -0.423750013 -0.396793189 -0.376351236 -0.037404895
105131 5131.000000 17758100005131000 -0.424124986 -0.397541464 -0.373022980 -0.018294207
105132 5132.000000 17758100005132000 -0.424499989 -0.397915307 -0.368098800 -0.001528264
105133 5133.000000 17758100005133000 -0.424874991 -0.397696197 -0.373491428 0.036722840
105134 5134.000000 17758100005134000 -0.425249994 -0.398445651 -0.374131107 0.009453598
105135 5135.000000 17758100005135000 -0.425624996 -0.398893267 -0.378102789 -0.013537251
105136 5136.000000 17758100005136000 -0.425999999 -0.399222445 -0.379559902 0.014579329
105137 5137.000000 17758100005137000 -0.426375002 -0.399573434 -0.387808585 -0.046928011
105138 5138.000000 17758100005138000 -0.426750004 -0.400136607 -0.376283542 -0.024085644
105139 5139.000000 17758100005139000 -0.427125007 -0.400370682 -0.372442793 -0.014160751
105140 5140.000000 17758100005140000 -0.427500010 -0.400730544 -0.383161774 0.019562650
105141 5141.000000 17758100005141000 -0.427875012 -0.401124355 -0.384174385 0.018374546
105142 5142.000000 17758100005142000 -0.428250015 -0.401092662 -0.377860734 -0.006776363
105143 5143.000000 17758100005143000 -0.428624988 -0.402005229 -0.382437565 -0.022495035
105144 5144.000000 17758100005144000 -0.428999990 -0.401767064 -0.375744211 0.008590386
105145 5145.000000 17758100005145000 -0.429374993 -0.402830805 -0.380074356 -0.015535161
105146 5146.000000 17758100005146000 -0.429749995 -0.402868337 -0.374171450 0.010614131
105147 5147.000000 17758100005147000 -0.430124998 -0.403121071 -0.372150593 0.018523794
105148 5148.000000 17758100005148000 -0.430500001 -0.404013567 -0.370313945 -0.009801400
105149 5149.000000 17758100005149000 -0.430875003 -0.404041518 -0.385636456 0.004509647
105150 5150.000000 17758100005150000 -0.431250006 -0.404222955 -0.370692121 -0.000756963
105151 5151.000000 17758100005151000 -0.431625009 -0.405014385 -0.374291069 -0.008400043
105152 5152.000000 17758100005152000 -0.432000011 -0.405407657 -0.378490364 0.005977012
105153 5153.000000 17758100005153000 -0.432375014 -0.405842729 -0.379394787 -0.020968205
105154 5154.000000 17758100005154000 -0.432749987 -0.406073337 -0.377194564 -0.021041917
105155 5155.000000 17758100005155000 -0.433124989 -0.406288698 -0.378906269 0.000273486
105156 5156.000000 17758100005156000 -0.433499992 -0.406549378 -0.377864027 0.015854745
105157 5157.000000 17758100005157000 -0.433874995 -0.407178825 -0.382171112 0.010689613
105158 5158.000000 17758100005158000 -0.434249997 -0.407180128 -0.367023895 -0.008576464
105159 5159.000000 17758100005159000 -0.434625000 -0.408266375 -0.383187111 0.006304397
105160 5160.000000 17758100005160000 -0.435000002 -0.408450374 -0.374114894 -0.029608756
105161 5161.000000 17758100005161000 -0.435375005 -0.408593226 -0.373355147 -0.009057758
105162 5162.000000 17758100005162000 -0.435750008 -0.409249433 -0.378877716 0.012468550
105163 5163.000000 17758100005163000 -0.436125010 -0.409491370 -0.380936007 -0.003293120
105164 5164.000000 17758100005164000 -0.436500013 -0.409839632 -0.376717188 0.006899981
105165 5165.000000 17758100005165000 -0.436874986 -0.410300155 -0.374103377 -0.005989106
105166 5166.000000 17758100005166000 -0.437249988 -0.410350913 -0.382291664 0.002200455
105167 5167.000000 17758100005167000 -0.437624991 -0.410991327 -0.381241251 -0.009770951
105168 5168.000000 17758100005168000 -0.437999994 -0.411547837 -0.381034869 -0.045733456
105169 5169.000000 17758100005169000 -0.438374996 -0.411837986 -0.385622079 -0.036489932
105170 5170.000000 17758100005170000 -0.438749999 -0.412047885 -0.374815134 0.027211589
105171 5171.000000 17758100005171000 -0.439125001 -0.412576075 -0.376150212 -0.011279658
105172 5172.000000 17758100005172000 -0.439500004 -0.412405539 -0.376697728 -0.053294508
105173 5173.000000 17758100005173000 -0.439875007 -0.413534747 -0.370981083 0.046811822
105174 5174.000000 17758100005174000 -0.440250009 -0.413165585 -0.372685623 -0.024738750
105175 5175.000000 17758100005175000 -0.440625012 -0.414040599 -0.382337677 -0.011529601
105176 5176.000000 17758100005176000 -0.441000015 -0.414214263 -0.379042631 0.031998171
105177 5177.000000 17758100005177000 -0.441374987 -0.414608906 -0.379154058 -0.031117060
105178 5178.000000 17758100005178000 -0.441749990 -0.415380410 -0.376425692 -0.014112742
105179 5179.000000 17758100005179000 -0.442124993 -0.415942218 -0.373494402 0.007274047
105180 5180.000000 17758100005180000 -0.442499995 -0.415887272 -0.383448188 -0.028012220
105181 5181.000000 17758100005181000 -0.442874998 -0.416531580 -0.375430295 0.001107329
105182 5182.000000 17758100005182000 -0.443250000 -0.416809899 -0.380241673 -0.054218646
105183 5183.000000 17758100005183000 -0.443625003 -0.417149661 -0.380255620 -0.031098120
105184 5184.000000 17758100005184000 -0.444000006 -0.417306925 -0.379147972 -0.005361170
105185 5185.000000 17758100005185000 -0.444375008 -0.417844854 -0.385161520 0.006915922
105186 5186.000000 17758100005186000 -0.444750011 -0.418272039 -0.378318309 0.014877966
105187 5187.000000 17758100005187000 -0.445125014 -0.418334363 -0.379685023 -0.027600845
105188 5188.000000 17758100005188000 -0.445499986 -0.419065466 -0.381800156 0.009772686
105189 5189.000000 17758100005189000 -0.445874989 -0.419303942 -0.382447018 -0.027876667
105190 5190.000000 17758100005190000 -0.446249992 -0.419682860 -0.383666017 -0.019155373
105191 5191.000000 17758100005191000 -0.446624994 -0.419970824 -0.381161605 -0.021659860
105192 5192.000000 17758100005192000 -0.446999997 -0.420762987 -0.378335448 -0.022311899
105193 5193.000000 17758100005193000 -0.447375000 -0.420794095 -0.383199678 -0.026116883
105194 5194.000000 17758100005194000 -0.447750002 -0.421160697 -0.375412762 -0.012449820
105195 5195.000000 17758100005195000 -0.448125005 -0.421110594 -0.382838205 -0.024600157
105196 5196.000000 17758100005196000 -0.448500007 -0.421954581 -0.368560383 -0.032240617
105197 5197.000000 17758100005197000 -0.448875010 -0.422220404 -0.383579210 -0.001809028
105198 5198.000000 17758100005198000 -0.449250013 -0.422421331 -0.373959847 -0.021898019
105199 5199.000000 17758100005199000 -0.449624985 -0.423198613 -0.378710209 0.041342437
105200 5200.000000 17758100005200000 -0.449999988 -0.423387823 -0.378893720 -0.037268675
105201 5201.000000 17758100005201000 -0.450374991 -0.423432464 -0.372879457 -0.013062202
105202 5202.000000 17758100005202000 -0.450749993 -0.424061027 -0.384769064 0.005379755
105203 5203.000000 17758100005203000 -0.451124996 -0.424613562 -0.376657484 -0.010007186
105204 5204.000000 17758100005204000 -0.451499999 -0.424882998 -0.380917926 0.010282237
105205 5205.000000 17758100005205000 -0.451875001 -0.425028751 -0.370742571 0.020040576
105206 5206.000000 17758100005206000 -0.452250004 -0.425530478 -0.381510749 -0.018767254
105207 5207.000000 17758100005207000 -0.452625006 -0.426173920 -0.365595687 -0.008092326
105208 5208.000000 17758100005208000 -0.453000009 -0.426503323 -0.380411765 0.002022664
105209 5209.000000 17758100005209000 -0.453375012 -0.427100025 -0.372218710 -0.016791427
105210 5210.000000 17758100005210000 -0.453750014 -0.427478650 -0.380510450 -0.036621735
105211 5211.000000 17758100005211000 -0.454124987 -0.427803148 -0.376170123 0.025116504
105212 5212.000000 17758100005212000 -0.454499990 -0.428014463 -0.381916244 -0.031933082
105213 5213.000000 17758100005213000 -0.454874992 -0.428450436 -0.378947294 -0.022253381
105214 5214.000000 17758100005214000 -0.455249995 -0.428906257 -0.381428388 -0.028957761
105215 5215.000000 17758100005215000 -0.455624998 -0.429111612 -0.373422834 0.001573584
105216 5216.000000 17758100005216000 -0.456000000 -0.429605063 -0.367312560 -0.021570683
105217 5217.000000 17758100005217000 -0.456375003 -0.430139839 -0.377824627 -0.007684067
105218 5218.000000 17758100005218000 -0.456750005 -0.430320385 -0.388001607 0.011103516
105219 5219.000000 17758100005219000 -0.457125008 -0.430714483 -0.380017117 -0.024665686
105220 5220.000000 17758100005220000 -0.457500011 -0.431245686 -0.371393355 -0.047382771
105221 5221.000000 17758100005221000 -0.457875013 -0.431074552 -0.360998890 -0.018628526
105222 5222.000000 17758100005222000 -0.458249986 -0.431800743 -0.378826384 -0.009388596
105223 5223.000000 17758100005223000 -0.458624989 -0.432049633 -0.374550426 -0.029238987
105224 5224.000000 17758100005224000 -0.458999991 -0.432565529 -0.370932380 -0.010756050
105225 5225.000000 17758100005225000 -0.459374994 -0.433100699 -0.379262147 0.038121415
105226 5226.000000 17758100005226000 -0.459749997 -0.433125604 -0.373752100 -0.039821577
105227 5227.000000 17758100005227000 -0.460124999 -0.433300893 -0.375641794 -0.031971911
105228 5228.000000 17758100005228000 -0.460500002 -0.434308147 -0.368541772 -0.009958315
105229 5229.000000 17758100005229000 -0.460875005 -0.434317099 -0.374827193 -0.012426734
105230 5230.000000 17758100005230000 -0.461250007 -0.434470094 -0.380313374 -0.029961938
105231 5231.000000 17758100005231000 -0.461625010 -0.434963245 -0.378983066 -0.037231427
105232 5232.000000 17758100005232000 -0.462000012 -0.435594111 -0.377017147 -0.026654688
105233 5233.000000 17758100005233000 -0.462374985 -0.435485081 -0.367984911 -0.016151840
105234 5234.000000 17758100005234000 -0.462749988 -0.436378520 -0.381186679 -0.025486765
105235 5235.000000 17758100005235000 -0.463124990 -0.436380158 -0.381563179 -0.012390722
105236 5236.000000 17758100005236000 -0.463499993 -0.437350803 -0.377569057 0.026208037
105237 5237.000000 17758100005237000 -0.463874996 -0.437553192 -0.379415598 -0.031150645
105238 5238.000000 17758100005238000 -0.464249998 -0.437978029 -0.384550280 -0.036623400
105239 5239.000000 17758100005239000 -0.464625001 -0.438263440 -0.385744824 -0.031892936
105240 5240.000000 17758100005240000 -0.465000004 -0.438369196 -0.370591767 0.001794248
105241 5241.000000 17758100005241000 -0.465375006 -0.438873465 -0.374074944 -0.021523266
105242 5242.000000 17758100005242000 -0.465750009 -0.439392892 -0.384173312 -0.003139356
105243 5243.000000 17758100005243000 -0.466125011 -0.439638427 -0.383282649 -0.002320472
105244 5244.000000 17758100005244000 -0.466500014 -0.439962889 -0.377244391 -0.006556168
105245 5245.000000 17758100005245000 -0.466874987 -0.440317116 -0.379436725 0.029978258
105246 5246.000000 17758100005246000 -0.467249990 -0.440495183 -0.378575974 -0.025732700
105247 5247.000000 17758100005247000 -0.467624992 -0.441036182 -0.374351439 -0.018903022
105248 5248.000000 17758100005248000 -0.467999995 -0.441249315 -0.384310265 -0.035130816
105249 5249.000000 17758100005249000 -0.468374997 -0.441891169 -0.382943158 -0.007097764
105250 5250.000000 17758100005250000 -0.468750000 -0.442558947 -0.365784252 0.034104995
105251 5251.000000 17758100005251000 -0.469125003 -0.442711366 -0.378213528 0.004916976
105252 5252.000000 17758100005252000 -0.469500005 -0.443227664 -0.380355193 -0.024393474
105253 5253.000000 17758100005253000 -0.469875008 -0.443739685 -0.378122784 -0.016117755
105254 5254.000000 17758100005254000 -0.470250010 -0.444077024 -0.378420848 -0.026179476
105255 5255.000000 17758100005255000 -0.470625013 -0.443939980 -0.378864383 -0.024499435
105256 5256.000000 17758100005256000 -0.470999986 -0.444453647 -0.384130080 0.002564659
105257 5257.000000 17758100005257000 -0.471374989 -0.445329162 -0.379302723 -0.023272941
105258 5258.000000 17758100005258000 -0.471749991 -0.445453074 -0.378874237 0.015785469
105259 5259.000000 17758100005259000 -0.472124994 -0.445532998 -0.379028720 -0.052005412
105260 5260.000000 17758100005260000 -0.472499996 -0.445997415 -0.378001653 0.001179587
105261 5261.000000 17758100005261000 -0.472874999 -0.446497605 -0.375397898 0.008654266
105262 5262.000000 17758100005262000 -0.473250002 -0.446574552 -0.379644008 -0.012692663
105263 5263.000000 17758100005263000 -0.473625004 -0.447427254 -0.383103855 -0.017100640
105264 5264.000000 17758100005264000 -0.474000007 -0.447707439 -0.374738057 0.006446062
105265 5265.000000 17758100005265000 -0.474375010 -0.448221191 -0.380217197 0.016666895
105266 5266.000000 17758100005266000 -0.474750012 -0.448456718 -0.379937458 0.026189211
105267 5267.000000 17758100005267000 -0.475125015 -0.448972908 -0.372438504 -0.007137574
105268 5268.000000 17758100005268000 -0.475499988 -0.449083818 -0.387788439 0.001969882
105269 5269.000000 17758100005269000 -0.475874990 -0.449385227 -0.376796995 0.001594705
105270 5270.000000 17758100005270000 -0.476249993 -0.449596462 -0.382815029 -0.016873422
105271 5271.000000 17758100005271000 -0.476624995 -0.450141053 -0.377303994 -0.042578858
105272 5272.000000 17758100005272000 -0.476999998 -0.450887182 -0.379865691 0.006716774
105273 5273.000000 17758100005273000 -0.477375001 -0.450984035 -0.370570360 0.014136569
105274 5274.000000 17758100005274000 -0.477750003 -0.451423960 -0.369525140 -0.041538466
105275 5275.000000 17758100005275000 -0.478125006 -0.451756173 -0.374909418 -0.015374140
105276 5276.000000 17758100005276000 -0.478500009 -0.452308027 -0.373281608 -0.043004915
105277 5277.000000 17758100005277000 -0.478875011 -0.452777108 -0.379464273 -0.026379006
105278 5278.000000 17758100005278000 -0.479250014 -0.452871973 -0.381181020 0.013339342
105279 5279.000000 17758100005279000 -0.479624987 -0.453295303 -0.380129617 -0.009342976
105280 5280.000000 17758100005280000 -0.479999989 -0.453798984 -0.379097061 -0.034658850
105281 5281.000000 17758100005281000 -0.480374992 -0.453719522 -0.385595274 0.008150731
105282 5282.000000 17758100005282000 -0.480749995 -0.454439294 -0.376791672 0.023237140
105283 5283.000000 17758100005283000 -0.481124997 -0.454800009 -0.372406822 -0.029527595
105284 5284.000000 17758100005284000 -0.481500000 -0.455066944 -0.374566310 0.000202048
105285 5285.000000 17758100005285000 -0.481875002 -0.455318105 -0.380066161 -0.031564524
105286 5286.000000 17758100005286000 -0.482250005 -0.455877011 -0.378196120 -0.016861068
105287 5287.000000 17758100005287000 -0.482625008 -0.456369491 -0.381927380 -0.020858671
105288 5288.000000 17758100005288000 -0.483000010 -0.456837546 -0.380753811 -0.016690346
105289 5289.000000 17758100005289000 -0.483375013 -0.457102493 -0.381135848 -0.051630772
105290 5290.000000 17758100005290000 -0.483749986 -0.457368300 -0.373192871 -0.016013472
105291 5291.000000 17758100005291000 -0.484124988 -0.457633371 -0.384140819 -0.017224377
105292 5292.000000 17758100005292000 -0.484499991 -0.458008216 -0.377596705 -0.018591231
105293 5293.000000 17758100005293000 -0.484874994 -0.458472882 -0.373021260 -0.013901462
105294 5294.000000 17758100005294000 -0.485249996 -0.459207388 -0.380285964 -0.006227686
105295 5295.000000 17758100005295000 -0.485624999 -0.459292437 -0.374980719 -0.020955955
105296 5296.000000 17758100005296000 -0.486000001 -0.459854720 -0.378575638 0.001260717
105297 5297.000000 17758100005297000 -0.486375004 -0.460201825 -0.375974683 -0.037300719
105298 5298.000000 17758100005298000 -0.486750007 -0.460448896 -0.380107082 0.000230541
105299 5299.000000 17758100005299000 -0.487125009 -0.460890560 -0.375389443 -0.021204374
105300 5300.000000 17758100005300000 -0.487500012 -0.461206246 -0.378437477 -0.022687130
105301 5301.000000 17758100005301000 -0.487875015 -0.461849810 -0.370232664 -0.014965335
105302 5302.000000 17758100005302000 -0.488249987 -0.462122045 -0.375334198 -0.025139108
105303 5303.000000 17758100005303000 -0.488624990 -0.462682103 -0.383427084 -0.031455340
105304 5304.000000 17758100005304000 -0.488999993 -0.462655282 -0.377652789 -0.020400142
105305 5305.000000 17758100005305000 -0.489374995 -0.463142253 -0.367783942 0.010045170
105306 5306.000000 17758100005306000 -0.489749998 -0.463319700 -0.378253496 -0.017888262
105307 5307.000000 17758100005307000 -0.490125000 -0.463829369 -0.381669622 -0.004716362
105308 5308.000000 17758100005308000 -0.490500003 -0.464301732 -0.374225002 0.000712903
105309 5309.000000 17758100005309000 -0.490875006 -0.464931924 -0.389556304 -0.033684202
105310 5310.000000 17758100005310000 -0.491250008 -0.465077473 -0.370068667 -0.018158200
105311 5311.000000 17758100005311000 -0.491625011 -0.465166303 -0.372381185 -0.040541017
105312 5312.000000 17758100005312000 -0.492000014 -0.465450955 -0.374618206 -0.011171740
105313 5313.000000 17758100005313000 -0.492374986 -0.466164835 -0.380302995 0.002649605
105314 5314.000000 17758100005314000 -0.492749989 -0.466592766 -0.381119561 -0.014066063
105315 5315.000000 17758100005315000 -0.493124992 -0.467170254 -0.376496806 -0.039172406
105316 5316.000000 17758100005316000 -0.493499994 -0.467409458 -0.375414769 -0.019688545
105317 5317.000000 17758100005317000 -0.493874997 -0.467271823 -0.382851170 0.000867940
105318 5318.000000 17758100005318000 -0.494250000 -0.468184817 -0.377184549 0.011375015
105319 5319.000000 17758100005319000 -0.494625002 -0.468216777 -0.377715646 -0.042138225
105320 5320.000000 17758100005320000 -0.495000005 -0.468188217 -0.374870538 0.003758969
105321 5321.000000 17758100005321000 -0.495375007 -0.469162645 -0.373496290 -0.029746305
105322 5322.000000 17758100005322000 -0.495750010 -0.469396463 -0.382648547 0.001284500
105323 5323.000000 17758100005323000 -0.496125013 -0.469995563 -0.384910306 -0.030011564
105324 5324.000000 17758100005324000 -0.496499985 -0.470271724 -0.381720649 -0.017351104
105325 5325.000000 17758100005325000 -0.496874988 -0.470838460 -0.371130943 0.019665750
105326 5326.000000 17758100005326000 -0.497249991 -0.471100488 -0.374480989 -0.003502187
105327 5327.000000 17758100005327000 -0.497624993 -0.471399566 -0.376230424 0.009553993
105328 5328.000000 17758100005328000 -0.497999996 -0.471678978 -0.380138773 0.016812471
105329 5329.000000 17758100005329000 -0.498374999 -0.472071510 -0.370915861 -0.027632787
105330 5330.000000 17758100005330000 -0.498750001 -0.472430092 -0.380710164 0.006296525
105331 5331.000000 17758100005331000 -0.499125004 -0.472586784 -0.376975543 -0.025224989
105332 5332.000000 17758100005332000 -0.499500006 -0.472930437 -0.376662891 -0.066870039
105333 5333.000000 17758100005333000 -0.499875009 -0.473817570 -0.380100028 -0.005984075
105334 5334.000000 17758100005334000 -0.500249982 -0.474379034 -0.373555782 -0.019190967
105335 5335.000000 17758100005335000 -0.500625014 -0.474705513 -0.374573577 -0.007606112
105336 5336.000000 17758100005336000 -0.500999987 -0.474930828 -0.372484073 -0.019983437
105337 5337.000000 17758100005337000 -0.501375020 -0.475310724 -0.371998739 -0.042198268
105338 5338.000000 17758100005338000 -0.501749992 -0.475633587 -0.367113917 -0.011668169
105339 5339.000000 17758100005339000 -0.502125025 -0.475793625 -0.376128570 0.002628095
105340 5340.000000 17758100005340000 -0.502499998 -0.476253028 -0.375183646 -0.001546546
105341 5341.000000 17758100005341000 -0.502874970 -0.476533766 -0.379736196 -0.015847155
105342 5342.000000 17758100005342000 -0.503250003 -0.477076539 -0.378134633 -0.022260501
105343 5343.000000 17758100005343000 -0.503624976 -0.477457673 -0.378649438 -0.002121837
105344 5344.000000 17758100005344000 -0.504000008 -0.477572674 -0.386639858 -0.063670092
105345 5345.000000 17758100005345000 -0.504374981 -0.478016031 -0.372304954 -0.023245136
105346 5346.000000 17758100005346000 -0.504750013 -0.478745914 -0.377826449 -0.016801648
105347 5347.000000 17758100005347000 -0.505124986 -0.479052237 -0.374964600 0.017600954
105348 5348.000000 17758100005348000 -0.505500019 -0.479351188 -0.377552922 -0.007188076
105349 5349.000000 17758100005349000 -0.505874991 -0.479368341 -0.373748697 0.002087065
105350 5350.000000 17758100005350000 -0.506250024 -0.480381105 -0.384344346 -0.014170976
105351 5351.000000 17758100005351000 -0.506624997 -0.480316871 -0.385002341 -0.033472339
105352 5352.000000 17758100005352000 -0.507000029 -0.480965415 -0.380471487 -0.023826603
105353 5353.000000 17758100005353000 -0.507375002 -0.480835254 -0.382556257 -0.024327105
105354 5354.000000 17758100005354000 -0.507749975 -0.481229213 -0.377566240 -0.038007866
105355 5355.000000 17758100005355000 -0.508125007 -0.481862528 -0.384241347 -0.016828100
105356 5356.000000 17758100005356000 -0.508499980 -0.482565945 -0.375753511 0.031807912
105357 5357.000000 17758100005357000 -0.508875012 -0.482643680 -0.381569090 -0.010560162
105358 5358.000000 17758100005358000 -0.509249985 -0.482952924 -0.383337023 -0.020616026
105359 5359.000000 17758100005359000 -0.509625018 -0.483462399 -0.386826670 0.004378900
105360 5360.000000 17758100005360000 -0.509999990 -0.483657289 -0.369704926 -0.010275808
105361 5361.000000 17758100005361000 -0.510375023 -0.484195996 -0.379074024 -0.012698088
105362 5362.000000 17758100005362000 -0.510749996 -0.484540646 -0.389169456 -0.018511345
105363 5363.000000 17758100005363000 -0.511125028 -0.484909817 -0.379215534 0.003991321
105364 5364.000000 17758100005364000 -0.511500001 -0.485377571 -0.378761829 -0.014891225
105365 5365.000000 17758100005365000 -0.511874974 -0.486123497 -0.383573164 -0.035089612
105366 5366.000000 17758100005366000 -0.512250006 -0.485990925 -0.377957315 -0.000892548
105367 5367.000000 17758100005367000 -0.512624979 -0.486221751 -0.372237461 -0.025286821
105368 5368.000000 17758100005368000 -0.513000011 -0.486787835 -0.377310549 0.016622190
105369 5369.000000 17758100005369000 -0.513374984 -0.487571047 -0.381153706 -0.013137892
105370 5370.000000 17758100005370000 -0.513750017 -0.487899644 -0.380411568 -0.009118253
105371 5371.000000 17758100005371000 -0.514124990 -0.488283202 -0.370859951 -0.053107155
105372 5372.000000 17758100005372000 -0.514500022 -0.488723830 -0.376356612 -0.013171078
105373 5373.000000 17758100005373000 -0.514874995 -0.489029436 -0.384600843 -0.027533850
105374 5374.000000 17758100005374000 -0.515250027 -0.489678446 -0.378169812 -0.034429699
105375 5375.000000 17758100005375000 -0.515625000 -0.489416118 -0.375440866 -0.034389446
105376 5376.000000 17758100005376000 -0.515999973 -0.489988262 -0.383703526 -0.001253193
105377 5377.000000 17758100005377000 -0.516375005 -0.490252769 -0.372186558 -0.017937535
105378 5378.000000 17758100005378000 -0.516749978 -0.490559054 -0.385707518 -0.021137636
105379 5379.000000 17758100005379000 -0.517125010 -0.491142505 -0.382117141 -0.029363911
105380 5380.000000 17758100005380000 -0.517499983 -0.491548140 -0.371378464 -0.010879093
105381 5381.000000 17758100005381000 -0.517875016 -0.491870337 -0.373084409 -0.027597870
105382 5382.000000 17758100005382000 -0.518249989 -0.492189962 -0.378627071 -0.007015932
105383 5383.000000 17758100005383000 -0.518625021 -0.492783521 -0.383121531 0.015793570
105384 5384.000000 17758100005384000 -0.518999994 -0.492990471 -0.374344183 -0.002962492
105385 5385.000000 17758100005385000 -0.519375026 -0.493313180 -0.373623614 -0.044151096
105386 5386.000000 17758100005386000 -0.519749999 -0.493838281 -0.368002880 -0.026987807
105387 5387.000000 17758100005387000 -0.520124972 -0.493844230 -0.380308187 -0.021698383
105388 5388.000000 17758100005388000 -0.520500004 -0.494454557 -0.371049347 -0.005179902
105389 5389.000000 17758100005389000 -0.520874977 -0.494735433 -0.378742131 0.007757422
105390 5390.000000 17758100005390000 -0.521250010 -0.495339838 -0.371213544 0.005164950
105391 5391.000000 17758100005391000 -0.521624982 -0.495643857 -0.374114582 -0.028337058
105392 5392.000000 17758100005392000 -0.522000015 -0.496185359 -0.377583406 0.003887802
105393 5393.000000 17758100005393000 -0.522374988 -0.495976688 -0.378941729 -0.041800053
105394 5394.000000 17758100005394000 -0.522750020 -0.496584100 -0.374173539 -0.006961005
105395 5395.000000 17758100005395000 -0.523124993 -0.497199407 -0.380472671 -0.024141543
105396 5396.000000 17758100005396000 -0.523500025 -0.497496152 -0.371464515 -0.048724333
105397 5397.000000 17758100005397000 -0.523874998 -0.497929196 -0.380115892 -0.027977043
105398 5398.000000 17758100005398000 -0.524249971 -0.498341155 -0.377791630 -0.031136325
105399 5399.000000 17758100005399000 -0.524625003 -0.498493816 -0.374692381 -0.040781714
105400 5400.000000 17758100005400000 -0.524999976 -0.498758558 -0.375904961 0.019093213
105401 5401.000000 17758100005401000 -0.525375009 -0.499202406 -0.380063870 -0.028079266
105402 5402.000000 17758100005402000 -0.525749981 -0.499690121 -0.377563195 -0.024486286
105403 5403.000000 17758100005403000 -0.526125014 -0.500266032 -0.370561849 -0.017104684
105404 5404.000000 17758100005404000 -0.526499987 -0.500352419 -0.380542234 0.007176849
105405 5405.000000 17758100005405000 -0.526875019 -0.500796722 -0.382804968 -0.010756696
105406 5406.000000 17758100005406000 -0.527249992 -0.501659525 -0.375203351 -0.022135049
105407 5407.000000 17758100005407000 -0.527625024 -0.501343638 -0.381684854 -0.017317096
105408 5408.000000 17758100005408000 -0.527999997 -0.502020164 -0.380082134 0.012646933
105409 5409.000000 17758100005409000 -0.528375030 -0.502458560 -0.381379980 0.005509183
105410 5410.000000 17758100005410000 -0.528750002 -0.502709611 -0.383454384 -0.027814075
105411 5411.000000 17758100005411000 -0.529124975 -0.503484580 -0.385512536 0.006206584
105412 5412.000000 17758100005412000 -0.529500008 -0.503588557 -0.380386778 -0.001513695
105413 5413.000000 17758100005413000 -0.529874980 -0.503856392 -0.374010615 -0.025864777
105414 5414.000000 17758100005414000 -0.530250013 -0.504281456 -0.375241476 -0.036566889
105415 5415.000000 17758100005415000 -0.530624986 -0.504511151 -0.371460703 -0.003519658
105416 5416.000000 17758100005416000 -0.531000018 -0.505398644 -0.381274468 0.004424923
105417 5417.000000 17758100005417000 -0.531374991 -0.505420509 -0.375362324 -0.017078816
105418 5418.000000 17758100005418000 -0.531750023 -0.505821501 -0.378102419 0.005996456
105419 5419.000000 17758100005419000 -0.532124996 -0.506717373 -0.378131385 0.007871365
105420 5420.000000 17758100005420000 -0.532500029 -0.506264643 -0.376378405 -0.021438765
105421 5421.000000 17758100005421000 -0.532875001 -0.506433256 -0.376500984 0.029826710
105422 5422.000000 17758100005422000 -0.533249974 -0.507040527 -0.387807583 0.014439917
105423 5423.000000 17758100005423000 -0.533625007 -0.508031516 -0.368985532 -0.027496657
105424 5424.000000 17758100005424000 -0.533999979 -0.508096279 -0.377868764 -0.016081923
105425 5425.000000 17758100005425000 -0.534375012 -0.508368974 -0.375691264 -0.015103998
105426 5426.000000 17758100005426000 -0.534749985 -0.508854301 -0.358222648 0.000835608
105427 5427.000000 17758100005427000 -0.535125017 -0.508918478 -0.374661959 -0.022716150
105428 5428.000000 17758100005428000 -0.535499990 -0.509602196 -0.373682496 -0.012383091
105429 5429.000000 17758100005429000 -0.535875022 -0.509946288 -0.379225297 0.027030258
105430 5430.000000 17758100005430000 -0.536249995 -0.510202101 -0.378381152 -0.000915302
105431 5431.000000 17758100005431000 -0.536625028 -0.510567303 -0.371266833 0.011209828
105432 5432.000000 17758100005432000 -0.537000000 -0.511085265 -0.381028152 -0.009778084
105433 5433.000000 17758100005433000 -0.537374973 -0.511232044 -0.374130094 -0.015605403
105434 5434.000000 17758100005434000 -0.537750006 -0.511714878 -0.385010037 -0.030167174
105435 5435.000000 17758100005435000 -0.538124979 -0.512060655 -0.376888774 -0.002401345
105436 5436.000000 17758100005436000 -0.538500011 -0.512306169 -0.375959668 -0.024456240
105437 5437.000000 17758100005437000 -0.538874984 -0.512672398 -0.376781342 0.014963308
105438 5438.000000 17758100005438000 -0.539250016 -0.513543055 -0.388814518 -0.015271778
105439 5439.000000 17758100005439000 -0.539624989 -0.513616622 -0.379361146 -0.007990091
105440 5440.000000 17758100005440000 -0.540000021 -0.514043097 -0.375778086 -0.010918327
105441 5441.000000 17758100005441000 -0.540374994 -0.514196854 -0.379401852 0.003323954
105442 5442.000000 17758100005442000 -0.540750027 -0.515014133 -0.378217916 -0.010780046
105443 5443.000000 17758100005443000 -0.541125000 -0.515326214 -0.377557162 0.002983206
105444 5444.000000 17758100005444000 -0.541499972 -0.515463049 -0.384205259 -0.002403881
105445 5445.000000 17758100005445000 -0.541875005 -0.516508131 -0.377770258 0.010307271
105446 5446.000000 17758100005446000 -0.542249978 -0.516739070 -0.381400768 -0.027373196
105447 5447.000000 17758100005447000 -0.542625010 -0.516702803 -0.382021979 0.016002223
105448 5448.000000 17758100005448000 -0.542999983 -0.516982382 -0.386873821 0.034203636
105449 5449.000000 17758100005449000 -0.543375015 -0.517659633 -0.384899935 0.009067213
105450 5450.000000 17758100005450000 -0.543749988 -0.517827004 -0.381903188 -0.012228899
105451 5451.000000 17758100005451000 -0.544125021 -0.518235806 -0.370463181 0.007386222
105452 5452.000000 17758100005452000 -0.544499993 -0.518904625 -0.371101609 0.011908334
105453 5453.000000 17758100005453000 -0.544875026 -0.519271326 -0.372912982 -0.014087959
105454 5454.000000 17758100005454000 -0.545249999 -0.519340023 -0.386042384 -0.004068158
105455 5455.000000 17758100005455000 -0.545624971 -0.519753644 -0.373206331 -0.007144610
105456 5456.000000 17758100005456000 -0.546000004 -0.520220821 -0.380831169 -0.009536815
105457 5457.000000 17758100005457000 -0.546374977 -0.520666819 -0.377413447 -0.005046246
105458 5458.000000 17758100005458000 -0.546750009 -0.520640713 -0.375516312 -0.034692156
105459 5459.000000 17758100005459000 -0.547124982 -0.521259410 -0.373038496 -0.029722247
105460 5460.000000 17758100005460000 -0.547500014 -0.521485747 -0.371550935 -0.011050699
105461 5461.000000 17758100005461000 -0.547874987 -0.522002303 -0.381753776 -0.024005947
105462 5462.000000 17758100005462000 -0.548250020 -0.522590301 -0.381076958 -0.016197663
105463 5463.000000 17758100005463000 -0.548624992 -0.523192478 -0.372414247 0.005471202
105464 5464.000000 17758100005464000 -0.549000025 -0.523070535 -0.369538666 -0.018794185
105465 5465.000000 17758100005465000 -0.549374998 -0.523480344 -0.388126972 -0.022488236
105466 5466.000000 17758100005466000 -0.549749970 -0.524111132 -0.373872431 -0.016936462
105467 5467.000000 17758100005467000 -0.550125003 -0.524135439 -0.379802671 -0.013317124
105468 5468.000000 17758100005468000 -0.550499976 -0.524889077 -0.372626072 -0.004681286
105469 5469.000000 17758100005469000 -0.550875008 -0.525217023 -0.388703979 -0.027992517
105470 5470.000000 17758100005470000 -0.551249981 -0.525017495 -0.379050879 -0.016189465
105471 5471.000000 17758100005471000 -0.551625013 -0.525712786 -0.375184012 0.002445067
105472 5472.000000 17758100005472000 -0.551999986 -0.526123354 -0.373586878 -0.031239513
105473 5473.000000 17758100005473000 -0.552375019 -0.527032107 -0.385691762 -0.039733893
105474 5474.000000 17758100005474000 -0.552749991 -0.526432518 -0.373591277 0.001939982
105475 5475.000000 17758100005475000 -0.553125024 -0.527136906 -0.368086801 -0.016635767
105476 5476.000000 17758100005476000 -0.553499997 -0.527501170 -0.376991838 -0.039956774
105477 5477.000000 17758100005477000 -0.553875029 -0.528059326 -0.381061988 -0.028924312
105478 5478.000000 17758100005478000 -0.554250002 -0.528421312 -0.384393060 0.006924048
105479 5479.000000 17758100005479000 -0.554624975 -0.528990843 -0.374589236 -0.017983475
105480 5480.000000 17758100005480000 -0.555000007 -0.529509921 -0.373680463 -0.005700237
105481 5481.000000 17758100005481000 -0.555374980 -0.529571325 -0.374591118 -0.029516416
105482 5482.000000 17758100005482000 -0.555750012 -0.530019481 -0.374031354 -0.016575377
105483 5483.000000 17758100005483000 -0.556124985 -0.530241232 -0.365922257 0.014182533
105484 5484.000000 17758100005484000 -0.556500018 -0.530780609 -0.386979416 -0.009956675
105485 5485.000000 17758100005485000 -0.556874990 -0.531179567 -0.377633843 -0.014051371
105486 5486.000000 17758100005486000 -0.557250023 -0.531674445 -0.375767450 -0.003263590
105487 5487.000000 17758100005487000 -0.557624996 -0.531626008 -0.382541498 -0.000067439
105488 5488.000000 17758100005488000 -0.558000028 -0.532264604 -0.375678023 -0.022109411
105489 5489.000000 17758100005489000 -0.558375001 -0.532498618 -0.382972114 -0.038490174
105490 5490.000000 17758100005490000 -0.558749974 -0.533149807 -0.383110873 -0.000633363
105491 5491.000000 17758100005491000 -0.559125006 -0.533282815 -0.377989633 0.020581772
105492 5492.000000 17758100005492000 -0.559499979 -0.533797661 -0.378998824 -0.014043221
105493 5493.000000 17758100005493000 -0.559875011 -0.534616343 -0.368292091 -0.021184358
105494 5494.000000 17758100005494000 -0.560249984 -0.534697352 -0.378783360 -0.003281793
105495 5495.000000 17758100005495000 -0.560625017 -0.534380742 -0.377986103 -0.027320446
105496 5496.000000 17758100005496000 -0.560999990 -0.535419502 -0.378621148 -0.001549763
105497 5497.000000 17758100005497000 -0.561375022 -0.535603883 -0.373652159 -0.009824446
105498 5498.000000 17758100005498000 -0.561749995 -0.536264337 -0.387986894 -0.038524956
105499 5499.000000 17758100005499000 -0.562125027 -0.536094714 -0.379789298 -0.014166251
105500 5500.000000 17758100005500000 -0.562500000 -0.536871477 -0.374781590 0.001665582
105501 5501.000000 17758100005501000 -0.562874973 -0.537190458 -0.374296891 -0.008544427
105502 5502.000000 17758100005502000 -0.563250005 -0.537706974 -0.369521513 -0.014726452
105503 5503.000000 17758100005503000 -0.563624978 -0.537700722 -0.374316274 0.008957629
105504 5504.000000 17758100005504000 -0.564000010 -0.538270278 -0.371868904 -0.001934602
105505 5505.000000 17758100005505000 -0.564374983 -0.538825623 -0.379485580 0.024494679
105506 5506.000000 17758100005506000 -0.564750016 -0.539075563 -0.368497820 -0.044215899
105507 5507.000000 17758100005507000 -0.565124989 -0.539573353 -0.381194538 -0.043415345
105508 5508.000000 17758100005508000 -0.565500021 -0.539629796 -0.373788142 -0.006796258
105509 5509.000000 17758100005509000 -0.565874994 -0.539931451 -0.379850341 0.032140965
105510 5510.000000 17758100005510000 -0.566250026 -0.540582572 -0.379820888 -0.026318400
105511 5511.000000 17758100005511000 -0.566624999 -0.540370458 -0.382690774 -0.049512768
105512 5512.000000 17758100005512000 -0.566999972 -0.540847820 -0.373672579 0.002723440
105513 5513.000000 17758100005513000 -0.567375004 -0.541469314 -0.379010440 0.007141475
105514 5514.000000 17758100005514000 -0.567749977 -0.542076148 -0.369123530 0.010557610
105515 5515.000000 17758100005515000 -0.568125010 -0.542548115 -0.375384720 -0.022681355
105516 5516.000000 17758100005516000 -0.568499982 -0.542493690 -0.376850894 -0.005413824
105517 5517.000000 17758100005517000 -0.568875015 -0.543194235 -0.385603275 -0.024834623
105518 5518.000000 17758100005518000 -0.569249988 -0.543428698 -0.376624163 0.003991055
105519 5519.000000 17758100005519000 -0.569625020 -0.544103452 -0.380079081 0.028889694
105520 5520.000000 17758100005520000 -0.569999993 -0.544100061 -0.376368576 0.013833498
105521 5521.000000 17758100005521000 -0.570375025 -0.545099822 -0.380454740 -0.028644081
105522 5522.000000 17758100005522000 -0.570749998 -0.545097444 -0.379288015 -0.012881278
105523 5523.000000 17758100005523000 -0.571124971 -0.545292342 -0.374249627 -0.010078651
105524 5524.000000 17758100005524000 -0.571500003 -0.545554973 -0.382871072 0.035061059
105525 5525.000000 17758100005525000 -0.571874976 -0.546177054 -0.370836770 0.007220671
105526 5526.000000 17758100005526000 -0.572250009 -0.546274657 -0.387005859 -0.030549529
105527 5527.000000 17758100005527000 -0.572624981 -0.546692493 -0.374093086 -0.016596633
105528 5528.000000 17758100005528000 -0.573000014 -0.547873296 -0.373322218 -0.001055427
105529 5529.000000 17758100005529000 -0.573374987 -0.547852792 -0.385342968 -0.036805230
105530 5530.000000 17758100005530000 -0.573750019 -0.548364481 -0.381508206 -0.001734539
105531 5531.000000 17758100005531000 -0.574124992 -0.548356316 -0.379158619 -0.016169970
105532 5532.000000 17758100005532000 -0.574500024 -0.548795070 -0.377659626 0.009368689
105533 5533.000000 17758100005533000 -0.574874997 -0.549200721 -0.372331087 0.000396769
105534 5534.000000 17758100005534000 -0.575250030 -0.549570705 -0.375739403 -0.039443798
105535 5535.000000 17758100005535000 -0.575625002 -0.549709603 -0.376179585 -0.026587247
105536 5536.000000 17758100005536000 -0.575999975 -0.550602154 -0.375980862 0.005564557
105537 5537.000000 17758100005537000 -0.576375008 -0.550661920 -0.378402083 -0.006707405
105538 5538.000000 17758100005538000 -0.576749980 -0.551215039 -0.371923794 0.003908713
105539 5539.000000 17758100005539000 -0.577125013 -0.551627757 -0.373597959 -0.006894401
105540 5540.000000 17758100005540000 -0.577499986 -0.551788682 -0.381874513 -0.006388797
105541 5541.000000 17758100005541000 -0.577875018 -0.552041744 -0.382960169 -0.017419791
105542 5542.000000 17758100005542000 -0.578249991 -0.552237725 -0.377348790 0.030248408
105543 5543.000000 17758100005543000 -0.578625023 -0.553004477 -0.383500801 0.012536635
105544 5544.000000 17758100005544000 -0.578999996 -0.553427030 -0.382696568 -0.026432778
105545 5545.000000 17758100005545000 -0.579375029 -0.553282528 -0.382196768 -0.020765135
105546 5546.000000 17758100005546000 -0.579750001 -0.554202146 -0.380354183 -0.040949487
105547 5547.000000 17758100005547000 -0.580124974 -0.554179791 -0.373692936 -0.040981731
105548 5548.000000 17758100005548000 -0.580500007 -0.555102906 -0.379506449 -0.014336844
105549 5549.000000 17758100005549000 -0.580874979 -0.554943778 -0.385084173 -0.013319943
105550 5550.000000 17758100005550000 -0.581250012 -0.555672132 -0.377762271 -0.018325609
105551 5551.000000 17758100005551000 -0.581624985 -0.556064036 -0.381500988 0.014394367
105552 5552.000000 17758100005552000 -0.582000017 -0.556406536 -0.378887864 -0.013783615
105553 5553.000000 17758100005553000 -0.582374990 -0.556626484 -0.380465795 0.004844047
105554 5554.000000 17758100005554000 -0.582750022 -0.557383032 -0.379157650 -0.020415660
105555 5555.000000 17758100005555000 -0.583124995 -0.557261822 -0.376144711 -0.048718326
105556 5556.000000 17758100005556000 -0.583500028 -0.558044829 -0.381129552 0.005486960
105557 5557.000000 17758100005557000 -0.583875000 -0.558536024 -0.370182811 -0.021826978
105558 5558.000000 17758100005558000 -0.584249973 -0.558594123 -0.376484028 -0.016735311
105559 5559.000000 17758100005559000 -0.584625006 -0.558652031 -0.374263138 -0.031158908
105560 5560.000000 17758100005560000 -0.584999979 -0.559345349 -0.378733474 -0.017505926
105561 5561.000000 17758100005561000 -0.585375011 -0.560179848 -0.377849391 -0.017491834
105562 5562.000000 17758100005562000 -0.585749984 -0.560097876 -0.377235293 -0.005336715
105563 5563.000000 17758100005563000 -0.586125016 -0.560292962 -0.377863541 0.014542903
105564 5564.000000 17758100005564000 -0.586499989 -0.560939863 -0.386919607 -0.020982585
105565 5565.000000 17758100005565000 -0.586875021 -0.561163758 -0.376487756 0.005062563
105566 5566.000000 17758100005566000 -0.587249994 -0.561777182 -0.379077632 0.000683750
105567 5567.000000 17758100005567000 -0.587625027 -0.562075705 -0.383959701 -0.021024458
105568 5568.000000 17758100005568000 -0.588000000 -0.562670020 -0.380014702 -0.012757543
105569 5569.000000 17758100005569000 -0.588374972 -0.563026930 -0.373644393 -0.025918978
105570 5570.000000 17758100005570000 -0.588750005 -0.563097430 -0.371145961 -0.029157108
105571 5571.000000 17758100005571000 -0.589124978 -0.563582795 -0.382085028 0.011756844
105572 5572.000000 17758100005572000 -0.589500010 -0.563754680 -0.373849972 0.016459111
105573 5573.000000 17758100005573000 -0.589874983 -0.564201982 -0.378618821 -0.010828074
105574 5574.000000 17758100005574000 -0.590250015 -0.564669341 -0.377636210 -0.006248310
105575 5575.000000 17758100005575000 -0.590624988 -0.565188014 -0.371465003 0.029914765
105576 5576.000000 17758100005576000 -0.591000021 -0.565480842 -0.365107765 -0.021876295
105577 5577.000000 17758100005577000 -0.591374993 -0.566014946 -0.371527507 -0.061302162
105578 5578.000000 17758100005578000 -0.591750026 -0.566357867 -0.380484787 -0.024786395
105579 5579.000000 17758100005579000 -0.592124999 -0.566705314 -0.375379870 -0.007187761
105580 5580.000000 17758100005580000 -0.592499971 -0.567057362 -0.374473828 -0.048279500
105581 5581.000000 17758100005581000 -0.592875004 -0.567176854 -0.379150686 -0.033130193
105582 5582.000000 17758100005582000 -0.593249977 -0.568018305 -0.381049659 -0.021958181
105583 5583.000000 17758100005583000 -0.593625009 -0.568133850 -0.387318457 -0.022563723
105584 5584.000000 17758100005584000 -0.593999982 -0.568313201 -0.377940370 0.023261975
105585 5585.000000 17758100005585000 -0.594375014 -0.568772142 -0.380058903 -0.008273431
105586 5586.000000 17758100005586000 -0.594749987 -0.569083209 -0.380382008 -0.025779141
105587 5587.000000 17758100005587000 -0.595125020 -0.569505391 -0.385990596 -0.008159477
105588 5588.000000 17758100005588000 -0.595499992 -0.569821039 -0.371563693 -0.036053883
105589 5589.000000 17758100005589000 -0.595875025 -0.570424776 -0.385513374 -0.029181524
105590 5590.000000 17758100005590000 -0.596249998 -0.570922593 -0.374642676 -0.041178401
105591 5591.000000 17758100005591000 -0.596624970 -0.570808460 -0.365650763 -0.005335773
105592 5592.000000 17758100005592000 -0.597000003 -0.571431462 -0.378833704 -0.007639876
105593 5593.000000 17758100005593000 -0.597374976 -0.571697645 -0.379864819 -0.002104677
105594 5594.000000 17758100005594000 -0.597750008 -0.572218904 -0.372882787 -0.027595721
105595 5595.000000 17758100005595000 -0.598124981 -0.572546280 -0.381272617 -0.025074290
105596 5596.000000 17758100005596000 -0.598500013 -0.573045335 -0.378278792 0.018308889
105597 5597.000000 17758100005597000 -0.598874986 -0.573243216 -0.376475832 -0.013301956
105598 5598.000000 17758100005598000 -0.599250019 -0.574098590 -0.366041586 -0.034246700
105599 5599.000000 17758100005599000 -0.599624991 -0.574066350 -0.374042972 0.013202416
105600 5600.000000 17758100005600000 -0.600000024 -0.574634183 -0.378019323 -0.011468548
105601 5601.000000 17758100005601000 -0.600374997 -0.575006244 -0.379402719 -0.013282610
105602 5602.000000 17758100005602000 -0.600750029 -0.575286863 -0.378610673 -0.031065346
105603 5603.000000 17758100005603000 -0.601125002 -0.575558672 -0.388852388 0.015436541
105604 5604.000000 17758100005604000 -0.601499975 -0.575984425 -0.379603392 -0.007794877
105605 5605.000000 17758100005605000 -0.601875007 -0.576571526 -0.378703561 -0.007598570
105606 5606.000000 17758100005606000 -0.602249980 -0.577064397 -0.380207775 0.018023070
105607 5607.000000 17758100005607000 -0.602625012 -0.576576084 -0.376279698 -0.010020822
105608 5608.000000 17758100005608000 -0.602999985 -0.577646827 -0.388833804 -0.029483221
105609 5609.000000 17758100005609000 -0.603375018 -0.577418533 -0.376065134 -0.001816440
105610 5610.000000 17758100005610000 -0.603749990 -0.578804739 -0.383810671 -0.006466367
105611 5611.000000 17758100005611000 -0.604125023 -0.578718900 -0.378461409 -0.009883931
105612 5612.000000 17758100005612000 -0.604499996 -0.578665398 -0.375180583 0.002929435
105613 5613.000000 17758100005613000 -0.604875028 -0.579067843 -0.378819759 0.025445494
105614 5614.000000 17758100005614000 -0.605250001 -0.579826304 -0.379466100 0.003295254
105615 5615.000000 17758100005615000 -0.605624974 -0.580177188 -0.380899647 0.004747371
105616 5616.000000 17758100005616000 -0.606000006 -0.580658656 -0.380415933 0.012420516
105617 5617.000000 17758100005617000 -0.606374979 -0.580749097 -0.378088365 -0.012147624
105618 5618.000000 17758100005618000 -0.606750011 -0.581884922 -0.373856644 -0.000679666
105619 5619.000000 17758100005619000 -0.607124984 -0.581716842 -0.378019068 -0.054225164
105620 5620.000000 17758100005620000 -0.607500017 -0.582213850 -0.376664241 -0.027347096
105621 5621.000000 17758100005621000 -0.607874990 -0.582696455 -0.379156411 -0.019549346
105622 5622.000000 17758100005622000 -0.608250022 -0.582781363 -0.381891403 -0.039378000
105623 5623.000000 17758100005623000 -0.608624995 -0.583329548 -0.377902511 -0.003519613
105624 5624.000000 17758100005624000 -0.609000027 -0.583318507 -0.370536027 -0.002418660
105625 5625.000000 17758100005625000 -0.609375000 -0.583951465 -0.369828945 -0.004145806
105626 5626.000000 17758100005626000 -0.609749973 -0.584471537 -0.383423209 -0.020866038
105627 5627.000000 17758100005627000 -0.610125005 -0.584901812 -0.382018552 -0.024995841
105628 5628.000000 17758100005628000 -0.610499978 -0.584779147 -0.382795036 -0.009512911
105629 5629.000000 17758100005629000 -0.610875010 -0.585496390 -0.374220884 0.009569320
105630 5630.000000 17758100005630000 -0.611249983 -0.585857120 -0.373924316 0.005203245
105631 5631.000000 17758100005631000 -0.611625016 -0.586465076 -0.370935478 0.008302120
105632 5632.000000 17758100005632000 -0.611999989 -0.586587616 -0.382328055 -0.016849388
105633 5633.000000 17758100005633000 -0.612375021 -0.587077803 -0.376953794 -0.002080903
105634 5634.000000 17758100005634000 -0.612749994 -0.587424967 -0.383706120 -0.048491621
105635 5635.000000 17758100005635000 -0.613125026 -0.588027103 -0.382548245 -0.020330467
105636 5636.000000 17758100005636000 -0.613499999 -0.587807908 -0.382037818 -0.022784772
105637 5637.000000 17758100005637000 -0.613874972 -0.588321436 -0.377344051 -0.007301130
105638 5638.000000 17758100005638000 -0.614250004 -0.589070817 -0.378759925 0.023620388
105639 5639.000000 17758100005639000 -0.614624977 -0.589392187 -0.374444994 0.015114258
105640 5640.000000 17758100005640000 -0.615000010 -0.589459778 -0.375257589 0.011905416
105641 5641.000000 17758100005641000 -0.615374982 -0.589937913 -0.377169724 -0.044422717
105642 5642.000000 17758100005642000 -0.615750015 -0.590425198 -0.390217979 0.031932393
105643 5643.000000 17758100005643000 -0.616124988 -0.590858606 -0.375040459 -0.011854177
105644 5644.000000 17758100005644000 -0.616500020 -0.591407519 -0.389373044 -0.009631368
105645 5645.000000 17758100005645000 -0.616874993 -0.591336372 -0.378228383 -0.012014880
105646 5646.000000 17758100005646000 -0.617250025 -0.591913724 -0.374597519 0.005578001
105647 5647.000000 17758100005647000 -0.617624998 -0.592214879 -0.375908241 0.009108214
105648 5648.000000 17758100005648000 -0.617999971 -0.592893696 -0.382624874 -0.041651056
105649 5649.000000 17758100005649000 -0.618375003 -0.592939518 -0.378971908 -0.004670371
105650 5650.000000 17758100005650000 -0.618749976 -0.593423150 -0.372501507 -0.017557106
105651 5651.000000 17758100005651000 -0.619125009 -0.594039474 -0.373075968 -0.028480272
105652 5652.000000 17758100005652000 -0.619499981 -0.594130294 -0.383580315 -0.015280516
105653 5653.000000 17758100005653000 -0.619875014 -0.594603760 -0.381796033 -0.045636997
105654 5654.000000 17758100005654000 -0.620249987 -0.594702592 -0.370662265 -0.021298620
105655 5655.000000 17758100005655000 -0.620625019 -0.595529501 -0.383002223 0.004690394
105656 5656.000000 17758100005656000 -0.620999992 -0.595543002 -0.370317916 -0.028994418
105657 5657.000000 17758100005657000 -0.621375024 -0.596227801 -0.377839602 0.013159063
105658 5658.000000 17758100005658000 -0.621749997 -0.596370812 -0.381249053 -0.018783781
105659 5659.000000 17758100005659000 -0.622125030 -0.596865126 -0.375973687 -0.005381082
105660 5660.000000 17758100005660000 -0.622500002 -0.597265217 -0.378785248 -0.012584614
105661 5661.000000 17758100005661000 -0.622874975 -0.597586488 -0.373110692 -0.000347016
105662 5662.000000 17758100005662000 -0.623250008 -0.598028923 -0.374168773 -0.006957820
105663 5663.000000 17758100005663000 -0.623624980 -0.598351485 -0.374577078 -0.004041764
105664 5664.000000 17758100005664000 -0.624000013 -0.598982191 -0.373064309 -0.026991807
105665 5665.000000 17758100005665000 -0.624374986 -0.599125960 -0.378410738 0.017065725
105666 5666.000000 17758100005666000 -0.624750018 -0.599456832 -0.376424574 -0.035612493
105667 5667.000000 17758100005667000 -0.625124991 -0.599690925 -0.376129201 -0.016177825
105668 5668.000000 17758100005668000 -0.625500023 -0.600282463 -0.368456499 -0.008467561
105669 5669.000000 17758100005669000 -0.625874996 -0.600565327 -0.379065777 -0.033341097
105670 5670.000000 17758100005670000 -0.626250029 -0.601083850 -0.379986901 -0.017475238
105671 5671.000000 17758100005671000 -0.626625001 -0.601384560 -0.375991437 -0.001985498
105672 5672.000000 17758100005672000 -0.626999974 -0.601742636 -0.371791653 -0.020872931
105673 5673.000000 17758100005673000 -0.627375007 -0.602220225 -0.374642843 -0.002791059
105674 5674.000000 17758100005674000 -0.627749979 -0.602281610 -0.367860999 -0.013600973
105675 5675.000000 17758100005675000 -0.628125012 -0.603112013 -0.377123533 -0.036566814
105676 5676.000000 17758100005676000 -0.628499985 -0.603387740 -0.384874577 0.006667204
105677 5677.000000 17758100005677000 -0.628875017 -0.603543767 -0.377789338 -0.004355344
105678 5678.000000 17758100005678000 -0.629249990 -0.603528133 -0.385422671 0.000324928
105679 5679.000000 17758100005679000 -0.629625022 -0.604206722 -0.370694004 -0.035887869
105680 5680.000000 17758100005680000 -0.629999995 -0.604999923 -0.380996446 -0.039822043
105681 5681.000000 17758100005681000 -0.630375028 -0.605041754 -0.380793254 -0.003699580
105682 5682.000000 17758100005682000 -0.630750000 -0.605726500 -0.373263089 -0.019538264
105683 5683.000000 17758100005683000 -0.631124973 -0.606024757 -0.382577104 0.020060030
105684 5684.000000 17758100005684000 -0.631500006 -0.606021056 -0.372232112 0.007803032
105685 5685.000000 17758100005685000 -0.631874979 -0.606388477 -0.372493802 -0.000915061
105686 5686.000000 17758100005686000 -0.632250011 -0.606858327 -0.373626583 -0.044773731
105687 5687.000000 17758100005687000 -0.632624984 -0.607019353 -0.381917098 0.016668235
105688 5688.000000 17758100005688000 -0.633000016 -0.607817592 -0.373201119 -0.011267984
105689 5689.000000 17758100005689000 -0.633374989 -0.607922906 -0.374556759 0.037008548
105690 5690.000000 17758100005690000 -0.633750021 -0.608625756 -0.376811176 -0.017909839
105691 5691.000000 17758100005691000 -0.634124994 -0.609306616 -0.374097886 -0.029422471
105692 5692.000000 17758100005692000 -0.634500027 -0.609032949 -0.379567433 -0.001620119
105693 5693.000000 17758100005693000 -0.634875000 -0.609745400 -0.383384032 -0.010857539
105694 5694.000000 17758100005694000 -0.635249972 -0.610005672 -0.381813869 0.003641605
105695 5695.000000 17758100005695000 -0.635625005 -0.610256784 -0.377419331 -0.005680252
105696 5696.000000 17758100005696000 -0.635999978 -0.610958329 -0.376987074 -0.004225256
105697 5697.000000 17758100005697000 -0.636375010 -0.611253853 -0.386335858 -0.010073753
105698 5698.000000 17758100005698000 -0.636749983 -0.611535774 -0.376867226 -0.021379044
105699 5699.000000 17758100005699000 -0.637125015 -0.611920769 -0.371828315 -0.023855642
105700 5700.000000 17758100005700000 -0.637499988 -0.611861509 -0.380732123 -0.005897393
105701 5701.000000 17758100005701000 -0.637875021 -0.612488852 -0.372515185 -0.015745425
105702 5702.000000 17758100005702000 -0.638249993 -0.612951890 -0.384945610 -0.037565254
105703 5703.000000 17758100005703000 -0.638625026 -0.613091355 -0.380400437 -0.027519704
105704 5704.000000 17758100005704000 -0.638999999 -0.613599750 -0.385619457 0.027479949
105705 5705.000000 17758100005705000 -0.639374971 -0.614624795 -0.382288423 0.000923213
105706 5706.000000 17758100005706000 -0.639750004 -0.614368182 -0.374186957 -0.002218234
105707 5707.000000 17758100005707000 -0.640124977 -0.614939087 -0.378947265 0.010034029
105708 5708.000000 17758100005708000 -0.640500009 -0.615379522 -0.385567900 -0.013000097
105709 5709.000000 17758100005709000 -0.640874982 -0.615613098 -0.375023803 -0.007640462
105710 5710.000000 17758100005710000 -0.641250014 -0.616124391 -0.373489356 -0.014572583
105711 5711.000000 17758100005711000 -0.641624987 -0.616534301 -0.388555673 -0.042942001
105712 5712.000000 17758100005712000 -0.642000020 -0.616679196 -0.383788723 -0.083294344
105713 5713.000000 17758100005713000 -0.642374992 -0.616728076 -0.373611045 0.009886698
105714 5714.000000 17758100005714000 -0.642750025 -0.617415213 -0.379820413 -0.013026877
105715 5715.000000 17758100005715000 -0.643124998 -0.617986577 -0.371409727 -0.015949518
105716 5716.000000 17758100005716000 -0.643499970 -0.618847305 -0.373074458 -0.007399233
105717 5717.000000 17758100005717000 -0.643875003 -0.618921615 -0.376198177 0.022899033
105718 5718.000000 17758100005718000 -0.644249976 -0.619101631 -0.371634692 0.027158618
105719 5719.000000 17758100005719000 -0.644625008 -0.619383760 -0.386089168 0.021513806
105720 5720.000000 17758100005720000 -0.644999981 -0.619593917 -0.374038600 -0.003543900
105721 5721.000000 17758100005721000 -0.645375013 -0.620293854 -0.380138278 -0.024719246
105722 5722.000000 17758100005722000 -0.645749986 -0.620527617 -0.379258274 -0.038164118
105723 5723.000000 17758100005723000 -0.646125019 -0.620716836 -0.383080538 -0.023592408
105724 5724.000000 17758100005724000 -0.646499991 -0.621362829 -0.376068474 -0.038125199
105725 5725.000000 17758100005725000 -0.646875024 -0.621263497 -0.377812049 0.023414021
105726 5726.000000 17758100005726000 -0.647249997 -0.621866103 -0.387840585 -0.007470753
105727 5727.000000 17758100005727000 -0.647625029 -0.622454907 -0.371788651 -0.015926753
105728 5728.000000 17758100005728000 -0.648000002 -0.622633125 -0.377738860 -0.011033018
105729 5729.000000 17758100005729000 -0.648374975 -0.623039029 -0.377487036 0.016524067
105730 5730.000000 17758100005730000 -0.648750007 -0.623492037 -0.376254914 -0.040835378
105731 5731.000000 17758100005731000 -0.649124980 -0.624261180 -0.374154299 0.018478810
105732 5732.000000 17758100005732000 -0.649500012 -0.624664634 -0.377764684 -0.033972011
105733 5733.000000 17758100005733000 -0.649874985 -0.624883301 -0.375154364 0.013243702
105734 5734.000000 17758100005734000 -0.650250018 -0.624988009 -0.381592397 0.016075872
105735 5735.000000 17758100005735000 -0.650624990 -0.625509840 -0.371351981 0.009974446
105736 5736.000000 17758100005736000 -0.651000023 -0.626064400 -0.379703782 -0.051123518
105737 5737.000000 17758100005737000 -0.651374996 -0.626151029 -0.380694699 -0.033037604
105738 5738.000000 17758100005738000 -0.651750028 -0.626281290 -0.372298193 -0.003096257
105739 5739.000000 17758100005739000 -0.652125001 -0.626742867 -0.371146379 0.023133896
105740 5740.000000 17758100005740000 -0.652499974 -0.627425092 -0.369800337 -0.016604574
105741 5741.000000 17758100005741000 -0.652875006 -0.627958161 -0.377285495 -0.020851795
105742 5742.000000 17758100005742000 -0.653249979 -0.627919912 -0.372519083 -0.023454386
105743 5743.000000 17758100005743000 -0.653625011 -0.628641165 -0.384696273 -0.036359671
105744 5744.000000 17758100005744000 -0.653999984 -0.628627471 -0.382803427 -0.001501919
105745 5745.000000 17758100005745000 -0.654375017 -0.629069246 -0.372267316 -0.037554991
105746 5746.000000 17758100005746000 -0.654749990 -0.629974225 -0.381468768 -0.020914505
105747 5747.000000 17758100005747000 -0.655125022 -0.629994184 -0.376933703 -0.016033631
105748 5748.000000 17758100005748000 -0.655499995 -0.630260487 -0.375595586 -0.042880681
105749 5749.000000 17758100005749000 -0.655875027 -0.630532222 -0.382513857 -0.008424341
105750 5750.000000 17758100005750000 -0.656250000 -0.630960378 -0.375688620 -0.036975700
105751 5751.000000 17758100005751000 -0.656624973 -0.631688322 -0.367861263 -0.005594042
105752 5752.000000 17758100005752000 -0.657000005 -0.631722538 -0.375406511 -0.004680005
105753 5753.000000 17758100005753000 -0.657374978 -0.632505071 -0.371008839 -0.023821987
105754 5754.000000 17758100005754000 -0.657750010 -0.633168496 -0.381067704 0.005338587
105755 5755.000000 17758100005755000 -0.658124983 -0.633043338 -0.377778350 -0.026354717
105756 5756.000000 17758100005756000 -0.658500016 -0.633225400 -0.378310350 -0.015409882
105757 5757.000000 17758100005757000 -0.658874989 -0.634065285 -0.372039446 -0.030757055
105758 5758.000000 17758100005758000 -0.659250021 -0.634251679 -0.389412008 -0.021948854
105759 5759.000000 17758100005759000 -0.659624994 -0.634710429 -0.384065946 -0.050077253
105760 5760.000000 17758100005760000 -0.660000026 -0.635030375 -0.379274673 0.004361475
105761 5761.000000 17758100005761000 -0.660374999 -0.635495575 -0.377188293 -0.009843550
105762 5762.000000 17758100005762000 -0.660749972 -0.635920704 -0.375360885 -0.022104223
105763 5763.000000 17758100005763000 -0.661125004 -0.636150628 -0.382279010 -0.036957105
105764 5764.000000 17758100005764000 -0.661499977 -0.636369099 -0.368154282 -0.007972968
105765 5765.000000 17758100005765000 -0.661875010 -0.636706168 -0.386653530 0.000098298
105766 5766.000000 17758100005766000 -0.662249982 -0.637350077 -0.385401222 0.012419859
105767 5767.000000 17758100005767000 -0.662625015 -0.637542858 -0.384927135 -0.020033989
105768 5768.000000 17758100005768000 -0.662999988 -0.637751738 -0.383903612 -0.013614482
105769 5769.000000 17758100005769000 -0.663375020 -0.638346247 -0.377446062 0.005232554
105770 5770.000000 17758100005770000 -0.663749993 -0.638988443 -0.373267914 -0.010845562
105771 5771.000000 17758100005771000 -0.664125025 -0.639057342 -0.373179689 0.044080556
105772 5772.000000 17758100005772000 -0.664499998 -0.639531049 -0.379519902 -0.003569795
105773 5773.000000 17758100005773000 -0.664874971 -0.640102320 -0.383277878 0.013312480
105774 5774.000000 17758100005774000 -0.665250003 -0.640148150 -0.379131316 -0.006967609
105775 5775.000000 17758100005775000 -0.665624976 -0.640912155 -0.374281431 -0.003835595
105776 5776.000000 17758100005776000 -0.666000009 -0.641045309 -0.379557142 -0.012218100
105777 5777.000000 17758100005777000 -0.666374981 -0.641479598 -0.370071199 -0.025849161
105778 5778.000000 17758100005778000 -0.666750014 -0.641848186 -0.381572696 -0.020311126
105779 5779.000000 17758100005779000 -0.667124987 -0.642246211 -0.370968213 -0.008953058
105780 5780.000000 17758100005780000 -0.667500019 -0.642412662 -0.371736613 -0.019218570
105781 5781.000000 17758100005781000 -0.667874992 -0.642635542 -0.392135761 -0.026454027
105782 5782.000000 17758100005782000 -0.668250024 -0.643000368 -0.380010674 0.000261963
105783 5783.000000 17758100005783000 -0.668624997 -0.643554375 -0.375620215 -0.000635216
105784 5784.000000 17758100005784000 -0.669000030 -0.644106056 -0.382153751 0.007822379
105785 5785.000000 17758100005785000 -0.669375002 -0.644331426 -0.379780397 -0.041572848
105786 5786.000000 17758100005786000 -0.669749975 -0.644943307 -0.380519871 -0.040480539
105787 5787.000000 17758100005787000 -0.670125008 -0.644795502 -0.374026849 -0.046441009
105788 5788.000000 17758100005788000 -0.670499980 -0.645464778 -0.384700181 -0.037468803
105789 5789.000000 17758100005789000 -0.670875013 -0.646011353 -0.376238611 -0.023776897
105790 5790.000000 17758100005790000 -0.671249986 -0.646217581 -0.383939204 0.010665898
105791 5791.000000 17758100005791000 -0.671625018 -0.646386480 -0.386142612 -0.038441254
105792 5792.000000 17758100005792000 -0.671999991 -0.646864743 -0.378507920 0.013456348
105793 5793.000000 17758100005793000 -0.672375023 -0.647369230 -0.371952651 0.003500493
105794 5794.000000 17758100005794000 -0.672749996 -0.647807714 -0.381951799 -0.007013576
105795 5795.000000 17758100005795000 -0.673125029 -0.648294042 -0.367685220 0.001889829
105796 5796.000000 17758100005796000 -0.673500001 -0.648375063 -0.375466385 0.008991940
105797 5797.000000 17758100005797000 -0.673874974 -0.648838167 -0.387492335 -0.017418525
105798 5798.000000 17758100005798000 -0.674250007 -0.649730881 -0.384868255 0.022615861
105799 5799.000000 17758100005799000 -0.674624979 -0.649602860 -0.378902600 0.005963085
105800 5800.000000 17758100005800000 -0.675000012 -0.650171659 -0.380838997 -0.010707088
105801 5801.000000 17758100005801000 -0.675374985 -0.650563813 -0.384208650 0.013884409
105802 5802.000000 17758100005802000 -0.675750017 -0.650775915 -0.369776068 -0.026986972
105803 5803.000000 17758100005803000 -0.676124990 -0.651138311 -0.383849922 -0.007889986
105804 5804.000000 17758100005804000 -0.676500022 -0.651457976 -0.383723818 -0.032746171
105805 5805.000000 17758100005805000 -0.676874995 -0.652297675 -0.375838178 0.027480009
105806 5806.000000 17758100005806000 -0.677250028 -0.652143253 -0.382124880 -0.037534114
105807 5807.000000 17758100005807000 -0.677625000 -0.652624699 -0.374293669 -0.028472853
105808 5808.000000 17758100005808000 -0.677999973 -0.653026129 -0.377373744 -0.048527575
105809 5809.000000 17758100005809000 -0.678375006 -0.653497158 -0.373716105 0.020676537
105810 5810.000000 17758100005810000 -0.678749979 -0.653855654 -0.372281092 -0.005465018
105811 5811.000000 17758100005811000 -0.679125011 -0.653952196 -0.377628105 -0.001685297
105812 5812.000000 17758100005812000 -0.679499984 -0.654827774 -0.377989333 -0.014547794
105813 5813.000000 17758100005813000 -0.679875016 -0.655102281 -0.365988042 -0.025668469
105814 5814.000000 17758100005814000 -0.680249989 -0.655556473 -0.373235920 -0.007139848
105815 5815.000000 17758100005815000 -0.680625021 -0.655778312 -0.375861715 -0.014642684
105816 5816.000000 17758100005816000 -0.680999994 -0.656174470 -0.374874899 -0.011879440
105817 5817.000000 17758100005817000 -0.681375027 -0.656758931 -0.380483277 0.008591493
105818 5818.000000 17758100005818000 -0.681750000 -0.657014654 -0.378843396 -0.006671957
105819 5819.000000 17758100005819000 -0.682124972 -0.657377954 -0.383989894 0.001054732
105820 5820.000000 17758100005820000 -0.682500005 -0.657440752 -0.373890123 -0.023190885
105821 5821.000000 17758100005821000 -0.682874978 -0.658103120 -0.388214031 -0.004685604
105822 5822.000000 17758100005822000 -0.683250010 -0.658205333 -0.378999202 -0.010444560
105823 5823.000000 17758100005823000 -0.683624983 -0.658719210 -0.376362882 -0.041340760
105824 5824.000000 17758100005824000 -0.684000015 -0.658706488 -0.375263437 -0.031131599
105825 5825.000000 17758100005825000 -0.684374988 -0.659416395 -0.374327196 0.002007880
105826 5826.000000 17758100005826000 -0.684750021 -0.660256405 -0.385529360 -0.025643215
105827 5827.000000 17758100005827000 -0.685124993 -0.659936132 -0.378111245 -0.017953457
105828 5828.000000 17758100005828000 -0.685500026 -0.660522091 -0.376610425 -0.020433899
105829 5829.000000 17758100005829000 -0.685874999 -0.661204385 -0.378176266 -0.048579907
105830 5830.000000 17758100005830000 -0.686249971 -0.661144976 -0.377898002 0.009643768
105831 5831.000000 17758100005831000 -0.686625004 -0.661751210 -0.384329386 -0.000982536
105832 5832.000000 17758100005832000 -0.686999977 -0.662277155 -0.373302100 -0.019097040
105833 5833.000000 17758100005833000 -0.687375009 -0.662605575 -0.375141120 -0.019565609
105834 5834.000000 17758100005834000 -0.687749982 -0.662862122 -0.385299064 -0.036184742
105835 5835.000000 17758100005835000 -0.688125014 -0.663170041 -0.369284594 0.001662728
105836 5836.000000 17758100005836000 -0.688499987 -0.663798616 -0.377295238 0.014044225
105837 5837.000000 17758100005837000 -0.688875020 -0.664091436 -0.369916400 -0.002114342
105838 5838.000000 17758100005838000 -0.689249992 -0.664498855 -0.380411064 -0.002852698
105839 5839.000000 17758100005839000 -0.689625025 -0.664599802 -0.376518574 -0.018771186
105840 5840.000000 17758100005840000 -0.689999998 -0.665298536 -0.384094434 0.003946582
105841 5841.000000 17758100005841000 -0.690374970 -0.665415583 -0.369695671 -0.001962501
105842 5842.000000 17758100005842000 -0.690750003 -0.665806072 -0.374721163 0.006929529
105843 5843.000000 17758100005843000 -0.691124976 -0.666126894 -0.382992530 -0.003918650
105844 5844.000000 17758100005844000 -0.691500008 -0.666695587 -0.364511214 0.003554299
105845 5845.000000 17758100005845000 -0.691874981 -0.666818692 -0.373983512 -0.008010340
105846 5846.000000 17758100005846000 -0.692250013 -0.667440533 -0.373850550 0.028967443
105847 5847.000000 17758100005847000 -0.692624986 -0.667736115 -0.382005894 -0.001959496
105848 5848.000000 17758100005848000 -0.693000019 -0.668426947 -0.370617438 -0.011681546
105849 5849.000000 17758100005849000 -0.693374991 -0.668982567 -0.372562874 -0.025692583
105850 5850.000000 17758100005850000 -0.693750024 -0.668572166 -0.378318028 -0.046537342
105851 5851.000000 17758100005851000 -0.694124997 -0.669305032 -0.379828195 -0.019030583
105852 5852.000000 17758100005852000 -0.694500029 -0.669721537 -0.380938992 -0.006144651
105853 5853.000000 17758100005853000 -0.694875002 -0.670083444 -0.379028230 0.013654135
105854 5854.000000 17758100005854000 -0.695249975 -0.670346351 -0.371814103 0.003341352
105855 5855.000000 17758100005855000 -0.695625007 -0.670802038 -0.380333625 -0.006427143
105856 5856.000000 17758100005856000 -0.695999980 -0.671393416 -0.375486557 -0.010396815
105857 5857.000000 17758100005857000 -0.696375012 -0.671524498 -0.381389929 0.002780816
105858 5858.000000 17758100005858000 -0.696749985 -0.672136781 -0.378375591 -0.032714524
105859 5859.000000 17758100005859000 -0.697125018 -0.672270233 -0.383774372 0.014132129
105860 5860.000000 17758100005860000 -0.697499990 -0.672707161 -0.374760525 -0.025668927
105861 5861.000000 17758100005861000 -0.697875023 -0.673115514 -0.380395656 -0.001669075
105862 5862.000000 17758100005862000 -0.698249996 -0.673367067 -0.388252635 -0.016917168
105863 5863.000000 17758100005863000 -0.698625028 -0.673500052 -0.380194554 0.007726058
105864 5864.000000 17758100005864000 -0.699000001 -0.674176938 -0.383419837 -0.034141729
105865 5865.000000 17758100005865000 -0.699374974 -0.674586244 -0.379780531 -0.001279461
105866 5866.000000 17758100005866000 -0.699750006 -0.675077312 -0.372780831 0.011268364
105867 5867.000000 17758100005867000 -0.700124979 -0.675359190 -0.373922921 -0.035806648
105868 5868.000000 17758100005868000 -0.700500011 -0.675793986 -0.375827478 0.007408975
105869 5869.000000 17758100005869000 -0.700874984 -0.676050163 -0.375856424 -0.000387456
105870 5870.000000 17758100005870000 -0.701250017 -0.676325026 -0.377205675 -0.011512888
105871 5871.000000 17758100005871000 -0.701624990 -0.676461974 -0.381531259 -0.000202442
105872 5872.000000 17758100005872000 -0.702000022 -0.677350177 -0.380096934 -0.013017270
105873 5873.000000 17758100005873000 -0.702374995 -0.677273962 -0.373984225 -0.001243779
105874 5874.000000 17758100005874000 -0.702750027 -0.678088311 -0.379838698 -0.013944324
105875 5875.000000 17758100005875000 -0.703125000 -0.678604226 -0.378447242 -0.024994728
105876 5876.000000 17758100005876000 -0.703499973 -0.678756878 -0.373517172 -0.003024697
105877 5877.000000 17758100005877000 -0.703875005 -0.678785603 -0.377145799 0.030995580
105878 5878.000000 17758100005878000 -0.704249978 -0.679357260 -0.381289877 0.000548046
105879 5879.000000 17758100005879000 -0.704625010 -0.679413296 -0.372708064 -0.005543781
105880 5880.000000 17758100005880000 -0.704999983 -0.680149096 -0.375998515 0.032086811
105881 5881.000000 17758100005881000 -0.705375016 -0.680760635 -0.374046799 0.043543547
105882 5882.000000 17758100005882000 -0.705749989 -0.681413366 -0.384545341 0.020176611
105883 5883.000000 17758100005883000 -0.706125021 -0.681371282 -0.377239268 -0.008650830
105884 5884.000000 17758100005884000 -0.706499994 -0.681687696 -0.379856862 -0.012473083
105885 5885.000000 17758100005885000 -0.706875026 -0.681983203 -0.369875042 0.000461678
105886 5886.000000 17758100005886000 -0.707249999 -0.682832060 -0.380627178 -0.030628327
105887 5887.000000 17758100005887000 -0.707624972 -0.682778221 -0.377765139 -0.043606252
105888 5888.000000 17758100005888000 -0.708000004 -0.682710000 -0.376385374 -0.008940382
105889 5889.000000 17758100005889000 -0.708374977 -0.683692478 -0.373158045 -0.005579175
105890 5890.000000 17758100005890000 -0.708750010 -0.684036182 -0.380126463 -0.003385952
105891 5891.000000 17758100005891000 -0.709124982 -0.684331244 -0.375341469 -0.012579163
105892 5892.000000 17758100005892000 -0.709500015 -0.684824481 -0.376842813 -0.014582251
105893 5893.000000 17758100005893000 -0.709874988 -0.685404304 -0.385051430 -0.056392447
105894 5894.000000 17758100005894000 -0.710250020 -0.685688164 -0.373551264 -0.025806312
105895 5895.000000 17758100005895000 -0.710624993 -0.686027462 -0.371875903 -0.018415147
105896 5896.000000 17758100005896000 -0.711000025 -0.686357609 -0.376815150 0.022972946
105897 5897.000000 17758100005897000 -0.711374998 -0.686502800 -0.381961579 -0.043410501
105898 5898.000000 17758100005898000 -0.711749971 -0.687291951 -0.375857322 -0.009917658
105899 5899.000000 17758100005899000 -0.712125003 -0.687403309 -0.369819752 -0.029414652
105900 5900.000000 17758100005900000 -0.712499976 -0.687839567 -0.379696140 -0.011012296
105901 5901.000000 17758100005901000 -0.712875009 -0.688346251 -0.378867508 0.027415641
105902 5902.000000 17758100005902000 -0.713249981 -0.688600780 -0.379889433 0.003714368
105903 5903.000000 17758100005903000 -0.713625014 -0.688660770 -0.379295866 0.006833159
105904 5904.000000 17758100005904000 -0.713999987 -0.689102877 -0.374032914 0.012019911
105905 5905.000000 17758100005905000 -0.714375019 -0.689906662 -0.372980796 -0.000401240
105906 5906.000000 17758100005906000 -0.714749992 -0.689923696 -0.379325039 0.024337824
105907 5907.000000 17758100005907000 -0.715125024 -0.690376760 -0.388420504 0.003499762
105908 5908.000000 17758100005908000 -0.715499997 -0.690719540 -0.386541923 -0.017462692
105909 5909.000000 17758100005909000 -0.715875030 -0.691302782 -0.368547435 -0.028569676
105910 5910.000000 17758100005910000 -0.716250002 -0.691915629 -0.385003109 -0.023394569
105911 5911.000000 17758100005911000 -0.716624975 -0.691992098 -0.381229699 0.000510005
105912 5912.000000 17758100005912000 -0.717000008 -0.692163058 -0.375750582 0.011506983
105913 5913.000000 17758100005913000 -0.717374980 -0.692783339 -0.374647370 -0.025199728
105914 5914.000000 17758100005914000 -0.717750013 -0.693189863 -0.373277650 -0.054265592
105915 5915.000000 17758100005915000 -0.718124986 -0.693484398 -0.378080357 -0.020417521
105916 5916.000000 17758100005916000 -0.718500018 -0.694054657 -0.378516235 -0.008799097
105917 5917.000000 17758100005917000 -0.718874991 -0.694232382 -0.375521904 -0.003388927
105918 5918.000000 17758100005918000 -0.719250023 -0.694729801 -0.375792069 -0.006751050
105919 5919.000000 17758100005919000 -0.719624996 -0.695057444 -0.376680717 -0.010133605
105920 5920.000000 17758100005920000 -0.720000029 -0.695629993 -0.380906162 -0.022421589
105921 5921.000000 17758100005921000 -0.720375001 -0.695580972 -0.373960818 -0.009133158
105922 5922.000000 17758100005922000 -0.720749974 -0.696465233 -0.380586829 -0.002767912
105923 5923.000000 17758100005923000 -0.721125007 -0.696819545 -0.379953501 -0.019135073
105924 5924.000000 17758100005924000 -0.721499979 -0.696873979 -0.376560657 -0.020625831
105925 5925.000000 17758100005925000 -0.721875012 -0.697467220 -0.382317125 -0.020390571
105926 5926.000000 17758100005926000 -0.722249985 -0.697580974 -0.369970929 -0.037319310
105927 5927.000000 17758100005927000 -0.722625017 -0.697980455 -0.369936112 0.024249517
105928 5928.000000 17758100005928000 -0.722999990 -0.698956975 -0.367305263 0.012890061
105929 5929.000000 17758100005929000 -0.723375022 -0.698608717 -0.385120562 0.000312061
105930 5930.000000 17758100005930000 -0.723749995 -0.699294348 -0.377807817 -0.012821917
105931 5931.000000 17758100005931000 -0.724125028 -0.699588408 -0.384481195 -0.025709739
105932 5932.000000 17758100005932000 -0.724500000 -0.699906167 -0.374569374 -0.027942583
105933 5933.000000 17758100005933000 -0.724874973 -0.700684931 -0.380457553 -0.020989400
105934 5934.000000 17758100005934000 -0.725250006 -0.700225430 -0.375160461 -0.021122497
105935 5935.000000 17758100005935000 -0.725624979 -0.701115821 -0.378759331 0.003533431
105936 5936.000000 17758100005936000 -0.726000011 -0.702025364 -0.377272386 -0.012672241
105937 5937.000000 17758100005937000 -0.726374984 -0.701958319 -0.373808609 -0.023390092
105938 5938.000000 17758100005938000 -0.726750016 -0.702299649 -0.375091052 0.013360841
105939 5939.000000 17758100005939000 -0.727124989 -0.702633318 -0.373824363 -0.025479732
105940 5940.000000 17758100005940000 -0.727500021 -0.702928415 -0.371116239 -0.000571856
105941 5941.000000 17758100005941000 -0.727874994 -0.703457254 -0.370002438 0.010718938
105942 5942.000000 17758100005942000 -0.728250027 -0.703585528 -0.373844105 0.005945265
105943 5943.000000 17758100005943000 -0.728625000 -0.704129370 -0.372499360 -0.011834821
105944 5944.000000 17758100005944000 -0.728999972 -0.704488007 -0.374133538 -0.015077301
105945 5945.000000 17758100005945000 -0.729375005 -0.704880671 -0.375488960 0.007570755
105946 5946.000000 17758100005946000 -0.729749978 -0.705211662 -0.378867179 -0.018167798
105947 5947.000000 17758100005947000 -0.730125010 -0.705791361 -0.375619176 -0.024293833
105948 5948.000000 17758100005948000 -0.730499983 -0.706001430 -0.381221075 -0.035222764
105949 5949.000000 17758100005949000 -0.730875015 -0.706544385 -0.373029159 -0.009275366
105950 5950.000000 17758100005950000 -0.731249988 -0.706917075 -0.365701243 0.002960774
105951 5951.000000 17758100005951000 -0.731625021 -0.707222116 -0.372692695 0.017285364
105952 5952.000000 17758100005952000 -0.731999993 -0.707688289 -0.370522860 -0.040484832
105953 5953.000000 17758100005953000 -0.732375026 -0.707546554 -0.382594692 0.010091982
105954 5954.000000 17758100005954000 -0.732749999 -0.708025903 -0.376469769 -0.037428799
105955 5955.000000 17758100005955000 -0.733124971 -0.708913759 -0.385689746 0.001055160
105956 5956.000000 17758100005956000 -0.733500004 -0.708809407 -0.373798519 -0.012738637
105957 5957.000000 17758100005957000 -0.733874977 -0.709309481 -0.372346085 -0.017945381
105958 5958.000000 17758100005958000 -0.734250009 -0.709210830 -0.376982574 0.000980735
105959 5959.000000 17758100005959000 -0.734624982 -0.710401724 -0.384374323 0.000533651
105960 5960.000000 17758100005960000 -0.735000014 -0.710278473 -0.381037075 -0.020857715
105961 5961.000000 17758100005961000 -0.735374987 -0.710799091 -0.379903023 0.007354243
105962 5962.000000 17758100005962000 -0.735750020 -0.711281467 -0.375486741 -0.010666167
105963 5963.000000 17758100005963000 -0.736124992 -0.711773007 -0.377694913 0.002976578
105964 5964.000000 17758100005964000 -0.736500025 -0.712081533 -0.365484977 0.009880345
105965 5965.000000 17758100005965000 -0.736874998 -0.711941619 -0.379824747 -0.035141430
105966 5966.000000 17758100005966000 -0.737249970 -0.712581277 -0.371115490 -0.012499283
105967 5967.000000 17758100005967000 -0.737625003 -0.712915229 -0.384785003 -0.022354743
105968 5968.000000 17758100005968000 -0.737999976 -0.713164986 -0.373858659 -0.027328236
105969 5969.000000 17758100005969000 -0.738375008 -0.713871853 -0.377869804 0.009198322
105970 5970.000000 17758100005970000 -0.738749981 -0.714577311 -0.369823301 -0.041223616
105971 5971.000000 17758100005971000 -0.739125013 -0.714630956 -0.372579635 -0.022082573
105972 5972.000000 17758100005972000 -0.739499986 -0.715038532 -0.375956418 -0.019811314
105973 5973.000000 17758100005973000 -0.739875019 -0.715343177 -0.374112891 -0.017645789
105974 5974.000000 17758100005974000 -0.740249991 -0.716020392 -0.374900095 -0.047493937
105975 5975.000000 17758100005975000 -0.740625024 -0.716184226 -0.376212773 -0.013053267
105976 5976.000000 17758100005976000 -0.740999997 -0.716537383 -0.383721954 -0.019013765
105977 5977.000000 17758100005977000 -0.741375029 -0.716868437 -0.377020556 0.024360131
105978 5978.000000 17758100005978000 -0.741750002 -0.716872780 -0.375670961 -0.019324011
105979 5979.000000 17758100005979000 -0.742124975 -0.717576608 -0.369814674 -0.018453021
105980 5980.000000 17758100005980000 -0.742500007 -0.718047360 -0.376449442 -0.043383625
105981 5981.000000 17758100005981000 -0.742874980 -0.718348309 -0.375945685 -0.024203418
105982 5982.000000 17758100005982000 -0.743250012 -0.719044257 -0.366312007 0.022514801
105983 5983.000000 17758100005983000 -0.743624985 -0.719184068 -0.383787336 0.000004741
105984 5984.000000 17758100005984000 -0.744000018 -0.719613845 -0.380915292 -0.003509515
105985 5985.000000 17758100005985000 -0.744374990 -0.719893508 -0.378135778 -0.000689268
105986 5986.000000 17758100005986000 -0.744750023 -0.720536943 -0.372605616 -0.009544208
105987 5987.000000 17758100005987000 -0.745124996 -0.720800690 -0.372223359 -0.037548557
105988 5988.000000 17758100005988000 -0.745500028 -0.721501913 -0.382502131 0.006274990
105989 5989.000000 17758100005989000 -0.745875001 -0.721665964 -0.376645224 -0.013348838
105990 5990.000000 17758100005990000 -0.746249974 -0.721504287 -0.377970728 0.003017598
105991 5991.000000 17758100005991000 -0.746625006 -0.722134009 -0.376106288 0.009708075
105992 5992.000000 17758100005992000 -0.746999979 -0.722596343 -0.382547066 -0.011458270
105993 5993.000000 17758100005993000 -0.747375011 -0.722884533 -0.377147104 0.016555674
105994 5994.000000 17758100005994000 -0.747749984 -0.723510690 -0.388551280 -0.018716946
105995 5995.000000 17758100005995000 -0.748125017 -0.723684630 -0.374138064 0.022670582
105996 5996.000000 17758100005996000 -0.748499990 -0.723773433 -0.371190627 -0.010199704
105997 5997.000000 17758100005997000 -0.748875022 -0.724430962 -0.369134260 0.006116885
105998 5998.000000 17758100005998000 -0.749249995 -0.724708487 -0.377049798 0.010623682
105999 5999.000000 17758100005999000 -0.749625027 -0.725584642 -0.374407018 -0.028972003
106000 6000.000000 17758100006000000 -0.750000000 -0.725629624 -0.376085166 -0.013798166
106001 6001.000000 17758100006001000 -0.749499977 -0.726014669 -0.385383321 -0.017576730
106002 6002.000000 17758100006002000 -0.749000013 -0.726140007 -0.381823948 -0.013462469
106003 6003.000000 17758100006003000 -0.748499990 -0.726537628 -0.382681488 0.005299640
106004 6004.000000 17758100006004000 -0.748000026 -0.726813499 -0.375796830 0.035866039
106005 6005.000000 17758100006005000 -0.747500002 -0.727550450 -0.370040821 0.033795735
106006 6006.000000 17758100006006000 -0.746999979 -0.727641975 -0.375084565 -0.001717840
106007 6007.000000 17758100006007000 -0.746500015 -0.727998615 -0.381097725 0.003736578
106008 6008.000000 17758100006008000 -0.745999992 -0.728645379 -0.370070682 0.068252039
106009 6009.000000 17758100006009000 -0.745500028 -0.729053506 -0.363708742 0.038471408
106010 6010.000000 17758100006010000 -0.745000005 -0.729398693 -0.374568766 0.060291471
106011 6011.000000 17758100006011000 -0.744499981 -0.729524057 -0.366918591 0.063187661
106012 6012.000000 17758100006012000 -0.744000018 -0.730132283 -0.357688894 0.103848378
106013 6013.000000 17758100006013000 -0.743499994 -0.730447497 -0.353379157 0.071763327
106014 6014.000000 17758100006014000 -0.742999971 -0.731230969 -0.350373324 0.084538657
106015 6015.000000 17758100006015000 -0.742500007 -0.731378727 -0.360217721 0.071619555
106016 6016.000000 17758100006016000 -0.741999984 -0.731395068 -0.349216098 0.111955708
106017 6017.000000 17758100006017000 -0.741500020 -0.731789403 -0.354455892 0.098047177
106018 6018.000000 17758100006018000 -0.740999997 -0.732202060 -0.347399256 0.140880169
106019 6019.000000 17758100006019000 -0.740499973 -0.732465928 -0.333936803 0.136401053
106020 6020.000000 17758100006020000 -0.740000010 -0.732952863 -0.327519719 0.122193592
106021 6021.000000 17758100006021000 -0.739499986 -0.733305348 -0.326321215 0.111431902
106022 6022.000000 17758100006022000 -0.739000022 -0.733488917 -0.324152206 0.125519758
106023 6023.000000 17758100006023000 -0.738499999 -0.733892013 -0.314564855 0.108992104
106024 6024.000000 17758100006024000 -0.737999976 -0.733974941 -0.310484571 0.151031618
106025 6025.000000 17758100006025000 -0.737500012 -0.734801694 -0.313553593 0.159526457
106026 6026.000000 17758100006026000 -0.736999989 -0.734642567 -0.305670280 0.140547251
106027 6027.000000 17758100006027000 -0.736500025 -0.735107833 -0.293961886 0.169852087
106028 6028.000000 17758100006028000 -0.736000001 -0.735570954 -0.301057667 0.166817016
106029 6029.000000 17758100006029000 -0.735499978 -0.735717164 -0.281191582 0.157553583
106030 6030.000000 17758100006030000 -0.735000014 -0.735913414 -0.281169084 0.133315402
106031 6031.000000 17758100006031000 -0.734499991 -0.736375929 -0.276279222 0.135997980
106032 6032.000000 17758100006032000 -0.734000027 -0.736709612 -0.266795962 0.158832001
106033 6033.000000 17758100006033000 -0.733500004 -0.736830844 -0.268461266 0.200070605
106034 6034.000000 17758100006034000 -0.732999980 -0.736908991 -0.253321608 0.161007987
106035 6035.000000 17758100006035000 -0.732500017 -0.737378834 -0.244314002 0.191416737
106036 6036.000000 17758100006036000 -0.731999993 -0.737657595 -0.237370302 0.199417895
106037 6037.000000 17758100006037000 -0.731500030 -0.737880485 -0.230981533 0.177703079
106038 6038.000000 17758100006038000 -0.731000006 -0.738072192 -0.228968440 0.184820558
106039 6039.000000 17758100006039000 -0.730499983 -0.737925066 -0.221044907 0.190396974
106040 6040.000000 17758100006040000 -0.730000019 -0.738041054 -0.219765773 0.191583184
106041 6041.000000 17758100006041000 -0.729499996 -0.738444867 -0.211636498 0.192510476
106042 6042.000000 17758100006042000 -0.728999972 -0.738892267 -0.205189284 0.194391311
106043 6043.000000 17758100006043000 -0.728500009 -0.739029713 -0.196580848 0.177996886
106044 6044.000000 17758100006044000 -0.727999985 -0.738973339 -0.178576097 0.200123520
106045 6045.000000 17758100006045000 -0.727500021 -0.739215563 -0.180459392 0.205781620
106046 6046.000000 17758100006046000 -0.726999998 -0.739394726 -0.173767552 0.187355222
106047 6047.000000 17758100006047000 -0.726499975 -0.739852102 -0.159433851 0.229576547
106048 6048.000000 17758100006048000 -0.726000011 -0.740003421 -0.148265582 0.207506783
106049 6049.000000 17758100006049000 -0.725499988 -0.739836914 -0.145009257 0.232798929
106050 6050.000000 17758100006050000 -0.725000024 -0.740227456 -0.143011416 0.210978539
106051 6051.000000 17758100006051000 -0.724500000 -0.740086094 -0.136434519 0.232641679
106052 6052.000000 17758100006052000 -0.723999977 -0.740339521 -0.123538514 0.190581771
106053 6053.000000 17758100006053000 -0.723500013 -0.740396990 -0.125277108 0.242536955
106054 6054.000000 17758100006054000 -0.722999990 -0.740560789 -0.105211636 0.211322251
106055 6055.000000 17758100006055000 -0.722500026 -0.740715950 -0.101216316 0.193386039
106056 6056.000000 17758100006056000 -0.722000003 -0.740800607 -0.104039904 0.183378925
106057 6057.000000 17758100006057000 -0.721499979 -0.741261979 -0.096110333 0.189789625
106058 6058.000000 17758100006058000 -0.721000016 -0.740759087 -0.080477410 0.204300552
106059 6059.000000 17758100006059000 -0.720499992 -0.741223583 -0.076640887 0.212779660
106060 6060.000000 17758100006060000 -0.720000029 -0.741307797 -0.079156141 0.195870398
106061 6061.000000 17758100006061000 -0.719500005 -0.740865642 -0.057654993 0.185638692
106062 6062.000000 17758100006062000 -0.718999982 -0.741090436 -0.049991840 0.235339882
106063 6063.000000 17758100006063000 -0.718500018 -0.741593059 -0.050033021 0.218990308
106064 6064.000000 17758100006064000 -0.717999995 -0.741277021 -0.040279974 0.206014300
106065 6065.000000 17758100006065000 -0.717499971 -0.741333066 -0.033789402 0.189049181
106066 6066.000000 17758100006066000 -0.717000008 -0.741031990 -0.026765335 0.200698274
106067 6067.000000 17758100006067000 -0.716499984 -0.741164669 -0.022663290 0.237214792
106068 6068.000000 17758100006068000 -0.716000021 -0.741204729 -0.001147565 0.206926687
106069 6069.000000 17758100006069000 -0.715499997 -0.741475890 0.003063627 0.221090333
106070 6070.000000 17758100006070000 -0.714999974 -0.741238688 0.008197279 0.214746787
106071 6071.000000 17758100006071000 -0.714500010 -0.741232422 0.011175277 0.182890984
106072 6072.000000 17758100006072000 -0.713999987 -0.741234332 0.012547667 0.217673692
106073 6073.000000 17758100006073000 -0.713500023 -0.741260768 0.030641551 0.195322492
106074 6074.000000 17758100006074000 -0.713000000 -0.740734839 0.035416172 0.216155384
106075 6075.000000 17758100006075000 -0.712499976 -0.741153454 0.039073126 0.189553358
106076 6076.000000 17758100006076000 -0.712000012 -0.740987012 0.050002262 0.197539120
106077 6077.000000 17758100006077000 -0.711499989 -0.740990109 0.061473669 0.228167811
106078 6078.000000 17758100006078000 -0.711000025 -0.740713854 0.058508550 0.192002138
106079 6079.000000 17758100006079000 -0.710500002 -0.740888626 0.073582531 0.187654685
106080 6080.000000 17758100006080000 -0.709999979 -0.740789267 0.071208282 0.189796128
106081 6081.000000 17758100006081000 -0.709500015 -0.740621252 0.080015682 0.164967116
106082 6082.000000 17758100006082000 -0.708999991 -0.740645621 0.088713447 0.173566019
106083 6083.000000 17758100006083000 -0.708500028 -0.740648833 0.096092744 0.196700307
106084 6084.000000 17758100006084000 -0.708000004 -0.740563427 0.098637732 0.205216519
106085 6085.000000 17758100006085000 -0.707499981 -0.740532244 0.110740027 0.160037834
106086 6086.000000 17758100006086000 -0.707000017 -0.740335472 0.109340173 0.193774121
106087 6087.000000 17758100006087000 -0.706499994 -0.740151992 0.115061522 0.162626316
106088 6088.000000 17758100006088000 -0.705999970 -0.740111031 0.135577643 0.161183826
106089 6089.000000 17758100006089000 -0.705500007 -0.739909096 0.131064773 0.182690625
106090 6090.000000 17758100006090000 -0.704999983 -0.739929324 0.140896131 0.217965668
106091 6091.000000 17758100006091000 -0.704500020 -0.739540067 0.147773783 0.185170020
106092 6092.000000 17758100006092000 -0.703999996 -0.739754371 0.146480594 0.201355906
106093 6093.000000 17758100006093000 -0.703499973 -0.739255231 0.160670755 0.178185103
106094 6094.000000 17758100006094000 -0.703000009 -0.739191241 0.157893045 0.179006394
106095 6095.000000 17758100006095000 -0.702499986 -0.739012843 0.167336380 0.142343869
106096 6096.000000 17758100006096000 -0.702000022 -0.738860513 0.178507234 0.153519969
106097 6097.000000 17758100006097000 -0.701499999 -0.738607211 0.182723691 0.182645108
106098 6098.000000 17758100006098000 -0.700999975 -0.738598145 0.191459771 0.168941897
106099 6099.000000 17758100006099000 -0.700500011 -0.738297759 0.189055494 0.142195550
106100 6100.000000 17758100006100000 -0.699999988 -0.738153610 0.199068526 0.146481734
106101 6101.000000 17758100006101000 -0.699500024 -0.737778722 0.209684989 0.156964661
106102 6102.000000 17758100006102000 -0.699000001 -0.737632056 0.205545568 0.143233781
106103 6103.000000 17758100006103000 -0.698499978 -0.737647430 0.213026744 0.192045479
106104 6104.000000 17758100006104000 -0.698000014 -0.736925426 0.213991732 0.170878065
106105 6105.000000 17758100006105000 -0.697499990 -0.736933519 0.230143037 0.172306013
106106 6106.000000 17758100006106000 -0.697000027 -0.736770051 0.233417867 0.166083790
106107 6107.000000 17758100006107000 -0.696500003 -0.736591623 0.239887619 0.141671119
106108 6108.000000 17758100006108000 -0.695999980 -0.736355697 0.237454225 0.159643892
106109 6109.000000 17758100006109000 -0.695500016 -0.736197595 0.256646194 0.131345320
106110 6110.000000 17758100006110000 -0.694999993 -0.736228166 0.258761190 0.142767848
106111 6111.000000 17758100006111000 -0.694500029 -0.735615332 0.250341282 0.155021292
106112 6112.000000 17758100006112000 -0.694000006 -0.735272291 0.261262613 0.130270265
106113 6113.000000 17758100006113000 -0.693499982 -0.735332381 0.270553271 0.159490749
106114 6114.000000 17758100006114000 -0.693000019 -0.734734873 0.279941621 0.122960727
106115 6115.000000 17758100006115000 -0.692499995 -0.734195034 0.274304448 0.115856800
106116 6116.000000 17758100006116000 -0.691999972 -0.734217148 0.281196738 0.154656266
106117 6117.000000 17758100006117000 -0.691500008 -0.733568240 0.295290666 0.134945008
106118 6118.000000 17758100006118000 -0.690999985 -0.733767929 0.294928916 0.116441689
106119 6119.000000 17758100006119000 -0.690500021 -0.733135119 0.303717270 0.136394334
106120 6120.000000 17758100006120000 -0.689999998 -0.733303644 0.303535615 0.142899203
106121 6121.000000 17758100006121000 -0.689499974 -0.732681507 0.312625102 0.077411849
106122 6122.000000 17758100006122000 -0.689000010 -0.732513690 0.308450972 0.128707391
106123 6123.000000 17758100006123000 -0.688499987 -0.732107160 0.321561601 0.130219122
106124 6124.000000 17758100006124000 -0.688000023 -0.731709484 0.314822793 0.125196916
106125 6125.000000 17758100006125000 -0.687500000 -0.731433829 0.323407803 0.124812565
106126 6126.000000 17758100006126000 -0.686999977 -0.730469191 0.327331383 0.145314914
106127 6127.000000 17758100006127000 -0.686500013 -0.730975451 0.329509406 0.140412020
106128 6128.000000 17758100006128000 -0.685999990 -0.730482445 0.333308051 0.095207434
106129 6129.000000 17758100006129000 -0.685500026 -0.729758964 0.337148886 0.134755232
106130 6130.000000 17758100006130000 -0.685000002 -0.729993329 0.347499282 0.123898705
106131 6131.000000 17758100006131000 -0.684499979 -0.729121285 0.351111910 0.104321578
106132 6132.000000 17758100006132000 -0.684000015 -0.729095710 0.354324360 0.091984944
106133 6133.000000 17758100006133000 -0.683499992 -0.728522766 0.352862842 0.121461209
106134 6134.000000 17758100006134000 -0.683000028 -0.728139780 0.363151980 0.090367881
106135 6135.000000 17758100006135000 -0.682500005 -0.727678197 0.365679592 0.161519537
106136 6136.000000 17758100006136000 -0.681999981 -0.727798299 0.368782406 0.098629297
106137 6137.000000 17758100006137000 -0.681500018 -0.726940786 0.376890403 0.124979869
106138 6138.000000 17758100006138000 -0.680999994 -0.726680796 0.375256007 0.100091525
106139 6139.000000 17758100006139000 -0.680499971 -0.726565146 0.371464868 0.097515910
106140 6140.000000 17758100006140000 -0.680000007 -0.725933427 0.373804072 0.091483142
106141 6141.000000 17758100006141000 -0.679499984 -0.725720362 0.378888560 0.071277093
106142 6142.000000 17758100006142000 -0.679000020 -0.725266117 0.390419298 0.091793389
106143 6143.000000 17758100006143000 -0.678499997 -0.725244546 0.393503272 0.129039856
106144 6144.000000 17758100006144000 -0.677999973 -0.724227409 0.387057860 0.085196177
106145 6145.000000 17758100006145000 -0.677500010 -0.724261044 0.397223336 0.094157613
106146 6146.000000 17758100006146000 -0.676999986 -0.724112672 0.397851966 0.061126963
106147 6147.000000 17758100006147000 -0.676500022 -0.723546077 0.392861560 0.073406395
106148 6148.000000 17758100006148000 -0.675999999 -0.723225397 0.405130094 0.105996904
106149 6149.000000 17758100006149000 -0.675499976 -0.722378647 0.401626222 0.107193543
106150 6150.000000 17758100006150000 -0.675000012 -0.722577294 0.414573378 0.117901225
106151 6151.000000 17758100006151000 -0.674499989 -0.721616333 0.399148593 0.066180945
106152 6152.000000 17758100006152000 -0.674000025 -0.721406286 0.407733657 0.099217550
106153 6153.000000 17758100006153000 -0.673500001 -0.720933378 0.417205151 0.066102456
106154 6154.000000 17758100006154000 -0.672999978 -0.720352788 0.420341530 0.055364538
106155 6155.000000 17758100006155000 -0.672500014 -0.720000989 0.427312042 0.079719875
106156 6156.000000 17758100006156000 -0.671999991 -0.719189546 0.430890307 0.092188247
106157 6157.000000 17758100006157000 -0.671500027 -0.718991060 0.429538749 0.086851908
106158 6158.000000 17758100006158000 -0.671000004 -0.718512266 0.428761830 0.040656840
106159 6159.000000 17758100006159000 -0.670499980 -0.718761881 0.435043997 0.038990797
106160 6160.000000 17758100006160000 -0.670000017 -0.717815194 0.442182308 0.095698359
106161 6161.000000 17758100006161000 -0.669499993 -0.717773773 0.433190579 0.060301609
106162 6162.000000 17758100006162000 -0.669000030 -0.717002731 0.435883952 0.084224360
106163 6163.000000 17758100006163000 -0.668500006 -0.716381033 0.434170602 0.053234736
106164 6164.000000 17758100006164000 -0.667999983 -0.716139906 0.445340844 0.087419711
106165 6165.000000 17758100006165000 -0.667500019 -0.716079898 0.441579147 0.030903263
106166 6166.000000 17758100006166000 -0.666999996 -0.715430850 0.437113975 0.087806407
106167 6167.000000 17758100006167000 -0.666499972 -0.714806389 0.453882079 0.082176723
106168 6168.000000 17758100006168000 -0.666000009 -0.714433594 0.447317410 0.083657656
106169 6169.000000 17758100006169000 -0.665499985 -0.714165893 0.452429334 0.074794711
106170 6170.000000 17758100006170000 -0.665000021 -0.713596207 0.459983282 0.056371831
106171 6171.000000 17758100006171000 -0.664499998 -0.712933282 0.457889083 0.076684762
106172 6172.000000 17758100006172000 -0.663999975 -0.712504988 0.459608156 0.030715412
106173 6173.000000 17758100006173000 -0.663500011 -0.712378459 0.462607286 0.053631669
106174 6174.000000 17758100006174000 -0.662999988 -0.711425046 0.460766477 0.060709614
106175 6175.000000 17758100006175000 -0.662500024 -0.711668469 0.457537373 0.071792934
106176 6176.000000 17758100006176000 -0.662000000 -0.710763141 0.459482218 0.060851150
106177 6177.000000 17758100006177000 -0.661499977 -0.710070652 0.467325836 0.064322442
106178 6178.000000 17758100006178000 -0.661000013 -0.709717659 0.462233166 0.052971408
106179 6179.000000 17758100006179000 -0.660499990 -0.709135134 0.465573396 0.024902790
106180 6180.000000 17758100006180000 -0.660000026 -0.708677160 0.458381571 0.051908497
106181 6181.000000 17758100006181000 -0.659500003 -0.708508724 0.468018496 0.040630995
106182 6182.000000 17758100006182000 -0.658999979 -0.707957357 0.488707401 0.034464220
106183 6183.000000 17758100006183000 -0.658500016 -0.707259265 0.482911804 0.077470197
106184 6184.000000 17758100006184000 -0.657999992 -0.706632889 0.479947144 0.034833840
106185 6185.000000 17758100006185000 -0.657500029 -0.706374865 0.488639223 0.033508708
106186 6186.000000 17758100006186000 -0.657000005 -0.705796222 0.482816783 0.010195240
106187 6187.000000 17758100006187000 -0.656499982 -0.705480093 0.485481513 0.034868781
106188 6188.000000 17758100006188000 -0.656000018 -0.705098936 0.484312292 0.027780550
106189 6189.000000 17758100006189000 -0.655499995 -0.704447926 0.483797548 0.031423243
106190 6190.000000 17758100006190000 -0.654999971 -0.704121809 0.479978550 0.069883803
106191 6191.000000 17758100006191000 -0.654500008 -0.703696469 0.488947802 0.052424641
106192 6192.000000 17758100006192000 -0.653999984 -0.703272905 0.491107723 0.023767103
106193 6193.000000 17758100006193000 -0.653500021 -0.702642777 0.487503653 0.032770142
106194 6194.000000 17758100006194000 -0.652999997 -0.702114917 0.489282266 0.059443896
106195 6195.000000 17758100006195000 -0.652499974 -0.701659680 0.487041452 0.061550052
106196 6196.000000 17758100006196000 -0.652000010 -0.701202290 0.502378027 0.049124298
106197 6197.000000 17758100006197000 -0.651499987 -0.700801119 0.493283632 0.059942640
106198 6198.000000 17758100006198000 -0.651000023 -0.699887274 0.492935949 0.011770939
106199 6199.000000 17758100006199000 -0.650500000 -0.699486134 0.496765575 0.008735529
106200 6200.000000 17758100006200000 -0.649999976 -0.699278477 0.499629224 0.059382630
106201 6201.000000 17758100006201000 -0.649500012 -0.698289139 0.494715386 0.040347263
106202 6202.000000 17758100006202000 -0.648999989 -0.698331642 0.499380270 0.050215556
106203 6203.000000 17758100006203000 -0.648500025 -0.697372725 0.501948256 0.046644657
106204 6204.000000 17758100006204000 -0.648000002 -0.697222346 0.493223044 0.015766472
106205 6205.000000 17758100006205000 -0.647499979 -0.696609245 0.502985266 -0.010292021
106206 6206.000000 17758100006206000 -0.647000015 -0.696031874 0.503904775 0.075422660
106207 6207.000000 17758100006207000 -0.646499991 -0.695304803 0.499889270 0.028043955
106208 6208.000000 17758100006208000 -0.646000028 -0.695443088 0.500610950 0.043639802
106209 6209.000000 17758100006209000 -0.645500004 -0.694180640 0.509119164 0.022900878
106210 6210.000000 17758100006210000 -0.644999981 -0.694071166 0.507768392 0.039596063
106211 6211.000000 17758100006211000 -0.644500017 -0.693612838 0.507604675 0.021087592
106212 6212.000000 17758100006212000 -0.643999994 -0.692525676 0.501411921 0.060963361
106213 6213.000000 17758100006213000 -0.643499970 -0.692855960 0.512243248 0.030486201
106214 6214.000000 17758100006214000 -0.643000007 -0.692228517 0.506723176 0.024216515
106215 6215.000000 17758100006215000 -0.642499983 -0.691743390 0.499497881 0.017467083
106216 6216.000000 17758100006216000 -0.642000020 -0.691129853 0.502133735 -0.000674563
106217 6217.000000 17758100006217000 -0.641499996 -0.690853647 0.504039940 -0.024494661
106218 6218.000000 17758100006218000 -0.640999973 -0.689996736 0.512197996 0.020243064
106219 6219.000000 17758100006219000 -0.640500009 -0.689347042 0.509108809 0.011640717
106220 6220.000000 17758100006220000 -0.639999986 -0.689003879 0.517785467 0.052456259
106221 6221.000000 17758100006221000 -0.639500022 -0.688290795 0.503510665 0.048928750
106222 6222.000000 17758100006222000 -0.638999999 -0.688293105 0.513494975 -0.007931158
106223 6223.000000 17758100006223000 -0.638499975 -0.687567239 0.517481350 0.040745274
106224 6224.000000 17758100006224000 -0.638000011 -0.687237414 0.512899712 0.032312622
106225 6225.000000 17758100006225000 -0.637499988 -0.686248937 0.521408062 0.013649026
106226 6226.000000 17758100006226000 -0.637000024 -0.686464323 0.515920094 -0.015725637
106227 6227.000000 17758100006227000 -0.636500001 -0.685221904 0.514646141 0.005998865
106228 6228.000000 17758100006228000 -0.635999978 -0.685275878 0.503387301 0.007975219
106229 6229.000000 17758100006229000 -0.635500014 -0.684387653 0.511702947 -0.009681756
106230 6230.000000 17758100006230000 -0.634999990 -0.683648001 0.519316988 0.035525214
106231 6231.000000 17758100006231000 -0.634500027 -0.683283371 0.516305394 -0.017316976
106232 6232.000000 17758100006232000 -0.634000003 -0.682777648 0.515925271 0.010974266
106233 6233.000000 17758100006233000 -0.633499980 -0.682163549 0.516741628 0.028876781
106234 6234.000000 17758100006234000 -0.633000016 -0.681640218 0.520594303 0.017706758
106235 6235.000000 17758100006235000 -0.632499993 -0.681361690 0.516952166 -0.002758063
106236 6236.000000 17758100006236000 -0.632000029 -0.680735425 0.516377319 0.018088930
106237 6237.000000 17758100006237000 -0.631500006 -0.680255481 0.516151653 -0.000690162
106238 6238.000000 17758100006238000 -0.630999982 -0.679743958 0.515606719 0.026230894
106239 6239.000000 17758100006239000 -0.630500019 -0.679117215 0.524974232 0.030839048
106240 6240.000000 17758100006240000 -0.629999995 -0.678952627 0.516543305 0.058069571
106241 6241.000000 17758100006241000 -0.629499972 -0.678169391 0.519656138 0.009401736
106242 6242.000000 17758100006242000 -0.629000008 -0.677555964 0.509798667 0.026061900
106243 6243.000000 17758100006243000 -0.628499985 -0.677349284 0.519022997 0.024691706
106244 6244.000000 17758100006244000 -0.628000021 -0.676955999 0.510140955 0.002569541
106245 6245.000000 17758100006245000 -0.627499998 -0.676192748 0.517495632 -0.010952853
106246 6246.000000 17758100006246000 -0.626999974 -0.675816272 0.522045218 0.006496167
106247 6247.000000 17758100006247000 -0.626500010 -0.675235982 0.523491064 0.004547153
106248 6248.000000 17758100006248000 -0.625999987 -0.674820900 0.515003911 -0.017244977
106249 6249.000000 17758100006249000 -0.625500023 -0.673969725 0.507849894 0.039476889
106250 6250.000000 17758100006250000 -0.625000000 -0.673450841 0.518491494 0.012975399
106251 6251.000000 17758100006251000 -0.624499977 -0.672895003 0.524278212 0.002114732
106252 6252.000000 17758100006252000 -0.624000013 -0.672325420 0.525113434 -0.001453526
106253 6253.000000 17758100006253000 -0.623499990 -0.671978275 0.520921963 0.031159383
106254 6254.000000 17758100006254000 -0.623000026 -0.671311278 0.522389389 0.005433221
106255 6255.000000 17758100006255000 -0.622500002 -0.670974401 0.515136722 0.010755184
106256 6256.000000 17758100006256000 -0.621999979 -0.670309326 0.525414737 0.016721636
106257 6257.000000 17758100006257000 -0.621500015 -0.669661220 0.513189159 0.001365817
106258 6258.000000 17758100006258000 -0.620999992 -0.669339911 0.521548314 0.023522591
106259 6259.000000 17758100006259000 -0.620500028 -0.669152242 0.530668563 0.002999333
106260 6260.000000 17758100006260000 -0.620000005 -0.668266523 0.518594914 0.073001063
106261 6261.000000 17758100006261000 -0.619499981 -0.667689532 0.517492214 0.027514428
106262 6262.000000 17758100006262000 -0.619000018 -0.667280781 0.524487137 0.031917407
106263 6263.000000 17758100006263000 -0.618499994 -0.666711479 0.521907395 0.024489586
106264 6264.000000 17758100006264000 -0.617999971 -0.666678888 0.517186401 0.014857358
106265 6265.000000 17758100006265000 -0.617500007 -0.665644853 0.521400123 0.043888728
106266 6266.000000 17758100006266000 -0.616999984 -0.665196514 0.529611160 0.029153357
106267 6267.000000 17758100006267000 -0.616500020 -0.664727180 0.519505146 -0.006645988
106268 6268.000000 17758100006268000 -0.615999997 -0.663974764 0.528002322 0.000864551
106269 6269.000000 17758100006269000 -0.615499973 -0.663873090 0.510052814 -0.004576409
106270 6270.000000 17758100006270000 -0.615000010 -0.663108246 0.524601950 0.006821622
106271 6271.000000 17758100006271000 -0.614499986 -0.662488631 0.517963459 -0.030518901
106272 6272.000000 17758100006272000 -0.614000022 -0.662041566 0.521951701 0.029830520
106273 6273.000000 17758100006273000 -0.613499999 -0.661973893 0.520512489 0.027625205
106274 6274.000000 17758100006274000 -0.612999976 -0.660934582 0.515245772 -0.016329632
106275 6275.000000 17758100006275000 -0.612500012 -0.660546923 0.517977089 0.030464720
106276 6276.000000 17758100006276000 -0.611999989 -0.660235960 0.521617929 0.012117210
106277 6277.000000 17758100006277000 -0.611500025 -0.659842135 0.513666189 0.020158546
106278 6278.000000 17758100006278000 -0.611000001 -0.658778722 0.527480266 0.024265367
106279 6279.000000 17758100006279000 -0.610499978 -0.658448248 0.517054285 -0.017222027
106280 6280.000000 17758100006280000 -0.610000014 -0.658174526 0.512875803 0.006496470
106281 6281.000000 17758100006281000 -0.609499991 -0.657531355 0.520064565 0.051852757
106282 6282.000000 17758100006282000 -0.609000027 -0.656736572 0.512999735 -0.023833349
106283 6283.000000 17758100006283000 -0.608500004 -0.656454295 0.517000088 0.022793664
106284 6284.000000 17758100006284000 -0.607999980 -0.656256189 0.509620864 0.032520084
106285 6285.000000 17758100006285000 -0.607500017 -0.655399888 0.516584718 0.011491685
106286 6286.000000 17758100006286000 -0.606999993 -0.655040204 0.512032533 0.039030686
106287 6287.000000 17758100006287000 -0.606500030 -0.654043013 0.516596585 0.032106641
106288 6288.000000 17758100006288000 -0.606000006 -0.653737346 0.512128381 -0.019192330
106289 6289.000000 17758100006289000 -0.605499983 -0.653299092 0.512832787 0.011531018
106290 6290.000000 17758100006290000 -0.605000019 -0.652716397 0.523075940 0.030764769
106291 6291.000000 17758100006291000 -0.604499996 -0.652488199 0.513704159 0.009136163
106292 6292.000000 17758100006292000 -0.603999972 -0.651463771 0.518294684 0.010218371
106293 6293.000000 17758100006293000 -0.603500009 -0.651447672 0.521875005 0.011944025
106294 6294.000000 17758100006294000 -0.602999985 -0.650783790 0.513160782 -0.028736955
106295 6295.000000 17758100006295000 -0.602500021 -0.650264662 0.509647585 0.014309978
106296 6296.000000 17758100006296000 -0.601999998 -0.649879870 0.515992306 -0.013275856
106297 6297.000000 17758100006297000 -0.601499975 -0.649120715 0.514474290 -0.008050667
106298 6298.000000 17758100006298000 -0.601000011 -0.648569792 0.517405760 -0.011493167
106299 6299.000000 17758100006299000 -0.600499988 -0.648010211 0.521211264 -0.008234043
106300 6300.000000 17758100006300000 -0.600000024 -0.647784125 0.524567209 -0.019815728
106301 6301.000000 17758100006301000 -0.599500000 -0.647031251 0.522115254 0.020755877
106302 6302.000000 17758100006302000 -0.598999977 -0.646850106 0.524143282 0.018520722
106303 6303.000000 17758100006303000 -0.598500013 -0.645985270 0.519591749 -0.005619989
106304 6304.000000 17758100006304000 -0.597999990 -0.645579901 0.513045979 0.019727503
106305 6305.000000 17758100006305000 -0.597500026 -0.645229090 0.505629707 0.019474924
106306 6306.000000 17758100006306000 -0.597000003 -0.644291294 0.518798777 -0.010561301
106307 6307.000000 17758100006307000 -0.596499979 -0.643792951 0.510988775 0.007241379
106308 6308.000000 17758100006308000 -0.596000016 -0.643894743 0.518403475 0.016360284
106309 6309.000000 17758100006309000 -0.595499992 -0.642587492 0.506534851 0.017310753
106310 6310.000000 17758100006310000 -0.595000029 -0.642800551 0.505399731 -0.000785600
106311 6311.000000 17758100006311000 -0.594500005 -0.641794766 0.516655116 0.012367919
106312 6312.000000 17758100006312000 -0.593999982 -0.641593728 0.515807837 0.016463414
106313 6313.000000 17758100006313000 -0.593500018 -0.641109699 0.511204364 0.008005223
106314 6314.000000 17758100006314000 -0.592999995 -0.640665926 0.519667540 0.031454572
106315 6315.000000 17758100006315000 -0.592499971 -0.639120911 0.514811306 0.011881769
106316 6316.000000 17758100006316000 -0.592000008 -0.639282942 0.524309150 -0.006608577
106317 6317.000000 17758100006317000 -0.591499984 -0.638681140 0.502461707 0.000478857
106318 6318.000000 17758100006318000 -0.591000021 -0.638210320 0.518808909 0.050564272
106319 6319.000000 17758100006319000 -0.590499997 -0.638368295 0.510128844 0.009266443
106320 6320.000000 17758100006320000 -0.589999974 -0.637065147 0.503285401 -0.022971009
106321 6321.000000 17758100006321000 -0.589500010 -0.636838881 0.516674170 0.020650606
106322 6322.000000 17758100006322000 -0.588999987 -0.636542884 0.529804291 0.001015378
106323 6323.000000 17758100006323000 -0.588500023 -0.635975635 0.517870937 0.005225896
106324 6324.000000 17758100006324000 -0.588000000 -0.635392893 0.521967530 -0.011500289
106325 6325.000000 17758100006325000 -0.587499976 -0.634959088 0.513741549 0.022943973
106326 6326.000000 17758100006326000 -0.587000012 -0.633748784 0.509901173 0.045406195
106327 6327.000000 17758100006327000 -0.586499989 -0.633636917 0.501748279 0.028760373
106328 6328.000000 17758100006328000 -0.586000025 -0.633341472 0.520926309 0.057078073
106329 6329.000000 17758100006329000 -0.585500002 -0.632763911 0.516519180 -0.015112377
106330 6330.000000 17758100006330000 -0.584999979 -0.631796840 0.511633726 0.023470427
106331 6331.000000 17758100006331000 -0.584500015 -0.631993433 0.507203675 0.019549047
106332 6332.000000 17758100006332000 -0.583999991 -0.631133026 0.510184028 0.017222330
106333 6333.000000 17758100006333000 -0.583500028 -0.630813536 0.518412438 0.055449677
106334 6334.000000 17758100006334000 -0.583000004 -0.629921059 0.506375310 -0.028724428
106335 6335.000000 17758100006335000 -0.582499981 -0.629430571 0.516986528 0.038141750
106336 6336.000000 17758100006336000 -0.582000017 -0.629326862 0.515529019 -0.002954514
106337 6337.000000 17758100006337000 -0.581499994 -0.628322411 0.508444177 0.000661067
106338 6338.000000 17758100006338000 -0.580999970 -0.628204379 0.522292557 0.040689501
106339 6339.000000 17758100006339000 -0.580500007 -0.627381367 0.512919527 0.014282768
106340 6340.000000 17758100006340000 -0.579999983 -0.626929933 0.512111011 -0.024763134
106341 6341.000000 17758100006341000 -0.579500020 -0.626464881 0.508916466 -0.032783248
106342 6342.000000 17758100006342000 -0.578999996 -0.626031848 0.510006872 0.013608429
106343 6343.000000 17758100006343000 -0.578499973 -0.625507213 0.512554307 0.007239429
106344 6344.000000 17758100006344000 -0.578000009 -0.625013111 0.524545045 -0.003448480
106345 6345.000000 17758100006345000 -0.577499986 -0.624500272 0.516647846 0.023653702
106346 6346.000000 17758100006346000 -0.577000022 -0.623883571 0.516938512 -0.009751511
106347 6347.000000 17758100006347000 -0.576499999 -0.623362996 0.516149522 0.008148985
106348 6348.000000 17758100006348000 -0.575999975 -0.622889781 0.515634441 0.012289352
106349 6349.000000 17758100006349000 -0.575500011 -0.622274830 0.503108411 -0.007758371
106350 6350.000000 17758100006350000 -0.574999988 -0.621971209 0.519071148 0.000151296
106351 6351.000000 17758100006351000 -0.574500024 -0.621386322 0.508647896 0.025266492
106352 6352.000000 17758100006352000 -0.574000001 -0.620773996 0.512020646 0.072964633
106353 6353.000000 17758100006353000 -0.573499978 -0.620530462 0.502634387 -0.026160630
106354 6354.000000 17758100006354000 -0.573000014 -0.619897392 0.508852036 0.003557998
106355 6355.000000 17758100006355000 -0.572499990 -0.619507938 0.506265566 -0.041965016
106356 6356.000000 17758100006356000 -0.572000027 -0.618567433 0.502803976 -0.012608107
106357 6357.000000 17758100006357000 -0.571500003 -0.618376604 0.509420497 0.001806383
106358 6358.000000 17758100006358000 -0.570999980 -0.618067739 0.501585265 0.006363780
106359 6359.000000 17758100006359000 -0.570500016 -0.617676891 0.508142245 -0.014693529
106360 6360.000000 17758100006360000 -0.569999993 -0.616551306 0.503965102 0.017592064
106361 6361.000000 17758100006361000 -0.569500029 -0.616351729 0.510601944 -0.002225379
106362 6362.000000 17758100006362000 -0.569000006 -0.615821446 0.506467842 0.004282784
106363 6363.000000 17758100006363000 -0.568499982 -0.615377891 0.507535200 0.021161690
106364 6364.000000 17758100006364000 -0.568000019 -0.614906586 0.502972348 0.006601918
106365 6365.000000 17758100006365000 -0.567499995 -0.614403131 0.504995530 0.036681006
106366 6366.000000 17758100006366000 -0.566999972 -0.614084008 0.508040642 0.006710176
106367 6367.000000 17758100006367000 -0.566500008 -0.613256778 0.511130836 0.010918127
106368 6368.000000 17758100006368000 -0.565999985 -0.612629098 0.511959669 0.013705183
106369 6369.000000 17758100006369000 -0.565500021 -0.612107783 0.505376740 -0.012478097
106370 6370.000000 17758100006370000 -0.564999998 -0.611560381 0.508891420 0.000987168
106371 6371.000000 17758100006371000 -0.564499974 -0.611086165 0.503630774 0.016226951
106372 6372.000000 17758100006372000 -0.564000010 -0.610630259 0.500393221 0.006233639
106373 6373.000000 17758100006373000 -0.563499987 -0.610405775 0.508776112 0.059294928
106374 6374.000000 17758100006374000 -0.563000023 -0.609682264 0.515876853 -0.006712142
106375 6375.000000 17758100006375000 -0.562500000 -0.609107512 0.513322879 0.028220706
106376 6376.000000 17758100006376000 -0.561999977 -0.608649656 0.509813274 0.024723211
106377 6377.000000 17758100006377000 -0.561500013 -0.608231028 0.504030564 0.039395033
106378 6378.000000 17758100006378000 -0.560999990 -0.607716654 0.496670854 -0.000930037
106379 6379.000000 17758100006379000 -0.560500026 -0.606990113 0.505346712 0.023983947
106380 6380.000000 17758100006380000 -0.560000002 -0.606512655 0.506881851 -0.013526258
106381 6381.000000 17758100006381000 -0.559499979 -0.605971828 0.508989956 0.005343068
106382 6382.000000 17758100006382000 -0.559000015 -0.605880105 0.515093561 0.012377577
106383 6383.000000 17758100006383000 -0.558499992 -0.605256367 0.504742245 0.009236133
106384 6384.000000 17758100006384000 -0.558000028 -0.604457180 0.506706793 0.010571255
106385 6385.000000 17758100006385000 -0.557500005 -0.604110488 0.500852450 -0.005594237
106386 6386.000000 17758100006386000 -0.556999981 -0.603976205 0.506329113 0.006736146
106387 6387.000000 17758100006387000 -0.556500018 -0.602889419 0.512086315 0.018495195
106388 6388.000000 17758100006388000 -0.555999994 -0.602363070 0.507828502 -0.026743721
106389 6389.000000 17758100006389000 -0.555499971 -0.601779839 0.515408289 -0.000941874
106390 6390.000000 17758100006390000 -0.555000007 -0.601067872 0.504377166 -0.016290665
106391 6391.000000 17758100006391000 -0.554499984 -0.601162177 0.502144072 0.023410423
106392 6392.000000 17758100006392000 -0.554000020 -0.600429593 0.517652085 -0.004962038
106393 6393.000000 17758100006393000 -0.553499997 -0.599839400 0.506518779 -0.023064520
106394 6394.000000 17758100006394000 -0.552999973 -0.599667027 0.507925421 -0.010856818
106395 6395.000000 17758100006395000 -0.552500010 -0.598424760 0.506877788 0.022563246
106396 6396.000000 17758100006396000 -0.551999986 -0.598670422 0.513314699 0.012698370
106397 6397.000000 17758100006397000 -0.551500022 -0.598161718 0.515922770 0.003282113
106398 6398.000000 17758100006398000 -0.550999999 -0.597445397 0.510693295 0.004659003
106399 6399.000000 17758100006399000 -0.550499976 -0.597100409 0.506666790 0.054766892
106400 6400.000000 17758100006400000 -0.550000012 -0.596398127 0.498654319 0.037851791
106401 6401.000000 17758100006401000 -0.549499989 -0.596115442 0.503177096 0.013424619
106402 6402.000000 17758100006402000 -0.549000025 -0.595479540 0.500455736 0.008294630
106403 6403.000000 17758100006403000 -0.548500001 -0.595484087 0.513819577 0.041811058
106404 6404.000000 17758100006404000 -0.547999978 -0.594634637 0.502732067 0.016525435
106405 6405.000000 17758100006405000 -0.547500014 -0.593929773 0.506099886 0.005547212
106406 6406.000000 17758100006406000 -0.546999991 -0.593073949 0.508415486 0.017792356
106407 6407.000000 17758100006407000 -0.546500027 -0.592845884 0.504615307 -0.011962422
106408 6408.000000 17758100006408000 -0.546000004 -0.592573811 0.505072035 -0.014837362
106409 6409.000000 17758100006409000 -0.545499980 -0.592067531 0.507158136 -0.003805081
106410 6410.000000 17758100006410000 -0.545000017 -0.591305471 0.498704595 0.051885909
106411 6411.000000 17758100006411000 -0.544499993 -0.590898931 0.510723761 -0.025093972
106412 6412.000000 17758100006412000 -0.544000030 -0.590341581 0.502489175 0.048432790
106413 6413.000000 17758100006413000 -0.543500006 -0.589925636 0.505652585 0.004421238
106414 6414.000000 17758100006414000 -0.542999983 -0.589293848 0.500349317 -0.022759698
106415 6415.000000 17758100006415000 -0.542500019 -0.588814921 0.509467397 0.042043241
106416 6416.000000 17758100006416000 -0.541999996 -0.588192559 0.501459139 0.010709169
106417 6417.000000 17758100006417000 -0.541499972 -0.587423959 0.505891793 -0.011111381
106418 6418.000000 17758100006418000 -0.541000009 -0.587248318 0.505078208 0.019985145
106419 6419.000000 17758100006419000 -0.540499985 -0.586878531 0.503487549 0.016098627
106420 6420.000000 17758100006420000 -0.540000021 -0.586411256 0.511142930 -0.004022619
106421 6421.000000 17758100006421000 -0.539499998 -0.585631607 0.507041213 -0.012717179
106422 6422.000000 17758100006422000 -0.538999975 -0.585587728 0.504269811 0.018689386
106423 6423.000000 17758100006423000 -0.538500011 -0.584952086 0.502125140 -0.022148346
106424 6424.000000 17758100006424000 -0.537999988 -0.584187928 0.497805781 0.006646494
106425 6425.000000 17758100006425000 -0.537500024 -0.583583443 0.507385513 0.004988118
106426 6426.000000 17758100006426000 -0.537000000 -0.583200730 0.498912325 0.027545690
106427 6427.000000 17758100006427000 -0.536499977 -0.582551631 0.503226384 0.029256929
106428 6428.000000 17758100006428000 -0.536000013 -0.582066567 0.498417724 0.041258146
106429 6429.000000 17758100006429000 -0.535499990 -0.581901514 0.500904428 0.010128021
106430 6430.000000 17758100006430000 -0.535000026 -0.581409245 0.506144373 -0.022354825
106431 6431.000000 17758100006431000 -0.534500003 -0.581006597 0.502775840 0.062202222
106432 6432.000000 17758100006432000 -0.533999979 -0.580331763 0.506609438 -0.016603998
106433 6433.000000 17758100006433000 -0.533500016 -0.579734045 0.506422906 0.005849353
106434 6434.000000 17758100006434000 -0.532999992 -0.579203848 0.506564580 0.003184147
106435 6435.000000 17758100006435000 -0.532500029 -0.578974921 0.513166416 0.012402533
106436 6436.000000 17758100006436000 -0.532000005 -0.578232978 0.508726792 0.017993685
106437 6437.000000 17758100006437000 -0.531499982 -0.577843999 0.508459661 0.006492524
106438 6438.000000 17758100006438000 -0.531000018 -0.577079244 0.500866141 0.012559168
106439 6439.000000 17758100006439000 -0.530499995 -0.576773751 0.498207805 0.018774244
106440 6440.000000 17758100006440000 -0.529999971 -0.576411664 0.503856587 0.008235177
106441 6441.000000 17758100006441000 -0.529500008 -0.575441655 0.503598261 0.016349945
106442 6442.000000 17758100006442000 -0.528999984 -0.575084155 0.505528151 0.003065760
106443 6443.000000 17758100006443000 -0.528500021 -0.574823123 0.501789639 0.025402538
106444 6444.000000 17758100006444000 -0.527999997 -0.574254404 0.511252436 -0.004918987
106445 6445.000000 17758100006445000 -0.527499974 -0.573678166 0.510991786 0.009630118
106446 6446.000000 17758100006446000 -0.527000010 -0.573142018 0.494059618 0.045671663
106447 6447.000000 17758100006447000 -0.526499987 -0.572564761 0.512171060 0.022361604
106448 6448.000000 17758100006448000 -0.526000023 -0.572222963 0.510449729 0.023425503
106449 6449.000000 17758100006449000 -0.525500000 -0.571744173 0.503009744 0.037749169
106450 6450.000000 17758100006450000 -0.524999976 -0.571230879 0.498329393 -0.002803097
106451 6451.000000 17758100006451000 -0.524500012 -0.570575663 0.501881464 -0.022679725
106452 6452.000000 17758100006452000 -0.523999989 -0.569903550 0.505360793 0.004953655
106453 6453.000000 17758100006453000 -0.523500025 -0.569669028 0.502612749 0.026271097
106454 6454.000000 17758100006454000 -0.523000002 -0.569190163 0.502643748 -0.019792026
106455 6455.000000 17758100006455000 -0.522499979 -0.568574948 0.508271560 -0.013304134
106456 6456.000000 17758100006456000 -0.522000015 -0.568096540 0.515243225 0.020823608
106457 6457.000000 17758100006457000 -0.521499991 -0.567727177 0.503379717 0.018801548
106458 6458.000000 17758100006458000 -0.521000028 -0.567426364 0.501575647 -0.008224345
106459 6459.000000 17758100006459000 -0.520500004 -0.566854310 0.495948470 0.017756541
106460 6460.000000 17758100006460000 -0.519999981 -0.565814666 0.504390088 -0.016569337
106461 6461.000000 17758100006461000 -0.519500017 -0.566077029 0.510130055 0.006338363
106462 6462.000000 17758100006462000 -0.518999994 -0.564846056 0.509087204 0.030429316
106463 6463.000000 17758100006463000 -0.518499970 -0.564508776 0.500203364 0.023159659
106464 6464.000000 17758100006464000 -0.518000007 -0.564115128 0.515655988 0.001815426
106465 6465.000000 17758100006465000 -0.517499983 -0.563434005 0.503789315 0.009643253
106466 6466.000000 17758100006466000 -0.517000020 -0.562902189 0.503023838 0.037661514
106467 6467.000000 17758100006467000 -0.516499996 -0.562847791 0.508524628 0.006284747
106468 6468.000000 17758100006468000 -0.515999973 -0.562432676 0.496437308 0.034252641
106469 6469.000000 17758100006469000 -0.515500009 -0.561849687 0.501502896 0.018943642
106470 6470.000000 17758100006470000 -0.514999986 -0.561137294 0.499544236 0.000640349
106471 6471.000000 17758100006471000 -0.514500022 -0.560613281 0.501064893 0.029237994
106472 6472.000000 17758100006472000 -0.513999999 -0.560386111 0.503391348 0.020947847
106473 6473.000000 17758100006473000 -0.513499975 -0.559727458 0.503799104 0.049547641
106474 6474.000000 17758100006474000 -0.513000011 -0.559294905 0.515658889 0.019472409
106475 6475.000000 17758100006475000 -0.512499988 -0.558973155 0.504413876 0.038403210
106476 6476.000000 17758100006476000 -0.512000024 -0.557894461 0.501151544 0.022187735
106477 6477.000000 17758100006477000 -0.511500001 -0.557152154 0.503469178 -0.003739426
106478 6478.000000 17758100006478000 -0.510999978 -0.556861457 0.507479606 0.017235209
106479 6479.000000 17758100006479000 -0.510500014 -0.556602412 0.506305433 0.020316447
106480 6480.000000 17758100006480000 -0.509999990 -0.555793731 0.504258220 -0.013581828
106481 6481.000000 17758100006481000 -0.509500027 -0.555500259 0.509867406 -0.015715664
106482 6482.000000 17758100006482000 -0.509000003 -0.554627765 0.504829894 0.029867330
106483 6483.000000 17758100006483000 -0.508499980 -0.554287401 0.498059583 0.013050597
106484 6484.000000 17758100006484000 -0.508000016 -0.553967087 0.494624175 0.050155154
106485 6485.000000 17758100006485000 -0.507499993 -0.553373111 0.503159409 -0.005088763
106486 6486.000000 17758100006486000 -0.507000029 -0.552925489 0.504030376 0.017368155
106487 6487.000000 17758100006487000 -0.506500006 -0.552479223 0.508728854 -0.006876545
106488 6488.000000 17758100006488000 -0.505999982 -0.551734479 0.511706695 -0.010138471
106489 6489.000000 17758100006489000 -0.505500019 -0.551505600 0.500089622 0.039620420
106490 6490.000000 17758100006490000 -0.504999995 -0.551115861 0.501555082 0.040484230
106491 6491.000000 17758100006491000 -0.504499972 -0.550477740 0.505243962 -0.006422094
106492 6492.000000 17758100006492000 -0.504000008 -0.550150150 0.508937983 0.013698974
106493 6493.000000 17758100006493000 -0.503499985 -0.549496963 0.507342659 0.008689596
106494 6494.000000 17758100006494000 -0.503000021 -0.548909585 0.507018805 0.019670266
106495 6495.000000 17758100006495000 -0.502499998 -0.548291116 0.501456845 0.031579772
106496 6496.000000 17758100006496000 -0.501999974 -0.548269324 0.509686059 0.026987108
106497 6497.000000 17758100006497000 -0.501500010 -0.547644075 0.501521161 0.031269783
106498 6498.000000 17758100006498000 -0.500999987 -0.546817191 0.506670093 -0.009406026
106499 6499.000000 17758100006499000 -0.500500023 -0.546306656 0.506917026 0.003048848
106500 6500.000000 17758100006500000 -0.500000000 -0.546105576 0.507695770 0.008208827
106501 6501.000000 17758100006501000 -0.499500006 -0.545350390 0.499442496 0.008261133
106502 6502.000000 17758100006502000 -0.499000013 -0.544726459 0.502805126 0.027157168
106503 6503.000000 17758100006503000 -0.498499990 -0.544570343 0.503574243 0.062983211
106504 6504.000000 17758100006504000 -0.497999996 -0.543989989 0.498284449 0.025332417
106505 6505.000000 17758100006505000 -0.497500002 -0.543572729 0.502329373 -0.014367692
106506 6506.000000 17758100006506000 -0.497000009 -0.543115755 0.503300816 -0.001581417
106507 6507.000000 17758100006507000 -0.496499985 -0.542348254 0.501246603 0.054441024
106508 6508.000000 17758100006508000 -0.495999992 -0.541906828 0.503718726 0.067124916
106509 6509.000000 17758100006509000 -0.495499998 -0.541409149 0.506168130 0.000976756
106510 6510.000000 17758100006510000 -0.495000005 -0.540991488 0.503896423 0.076137704
106511 6511.000000 17758100006511000 -0.494500011 -0.540785892 0.502925477 0.015990338
106512 6512.000000 17758100006512000 -0.493999988 -0.540479622 0.514952299 0.017683702
106513 6513.000000 17758100006513000 -0.493499994 -0.539330694 0.499102394 -0.010394811
106514 6514.000000 17758100006514000 -0.493000001 -0.538945622 0.507946757 0.012192832
106515 6515.000000 17758100006515000 -0.492500007 -0.538186601 0.506280587 0.007135480
106516 6516.000000 17758100006516000 -0.492000014 -0.537822769 0.502806993 -0.011129119
106517 6517.000000 17758100006517000 -0.491499990 -0.537311593 0.502500134 0.020228469
106518 6518.000000 17758100006518000 -0.490999997 -0.536781102 0.510079958 0.001624417
106519 6519.000000 17758100006519000 -0.490500003 -0.536389651 0.498176755 0.026354898
106520 6520.000000 17758100006520000 -0.490000010 -0.535888757 0.508367595 0.004018770
106521 6521.000000 17758100006521000 -0.489499986 -0.535047747 0.501919289 0.005690131
106522 6522.000000 17758100006522000 -0.488999993 -0.535337244 0.510138128 0.044750086
106523 6523.000000 17758100006523000 -0.488499999 -0.534558234 0.498980418 0.049192737
106524 6524.000000 17758100006524000 -0.488000005 -0.534070357 0.498583140 0.015762468
106525 6525.000000 17758100006525000 -0.487500012 -0.533263941 0.511992499 -0.014402511
106526 6526.000000 17758100006526000 -0.486999989 -0.533010732 0.509672677 -0.019331012
106527 6527.000000 17758100006527000 -0.486499995 -0.532167022 0.503330837 0.008630878
106528 6528.000000 17758100006528000 -0.486000001 -0.531895219 0.496213100 0.012844741
106529 6529.000000 17758100006529000 -0.485500008 -0.531182659 0.502029188 0.005305819
106530 6530.000000 17758100006530000 -0.485000014 -0.530873207 0.512572355 -0.012390816
106531 6531.000000 17758100006531000 -0.484499991 -0.530210654 0.502626377 0.024914262
106532 6532.000000 17758100006532000 -0.483999997 -0.529453415 0.506058917 0.020411536
106533 6533.000000 17758100006533000 -0.483500004 -0.529612259 0.512325350 0.024345896
106534 6534.000000 17758100006534000 -0.483000010 -0.529047555 0.506176942 0.012740045
106535 6535.000000 17758100006535000 -0.482499987 -0.528678283 0.510617684 0.023282582
106536 6536.000000 17758100006536000 -0.481999993 -0.527853385 0.513298203 0.030289667
106537 6537.000000 17758100006537000 -0.481500000 -0.527226432 0.500403739 0.028882748
106538 6538.000000 17758100006538000 -0.481000006 -0.527092402 0.505093425 -0.010675306
106539 6539.000000 17758100006539000 -0.480500013 -0.526161590 0.513343548 0.000051217
106540 6540.000000 17758100006540000 -0.479999989 -0.525659204 0.498202669 -0.024773023
106541 6541.000000 17758100006541000 -0.479499996 -0.525167732 0.501795508 0.036928969
106542 6542.000000 17758100006542000 -0.479000002 -0.524622503 0.506861194 0.019554694
106543 6543.000000 17758100006543000 -0.478500009 -0.524331540 0.493687406 -0.030877288
106544 6544.000000 17758100006544000 -0.477999985 -0.523970312 0.501278037 0.038182516
106545 6545.000000 17758100006545000 -0.477499992 -0.523278090 0.504706063 0.031566474
106546 6546.000000 17758100006546000 -0.476999998 -0.522924169 0.506559105 -0.001485213
106547 6547.000000 17758100006547000 -0.476500005 -0.522168580 0.499338591 0.008525005
106548 6548.000000 17758100006548000 -0.476000011 -0.521895785 0.510057511 0.010104445
106549 6549.000000 17758100006549000 -0.475499988 -0.521427740 0.496477379 0.012288222
106550 6550.000000 17758100006550000 -0.474999994 -0.520665775 0.510485009 0.036142371
106551 6551.000000 17758100006551000 -0.474500000 -0.520609190 0.497526150 0.044094513
106552 6552.000000 17758100006552000 -0.474000007 -0.519587793 0.506314257 0.033417658
106553 6553.000000 17758100006553000 -0.473500013 -0.519370085 0.504946764 -0.005610792
106554 6554.000000 17758100006554000 -0.472999990 -0.518530701 0.508993433 0.021461239
106555 6555.000000 17758100006555000 -0.472499996 -0.518137550 0.501267986 -0.027107938
106556 6556.000000 17758100006556000 -0.472000003 -0.517669789 0.511115724 -0.015279855
106557 6557.000000 17758100006557000 -0.471500009 -0.517304760 0.515567320 0.047461576
106558 6558.000000 17758100006558000 -0.470999986 -0.516590440 0.511453862 0.018957710
106559 6559.000000 17758100006559000 -0.470499992 -0.516255697 0.494243609 -0.013224292
106560 6560.000000 17758100006560000 -0.469999999 -0.515750495 0.499897499 0.002014176
106561 6561.000000 17758100006561000 -0.469500005 -0.514967732 0.509169450 0.026226306
106562 6562.000000 17758100006562000 -0.469000012 -0.514758201 0.510029630 0.001486884
106563 6563.000000 17758100006563000 -0.468499988 -0.514263306 0.495609022 0.034733722
106564 6564.000000 17758100006564000 -0.467999995 -0.513641293 0.514334343 0.016010950
106565 6565.000000 17758100006565000 -0.467500001 -0.513678685 0.498652346 -0.021172554
106566 6566.000000 17758100006566000 -0.467000008 -0.512459556 0.508245175 0.027366175
106567 6567.000000 17758100006567000 -0.466500014 -0.512509938 0.505552487 -0.004433647
106568 6568.000000 17758100006568000 -0.465999991 -0.511609030 0.498768345 0.011856563
106569 6569.000000 17758100006569000 -0.465499997 -0.511234024 0.511965295 -0.001194075
106570 6570.000000 17758100006570000 -0.465000004 -0.510765469 0.505380104 0.025982998
106571 6571.000000 17758100006571000 -0.464500010 -0.509954335 0.498953430 0.020137272
106572 6572.000000 17758100006572000 -0.463999987 -0.509725910 0.504558502 -0.004145107
106573 6573.000000 17758100006573000 -0.463499993 -0.509208006 0.489567757 0.038467693
106574 6574.000000 17758100006574000 -0.463000000 -0.508551122 0.503556566 0.018793076
106575 6575.000000 17758100006575000 -0.462500006 -0.507618250 0.502213741 0.022160609
106576 6576.000000 17758100006576000 -0.462000012 -0.507496615 0.497182533 0.008209782
106577 6577.000000 17758100006577000 -0.461499989 -0.507027830 0.498020657 0.050800073
106578 6578.000000 17758100006578000 -0.460999995 -0.506512022 0.501312080 0.036626404
106579 6579.000000 17758100006579000 -0.460500002 -0.506323342 0.501492348 0.023953961
106580 6580.000000 17758100006580000 -0.460000008 -0.505517998 0.502221575 0.022554101
106581 6581.000000 17758100006581000 -0.459500015 -0.505242039 0.502389270 0.000445749
106582 6582.000000 17758100006582000 -0.458999991 -0.504807232 0.504363423 0.017387610
106583 6583.000000 17758100006583000 -0.458499998 -0.504161310 0.498238827 -0.004358359
106584 6584.000000 17758100006584000 -0.458000004 -0.503522234 0.505386809 0.007202344
106585 6585.000000 17758100006585000 -0.457500011 -0.503102752 0.497164676 0.013873632
106586 6586.000000 17758100006586000 -0.456999987 -0.502253888 0.503954380 0.016135001
106587 6587.000000 17758100006587000 -0.456499994 -0.502221931 0.503124100 0.010814619
106588 6588.000000 17758100006588000 -0.456000000 -0.501463176 0.504009475 -0.012568869
106589 6589.000000 17758100006589000 -0.455500007 -0.501012088 0.496109553 0.022716269
106590 6590.000000 17758100006590000 -0.455000013 -0.500636823 0.506081054 -0.001468821
106591 6591.000000 17758100006591000 -0.454499990 -0.499942369 0.503003354 0.053024916
106592 6592.000000 17758100006592000 -0.453999996 -0.499707971 0.502677302 0.003281600
106593 6593.000000 17758100006593000 -0.453500003 -0.499080817 0.508289006 0.002099131
106594 6594.000000 17758100006594000 -0.453000009 -0.498294110 0.505360763 0.039797272
106595 6595.000000 17758100006595000 -0.452499986 -0.498075192 0.508409925 -0.013454466
106596 6596.000000 17758100006596000 -0.451999992 -0.497726536 0.514566851 0.003255519
106597 6597.000000 17758100006597000 -0.451499999 -0.497090678 0.509558641 -0.001247093
106598 6598.000000 17758100006598000 -0.451000005 -0.496658745 0.493870367 0.033247498
106599 6599.000000 17758100006599000 -0.450500011 -0.495682653 0.506520794 0.036853022
106600 6600.000000 17758100006600000 -0.449999988 -0.495379713 0.511604434 0.003700061
106601 6601.000000 17758100006601000 -0.449499995 -0.495136904 0.500799055 0.005640365
106602 6602.000000 17758100006602000 -0.449000001 -0.494575239 0.513847990 0.017316100
106603 6603.000000 17758100006603000 -0.448500007 -0.494436711 0.506081301 -0.026935292
106604 6604.000000 17758100006604000 -0.448000014 -0.493089541 0.502676229 0.009074405
106605 6605.000000 17758100006605000 -0.447499990 -0.493334834 0.502801992 0.000599077
106606 6606.000000 17758100006606000 -0.446999997 -0.492671715 0.507065150 0.012303103
106607 6607.000000 17758100006607000 -0.446500003 -0.492085346 0.502535432 0.021431955
106608 6608.000000 17758100006608000 -0.446000010 -0.491762780 0.508622065 0.028250542
106609 6609.000000 17758100006609000 -0.445499986 -0.491037888 0.506602550 0.020087677
106610 6610.000000 17758100006610000 -0.444999993 -0.490371681 0.506691924 -0.003092234
106611 6611.000000 17758100006611000 -0.444499999 -0.490082752 0.500468725 0.007007365
106612 6612.000000 17758100006612000 -0.444000006 -0.489611733 0.496999477 0.024449930
106613 6613.000000 17758100006613000 -0.443500012 -0.488813211 0.503162034 -0.007706548
106614 6614.000000 17758100006614000 -0.442999989 -0.488429202 0.509065576 0.024266798
106615 6615.000000 17758100006615000 -0.442499995 -0.487861938 0.495348235 0.027220054
106616 6616.000000 17758100006616000 -0.442000002 -0.487324431 0.498072322 -0.001200202
106617 6617.000000 17758100006617000 -0.441500008 -0.486695133 0.508996422 0.026074355
106618 6618.000000 17758100006618000 -0.441000015 -0.486573842 0.500477737 0.008374886
106619 6619.000000 17758100006619000 -0.440499991 -0.485664074 0.516484977 0.018061417
106620 6620.000000 17758100006620000 -0.439999998 -0.485346891 0.499705153 0.012187615
106621 6621.000000 17758100006621000 -0.439500004 -0.484992516 0.509681093 0.006084193
106622 6622.000000 17758100006622000 -0.439000010 -0.484529510 0.502291744 -0.011352886
106623 6623.000000 17758100006623000 -0.438499987 -0.483912099 0.510518283 0.036034400
106624 6624.000000 17758100006624000 -0.437999994 -0.483321684 0.513022645 -0.003204224
106625 6625.000000 17758100006625000 -0.437500000 -0.482606653 0.498073018 0.012520829
106626 6626.000000 17758100006626000 -0.437000006 -0.482048533 0.504889563 0.004039656
106627 6627.000000 17758100006627000 -0.436500013 -0.481903487 0.502095649 -0.005446915
106628 6628.000000 17758100006628000 -0.435999990 -0.481622258 0.501493429 0.018987444
106629 6629.000000 17758100006629000 -0.435499996 -0.480796049 0.504258647 0.039489409
106630 6630.000000 17758100006630000 -0.435000002 -0.480028656 0.500770122 0.008517029
106631 6631.000000 17758100006631000 -0.434500009 -0.479889650 0.499157711 0.024072974
106632 6632.000000 17758100006632000 -0.433999985 -0.479562168 0.499491097 -0.021466355
106633 6633.000000 17758100006633000 -0.433499992 -0.478803416 0.498129702 0.022267784
106634 6634.000000 17758100006634000 -0.432999998 -0.478287109 0.502917312 0.023343492
106635 6635.000000 17758100006635000 -0.432500005 -0.477965386 0.503548948 0.018017855
106636 6636.000000 17758100006636000 -0.432000011 -0.477561332 0.502588936 0.022670507
106637 6637.000000 17758100006637000 -0.431499988 -0.476673853 0.508191127 0.002148382
106638 6638.000000 17758100006638000 -0.430999994 -0.476034277 0.508612053 -0.000688280
106639 6639.000000 17758100006639000 -0.430500001 -0.476013387 0.512090362 0.010423733
106640 6640.000000 17758100006640000 -0.430000007 -0.475479402 0.505252668 -0.011680331
106641 6641.000000 17758100006641000 -0.429500014 -0.474542335 0.518283473 -0.016688400
106642 6642.000000 17758100006642000 -0.428999990 -0.473985432 0.506127232 0.012343788
106643 6643.000000 17758100006643000 -0.428499997 -0.473919789 0.500332933 -0.004139370
106644 6644.000000 17758100006644000 -0.428000003 -0.473325795 0.504217903 0.006096812
106645 6645.000000 17758100006645000 -0.427500010 -0.472636365 0.495268257 0.019669035
106646 6646.000000 17758100006646000 -0.426999986 -0.471998626 0.504414099 0.040835151
106647 6647.000000 17758100006647000 -0.426499993 -0.472001924 0.500793374 0.011045566
106648 6648.000000 17758100006648000 -0.425999999 -0.471006484 0.505808266 0.033675596
106649 6649.000000 17758100006649000 -0.425500005 -0.470785352 0.499570594 0.048291806
106650 6650.000000 17758100006650000 -0.425000012 -0.470429307 0.508474363 0.021589190
106651 6651.000000 17758100006651000 -0.424499989 -0.470129243 0.505913061 -0.020627066
106652 6652.000000 17758100006652000 -0.423999995 -0.469055219 0.501387810 0.006904965
106653 6653.000000 17758100006653000 -0.423500001 -0.468308857 0.499722884 0.000948207
106654 6654.000000 17758100006654000 -0.423000008 -0.468173076 0.509935006 0.012313442
106655 6655.000000 17758100006655000 -0.422500014 -0.468006867 0.512286406 0.036758447
106656 6656.000000 17758100006656000 -0.421999991 -0.466940014 0.512473877 0.035099934
106657 6657.000000 17758100006657000 -0.421499997 -0.466530030 0.511078504 0.040641341
106658 6658.000000 17758100006658000 -0.421000004 -0.466140626 0.496699921 0.026816308
106659 6659.000000 17758100006659000 -0.420500010 -0.465707713 0.510235782 0.013753722
106660 6660.000000 17758100006660000 -0.419999987 -0.465086581 0.502922904 0.042664306
106661 6661.000000 17758100006661000 -0.419499993 -0.464663002 0.510201439 -0.010744039
106662 6662.000000 17758100006662000 -0.419000000 -0.463830045 0.508897327 0.009906081
106663 6663.000000 17758100006663000 -0.418500006 -0.463416232 0.505212081 0.027334913
106664 6664.000000 17758100006664000 -0.418000013 -0.463181392 0.504140765 0.013826872
106665 6665.000000 17758100006665000 -0.417499989 -0.462718857 0.505936076 0.018424303
106666 6666.000000 17758100006666000 -0.416999996 -0.462452626 0.514939867 0.023644029
106667 6667.000000 17758100006667000 -0.416500002 -0.462210301 0.504056290 -0.010007654
106668 6668.000000 17758100006668000 -0.416000009 -0.461133588 0.502280586 -0.003405788
106669 6669.000000 17758100006669000 -0.415499985 -0.460695430 0.506140873 -0.005288352
106670 6670.000000 17758100006670000 -0.414999992 -0.460528484 0.504277859 -0.004560832
106671 6671.000000 17758100006671000 -0.414499998 -0.459757516 0.504698067 0.020874895
106672 6672.000000 17758100006672000 -0.414000005 -0.459290327 0.503276696 -0.000494668
106673 6673.000000 17758100006673000 -0.413500011 -0.458717038 0.509842362 0.033209395
106674 6674.000000 17758100006674000 -0.412999988 -0.457943455 0.510474350 -0.004732438
106675 6675.000000 17758100006675000 -0.412499994 -0.457511247 0.502362857 0.033496519
106676 6676.000000 17758100006676000 -0.412000000 -0.457066192 0.509831837 0.017203661
106677 6677.000000 17758100006677000 -0.411500007 -0.456562201 0.506191136 0.017756409
106678 6678.000000 17758100006678000 -0.411000013 -0.456436285 0.507992178 0.003140114
106679 6679.000000 17758100006679000 -0.410499990 -0.456039369 0.505006952 0.030627966
106680 6680.000000 17758100006680000 -0.409999996 -0.455202139 0.505643540 0.019807365
106681 6681.000000 17758100006681000 -0.409500003 -0.454503735 0.503529003 -0.006957344
106682 6682.000000 17758100006682000 -0.409000009 -0.454149328 0.506671336 -0.001287377
106683 6683.000000 17758100006683000 -0.408499986 -0.453675939 0.503456733 0.013949290
106684 6684.000000 17758100006684000 -0.407999992 -0.453054911 0.503118495 0.033918576
106685 6685.000000 17758100006685000 -0.407499999 -0.452336240 0.508091238 0.042361167
106686 6686.000000 17758100006686000 -0.407000005 -0.451863670 0.509173324 0.010281898
106687 6687.000000 17758100006687000 -0.406500012 -0.451578969 0.501660066 0.010724346
106688 6688.000000 17758100006688000 -0.405999988 -0.451381331 0.500801648 -0.002734255
106689 6689.000000 17758100006689000 -0.405499995 -0.450101353 0.502306956 0.021925304
106690 6690.000000 17758100006690000 -0.405000001 -0.450299784 0.506311076 0.023262697
106691 6691.000000 17758100006691000 -0.404500008 -0.449649669 0.505551188 -0.008403092
106692 6692.000000 17758100006692000 -0.404000014 -0.449101229 0.517463825 -0.000664110
106693 6693.000000 17758100006693000 -0.403499991 -0.448657865 0.494689085 -0.007905206
106694 6694.000000 17758100006694000 -0.402999997 -0.448075880 0.508730899 -0.039388411
106695 6695.000000 17758100006695000 -0.402500004 -0.447724792 0.504835905 0.024206424
106696 6696.000000 17758100006696000 -0.402000010 -0.447169535 0.502825166 0.008804321
106697 6697.000000 17758100006697000 -0.401499987 -0.446658673 0.512051076 0.021766775
106698 6698.000000 17758100006698000 -0.400999993 -0.446053700 0.507608548 -0.019322367
106699 6699.000000 17758100006699000 -0.400500000 -0.445658783 0.505159755 0.011274857
106700 6700.000000 17758100006700000 -0.400000006 -0.445035037 0.505852680 -0.017688027
106701 6701.000000 17758100006701000 -0.399500012 -0.444507352 0.502846338 0.012898990
106702 6702.000000 17758100006702000 -0.398999989 -0.443946130 0.496381689 -0.065072367
106703 6703.000000 17758100006703000 -0.398499995 -0.443346908 0.503989948 0.011612527
106704 6704.000000 17758100006704000 -0.398000002 -0.443368940 0.505748712 0.001661786
106705 6705.000000 17758100006705000 -0.397500008 -0.442441724 0.508619836 0.017152383
106706 6706.000000 17758100006706000 -0.397000015 -0.441974040 0.503053434 0.042057647
106707 6707.000000 17758100006707000 -0.396499991 -0.441440617 0.509663868 0.033064007
106708 6708.000000 17758100006708000 -0.395999998 -0.440975502 0.502534924 0.007092427
106709 6709.000000 17758100006709000 -0.395500004 -0.440850166 0.508954288 -0.001686287
106710 6710.000000 17758100006710000 -0.395000011 -0.440014103 0.501952813 -0.032414449
106711 6711.000000 17758100006711000 -0.394499987 -0.439438851 0.508301813 0.031520296
106712 6712.000000 17758100006712000 -0.393999994 -0.438499543 0.499936320 0.023464577
106713 6713.000000 17758100006713000 -0.393500000 -0.438687218 0.507110715 0.025773309
106714 6714.000000 17758100006714000 -0.393000007 -0.437625171 0.502785029 0.011782928
106715 6715.000000 17758100006715000 -0.392500013 -0.437380210 0.510559493 0.008895631
106716 6716.000000 17758100006716000 -0.391999990 -0.437213776 0.502144527 -0.005170789
106717 6717.000000 17758100006717000 -0.391499996 -0.436242727 0.514292051 0.026934470
106718 6718.000000 17758100006718000 -0.391000003 -0.436243119 0.502054937 0.045734040
106719 6719.000000 17758100006719000 -0.390500009 -0.435549759 0.503814192 0.031204560
106720 6720.000000 17758100006720000 -0.389999986 -0.434788928 0.493427558 0.025028455
106721 6721.000000 17758100006721000 -0.389499992 -0.434426663 0.507684633 0.021221904
106722 6722.000000 17758100006722000 -0.388999999 -0.433475023 0.505577839 0.041702276
106723 6723.000000 17758100006723000 -0.388500005 -0.433589106 0.503835626 0.016419462
106724 6724.000000 17758100006724000 -0.388000011 -0.433118421 0.501774641 0.035110447
106725 6725.000000 17758100006725000 -0.387499988 -0.432609395 0.515402662 0.019303175
106726 6726.000000 17758100006726000 -0.386999995 -0.431764039 0.510608639 0.019687793
106727 6727.000000 17758100006727000 -0.386500001 -0.431333655 0.501171364 0.023441118
106728 6728.000000 17758100006728000 -0.386000007 -0.431043822 0.506876985 -0.033425131
106729 6729.000000 17758100006729000 -0.385500014 -0.430761355 0.510230929 0.063629733
106730 6730.000000 17758100006730000 -0.384999990 -0.429813720 0.514177872 0.022797723
106731 6731.000000 17758100006731000 -0.384499997 -0.429598650 0.506995687 -0.012097480
106732 6732.000000 17758100006732000 -0.384000003 -0.428495037 0.511192058 -0.000109607
106733 6733.000000 17758100006733000 -0.383500010 -0.428317190 0.500873925 0.010570033
106734 6734.000000 17758100006734000 -0.382999986 -0.427884579 0.497396626 0.038309742
106735 6735.000000 17758100006735000 -0.382499993 -0.427304202 0.498224265 0.030112832
106736 6736.000000 17758100006736000 -0.381999999 -0.426459372 0.497573051 -0.003642162
106737 6737.000000 17758100006737000 -0.381500006 -0.426166794 0.500104566 0.001857171
106738 6738.000000 17758100006738000 -0.381000012 -0.425735908 0.507189590 0.026171971
106739 6739.000000 17758100006739000 -0.380499989 -0.425089829 0.506059939 0.013727098
106740 6740.000000 17758100006740000 -0.379999995 -0.424593347 0.508685515 0.001827794
106741 6741.000000 17758100006741000 -0.379500002 -0.423920560 0.515465901 -0.000789125
106742 6742.000000 17758100006742000 -0.379000008 -0.423746288 0.503380640 0.012482305
106743 6743.000000 17758100006743000 -0.378500015 -0.423109352 0.498174559 0.008274300
106744 6744.000000 17758100006744000 -0.377999991 -0.423038054 0.495721374 0.022308682
106745 6745.000000 17758100006745000 -0.377499998 -0.422479108 0.514361525 -0.039564305
106746 6746.000000 17758100006746000 -0.377000004 -0.421680600 0.508782038 0.028567701
106747 6747.000000 17758100006747000 -0.376500010 -0.421126604 0.503832301 -0.006029193
106748 6748.000000 17758100006748000 -0.375999987 -0.420607291 0.514967193 -0.017573844
106749 6749.000000 17758100006749000 -0.375499994 -0.420250431 0.504582338 0.036168883
106750 6750.000000 17758100006750000 -0.375000000 -0.419743142 0.508984670 0.006802985
106751 6751.000000 17758100006751000 -0.374500006 -0.418945666 0.506688787 0.042611942
106752 6752.000000 17758100006752000 -0.374000013 -0.418909202 0.504235439 0.020569508
106753 6753.000000 17758100006753000 -0.373499990 -0.418629331 0.506823273 0.000362766
106754 6754.000000 17758100006754000 -0.372999996 -0.417603286 0.507791138 0.034760705
106755 6755.000000 17758100006755000 -0.372500002 -0.417445836 0.514365102 0.024668676
106756 6756.000000 17758100006756000 -0.372000009 -0.416620641 0.502518650 0.027482285
106757 6757.000000 17758100006757000 -0.371499985 -0.415788262 0.510055114 0.049703708
106758 6758.000000 17758100006758000 -0.370999992 -0.415402637 0.502657515 -0.026404311
106759 6759.000000 17758100006759000 -0.370499998 -0.415364392 0.501073339 -0.009457296
106760 6760.000000 17758100006760000 -0.370000005 -0.414937564 0.509888406 0.027323600
106761 6761.000000 17758100006761000 -0.369500011 -0.414181160 0.514176498 0.022981399
106762 6762.000000 17758100006762000 -0.368999988 -0.413694238 0.491965808 -0.002279460
106763 6763.000000 17758100006763000 -0.368499994 -0.413147471 0.510710800 -0.009335090
106764 6764.000000 17758100006764000 -0.368000001 -0.412625232 0.509667421 0.018902079
106765 6765.000000 17758100006765000 -0.367500007 -0.412397702 0.497066444 0.007129304
106766 6766.000000 17758100006766000 -0.367000014 -0.411452498 0.507128607 -0.009178712
106767 6767.000000 17758100006767000 -0.366499990 -0.411208078 0.499130015 0.026158539
106768 6768.000000 17758100006768000 -0.365999997 -0.410659825 0.507390608 -0.003521705
106769 6769.000000 17758100006769000 -0.365500003 -0.409962427 0.511032029 0.035356645
106770 6770.000000 17758100006770000 -0.365000010 -0.409808179 0.500426824 0.013528456
106771 6771.000000 17758100006771000 -0.364499986 -0.408862315 0.505653837 0.024727991
106772 6772.000000 17758100006772000 -0.363999993 -0.408629614 0.500855566 0.037274505
106773 6773.000000 17758100006773000 -0.363499999 -0.408310215 0.498454090 0.013985600
106774 6774.000000 17758100006774000 -0.363000005 -0.407636917 0.509662489 0.021164985
106775 6775.000000 17758100006775000 -0.362500012 -0.406984847 0.509691879 0.009735938
106776 6776.000000 17758100006776000 -0.361999989 -0.406443832 0.492456448 0.003666330
106777 6777.000000 17758100006777000 -0.361499995 -0.406021175 0.496190955 -0.011693360
106778 6778.000000 17758100006778000 -0.361000001 -0.405638278 0.497480006 0.033318428
106779 6779.000000 17758100006779000 -0.360500008 -0.405222894 0.506985629 -0.012851545
106780 6780.000000 17758100006780000 -0.360000014 -0.404517428 0.508080459 -0.002417178
106781 6781.000000 17758100006781000 -0.359499991 -0.404148602 0.505123695 0.015414401
106782 6782.000000 17758100006782000 -0.358999997 -0.403631923 0.504050569 0.008477493
106783 6783.000000 17758100006783000 -0.358500004 -0.403227423 0.504919053 -0.012655946
106784 6784.000000 17758100006784000 -0.358000010 -0.402816150 0.495434137 0.029811775
106785 6785.000000 17758100006785000 -0.357499987 -0.402127657 0.503731126 0.036904037
106786 6786.000000 17758100006786000 -0.356999993 -0.401672980 0.503848101 -0.005133151
106787 6787.000000 17758100006787000 -0.356500000 -0.401271578 0.508605213 -0.009260311
106788 6788.000000 17758100006788000 -0.356000006 -0.400823974 0.506182997 0.011254964
106789 6789.000000 17758100006789000 -0.355500013 -0.400229276 0.513406774 0.025426503
106790 6790.000000 17758100006790000 -0.354999989 -0.399271795 0.522576220 -0.003056655
106791 6791.000000 17758100006791000 -0.354499996 -0.399044879 0.506231673 0.031523557
106792 6792.000000 17758100006792000 -0.354000002 -0.398546366 0.504027926 -0.044705640
106793 6793.000000 17758100006793000 -0.353500009 -0.398289749 0.508985480 0.020100187
106794 6794.000000 17758100006794000 -0.352999985 -0.397589394 0.502388978 -0.003561932
106795 6795.000000 17758100006795000 -0.352499992 -0.397273983 0.499414456 0.043880191
106796 6796.000000 17758100006796000 -0.351999998 -0.396510089 0.501927680 0.009672033
106797 6797.000000 17758100006797000 -0.351500005 -0.395890761 0.506310018 -0.008071231
106798 6798.000000 17758100006798000 -0.351000011 -0.395751893 0.502620257 0.011843038
106799 6799.000000 17758100006799000 -0.350499988 -0.395177438 0.518509833 0.022963772
106800 6800.000000 17758100006800000 -0.349999994 -0.394308593 0.502779645 -0.034141384
106801 6801.000000 17758100006801000 -0.349500000 -0.394083563 0.513362657 0.017693657
106802 6802.000000 17758100006802000 -0.349000007 -0.393637547 0.508415513 0.001116316
106803 6803.000000 17758100006803000 -0.348500013 -0.393075093 0.493257306 -0.033311821
106804 6804.000000 17758100006804000 -0.347999990 -0.392595908 0.505210104 0.016868773
106805 6805.000000 17758100006805000 -0.347499996 -0.391873427 0.509135599 0.020696535
106806 6806.000000 17758100006806000 -0.347000003 -0.391280002 0.502502008 -0.025601329
106807 6807.000000 17758100006807000 -0.346500009 -0.391066233 0.498796035 0.008075550
106808 6808.000000 17758100006808000 -0.345999986 -0.390383578 0.504513747 0.004370127
106809 6809.000000 17758100006809000 -0.345499992 -0.389657714 0.501812151 0.029369385
106810 6810.000000 17758100006810000 -0.344999999 -0.389422383 0.511976124 0.003309216
106811 6811.000000 17758100006811000 -0.344500005 -0.389344392 0.511468806 0.017817803
106812 6812.000000 17758100006812000 -0.344000012 -0.388373028 0.504990227 0.035264866
106813 6813.000000 17758100006813000 -0.343499988 -0.387985991 0.502634550 -0.024099193
106814 6814.000000 17758100006814000 -0.342999995 -0.387615582 0.502637938 0.012950610
106815 6815.000000 17758100006815000 -0.342500001 -0.386472567 0.508898930 -0.020492945
106816 6816.000000 17758100006816000 -0.342000008 -0.386332181 0.501209309 0.001787828
106817 6817.000000 17758100006817000 -0.341500014 -0.386036769 0.494976619 0.037634532
106818 6818.000000 17758100006818000 -0.340999991 -0.385688307 0.499573466 0.031128250
106819 6819.000000 17758100006819000 -0.340499997 -0.385033240 0.507899360 0.003131480
106820 6820.000000 17758100006820000 -0.340000004 -0.384204900 0.500500857 0.034650025
106821 6821.000000 17758100006821000 -0.339500010 -0.383952387 0.506093375 -0.011805823
106822 6822.000000 17758100006822000 -0.338999987 -0.383375818 0.507061809 0.029546184
106823 6823.000000 17758100006823000 -0.338499993 -0.382843487 0.501419628 0.011744422
106824 6824.000000 17758100006824000 -0.338000000 -0.382535618 0.509836182 0.028811881
106825 6825.000000 17758100006825000 -0.337500006 -0.382003156 0.497781824 0.019674772
106826 6826.000000 17758100006826000 -0.337000012 -0.381327740 0.507991824 0.031928058
106827 6827.000000 17758100006827000 -0.336499989 -0.381054159 0.503315848 0.029035753
106828 6828.000000 17758100006828000 -0.335999995 -0.380424254 0.506108220 -0.018085803
106829 6829.000000 17758100006829000 -0.335500002 -0.379935417 0.507142948 -0.005975275
106830 6830.000000 17758100006830000 -0.335000008 -0.379464034 0.507875340 -0.013085702
106831 6831.000000 17758100006831000 -0.334500015 -0.378999125 0.502829609 -0.003683660
106832 6832.000000 17758100006832000 -0.333999991 -0.378294270 0.515069409 0.029287287
106833 6833.000000 17758100006833000 -0.333499998 -0.377778501 0.512019521 0.019352856
106834 6834.000000 17758100006834000 -0.333000004 -0.377435048 0.509706151 0.012062922
106835 6835.000000 17758100006835000 -0.332500011 -0.376832147 0.499653829 -0.015874384
106836 6836.000000 17758100006836000 -0.331999987 -0.376487361 0.504411877 0.009571675
106837 6837.000000 17758100006837000 -0.331499994 -0.375888348 0.507480147 0.032120972
106838 6838.000000 17758100006838000 -0.331000000 -0.375100069 0.502010013 0.012148027
106839 6839.000000 17758100006839000 -0.330500007 -0.374433785 0.508221729 0.001937781
106840 6840.000000 17758100006840000 -0.330000013 -0.374314375 0.505869105 -0.007221197
106841 6841.000000 17758100006841000 -0.329499990 -0.373797290 0.505866268 0.017913765
106842 6842.000000 17758100006842000 -0.328999996 -0.373088794 0.501153739 -0.005376621
106843 6843.000000 17758100006843000 -0.328500003 -0.372715156 0.503014681 0.009210575
106844 6844.000000 17758100006844000 -0.328000009 -0.372748118 0.501190520 0.035860299
106845 6845.000000 17758100006845000 -0.327499986 -0.371524046 0.499235732 -0.019711267
106846 6846.000000 17758100006846000 -0.326999992 -0.371020124 0.501932533 0.052559507
106847 6847.000000 17758100006847000 -0.326499999 -0.370339797 0.502042783 0.003840724
106848 6848.000000 17758100006848000 -0.326000005 -0.370269304 0.500195363 0.000107855
106849 6849.000000 17758100006849000 -0.325500011 -0.369869106 0.499598834 0.025478435
106850 6850.000000 17758100006850000 -0.324999988 -0.369106382 0.497016417 -0.016512948
106851 6851.000000 17758100006851000 -0.324499995 -0.368912287 0.515620471 0.029306434
106852 6852.000000 17758100006852000 -0.324000001 -0.368109581 0.514245291 -0.006948959
106853 6853.000000 17758100006853000 -0.323500007 -0.367957720 0.512925771 0.040300044
106854 6854.000000 17758100006854000 -0.323000014 -0.367099090 0.505174701 0.018890519
106855 6855.000000 17758100006855000 -0.322499990 -0.366661557 0.499389451 0.011784572
106856 6856.000000 17758100006856000 -0.321999997 -0.366157643 0.508283641 0.041902474
106857 6857.000000 17758100006857000 -0.321500003 -0.365897585 0.504985576 0.014069521
106858 6858.000000 17758100006858000 -0.321000010 -0.364798652 0.508811627 0.009937247
106859 6859.000000 17758100006859000 -0.320499986 -0.364775216 0.503735934 0.037319899
106860 6860.000000 17758100006860000 -0.319999993 -0.364412233 0.502645694 0.046785909
106861 6861.000000 17758100006861000 -0.319499999 -0.363886313 0.499966520 0.014495823
106862 6862.000000 17758100006862000 -0.319000006 -0.363268145 0.501376205 0.017160567
106863 6863.000000 17758100006863000 -0.318500012 -0.362499710 0.506440452 0.022880889
106864 6864.000000 17758100006864000 -0.317999989 -0.362924936 0.508315592 0.033475562
106865 6865.000000 17758100006865000 -0.317499995 -0.361735983 0.512145236 0.050122464
106866 6866.000000 17758100006866000 -0.317000002 -0.361042661 0.496936554 -0.002301620
106867 6867.000000 17758100006867000 -0.316500008 -0.360381765 0.506782867 0.021486780
106868 6868.000000 17758100006868000 -0.316000015 -0.360445458 0.512102377 -0.025493013
106869 6869.000000 17758100006869000 -0.315499991 -0.359499856 0.506176184 -0.007298945
106870 6870.000000 17758100006870000 -0.314999998 -0.358609287 0.511484938 -0.000756902
106871 6871.000000 17758100006871000 -0.314500004 -0.358888503 0.492010423 0.034622041
106872 6872.000000 17758100006872000 -0.314000010 -0.358482743 0.509244461 0.012065173
106873 6873.000000 17758100006873000 -0.313499987 -0.357451465 0.507987718 0.030014547
106874 6874.000000 17758100006874000 -0.312999994 -0.357083558 0.507418151 -0.004462401
106875 6875.000000 17758100006875000 -0.312500000 -0.356848144 0.500633265 0.019375761
106876 6876.000000 17758100006876000 -0.312000006 -0.356125409 0.498100017 0.019325051
106877 6877.000000 17758100006877000 -0.311500013 -0.355816470 0.500444812 -0.021237286
106878 6878.000000 17758100006878000 -0.310999990 -0.355015637 0.502728976 -0.009008002
106879 6879.000000 17758100006879000 -0.310499996 -0.354610265 0.502078238 -0.001470596
106880 6880.000000 17758100006880000 -0.310000002 -0.354271571 0.505632340 0.026057792
106881 6881.000000 17758100006881000 -0.309500009 -0.353644157 0.501701713 -0.006346770
106882 6882.000000 17758100006882000 -0.308999985 -0.352780252 0.503625549 0.006213934
106883 6883.000000 17758100006883000 -0.308499992 -0.352669731 0.505284849 -0.004663585
106884 6884.000000 17758100006884000 -0.307999998 -0.352218869 0.513445662 -0.006364288
106885 6885.000000 17758100006885000 -0.307500005 -0.351806974 0.505416451 0.027154310
106886 6886.000000 17758100006886000 -0.307000011 -0.350741020 0.508717676 0.017799001
106887 6887.000000 17758100006887000 -0.306499988 -0.350667647 0.497903300 0.007128558
106888 6888.000000 17758100006888000 -0.305999994 -0.350631554 0.504081295 -0.014933284
106889 6889.000000 17758100006889000 -0.305500001 -0.349419213 0.502768736 0.009657325
106890 6890.000000 17758100006890000 -0.305000007 -0.348936956 0.508071227 -0.007285852
106891 6891.000000 17758100006891000 -0.304500014 -0.348664881 0.492230049 0.004140767
106892 6892.000000 17758100006892000 -0.303999990 -0.348279267 0.492801295 -0.011736651
106893 6893.000000 17758100006893000 -0.303499997 -0.347385585 0.502172594 0.002900169
106894 6894.000000 17758100006894000 -0.303000003 -0.346804601 0.514823359 0.025456677
106895 6895.000000 17758100006895000 -0.302500010 -0.346426332 0.491850849 0.021791576
106896 6896.000000 17758100006896000 -0.301999986 -0.346000522 0.493243996 -0.019100789
106897 6897.000000 17758100006897000 -0.301499993 -0.345553451 0.506041593 0.004456994
106898 6898.000000 17758100006898000 -0.300999999 -0.344995057 0.502748712 0.037603185
106899 6899.000000 17758100006899000 -0.300500005 -0.344611227 0.516178739 -0.018810477
106900 6900.000000 17758100006900000 -0.300000012 -0.344192406 0.509642399 0.016628827
106901 6901.000000 17758100006901000 -0.299499989 -0.343485593 0.503578790 -0.004270291
106902 6902.000000 17758100006902000 -0.298999995 -0.343433044 0.507916362 -0.003352538
106903 6903.000000 17758100006903000 -0.298500001 -0.342394620 0.512416007 -0.020335451
106904 6904.000000 17758100006904000 -0.298000008 -0.342087093 0.513670311 0.002088151
106905 6905.000000 17758100006905000 -0.297500014 -0.341618024 0.504744696 0.015569565
106906 6906.000000 17758100006906000 -0.296999991 -0.340597100 0.505882567 0.031818333
106907 6907.000000 17758100006907000 -0.296499997 -0.340292967 0.503314060 0.031050911
106908 6908.000000 17758100006908000 -0.296000004 -0.339688334 0.496913271 0.012746314
106909 6909.000000 17758100006909000 -0.295500010 -0.339451623 0.508961245 0.002204697
106910 6910.000000 17758100006910000 -0.294999987 -0.338806865 0.511810013 0.056794607
106911 6911.000000 17758100006911000 -0.294499993 -0.338434161 0.501359402 0.013574998
106912 6912.000000 17758100006912000 -0.294000000 -0.337975758 0.505828675 -0.027779574
106913 6913.000000 17758100006913000 -0.293500006 -0.337083633 0.515222629 0.031401087
106914 6914.000000 17758100006914000 -0.293000013 -0.337035490 0.501517327 0.006756541
106915 6915.000000 17758100006915000 -0.292499989 -0.336503439 0.490423932 0.017953058
106916 6916.000000 17758100006916000 -0.291999996 -0.335941753 0.502718282 0.004284743
106917 6917.000000 17758100006917000 -0.291500002 -0.335414746 0.508321192 0.033140637
106918 6918.000000 17758100006918000 -0.291000009 -0.335105097 0.501371406 0.020185106
106919 6919.000000 17758100006919000 -0.290499985 -0.334209139 0.506811285 0.016141687
106920 6920.000000 17758100006920000 -0.289999992 -0.333724197 0.508398678 0.032997634
106921 6921.000000 17758100006921000 -0.289499998 -0.333139959 0.504245691 -0.006915740
106922 6922.000000 17758100006922000 -0.289000005 -0.333095085 0.512068842 0.034350886
106923 6923.000000 17758100006923000 -0.288500011 -0.332362330 0.503550177 -0.016842142
106924 6924.000000 17758100006924000 -0.287999988 -0.332085184 0.510702656 -0.019550040
106925 6925.000000 17758100006925000 -0.287499994 -0.331421853 0.505605319 0.036647077
106926 6926.000000 17758100006926000 -0.287000000 -0.331060769 0.499123589 -0.017659563
106927 6927.000000 17758100006927000 -0.286500007 -0.330935441 0.506265913 -0.032479788
106928 6928.000000 17758100006928000 -0.286000013 -0.329527068 0.502060998 0.027847226
106929 6929.000000 17758100006929000 -0.285499990 -0.329501931 0.504276931 -0.022437409
106930 6930.000000 17758100006930000 -0.284999996 -0.328789235 0.499449482 0.010773294
106931 6931.000000 17758100006931000 -0.284500003 -0.328272290 0.503983315 0.014474270
106932 6932.000000 17758100006932000 -0.284000009 -0.327898484 0.509014263 0.030898365
106933 6933.000000 17758100006933000 -0.283499986 -0.327394476 0.501898369 0.006575321
106934 6934.000000 17758100006934000 -0.282999992 -0.327081921 0.503762980 0.016997744
106935 6935.000000 17758100006935000 -0.282499999 -0.326636687 0.499729478 0.049801483
106936 6936.000000 17758100006936000 -0.282000005 -0.326022998 0.506794539 -0.010344478
106937 6937.000000 17758100006937000 -0.281500012 -0.325428806 0.499800473 0.021250451
106938 6938.000000 17758100006938000 -0.280999988 -0.324580836 0.508868963 0.023147591
106939 6939.000000 17758100006939000 -0.280499995 -0.324674218 0.508384214 0.035625777
106940 6940.000000 17758100006940000 -0.280000001 -0.323472046 0.505124006 0.023193691
106941 6941.000000 17758100006941000 -0.279500008 -0.323204269 0.506878430 -0.003859589
106942 6942.000000 17758100006942000 -0.279000014 -0.322811331 0.505034121 -0.027810994
106943 6943.000000 17758100006943000 -0.278499991 -0.322305040 0.502974650 0.002674703
106944 6944.000000 17758100006944000 -0.277999997 -0.321404327 0.501150531 -0.011675927
106945 6945.000000 17758100006945000 -0.277500004 -0.321240256 0.512558768 0.016817231
106946 6946.000000 17758100006946000 -0.277000010 -0.320483296 0.512944658 0.039065387
106947 6947.000000 17758100006947000 -0.276499987 -0.320641111 0.509641160 0.008074048
106948 6948.000000 17758100006948000 -0.275999993 -0.319894073 0.505403370 0.002977424
106949 6949.000000 17758100006949000 -0.275500000 -0.319411406 0.511068715 0.049445071
106950 6950.000000 17758100006950000 -0.275000006 -0.318949663 0.501131340 0.011237747
106951 6951.000000 17758100006951000 -0.274500012 -0.318467465 0.505022594 0.001148957
106952 6952.000000 17758100006952000 -0.273999989 -0.317618126 0.504758483 0.002630076
106953 6953.000000 17758100006953000 -0.273499995 -0.317154094 0.500947479 0.017324322
106954 6954.000000 17758100006954000 -0.273000002 -0.316936255 0.501135705 -0.032083350
106955 6955.000000 17758100006955000 -0.272500008 -0.316318223 0.497095409 0.030736155
106956 6956.000000 17758100006956000 -0.272000015 -0.315712739 0.503402673 0.015367217
106957 6957.000000 17758100006957000 -0.271499991 -0.315031227 0.514495879 -0.014943270
106958 6958.000000 17758100006958000 -0.270999998 -0.314727668 0.503970264 -0.003829935
106959 6959.000000 17758100006959000 -0.270500004 -0.313970817 0.495490812 0.021347347
106960 6960.000000 17758100006960000 -0.270000011 -0.314013407 0.498205790 -0.013804787
106961 6961.000000 17758100006961000 -0.269499987 -0.313194177 0.502851068 -0.015996723
106962 6962.000000 17758100006962000 -0.268999994 -0.313168047 0.504533827 0.014409201
106963 6963.000000 17758100006963000 -0.268500000 -0.311943573 0.503133272 -0.002378770
106964 6964.000000 17758100006964000 -0.268000007 -0.311832238 0.506749375 0.024306474
106965 6965.000000 17758100006965000 -0.267500013 -0.311169655 0.510167157 0.032704467
106966 6966.000000 17758100006966000 -0.266999990 -0.310511180 0.515749289 -0.027503344
106967 6967.000000 17758100006967000 -0.266499996 -0.310431297 0.504163730 0.013025190
106968 6968.000000 17758100006968000 -0.266000003 -0.310006503 0.499495281 0.013393402
106969 6969.000000 17758100006969000 -0.265500009 -0.309277656 0.506787723 0.009299987
106970 6970.000000 17758100006970000 -0.264999986 -0.308678833 0.504972906 0.007577588
106971 6971.000000 17758100006971000 -0.264499992 -0.308459741 0.506059530 0.014839193
106972 6972.000000 17758100006972000 -0.263999999 -0.307723615 0.507874849 -0.009453347
106973 6973.000000 17758100006973000 -0.263500005 -0.307087955 0.511598416 0.044556814
106974 6974.000000 17758100006974000 -0.263000011 -0.306993437 0.503266021 0.005009599
106975 6975.000000 17758100006975000 -0.262499988 -0.306078290 0.512907585 0.032833346
106976 6976.000000 17758100006976000 -0.261999995 -0.305420095 0.499153276 0.019646313
106977 6977.000000 17758100006977000 -0.261500001 -0.305008266 0.500223575 0.003782433
106978 6978.000000 17758100006978000 -0.261000007 -0.304379857 0.494326085 0.022048184
106979 6979.000000 17758100006979000 -0.260500014 -0.304468161 0.506742602 0.010773225
106980 6980.000000 17758100006980000 -0.259999990 -0.303653715 0.507398020 0.009189945
106981 6981.000000 17758100006981000 -0.259499997 -0.303225938 0.504887754 0.025428753
106982 6982.000000 17758100006982000 -0.259000003 -0.302582664 0.508011742 -0.013522007
106983 6983.000000 17758100006983000 -0.258500010 -0.302056466 0.510060583 0.009965150
106984 6984.000000 17758100006984000 -0.257999986 -0.301767253 0.514424092 0.018057726
106985 6985.000000 17758100006985000 -0.257499993 -0.301104288 0.505230401 -0.002215564
106986 6986.000000 17758100006986000 -0.256999999 -0.300336077 0.501695515 -0.000943675
106987 6987.000000 17758100006987000 -0.256500006 -0.300397598 0.502898665 -0.029643657
106988 6988.000000 17758100006988000 -0.256000012 -0.299588604 0.496976294 0.024520610
106989 6989.000000 17758100006989000 -0.255499989 -0.299427425 0.504511698 0.010663010
106990 6990.000000 17758100006990000 -0.254999995 -0.298413479 0.507148118 0.025568878
106991 6991.000000 17758100006991000 -0.254500002 -0.298060799 0.504551213 0.049334978
106992 6992.000000 17758100006992000 -0.254000008 -0.297417555 0.508534097 -0.003535118
106993 6993.000000 17758100006993000 -0.253500015 -0.297360550 0.502417199 0.010450027
106994 6994.000000 17758100006994000 -0.252999991 -0.296802373 0.501111891 0.048112825
106995 6995.000000 17758100006995000 -0.252499998 -0.296261244 0.496846563 0.018017522
106996 6996.000000 17758100006996000 -0.252000004 -0.295735218 0.506165106 -0.023523476
106997 6997.000000 17758100006997000 -0.251500010 -0.295089065 0.504717446 0.041710291
106998 6998.000000 17758100006998000 -0.250999987 -0.294706517 0.507414606 -0.004714390
106999 6999.000000 17758100006999000 -0.250499994 -0.294278727 0.498019865 0.018785918
107000 7000.000000 17758100007000000 -0.250000000 -0.293573903 0.508934487 0.015724568
107001 7001.000000 17758100007001000 -0.249500006 -0.292990644 0.505468549 0.015241885
107002 7002.000000 17758100007002000 -0.248999998 -0.292444690 0.509937355 0.031483179
107003 7003.000000 17758100007003000 -0.248500004 -0.292622859 0.502296564 0.001247315
107004 7004.000000 17758100007004000 -0.247999996 -0.291706715 0.508362450 0.022038656
107005 7005.000000 17758100007005000 -0.247500002 -0.291173811 0.499479673 -0.007028540
107006 7006.000000 17758100007006000 -0.246999994 -0.290700310 0.499456013 0.024149713
107007 7007.000000 17758100007007000 -0.246500000 -0.290639628 0.509121744 -0.005322521
107008 7008.000000 17758100007008000 -0.246000007 -0.289667493 0.503240179 -0.010087467
107009 7009.000000 17758100007009000 -0.245499998 -0.288798519 0.498285470 0.037522938
107010 7010.000000 17758100007010000 -0.245000005 -0.288315466 0.503384363 -0.017393728
107011 7011.000000 17758100007011000 -0.244499996 -0.288090485 0.500187266 0.008244635
107012 7012.000000 17758100007012000 -0.244000003 -0.287249607 0.508329406 0.000720610
107013 7013.000000 17758100007013000 -0.243499994 -0.287147420 0.510838789 0.013942530
107014 7014.000000 17758100007014000 -0.243000001 -0.286623388 0.498052794 -0.005389906
107015 7015.000000 17758100007015000 -0.242500007 -0.286005148 0.493810164 0.020488748
107016 7016.000000 17758100007016000 -0.241999999 -0.284921832 0.508522115 -0.019331609
107017 7017.000000 17758100007017000 -0.241500005 -0.285289016 0.508833702 0.015017779
107018 7018.000000 17758100007018000 -0.240999997 -0.284333061 0.500835782 0.027670969
107019 7019.000000 17758100007019000 -0.240500003 -0.283852221 0.499697675 -0.038069244
107020 7020.000000 17758100007020000 -0.239999995 -0.283413044 0.501659352 -0.000283146
107021 7021.000000 17758100007021000 -0.239500001 -0.282690637 0.513027294 0.004881285
107022 7022.000000 17758100007022000 -0.238999993 -0.282675521 0.508007131 0.021601068
107023 7023.000000 17758100007023000 -0.238499999 -0.282208283 0.508776444 0.009716502
107024 7024.000000 17758100007024000 -0.238000005 -0.281186031 0.496057345 0.022361924
107025 7025.000000 17758100007025000 -0.237499997 -0.280804345 0.509618186 0.020452939
107026 7026.000000 17758100007026000 -0.237000003 -0.280602971 0.503486027 -0.009903272
107027 7027.000000 17758100007027000 -0.236499995 -0.280167726 0.501822913 0.018891512
107028 7028.000000 17758100007028000 -0.236000001 -0.279374553 0.499229077 0.000598052
107029 7029.000000 17758100007029000 -0.235499993 -0.279053384 0.510581382 0.018264468
107030 7030.000000 17758100007030000 -0.234999999 -0.278171828 0.493385302 0.013810491
107031 7031.000000 17758100007031000 -0.234500006 -0.278015651 0.507947279 0.000684369
107032 7032.000000 17758100007032000 -0.233999997 -0.277355086 0.504851480 -0.011272228
107033 7033.000000 17758100007033000 -0.233500004 -0.277067992 0.501741191 0.017282461
107034 7034.000000 17758100007034000 -0.232999995 -0.276564701 0.501032187 -0.015065743
107035 7035.000000 17758100007035000 -0.232500002 -0.275594875 0.508014228 0.032862839
107036 7036.000000 17758100007036000 -0.231999993 -0.275532556 0.508906812 0.012222363
107037 7037.000000 17758100007037000 -0.231500000 -0.274905003 0.508354113 0.021504744
107038 7038.000000 17758100007038000 -0.231000006 -0.274735645 0.499255523 0.002612917
107039 7039.000000 17758100007039000 -0.230499998 -0.273753853 0.512063730 0.041037292
107040 7040.000000 17758100007040000 -0.230000004 -0.273315798 0.511555661 -0.034724900
107041 7041.000000 17758100007041000 -0.229499996 -0.272963964 0.509776332 0.014460345
107042 7042.000000 17758100007042000 -0.229000002 -0.272664891 0.506905908 0.005261898
107043 7043.000000 17758100007043000 -0.228499994 -0.271680383 0.506340110 0.033540412
107044 7044.000000 17758100007044000 -0.228000000 -0.271228906 0.499745539 0.040929062
107045 7045.000000 17758100007045000 -0.227500007 -0.270904178 0.495380086 0.010975299
107046 7046.000000 17758100007046000 -0.226999998 -0.270526703 0.511504831 0.005635225
107047 7047.000000 17758100007047000 -0.226500005 -0.269973387 0.508627341 0.023627858
107048 7048.000000 17758100007048000 -0.225999996 -0.269291351 0.490483156 0.047139168
107049 7049.000000 17758100007049000 -0.225500003 -0.268768969 0.504359847 0.051983122
107050 7050.000000 17758100007050000 -0.224999994 -0.268349164 0.498201464 0.002385438
107051 7051.000000 17758100007051000 -0.224500000 -0.267626671 0.507249693 0.018972512
107052 7052.000000 17758100007052000 -0.224000007 -0.267730685 0.502448398 0.025929210
107053 7053.000000 17758100007053000 -0.223499998 -0.266716681 0.496365240 0.001144445
107054 7054.000000 17758100007054000 -0.223000005 -0.266554393 0.508292737 0.020203994
107055 7055.000000 17758100007055000 -0.222499996 -0.265866034 0.511731077 0.031142390
107056 7056.000000 17758100007056000 -0.222000003 -0.265128432 0.503155593 0.005869980
107057 7057.000000 17758100007057000 -0.221499994 -0.265002809 0.501250723 0.024811259
107058 7058.000000 17758100007058000 -0.221000001 -0.264263355 0.503847598 0.006670241
107059 7059.000000 17758100007059000 -0.220500007 -0.263785554 0.507858193 0.016956364
107060 7060.000000 17758100007060000 -0.219999999 -0.263136818 0.503579665 0.002146838
107061 7061.000000 17758100007061000 -0.219500005 -0.262452262 0.503439345 -0.020542608
107062 7062.000000 17758100007062000 -0.218999997 -0.262505821 0.507477072 -0.018937897
107063 7063.000000 17758100007063000 -0.218500003 -0.261620235 0.508868425 -0.000168748
107064 7064.000000 17758100007064000 -0.217999995 -0.261163020 0.501865603 0.035549531
107065 7065.000000 17758100007065000 -0.217500001 -0.260638201 0.506551618 0.008694867
107066 7066.000000 17758100007066000 -0.216999993 -0.260225291 0.504642897 0.018605308
107067 7067.000000 17758100007067000 -0.216499999 -0.259540924 0.503961983 -0.007666802
107068 7068.000000 17758100007068000 -0.216000006 -0.258836363 0.509749419 -0.005102066
107069 7069.000000 17758100007069000 -0.215499997 -0.259107663 0.516754323 -0.008740500
107070 7070.000000 17758100007070000 -0.215000004 -0.257980507 0.507733503 -0.015027650
107071 7071.000000 17758100007071000 -0.214499995 -0.257930912 0.501395086 0.002190578
107072 7072.000000 17758100007072000 -0.214000002 -0.257281714 0.510724441 0.040675459
107073 7073.000000 17758100007073000 -0.213499993 -0.256501520 0.496743869 0.038191835
107074 7074.000000 17758100007074000 -0.213000000 -0.256444000 0.509925556 0.019276126
107075 7075.000000 17758100007075000 -0.212500006 -0.255871689 0.512069499 0.001491430
107076 7076.000000 17758100007076000 -0.211999997 -0.255191139 0.503095828 0.017691415
107077 7077.000000 17758100007077000 -0.211500004 -0.254767974 0.509574517 -0.002764904
107078 7078.000000 17758100007078000 -0.210999995 -0.253976144 0.514424783 -0.031221345
107079 7079.000000 17758100007079000 -0.210500002 -0.253865439 0.503331182 0.008426170
107080 7080.000000 17758100007080000 -0.209999993 -0.253433815 0.506980487 0.051641960
107081 7081.000000 17758100007081000 -0.209500000 -0.252519586 0.503837168 0.011970826
107082 7082.000000 17758100007082000 -0.209000006 -0.252194612 0.506990635 -0.004082006
107083 7083.000000 17758100007083000 -0.208499998 -0.251714924 0.504011228 -0.003162502
107084 7084.000000 17758100007084000 -0.208000004 -0.251082230 0.515952461 0.013290419
107085 7085.000000 17758100007085000 -0.207499996 -0.250512406 0.506599241 0.034539677
107086 7086.000000 17758100007086000 -0.207000002 -0.250302649 0.505122396 0.002635527
107087 7087.000000 17758100007087000 -0.206499994 -0.249350367 0.502388932 0.005716056
107088 7088.000000 17758100007088000 -0.206000000 -0.249071509 0.499882383 0.048856444
107089 7089.000000 17758100007089000 -0.205500007 -0.248686668 0.507698342 0.015404797
107090 7090.000000 17758100007090000 -0.204999998 -0.248215961 0.501421591 0.026482653
107091 7091.000000 17758100007091000 -0.204500005 -0.247653950 0.505823702 0.012561750
107092 7092.000000 17758100007092000 -0.203999996 -0.247180540 0.501981085 -0.000680148
107093 7093.000000 17758100007093000 -0.203500003 -0.246507733 0.511399455 0.006774421
107094 7094.000000 17758100007094000 -0.202999994 -0.245830756 0.505572508 0.039839529
107095 7095.000000 17758100007095000 -0.202500001 -0.245373896 0.504574062 0.022041880
107096 7096.000000 17758100007096000 -0.202000007 -0.245190979 0.506944530 0.005663727
107097 7097.000000 17758100007097000 -0.201499999 -0.244620526 0.511576150 0.041707589
107098 7098.000000 17758100007098000 -0.201000005 -0.244473978 0.503802538 0.024927431
107099 7099.000000 17758100007099000 -0.200499997 -0.243531392 0.502035708 -0.001871493
107100 7100.000000 17758100007100000 -0.200000003 -0.243561039 0.513526030 0.052458889
107101 7101.000000 17758100007101000 -0.199499995 -0.242860539 0.505086548 0.033372923
107102 7102.000000 17758100007102000 -0.199000001 -0.242172318 0.509369314 0.006826357
107103 7103.000000 17758100007103000 -0.198500007 -0.241517832 0.497262049 0.017714298
107104 7104.000000 17758100007104000 -0.197999999 -0.241172663 0.506054133 0.030786805
107105 7105.000000 17758100007105000 -0.197500005 -0.240640042 0.499581712 0.028285689
107106 7106.000000 17758100007106000 -0.196999997 -0.240180670 0.512095808 0.027839662
107107 7107.000000 17758100007107000 -0.196500003 -0.239744435 0.506013378 0.010120688
107108 7108.000000 17758100007108000 -0.195999995 -0.239014291 0.498672844 0.019822213
107109 7109.000000 17758100007109000 -0.195500001 -0.238228441 0.503315494 0.009790410
107110 7110.000000 17758100007110000 -0.194999993 -0.238241746 0.499010205 0.022007762
107111 7111.000000 17758100007111000 -0.194499999 -0.237361266 0.501842348 0.013195750
107112 7112.000000 17758100007112000 -0.194000006 -0.236927057 0.504850709 0.029946953
107113 7113.000000 17758100007113000 -0.193499997 -0.236755831 0.504375478 0.007495876
107114 7114.000000 17758100007114000 -0.193000004 -0.236209861 0.507386921 0.057373272
107115 7115.000000 17758100007115000 -0.192499995 -0.235687995 0.500704431 0.046049656
107116 7116.000000 17758100007116000 -0.192000002 -0.235041481 0.504790393 -0.013195281
107117 7117.000000 17758100007117000 -0.191499993 -0.234852885 0.506643857 0.014171159
107118 7118.000000 17758100007118000 -0.191000000 -0.233869488 0.511658991 0.014516891
107119 7119.000000 17758100007119000 -0.190500006 -0.233338152 0.510464103 0.021995861
107120 7120.000000 17758100007120000 -0.189999998 -0.233177543 0.512026341 0.019151384
107121 7121.000000 17758100007121000 -0.189500004 -0.232351498 0.503860784 -0.003704100
107122 7122.000000 17758100007122000 -0.188999996 -0.232000639 0.507257224 0.002992604
107123 7123.000000 17758100007123000 -0.188500002 -0.231379989 0.506045007 -0.009712872
107124 7124.000000 17758100007124000 -0.187999994 -0.231191932 0.502664324 0.006919601
107125 7125.000000 17758100007125000 -0.187500000 -0.230509668 0.502670295 0.013787467
107126 7126.000000 17758100007126000 -0.187000006 -0.230041225 0.502919644 0.047637894
107127 7127.000000 17758100007127000 -0.186499998 -0.229606176 0.503931719 0.021469591
107128 7128.000000 17758100007128000 -0.186000004 -0.229120545 0.506281299 0.020980653
107129 7129.000000 17758100007129000 -0.185499996 -0.228355719 0.495044372 0.032042223
107130 7130.000000 17758100007130000 -0.185000002 -0.227926709 0.502047543 0.004007378
107131 7131.000000 17758100007131000 -0.184499994 -0.227677852 0.502842752 0.013875908
107132 7132.000000 17758100007132000 -0.184000000 -0.226613338 0.498897983 -0.001540081
107133 7133.000000 17758100007133000 -0.183500007 -0.226383186 0.510614198 0.030768245
107134 7134.000000 17758100007134000 -0.182999998 -0.226098464 0.501074545 0.017755068
107135 7135.000000 17758100007135000 -0.182500005 -0.225432514 0.512536702 0.049649636
107136 7136.000000 17758100007136000 -0.181999996 -0.225232256 0.508859148 0.044040149
107137 7137.000000 17758100007137000 -0.181500003 -0.224115294 0.504217244 -0.002276846
107138 7138.000000 17758100007138000 -0.180999994 -0.223892501 0.509648598 -0.020724149
107139 7139.000000 17758100007139000 -0.180500001 -0.223538989 0.504337454 -0.018848626
107140 7140.000000 17758100007140000 -0.180000007 -0.223152624 0.498569045 -0.007232412
107141 7141.000000 17758100007141000 -0.179499999 -0.222172654 0.510881302 -0.013963094
107142 7142.000000 17758100007142000 -0.179000005 -0.222033195 0.503395371 -0.024467463
107143 7143.000000 17758100007143000 -0.178499997 -0.221566225 0.506452215 -0.037261171
107144 7144.000000 17758100007144000 -0.178000003 -0.220970305 0.501325841 0.023754988
107145 7145.000000 17758100007145000 -0.177499995 -0.220278894 0.507692063 0.054841096
107146 7146.000000 17758100007146000 -0.177000001 -0.219839210 0.505615023 0.018521132
107147 7147.000000 17758100007147000 -0.176499993 -0.219406552 0.514568650 0.017609101
107148 7148.000000 17758100007148000 -0.175999999 -0.218768157 0.504824611 -0.006390041
107149 7149.000000 17758100007149000 -0.175500005 -0.218241424 0.502298386 -0.000190248
107150 7150.000000 17758100007150000 -0.174999997 -0.217699218 0.504686197 0.012538845
107151 7151.000000 17758100007151000 -0.174500003 -0.217695851 0.502979486 0.021544124
107152 7152.000000 17758100007152000 -0.173999995 -0.216781992 0.501547802 -0.007697271
107153 7153.000000 17758100007153000 -0.173500001 -0.216767862 0.515232264 0.033720009
107154 7154.000000 17758100007154000 -0.172999993 -0.215943624 0.500765181 -0.010932005
107155 7155.000000 17758100007155000 -0.172499999 -0.215568004 0.499692139 0.022458590
107156 7156.000000 17758100007156000 -0.172000006 -0.215085312 0.508589012 0.006196986
107157 7157.000000 17758100007157000 -0.171499997 -0.214197782 0.495657817 -0.015594873
107158 7158.000000 17758100007158000 -0.171000004 -0.214102177 0.505552360 0.008858953
107159 7159.000000 17758100007159000 -0.170499995 -0.213505183 0.503209252 0.012245778
107160 7160.000000 17758100007160000 -0.170000002 -0.212841098 0.509478401 0.002714378
107161 7161.000000 17758100007161000 -0.169499993 -0.212552102 0.511717727 0.010843439
107162 7162.000000 17758100007162000 -0.169000000 -0.211711763 0.507474636 0.016135303
107163 7163.000000 17758100007163000 -0.168500006 -0.210903534 0.512435045 -0.020046141
107164 7164.000000 17758100007164000 -0.167999998 -0.210527356 0.505873723 0.008069900
107165 7165.000000 17758100007165000 -0.167500004 -0.210176844 0.504718390 0.024405057
107166 7166.000000 17758100007166000 -0.166999996 -0.209741515 0.502362902 0.012861501
107167 7167.000000 17758100007167000 -0.166500002 -0.208797810 0.508434300 0.010157136
107168 7168.000000 17758100007168000 -0.165999994 -0.209004346 0.501933364 -0.052858856
107169 7169.000000 17758100007169000 -0.165500000 -0.208174113 0.501432933 0.017020682
107170 7170.000000 17758100007170000 -0.165000007 -0.207425688 0.501945593 0.008604626
107171 7171.000000 17758100007171000 -0.164499998 -0.207528063 0.505373899 -0.039208466
107172 7172.000000 17758100007172000 -0.164000005 -0.206798669 0.508360443 0.008970019
107173 7173.000000 17758100007173000 -0.163499996 -0.206104956 0.502472361 0.013875075
107174 7174.000000 17758100007174000 -0.163000003 -0.205723998 0.499480828 0.000945937
107175 7175.000000 17758100007175000 -0.162499994 -0.205204505 0.498513917 0.005493448
107176 7176.000000 17758100007176000 -0.162000000 -0.204769248 0.501477081 0.057487869
107177 7177.000000 17758100007177000 -0.161500007 -0.204039833 0.495586541 -0.006578520
107178 7178.000000 17758100007178000 -0.160999998 -0.203886985 0.501225547 -0.002055079
107179 7179.000000 17758100007179000 -0.160500005 -0.203048637 0.514227523 0.039646613
107180 7180.000000 17758100007180000 -0.159999996 -0.202758397 0.507359853 -0.023324964
107181 7181.000000 17758100007181000 -0.159500003 -0.202207563 0.506264827 0.020402826
107182 7182.000000 17758100007182000 -0.158999994 -0.201924540 0.507498205 0.005937628
107183 7183.000000 17758100007183000 -0.158500001 -0.201316753 0.507360474 0.013830238
107184 7184.000000 17758100007184000 -0.158000007 -0.201066098 0.507777647 0.037685017
107185 7185.000000 17758100007185000 -0.157499999 -0.199970330 0.496338850 0.003599304
107186 7186.000000 17758100007186000 -0.157000005 -0.199741672 0.503009797 -0.012745168
107187 7187.000000 17758100007187000 -0.156499997 -0.199231099 0.508523582 0.025584597
107188 7188.000000 17758100007188000 -0.156000003 -0.198744814 0.505246149 -0.007789936
107189 7189.000000 17758100007189000 -0.155499995 -0.198423121 0.509844815 -0.017031620
107190 7190.000000 17758100007190000 -0.155000001 -0.198216617 0.499946347 0.013119884
107191 7191.000000 17758100007191000 -0.154499993 -0.197145131 0.497630619 0.027377745
107192 7192.000000 17758100007192000 -0.153999999 -0.196778286 0.504625451 0.027302451
107193 7193.000000 17758100007193000 -0.153500006 -0.195923403 0.504152607 0.021385668
107194 7194.000000 17758100007194000 -0.152999997 -0.195547475 0.505409439 0.014894094
107195 7195.000000 17758100007195000 -0.152500004 -0.195206922 0.508053348 0.033244900
107196 7196.000000 17758100007196000 -0.151999995 -0.194895201 0.505844918 -0.000834045
107197 7197.000000 17758100007197000 -0.151500002 -0.193800908 0.504630460 -0.008707207
107198 7198.000000 17758100007198000 -0.150999993 -0.193627195 0.504865093 0.004348544
107199 7199.000000 17758100007199000 -0.150500000 -0.192881925 0.495452294 0.018152581
107200 7200.000000 17758100007200000 -0.150000006 -0.192745835 0.501909722 -0.005209826
107201 7201.000000 17758100007201000 -0.149499997 -0.192297763 0.504852216 0.049175006
107202 7202.000000 17758100007202000 -0.149000004 -0.192143613 0.504285686 0.011256060
107203 7203.000000 17758100007203000 -0.148499995 -0.191097356 0.513246014 0.027088317
107204 7204.000000 17758100007204000 -0.148000002 -0.190357690 0.511082662 0.025115295
107205 7205.000000 17758100007205000 -0.147499993 -0.190260268 0.508076383 -0.013817003
107206 7206.000000 17758100007206000 -0.147000000 -0.189751199 0.499925739 0.011850080
107207 7207.000000 17758100007207000 -0.146500006 -0.188870775 0.498376731 0.017643994
107208 7208.000000 17758100007208000 -0.145999998 -0.188910466 0.506152874 0.011375045
107209 7209.000000 17758100007209000 -0.145500004 -0.187796807 0.498435326 -0.027994084
107210 7210.000000 17758100007210000 -0.144999996 -0.187323034 0.513623414 0.011352920
107211 7211.000000 17758100007211000 -0.144500002 -0.187021858 0.505156026 -0.001153381
107212 7212.000000 17758100007212000 -0.143999994 -0.186592046 0.500791256 0.052071391
107213 7213.000000 17758100007213000 -0.143500000 -0.185718945 0.504437255 -0.001624997
107214 7214.000000 17758100007214000 -0.143000007 -0.185581376 0.499279560 0.042621950
107215 7215.000000 17758100007215000 -0.142499998 -0.185080370 0.515825108 0.027248328
107216 7216.000000 17758100007216000 -0.142000005 -0.184501925 0.506611360 0.011510572
107217 7217.000000 17758100007217000 -0.141499996 -0.183886146 0.504410956 0.034095105
107218 7218.000000 17758100007218000 -0.141000003 -0.183823849 0.504494152 0.030177648
107219 7219.000000 17758100007219000 -0.140499994 -0.183283329 0.505792318 -0.023060148
107220 7220.000000 17758100007220000 -0.140000001 -0.182190555 0.504186021 0.004222562
107221 7221.000000 17758100007221000 -0.139500007 -0.182028378 0.499842704 0.008508032
107222 7222.000000 17758100007222000 -0.138999999 -0.181454512 0.505959043 0.022533536
107223 7223.000000 17758100007223000 -0.138500005 -0.181189418 0.496912634 -0.024468891
107224 7224.000000 17758100007224000 -0.137999997 -0.180557579 0.507005735 0.034059448
107225 7225.000000 17758100007225000 -0.137500003 -0.180224092 0.501510154 0.006193438
107226 7226.000000 17758100007226000 -0.136999995 -0.179628241 0.509700958 0.002412945
107227 7227.000000 17758100007227000 -0.136500001 -0.178903451 0.499945712 0.012123712
107228 7228.000000 17758100007228000 -0.136000007 -0.178682634 0.504006028 0.001554597
107229 7229.000000 17758100007229000 -0.135499999 -0.177911215 0.503933652 0.012939509
107230 7230.000000 17758100007230000 -0.135000005 -0.177602323 0.506405314 0.006158375
107231 7231.000000 17758100007231000 -0.134499997 -0.176743165 0.509494041 0.065602527
107232 7232.000000 17758100007232000 -0.134000003 -0.176418356 0.493654498 0.024555313
107233 7233.000000 17758100007233000 -0.133499995 -0.175932839 0.516165241 -0.009912773
107234 7234.000000 17758100007234000 -0.133000001 -0.175451107 0.505507835 0.023015327
107235 7235.000000 17758100007235000 -0.132499993 -0.175093166 0.504967848 0.027896032
107236 7236.000000 17758100007236000 -0.131999999 -0.174268254 0.504393522 -0.011098728
107237 7237.000000 17758100007237000 -0.131500006 -0.173958448 0.507259741 0.000471539
107238 7238.000000 17758100007238000 -0.130999997 -0.173553484 0.496836558 0.016503086
107239 7239.000000 17758100007239000 -0.130500004 -0.172824025 0.508574917 -0.005711337
107240 7240.000000 17758100007240000 -0.129999995 -0.172519709 0.502238365 -0.007005013
107241 7241.000000 17758100007241000 -0.129500002 -0.171810275 0.502786869 -0.002449005
107242 7242.000000 17758100007242000 -0.128999993 -0.171815168 0.507581617 0.017894458
107243 7243.000000 17758100007243000 -0.128500000 -0.170819391 0.501289842 0.019042569
107244 7244.000000 17758100007244000 -0.128000006 -0.170428214 0.496725559 -0.012576456
107245 7245.000000 17758100007245000 -0.127499998 -0.169734141 0.501712548 0.009974154
107246 7246.000000 17758100007246000 -0.127000004 -0.169482283 0.497918082 0.022626025
107247 7247.000000 17758100007247000 -0.126499996 -0.168977675 0.515314059 -0.012893431
107248 7248.000000 17758100007248000 -0.126000002 -0.168507629 0.508796706 0.014271833
107249 7249.000000 17758100007249000 -0.125499994 -0.168192433 0.499024534 0.021782499
107250 7250.000000 17758100007250000 -0.125000000 -0.167583497 0.506895434 -0.009714018
107251 7251.000000 17758100007251000 -0.124499999 -0.167131094 0.510479592 0.004409016
107252 7252.000000 17758100007252000 -0.123999998 -0.166215756 0.503230617 0.043207829
107253 7253.000000 17758100007253000 -0.123499997 -0.165859178 0.510609423 0.035479275
107254 7254.000000 17758100007254000 -0.123000003 -0.165476031 0.502082656 0.017623607
107255 7255.000000 17758100007255000 -0.122500002 -0.164861356 0.505876988 0.007670040
107256 7256.000000 17758100007256000 -0.122000001 -0.164459817 0.506323581 0.051811355
107257 7257.000000 17758100007257000 -0.121500000 -0.163796692 0.507449251 0.048457219
107258 7258.000000 17758100007258000 -0.120999999 -0.163365632 0.502550482 -0.003306975
107259 7259.000000 17758100007259000 -0.120499998 -0.162782081 0.508164172 0.030975966
107260 7260.000000 17758100007260000 -0.119999997 -0.162301015 0.505945876 0.010491514
107261 7261.000000 17758100007261000 -0.119499996 -0.162077453 0.503841522 0.000133222
107262 7262.000000 17758100007262000 -0.119000003 -0.161496211 0.497412234 -0.000649853
107263 7263.000000 17758100007263000 -0.118500002 -0.160932327 0.504025295 0.002754643
107264 7264.000000 17758100007264000 -0.118000001 -0.160358435 0.500583336 0.020025769
107265 7265.000000 17758100007265000 -0.117500000 -0.159733904 0.497008832 -0.012740036
107266 7266.000000 17758100007266000 -0.116999999 -0.159261221 0.505369680 0.022674640
107267 7267.000000 17758100007267000 -0.116499998 -0.158746734 0.497565419 0.002630437
107268 7268.000000 17758100007268000 -0.115999997 -0.158111665 0.502001624 -0.020771324
107269 7269.000000 17758100007269000 -0.115500003 -0.158093425 0.512649457 0.020026697
107270 7270.000000 17758100007270000 -0.115000002 -0.157150030 0.501658115 -0.008387676
107271 7271.000000 17758100007271000 -0.114500001 -0.156981892 0.498603659 -0.024952291
107272 7272.000000 17758100007272000 -0.114000000 -0.156160996 0.504218015 0.034189282
107273 7273.000000 17758100007273000 -0.113499999 -0.155971074 0.510799654 0.014505145
107274 7274.000000 17758100007274000 -0.112999998 -0.155120531 0.510250475 0.014120559
107275 7275.000000 17758100007275000 -0.112499997 -0.154411451 0.502887053 -0.024263540
107276 7276.000000 17758100007276000 -0.112000003 -0.154618220 0.502248450 0.025640968
107277 7277.000000 17758100007277000 -0.111500002 -0.153689282 0.500902722 0.000564840
107278 7278.000000 17758100007278000 -0.111000001 -0.153235549 0.499762262 0.044720696
107279 7279.000000 17758100007279000 -0.110500000 -0.152884993 0.501199063 0.011460227
107280 7280.000000 17758100007280000 -0.109999999 -0.152157797 0.501038070 0.013259818
107281 7281.000000 17758100007281000 -0.109499998 -0.152032845 0.495775491 0.021660939
107282 7282.000000 17758100007282000 -0.108999997 -0.151244752 0.504283692 -0.019804391
107283 7283.000000 17758100007283000 -0.108499996 -0.150603087 0.491446225 -0.011673183
107284 7284.000000 17758100007284000 -0.108000003 -0.150110852 0.507883600 0.025381889
107285 7285.000000 17758100007285000 -0.107500002 -0.149297575 0.504695196 0.031401273
107286 7286.000000 17758100007286000 -0.107000001 -0.149047797 0.501867868 0.015877476
107287 7287.000000 17758100007287000 -0.106500000 -0.148568390 0.491170565 -0.004500221
107288 7288.000000 17758100007288000 -0.105999999 -0.148277716 0.504012012 -0.012638103
107289 7289.000000 17758100007289000 -0.105499998 -0.148031183 0.511675323 0.013978766
107290 7290.000000 17758100007290000 -0.104999997 -0.147478183 0.508246572 0.010552716
107291 7291.000000 17758100007291000 -0.104500003 -0.146747991 0.507308372 0.010973456
107292 7292.000000 17758100007292000 -0.104000002 -0.146217083 0.499993818 0.014918964
107293 7293.000000 17758100007293000 -0.103500001 -0.146009419 0.497683824 0.024508149
107294 7294.000000 17758100007294000 -0.103000000 -0.145205678 0.503678252 0.057196376
107295 7295.000000 17758100007295000 -0.102499999 -0.144581296 0.501051154 0.002838725
107296 7296.000000 17758100007296000 -0.101999998 -0.144611308 0.500708270 0.011518790
107297 7297.000000 17758100007297000 -0.101499997 -0.143789491 0.500258768 0.013786363
107298 7298.000000 17758100007298000 -0.101000004 -0.142930342 0.512815575 0.033878098
107299 7299.000000 17758100007299000 -0.100500003 -0.142574487 0.507609376 -0.000201356
107300 7300.000000 17758100007300000 -0.100000001 -0.142217363 0.502669751 0.012016009
107301 7301.000000 17758100007301000 -0.099500000 -0.141716093 0.508438117 0.009786914
107302 7302.000000 17758100007302000 -0.098999999 -0.141279659 0.505874756 0.012134558
107303 7303.000000 17758100007303000 -0.098499998 -0.140715262 0.497871472 -0.005029243
107304 7304.000000 17758100007304000 -0.097999997 -0.140359159 0.498630805 0.007046995
107305 7305.000000 17758100007305000 -0.097499996 -0.139676737 0.505514321 0.029326119
107306 7306.000000 17758100007306000 -0.097000003 -0.138844951 0.496832868 0.007340189
107307 7307.000000 17758100007307000 -0.096500002 -0.138521314 0.510550545 0.032663196
107308 7308.000000 17758100007308000 -0.096000001 -0.137513993 0.500027577 0.021660458
107309 7309.000000 17758100007309000 -0.095500000 -0.137713311 0.507863390 0.027641153
107310 7310.000000 17758100007310000 -0.094999999 -0.137275859 0.504745543 0.029305499
107311 7311.000000 17758100007311000 -0.094499998 -0.136396222 0.504485381 0.005842719
107312 7312.000000 17758100007312000 -0.093999997 -0.136536808 0.504734081 0.022701544
107313 7313.000000 17758100007313000 -0.093500003 -0.135655559 0.509669254 0.000264126
107314 7314.000000 17758100007314000 -0.093000002 -0.135002080 0.503563581 0.042201625
107315 7315.000000 17758100007315000 -0.092500001 -0.134553874 0.507674423 0.033549264
107316 7316.000000 17758100007316000 -0.092000000 -0.134098818 0.496022758 0.043270935
107317 7317.000000 17758100007317000 -0.091499999 -0.133662204 0.512840545 -0.021672321
107318 7318.000000 17758100007318000 -0.090999998 -0.133176009 0.511059942 0.002127632
107319 7319.000000 17758100007319000 -0.090499997 -0.132346397 0.499047498 0.010715804
107320 7320.000000 17758100007320000 -0.090000004 -0.132238596 0.509757908 0.032399619
107321 7321.000000 17758100007321000 -0.089500003 -0.131740615 0.503217274 -0.009849369
107322 7322.000000 17758100007322000 -0.089000002 -0.130802754 0.513417894 -0.008633097
107323 7323.000000 17758100007323000 -0.088500001 -0.130548714 0.505064212 0.005329590
107324 7324.000000 17758100007324000 -0.088000000 -0.130095000 0.494795809 0.037560362
107325 7325.000000 17758100007325000 -0.087499999 -0.129709529 0.505746796 0.001278798
107326 7326.000000 17758100007326000 -0.086999997 -0.129329248 0.502221795 0.019173470
107327 7327.000000 17758100007327000 -0.086499996 -0.128640548 0.506945768 0.012043663
107328 7328.000000 17758100007328000 -0.086000003 -0.127811357 0.499442605 0.011292365
107329 7329.000000 17758100007329000 -0.085500002 -0.127187597 0.510654757 -0.006060103
107330 7330.000000 17758100007330000 -0.085000001 -0.126967001 0.507122641 0.014158375
107331 7331.000000 17758100007331000 -0.084500000 -0.126876932 0.511367068 0.081933258
107332 7332.000000 17758100007332000 -0.083999999 -0.125796481 0.513651833 0.021349098
107333 7333.000000 17758100007333000 -0.083499998 -0.125595708 0.508775037 0.039292692
107334 7334.000000 17758100007334000 -0.082999997 -0.125427092 0.502521912 -0.009199758
107335 7335.000000 17758100007335000 -0.082500003 -0.124324412 0.505828844 0.028270228
107336 7336.000000 17758100007336000 -0.082000002 -0.124006492 0.504798305 0.031606467
107337 7337.000000 17758100007337000 -0.081500001 -0.123569850 0.508701344 0.007025760
107338 7338.000000 17758100007338000 -0.081000000 -0.122871494 0.502391718 -0.006876480
107339 7339.000000 17758100007339000 -0.080499999 -0.122468099 0.501124104 -0.027092827
107340 7340.000000 17758100007340000 -0.079999998 -0.122066415 0.503582073 0.029552766
107341 7341.000000 17758100007341000 -0.079499997 -0.121452221 0.503821499 0.019093354
107342 7342.000000 17758100007342000 -0.079000004 -0.120834302 0.503384206 0.006677646
107343 7343.000000 17758100007343000 -0.078500003 -0.120854560 0.507670675 0.014464984
107344 7344.000000 17758100007344000 -0.078000002 -0.119848876 0.500168271 0.001345563
107345 7345.000000 17758100007345000 -0.077500001 -0.119551589 0.502212156 0.008660794
107346 7346.000000 17758100007346000 -0.077000000 -0.119151830 0.502689808 -0.012474129
107347 7347.000000 17758100007347000 -0.076499999 -0.118568660 0.502099761 0.035862463
107348 7348.000000 17758100007348000 -0.075999998 -0.117962722 0.496142287 0.022944938
107349 7349.000000 17758100007349000 -0.075499997 -0.117543008 0.495119768 0.001125208
107350 7350.000000 17758100007350000 -0.075000003 -0.116811628 0.505123667 0.014874622
107351 7351.000000 17758100007351000 -0.074500002 -0.116535110 0.502768155 -0.026001717
107352 7352.000000 17758100007352000 -0.074000001 -0.116256563 0.506163869 0.046278204
107353 7353.000000 17758100007353000 -0.073500000 -0.115701682 0.503767084 0.001376016
107354 7354.000000 17758100007354000 -0.072999999 -0.115074169 0.511443235 0.011025831
107355 7355.000000 17758100007355000 -0.072499998 -0.114274270 0.504511879 -0.016456698
107356 7356.000000 17758100007356000 -0.071999997 -0.114040381 0.506661770 -0.013792563
107357 7357.000000 17758100007357000 -0.071500003 -0.113482560 0.506706987 0.025392385
107358 7358.000000 17758100007358000 -0.071000002 -0.113085550 0.508738628 -0.005609252
107359 7359.000000 17758100007359000 -0.070500001 -0.112593469 0.497730623 0.025258621
107360 7360.000000 17758100007360000 -0.070000000 -0.111626550 0.506840745 0.003444833
107361 7361.000000 17758100007361000 -0.069499999 -0.111027753 0.508157250 0.032697594
107362 7362.000000 17758100007362000 -0.068999998 -0.110789609 0.501563530 0.027054304
107363 7363.000000 17758100007363000 -0.068499997 -0.110060393 0.507421466 0.004578912
107364 7364.000000 17758100007364000 -0.068000004 -0.109489904 0.503495333 0.012229549
107365 7365.000000 17758100007365000 -0.067500003 -0.109232179 0.506998440 0.021128178
107366 7366.000000 17758100007366000 -0.067000002 -0.108711158 0.500171856 -0.001228797
107367 7367.000000 17758100007367000 -0.066500001 -0.108528922 0.503076223 -0.012368638
107368 7368.000000 17758100007368000 -0.066000000 -0.108181501 0.501838002 0.012265397
107369 7369.000000 17758100007369000 -0.065499999 -0.107632318 0.506857123 0.018299805
107370 7370.000000 17758100007370000 -0.064999998 -0.106689106 0.506780352 -0.006802410
107371 7371.000000 17758100007371000 -0.064499997 -0.106382792 0.504712138 -0.010490166
107372 7372.000000 17758100007372000 -0.064000003 -0.106003145 0.502894728 0.032809621
107373 7373.000000 17758100007373000 -0.063500002 -0.105432048 0.521845617 0.026542705
107374 7374.000000 17758100007374000 -0.063000001 -0.104895389 0.514742057 0.027959223
107375 7375.000000 17758100007375000 -0.062500000 -0.104396702 0.501310973 0.022147003
107376 7376.000000 17758100007376000 -0.061999999 -0.103917119 0.498448484 0.013276453
107377 7377.000000 17758100007377000 -0.061500002 -0.103212136 0.508572633 0.008167658
107378 7378.000000 17758100007378000 -0.061000001 -0.103190194 0.499716668 0.020463546
107379 7379.000000 17758100007379000 -0.060500000 -0.102296679 0.510464883 -0.006314207
107380 7380.000000 17758100007380000 -0.059999999 -0.102144064 0.507629095 0.012216205
107381 7381.000000 17758100007381000 -0.059500001 -0.101850976 0.498320658 0.032273039
107382 7382.000000 17758100007382000 -0.059000000 -0.100649437 0.505683060 -0.017229008
107383 7383.000000 17758100007383000 -0.058499999 -0.100651362 0.508683366 0.031689882
107384 7384.000000 17758100007384000 -0.057999998 -0.099965119 0.500576712 0.033500899
107385 7385.000000 17758100007385000 -0.057500001 -0.099245111 0.509397091 0.026609738
107386 7386.000000 17758100007386000 -0.057000000 -0.098577017 0.503090365 0.022614087
107387 7387.000000 17758100007387000 -0.056499999 -0.098197984 0.501128864 -0.016771547
107388 7388.000000 17758100007388000 -0.056000002 -0.097865431 0.501557057 0.029199624
107389 7389.000000 17758100007389000 -0.055500001 -0.097419077 0.504730737 0.015007829
107390 7390.000000 17758100007390000 -0.055000000 -0.096802742 0.503671446 -0.022898453
107391 7391.000000 17758100007391000 -0.054499999 -0.096107752 0.508025378 0.047512772
107392 7392.000000 17758100007392000 -0.054000001 -0.095655328 0.503681262 0.008047398
107393 7393.000000 17758100007393000 -0.053500000 -0.095632320 0.504006168 0.018921747
107394 7394.000000 17758100007394000 -0.052999999 -0.094785756 0.499631672 0.016131700
107395 7395.000000 17758100007395000 -0.052499998 -0.094156940 0.505209007 0.003142400
107396 7396.000000 17758100007396000 -0.052000001 -0.093156319 0.508398252 -0.007648133
107397 7397.000000 17758100007397000 -0.051500000 -0.092966110 0.505409504 -0.010135770
107398 7398.000000 17758100007398000 -0.050999999 -0.092920449 0.507987625 -0.001795652
107399 7399.000000 17758100007399000 -0.050500002 -0.092069603 0.512286051 0.004523140
107400 7400.000000 17758100007400000 -0.050000001 -0.091904830 0.511597925 0.021409024
107401 7401.000000 17758100007401000 -0.049500000 -0.091205131 0.507663684 0.009317378
107402 7402.000000 17758100007402000 -0.048999999 -0.090601576 0.494024798 0.034448315
107403 7403.000000 17758100007403000 -0.048500001 -0.090507245 0.510172265 0.030635723
107404 7404.000000 17758100007404000 -0.048000000 -0.089427617 0.508906321 0.020257568
107405 7405.000000 17758100007405000 -0.047499999 -0.089431685 0.503702088 0.022157771
107406 7406.000000 17758100007406000 -0.046999998 -0.088564008 0.509010067 -0.012742251
107407 7407.000000 17758100007407000 -0.046500001 -0.088594519 0.504737580 0.014318413
107408 7408.000000 17758100007408000 -0.046000000 -0.087763791 0.506017577 0.010129095
107409 7409.000000 17758100007409000 -0.045499999 -0.087440008 0.496628932 -0.024190063
107410 7410.000000 17758100007410000 -0.045000002 -0.086741525 0.507949628 0.010636581
107411 7411.000000 17758100007411000 -0.044500001 -0.086190341 0.503798245 0.030260357
107412 7412.000000 17758100007412000 -0.044000000 -0.085779586 0.501522377 0.003927563
107413 7413.000000 17758100007413000 -0.043499999 -0.085118057 0.505935488 0.031573585
107414 7414.000000 17758100007414000 -0.043000001 -0.085042202 0.507290420 0.016075438
107415 7415.000000 17758100007415000 -0.042500000 -0.084076876 0.499759270 0.030903079
107416 7416.000000 17758100007416000 -0.041999999 -0.083702656 0.495914514 0.021236877
107417 7417.000000 17758100007417000 -0.041499998 -0.082760676 0.508294014 0.018056060
107418 7418.000000 17758100007418000 -0.041000001 -0.082483096 0.498039480 -0.010157024
107419 7419.000000 17758100007419000 -0.040500000 -0.082427257 0.506227501 0.009646730
107420 7420.000000 17758100007420000 -0.039999999 -0.081376604 0.506510931 0.001930807
107421 7421.000000 17758100007421000 -0.039500002 -0.081117513 0.503307821 0.043206674
107422 7422.000000 17758100007422000 -0.039000001 -0.080658242 0.494157897 -0.034555466
107423 7423.000000 17758100007423000 -0.038500000 -0.080112374 0.506573526 0.031336514
107424 7424.000000 17758100007424000 -0.037999999 -0.079377109 0.513095532 0.021863460
107425 7425.000000 17758100007425000 -0.037500001 -0.079519250 0.510676781 0.023713678
107426 7426.000000 17758100007426000 -0.037000000 -0.078468695 0.501904457 0.012907016
107427 7427.000000 17758100007427000 -0.036499999 -0.077947820 0.498500760 0.010256100
107428 7428.000000 17758100007428000 -0.035999998 -0.077838447 0.501313530 -0.020313931
107429 7429.000000 17758100007429000 -0.035500001 -0.076913025 0.507790697 0.007852135
107430 7430.000000 17758100007430000 -0.035000000 -0.076476065 0.504825090 0.023443494
107431 7431.000000 17758100007431000 -0.034499999 -0.075828651 0.504248502 0.009667091
107432 7432.000000 17758100007432000 -0.034000002 -0.075836759 0.502648997 0.013015335
107433 7433.000000 17758100007433000 -0.033500001 -0.074990294 0.507080273 -0.021169958
107434 7434.000000 17758100007434000 -0.033000000 -0.074635233 0.505328765 0.010826788
107435 7435.000000 17758100007435000 -0.032499999 -0.073957247 0.505545287 0.002738827
107436 7436.000000 17758100007436000 -0.032000002 -0.073756332 0.501469148 0.047600975
107437 7437.000000 17758100007437000 -0.031500001 -0.073151537 0.503701988 0.020282388
107438 7438.000000 17758100007438000 -0.030999999 -0.072218002 0.504051554 0.028655422
107439 7439.000000 17758100007439000 -0.030500000 -0.071684978 0.507309450 0.002188902
107440 7440.000000 17758100007440000 -0.029999999 -0.071771000 0.507465649 0.011520641
107441 7441.000000 17758100007441000 -0.029500000 -0.071401637 0.496262616 0.012426256
107442 7442.000000 17758100007442000 -0.028999999 -0.070583480 0.495930240 0.009216035
107443 7443.000000 17758100007443000 -0.028500000 -0.069974155 0.505435891 -0.031179885
107444 7444.000000 17758100007444000 -0.028000001 -0.069521598 0.501089062 0.000279655
107445 7445.000000 17758100007445000 -0.027500000 -0.069274038 0.501969301 0.009587404
107446 7446.000000 17758100007446000 -0.027000001 -0.068426459 0.504751497 0.000276799
107447 7447.000000 17758100007447000 -0.026500000 -0.068109970 0.505270999 -0.006575841
107448 7448.000000 17758100007448000 -0.026000001 -0.067577659 0.508658081 0.019572582
107449 7449.000000 17758100007449000 -0.025500000 -0.067212647 0.509246940 0.015597918
107450 7450.000000 17758100007450000 -0.025000000 -0.066612848 0.499609335 -0.013598160
107451 7451.000000 17758100007451000 -0.024499999 -0.065939464 0.506887752 -0.002310876
107452 7452.000000 17758100007452000 -0.024000000 -0.065266834 0.504171417 -0.020596163
107453 7453.000000 17758100007453000 -0.023499999 -0.064623859 0.511567761 0.014894315
107454 7454.000000 17758100007454000 -0.023000000 -0.064350472 0.514607560 0.012530765
107455 7455.000000 17758100007455000 -0.022500001 -0.064181612 0.506211053 0.006867875
107456 7456.000000 17758100007456000 -0.022000000 -0.063642158 0.502600081 0.037050781
107457 7457.000000 17758100007457000 -0.021500001 -0.062961767 0.506673723 -0.023289294
107458 7458.000000 17758100007458000 -0.021000000 -0.062559889 0.510757818 -0.002787598
107459 7459.000000 17758100007459000 -0.020500001 -0.062159091 0.503774006 -0.008400083
107460 7460.000000 17758100007460000 -0.020000000 -0.061551025 0.508303118 -0.010705876
107461 7461.000000 17758100007461000 -0.019500000 -0.060874583 0.510679740 0.021202508
107462 7462.000000 17758100007462000 -0.018999999 -0.060640535 0.501838171 -0.002207960
107463 7463.000000 17758100007463000 -0.018500000 -0.060283987 0.500475800 -0.011136757
107464 7464.000000 17758100007464000 -0.017999999 -0.059439982 0.499258735 -0.002656933
107465 7465.000000 17758100007465000 -0.017500000 -0.059242012 0.494097694 0.054187207
107466 7466.000000 17758100007466000 -0.017000001 -0.058605347 0.498432640 0.002336597
107467 7467.000000 17758100007467000 -0.016500000 -0.057964309 0.508177308 0.016463252
107468 7468.000000 17758100007468000 -0.016000001 -0.056934316 0.502199128 0.011019523
107469 7469.000000 17758100007469000 -0.015500000 -0.056693340 0.506015904 0.020782745
107470 7470.000000 17758100007470000 -0.015000000 -0.056536391 0.505484458 0.031903268
107471 7471.000000 17758100007471000 -0.014500000 -0.055683294 0.507684013 -0.000290962
107472 7472.000000 17758100007472000 -0.014000000 -0.055475918 0.502769307 -0.040464413
107473 7473.000000 17758100007473000 -0.013500000 -0.054865652 0.516141586 -0.001926271
107474 7474.000000 17758100007474000 -0.013000000 -0.054610236 0.504527557 -0.001518388
107475 7475.000000 17758100007475000 -0.012500000 -0.053710910 0.509565619 -0.013881341
107476 7476.000000 17758100007476000 -0.012000000 -0.053304403 0.517971312 0.016279710
107477 7477.000000 17758100007477000 -0.011500000 -0.052845042 0.514441477 0.018127766
107478 7478.000000 17758100007478000 -0.011000000 -0.052655386 0.505681860 0.005323126
107479 7479.000000 17758100007479000 -0.010500000 -0.052156985 0.505840911 0.034135141
107480 7480.000000 17758100007480000 -0.010000000 -0.051657112 0.512682721 -0.030729113
107481 7481.000000 17758100007481000 -0.009500000 -0.050702805 0.502992516 0.022460556
107482 7482.000000 17758100007482000 -0.009000000 -0.050504824 0.508388356 0.010117010
107483 7483.000000 17758100007483000 -0.008500000 -0.049619006 0.512073387 -0.006757163
107484 7484.000000 17758100007484000 -0.008000000 -0.049287362 0.491595422 0.039099883
107485 7485.000000 17758100007485000 -0.007500000 -0.048747036 0.501109232 -0.013674712
107486 7486.000000 17758100007486000 -0.007000000 -0.048466972 0.508016109 0.013415384
107487 7487.000000 17758100007487000 -0.006500000 -0.048020589 0.495769933 0.019072009
107488 7488.000000 17758100007488000 -0.006000000 -0.047612959 0.507574574 0.037400877
107489 7489.000000 17758100007489000 -0.005500000 -0.046698249 0.505353652 -0.042622218
107490 7490.000000 17758100007490000 -0.005000000 -0.046238083 0.502524951 0.034809916
107491 7491.000000 17758100007491000 -0.004500000 -0.045897559 0.495718807 -0.000932880
107492 7492.000000 17758100007492000 -0.004000000 -0.045670520 0.499461070 0.012474616
107493 7493.000000 17758100007493000 -0.003500000 -0.045034285 0.504527639 0.004643828
107494 7494.000000 17758100007494000 -0.003000000 -0.044331851 0.501569401 0.012357858
107495 7495.000000 17758100007495000 -0.002500000 -0.043559436 0.501764716 -0.007908542
107496 7496.000000 17758100007496000 -0.002000000 -0.043210257 0.505187992 0.042877135
107497 7497.000000 17758100007497000 -0.001500000 -0.042876994 0.503214442 0.027313227
107498 7498.000000 17758100007498000 -0.001000000 -0.042327919 0.515503098 0.004112714
107499 7499.000000 17758100007499000 -0.000500000 -0.041656330 0.505699867 -0.009149247
107500 7500.000000 17758100007500000 0.000000000 -0.041244272 0.508621765 0.028894591
107501 7501.000000 17758100007501000 0.000000000 -0.040733282 0.500200328 -0.001711060
107502 7502.000000 17758100007502000 0.000000000 -0.040187760 0.507685794 0.000378053
107503 7503.000000 17758100007503000 0.000000000 -0.040169977 0.505634529 0.040985220
107504 7504.000000 17758100007504000 0.000000000 -0.039196493 0.509034329 0.012218275
107505 7505.000000 17758100007505000 0.000000000 -0.038645436 0.499431012 -0.015342325
107506 7506.000000 17758100007506000 0.000000000 -0.038327326 0.504315863 -0.035574138
107507 7507.000000 17758100007507000 0.000000000 -0.037764444 0.505563954 -0.021491113
107508 7508.000000 17758100007508000 0.000000000 -0.037381428 0.509267662 -0.033324130
107509 7509.000000 17758100007509000 0.000000000 -0.036906113 0.489987491 -0.016216548
107510 7510.000000 17758100007510000 0.000000000 -0.036334920 0.507753438 -0.064704393
107511 7511.000000 17758100007511000 0.000000000 -0.035865989 0.500907672 -0.004694978
107512 7512.000000 17758100007512000 0.000000000 -0.035088709 0.490564404 -0.039420506
107513 7513.000000 17758100007513000 0.000000000 -0.035059760 0.494090679 -0.021008159
107514 7514.000000 17758100007514000 0.000000000 -0.034271025 0.488843007 -0.040245093
107515 7515.000000 17758100007515000 0.000000000 -0.033354194 0.490248522 -0.047197196
107516 7516.000000 17758100007516000 0.000000000 -0.033327796 0.486498666 -0.058947866
107517 7517.000000 17758100007517000 0.000000000 -0.032867453 0.487122372 -0.039170066
107518 7518.000000 17758100007518000 0.000000000 -0.032241945 0.475757174 -0.067065176
107519 7519.000000 17758100007519000 0.000000000 -0.031661908 0.473063761 -0.057061095
107520 7520.000000 17758100007520000 0.000000000 -0.031575878 0.475985015 -0.077903629
107521 7521.000000 17758100007521000 0.000000000 -0.030716751 0.479170990 -0.062374482
107522 7522.000000 17758100007522000 0.000000000 -0.030503048 0.472758664 -0.074548003
107523 7523.000000 17758100007523000 0.000000000 -0.030500106 0.463518262 -0.079329578
107524 7524.000000 17758100007524000 0.000000000 -0.029235018 0.471039829 -0.084427183
107525 7525.000000 17758100007525000 0.000000000 -0.029081440 0.460745302 -0.109882166
107526 7526.000000 17758100007526000 0.000000000 -0.028434470 0.461431989 -0.110725260
107527 7527.000000 17758100007527000 0.000000000 -0.027944352 0.453043447 -0.080836722
107528 7528.000000 17758100007528000 0.000000000 -0.027679165 0.448309712 -0.094449210
107529 7529.000000 17758100007529000 0.000000000 -0.027249251 0.452346147 -0.087223367
107530 7530.000000 17758100007530000 0.000000000 -0.026578569 0.451991543 -0.060883241
107531 7531.000000 17758100007531000 0.000000000 -0.026098102 0.449716963 -0.081100389
107532 7532.000000 17758100007532000 0.000000000 -0.025731928 0.444709321 -0.106519077
107533 7533.000000 17758100007533000 0.000000000 -0.025548629 0.442416922 -0.081666422
107534 7534.000000 17758100007534000 0.000000000 -0.024886925 0.427577724 -0.121477727
107535 7535.000000 17758100007535000 0.000000000 -0.024667440 0.426122280 -0.048895826
107536 7536.000000 17758100007536000 0.000000000 -0.024317272 0.429935037 -0.086234316
107537 7537.000000 17758100007537000 0.000000000 -0.023881861 0.422094974 -0.118956411
107538 7538.000000 17758100007538000 0.000000000 -0.023173433 0.426015331 -0.095758531
107539 7539.000000 17758100007539000 0.000000000 -0.022776075 0.421391721 -0.095655417
107540 7540.000000 17758100007540000 0.000000000 -0.022183325 0.416414369 -0.107804935
107541 7541.000000 17758100007541000 0.000000000 -0.021994190 0.407880714 -0.129694132
107542 7542.000000 17758100007542000 0.000000000 -0.021653548 0.405854337 -0.116004249
107543 7543.000000 17758100007543000 0.000000000 -0.021442208 0.405087849 -0.096971848
107544 7544.000000 17758100007544000 0.000000000 -0.020778294 0.393259651 -0.127519465
107545 7545.000000 17758100007545000 0.000000000 -0.020439627 0.390727671 -0.100443490
107546 7546.000000 17758100007546000 0.000000000 -0.019997419 0.389610684 -0.108491335
107547 7547.000000 17758100007547000 0.000000000 -0.019731868 0.375725857 -0.095123891
107548 7548.000000 17758100007548000 0.000000000 -0.019419392 0.384324934 -0.088567471
107549 7549.000000 17758100007549000 0.000000000 -0.018988410 0.373900526 -0.111187298
107550 7550.000000 17758100007550000 0.000000000 -0.018646070 0.365997062 -0.135383873
107551 7551.000000 17758100007551000 0.000000000 -0.018190167 0.369234281 -0.119502561
107552 7552.000000 17758100007552000 0.000000000 -0.017771882 0.359281058 -0.080785105
107553 7553.000000 17758100007553000 0.000000000 -0.017670425 0.354467910 -0.093549177
107554 7554.000000 17758100007554000 0.000000000 -0.017217049 0.347454621 -0.130014373
107555 7555.000000 17758100007555000 0.000000000 -0.016545473 0.354259793 -0.107865944
107556 7556.000000 17758100007556000 0.000000000 -0.016649262 0.350032752 -0.147004772
107557 7557.000000 17758100007557000 0.000000000 -0.015854104 0.338626093 -0.168736546
107558 7558.000000 17758100007558000 0.000000000 -0.015790446 0.335684706 -0.113184099
107559 7559.000000 17758100007559000 0.000000000 -0.015728937 0.335462904 -0.140819983
107560 7560.000000 17758100007560000 0.000000000 -0.015132846 0.324902463 -0.092819545
107561 7561.000000 17758100007561000 0.000000000 -0.014670979 0.330780734 -0.082005446
107562 7562.000000 17758100007562000 0.000000000 -0.014163163 0.318510629 -0.126658635
107563 7563.000000 17758100007563000 0.000000000 -0.014031527 0.314553743 -0.087900043
107564 7564.000000 17758100007564000 0.000000000 -0.013614969 0.307295945 -0.115091108
107565 7565.000000 17758100007565000 0.000000000 -0.013456002 0.300721348 -0.133896347
107566 7566.000000 17758100007566000 0.000000000 -0.013361742 0.304055558 -0.093934004
107567 7567.000000 17758100007567000 0.000000000 -0.012780995 0.296164210 -0.122288920
107568 7568.000000 17758100007568000 0.000000000 -0.012512487 0.289022274 -0.075807648
107569 7569.000000 17758100007569000 0.000000000 -0.012774863 0.294491494 -0.144293534
107570 7570.000000 17758100007570000 0.000000000 -0.011858469 0.280704609 -0.084925429
107571 7571.000000 17758100007571000 0.000000000 -0.012175046 0.276739693 -0.096619980
107572 7572.000000 17758100007572000 0.000000000 -0.011219307 0.277753321 -0.117382001
107573 7573.000000 17758100007573000 0.000000000 -0.011369199 0.277897369 -0.121938045
107574 7574.000000 17758100007574000 0.000000000 -0.011047758 0.269115946 -0.095834880
107575 7575.000000 17758100007575000 0.000000000 -0.010610040 0.260032781 -0.155603762
107576 7576.000000 17758100007576000 0.000000000 -0.010019009 0.257325887 -0.118491080
107577 7577.000000 17758100007577000 0.000000000 -0.009901832 0.253460107 -0.099236105
107578 7578.000000 17758100007578000 0.000000000 -0.009755748 0.263314279 -0.097147426
107579 7579.000000 17758100007579000 0.000000000 -0.009602841 0.256493740 -0.089503481
107580 7580.000000 17758100007580000 0.000000000 -0.009647709 0.246393736 -0.130022764
107581 7581.000000 17758100007581000 0.000000000 -0.009493088 0.241885888 -0.091922778
107582 7582.000000 17758100007582000 0.000000000 -0.008988760 0.241730702 -0.086946414
107583 7583.000000 17758100007583000 0.000000000 -0.008821906 0.230809635 -0.106866736
107584 7584.000000 17758100007584000 0.000000000 -0.008404111 0.234334129 -0.097457791
107585 7585.000000 17758100007585000 0.000000000 -0.008736869 0.223970967 -0.097321282
107586 7586.000000 17758100007586000 0.000000000 -0.007995457 0.226509506 -0.103186824
107587 7587.000000 17758100007587000 0.000000000 -0.007731362 0.226535967 -0.047918546
107588 7588.000000 17758100007588000 0.000000000 -0.007452187 0.218546898 -0.130778959
107589 7589.000000 17758100007589000 0.000000000 -0.007306654 0.220601137 -0.067564611
107590 7590.000000 17758100007590000 0.000000000 -0.007231868 0.209570353 -0.071698105
107591 7591.000000 17758100007591000 0.000000000 -0.006781557 0.212506986 -0.092215640
107592 7592.000000 17758100007592000 0.000000000 -0.006351676 0.208638654 -0.100181825
107593 7593.000000 17758100007593000 0.000000000 -0.006692570 0.191139823 -0.107630032
107594 7594.000000 17758100007594000 0.000000000 -0.006298153 0.194097217 -0.080514097
107595 7595.000000 17758100007595000 0.000000000 -0.006276096 0.195993103 -0.070301661
107596 7596.000000 17758100007596000 0.000000000 -0.005581059 0.191476782 -0.120806792
107597 7597.000000 17758100007597000 0.000000000 -0.005775221 0.181389382 -0.083174609
107598 7598.000000 17758100007598000 0.000000000 -0.005667244 0.181706948 -0.079254415
107599 7599.000000 17758100007599000 0.000000000 -0.005592979 0.172487699 -0.109060894
107600 7600.000000 17758100007600000 0.000000000 -0.004969854 0.172938560 -0.084637867
107601 7601.000000 17758100007601000 0.000000000 -0.005267263 0.171965435 -0.081921457
107602 7602.000000 17758100007602000 0.000000000 -0.004914287 0.165507986 -0.132872657
107603 7603.000000 17758100007603000 0.000000000 -0.004755298 0.167841522 -0.124258935
107604 7604.000000 17758100007604000 0.000000000 -0.004204783 0.156381707 -0.050060372
107605 7605.000000 17758100007605000 0.000000000 -0.004522301 0.150581735 -0.069672427
107606 7606.000000 17758100007606000 0.000000000 -0.004212703 0.150743207 -0.101912279
107607 7607.000000 17758100007607000 0.000000000 -0.004080430 0.151495009 -0.033065535
107608 7608.000000 17758100007608000 0.000000000 -0.004229562 0.150135772 -0.078660104
107609 7609.000000 17758100007609000 0.000000000 -0.004120382 0.152183912 -0.070279377
107610 7610.000000 17758100007610000 0.000000000 -0.004100674 0.145265638 -0.058003711
107611 7611.000000 17758100007611000 0.000000000 -0.003840066 0.135693165 -0.074019901
107612 7612.000000 17758100007612000 0.000000000 -0.003209045 0.137169841 -0.058352349
107613 7613.000000 17758100007613000 0.000000000 -0.003592359 0.138693310 -0.116053984
107614 7614.000000 17758100007614000 0.000000000 -0.003178401 0.136012988 -0.024854272
107615 7615.000000 17758100007615000 0.000000000 -0.002839325 0.136487822 -0.053029459
107616 7616.000000 17758100007616000 0.000000000 -0.002568598 0.124753597 -0.066903031
107617 7617.000000 17758100007617000 0.000000000 -0.002747581 0.127781564 -0.051280401
107618 7618.000000 17758100007618000 0.000000000 -0.002682120 0.122713644 -0.093955027
107619 7619.000000 17758100007619000 0.000000000 -0.002285745 0.121241982 -0.082399331
107620 7620.000000 17758100007620000 0.000000000 -0.002174514 0.115827406 -0.069575630
107621 7621.000000 17758100007621000 0.000000000 -0.002639145 0.106377762 -0.061820182
107622 7622.000000 17758100007622000 0.000000000 -0.002452034 0.106185661 -0.083911021
107623 7623.000000 17758100007623000 0.000000000 -0.002093059 0.102316266 -0.070993089
107624 7624.000000 17758100007624000 0.000000000 -0.002153382 0.106251862 -0.078158019
107625 7625.000000 17758100007625000 0.000000000 -0.002207359 0.103988014 -0.081483076
107626 7626.000000 17758100007626000 0.000000000 -0.002137665 0.105209325 -0.068743589
107627 7627.000000 17758100007627000 0.000000000 -0.001808357 0.087049498 -0.043130790
107628 7628.000000 17758100007628000 0.000000000 -0.001396451 0.089645351 -0.085026362
107629 7629.000000 17758100007629000 0.000000000 -0.001540987 0.091124274 -0.077538780
107630 7630.000000 17758100007630000 0.000000000 -0.001278481 0.091701346 -0.062333432
107631 7631.000000 17758100007631000 0.000000000 -0.001239018 0.085228726 -0.079750242
107632 7632.000000 17758100007632000 0.000000000 -0.000875919 0.087956678 -0.047163089
107633 7633.000000 17758100007633000 0.000000000 -0.001040952 0.085652884 -0.070457410
107634 7634.000000 17758100007634000 0.000000000 -0.000955235 0.080946362 -0.075187762
107635 7635.000000 17758100007635000 0.000000000 -0.001079933 0.084509374 -0.044631417
107636 7636.000000 17758100007636000 0.000000000 -0.000935415 0.083430020 -0.072647074
107637 7637.000000 17758100007637000 0.000000000 -0.000816661 0.083047965 -0.060239726
107638 7638.000000 17758100007638000 0.000000000 -0.000758341 0.067588091 -0.041471575
107639 7639.000000 17758100007639000 0.000000000 -0.000646979 0.069368349 -0.048483845
107640 7640.000000 17758100007640000 0.000000000 -0.000961557 0.067409415 -0.051129302
107641 7641.000000 17758100007641000 0.000000000 -0.000633105 0.067866464 -0.065013802
107642 7642.000000 17758100007642000 0.000000000 -0.000821509 0.070088286 -0.041295430
107643 7643.000000 17758100007643000 0.000000000 -0.000480787 0.065904478 -0.023340077
107644 7644.000000 17758100007644000 0.000000000 -0.000014855 0.061581802 -0.018238669
107645 7645.000000 17758100007645000 0.000000000 -0.000626085 0.063157577 -0.029321965
107646 7646.000000 17758100007646000 0.000000000 -0.000187862 0.068488485 -0.035518523
107647 7647.000000 17758100007647000 0.000000000 -0.000161360 0.055904840 -0.040541802
107648 7648.000000 17758100007648000 0.000000000 0.000081364 0.056273273 -0.036218259
107649 7649.000000 17758100007649000 0.000000000 0.000129353 0.052906479 -0.023480270
107650 7650.000000 17758100007650000 0.000000000 -0.000073569 0.054696486 -0.043346617
107651 7651.000000 17758100007651000 0.000000000 0.000036308 0.051179612 -0.043923633
107652 7652.000000 17758100007652000 0.000000000 0.000042187 0.050688895 -0.041160336
107653 7653.000000 17758100007653000 0.000000000 0.000223481 0.047396533 -0.041478054
107654 7654.000000 17758100007654000 0.000000000 0.000152978 0.051207399 -0.009196735
107655 7655.000000 17758100007655000 0.000000000 -0.000112341 0.043090896 -0.038398728
107656 7656.000000 17758100007656000 0.000000000 0.000517433 0.041010470 -0.031340657
107657 7657.000000 17758100007657000 0.000000000 0.000325041 0.035858207 -0.060074361
107658 7658.000000 17758100007658000 0.000000000 0.000469412 0.042650911 -0.038837100
107659 7659.000000 17758100007659000 0.000000000 0.000503007 0.043999047 -0.006617430
107660 7660.000000 17758100007660000 0.000000000 0.000745658 0.052121095 -0.060061820
107661 7661.000000 17758100007661000 0.000000000 0.000484333 0.032065869 -0.024848234
107662 7662.000000 17758100007662000 0.000000000 0.000591718 0.041778544 -0.019485552
107663 7663.000000 17758100007663000 0.000000000 0.000442690 0.038159022 -0.018895348
107664 7664.000000 17758100007664000 0.000000000 0.000267532 0.033180266 -0.039394406
107665 7665.000000 17758100007665000 0.000000000 0.000435906 0.028655823 -0.045317338
107666 7666.000000 17758100007666000 0.000000000 0.000475251 0.027837577 -0.045789294
107667 7667.000000 17758100007667000 0.000000000 0.000950250 0.028682814 -0.030766643
107668 7668.000000 17758100007668000 0.000000000 0.000637750 0.028514633 -0.047885697
107669 7669.000000 17758100007669000 0.000000000 0.000910224 0.019365406 -0.018093500
107670 7670.000000 17758100007670000 0.000000000 0.000860045 0.029217968 -0.050157851
107671 7671.000000 17758100007671000 0.000000000 0.000615392 0.018121294 -0.051459770
107672 7672.000000 17758100007672000 0.000000000 0.000506836 0.031544776 -0.051094201
107673 7673.000000 17758100007673000 0.000000000 0.000694418 0.028920279 -0.004401599
107674 7674.000000 17758100007674000 0.000000000 0.000794670 0.031673742 -0.029563369
107675 7675.000000 17758100007675000 0.000000000 0.000732654 0.021274241 -0.018084912
107676 7676.000000 17758100007676000 0.000000000 0.000980584 0.013827708 -0.001221212
107677 7677.000000 17758100007677000 0.000000000 0.000990445 0.013552720 -0.057703527
107678 7678.000000 17758100007678000 0.000000000 0.001168730 0.026218432 -0.037727844
107679 7679.000000 17758100007679000 0.000000000 0.000968043 0.018002547 -0.072088041
107680 7680.000000 17758100007680000 0.000000000 0.000992884 0.021510742 -0.034579211
107681 7681.000000 17758100007681000 0.000000000 0.000863869 0.013507089 -0.016803332
107682 7682.000000 17758100007682000 0.000000000 0.001058149 0.008362786 0.001085801
107683 7683.000000 17758100007683000 0.000000000 0.000925147 0.008290837 -0.065130305
107684 7684.000000 17758100007684000 0.000000000 0.001084912 0.012614062 -0.028354362
107685 7685.000000 17758100007685000 0.000000000 0.000614058 0.009412696 -0.040772616
107686 7686.000000 17758100007686000 0.000000000 0.001322230 0.003274652 -0.004703413
107687 7687.000000 17758100007687000 0.000000000 0.001240658 0.011353348 -0.038850514
107688 7688.000000 17758100007688000 0.000000000 0.001215225 0.013145604 -0.021902036
107689 7689.000000 17758100007689000 0.000000000 0.001239330 0.008462078 -0.002127392
107690 7690.000000 17758100007690000 0.000000000 0.001155115 0.002414841 0.013838088
107691 7691.000000 17758100007691000 0.000000000 0.000672245 0.005671120 -0.009204915
107692 7692.000000 17758100007692000 0.000000000 0.001206426 0.006256378 -0.009341246
107693 7693.000000 17758100007693000 0.000000000 0.001066576 0.015157688 -0.037566110
107694 7694.000000 17758100007694000 0.000000000 0.001079934 0.012220919 -0.035477979
107695 7695.000000 17758100007695000 0.000000000 0.001361662 -0.002770364 -0.017170921
107696 7696.000000 17758100007696000 0.000000000 0.001093166 0.006035290 -0.021218242
107697 7697.000000 17758100007697000 0.000000000 0.001268755 0.002461345 -0.015584901
107698 7698.000000 17758100007698000 0.000000000 0.001045120 0.011734456 -0.024091364
107699 7699.000000 17758100007699000 0.000000000 0.001408166 0.002220205 -0.026173992
107700 7700.000000 17758100007700000 0.000000000 0.000929903 0.006256696 -0.004952589
107701 7701.000000 17758100007701000 0.000000000 0.001134802 0.014782680 -0.015383257
107702 7702.000000 17758100007702000 0.000000000 0.001045016 0.021026697 -0.022305265
107703 7703.000000 17758100007703000 0.000000000 0.001218513 -0.000056886 0.005538204
107704 7704.000000 17758100007704000 0.000000000 0.001384453 0.008011533 0.029643586
107705 7705.000000 17758100007705000 0.000000000 0.001322974 -0.005619082 0.030517598
107706 7706.000000 17758100007706000 0.000000000 0.001200687 0.001207908 0.006831016
107707 7707.000000 17758100007707000 0.000000000 0.000979470 -0.001302769 0.009704524
107708 7708.000000 17758100007708000 0.000000000 0.001360905 0.006233987 -0.007082183
107709 7709.000000 17758100007709000 0.000000000 0.001066839 -0.002599706 -0.015262986
107710 7710.000000 17758100007710000 0.000000000 0.001120612 -0.009733564 -0.011489801
107711 7711.000000 17758100007711000 0.000000000 0.001132529 -0.002195155 -0.010854966
107712 7712.000000 17758100007712000 0.000000000 0.001465569 0.001481003 -0.008431525
107713 7713.000000 17758100007713000 0.000000000 0.001221881 0.009627123 -0.040585214
107714 7714.000000 17758100007714000 0.000000000 0.000970962 -0.005196570 -0.015213473
107715 7715.000000 17758100007715000 0.000000000 0.000985855 0.003996650 -0.012325539
107716 7716.000000 17758100007716000 0.000000000 0.001129322 0.001223694 -0.017118754
107717 7717.000000 17758100007717000 0.000000000 0.001398128 0.004737734 -0.010397450
107718 7718.000000 17758100007718000 0.000000000 0.001125657 0.000900605 0.016337081
107719 7719.000000 17758100007719000 0.000000000 0.001075935 -0.002252684 -0.010188151
107720 7720.000000 17758100007720000 0.000000000 0.001294807 0.000005359 -0.002528032
107721 7721.000000 17758100007721000 0.000000000 0.001460169 -0.005475385 0.001979879
107722 7722.000000 17758100007722000 0.000000000 0.001113259 -0.002432063 -0.053103617
107723 7723.000000 17758100007723000 0.000000000 0.001064538 -0.006838307 -0.046150370
107724 7724.000000 17758100007724000 0.000000000 0.001157821 -0.011146591 -0.016219100
107725 7725.000000 17758100007725000 0.000000000 0.001221540 -0.002068211 -0.050350095
107726 7726.000000 17758100007726000 0.000000000 0.001296184 -0.006754326 0.025943960
107727 7727.000000 17758100007727000 0.000000000 0.001406697 -0.000545092 0.005389463
107728 7728.000000 17758100007728000 0.000000000 0.000939350 -0.001083499 0.009490073
107729 7729.000000 17758100007729000 0.000000000 0.000887438 -0.002984734 -0.012605788
107730 7730.000000 17758100007730000 0.000000000 0.001318345 -0.008760602 -0.019162413
107731 7731.000000 17758100007731000 0.000000000 0.000978226 -0.007415420 -0.009769703
107732 7732.000000 17758100007732000 0.000000000 0.001287405 -0.003307742 -0.020187537
107733 7733.000000 17758100007733000 0.000000000 0.001083678 -0.005707031 0.021236580
107734 7734.000000 17758100007734000 0.000000000 0.000972001 -0.004631961 0.001095466
107735 7735.000000 17758100007735000 0.000000000 0.001143286 -0.008754444 0.000906748
107736 7736.000000 17758100007736000 0.000000000 0.000899525 -0.003466303 -0.037659381
107737 7737.000000 17758100007737000 0.000000000 0.000783341 -0.002365774 -0.039696307
107738 7738.000000 17758100007738000 0.000000000 0.000975991 -0.009929001 -0.002970657
107739 7739.000000 17758100007739000 0.000000000 0.000906927 -0.008924113 -0.011386327
107740 7740.000000 17758100007740000 0.000000000 0.001308887 -0.005479759 0.012674073
107741 7741.000000 17758100007741000 0.000000000 0.001050480 -0.006889578 -0.026398898
107742 7742.000000 17758100007742000 0.000000000 0.001095527 -0.004061231 0.020646659
107743 7743.000000 17758100007743000 0.000000000 0.001142409 -0.010145472 0.029174764
107744 7744.000000 17758100007744000 0.000000000 0.001003355 -0.006386317 -0.022391457
107745 7745.000000 17758100007745000 0.000000000 0.001185120 -0.000553801 0.001057630
107746 7746.000000 17758100007746000 0.000000000 0.000957980 -0.000226400 0.040809170
107747 7747.000000 17758100007747000 0.000000000 0.001022818 -0.008556437 -0.005179233
107748 7748.000000 17758100007748000 0.000000000 0.000890807 -0.007025589 0.004031723
107749 7749.000000 17758100007749000 0.000000000 0.001140740 -0.001500775 0.007658529
107750 7750.000000 17758100007750000 0.000000000 0.001163000 -0.009729248 -0.005710151
107751 7751.000000 17758100007751000 0.000000000 0.001103758 -0.009158449 0.006665331
107752 7752.000000 17758100007752000 0.000000000 0.001369304 -0.007270340 -0.019208207
107753 7753.000000 17758100007753000 0.000000000 0.000736025 -0.006479349 0.011513663
107754 7754.000000 17758100007754000 0.000000000 0.001096170 -0.010919160 0.010087805
107755 7755.000000 17758100007755000 0.000000000 0.000975730 -0.015814119 -0.046299553
107756 7756.000000 17758100007756000 0.000000000 0.001003614 -0.005092208 0.005440468
107757 7757.000000 17758100007757000 0.000000000 0.000976182 -0.007690618 0.019958961
107758 7758.000000 17758100007758000 0.000000000 0.001030721 -0.005050076 -0.017442611
107759 7759.000000 17758100007759000 0.000000000 0.001020020 -0.018888400 -0.021814082
107760 7760.000000 17758100007760000 0.000000000 0.001047166 -0.011453354 0.004072343
107761 7761.000000 17758100007761000 0.000000000 0.000898059 -0.010240326 0.000451296
107762 7762.000000 17758100007762000 0.000000000 0.001307905 -0.008695110 0.013253419
107763 7763.000000 17758100007763000 0.000000000 0.000875395 -0.019993680 0.005660591
107764 7764.000000 17758100007764000 0.000000000 0.000911782 -0.012371280 -0.007051535
107765 7765.000000 17758100007765000 0.000000000 0.001229739 -0.009394994 -0.018725854
107766 7766.000000 17758100007766000 0.000000000 0.000553577 -0.009407133 -0.016285344
107767 7767.000000 17758100007767000 0.000000000 0.001037543 -0.011122495 0.026529179
107768 7768.000000 17758100007768000 0.000000000 0.000919636 -0.007040425 0.010419743
107769 7769.000000 17758100007769000 0.000000000 0.000981327 -0.012015599 -0.018081215
107770 7770.000000 17758100007770000 0.000000000 0.000783436 -0.010165325 0.019603413
107771 7771.000000 17758100007771000 0.000000000 0.000999634 -0.018211539 -0.002915947
107772 7772.000000 17758100007772000 0.000000000 0.001085851 -0.001740705 -0.031209960
107773 7773.000000 17758100007773000 0.000000000 0.000844865 -0.005246746 -0.006342922
107774 7774.000000 17758100007774000 0.000000000 0.000741464 -0.005189236 -0.027944329
107775 7775.000000 17758100007775000 0.000000000 0.001240665 -0.003962981 0.011807169
107776 7776.000000 17758100007776000 0.000000000 0.000508678 -0.007750065 -0.025336891
107777 7777.000000 17758100007777000 0.000000000 0.000601036 -0.004522618 -0.000218901
107778 7778.000000 17758100007778000 0.000000000 0.000710403 -0.011661300 -0.011896598
107779 7779.000000 17758100007779000 0.000000000 0.000990753 -0.001210533 0.013626509
107780 7780.000000 17758100007780000 0.000000000 0.000676547 -0.003436800 0.008100508
107781 7781.000000 17758100007781000 0.000000000 0.001176602 -0.001394197 0.010272265
107782 7782.000000 17758100007782000 0.000000000 0.000934960 -0.010889652 0.015252731
107783 7783.000000 17758100007783000 0.000000000 0.000600525 -0.002947811 -0.000192684
107784 7784.000000 17758100007784000 0.000000000 0.000871508 -0.001373500 -0.006136095
107785 7785.000000 17758100007785000 0.000000000 0.001051791 -0.004318115 -0.011175058
107786 7786.000000 17758100007786000 0.000000000 0.000662870 0.001056649 -0.004012861
107787 7787.000000 17758100007787000 0.000000000 0.000793058 -0.011188624 -0.000843561
107788 7788.000000 17758100007788000 0.000000000 0.000905697 -0.006132553 0.002926282
107789 7789.000000 17758100007789000 0.000000000 0.001066369 -0.005845574 0.010726498
107790 7790.000000 17758100007790000 0.000000000 0.000877929 -0.004286537 -0.019391556
107791 7791.000000 17758100007791000 0.000000000 0.000922578 -0.002323570 0.011891262
107792 7792.000000 17758100007792000 0.000000000 0.000602824 -0.007494769 0.006442973
107793 7793.000000 17758100007793000 0.000000000 0.000585011 -0.010857922 0.041344147
107794 7794.000000 17758100007794000 0.000000000 0.000822221 -0.010725054 0.019092904
107795 7795.000000 17758100007795000 0.000000000 0.000505855 0.002082572 -0.005006969
107796 7796.000000 17758100007796000 0.000000000 0.000805195 0.000859213 0.013762197
107797 7797.000000 17758100007797000 0.000000000 0.000608533 -0.001798268 0.010912020
107798 7798.000000 17758100007798000 0.000000000 0.000867197 -0.000793198 -0.015931871
107799 7799.000000 17758100007799000 0.000000000 0.001006703 0.002101131 -0.037502216
107800 7800.000000 17758100007800000 0.000000000 0.001075559 -0.003135816 0.031409243
107801 7801.000000 17758100007801000 0.000000000 0.000899322 0.000220146 0.020291077
107802 7802.000000 17758100007802000 0.000000000 0.000614927 -0.003334465 0.028537472
107803 7803.000000 17758100007803000 0.000000000 0.000624888 -0.005258572 -0.019988395
107804 7804.000000 17758100007804000 0.000000000 0.000261497 -0.010182521 0.006620990
107805 7805.000000 17758100007805000 0.000000000 0.000621964 -0.008217636 -0.008173289
107806 7806.000000 17758100007806000 0.000000000 0.000891658 -0.002571139 0.013748180
107807 7807.000000 17758100007807000 0.000000000 0.000395209 0.000907702 0.003015160
107808 7808.000000 17758100007808000 0.000000000 0.000737817 -0.003935241 -0.021753054
107809 7809.000000 17758100007809000 0.000000000 0.000726199 0.000597663 -0.011994387
107810 7810.000000 17758100007810000 0.000000000 0.000523530 -0.009787437 -0.036226515
107811 7811.000000 17758100007811000 0.000000000 0.000431854 -0.004483455 0.003210819
107812 7812.000000 17758100007812000 0.000000000 0.000415810 -0.000015878 0.006358653
107813 7813.000000 17758100007813000 0.000000000 0.000564515 -0.002595857 -0.001845080
107814 7814.000000 17758100007814000 0.000000000 0.000692853 0.004331981 -0.006345086
107815 7815.000000 17758100007815000 0.000000000 0.000492832 -0.006275981 -0.006695353
107816 7816.000000 17758100007816000 0.000000000 0.000662169 -0.003060897 0.054781434
107817 7817.000000 17758100007817000 0.000000000 0.000521954 -0.003240716 -0.031935995
107818 7818.000000 17758100007818000 0.000000000 0.000637482 0.005388289 0.004765436
107819 7819.000000 17758100007819000 0.000000000 0.000642426 0.002070491 -0.003991785
107820 7820.000000 17758100007820000 0.000000000 0.000556531 -0.002350780 -0.038895904
107821 7821.000000 17758100007821000 0.000000000 0.000909882 -0.002890694 0.042406547
107822 7822.000000 17758100007822000 0.000000000 0.000183613 -0.007674595 -0.026778061
107823 7823.000000 17758100007823000 0.000000000 0.000644937 -0.002642742 -0.019567153
107824 7824.000000 17758100007824000 0.000000000 0.000598816 0.000242091 0.007429174
107825 7825.000000 17758100007825000 0.000000000 0.000439105 0.001036125 0.018757769
107826 7826.000000 17758100007826000 0.000000000 0.000515698 -0.008666369 0.015820143
107827 7827.000000 17758100007827000 0.000000000 0.000942753 -0.004700552 0.010058575
107828 7828.000000 17758100007828000 0.000000000 0.000492571 -0.003965466 0.016118826
107829 7829.000000 17758100007829000 0.000000000 0.000577683 -0.006090509 0.004650717
107830 7830.000000 17758100007830000 0.000000000 0.000749222 -0.006807325 -0.007585438
107831 7831.000000 17758100007831000 0.000000000 0.000522695 -0.003756108 -0.029271800
107832 7832.000000 17758100007832000 0.000000000 0.000494911 -0.002611396 -0.018973470
107833 7833.000000 17758100007833000 0.000000000 0.000339164 -0.010910307 -0.003183782
107834 7834.000000 17758100007834000 0.000000000 0.000562865 0.011133573 0.009741688
107835 7835.000000 17758100007835000 0.000000000 0.000862510 -0.002949421 -0.003673006
107836 7836.000000 17758100007836000 0.000000000 0.000483842 -0.002537171 -0.004071137
107837 7837.000000 17758100007837000 0.000000000 0.000749384 -0.001205832 0.004597863
107838 7838.000000 17758100007838000 0.000000000 0.000765763 -0.014828380 -0.026640993
107839 7839.000000 17758100007839000 0.000000000 0.000526013 -0.009563975 0.002606101
107840 7840.000000 17758100007840000 0.000000000 0.000264920 -0.003453466 0.026319391
107841 7841.000000 17758100007841000 0.000000000 0.000591053 -0.000362106 -0.027911471
107842 7842.000000 17758100007842000 0.000000000 0.000212131 0.004131460 0.006616394
107843 7843.000000 17758100007843000 0.000000000 0.000443393 0.000902087 -0.003046387
107844 7844.000000 17758100007844000 0.000000000 0.000258671 -0.009997969 0.011350267
107845 7845.000000 17758100007845000 0.000000000 0.000599395 -0.003392552 -0.005895992
107846 7846.000000 17758100007846000 0.000000000 0.000459345 0.000068067 0.003258049
107847 7847.000000 17758100007847000 0.000000000 0.000378805 -0.007244311 -0.007378180
107848 7848.000000 17758100007848000 0.000000000 0.000871750 -0.001725470 0.000355234
107849 7849.000000 17758100007849000 0.000000000 0.000471246 -0.001461978 0.001268788
107850 7850.000000 17758100007850000 0.000000000 0.000355573 -0.011302328 0.004407187
107851 7851.000000 17758100007851000 0.000000000 0.000617452 -0.006742782 -0.008615580
107852 7852.000000 17758100007852000 0.000000000 0.000301462 -0.011490543 0.009142179
107853 7853.000000 17758100007853000 0.000000000 0.000583268 -0.002203805 -0.001801030
107854 7854.000000 17758100007854000 0.000000000 0.000426208 0.010005650 -0.019791424
107855 7855.000000 17758100007855000 0.000000000 0.000578740 0.003040407 0.022918215
107856 7856.000000 17758100007856000 0.000000000 0.000597444 -0.006621003 -0.024225975
107857 7857.000000 17758100007857000 0.000000000 0.000452561 -0.009794928 0.004827867
107858 7858.000000 17758100007858000 0.000000000 0.000631423 -0.007670917 -0.017672517
107859 7859.000000 17758100007859000 0.000000000 0.000396365 -0.005139539 0.011441060
107860 7860.000000 17758100007860000 0.000000000 0.000436679 -0.000382824 -0.008232019
107861 7861.000000 17758100007861000 0.000000000 0.000516261 -0.007179829 -0.009532993
107862 7862.000000 17758100007862000 0.000000000 0.000189641 0.003358053 0.021515863
107863 7863.000000 17758100007863000 0.000000000 0.000495000 0.001457476 -0.006926399
107864 7864.000000 17758100007864000 0.000000000 0.000162051 -0.004523545 0.042674847
107865 7865.000000 17758100007865000 0.000000000 0.000225547 -0.003185201 -0.030677227
107866 7866.000000 17758100007866000 0.000000000 0.000426483 0.001519070 -0.047709540
107867 7867.000000 17758100007867000 0.000000000 0.000552003 -0.008437512 0.009794613
107868 7868.000000 17758100007868000 0.000000000 0.000497239 -0.009377659 0.025439470
107869 7869.000000 17758100007869000 0.000000000 0.000405266 0.001913914 -0.020798441
107870 7870.000000 17758100007870000 0.000000000 0.000443252 0.002539354 0.000309923
107871 7871.000000 17758100007871000 0.000000000 0.000493324 -0.010530090 0.017293693
107872 7872.000000 17758100007872000 0.000000000 0.000772365 -0.001218710 0.034637311
107873 7873.000000 17758100007873000 0.000000000 0.000335529 -0.002966216 -0.013748888
107874 7874.000000 17758100007874000 0.000000000 0.000304555 -0.003506114 0.019868984
107875 7875.000000 17758100007875000 0.000000000 0.000309642 0.005522901 0.013924055
107876 7876.000000 17758100007876000 0.000000000 0.000750601 -0.010884097 -0.003462021
107877 7877.000000 17758100007877000 0.000000000 0.000535475 -0.004292502 0.001438499
107878 7878.000000 17758100007878000 0.000000000 0.000587596 -0.000899613 -0.018992592
107879 7879.000000 17758100007879000 0.000000000 0.000700110 -0.004682645 0.011272951
107880 7880.000000 17758100007880000 0.000000000 0.000553852 0.002882965 -0.009710290
107881 7881.000000 17758100007881000 0.000000000 0.000449114 0.001556935 0.007814574
107882 7882.000000 17758100007882000 0.000000000 0.000263975 -0.007695420 -0.014275401
107883 7883.000000 17758100007883000 0.000000000 0.000160843 0.006149011 -0.011400943
107884 7884.000000 17758100007884000 0.000000000 0.000199348 -0.009098672 -0.000642348
107885 7885.000000 17758100007885000 0.000000000 0.000469244 0.005220836 0.012931322
107886 7886.000000 17758100007886000 0.000000000 0.000572133 -0.002960345 -0.020680036
107887 7887.000000 17758100007887000 0.000000000 0.000316203 -0.004575400 -0.006614867
107888 7888.000000 17758100007888000 0.000000000 0.000508795 0.004900313 0.041212644
107889 7889.000000 17758100007889000 0.000000000 0.000072810 -0.004797337 0.012594333
107890 7890.000000 17758100007890000 0.000000000 0.000617819 -0.000909179 0.024644199
107891 7891.000000 17758100007891000 0.000000000 0.000354610 0.008132969 0.022159077
107892 7892.000000 17758100007892000 0.000000000 0.000549821 0.003928414 0.018466809
107893 7893.000000 17758100007893000 0.000000000 0.000604275 0.001097946 0.007788779
107894 7894.000000 17758100007894000 0.000000000 0.000313967 0.000403748 0.032889769
107895 7895.000000 17758100007895000 0.000000000 0.000417112 0.009736937 0.019425813
107896 7896.000000 17758100007896000 0.000000000 0.000503579 -0.001018528 0.038980554
107897 7897.000000 17758100007897000 0.000000000 0.000103083 0.000105417 0.004487772
107898 7898.000000 17758100007898000 0.000000000 0.000552816 0.007019270 -0.002049891
107899 7899.000000 17758100007899000 0.000000000 0.000421800 -0.001644035 0.030130582
107900 7900.000000 17758100007900000 0.000000000 0.000197248 0.003781027 -0.008040015
107901 7901.000000 17758100007901000 0.000000000 0.000916610 -0.001671929 -0.010366802
107902 7902.000000 17758100007902000 0.000000000 0.000468272 0.004980621 -0.050471196
107903 7903.000000 17758100007903000 0.000000000 0.000477427 0.001281815 0.001827197
107904 7904.000000 17758100007904000 0.000000000 0.000464897 -0.000014360 -0.030002837
107905 7905.000000 17758100007905000 0.000000000 0.000205893 -0.004964202 0.004524244
107906 7906.000000 17758100007906000 0.000000000 0.000271178 0.001517468 0.026752695
107907 7907.000000 17758100007907000 0.000000000 0.000376703 -0.003474688 -0.000056624
107908 7908.000000 17758100007908000 0.000000000 0.000407350 0.002432164 0.016249040
107909 7909.000000 17758100007909000 0.000000000 0.000590759 -0.008100491 0.017176300
107910 7910.000000 17758100007910000 0.000000000 0.000738598 -0.009766513 0.042205249
107911 7911.000000 17758100007911000 0.000000000 0.000119537 -0.002672722 -0.040291036
107912 7912.000000 17758100007912000 0.000000000 0.000706791 -0.000547887 0.043089813
107913 7913.000000 17758100007913000 0.000000000 0.000735750 -0.008277200 -0.008927078
107914 7914.000000 17758100007914000 0.000000000 0.000443394 0.006365596 -0.021242765
107915 7915.000000 17758100007915000 0.000000000 0.000634888 0.004267150 0.024242921
107916 7916.000000 17758100007916000 0.000000000 0.000258765 0.002963839 0.001385689
107917 7917.000000 17758100007917000 0.000000000 0.000281931 -0.006347633 0.027146798
107918 7918.000000 17758100007918000 0.000000000 0.000382712 -0.003443720 0.023503164
107919 7919.000000 17758100007919000 0.000000000 0.000715883 -0.004881617 -0.001047254
107920 7920.000000 17758100007920000 0.000000000 0.000396375 -0.000173438 0.008197185
107921 7921.000000 17758100007921000 0.000000000 0.000289476 0.006088367 -0.041497255
107922 7922.000000 17758100007922000 0.000000000 0.000733005 0.004500167 0.029645714
107923 7923.000000 17758100007923000 0.000000000 0.000411393 -0.009784266 0.010217983
107924 7924.000000 17758100007924000 0.000000000 0.000148410 -0.005229341 -0.024557500
107925 7925.000000 17758100007925000 0.000000000 0.000574909 0.000133567 0.002230350
107926 7926.000000 17758100007926000 0.000000000 0.000400347 0.000976802 0.000706670
107927 7927.000000 17758100007927000 0.000000000 0.000462431 -0.003713910 0.002885592
107928 7928.000000 17758100007928000 0.000000000 0.000548595 0.000753452 -0.010969863
107929 7929.000000 17758100007929000 0.000000000 0.000291833 0.000316850 -0.031973047
107930 7930.000000 17758100007930000 0.000000000 0.000180926 0.011541320 -0.017108319
107931 7931.000000 17758100007931000 0.000000000 0.000538052 0.000770694 0.020833649
107932 7932.000000 17758100007932000 0.000000000 0.000421858 -0.000908516 -0.012773990
107933 7933.000000 17758100007933000 0.000000000 0.000193753 -0.003749013 0.024376410
107934 7934.000000 17758100007934000 0.000000000 0.000466552 -0.008984990 -0.014956795
107935 7935.000000 17758100007935000 0.000000000 0.000470830 -0.013407740 0.027404108
107936 7936.000000 17758100007936000 0.000000000 0.000431160 0.003624422 0.006631579
107937 7937.000000 17758100007937000 0.000000000 0.000049889 0.000211398 -0.003858482
107938 7938.000000 17758100007938000 0.000000000 0.000183472 0.000533745 -0.029083851
107939 7939.000000 17758100007939000 0.000000000 0.000417930 0.002019352 0.001877204
107940 7940.000000 17758100007940000 0.000000000 0.000393113 -0.001195283 0.015501146
107941 7941.000000 17758100007941000 0.000000000 0.000378665 -0.003627927 -0.014379067
107942 7942.000000 17758100007942000 0.000000000 0.000538951 0.000218866 -0.007030163
107943 7943.000000 17758100007943000 0.000000000 0.000627395 -0.000351074 0.019296370
107944 7944.000000 17758100007944000 0.000000000 0.000075295 0.000856549 -0.009326909
107945 7945.000000 17758100007945000 0.000000000 0.000360756 -0.001465434 0.040153121
107946 7946.000000 17758100007946000 0.000000000 0.000162757 0.005481976 -0.046350868
107947 7947.000000 17758100007947000 0.000000000 0.000319740 -0.000293011 0.016635159
107948 7948.000000 17758100007948000 0.000000000 0.000407418 -0.000866021 0.033064235
107949 7949.000000 17758100007949000 0.000000000 0.000684944 -0.004589009 0.028325327
107950 7950.000000 17758100007950000 0.000000000 0.000686789 -0.002781634 0.002293962
107951 7951.000000 17758100007951000 0.000000000 0.000509442 0.008438744 0.012720443
107952 7952.000000 17758100007952000 0.000000000 0.000675413 0.001195442 -0.013946323
107953 7953.000000 17758100007953000 0.000000000 0.000684520 0.001211818 -0.019544999
107954 7954.000000 17758100007954000 0.000000000 0.000391835 0.005991836 -0.007031412
107955 7955.000000 17758100007955000 0.000000000 0.000311579 -0.001635112 -0.001975123
107956 7956.000000 17758100007956000 0.000000000 0.000414484 -0.002937861 -0.012157504
107957 7957.000000 17758100007957000 0.000000000 0.000201575 0.002588776 0.006088460
107958 7958.000000 17758100007958000 0.000000000 0.000433263 0.001950239 0.023031205
107959 7959.000000 17758100007959000 0.000000000 0.000851113 0.010150448 -0.020852220
107960 7960.000000 17758100007960000 0.000000000 0.000264487 0.007768147 -0.010411340
107961 7961.000000 17758100007961000 0.000000000 0.000761875 -0.003465658 -0.005426083
107962 7962.000000 17758100007962000 0.000000000 0.000310559 -0.003597249 -0.029128148
107963 7963.000000 17758100007963000 0.000000000 0.000342958 -0.001462189 -0.027235166
107964 7964.000000 17758100007964000 0.000000000 0.000314322 -0.005280096 0.022825615
107965 7965.000000 17758100007965000 0.000000000 0.000522045 0.002816718 0.026300412
107966 7966.000000 17758100007966000 0.000000000 0.000572934 -0.002410411 0.031045854
107967 7967.000000 17758100007967000 0.000000000 0.000516406 -0.006430684 -0.003066974
107968 7968.000000 17758100007968000 0.000000000 0.000302885 -0.000497773 -0.010184150
107969 7969.000000 17758100007969000 0.000000000 0.000313737 -0.003942913 -0.002315042
107970 7970.000000 17758100007970000 0.000000000 0.000437186 0.002717924 0.019168947
107971 7971.000000 17758100007971000 0.000000000 0.000412634 0.000848365 0.046439185
107972 7972.000000 17758100007972000 0.000000000 0.000165007 0.009919673 0.004233865
107973 7973.000000 17758100007973000 0.000000000 0.000228760 -0.005401844 0.002763164
107974 7974.000000 17758100007974000 0.000000000 0.000265669 -0.004415849 0.016642601
107975 7975.000000 17758100007975000 0.000000000 0.000075028 0.002117028 -0.013163559
107976 7976.000000 17758100007976000 0.000000000 0.000348173 -0.004269753 -0.003356384
107977 7977.000000 17758100007977000 0.000000000 0.000401309 -0.008244281 -0.020821430
107978 7978.000000 17758100007978000 0.000000000 0.000837093 -0.015449236 0.051888953
107979 7979.000000 17758100007979000 0.000000000 0.000243959 -0.003108604 0.001471500
107980 7980.000000 17758100007980000 0.000000000 0.000661803 0.002517701 -0.019120214
107981 7981.000000 17758100007981000 0.000000000 0.000386977 -0.002260684 0.006643758
107982 7982.000000 17758100007982000 0.000000000 0.000419686 0.000085964 -0.002938356
107983 7983.000000 17758100007983000 0.000000000 0.000291944 0.007543146 -0.014223756
107984 7984.000000 17758100007984000 0.000000000 0.000614909 0.003344332 -0.024496804
107985 7985.000000 17758100007985000 0.000000000 0.000408108 -0.006898289 0.000198008
107986 7986.000000 17758100007986000 0.000000000 0.000596143 -0.004274815 0.023693477
107987 7987.000000 17758100007987000 0.000000000 0.000479529 -0.002213625 0.001752333
107988 7988.000000 17758100007988000 0.000000000 0.000789337 0.007533289 -0.014717871
107989 7989.000000 17758100007989000 0.000000000 0.000420278 -0.008023740 -0.004358700
107990 7990.000000 17758100007990000 0.000000000 0.000590733 -0.003992802 -0.026488706
107991 7991.000000 17758100007991000 0.000000000 0.000314200 -0.010241942 -0.053031289
107992 7992.000000 17758100007992000 0.000000000 0.000136438 -0.006196910 -0.006854799
107993 7993.000000 17758100007993000 0.000000000 0.000625771 -0.008993280 0.019788980
107994 7994.000000 17758100007994000 0.000000000 0.000267124 -0.004842806 0.000874288
107995 7995.000000 17758100007995000 0.000000000 0.000576860 -0.006973461 -0.016654413
107996 7996.000000 17758100007996000 0.000000000 0.000617586 0.006951882 0.008421480
107997 7997.000000 17758100007997000 0.000000000 0.000095701 0.002904317 0.012917145
107998 7998.000000 17758100007998000 0.000000000 0.000025527 0.007620418 0.008320637
107999 7999.000000 17758100007999000 0.000000000 0.000480814 -0.002800836 -0.006609111
