# SYNTHETIC PLACEHOLDER — replace with real WMX3 CoreMotion Data Log
# profile=sine frequency=20Hz amplitude=0.01rad backend=newton dt=0.001s seed=20260820
# MotorParams kp=10.996398718882114 ki=1.1930162194347773 kd=0.8556416451823275 integral_max=4.437985730220815 effort_limit=5.193511737418461 inertia=0.028188008953187953 viscous=0.024485211102482668 coulomb=0.0006373491469474279 delay_steps=2
CYCLE TIME SYSTEM_TIME CMDPOS0 FBKPOS0 FBKVEL0 FBKTRQ0
800000 0.000000 17758100000000000 0.100000001 0.100202699 -0.003226500 0.007281586
800001 1.000000 17758100000001000 0.101253331 0.099831701 0.007364783 -0.018266696
800002 2.000000 17758100000002000 0.102486901 0.099914976 0.008448313 0.004321273
800003 3.000000 17758100000003000 0.103681244 0.100016109 0.004760506 0.031504900
800004 4.000000 17758100000004000 0.104817539 0.100073323 0.000792466 0.044040883
800005 5.000000 17758100000005000 0.105877854 0.100151998 -0.002028642 0.066782315
800006 6.000000 17758100000006000 0.106845468 0.100044474 0.000682311 0.061740954
800007 7.000000 17758100000007000 0.107705131 0.100053671 0.012820745 0.040287400
800008 8.000000 17758100000008000 0.108443283 0.100044728 0.006037595 0.081194598
800009 9.000000 17758100000009000 0.109048270 0.100129112 0.009969579 0.044456308
800010 10.000000 17758100000010000 0.109510563 0.100225374 0.009351519 0.095833179
800011 11.000000 17758100000011000 0.109822869 0.100195861 0.021347923 0.090897357
800012 12.000000 17758100000012000 0.109980270 0.100073897 0.022886576 0.126697820
800013 13.000000 17758100000013000 0.109980270 0.100172740 0.017959062 0.114619543
800014 14.000000 17758100000014000 0.109822869 0.100040773 0.028104033 0.081259459
800015 15.000000 17758100000015000 0.109510563 0.100003790 0.029931372 0.138845368
800016 16.000000 17758100000016000 0.109048270 0.100131296 0.035799543 0.092809150
800017 17.000000 17758100000017000 0.108443283 0.100166018 0.035087563 0.090454358
800018 18.000000 17758100000018000 0.107705131 0.100056187 0.029972104 0.085372257
800019 19.000000 17758100000019000 0.106845468 0.100157883 0.039934301 0.040069006
800020 20.000000 17758100000020000 0.105877854 0.100267785 0.036497560 0.055773210
800021 21.000000 17758100000021000 0.104817539 0.100224564 0.035956904 0.017473424
800022 22.000000 17758100000022000 0.103681244 0.100120515 0.038917885 0.030446786
800023 23.000000 17758100000023000 0.102486901 0.100377712 0.043891402 -0.001411420
800024 24.000000 17758100000024000 0.101253331 0.100664102 0.037183676 0.006623707
800025 25.000000 17758100000025000 0.100000001 0.100497717 0.037089525 -0.045456348
800026 26.000000 17758100000026000 0.098746665 0.100427794 0.043664585 0.003008343
800027 27.000000 17758100000027000 0.097513102 0.100808859 0.041413491 -0.073891023
800028 28.000000 17758100000028000 0.096318752 0.100650897 0.045010347 -0.043226720
800029 29.000000 17758100000029000 0.095182464 0.100650986 0.034470225 -0.019641395
800030 30.000000 17758100000030000 0.094122149 0.100652652 0.033641776 -0.081422192
800031 31.000000 17758100000031000 0.093154527 0.100981188 0.041240044 -0.114395738
800032 32.000000 17758100000032000 0.092294864 0.100969051 0.025866189 -0.077868402
800033 33.000000 17758100000033000 0.091556720 0.100781289 0.026868652 -0.105257659
800034 34.000000 17758100000034000 0.090951726 0.101021391 0.019756716 -0.067652779
800035 35.000000 17758100000035000 0.090489432 0.101027330 0.015062165 -0.128858407
800036 36.000000 17758100000036000 0.090177126 0.100832474 0.013513404 -0.136669829
800037 37.000000 17758100000037000 0.090019733 0.101022897 0.011442316 -0.128068393
800038 38.000000 17758100000038000 0.090019733 0.101062634 0.001807611 -0.136366891
800039 39.000000 17758100000039000 0.090177126 0.100894947 -0.006714599 -0.123083633
800040 40.000000 17758100000040000 0.090489432 0.101052700 -0.011142838 -0.114380051
800041 41.000000 17758100000041000 0.090951726 0.100952296 -0.004400867 -0.105785972
800042 42.000000 17758100000042000 0.091556720 0.100644572 -0.018714975 -0.067930049
800043 43.000000 17758100000043000 0.092294864 0.101098994 -0.006985020 -0.112420425
800044 44.000000 17758100000044000 0.093154527 0.100567705 -0.018013549 -0.070850953
800045 45.000000 17758100000045000 0.094122149 0.100876681 -0.015188577 -0.106194565
800046 46.000000 17758100000046000 0.095182464 0.101026056 -0.016853592 -0.054437843
800047 47.000000 17758100000047000 0.096318752 0.100171251 -0.019332447 -0.036197621
800048 48.000000 17758100000048000 0.097513102 0.101146292 -0.023061768 -0.034237978
800049 49.000000 17758100000049000 0.098746665 0.100571878 -0.024461845 -0.036699740
800050 50.000000 17758100000050000 0.100000001 0.100465579 -0.039693618 -0.033351348
800051 51.000000 17758100000051000 0.101253331 0.100566255 -0.031853606 0.038869196
800052 52.000000 17758100000052000 0.102486901 0.100906772 -0.031661602 0.023239939
800053 53.000000 17758100000053000 0.103681244 0.100837202 -0.028916418 0.010146121
800054 54.000000 17758100000054000 0.104817539 0.100453744 -0.015304329 0.077732110
800055 55.000000 17758100000055000 0.105877854 0.100816138 -0.022617804 0.039682067
800056 56.000000 17758100000056000 0.106845468 0.100814209 -0.025442017 0.062962824
800057 57.000000 17758100000057000 0.107705131 0.100830913 -0.019757715 0.098629359
800058 58.000000 17758100000058000 0.108443283 0.100325838 -0.018503171 0.090659895
800059 59.000000 17758100000059000 0.109048270 0.100702526 -0.016263292 0.088877828
800060 60.000000 17758100000060000 0.109510563 0.100193345 -0.006297771 0.107171489
800061 61.000000 17758100000061000 0.109822869 0.100611237 -0.011939540 0.136527161
800062 62.000000 17758100000062000 0.109980270 0.100261868 -0.001684768 0.090612637
800063 63.000000 17758100000063000 0.109980270 0.100455154 -0.009247395 0.117871402
800064 64.000000 17758100000064000 0.109822869 0.100340611 0.000810445 0.133786216
800065 65.000000 17758100000065000 0.109510563 0.100229326 -0.001367067 0.110159165
800066 66.000000 17758100000066000 0.109048270 0.100747276 0.003831495 0.117334313
800067 67.000000 17758100000067000 0.108443283 0.100541575 0.010997171 0.082039896
800068 68.000000 17758100000068000 0.107705131 0.100421806 0.008917624 0.078358645
800069 69.000000 17758100000069000 0.106845468 0.100605884 0.019624306 0.064321487
800070 70.000000 17758100000070000 0.105877854 0.100492472 0.032747429 0.029280842
800071 71.000000 17758100000071000 0.104817539 0.100698587 0.025607731 0.044631043
800072 72.000000 17758100000072000 0.103681244 0.100736649 0.022421856 0.041833403
800073 73.000000 17758100000073000 0.102486901 0.100463907 0.030268914 -0.002615701
800074 74.000000 17758100000074000 0.101253331 0.100636332 0.021464374 0.045705054
800075 75.000000 17758100000075000 0.100000001 0.100581868 0.026859879 0.045624855
800076 76.000000 17758100000076000 0.098746665 0.100704637 0.018152123 -0.017683110
800077 77.000000 17758100000077000 0.097513102 0.100498401 0.031458918 -0.029319277
800078 78.000000 17758100000078000 0.096318752 0.100633017 0.015544512 -0.000468785
800079 79.000000 17758100000079000 0.095182464 0.100663383 0.032848983 -0.058218767
800080 80.000000 17758100000080000 0.094122149 0.100701869 0.023890580 -0.087836236
800081 81.000000 17758100000081000 0.093154527 0.100563012 0.017568170 -0.077144163
800082 82.000000 17758100000082000 0.092294864 0.100524813 0.027628397 -0.097174341
800083 83.000000 17758100000083000 0.091556720 0.100611776 0.009720429 -0.087970736
800084 84.000000 17758100000084000 0.090951726 0.100887802 0.007609063 -0.132923615
800085 85.000000 17758100000085000 0.090489432 0.100956728 0.012751028 -0.111860807
800086 86.000000 17758100000086000 0.090177126 0.100959353 0.000343242 -0.089463259
800087 87.000000 17758100000087000 0.090019733 0.100656704 0.004550972 -0.104324045
800088 88.000000 17758100000088000 0.090019733 0.101322786 0.003891211 -0.105377311
800089 89.000000 17758100000089000 0.090177126 0.100718018 -0.008907815 -0.111191115
800090 90.000000 17758100000090000 0.090489432 0.100860519 -0.012741870 -0.100118626
800091 91.000000 17758100000091000 0.090951726 0.100895599 -0.020277960 -0.113133273
800092 92.000000 17758100000092000 0.091556720 0.101056157 -0.027279992 -0.107961957
800093 93.000000 17758100000093000 0.092294864 0.100815690 -0.017774589 -0.105632311
800094 94.000000 17758100000094000 0.093154527 0.100843385 -0.026438848 -0.080155966
800095 95.000000 17758100000095000 0.094122149 0.100802154 -0.029800509 -0.077713296
800096 96.000000 17758100000096000 0.095182464 0.100725623 -0.029344464 -0.058054820
800097 97.000000 17758100000097000 0.096318752 0.100634191 -0.043463079 -0.054692983
800098 98.000000 17758100000098000 0.097513102 0.100632248 -0.030737691 -0.059765111
800099 99.000000 17758100000099000 0.098746665 0.100290714 -0.036514935 -0.075689039
800100 100.000000 17758100000100000 0.100000001 0.100508827 -0.036019191 0.006304426
800101 101.000000 17758100000101000 0.101253331 0.100279142 -0.036244239 0.001605661
800102 102.000000 17758100000102000 0.102486901 0.100468506 -0.033873161 0.043978044
800103 103.000000 17758100000103000 0.103681244 0.100379363 -0.046383154 0.030837437
800104 104.000000 17758100000104000 0.104817539 0.100191346 -0.044162086 0.033380632
800105 105.000000 17758100000105000 0.105877854 0.100036507 -0.032447392 0.098133413
800106 106.000000 17758100000106000 0.106845468 0.100730159 -0.024080173 0.107643528
800107 107.000000 17758100000107000 0.107705131 0.100323086 -0.034267443 0.073078724
800108 108.000000 17758100000108000 0.108443283 0.100183295 -0.023108257 0.091365373
800109 109.000000 17758100000109000 0.109048270 0.100091786 -0.018698123 0.081253908
800110 110.000000 17758100000110000 0.109510563 0.100220962 -0.025705184 0.067301503
800111 111.000000 17758100000111000 0.109822869 0.099927868 -0.013430600 0.086328582
800112 112.000000 17758100000112000 0.109980270 0.099730897 -0.016962900 0.091314089
800113 113.000000 17758100000113000 0.109980270 0.100128417 -0.004725844 0.142117604
800114 114.000000 17758100000114000 0.109822869 0.100019612 -0.011552257 0.146845902
800115 115.000000 17758100000115000 0.109510563 0.100345953 0.004043845 0.099717605
800116 116.000000 17758100000116000 0.109048270 0.100237210 0.006544612 0.114222912
800117 117.000000 17758100000117000 0.108443283 0.100132308 0.013554931 0.144678103
800118 118.000000 17758100000118000 0.107705131 0.100127690 0.013675462 0.070892936
800119 119.000000 17758100000119000 0.106845468 0.100370377 0.023487796 0.052881152
800120 120.000000 17758100000120000 0.105877854 0.100091193 0.021548640 0.094628526
800121 121.000000 17758100000121000 0.104817539 0.100284617 0.016067189 0.052049501
800122 122.000000 17758100000122000 0.103681244 0.100183831 0.021119347 0.048749634
800123 123.000000 17758100000123000 0.102486901 0.100475609 0.023843806 0.030197931
800124 124.000000 17758100000124000 0.101253331 0.100298046 0.025894809 0.031324457
800125 125.000000 17758100000125000 0.100000001 0.100419238 0.025131574 0.036042095
800126 126.000000 17758100000126000 0.098746665 0.100098694 0.027121923 0.007365821
800127 127.000000 17758100000127000 0.097513102 0.100267683 0.021668457 -0.020249142
800128 128.000000 17758100000128000 0.096318752 0.100573753 0.029809095 -0.042510435
800129 129.000000 17758100000129000 0.095182464 0.100157317 0.019309502 -0.062066507
800130 130.000000 17758100000130000 0.094122149 0.100904548 0.025028385 -0.061218767
800131 131.000000 17758100000131000 0.093154527 0.100566644 0.022751346 -0.070862563
800132 132.000000 17758100000132000 0.092294864 0.100203999 0.020786757 -0.129265931
800133 133.000000 17758100000133000 0.091556720 0.100554243 0.003542675 -0.090562423
800134 134.000000 17758100000134000 0.090951726 0.100531945 0.010585757 -0.093274381
800135 135.000000 17758100000135000 0.090489432 0.100448735 0.013780607 -0.068452284
800136 136.000000 17758100000136000 0.090177126 0.100465933 0.007141852 -0.106518080
800137 137.000000 17758100000137000 0.090019733 0.100264628 0.002137739 -0.079292908
800138 138.000000 17758100000138000 0.090019733 0.100505066 -0.008036767 -0.085539826
800139 139.000000 17758100000139000 0.090177126 0.100639275 -0.021976242 -0.102123227
800140 140.000000 17758100000140000 0.090489432 0.100314868 -0.015446204 -0.088854064
800141 141.000000 17758100000141000 0.090951726 0.100389110 -0.013879277 -0.030647850
800142 142.000000 17758100000142000 0.091556720 0.100635901 -0.024980096 -0.105033695
800143 143.000000 17758100000143000 0.092294864 0.100874260 -0.027600017 -0.040997480
800144 144.000000 17758100000144000 0.093154527 0.100485360 -0.025065706 -0.080057462
800145 145.000000 17758100000145000 0.094122149 0.100413101 -0.025187653 -0.075085768
800146 146.000000 17758100000146000 0.095182464 0.100548417 -0.037449609 -0.041007431
800147 147.000000 17758100000147000 0.096318752 0.100075666 -0.038815000 -0.060728012
800148 148.000000 17758100000148000 0.097513102 0.100231536 -0.041362473 0.011925705
800149 149.000000 17758100000149000 0.098746665 0.100348142 -0.030696666 -0.039078061
800150 150.000000 17758100000150000 0.100000001 0.100317973 -0.041713865 -0.017716087
800151 151.000000 17758100000151000 0.101253331 0.100290145 -0.027357498 0.043148936
800152 152.000000 17758100000152000 0.102486901 0.100485683 -0.029119532 0.028349318
800153 153.000000 17758100000153000 0.103681244 0.100338451 -0.036273899 0.038674706
800154 154.000000 17758100000154000 0.104817539 0.100365300 -0.022686850 0.060045807
800155 155.000000 17758100000155000 0.105877854 0.100291864 -0.034718293 0.058637395
800156 156.000000 17758100000156000 0.106845468 0.100069837 -0.035261283 0.065310153
800157 157.000000 17758100000157000 0.107705131 0.100004117 -0.025913994 0.116238754
800158 158.000000 17758100000158000 0.108443283 0.100203263 -0.035023287 0.098276426
800159 159.000000 17758100000159000 0.109048270 0.099867030 -0.027656560 0.113816536
800160 160.000000 17758100000160000 0.109510563 0.100190128 -0.012835663 0.100590844
800161 161.000000 17758100000161000 0.109822869 0.100394088 -0.017595737 0.124776795
800162 162.000000 17758100000162000 0.109980270 0.099939484 -0.008357704 0.096502693
800163 163.000000 17758100000163000 0.109980270 0.099935724 -0.006934323 0.103978749
800164 164.000000 17758100000164000 0.109822869 0.099799032 -0.003211337 0.102282836
800165 165.000000 17758100000165000 0.109510563 0.099687833 0.009151428 0.088053598
800166 166.000000 17758100000166000 0.109048270 0.099939627 0.012315024 0.100268462
800167 167.000000 17758100000167000 0.108443283 0.099829494 0.012179055 0.099605755
800168 168.000000 17758100000168000 0.107705131 0.100221198 0.012007057 0.091643341
800169 169.000000 17758100000169000 0.106845468 0.099952213 0.017430948 0.072862055
800170 170.000000 17758100000170000 0.105877854 0.099879203 0.020011589 0.051713469
800171 171.000000 17758100000171000 0.104817539 0.100067870 0.010804945 0.054430853
800172 172.000000 17758100000172000 0.103681244 0.100138964 0.019594524 0.031423099
800173 173.000000 17758100000173000 0.102486901 0.099966404 0.033622634 0.025572599
800174 174.000000 17758100000174000 0.101253331 0.099866049 0.019950177 0.026363004
800175 175.000000 17758100000175000 0.100000001 0.100036075 0.017729432 -0.015223493
800176 176.000000 17758100000176000 0.098746665 0.100291314 0.036677677 -0.013301989
800177 177.000000 17758100000177000 0.097513102 0.099669594 0.028428824 -0.006211587
800178 178.000000 17758100000178000 0.096318752 0.100428288 0.023369534 -0.024807511
800179 179.000000 17758100000179000 0.095182464 0.100301037 0.021447055 -0.060701385
800180 180.000000 17758100000180000 0.094122149 0.099871929 0.029884834 -0.031052345
800181 181.000000 17758100000181000 0.093154527 0.100297567 0.020802585 -0.063890317
800182 182.000000 17758100000182000 0.092294864 0.100207285 0.024069809 -0.078661249
800183 183.000000 17758100000183000 0.091556720 0.100414340 0.022343670 -0.084928014
800184 184.000000 17758100000184000 0.090951726 0.100568839 0.003765689 -0.086836275
800185 185.000000 17758100000185000 0.090489432 0.100369210 0.003173323 -0.069742390
800186 186.000000 17758100000186000 0.090177126 0.100513533 0.008412343 -0.112907561
800187 187.000000 17758100000187000 0.090019733 0.100034869 0.009129412 -0.119193459
800188 188.000000 17758100000188000 0.090019733 0.100206765 -0.005290235 -0.113807962
800189 189.000000 17758100000189000 0.090177126 0.100262719 -0.003330938 -0.097087672
800190 190.000000 17758100000190000 0.090489432 0.100380892 -0.018871115 -0.098295825
800191 191.000000 17758100000191000 0.090951726 0.100376194 -0.009212127 -0.110921423
800192 192.000000 17758100000192000 0.091556720 0.100536092 -0.018082266 -0.086891309
800193 193.000000 17758100000193000 0.092294864 0.100134473 -0.018700306 -0.041254504
800194 194.000000 17758100000194000 0.093154527 0.100302254 -0.022989634 -0.070758750
800195 195.000000 17758100000195000 0.094122149 0.100552125 -0.021561594 -0.068864298
800196 196.000000 17758100000196000 0.095182464 0.100114709 -0.031319433 -0.054908224
800197 197.000000 17758100000197000 0.096318752 0.099844898 -0.029699672 -0.061560435
800198 198.000000 17758100000198000 0.097513102 0.100274202 -0.032094844 -0.047471943
800199 199.000000 17758100000199000 0.098746665 0.100302931 -0.038674540 -0.001305524
800200 200.000000 17758100000200000 0.100000001 0.100154473 -0.038479294 0.027778533
800201 201.000000 17758100000201000 0.101253331 0.100038505 -0.036129608 -0.022460591
800202 202.000000 17758100000202000 0.102486901 0.100323443 -0.042637424 0.023217539
800203 203.000000 17758100000203000 0.103681244 0.100301145 -0.034825552 0.058340657
800204 204.000000 17758100000204000 0.104817539 0.099937137 -0.032609390 0.073858256
800205 205.000000 17758100000205000 0.105877854 0.100009770 -0.025407993 0.047790141
800206 206.000000 17758100000206000 0.106845468 0.099964033 -0.027317289 0.052093626
800207 207.000000 17758100000207000 0.107705131 0.099862530 -0.023588597 0.109625612
800208 208.000000 17758100000208000 0.108443283 0.099798558 -0.014732934 0.127239833
800209 209.000000 17758100000209000 0.109048270 0.099870186 -0.029563796 0.040529538
800210 210.000000 17758100000210000 0.109510563 0.099877723 -0.011460150 0.122732700
800211 211.000000 17758100000211000 0.109822869 0.099917269 0.000782579 0.113216122
800212 212.000000 17758100000212000 0.109980270 0.099803095 -0.008489745 0.110303091
800213 213.000000 17758100000213000 0.109980270 0.099644822 -0.002517687 0.098428249
800214 214.000000 17758100000214000 0.109822869 0.100074178 -0.002439987 0.154479387
800215 215.000000 17758100000215000 0.109510563 0.099573704 0.017699352 0.101778622
800216 216.000000 17758100000216000 0.109048270 0.099945046 0.015717278 0.088687658
800217 217.000000 17758100000217000 0.108443283 0.099936460 0.012512527 0.073037560
800218 218.000000 17758100000218000 0.107705131 0.099868618 0.013719039 0.058663501
800219 219.000000 17758100000219000 0.106845468 0.100020699 0.012974497 0.096391201
800220 220.000000 17758100000220000 0.105877854 0.099966272 0.023323750 0.045872125
800221 221.000000 17758100000221000 0.104817539 0.099751480 0.022699284 0.044705430
800222 222.000000 17758100000222000 0.103681244 0.100252040 0.025702717 0.036865156
800223 223.000000 17758100000223000 0.102486901 0.099926218 0.024021622 0.029958962
800224 224.000000 17758100000224000 0.101253331 0.100122274 0.028453591 0.021607452
800225 225.000000 17758100000225000 0.100000001 0.100151813 0.024434488 0.013446668
800226 226.000000 17758100000226000 0.098746665 0.099918112 0.027289386 0.005501580
800227 227.000000 17758100000227000 0.097513102 0.099715728 0.024560277 -0.021091330
800228 228.000000 17758100000228000 0.096318752 0.100595789 0.031230584 -0.054231750
800229 229.000000 17758100000229000 0.095182464 0.100085377 0.023225696 -0.060930380
800230 230.000000 17758100000230000 0.094122149 0.100112359 0.022295454 -0.059289686
800231 231.000000 17758100000231000 0.093154527 0.100252534 0.015417755 -0.050958474
800232 232.000000 17758100000232000 0.092294864 0.100042417 0.017461069 -0.081728408
800233 233.000000 17758100000233000 0.091556720 0.100122360 0.014668705 -0.135267316
800234 234.000000 17758100000234000 0.090951726 0.100070674 0.013072538 -0.109603596
800235 235.000000 17758100000235000 0.090489432 0.100538259 0.012896411 -0.108702409
800236 236.000000 17758100000236000 0.090177126 0.100070053 0.005644653 -0.074453576
800237 237.000000 17758100000237000 0.090019733 0.100008533 0.002852648 -0.119772953
800238 238.000000 17758100000238000 0.090019733 0.100278116 0.006466657 -0.109414330
800239 239.000000 17758100000239000 0.090177126 0.100247198 -0.006257430 -0.102025100
800240 240.000000 17758100000240000 0.090489432 0.100156331 -0.011104630 -0.081476376
800241 241.000000 17758100000241000 0.090951726 0.100590824 -0.016697647 -0.110071529
800242 242.000000 17758100000242000 0.091556720 0.100091805 -0.011786833 -0.085781591
800243 243.000000 17758100000243000 0.092294864 0.099897311 -0.017254600 -0.094401499
800244 244.000000 17758100000244000 0.093154527 0.100197887 -0.026464811 -0.072784562
800245 245.000000 17758100000245000 0.094122149 0.100391369 -0.022530480 -0.048812893
800246 246.000000 17758100000246000 0.095182464 0.099992006 -0.022890179 -0.037344048
800247 247.000000 17758100000247000 0.096318752 0.099868906 -0.040294594 -0.062678312
800248 248.000000 17758100000248000 0.097513102 0.099954849 -0.035419792 -0.013161403
800249 249.000000 17758100000249000 0.098746665 0.099370555 -0.021342997 -0.033904654
800250 250.000000 17758100000250000 0.100000001 0.100292380 -0.037146162 -0.011452261
800251 251.000000 17758100000251000 0.101253331 0.099760274 -0.030268041 0.054203681
800252 252.000000 17758100000252000 0.102486901 0.100394889 -0.036620089 0.033369667
800253 253.000000 17758100000253000 0.103681244 0.100009484 -0.031564369 0.057552943
800254 254.000000 17758100000254000 0.104817539 0.100326001 -0.035694528 0.044662860
800255 255.000000 17758100000255000 0.105877854 0.100075351 -0.030428095 0.087852681
800256 256.000000 17758100000256000 0.106845468 0.099928450 -0.025689321 0.074772104
800257 257.000000 17758100000257000 0.107705131 0.099593183 -0.032251530 0.076704197
800258 258.000000 17758100000258000 0.108443283 0.099594542 -0.014271955 0.105779252
800259 259.000000 17758100000259000 0.109048270 0.099484094 -0.007894582 0.131713610
800260 260.000000 17758100000260000 0.109510563 0.099376259 -0.008746276 0.118148194
800261 261.000000 17758100000261000 0.109822869 0.099687709 -0.005411528 0.125374421
800262 262.000000 17758100000262000 0.109980270 0.099768236 0.007081554 0.126591738
800263 263.000000 17758100000263000 0.109980270 0.099856495 -0.000963154 0.127446769
800264 264.000000 17758100000264000 0.109822869 0.099760215 0.003577036 0.114116996
800265 265.000000 17758100000265000 0.109510563 0.100137407 0.006937497 0.092182396
800266 266.000000 17758100000266000 0.109048270 0.099483913 0.009881172 0.080142017
800267 267.000000 17758100000267000 0.108443283 0.099774036 0.014995816 0.095618579
800268 268.000000 17758100000268000 0.107705131 0.099645255 0.023883426 0.111130038
800269 269.000000 17758100000269000 0.106845468 0.099513047 0.024881565 0.093185305
800270 270.000000 17758100000270000 0.105877854 0.099903886 0.025825267 0.063403271
800271 271.000000 17758100000271000 0.104817539 0.100112618 0.030456027 0.066560664
800272 272.000000 17758100000272000 0.103681244 0.100403699 0.030256379 0.031430321
800273 273.000000 17758100000273000 0.102486901 0.099580128 0.042649964 0.022940916
800274 274.000000 17758100000274000 0.101253331 0.099866789 0.029096396 -0.003481993
800275 275.000000 17758100000275000 0.100000001 0.099886402 0.034270128 -0.015169875
800276 276.000000 17758100000276000 0.098746665 0.100101140 0.027633640 -0.019965597
800277 277.000000 17758100000277000 0.097513102 0.100089698 0.034384593 -0.034366946
800278 278.000000 17758100000278000 0.096318752 0.100099168 0.024724105 -0.047677791
800279 279.000000 17758100000279000 0.095182464 0.100042018 0.026535683 -0.015556715
800280 280.000000 17758100000280000 0.094122149 0.100677224 0.030806247 -0.048600318
800281 281.000000 17758100000281000 0.093154527 0.100282619 0.032140539 -0.058764296
800282 282.000000 17758100000282000 0.092294864 0.100285341 0.021137610 -0.072996798
800283 283.000000 17758100000283000 0.091556720 0.100522680 0.011210399 -0.067879127
800284 284.000000 17758100000284000 0.090951726 0.100433155 0.009078513 -0.057683365
800285 285.000000 17758100000285000 0.090489432 0.099997421 0.005867294 -0.107696159
800286 286.000000 17758100000286000 0.090177126 0.100163798 0.015750569 -0.118325040
800287 287.000000 17758100000287000 0.090019733 0.100222997 0.014230659 -0.095683457
800288 288.000000 17758100000288000 0.090019733 0.100370185 -0.008447133 -0.114207953
800289 289.000000 17758100000289000 0.090177126 0.100246887 -0.005796636 -0.093551653
800290 290.000000 17758100000290000 0.090489432 0.099947782 -0.009047649 -0.084495500
800291 291.000000 17758100000291000 0.090951726 0.100218455 -0.022266104 -0.087838096
800292 292.000000 17758100000292000 0.091556720 0.100059544 -0.012001300 -0.131445290
800293 293.000000 17758100000293000 0.092294864 0.100347479 -0.016958341 -0.104774104
800294 294.000000 17758100000294000 0.093154527 0.100249608 -0.034106013 -0.080953164
800295 295.000000 17758100000295000 0.094122149 0.100693863 -0.022391148 -0.080669388
800296 296.000000 17758100000296000 0.095182464 0.100368203 -0.042837565 -0.099339951
800297 297.000000 17758100000297000 0.096318752 0.100231397 -0.029341501 -0.051180951
800298 298.000000 17758100000298000 0.097513102 0.099986541 -0.027890522 -0.051221543
800299 299.000000 17758100000299000 0.098746665 0.100075871 -0.033385305 -0.012599052
800300 300.000000 17758100000300000 0.100000001 0.100429171 -0.027282135 -0.013832340
800301 301.000000 17758100000301000 0.101253331 0.100037971 -0.026442215 0.029911555
800302 302.000000 17758100000302000 0.102486901 0.099912039 -0.024686831 0.011253447
800303 303.000000 17758100000303000 0.103681244 0.099658658 -0.033125006 0.042384108
800304 304.000000 17758100000304000 0.104817539 0.099848755 -0.033059375 0.056206397
800305 305.000000 17758100000305000 0.105877854 0.099424371 -0.032741255 0.036912875
800306 306.000000 17758100000306000 0.106845468 0.099872260 -0.021382567 0.096109074
800307 307.000000 17758100000307000 0.107705131 0.099482729 -0.030996128 0.099021793
800308 308.000000 17758100000308000 0.108443283 0.099478911 -0.003875632 0.149860642
800309 309.000000 17758100000309000 0.109048270 0.099826388 -0.009399166 0.111801241
800310 310.000000 17758100000310000 0.109510563 0.100229225 -0.009635490 0.090425984
800311 311.000000 17758100000311000 0.109822869 0.099917241 -0.001284878 0.118785677
800312 312.000000 17758100000312000 0.109980270 0.099837541 -0.000921244 0.076143832
800313 313.000000 17758100000313000 0.109980270 0.099537760 0.000499766 0.086050380
800314 314.000000 17758100000314000 0.109822869 0.099735624 0.005218366 0.102564574
800315 315.000000 17758100000315000 0.109510563 0.099747916 0.003397407 0.129011419
800316 316.000000 17758100000316000 0.109048270 0.099979605 0.016366067 0.108234745
800317 317.000000 17758100000317000 0.108443283 0.099775660 0.025004355 0.093243834
800318 318.000000 17758100000318000 0.107705131 0.099590267 0.007744157 0.096072362
800319 319.000000 17758100000319000 0.106845468 0.099763051 0.027420257 0.103792091
800320 320.000000 17758100000320000 0.105877854 0.099806401 0.014175236 0.053237667
800321 321.000000 17758100000321000 0.104817539 0.099885082 0.029801798 0.036562049
800322 322.000000 17758100000322000 0.103681244 0.099855138 0.027539871 0.069339841
800323 323.000000 17758100000323000 0.102486901 0.100172816 0.031223665 0.035310681
800324 324.000000 17758100000324000 0.101253331 0.099823854 0.030251856 -0.019562507
800325 325.000000 17758100000325000 0.100000001 0.099994362 0.025499135 0.023233078
800326 326.000000 17758100000326000 0.098746665 0.100278408 0.030365549 0.007744335
800327 327.000000 17758100000327000 0.097513102 0.099863319 0.034413260 -0.021286391
800328 328.000000 17758100000328000 0.096318752 0.099888708 0.031149351 -0.016820508
800329 329.000000 17758100000329000 0.095182464 0.099877489 0.023368149 -0.038656053
800330 330.000000 17758100000330000 0.094122149 0.100064394 0.026350741 -0.051172155
800331 331.000000 17758100000331000 0.093154527 0.099923479 0.028542727 -0.101392902
800332 332.000000 17758100000332000 0.092294864 0.100111169 0.026717594 -0.054591363
800333 333.000000 17758100000333000 0.091556720 0.099978678 0.020728411 -0.074353098
800334 334.000000 17758100000334000 0.090951726 0.100228301 0.017718788 -0.103973576
800335 335.000000 17758100000335000 0.090489432 0.100121421 0.005987354 -0.113368160
800336 336.000000 17758100000336000 0.090177126 0.100005318 0.009001121 -0.121454858
800337 337.000000 17758100000337000 0.090019733 0.100311842 0.005060070 -0.096222586
800338 338.000000 17758100000338000 0.090019733 0.100342344 -0.004509451 -0.120356433
800339 339.000000 17758100000339000 0.090177126 0.100377400 -0.007180379 -0.107799472
800340 340.000000 17758100000340000 0.090489432 0.100221766 -0.016247256 -0.087792752
800341 341.000000 17758100000341000 0.090951726 0.100232250 0.000484220 -0.084427624
800342 342.000000 17758100000342000 0.091556720 0.100368920 -0.009061575 -0.073629435
800343 343.000000 17758100000343000 0.092294864 0.099767387 -0.013587468 -0.035746313
800344 344.000000 17758100000344000 0.093154527 0.100293054 -0.021127197 -0.102585609
800345 345.000000 17758100000345000 0.094122149 0.100019988 -0.022380516 -0.047930332
800346 346.000000 17758100000346000 0.095182464 0.099879967 -0.021545808 -0.035156441
800347 347.000000 17758100000347000 0.096318752 0.100138408 -0.024475180 -0.022205583
800348 348.000000 17758100000348000 0.097513102 0.100097412 -0.016480873 -0.045742731
800349 349.000000 17758100000349000 0.098746665 0.100037594 -0.031981821 -0.000374728
800350 350.000000 17758100000350000 0.100000001 0.099938022 -0.035985030 -0.005418554
800351 351.000000 17758100000351000 0.101253331 0.099863386 -0.024743967 0.008865328
800352 352.000000 17758100000352000 0.102486901 0.099950300 -0.036016363 0.029337809
800353 353.000000 17758100000353000 0.103681244 0.099850577 -0.029741454 0.060043443
800354 354.000000 17758100000354000 0.104817539 0.099627741 -0.019147175 0.026258720
800355 355.000000 17758100000355000 0.105877854 0.099697312 -0.025014572 0.053709290
800356 356.000000 17758100000356000 0.106845468 0.100106834 -0.035750084 0.078216611
800357 357.000000 17758100000357000 0.107705131 0.099951086 -0.015098936 0.075778438
800358 358.000000 17758100000358000 0.108443283 0.099778731 -0.018882599 0.086372282
800359 359.000000 17758100000359000 0.109048270 0.099919524 -0.012796898 0.109678114
800360 360.000000 17758100000360000 0.109510563 0.099818574 -0.013289772 0.110123232
800361 361.000000 17758100000361000 0.109822869 0.099771514 -0.013987830 0.114659200
800362 362.000000 17758100000362000 0.109980270 0.099390539 0.000964092 0.094786735
800363 363.000000 17758100000363000 0.109980270 0.099996665 -0.002336508 0.120919466
800364 364.000000 17758100000364000 0.109822869 0.099804531 0.006928489 0.118316439
800365 365.000000 17758100000365000 0.109510563 0.099341473 0.009409788 0.118670149
800366 366.000000 17758100000366000 0.109048270 0.100021156 0.014141646 0.114064732
800367 367.000000 17758100000367000 0.108443283 0.099887689 0.011325395 0.072373364
800368 368.000000 17758100000368000 0.107705131 0.099732016 0.018195174 0.052844780
800369 369.000000 17758100000369000 0.106845468 0.100092076 0.020536971 0.101528000
800370 370.000000 17758100000370000 0.105877854 0.099917298 0.028230030 0.073881916
800371 371.000000 17758100000371000 0.104817539 0.099461838 0.028964078 0.057317863
800372 372.000000 17758100000372000 0.103681244 0.099826106 0.033353462 0.015558765
800373 373.000000 17758100000373000 0.102486901 0.099717558 0.027233697 0.036391420
800374 374.000000 17758100000374000 0.101253331 0.099962565 0.040530852 -0.002293206
800375 375.000000 17758100000375000 0.100000001 0.099739261 0.040284670 0.001052472
800376 376.000000 17758100000376000 0.098746665 0.100248773 0.033781723 -0.007365880
800377 377.000000 17758100000377000 0.097513102 0.100198361 0.037248908 -0.051575706
800378 378.000000 17758100000378000 0.096318752 0.100509334 0.028028146 -0.079146680
800379 379.000000 17758100000379000 0.095182464 0.100327686 0.020428182 -0.041700398
800380 380.000000 17758100000380000 0.094122149 0.100263426 0.028849428 -0.061966377
800381 381.000000 17758100000381000 0.093154527 0.100127168 0.020766527 -0.035353919
800382 382.000000 17758100000382000 0.092294864 0.099882414 0.023088816 -0.085739300
800383 383.000000 17758100000383000 0.091556720 0.100329522 0.020077265 -0.099210655
800384 384.000000 17758100000384000 0.090951726 0.100081685 0.017886164 -0.092092082
800385 385.000000 17758100000385000 0.090489432 0.100151592 0.004477760 -0.093068719
800386 386.000000 17758100000386000 0.090177126 0.099903483 0.005380487 -0.088255321
800387 387.000000 17758100000387000 0.090019733 0.100343334 0.007418583 -0.104564278
800388 388.000000 17758100000388000 0.090019733 0.100153162 0.001906615 -0.118806941
800389 389.000000 17758100000389000 0.090177126 0.100040644 0.002886358 -0.132655374
800390 390.000000 17758100000390000 0.090489432 0.100448402 0.002094064 -0.137081671
800391 391.000000 17758100000391000 0.090951726 0.099932114 -0.005311894 -0.108626065
800392 392.000000 17758100000392000 0.091556720 0.100444880 -0.015851262 -0.083536043
800393 393.000000 17758100000393000 0.092294864 0.100365429 -0.012638729 -0.115395901
800394 394.000000 17758100000394000 0.093154527 0.099929621 -0.019918920 -0.087890617
800395 395.000000 17758100000395000 0.094122149 0.100156451 -0.032998637 -0.082847893
800396 396.000000 17758100000396000 0.095182464 0.100145686 -0.031828211 -0.035535227
800397 397.000000 17758100000397000 0.096318752 0.099945794 -0.025025802 -0.025905065
800398 398.000000 17758100000398000 0.097513102 0.100015182 -0.024307256 -0.037565286
800399 399.000000 17758100000399000 0.098746665 0.099909809 -0.024196576 -0.053206620
800400 400.000000 17758100000400000 0.100000001 0.100124879 -0.028350777 0.001433778
800401 401.000000 17758100000401000 0.101253331 0.100457999 -0.024940298 0.011457324
800402 402.000000 17758100000402000 0.102486901 0.099680428 -0.030116017 0.022167078
800403 403.000000 17758100000403000 0.103681244 0.099684508 -0.026746539 0.033054052
800404 404.000000 17758100000404000 0.104817539 0.099792352 -0.031612883 0.063418784
800405 405.000000 17758100000405000 0.105877854 0.099960506 -0.023528409 0.067429287
800406 406.000000 17758100000406000 0.106845468 0.099697025 -0.023512594 0.038685801
800407 407.000000 17758100000407000 0.107705131 0.099732161 -0.024547154 0.032069721
800408 408.000000 17758100000408000 0.108443283 0.100057527 -0.019421428 0.101545318
800409 409.000000 17758100000409000 0.109048270 0.099832953 -0.019838197 0.104958227
800410 410.000000 17758100000410000 0.109510563 0.099872374 -0.011509633 0.110160471
800411 411.000000 17758100000411000 0.109822869 0.099725893 -0.000454744 0.111193199
800412 412.000000 17758100000412000 0.109980270 0.099716590 -0.001456815 0.109504426
800413 413.000000 17758100000413000 0.109980270 0.099678108 0.001368707 0.126293050
800414 414.000000 17758100000414000 0.109822869 0.099882092 0.001433043 0.117721988
800415 415.000000 17758100000415000 0.109510563 0.100250542 0.009191375 0.126307912
800416 416.000000 17758100000416000 0.109048270 0.100024478 0.012224891 0.080860628
800417 417.000000 17758100000417000 0.108443283 0.099833177 0.007329908 0.102865358
800418 418.000000 17758100000418000 0.107705131 0.100000047 0.016538423 0.070972746
800419 419.000000 17758100000419000 0.106845468 0.099417229 0.031272597 0.084676040
800420 420.000000 17758100000420000 0.105877854 0.099926530 0.021436138 0.048876560
800421 421.000000 17758100000421000 0.104817539 0.099853002 0.023532950 0.039760046
800422 422.000000 17758100000422000 0.103681244 0.099482489 0.022059908 0.026283527
800423 423.000000 17758100000423000 0.102486901 0.099919990 0.036765810 -0.025611119
800424 424.000000 17758100000424000 0.101253331 0.100086033 0.028045787 -0.025684300
800425 425.000000 17758100000425000 0.100000001 0.099787959 0.020911898 0.028743487
800426 426.000000 17758100000426000 0.098746665 0.099989897 0.034765955 0.012950766
800427 427.000000 17758100000427000 0.097513102 0.100252653 0.030623151 -0.043312202
800428 428.000000 17758100000428000 0.096318752 0.100134802 0.035214229 -0.030595060
800429 429.000000 17758100000429000 0.095182464 0.100085773 0.019188024 -0.047629240
800430 430.000000 17758100000430000 0.094122149 0.099865799 0.025037019 -0.060561290
800431 431.000000 17758100000431000 0.093154527 0.099926262 0.023814368 -0.126884305
800432 432.000000 17758100000432000 0.092294864 0.100192438 0.024660307 -0.092133112
800433 433.000000 17758100000433000 0.091556720 0.100109090 0.012577965 -0.110609416
800434 434.000000 17758100000434000 0.090951726 0.099998558 0.011771259 -0.120308053
800435 435.000000 17758100000435000 0.090489432 0.100466977 0.018660936 -0.080934785
800436 436.000000 17758100000436000 0.090177126 0.100374717 0.007377476 -0.105697376
800437 437.000000 17758100000437000 0.090019733 0.100313484 0.006075069 -0.100867487
800438 438.000000 17758100000438000 0.090019733 0.100081680 0.003938067 -0.118940088
800439 439.000000 17758100000439000 0.090177126 0.100012426 -0.006304085 -0.071914718
800440 440.000000 17758100000440000 0.090489432 0.100289115 -0.010965860 -0.098953004
800441 441.000000 17758100000441000 0.090951726 0.100229549 -0.013200068 -0.087277686
800442 442.000000 17758100000442000 0.091556720 0.100536243 -0.010316815 -0.069553360
800443 443.000000 17758100000443000 0.092294864 0.100005250 -0.016709876 -0.083062008
800444 444.000000 17758100000444000 0.093154527 0.100096636 -0.028948705 -0.078204222
800445 445.000000 17758100000445000 0.094122149 0.100174274 -0.026105090 -0.099312186
800446 446.000000 17758100000446000 0.095182464 0.100245857 -0.020415198 -0.056369377
800447 447.000000 17758100000447000 0.096318752 0.100096876 -0.024679376 -0.027430801
800448 448.000000 17758100000448000 0.097513102 0.100283529 -0.033973178 -0.039720885
800449 449.000000 17758100000449000 0.098746665 0.099771827 -0.032602403 -0.013232753
800450 450.000000 17758100000450000 0.100000001 0.099931138 -0.035084295 -0.019057924
800451 451.000000 17758100000451000 0.101253331 0.100409139 -0.036664717 0.017552370
800452 452.000000 17758100000452000 0.102486901 0.099794407 -0.021889336 0.049124951
800453 453.000000 17758100000453000 0.103681244 0.100001097 -0.032652055 0.026820334
800454 454.000000 17758100000454000 0.104817539 0.099992826 -0.030273256 0.106737518
800455 455.000000 17758100000455000 0.105877854 0.099915847 -0.022399125 0.044045112
800456 456.000000 17758100000456000 0.106845468 0.099917646 -0.024030783 0.088391332
800457 457.000000 17758100000457000 0.107705131 0.099646246 -0.027300969 0.049213066
800458 458.000000 17758100000458000 0.108443283 0.099647603 -0.013079480 0.058220046
800459 459.000000 17758100000459000 0.109048270 0.099600460 -0.020082154 0.080989935
800460 460.000000 17758100000460000 0.109510563 0.099724813 -0.020501006 0.110708278
800461 461.000000 17758100000461000 0.109822869 0.099961164 -0.004473692 0.092903839
800462 462.000000 17758100000462000 0.109980270 0.099739623 -0.001102357 0.145680997
800463 463.000000 17758100000463000 0.109980270 0.099797960 0.000093708 0.154194133
800464 464.000000 17758100000464000 0.109822869 0.099942442 0.001324146 0.131999835
800465 465.000000 17758100000465000 0.109510563 0.099279384 0.013542455 0.105623865
800466 466.000000 17758100000466000 0.109048270 0.099627798 0.007421514 0.097653864
800467 467.000000 17758100000467000 0.108443283 0.099799291 0.010487307 0.115239779
800468 468.000000 17758100000468000 0.107705131 0.100139208 0.019115687 0.125649558
800469 469.000000 17758100000469000 0.106845468 0.100328168 0.019121829 0.069231151
800470 470.000000 17758100000470000 0.105877854 0.099979366 0.023335567 0.051970061
800471 471.000000 17758100000471000 0.104817539 0.099831334 0.020260591 0.050169837
800472 472.000000 17758100000472000 0.103681244 0.100206975 0.035412679 0.030565981
800473 473.000000 17758100000473000 0.102486901 0.099978297 0.033226437 0.056480241
800474 474.000000 17758100000474000 0.101253331 0.099999125 0.036187435 -0.002812228
800475 475.000000 17758100000475000 0.100000001 0.099952092 0.031141885 0.018815867
800476 476.000000 17758100000476000 0.098746665 0.099905430 0.031708091 -0.052056876
800477 477.000000 17758100000477000 0.097513102 0.100275938 0.030199699 -0.023244766
800478 478.000000 17758100000478000 0.096318752 0.099683255 0.027116111 -0.037054014
800479 479.000000 17758100000479000 0.095182464 0.100363356 0.024745302 -0.027019311
800480 480.000000 17758100000480000 0.094122149 0.100161193 0.023825441 -0.103187716
800481 481.000000 17758100000481000 0.093154527 0.099907484 0.021541399 -0.088350630
800482 482.000000 17758100000482000 0.092294864 0.099898662 0.013776075 -0.081139906
800483 483.000000 17758100000483000 0.091556720 0.099972480 0.013893031 -0.070721031
800484 484.000000 17758100000484000 0.090951726 0.100059451 0.018974850 -0.086933258
800485 485.000000 17758100000485000 0.090489432 0.100291840 0.016511099 -0.120181777
800486 486.000000 17758100000486000 0.090177126 0.100356643 0.007694608 -0.124226476
800487 487.000000 17758100000487000 0.090019733 0.100222478 0.007515213 -0.094872824
800488 488.000000 17758100000488000 0.090019733 0.100449849 0.005676079 -0.113018830
800489 489.000000 17758100000489000 0.090177126 0.100407187 -0.009748892 -0.129211712
800490 490.000000 17758100000490000 0.090489432 0.100074392 -0.014350891 -0.110667202
800491 491.000000 17758100000491000 0.090951726 0.100304816 -0.006855702 -0.083584949
800492 492.000000 17758100000492000 0.091556720 0.100138037 -0.017197710 -0.108908561
800493 493.000000 17758100000493000 0.092294864 0.100241456 -0.018106215 -0.051438580
800494 494.000000 17758100000494000 0.093154527 0.100184902 -0.025237855 -0.083353354
800495 495.000000 17758100000495000 0.094122149 0.099954626 -0.013583884 -0.062799145
800496 496.000000 17758100000496000 0.095182464 0.100181783 -0.026714070 -0.081600664
800497 497.000000 17758100000497000 0.096318752 0.100127533 -0.034075377 -0.049704331
800498 498.000000 17758100000498000 0.097513102 0.100318940 -0.025801443 -0.051415657
800499 499.000000 17758100000499000 0.098746665 0.100014104 -0.036248877 -0.022029723
800500 500.000000 17758100000500000 0.100000001 0.100234375 -0.031952265 0.018983422
800501 501.000000 17758100000501000 0.101253331 0.099987333 -0.021365126 0.040741559
800502 502.000000 17758100000502000 0.102486901 0.100107228 -0.025609291 0.019366058
800503 503.000000 17758100000503000 0.103681244 0.099839217 -0.035701733 0.019575414
800504 504.000000 17758100000504000 0.104817539 0.099987397 -0.021664478 0.049282614
800505 505.000000 17758100000505000 0.105877854 0.099858589 -0.025526341 0.068084431
800506 506.000000 17758100000506000 0.106845468 0.100053842 -0.024997222 0.075212153
800507 507.000000 17758100000507000 0.107705131 0.099315304 -0.026244661 0.087980395
800508 508.000000 17758100000508000 0.108443283 0.099864984 -0.015529923 0.077435104
800509 509.000000 17758100000509000 0.109048270 0.099767923 -0.015224811 0.105752725
800510 510.000000 17758100000510000 0.109510563 0.099829247 -0.013873147 0.110142038
800511 511.000000 17758100000511000 0.109822869 0.099413399 -0.003533417 0.147285654
800512 512.000000 17758100000512000 0.109980270 0.099609026 -0.004128581 0.136677082
800513 513.000000 17758100000513000 0.109980270 0.099672017 0.010290521 0.102543472
800514 514.000000 17758100000514000 0.109822869 0.099803509 0.002999895 0.116362043
800515 515.000000 17758100000515000 0.109510563 0.099564679 0.006720983 0.116675348
800516 516.000000 17758100000516000 0.109048270 0.099701145 0.011659212 0.117573340
800517 517.000000 17758100000517000 0.108443283 0.099728659 0.004502291 0.110456167
800518 518.000000 17758100000518000 0.107705131 0.099663874 0.023675943 0.084304257
800519 519.000000 17758100000519000 0.106845468 0.100078796 0.016546928 0.055750232
800520 520.000000 17758100000520000 0.105877854 0.100043406 0.018056824 0.082761944
800521 521.000000 17758100000521000 0.104817539 0.099955679 0.029013263 0.062178462
800522 522.000000 17758100000522000 0.103681244 0.100285031 0.029654819 0.058167591
800523 523.000000 17758100000523000 0.102486901 0.100103301 0.020783665 0.012273884
800524 524.000000 17758100000524000 0.101253331 0.099839022 0.020829011 0.020747985
800525 525.000000 17758100000525000 0.100000001 0.099639185 0.030888481 -0.022059800
800526 526.000000 17758100000526000 0.098746665 0.100057534 0.030553073 0.011096485
800527 527.000000 17758100000527000 0.097513102 0.099921062 0.034866972 -0.021490860
800528 528.000000 17758100000528000 0.096318752 0.100149183 0.029713389 -0.053435198
800529 529.000000 17758100000529000 0.095182464 0.100414755 0.024262480 -0.042571706
800530 530.000000 17758100000530000 0.094122149 0.100345944 0.027405473 -0.036709580
800531 531.000000 17758100000531000 0.093154527 0.100172523 0.032257588 -0.058224380
800532 532.000000 17758100000532000 0.092294864 0.099856434 0.010562654 -0.049410913
800533 533.000000 17758100000533000 0.091556720 0.100076165 0.012304958 -0.089336517
800534 534.000000 17758100000534000 0.090951726 0.100115339 0.019673372 -0.090400842
800535 535.000000 17758100000535000 0.090489432 0.100242819 0.019927132 -0.116636653
800536 536.000000 17758100000536000 0.090177126 0.100201193 0.009642333 -0.120551496
800537 537.000000 17758100000537000 0.090019733 0.100115661 0.000403176 -0.103963919
800538 538.000000 17758100000538000 0.090019733 0.100386492 0.001989779 -0.119512483
800539 539.000000 17758100000539000 0.090177126 0.100733726 -0.000730078 -0.121187878
800540 540.000000 17758100000540000 0.090489432 0.100224743 -0.006236409 -0.106489643
800541 541.000000 17758100000541000 0.090951726 0.100158415 -0.007648530 -0.062512169
800542 542.000000 17758100000542000 0.091556720 0.100026901 -0.022218214 -0.078071123
800543 543.000000 17758100000543000 0.092294864 0.100059395 -0.018512894 -0.107786143
800544 544.000000 17758100000544000 0.093154527 0.100201662 -0.026477472 -0.075770633
800545 545.000000 17758100000545000 0.094122149 0.100331958 -0.026127620 -0.051820326
800546 546.000000 17758100000546000 0.095182464 0.100325109 -0.024122707 -0.050137723
800547 547.000000 17758100000547000 0.096318752 0.100333754 -0.029755792 -0.043244011
800548 548.000000 17758100000548000 0.097513102 0.099724835 -0.025645441 -0.009161700
800549 549.000000 17758100000549000 0.098746665 0.099675379 -0.027543312 -0.019554113
800550 550.000000 17758100000550000 0.100000001 0.099856177 -0.026326448 -0.012947736
800551 551.000000 17758100000551000 0.101253331 0.099934313 -0.027349321 -0.001986786
800552 552.000000 17758100000552000 0.102486901 0.099940688 -0.025289513 0.047700156
800553 553.000000 17758100000553000 0.103681244 0.100117789 -0.027412243 -0.003432771
800554 554.000000 17758100000554000 0.104817539 0.099970766 -0.033447635 0.076952130
800555 555.000000 17758100000555000 0.105877854 0.100106189 -0.019758187 0.071285269
800556 556.000000 17758100000556000 0.106845468 0.099812074 -0.031867451 0.090703080
800557 557.000000 17758100000557000 0.107705131 0.099953855 -0.021555392 0.088536504
800558 558.000000 17758100000558000 0.108443283 0.099370243 -0.019264092 0.079045460
800559 559.000000 17758100000559000 0.109048270 0.099788480 -0.014540843 0.104860344
800560 560.000000 17758100000560000 0.109510563 0.099820388 -0.014970597 0.101750950
800561 561.000000 17758100000561000 0.109822869 0.099717630 -0.015201224 0.090379964
800562 562.000000 17758100000562000 0.109980270 0.099687816 -0.003785073 0.078364613
800563 563.000000 17758100000563000 0.109980270 0.099541925 -0.002642002 0.130296235
800564 564.000000 17758100000564000 0.109822869 0.100051340 0.001660447 0.119657454
800565 565.000000 17758100000565000 0.109510563 0.099867561 0.012806288 0.122781153
800566 566.000000 17758100000566000 0.109048270 0.099513285 0.013766481 0.115289736
800567 567.000000 17758100000567000 0.108443283 0.099988946 0.014151986 0.084793930
800568 568.000000 17758100000568000 0.107705131 0.099993680 0.013961829 0.080937878
800569 569.000000 17758100000569000 0.106845468 0.100022837 0.022420000 0.075404945
800570 570.000000 17758100000570000 0.105877854 0.100006846 0.029332795 0.042585325
800571 571.000000 17758100000571000 0.104817539 0.099790886 0.027266680 0.043028569
800572 572.000000 17758100000572000 0.103681244 0.099476049 0.028462485 0.086122578
800573 573.000000 17758100000573000 0.102486901 0.099969560 0.025765143 0.006686514
800574 574.000000 17758100000574000 0.101253331 0.099863688 0.029068040 -0.006990972
800575 575.000000 17758100000575000 0.100000001 0.099943678 0.034603389 0.008265680
800576 576.000000 17758100000576000 0.098746665 0.100407550 0.029578590 -0.021610703
800577 577.000000 17758100000577000 0.097513102 0.099964079 0.030639047 0.004670696
800578 578.000000 17758100000578000 0.096318752 0.100517268 0.032853785 -0.024115079
800579 579.000000 17758100000579000 0.095182464 0.100173860 0.025264139 -0.009019746
800580 580.000000 17758100000580000 0.094122149 0.099920262 0.028548982 -0.083786495
800581 581.000000 17758100000581000 0.093154527 0.100274567 0.030346893 -0.081729724
800582 582.000000 17758100000582000 0.092294864 0.100452156 0.028907285 -0.066274657
800583 583.000000 17758100000583000 0.091556720 0.100278374 0.017947396 -0.093013822
800584 584.000000 17758100000584000 0.090951726 0.100122069 0.014224501 -0.105753180
800585 585.000000 17758100000585000 0.090489432 0.100572832 0.010794311 -0.106687132
800586 586.000000 17758100000586000 0.090177126 0.100198121 0.005741178 -0.109511467
800587 587.000000 17758100000587000 0.090019733 0.100024987 0.008984708 -0.128107311
800588 588.000000 17758100000588000 0.090019733 0.100377847 0.000367373 -0.128648902
800589 589.000000 17758100000589000 0.090177126 0.100282418 -0.001751412 -0.113100941
800590 590.000000 17758100000590000 0.090489432 0.100269699 -0.007471897 -0.115852569
800591 591.000000 17758100000591000 0.090951726 0.100406905 -0.007222172 -0.108827231
800592 592.000000 17758100000592000 0.091556720 0.100368584 -0.013807987 -0.112486461
800593 593.000000 17758100000593000 0.092294864 0.100246261 -0.025621847 -0.083666647
800594 594.000000 17758100000594000 0.093154527 0.100136544 -0.024456864 -0.060728264
800595 595.000000 17758100000595000 0.094122149 0.100123375 -0.034011642 -0.067596153
800596 596.000000 17758100000596000 0.095182464 0.099950948 -0.022294177 -0.058330037
800597 597.000000 17758100000597000 0.096318752 0.100162869 -0.029523795 -0.051399541
800598 598.000000 17758100000598000 0.097513102 0.099854352 -0.021641051 -0.043155422
800599 599.000000 17758100000599000 0.098746665 0.099824734 -0.035517098 0.014671334
800600 600.000000 17758100000600000 0.100000001 0.100147386 -0.032803301 0.020389686
800601 601.000000 17758100000601000 0.101253331 0.099968069 -0.034636166 0.001915424
800602 602.000000 17758100000602000 0.102486901 0.099750302 -0.021974005 0.014505139
800603 603.000000 17758100000603000 0.103681244 0.100224001 -0.033180317 0.050723846
800604 604.000000 17758100000604000 0.104817539 0.100024428 -0.024379692 0.032012890
800605 605.000000 17758100000605000 0.105877854 0.100102334 -0.022848384 0.047368897
800606 606.000000 17758100000606000 0.106845468 0.099994985 -0.022878947 0.059255368
800607 607.000000 17758100000607000 0.107705131 0.099703887 -0.011467175 0.069320657
800608 608.000000 17758100000608000 0.108443283 0.100043889 -0.013939267 0.118783086
800609 609.000000 17758100000609000 0.109048270 0.099858487 -0.011809703 0.086081801
800610 610.000000 17758100000610000 0.109510563 0.099988074 -0.012444846 0.099060687
800611 611.000000 17758100000611000 0.109822869 0.099574030 -0.003410032 0.111433456
800612 612.000000 17758100000612000 0.109980270 0.099511736 -0.000735619 0.137446728
800613 613.000000 17758100000613000 0.109980270 0.099995979 0.000477338 0.089793241
800614 614.000000 17758100000614000 0.109822869 0.099872661 0.007495538 0.118193347
800615 615.000000 17758100000615000 0.109510563 0.099810599 0.004359115 0.128869768
800616 616.000000 17758100000616000 0.109048270 0.099967846 0.017210320 0.095659641
800617 617.000000 17758100000617000 0.108443283 0.099607064 0.018523150 0.060149856
800618 618.000000 17758100000618000 0.107705131 0.099991849 0.013297920 0.070820295
800619 619.000000 17758100000619000 0.106845468 0.099727434 0.018699544 0.089042199
800620 620.000000 17758100000620000 0.105877854 0.099944676 0.020692321 0.048134881
800621 621.000000 17758100000621000 0.104817539 0.099857834 0.025414981 0.033231014
800622 622.000000 17758100000622000 0.103681244 0.099988959 0.022671739 0.044188135
800623 623.000000 17758100000623000 0.102486901 0.099682135 0.029311625 0.019513479
800624 624.000000 17758100000624000 0.101253331 0.099936663 0.033995444 0.021201159
800625 625.000000 17758100000625000 0.100000001 0.099586118 0.029320414 0.007471050
800626 626.000000 17758100000626000 0.098746665 0.100334844 0.026844113 -0.030870847
800627 627.000000 17758100000627000 0.097513102 0.100236455 0.035043971 -0.016938463
800628 628.000000 17758100000628000 0.096318752 0.099922672 0.031188743 -0.043939971
800629 629.000000 17758100000629000 0.095182464 0.100133558 0.021580981 -0.053469881
800630 630.000000 17758100000630000 0.094122149 0.099843181 0.024769893 -0.073761044
800631 631.000000 17758100000631000 0.093154527 0.100419105 0.029631379 -0.066899614
800632 632.000000 17758100000632000 0.092294864 0.100342154 0.023288783 -0.078864940
800633 633.000000 17758100000633000 0.091556720 0.100220616 0.023841858 -0.108585517
800634 634.000000 17758100000634000 0.090951726 0.099943195 0.011809815 -0.090041958
800635 635.000000 17758100000635000 0.090489432 0.099875779 0.016267948 -0.097891440
800636 636.000000 17758100000636000 0.090177126 0.100343166 0.003370328 -0.137084617
800637 637.000000 17758100000637000 0.090019733 0.100301785 0.001427700 -0.179020175
800638 638.000000 17758100000638000 0.090019733 0.100170223 -0.004575242 -0.117053848
800639 639.000000 17758100000639000 0.090177126 0.100068705 -0.000178066 -0.115103794
800640 640.000000 17758100000640000 0.090489432 0.100424917 0.000164647 -0.091797739
800641 641.000000 17758100000641000 0.090951726 0.100405996 -0.017212020 -0.097179170
800642 642.000000 17758100000642000 0.091556720 0.100021803 -0.016251299 -0.110818745
800643 643.000000 17758100000643000 0.092294864 0.099855872 -0.012466376 -0.100929696
800644 644.000000 17758100000644000 0.093154527 0.099808189 -0.032569740 -0.051930985
800645 645.000000 17758100000645000 0.094122149 0.100289919 -0.026929048 -0.027272908
800646 646.000000 17758100000646000 0.095182464 0.100429733 -0.026689525 -0.035273186
800647 647.000000 17758100000647000 0.096318752 0.100290502 -0.022863939 -0.036155524
800648 648.000000 17758100000648000 0.097513102 0.099679950 -0.032617768 -0.049835141
800649 649.000000 17758100000649000 0.098746665 0.100094566 -0.033257990 0.010357808
800650 650.000000 17758100000650000 0.100000001 0.099709886 -0.029880656 0.004417584
800651 651.000000 17758100000651000 0.101253331 0.100111260 -0.041010147 0.015880928
800652 652.000000 17758100000652000 0.102486901 0.099857421 -0.027203286 0.006570371
800653 653.000000 17758100000653000 0.103681244 0.099411315 -0.034168073 0.014128669
800654 654.000000 17758100000654000 0.104817539 0.099917524 -0.029602771 0.028807263
800655 655.000000 17758100000655000 0.105877854 0.099755235 -0.030086233 0.062792081
800656 656.000000 17758100000656000 0.106845468 0.099909199 -0.028266860 0.061592936
800657 657.000000 17758100000657000 0.107705131 0.099597862 -0.020955354 0.063808344
800658 658.000000 17758100000658000 0.108443283 0.099796669 -0.017653613 0.111539444
800659 659.000000 17758100000659000 0.109048270 0.099813667 -0.019379353 0.132132381
800660 660.000000 17758100000660000 0.109510563 0.099781731 -0.012056852 0.125967840
800661 661.000000 17758100000661000 0.109822869 0.099602204 -0.008696996 0.099641011
800662 662.000000 17758100000662000 0.109980270 0.099527249 -0.011019759 0.109002029
800663 663.000000 17758100000663000 0.109980270 0.100172717 0.010155718 0.129816351
800664 664.000000 17758100000664000 0.109822869 0.099696175 0.008896733 0.103317218
800665 665.000000 17758100000665000 0.109510563 0.099781776 0.005190374 0.108487458
800666 666.000000 17758100000666000 0.109048270 0.099579441 0.007032842 0.069090763
800667 667.000000 17758100000667000 0.108443283 0.099297523 0.016942462 0.111638019
800668 668.000000 17758100000668000 0.107705131 0.099893259 0.014211274 0.075538607
800669 669.000000 17758100000669000 0.106845468 0.099815364 0.029481755 0.086663381
800670 670.000000 17758100000670000 0.105877854 0.099815927 0.024842015 0.084171097
800671 671.000000 17758100000671000 0.104817539 0.099991020 0.018892342 0.013365124
800672 672.000000 17758100000672000 0.103681244 0.100175248 0.028161947 0.027003333
800673 673.000000 17758100000673000 0.102486901 0.099641485 0.029776245 0.028568439
800674 674.000000 17758100000674000 0.101253331 0.099905830 0.030721882 0.029154404
800675 675.000000 17758100000675000 0.100000001 0.099921658 0.029404401 -0.051073840
800676 676.000000 17758100000676000 0.098746665 0.100279029 0.031230128 -0.011035400
800677 677.000000 17758100000677000 0.097513102 0.099644008 0.030037523 0.002453089
800678 678.000000 17758100000678000 0.096318752 0.099631943 0.030916986 -0.075403639
800679 679.000000 17758100000679000 0.095182464 0.100220892 0.022789340 -0.037782100
800680 680.000000 17758100000680000 0.094122149 0.100334825 0.026546060 -0.102317288
800681 681.000000 17758100000681000 0.093154527 0.100211128 0.025745344 -0.019749536
800682 682.000000 17758100000682000 0.092294864 0.100407341 0.016335556 -0.117452094
800683 683.000000 17758100000683000 0.091556720 0.100297584 0.019011364 -0.070837328
800684 684.000000 17758100000684000 0.090951726 0.100386553 0.012566872 -0.117795430
800685 685.000000 17758100000685000 0.090489432 0.100063972 0.009139055 -0.109678574
800686 686.000000 17758100000686000 0.090177126 0.100331370 0.000552206 -0.105818162
800687 687.000000 17758100000687000 0.090019733 0.100318654 -0.000629842 -0.100817593
800688 688.000000 17758100000688000 0.090019733 0.100346090 0.000941067 -0.104342826
800689 689.000000 17758100000689000 0.090177126 0.100269696 -0.006810731 -0.092314467
800690 690.000000 17758100000690000 0.090489432 0.100386082 -0.009339339 -0.108452852
800691 691.000000 17758100000691000 0.090951726 0.100107826 -0.002298426 -0.074633263
800692 692.000000 17758100000692000 0.091556720 0.100454726 -0.024041148 -0.110080681
800693 693.000000 17758100000693000 0.092294864 0.100041739 -0.015554674 -0.106123655
800694 694.000000 17758100000694000 0.093154527 0.100648175 -0.015683136 -0.090015594
800695 695.000000 17758100000695000 0.094122149 0.100495921 -0.026958215 -0.038468854
800696 696.000000 17758100000696000 0.095182464 0.099626097 -0.018316420 -0.068071578
800697 697.000000 17758100000697000 0.096318752 0.100044720 -0.021967662 -0.001850617
800698 698.000000 17758100000698000 0.097513102 0.100377404 -0.033199026 -0.061286694
800699 699.000000 17758100000699000 0.098746665 0.100091123 -0.034088683 -0.020456323
800700 700.000000 17758100000700000 0.100000001 0.099862118 -0.035081531 0.009025913
800701 701.000000 17758100000701000 0.101253331 0.099736232 -0.027722859 0.007678125
800702 702.000000 17758100000702000 0.102486901 0.099885050 -0.029401305 0.004689579
800703 703.000000 17758100000703000 0.103681244 0.099794813 -0.034356539 0.035902809
800704 704.000000 17758100000704000 0.104817539 0.099714890 -0.016378406 0.040449335
800705 705.000000 17758100000705000 0.105877854 0.100172414 -0.032098213 0.053382373
800706 706.000000 17758100000706000 0.106845468 0.099686684 -0.029361149 0.060716561
800707 707.000000 17758100000707000 0.107705131 0.099759883 -0.018949634 0.083247892
800708 708.000000 17758100000708000 0.108443283 0.099895015 -0.016243188 0.093382964
800709 709.000000 17758100000709000 0.109048270 0.099575210 -0.021942142 0.135904727
800710 710.000000 17758100000710000 0.109510563 0.099687365 -0.014801389 0.111712554
800711 711.000000 17758100000711000 0.109822869 0.099523262 -0.012724941 0.131595044
800712 712.000000 17758100000712000 0.109980270 0.099653218 0.001286354 0.100810018
800713 713.000000 17758100000713000 0.109980270 0.099476532 -0.004505466 0.120569179
800714 714.000000 17758100000714000 0.109822869 0.099767485 -0.000178362 0.120074114
800715 715.000000 17758100000715000 0.109510563 0.099778519 0.003882235 0.122046616
800716 716.000000 17758100000716000 0.109048270 0.099640032 0.012443187 0.110172157
800717 717.000000 17758100000717000 0.108443283 0.099637881 0.011438156 0.148831450
800718 718.000000 17758100000718000 0.107705131 0.099661484 0.015682360 0.093953725
800719 719.000000 17758100000719000 0.106845468 0.099552502 0.028881132 0.076381745
800720 720.000000 17758100000720000 0.105877854 0.100162070 0.014687249 0.043884004
800721 721.000000 17758100000721000 0.104817539 0.099876995 0.026963556 0.026951038
800722 722.000000 17758100000722000 0.103681244 0.099774183 0.029258317 0.038587165
800723 723.000000 17758100000723000 0.102486901 0.100098831 0.033000003 0.002760719
800724 724.000000 17758100000724000 0.101253331 0.099993276 0.025857492 0.035970877
800725 725.000000 17758100000725000 0.100000001 0.100161634 0.025176993 0.008892550
800726 726.000000 17758100000726000 0.098746665 0.099877891 0.038942479 -0.002723814
800727 727.000000 17758100000727000 0.097513102 0.099907716 0.023080657 -0.028064822
800728 728.000000 17758100000728000 0.096318752 0.099594597 0.030214608 -0.070232092
800729 729.000000 17758100000729000 0.095182464 0.100164982 0.027847079 -0.050899344
800730 730.000000 17758100000730000 0.094122149 0.100061801 0.024164004 -0.083001970
800731 731.000000 17758100000731000 0.093154527 0.099787418 0.015369878 -0.098877387
800732 732.000000 17758100000732000 0.092294864 0.100565672 0.020933542 -0.111095385
800733 733.000000 17758100000733000 0.091556720 0.099877801 0.021870515 -0.101935079
800734 734.000000 17758100000734000 0.090951726 0.100217734 0.009032854 -0.134263622
800735 735.000000 17758100000735000 0.090489432 0.099893666 0.009188370 -0.105362189
800736 736.000000 17758100000736000 0.090177126 0.100354650 0.005382421 -0.117945851
800737 737.000000 17758100000737000 0.090019733 0.100174519 0.006996401 -0.113337256
800738 738.000000 17758100000738000 0.090019733 0.100426418 0.000160537 -0.112396343
800739 739.000000 17758100000739000 0.090177126 0.100080733 -0.001726554 -0.111758602
800740 740.000000 17758100000740000 0.090489432 0.100279341 -0.010742982 -0.097088265
800741 741.000000 17758100000741000 0.090951726 0.100124339 -0.014772161 -0.124803116
800742 742.000000 17758100000742000 0.091556720 0.100122100 -0.010006766 -0.101097240
800743 743.000000 17758100000743000 0.092294864 0.099921660 -0.018676527 -0.089158188
800744 744.000000 17758100000744000 0.093154527 0.100395130 -0.017044054 -0.090854326
800745 745.000000 17758100000745000 0.094122149 0.100030750 -0.016991392 -0.025231763
800746 746.000000 17758100000746000 0.095182464 0.100103486 -0.028094131 -0.050840730
800747 747.000000 17758100000747000 0.096318752 0.100202687 -0.038212239 -0.079754738
800748 748.000000 17758100000748000 0.097513102 0.099991057 -0.027141639 -0.012346081
800749 749.000000 17758100000749000 0.098746665 0.100285096 -0.031610550 -0.024491292
800750 750.000000 17758100000750000 0.100000001 0.100256528 -0.035866425 0.000704457
800751 751.000000 17758100000751000 0.101253331 0.100124536 -0.029817532 0.034702786
800752 752.000000 17758100000752000 0.102486901 0.099770777 -0.021816955 0.022818539
800753 753.000000 17758100000753000 0.103681244 0.099966350 -0.029617942 0.032678509
800754 754.000000 17758100000754000 0.104817539 0.099992712 -0.024089119 0.068848888
800755 755.000000 17758100000755000 0.105877854 0.099688903 -0.016370222 0.085439771
800756 756.000000 17758100000756000 0.106845468 0.099975152 -0.018197707 0.069128330
800757 757.000000 17758100000757000 0.107705131 0.099660589 -0.019954117 0.083348978
800758 758.000000 17758100000758000 0.108443283 0.099639834 -0.012845234 0.108183244
800759 759.000000 17758100000759000 0.109048270 0.100037625 -0.015773001 0.116935760
800760 760.000000 17758100000760000 0.109510563 0.099742771 -0.013985317 0.097772794
800761 761.000000 17758100000761000 0.109822869 0.099828534 -0.006640950 0.100367963
800762 762.000000 17758100000762000 0.109980270 0.099485587 -0.009396558 0.134115563
800763 763.000000 17758100000763000 0.109980270 0.100004202 0.005249950 0.127742879
800764 764.000000 17758100000764000 0.109822869 0.099959308 0.001178163 0.148979938
800765 765.000000 17758100000765000 0.109510563 0.099829862 0.001050896 0.098544168
800766 766.000000 17758100000766000 0.109048270 0.099820078 0.015559687 0.077231416
800767 767.000000 17758100000767000 0.108443283 0.100080859 0.012476057 0.070347800
800768 768.000000 17758100000768000 0.107705131 0.099963063 0.021161571 0.116865099
800769 769.000000 17758100000769000 0.106845468 0.099797156 0.021578977 0.110090582
800770 770.000000 17758100000770000 0.105877854 0.099993513 0.023198775 0.038642696
800771 771.000000 17758100000771000 0.104817539 0.100067368 0.030568201 0.079214835
800772 772.000000 17758100000772000 0.103681244 0.099931395 0.031878953 0.048962933
800773 773.000000 17758100000773000 0.102486901 0.099723997 0.036159109 0.016927488
800774 774.000000 17758100000774000 0.101253331 0.099935866 0.033084307 0.033374352
800775 775.000000 17758100000775000 0.100000001 0.100306308 0.039965093 0.000743510
800776 776.000000 17758100000776000 0.098746665 0.100157269 0.029570053 0.001324849
800777 777.000000 17758100000777000 0.097513102 0.100014986 0.018760686 -0.010995639
800778 778.000000 17758100000778000 0.096318752 0.100151265 0.034077899 -0.037679036
800779 779.000000 17758100000779000 0.095182464 0.100111995 0.026990020 -0.037640982
800780 780.000000 17758100000780000 0.094122149 0.100294740 0.028548459 -0.067140934
800781 781.000000 17758100000781000 0.093154527 0.100274926 0.019211303 -0.088051547
800782 782.000000 17758100000782000 0.092294864 0.100295248 0.024725585 -0.085642283
800783 783.000000 17758100000783000 0.091556720 0.100041302 0.025993258 -0.081317659
800784 784.000000 17758100000784000 0.090951726 0.100278158 0.017122903 -0.099336437
800785 785.000000 17758100000785000 0.090489432 0.100219859 0.010279770 -0.098612506
800786 786.000000 17758100000786000 0.090177126 0.100362500 0.008879551 -0.088879729
800787 787.000000 17758100000787000 0.090019733 0.100439267 -0.001421119 -0.099903599
800788 788.000000 17758100000788000 0.090019733 0.100150370 0.000826319 -0.090178469
800789 789.000000 17758100000789000 0.090177126 0.100308033 -0.001890721 -0.111208687
800790 790.000000 17758100000790000 0.090489432 0.099978030 -0.008851915 -0.090613188
800791 791.000000 17758100000791000 0.090951726 0.100275205 -0.004567743 -0.083195034
800792 792.000000 17758100000792000 0.091556720 0.100681524 -0.008435778 -0.053566308
800793 793.000000 17758100000793000 0.092294864 0.100096116 -0.025936856 -0.093274028
800794 794.000000 17758100000794000 0.093154527 0.100291031 -0.017221662 -0.109766853
800795 795.000000 17758100000795000 0.094122149 0.100057247 -0.021085840 -0.074895949
800796 796.000000 17758100000796000 0.095182464 0.099685140 -0.026454801 -0.035262409
800797 797.000000 17758100000797000 0.096318752 0.099857066 -0.032082268 -0.034214815
800798 798.000000 17758100000798000 0.097513102 0.100097785 -0.031565601 -0.041703093
800799 799.000000 17758100000799000 0.098746665 0.100034025 -0.031245571 -0.008364841
800800 800.000000 17758100000800000 0.100000001 0.099826766 -0.032580224 -0.007932467
800801 801.000000 17758100000801000 0.101253331 0.099656581 -0.030383124 0.001606448
800802 802.000000 17758100000802000 0.102486901 0.099732412 -0.029067022 0.033308901
800803 803.000000 17758100000803000 0.103681244 0.099759712 -0.032318721 0.050005637
800804 804.000000 17758100000804000 0.104817539 0.099959648 -0.024712227 0.030501758
800805 805.000000 17758100000805000 0.105877854 0.099992089 -0.031847471 0.063538615
800806 806.000000 17758100000806000 0.106845468 0.099722308 -0.025257072 0.083706912
800807 807.000000 17758100000807000 0.107705131 0.100134545 -0.022286110 0.097122196
800808 808.000000 17758100000808000 0.108443283 0.099951381 -0.017160719 0.078994989
800809 809.000000 17758100000809000 0.109048270 0.099896551 -0.025843279 0.051010163
800810 810.000000 17758100000810000 0.109510563 0.099727733 -0.015199785 0.122545167
800811 811.000000 17758100000811000 0.109822869 0.099656280 -0.008183789 0.097912572
800812 812.000000 17758100000812000 0.109980270 0.099583924 -0.014403341 0.091970307
800813 813.000000 17758100000813000 0.109980270 0.099688459 -0.001257372 0.110928467
800814 814.000000 17758100000814000 0.109822869 0.099591072 0.004470267 0.130127764
800815 815.000000 17758100000815000 0.109510563 0.099987314 0.001706961 0.133655581
800816 816.000000 17758100000816000 0.109048270 0.099947686 -0.000813797 0.101271435
800817 817.000000 17758100000817000 0.108443283 0.099828456 0.012792851 0.099752747
800818 818.000000 17758100000818000 0.107705131 0.099847702 0.014233520 0.086812998
800819 819.000000 17758100000819000 0.106845468 0.099843122 0.021516518 0.046812672
800820 820.000000 17758100000820000 0.105877854 0.099716085 0.030022761 0.084428163
800821 821.000000 17758100000821000 0.104817539 0.100071592 0.027477814 0.042481819
800822 822.000000 17758100000822000 0.103681244 0.100115175 0.029237521 0.055711708
800823 823.000000 17758100000823000 0.102486901 0.099569418 0.026125784 0.007394799
800824 824.000000 17758100000824000 0.101253331 0.099791885 0.030012199 0.023143914
800825 825.000000 17758100000825000 0.100000001 0.100006055 0.026990100 -0.025773289
800826 826.000000 17758100000826000 0.098746665 0.099860965 0.037366183 -0.036561636
800827 827.000000 17758100000827000 0.097513102 0.099860560 0.024258901 -0.034416697
800828 828.000000 17758100000828000 0.096318752 0.100137677 0.028984902 -0.047923693
800829 829.000000 17758100000829000 0.095182464 0.100484467 0.024353160 -0.082479682
800830 830.000000 17758100000830000 0.094122149 0.099966368 0.025543583 -0.045427397
800831 831.000000 17758100000831000 0.093154527 0.099930390 0.022765346 -0.072407382
800832 832.000000 17758100000832000 0.092294864 0.100309837 0.022303035 -0.097805343
800833 833.000000 17758100000833000 0.091556720 0.100044471 0.023864244 -0.105284960
800834 834.000000 17758100000834000 0.090951726 0.100351227 0.022989033 -0.136397959
800835 835.000000 17758100000835000 0.090489432 0.100117527 0.020121434 -0.131156065
800836 836.000000 17758100000836000 0.090177126 0.100169805 0.005902802 -0.158933581
800837 837.000000 17758100000837000 0.090019733 0.100165958 0.003777329 -0.098126175
800838 838.000000 17758100000838000 0.090019733 0.100361940 -0.008416754 -0.130164334
800839 839.000000 17758100000839000 0.090177126 0.100291614 -0.009356113 -0.110521803
800840 840.000000 17758100000840000 0.090489432 0.100417454 -0.007956866 -0.121153942
800841 841.000000 17758100000841000 0.090951726 0.100171679 -0.014347928 -0.109036209
800842 842.000000 17758100000842000 0.091556720 0.100109868 -0.017378155 -0.070048248
800843 843.000000 17758100000843000 0.092294864 0.100051841 -0.022848597 -0.092955685
800844 844.000000 17758100000844000 0.093154527 0.100499616 -0.019224847 -0.102791820
800845 845.000000 17758100000845000 0.094122149 0.100091875 -0.022657953 -0.086906126
800846 846.000000 17758100000846000 0.095182464 0.099971761 -0.031119391 -0.039186075
800847 847.000000 17758100000847000 0.096318752 0.099895334 -0.015765663 -0.060189614
800848 848.000000 17758100000848000 0.097513102 0.100385021 -0.035329912 -0.010134875
800849 849.000000 17758100000849000 0.098746665 0.099928109 -0.033401329 0.005901709
800850 850.000000 17758100000850000 0.100000001 0.099874255 -0.037409048 -0.014863869
800851 851.000000 17758100000851000 0.101253331 0.100026384 -0.033699379 0.030591816
800852 852.000000 17758100000852000 0.102486901 0.099857909 -0.025486017 0.026592663
800853 853.000000 17758100000853000 0.103681244 0.099856976 -0.018953334 0.044757925
800854 854.000000 17758100000854000 0.104817539 0.099903058 -0.030664147 0.041103237
800855 855.000000 17758100000855000 0.105877854 0.099754800 -0.023786485 0.062559844
800856 856.000000 17758100000856000 0.106845468 0.100052283 -0.016639837 0.072616666
800857 857.000000 17758100000857000 0.107705131 0.100083658 -0.011775463 0.088632156
800858 858.000000 17758100000858000 0.108443283 0.099508949 -0.020348931 0.103645240
800859 859.000000 17758100000859000 0.109048270 0.099950298 -0.018572146 0.114119027
800860 860.000000 17758100000860000 0.109510563 0.099768017 -0.011728817 0.106417540
800861 861.000000 17758100000861000 0.109822869 0.099641428 -0.006729279 0.106564327
800862 862.000000 17758100000862000 0.109980270 0.099695078 0.003409381 0.133406187
800863 863.000000 17758100000863000 0.109980270 0.099835987 0.002552917 0.149505237
800864 864.000000 17758100000864000 0.109822869 0.099875767 0.007174675 0.122496006
800865 865.000000 17758100000865000 0.109510563 0.099890665 0.007286434 0.067470412
800866 866.000000 17758100000866000 0.109048270 0.099665009 0.009624977 0.107252073
800867 867.000000 17758100000867000 0.108443283 0.099637606 0.013740327 0.103569689
800868 868.000000 17758100000868000 0.107705131 0.099549953 0.023042389 0.074172776
800869 869.000000 17758100000869000 0.106845468 0.099765971 0.023939319 0.056916390
800870 870.000000 17758100000870000 0.105877854 0.099759646 0.029953127 0.048909895
800871 871.000000 17758100000871000 0.104817539 0.100238461 0.027175753 0.025836354
800872 872.000000 17758100000872000 0.103681244 0.099742715 0.033322643 0.007611898
800873 873.000000 17758100000873000 0.102486901 0.099694427 0.028557852 0.013582245
800874 874.000000 17758100000874000 0.101253331 0.100257653 0.026149637 0.017523399
800875 875.000000 17758100000875000 0.100000001 0.100110697 0.037814144 0.008458879
800876 876.000000 17758100000876000 0.098746665 0.100441635 0.031083664 -0.010662412
800877 877.000000 17758100000877000 0.097513102 0.100289259 0.040114899 -0.024443313
800878 878.000000 17758100000878000 0.096318752 0.100077473 0.030950829 -0.033134827
800879 879.000000 17758100000879000 0.095182464 0.099856843 0.030877638 -0.062457974
800880 880.000000 17758100000880000 0.094122149 0.100350797 0.031227375 -0.057711645
800881 881.000000 17758100000881000 0.093154527 0.100674380 0.025956231 -0.078098443
800882 882.000000 17758100000882000 0.092294864 0.100545326 0.026655119 -0.096175593
800883 883.000000 17758100000883000 0.091556720 0.100147510 0.021130549 -0.118653784
800884 884.000000 17758100000884000 0.090951726 0.100045821 0.015165159 -0.080153849
800885 885.000000 17758100000885000 0.090489432 0.099962375 0.019690660 -0.098029072
800886 886.000000 17758100000886000 0.090177126 0.100219506 0.004982805 -0.070016708
800887 887.000000 17758100000887000 0.090019733 0.100422612 0.006194897 -0.116533661
800888 888.000000 17758100000888000 0.090019733 0.100481925 -0.006481531 -0.100327211
800889 889.000000 17758100000889000 0.090177126 0.100135571 -0.008197226 -0.084953594
800890 890.000000 17758100000890000 0.090489432 0.100463329 -0.017198993 -0.099268192
800891 891.000000 17758100000891000 0.090951726 0.099994312 -0.010846071 -0.077834979
800892 892.000000 17758100000892000 0.091556720 0.100052856 -0.014079385 -0.087100949
800893 893.000000 17758100000893000 0.092294864 0.100278530 -0.020118454 -0.109887713
800894 894.000000 17758100000894000 0.093154527 0.100337332 -0.021912013 -0.065000122
800895 895.000000 17758100000895000 0.094122149 0.100121494 -0.028728705 -0.104275066
800896 896.000000 17758100000896000 0.095182464 0.100040176 -0.026505208 -0.065525598
800897 897.000000 17758100000897000 0.096318752 0.099867075 -0.027717821 -0.030076695
800898 898.000000 17758100000898000 0.097513102 0.099995915 -0.037857925 -0.004367331
800899 899.000000 17758100000899000 0.098746665 0.100214076 -0.036578563 0.008740078
800900 900.000000 17758100000900000 0.100000001 0.099677147 -0.035482493 0.026016619
800901 901.000000 17758100000901000 0.101253331 0.099942602 -0.026137465 0.034954661
800902 902.000000 17758100000902000 0.102486901 0.099840594 -0.036348463 0.038127737
800903 903.000000 17758100000903000 0.103681244 0.099747486 -0.031291870 0.057881786
800904 904.000000 17758100000904000 0.104817539 0.099614416 -0.027876562 0.061873615
800905 905.000000 17758100000905000 0.105877854 0.099210042 -0.015355632 0.039254738
800906 906.000000 17758100000906000 0.106845468 0.099779972 -0.024199365 0.072458763
800907 907.000000 17758100000907000 0.107705131 0.099337636 -0.021464250 0.063258388
800908 908.000000 17758100000908000 0.108443283 0.099541045 -0.019715659 0.096861955
800909 909.000000 17758100000909000 0.109048270 0.099861240 -0.019287359 0.110476264
800910 910.000000 17758100000910000 0.109510563 0.099642122 -0.009619712 0.121735141
800911 911.000000 17758100000911000 0.109822869 0.099901409 -0.010835555 0.115097348
800912 912.000000 17758100000912000 0.109980270 0.100015528 -0.000900803 0.107329138
800913 913.000000 17758100000913000 0.109980270 0.099875911 0.004125207 0.113465363
800914 914.000000 17758100000914000 0.109822869 0.099846820 0.005035722 0.115769085
800915 915.000000 17758100000915000 0.109510563 0.099577458 0.011124532 0.109682152
800916 916.000000 17758100000916000 0.109048270 0.100066342 0.020502466 0.102739561
800917 917.000000 17758100000917000 0.108443283 0.100023950 0.019321384 0.111859504
800918 918.000000 17758100000918000 0.107705131 0.100337827 0.014255978 0.100626264
800919 919.000000 17758100000919000 0.106845468 0.099782913 0.014703972 0.068870633
800920 920.000000 17758100000920000 0.105877854 0.099898582 0.028746100 0.064750145
800921 921.000000 17758100000921000 0.104817539 0.099818832 0.027130477 0.036593363
800922 922.000000 17758100000922000 0.103681244 0.099847155 0.021838346 0.053047573
800923 923.000000 17758100000923000 0.102486901 0.099871152 0.029515838 -0.007536933
800924 924.000000 17758100000924000 0.101253331 0.100041086 0.033121817 0.017172237
800925 925.000000 17758100000925000 0.100000001 0.100238272 0.031584685 -0.047887959
800926 926.000000 17758100000926000 0.098746665 0.100172169 0.033296066 -0.020551033
800927 927.000000 17758100000927000 0.097513102 0.099967765 0.031776544 -0.049806774
800928 928.000000 17758100000928000 0.096318752 0.100186363 0.030582088 -0.051500917
800929 929.000000 17758100000929000 0.095182464 0.100159835 0.028419439 -0.044180960
800930 930.000000 17758100000930000 0.094122149 0.100304259 0.024195567 -0.083368978
800931 931.000000 17758100000931000 0.093154527 0.100234669 0.032132450 -0.055780547
800932 932.000000 17758100000932000 0.092294864 0.100113359 0.019018248 -0.085036440
800933 933.000000 17758100000933000 0.091556720 0.100272496 0.027852185 -0.064850253
800934 934.000000 17758100000934000 0.090951726 0.100616496 0.021953153 -0.086020331
800935 935.000000 17758100000935000 0.090489432 0.100529328 0.009522206 -0.112176086
800936 936.000000 17758100000936000 0.090177126 0.099875115 0.007610110 -0.093949632
800937 937.000000 17758100000937000 0.090019733 0.100118109 0.004213471 -0.119574568
800938 938.000000 17758100000938000 0.090019733 0.100363459 -0.005011766 -0.104370588
800939 939.000000 17758100000939000 0.090177126 0.100335965 -0.010034375 -0.136013980
800940 940.000000 17758100000940000 0.090489432 0.100427631 -0.004506109 -0.108247830
800941 941.000000 17758100000941000 0.090951726 0.100415227 -0.003681712 -0.116881896
800942 942.000000 17758100000942000 0.091556720 0.099975253 -0.012622571 -0.082152126
800943 943.000000 17758100000943000 0.092294864 0.100181713 -0.014494751 -0.086733363
800944 944.000000 17758100000944000 0.093154527 0.100090815 -0.017392214 -0.079710743
800945 945.000000 17758100000945000 0.094122149 0.100115142 -0.021304515 -0.067325680
800946 946.000000 17758100000946000 0.095182464 0.100257279 -0.017684000 -0.060368667
800947 947.000000 17758100000947000 0.096318752 0.100219870 -0.021935180 -0.053262301
800948 948.000000 17758100000948000 0.097513102 0.099770765 -0.030178349 -0.040959232
800949 949.000000 17758100000949000 0.098746665 0.099879157 -0.034294688 0.010724926
800950 950.000000 17758100000950000 0.100000001 0.099720837 -0.025841190 0.005078572
800951 951.000000 17758100000951000 0.101253331 0.100002164 -0.033964911 0.034296445
800952 952.000000 17758100000952000 0.102486901 0.099779763 -0.031739003 0.030274425
800953 953.000000 17758100000953000 0.103681244 0.099691964 -0.030681939 0.068866600
800954 954.000000 17758100000954000 0.104817539 0.100222206 -0.036728753 0.043415104
800955 955.000000 17758100000955000 0.105877854 0.099700851 -0.028290148 0.067391520
800956 956.000000 17758100000956000 0.106845468 0.099817543 -0.016960874 0.098616401
800957 957.000000 17758100000957000 0.107705131 0.099840093 -0.030478171 0.124147886
800958 958.000000 17758100000958000 0.108443283 0.099564281 -0.022412196 0.075836745
800959 959.000000 17758100000959000 0.109048270 0.099783430 -0.008066407 0.120564516
800960 960.000000 17758100000960000 0.109510563 0.099420180 -0.009718863 0.075193434
800961 961.000000 17758100000961000 0.109822869 0.099477501 -0.004769326 0.099853255
800962 962.000000 17758100000962000 0.109980270 0.099704781 -0.003085254 0.100337935
800963 963.000000 17758100000963000 0.109980270 0.099949134 0.007096838 0.094312223
800964 964.000000 17758100000964000 0.109822869 0.099949952 0.001449529 0.067805923
800965 965.000000 17758100000965000 0.109510563 0.099941713 0.004654116 0.112673777
800966 966.000000 17758100000966000 0.109048270 0.100032785 0.015323368 0.087590599
800967 967.000000 17758100000967000 0.108443283 0.099870210 0.012110353 0.064196484
800968 968.000000 17758100000968000 0.107705131 0.099646064 0.016324862 0.077783817
800969 969.000000 17758100000969000 0.106845468 0.100470404 0.016284906 0.105469469
800970 970.000000 17758100000970000 0.105877854 0.100330732 0.019752003 0.070665217
800971 971.000000 17758100000971000 0.104817539 0.099668535 0.033114236 0.059270857
800972 972.000000 17758100000972000 0.103681244 0.099944355 0.026966157 0.077418940
800973 973.000000 17758100000973000 0.102486901 0.099734768 0.029021171 0.013038251
800974 974.000000 17758100000974000 0.101253331 0.100236929 0.038987888 0.053141325
800975 975.000000 17758100000975000 0.100000001 0.099964715 0.029765467 -0.003493857
800976 976.000000 17758100000976000 0.098746665 0.099838211 0.032769755 -0.008699524
800977 977.000000 17758100000977000 0.097513102 0.100143559 0.029878287 -0.031881922
800978 978.000000 17758100000978000 0.096318752 0.099976820 0.021264314 -0.035203567
800979 979.000000 17758100000979000 0.095182464 0.099861545 0.030030296 -0.040008524
800980 980.000000 17758100000980000 0.094122149 0.099923821 0.029593496 -0.072130096
800981 981.000000 17758100000981000 0.093154527 0.100260983 0.023792631 -0.056554420
800982 982.000000 17758100000982000 0.092294864 0.100113921 0.020445181 -0.095593731
800983 983.000000 17758100000983000 0.091556720 0.100012767 0.026938421 -0.099731947
800984 984.000000 17758100000984000 0.090951726 0.100018972 0.010619111 -0.140047932
800985 985.000000 17758100000985000 0.090489432 0.100351403 0.014661361 -0.108652269
800986 986.000000 17758100000986000 0.090177126 0.100222242 0.007624035 -0.096042562
800987 987.000000 17758100000987000 0.090019733 0.100299270 0.004780755 -0.078104917
800988 988.000000 17758100000988000 0.090019733 0.100354889 0.002678342 -0.109846679
800989 989.000000 17758100000989000 0.090177126 0.100544252 0.000313533 -0.113594641
800990 990.000000 17758100000990000 0.090489432 0.100044222 -0.004509210 -0.112167169
800991 991.000000 17758100000991000 0.090951726 0.100242578 -0.011762914 -0.121233037
800992 992.000000 17758100000992000 0.091556720 0.099961147 -0.016795731 -0.105738272
800993 993.000000 17758100000993000 0.092294864 0.100459575 -0.020642747 -0.090263016
800994 994.000000 17758100000994000 0.093154527 0.100556181 -0.024285327 -0.070598737
800995 995.000000 17758100000995000 0.094122149 0.099837753 -0.030411078 -0.084566046
800996 996.000000 17758100000996000 0.095182464 0.100015749 -0.034933230 -0.052404349
800997 997.000000 17758100000997000 0.096318752 0.100312960 -0.021752153 -0.055169975
800998 998.000000 17758100000998000 0.097513102 0.100010133 -0.027714520 -0.007036929
800999 999.000000 17758100000999000 0.098746665 0.100098890 -0.027010429 -0.003049063
801000 1000.000000 17758100001000000 0.100000001 0.100122099 -0.032009146 -0.001347988
801001 1001.000000 17758100001001000 0.101253331 0.099669622 -0.026124600 -0.005777382
801002 1002.000000 17758100001002000 0.102486901 0.099716583 -0.023486102 0.053980905
801003 1003.000000 17758100001003000 0.103681244 0.099911268 -0.026319202 0.043641730
801004 1004.000000 17758100001004000 0.104817539 0.100139168 -0.025451697 0.049000441
801005 1005.000000 17758100001005000 0.105877854 0.100103644 -0.022769622 0.086923005
801006 1006.000000 17758100001006000 0.106845468 0.099206380 -0.022783466 0.067522245
801007 1007.000000 17758100001007000 0.107705131 0.099766005 -0.021162250 0.075164250
801008 1008.000000 17758100001008000 0.108443283 0.099581522 -0.013546145 0.073708250
801009 1009.000000 17758100001009000 0.109048270 0.100063651 -0.013676804 0.099566990
801010 1010.000000 17758100001010000 0.109510563 0.099595324 -0.001916274 0.102691508
801011 1011.000000 17758100001011000 0.109822869 0.099755853 0.000298633 0.141360922
801012 1012.000000 17758100001012000 0.109980270 0.099483479 -0.000925335 0.153315935
801013 1013.000000 17758100001013000 0.109980270 0.099817104 -0.002241573 0.076010803
801014 1014.000000 17758100001014000 0.109822869 0.099638653 0.003739189 0.112248641
801015 1015.000000 17758100001015000 0.109510563 0.099679096 0.005686737 0.135353296
801016 1016.000000 17758100001016000 0.109048270 0.099929521 0.014589593 0.103178604
801017 1017.000000 17758100001017000 0.108443283 0.099686176 0.020918939 0.094442310
801018 1018.000000 17758100001018000 0.107705131 0.099744276 0.017095558 0.076749276
801019 1019.000000 17758100001019000 0.106845468 0.099883476 0.021446979 0.066516070
801020 1020.000000 17758100001020000 0.105877854 0.099897152 0.027914189 0.073239837
801021 1021.000000 17758100001021000 0.104817539 0.099888187 0.016838120 0.074450468
801022 1022.000000 17758100001022000 0.103681244 0.099603538 0.034149644 0.055300488
801023 1023.000000 17758100001023000 0.102486901 0.099791257 0.028315870 0.020170656
801024 1024.000000 17758100001024000 0.101253331 0.099943023 0.030957502 -0.006033281
801025 1025.000000 17758100001025000 0.100000001 0.100136845 0.026448189 -0.000920338
801026 1026.000000 17758100001026000 0.098746665 0.099910530 0.033182222 0.007750932
801027 1027.000000 17758100001027000 0.097513102 0.100301794 0.024525752 -0.031433744
801028 1028.000000 17758100001028000 0.096318752 0.100073068 0.027508577 -0.054007674
801029 1029.000000 17758100001029000 0.095182464 0.100395840 0.025405001 -0.032746494
801030 1030.000000 17758100001030000 0.094122149 0.099991645 0.021021684 -0.055653836
801031 1031.000000 17758100001031000 0.093154527 0.100168635 0.020212570 -0.061499595
801032 1032.000000 17758100001032000 0.092294864 0.100205975 0.024756825 -0.071895859
801033 1033.000000 17758100001033000 0.091556720 0.100664846 0.022279981 -0.109675425
801034 1034.000000 17758100001034000 0.090951726 0.100129282 0.024397153 -0.085725547
801035 1035.000000 17758100001035000 0.090489432 0.099903118 0.012058568 -0.119199727
801036 1036.000000 17758100001036000 0.090177126 0.100553980 0.013115162 -0.123156692
801037 1037.000000 17758100001037000 0.090019733 0.100131739 0.005662795 -0.105415806
801038 1038.000000 17758100001038000 0.090019733 0.099606930 0.008274256 -0.102295250
801039 1039.000000 17758100001039000 0.090177126 0.100232842 -0.003233964 -0.093618373
801040 1040.000000 17758100001040000 0.090489432 0.100080560 -0.006398160 -0.113112665
801041 1041.000000 17758100001041000 0.090951726 0.100392831 -0.021874562 -0.076332065
801042 1042.000000 17758100001042000 0.091556720 0.100012462 -0.011307325 -0.095855740
801043 1043.000000 17758100001043000 0.092294864 0.100089912 -0.013427430 -0.075868022
801044 1044.000000 17758100001044000 0.093154527 0.100310069 -0.017236087 -0.067339291
801045 1045.000000 17758100001045000 0.094122149 0.100358513 -0.025948526 -0.084062917
801046 1046.000000 17758100001046000 0.095182464 0.100028332 -0.023481214 -0.021136440
801047 1047.000000 17758100001047000 0.096318752 0.100312002 -0.031732562 -0.038583597
801048 1048.000000 17758100001048000 0.097513102 0.099852001 -0.029047301 -0.000304607
801049 1049.000000 17758100001049000 0.098746665 0.099973991 -0.038270385 0.002225413
801050 1050.000000 17758100001050000 0.100000001 0.099723942 -0.034207073 -0.007734792
801051 1051.000000 17758100001051000 0.101253331 0.100262641 -0.032361848 -0.000093592
801052 1052.000000 17758100001052000 0.102486901 0.100102887 -0.026007539 0.062687989
801053 1053.000000 17758100001053000 0.103681244 0.099968138 -0.033070479 0.032754362
801054 1054.000000 17758100001054000 0.104817539 0.099988820 -0.031975560 0.060485199
801055 1055.000000 17758100001055000 0.105877854 0.100118363 -0.024304777 0.056097523
801056 1056.000000 17758100001056000 0.106845468 0.099703042 -0.020402059 0.106516494
801057 1057.000000 17758100001057000 0.107705131 0.099720622 -0.022624380 0.069388427
801058 1058.000000 17758100001058000 0.108443283 0.099911789 -0.018580671 0.105094282
801059 1059.000000 17758100001059000 0.109048270 0.099734069 -0.011992031 0.069129092
801060 1060.000000 17758100001060000 0.109510563 0.099760287 -0.005320276 0.104972774
801061 1061.000000 17758100001061000 0.109822869 0.099920723 -0.008719024 0.131111726
801062 1062.000000 17758100001062000 0.109980270 0.099545930 -0.009526137 0.089984440
801063 1063.000000 17758100001063000 0.109980270 0.099426762 0.001276826 0.134496483
801064 1064.000000 17758100001064000 0.109822869 0.099698450 -0.002095160 0.133201093
801065 1065.000000 17758100001065000 0.109510563 0.099421071 0.013065674 0.103954391
801066 1066.000000 17758100001066000 0.109048270 0.100257359 0.017422790 0.072367612
801067 1067.000000 17758100001067000 0.108443283 0.099775308 0.014298566 0.088344861
801068 1068.000000 17758100001068000 0.107705131 0.099889021 0.012682028 0.066789185
801069 1069.000000 17758100001069000 0.106845468 0.099912943 0.016618999 0.056257319
801070 1070.000000 17758100001070000 0.105877854 0.100102531 0.014691410 0.034947652
801071 1071.000000 17758100001071000 0.104817539 0.100351130 0.022137267 0.071676212
801072 1072.000000 17758100001072000 0.103681244 0.099703314 0.024461258 0.039317893
801073 1073.000000 17758100001073000 0.102486901 0.099582712 0.030060769 0.034238087
801074 1074.000000 17758100001074000 0.101253331 0.099912294 0.028366570 -0.006861421
801075 1075.000000 17758100001075000 0.100000001 0.100162947 0.031969237 -0.011623801
801076 1076.000000 17758100001076000 0.098746665 0.100006244 0.029626071 -0.000442647
801077 1077.000000 17758100001077000 0.097513102 0.099892512 0.028406350 -0.014664512
801078 1078.000000 17758100001078000 0.096318752 0.099874778 0.032436796 -0.075413216
801079 1079.000000 17758100001079000 0.095182464 0.100329466 0.024786579 -0.068136127
801080 1080.000000 17758100001080000 0.094122149 0.100169476 0.030709364 -0.107585762
801081 1081.000000 17758100001081000 0.093154527 0.100234833 0.022098682 -0.080940712
801082 1082.000000 17758100001082000 0.092294864 0.100301089 0.023736118 -0.062608783
801083 1083.000000 17758100001083000 0.091556720 0.100271236 0.023851360 -0.083926267
801084 1084.000000 17758100001084000 0.090951726 0.100169306 0.011139447 -0.128611523
801085 1085.000000 17758100001085000 0.090489432 0.100294686 0.007774498 -0.095629158
801086 1086.000000 17758100001086000 0.090177126 0.100075659 0.015900305 -0.100823856
801087 1087.000000 17758100001087000 0.090019733 0.100443828 0.000076705 -0.147902297
801088 1088.000000 17758100001088000 0.090019733 0.100231251 0.006696734 -0.109729845
801089 1089.000000 17758100001089000 0.090177126 0.100007468 -0.003402553 -0.097414345
801090 1090.000000 17758100001090000 0.090489432 0.100207974 -0.008207220 -0.076653963
801091 1091.000000 17758100001091000 0.090951726 0.100390537 -0.018777832 -0.131502560
801092 1092.000000 17758100001092000 0.091556720 0.099896826 -0.016161391 -0.102610096
801093 1093.000000 17758100001093000 0.092294864 0.100058725 -0.013296805 -0.076906780
801094 1094.000000 17758100001094000 0.093154527 0.100046108 -0.017913913 -0.052559096
801095 1095.000000 17758100001095000 0.094122149 0.100440536 -0.030026187 -0.047246683
801096 1096.000000 17758100001096000 0.095182464 0.100254340 -0.017582236 -0.061007044
801097 1097.000000 17758100001097000 0.096318752 0.100233535 -0.025139826 -0.077592636
801098 1098.000000 17758100001098000 0.097513102 0.100465831 -0.031112235 -0.036803571
801099 1099.000000 17758100001099000 0.098746665 0.100432883 -0.034028415 -0.020435809
801100 1100.000000 17758100001100000 0.100000001 0.099822968 -0.030688115 0.011289038
801101 1101.000000 17758100001101000 0.101253331 0.099881891 -0.029662234 0.034478692
801102 1102.000000 17758100001102000 0.102486901 0.099990929 -0.023159897 0.031808063
801103 1103.000000 17758100001103000 0.103681244 0.099646917 -0.036208616 0.051801517
801104 1104.000000 17758100001104000 0.104817539 0.100021792 -0.035512550 0.044185871
801105 1105.000000 17758100001105000 0.105877854 0.099936034 -0.026087096 0.039347360
801106 1106.000000 17758100001106000 0.106845468 0.099665554 -0.027039570 0.082054894
801107 1107.000000 17758100001107000 0.107705131 0.099451094 -0.020681981 0.062423867
801108 1108.000000 17758100001108000 0.108443283 0.099755750 -0.017214312 0.096663178
801109 1109.000000 17758100001109000 0.109048270 0.099560499 -0.014073428 0.131780332
801110 1110.000000 17758100001110000 0.109510563 0.099904167 -0.011857274 0.098158237
801111 1111.000000 17758100001111000 0.109822869 0.099570287 -0.015739308 0.103171727
801112 1112.000000 17758100001112000 0.109980270 0.099865152 -0.009464961 0.100826881
801113 1113.000000 17758100001113000 0.109980270 0.099512839 -0.003755441 0.123983788
801114 1114.000000 17758100001114000 0.109822869 0.099447120 -0.005497988 0.102386144
801115 1115.000000 17758100001115000 0.109510563 0.099582389 0.007909405 0.116253049
801116 1116.000000 17758100001116000 0.109048270 0.099584082 0.018927659 0.084197711
801117 1117.000000 17758100001117000 0.108443283 0.099891186 0.009537082 0.119904061
801118 1118.000000 17758100001118000 0.107705131 0.099702468 0.013266766 0.060646182
801119 1119.000000 17758100001119000 0.106845468 0.100175548 0.019256990 0.112403161
801120 1120.000000 17758100001120000 0.105877854 0.099608115 0.016656992 0.088376600
801121 1121.000000 17758100001121000 0.104817539 0.099828428 0.018831931 0.065718414
801122 1122.000000 17758100001122000 0.103681244 0.100025784 0.026874902 0.023105611
801123 1123.000000 17758100001123000 0.102486901 0.099669185 0.021122818 0.029845067
801124 1124.000000 17758100001124000 0.101253331 0.100035499 0.025082725 0.023516997
801125 1125.000000 17758100001125000 0.100000001 0.100040868 0.029819388 0.026391918
801126 1126.000000 17758100001126000 0.098746665 0.100092282 0.030998687 0.005898860
801127 1127.000000 17758100001127000 0.097513102 0.099951623 0.038241395 -0.039514491
801128 1128.000000 17758100001128000 0.096318752 0.099981773 0.033387006 -0.057823337
801129 1129.000000 17758100001129000 0.095182464 0.100533246 0.019753849 -0.075348352
801130 1130.000000 17758100001130000 0.094122149 0.100174773 0.023084567 -0.033935756
801131 1131.000000 17758100001131000 0.093154527 0.100119702 0.030656894 -0.091341224
801132 1132.000000 17758100001132000 0.092294864 0.100152059 0.018360123 -0.052368251
801133 1133.000000 17758100001133000 0.091556720 0.100455114 0.021184778 -0.058736898
801134 1134.000000 17758100001134000 0.090951726 0.100112268 0.014111469 -0.106308834
801135 1135.000000 17758100001135000 0.090489432 0.100353545 0.005743605 -0.106129082
801136 1136.000000 17758100001136000 0.090177126 0.100566635 -0.002396671 -0.120986159
801137 1137.000000 17758100001137000 0.090019733 0.100192450 0.003313939 -0.111799050
801138 1138.000000 17758100001138000 0.090019733 0.099981212 0.002129897 -0.102807660
801139 1139.000000 17758100001139000 0.090177126 0.100556708 -0.003928325 -0.134386481
801140 1140.000000 17758100001140000 0.090489432 0.100157806 -0.006737675 -0.113023800
801141 1141.000000 17758100001141000 0.090951726 0.100098681 -0.012573916 -0.125574545
801142 1142.000000 17758100001142000 0.091556720 0.100142201 -0.006560047 -0.079081904
801143 1143.000000 17758100001143000 0.092294864 0.100289791 -0.012826595 -0.088025818
801144 1144.000000 17758100001144000 0.093154527 0.100607050 -0.020226376 -0.082813786
801145 1145.000000 17758100001145000 0.094122149 0.099599027 -0.024907213 -0.079028670
801146 1146.000000 17758100001146000 0.095182464 0.100079215 -0.023777460 -0.074508739
801147 1147.000000 17758100001147000 0.096318752 0.100317897 -0.021341924 -0.029002113
801148 1148.000000 17758100001148000 0.097513102 0.099921362 -0.027645531 -0.045080550
801149 1149.000000 17758100001149000 0.098746665 0.100155208 -0.034829881 -0.032556076
801150 1150.000000 17758100001150000 0.100000001 0.099852093 -0.025609981 0.020279756
801151 1151.000000 17758100001151000 0.101253331 0.100006775 -0.034326234 0.024762137
801152 1152.000000 17758100001152000 0.102486901 0.099695246 -0.031746144 0.009849914
801153 1153.000000 17758100001153000 0.103681244 0.099961883 -0.031906471 0.054325065
801154 1154.000000 17758100001154000 0.104817539 0.100019368 -0.035479776 0.061610668
801155 1155.000000 17758100001155000 0.105877854 0.100039941 -0.019695843 0.062573224
801156 1156.000000 17758100001156000 0.106845468 0.099532362 -0.028932785 0.053617199
801157 1157.000000 17758100001157000 0.107705131 0.099419967 -0.027171004 0.084158952
801158 1158.000000 17758100001158000 0.108443283 0.099930350 -0.009316754 0.096906578
801159 1159.000000 17758100001159000 0.109048270 0.099957280 -0.015868515 0.080011555
801160 1160.000000 17758100001160000 0.109510563 0.099458242 -0.014243283 0.130637131
801161 1161.000000 17758100001161000 0.109822869 0.099519627 0.000162400 0.093375498
801162 1162.000000 17758100001162000 0.109980270 0.099238834 -0.001904555 0.112061607
801163 1163.000000 17758100001163000 0.109980270 0.099922436 0.010775346 0.085408799
801164 1164.000000 17758100001164000 0.109822869 0.099593997 0.003226378 0.077233537
801165 1165.000000 17758100001165000 0.109510563 0.099646268 0.019789916 0.103631984
801166 1166.000000 17758100001166000 0.109048270 0.100005874 0.014121533 0.104932099
801167 1167.000000 17758100001167000 0.108443283 0.099730917 0.012790528 0.101944064
801168 1168.000000 17758100001168000 0.107705131 0.099626316 0.019220323 0.081595828
801169 1169.000000 17758100001169000 0.106845468 0.099573242 0.030717477 0.096445176
801170 1170.000000 17758100001170000 0.105877854 0.099879030 0.029069321 0.072094429
801171 1171.000000 17758100001171000 0.104817539 0.100032647 0.029179262 0.074663757
801172 1172.000000 17758100001172000 0.103681244 0.099833069 0.033417771 0.029412691
801173 1173.000000 17758100001173000 0.102486901 0.100058702 0.033707503 0.038158796
801174 1174.000000 17758100001174000 0.101253331 0.099933531 0.027858611 0.038400465
801175 1175.000000 17758100001175000 0.100000001 0.100298060 0.027135837 -0.018052717
801176 1176.000000 17758100001176000 0.098746665 0.099940979 0.037033628 -0.012765407
801177 1177.000000 17758100001177000 0.097513102 0.100309179 0.033959459 -0.025241580
801178 1178.000000 17758100001178000 0.096318752 0.100220903 0.032992827 -0.002564818
801179 1179.000000 17758100001179000 0.095182464 0.100481297 0.027626524 -0.063686767
801180 1180.000000 17758100001180000 0.094122149 0.100022735 0.023353758 -0.084196809
801181 1181.000000 17758100001181000 0.093154527 0.100201703 0.021293823 -0.113601347
801182 1182.000000 17758100001182000 0.092294864 0.100228564 0.006393453 -0.104199292
801183 1183.000000 17758100001183000 0.091556720 0.100154152 0.017497853 -0.087008846
801184 1184.000000 17758100001184000 0.090951726 0.100253224 0.020907317 -0.109942682
801185 1185.000000 17758100001185000 0.090489432 0.100065376 0.007539034 -0.100246769
801186 1186.000000 17758100001186000 0.090177126 0.100823651 0.010734273 -0.110857640
801187 1187.000000 17758100001187000 0.090019733 0.100106749 0.004679587 -0.112539879
801188 1188.000000 17758100001188000 0.090019733 0.100053434 -0.004471648 -0.145085749
801189 1189.000000 17758100001189000 0.090177126 0.100247880 -0.007590984 -0.094859899
801190 1190.000000 17758100001190000 0.090489432 0.099988699 -0.019073608 -0.118159766
801191 1191.000000 17758100001191000 0.090951726 0.100215820 -0.014546249 -0.094979550
801192 1192.000000 17758100001192000 0.091556720 0.100513429 -0.013222767 -0.088492589
801193 1193.000000 17758100001193000 0.092294864 0.099824072 -0.017826591 -0.102861100
801194 1194.000000 17758100001194000 0.093154527 0.100112052 -0.023675373 -0.065031195
801195 1195.000000 17758100001195000 0.094122149 0.099864043 -0.025647894 -0.053371186
801196 1196.000000 17758100001196000 0.095182464 0.100062699 -0.030330913 -0.072601841
801197 1197.000000 17758100001197000 0.096318752 0.100306564 -0.029040265 -0.020130525
801198 1198.000000 17758100001198000 0.097513102 0.099890632 -0.033174434 -0.035889460
801199 1199.000000 17758100001199000 0.098746665 0.100184664 -0.039773666 -0.026828084
801200 1200.000000 17758100001200000 0.100000001 0.099770779 -0.032816156 0.008081608
801201 1201.000000 17758100001201000 0.101253331 0.100080365 -0.028382484 0.006833025
801202 1202.000000 17758100001202000 0.102486901 0.099882033 -0.033688993 0.051771384
801203 1203.000000 17758100001203000 0.103681244 0.099630515 -0.032932326 0.053566712
801204 1204.000000 17758100001204000 0.104817539 0.099922777 -0.025814380 0.061471898
801205 1205.000000 17758100001205000 0.105877854 0.099924525 -0.028808154 0.095985837
801206 1206.000000 17758100001206000 0.106845468 0.100023044 -0.029343881 0.101044116
801207 1207.000000 17758100001207000 0.107705131 0.099820795 -0.018122495 0.100993291
801208 1208.000000 17758100001208000 0.108443283 0.099818266 -0.017390997 0.127947187
801209 1209.000000 17758100001209000 0.109048270 0.100054746 -0.008752674 0.124253564
801210 1210.000000 17758100001210000 0.109510563 0.100092384 -0.009308857 0.096116685
801211 1211.000000 17758100001211000 0.109822869 0.099529505 0.003183784 0.119443705
801212 1212.000000 17758100001212000 0.109980270 0.099777156 -0.000258082 0.092241132
801213 1213.000000 17758100001213000 0.109980270 0.099852988 0.006040532 0.085047579
801214 1214.000000 17758100001214000 0.109822869 0.099562419 0.008333967 0.141570198
801215 1215.000000 17758100001215000 0.109510563 0.099961359 0.006874199 0.110575057
801216 1216.000000 17758100001216000 0.109048270 0.099240421 0.011233121 0.119865706
801217 1217.000000 17758100001217000 0.108443283 0.099849100 0.010754943 0.124222511
801218 1218.000000 17758100001218000 0.107705131 0.099910324 0.018144813 0.058534321
801219 1219.000000 17758100001219000 0.106845468 0.100220606 0.022050553 0.099171295
801220 1220.000000 17758100001220000 0.105877854 0.100191708 0.021896171 0.074688164
801221 1221.000000 17758100001221000 0.104817539 0.099791510 0.023547227 0.055065194
801222 1222.000000 17758100001222000 0.103681244 0.100180038 0.017876493 0.030319916
801223 1223.000000 17758100001223000 0.102486901 0.100177426 0.022199327 0.035043632
801224 1224.000000 17758100001224000 0.101253331 0.100093393 0.030975644 0.017746356
801225 1225.000000 17758100001225000 0.100000001 0.100011644 0.038540727 0.011077086
801226 1226.000000 17758100001226000 0.098746665 0.099844205 0.039648428 0.025941611
801227 1227.000000 17758100001227000 0.097513102 0.099890579 0.030186180 -0.036043927
801228 1228.000000 17758100001228000 0.096318752 0.100008292 0.035605850 0.009603703
801229 1229.000000 17758100001229000 0.095182464 0.100329499 0.026495595 -0.049341547
801230 1230.000000 17758100001230000 0.094122149 0.100054252 0.033387088 -0.048833347
801231 1231.000000 17758100001231000 0.093154527 0.100407075 0.024246223 -0.089153617
801232 1232.000000 17758100001232000 0.092294864 0.100178218 0.021506630 -0.069128839
801233 1233.000000 17758100001233000 0.091556720 0.100529823 0.020115086 -0.107208253
801234 1234.000000 17758100001234000 0.090951726 0.099940522 0.018529579 -0.118663580
801235 1235.000000 17758100001235000 0.090489432 0.100137518 0.004775298 -0.118984570
801236 1236.000000 17758100001236000 0.090177126 0.100352402 0.005637160 -0.080822089
801237 1237.000000 17758100001237000 0.090019733 0.100158078 0.014086810 -0.103751265
801238 1238.000000 17758100001238000 0.090019733 0.100453006 -0.007231965 -0.119066441
801239 1239.000000 17758100001239000 0.090177126 0.100141793 -0.003914448 -0.140302505
801240 1240.000000 17758100001240000 0.090489432 0.100457571 -0.008900181 -0.094489127
801241 1241.000000 17758100001241000 0.090951726 0.099952626 -0.016709382 -0.071734941
801242 1242.000000 17758100001242000 0.091556720 0.099990921 -0.017509277 -0.072929433
801243 1243.000000 17758100001243000 0.092294864 0.100306816 -0.028059815 -0.080195556
801244 1244.000000 17758100001244000 0.093154527 0.100169917 -0.021505656 -0.065929948
801245 1245.000000 17758100001245000 0.094122149 0.100201195 -0.021114330 -0.083377364
801246 1246.000000 17758100001246000 0.095182464 0.099909223 -0.035674179 -0.074186556
801247 1247.000000 17758100001247000 0.096318752 0.100136130 -0.020459605 -0.003899789
801248 1248.000000 17758100001248000 0.097513102 0.099780545 -0.024902969 -0.022377667
801249 1249.000000 17758100001249000 0.098746665 0.099688739 -0.031406578 -0.008135160
801250 1250.000000 17758100001250000 0.100000001 0.100042023 -0.024263913 0.015722218
801251 1251.000000 17758100001251000 0.101253331 0.099981195 -0.036475977 0.013056721
801252 1252.000000 17758100001252000 0.102486901 0.100127913 -0.027115687 0.036542996
801253 1253.000000 17758100001253000 0.103681244 0.100137538 -0.030554491 0.040268560
801254 1254.000000 17758100001254000 0.104817539 0.100184693 -0.034650067 0.031364508
801255 1255.000000 17758100001255000 0.105877854 0.099604760 -0.032896314 0.054701315
801256 1256.000000 17758100001256000 0.106845468 0.099783314 -0.033910337 0.056317307
801257 1257.000000 17758100001257000 0.107705131 0.099419820 -0.011586514 0.093600320
801258 1258.000000 17758100001258000 0.108443283 0.099911477 -0.015812668 0.068848123
801259 1259.000000 17758100001259000 0.109048270 0.099920799 -0.018769205 0.124005884
801260 1260.000000 17758100001260000 0.109510563 0.100024914 -0.014171037 0.088096976
801261 1261.000000 17758100001261000 0.109822869 0.099606691 -0.008959356 0.070372745
801262 1262.000000 17758100001262000 0.109980270 0.099754997 0.000331692 0.115121785
801263 1263.000000 17758100001263000 0.109980270 0.099827407 0.005581138 0.112881776
801264 1264.000000 17758100001264000 0.109822869 0.099871793 0.004517926 0.087495013
801265 1265.000000 17758100001265000 0.109510563 0.099765051 0.010947780 0.081965172
801266 1266.000000 17758100001266000 0.109048270 0.099951377 0.010765500 0.090325756
801267 1267.000000 17758100001267000 0.108443283 0.099626523 0.018694834 0.088975615
801268 1268.000000 17758100001268000 0.107705131 0.100033128 0.007282381 0.123204257
801269 1269.000000 17758100001269000 0.106845468 0.100096441 0.023665488 0.097094214
801270 1270.000000 17758100001270000 0.105877854 0.099707405 0.030831481 0.048901882
801271 1271.000000 17758100001271000 0.104817539 0.099833389 0.037326885 0.072347523
801272 1272.000000 17758100001272000 0.103681244 0.100189729 0.032448468 0.039275005
801273 1273.000000 17758100001273000 0.102486901 0.099984468 0.023235499 0.054032665
801274 1274.000000 17758100001274000 0.101253331 0.099800146 0.023918082 0.017694868
801275 1275.000000 17758100001275000 0.100000001 0.099894904 0.040331550 -0.001397725
801276 1276.000000 17758100001276000 0.098746665 0.099942710 0.029619017 0.011284637
801277 1277.000000 17758100001277000 0.097513102 0.099761962 0.026436193 -0.046584362
801278 1278.000000 17758100001278000 0.096318752 0.100100869 0.034685685 -0.002176746
801279 1279.000000 17758100001279000 0.095182464 0.099906788 0.020281077 -0.055400992
801280 1280.000000 17758100001280000 0.094122149 0.100193351 0.030628030 -0.061643795
801281 1281.000000 17758100001281000 0.093154527 0.099976254 0.020035208 -0.071591405
801282 1282.000000 17758100001282000 0.092294864 0.100322588 0.017589146 -0.061272647
801283 1283.000000 17758100001283000 0.091556720 0.100433248 0.016448248 -0.116271168
801284 1284.000000 17758100001284000 0.090951726 0.100317312 0.013914987 -0.100706785
801285 1285.000000 17758100001285000 0.090489432 0.100434187 0.008462346 -0.120615142
801286 1286.000000 17758100001286000 0.090177126 0.100588821 0.004710705 -0.081311733
801287 1287.000000 17758100001287000 0.090019733 0.100648646 0.011355997 -0.104239807
801288 1288.000000 17758100001288000 0.090019733 0.100207775 -0.001289574 -0.120016198
801289 1289.000000 17758100001289000 0.090177126 0.100514969 -0.006163778 -0.080653066
801290 1290.000000 17758100001290000 0.090489432 0.100219434 -0.014188114 -0.125211528
801291 1291.000000 17758100001291000 0.090951726 0.100026178 -0.011284948 -0.106670840
801292 1292.000000 17758100001292000 0.091556720 0.100036931 -0.007135567 -0.078754951
801293 1293.000000 17758100001293000 0.092294864 0.100013930 -0.026082543 -0.060300846
801294 1294.000000 17758100001294000 0.093154527 0.100144357 -0.012007271 -0.066381708
801295 1295.000000 17758100001295000 0.094122149 0.100351039 -0.025902463 -0.047884672
801296 1296.000000 17758100001296000 0.095182464 0.100324483 -0.024801517 -0.028865220
801297 1297.000000 17758100001297000 0.096318752 0.100135445 -0.034074502 -0.033351654
801298 1298.000000 17758100001298000 0.097513102 0.100240548 -0.027943856 -0.020935122
801299 1299.000000 17758100001299000 0.098746665 0.099969852 -0.030269537 -0.027596433
801300 1300.000000 17758100001300000 0.100000001 0.099951522 -0.032411169 -0.004599106
801301 1301.000000 17758100001301000 0.101253331 0.099941213 -0.034544845 0.028334516
801302 1302.000000 17758100001302000 0.102486901 0.099918030 -0.031808685 0.031993233
801303 1303.000000 17758100001303000 0.103681244 0.099847017 -0.037236573 0.021188242
801304 1304.000000 17758100001304000 0.104817539 0.099674764 -0.020925778 0.064942197
801305 1305.000000 17758100001305000 0.105877854 0.099979071 -0.026499705 0.057220193
801306 1306.000000 17758100001306000 0.106845468 0.099652747 -0.025174292 0.046928654
801307 1307.000000 17758100001307000 0.107705131 0.099851195 -0.019763048 0.079904343
801308 1308.000000 17758100001308000 0.108443283 0.099732783 -0.021439179 0.071112437
801309 1309.000000 17758100001309000 0.109048270 0.099803163 -0.008920398 0.084754303
801310 1310.000000 17758100001310000 0.109510563 0.099667328 -0.010174288 0.114547027
801311 1311.000000 17758100001311000 0.109822869 0.099639680 -0.017019553 0.063821757
801312 1312.000000 17758100001312000 0.109980270 0.099597792 -0.006601312 0.131448697
801313 1313.000000 17758100001313000 0.109980270 0.099651365 -0.002524949 0.120568624
801314 1314.000000 17758100001314000 0.109822869 0.099716545 0.010659420 0.103306103
801315 1315.000000 17758100001315000 0.109510563 0.099636597 0.002459366 0.078451742
801316 1316.000000 17758100001316000 0.109048270 0.099488244 0.008959075 0.070061859
801317 1317.000000 17758100001317000 0.108443283 0.099751763 0.020836765 0.084459328
801318 1318.000000 17758100001318000 0.107705131 0.099998418 0.010143297 0.081619332
801319 1319.000000 17758100001319000 0.106845468 0.099816396 0.025293514 0.071156381
801320 1320.000000 17758100001320000 0.105877854 0.099435716 0.024902767 0.065648766
801321 1321.000000 17758100001321000 0.104817539 0.099837165 0.027572442 0.070454859
801322 1322.000000 17758100001322000 0.103681244 0.099724133 0.032731351 0.023775261
801323 1323.000000 17758100001323000 0.102486901 0.100109917 0.021437191 0.035744439
801324 1324.000000 17758100001324000 0.101253331 0.099923678 0.035354615 0.012361351
801325 1325.000000 17758100001325000 0.100000001 0.099990769 0.024218623 -0.035525433
801326 1326.000000 17758100001326000 0.098746665 0.100342459 0.029231003 -0.027227528
801327 1327.000000 17758100001327000 0.097513102 0.099893766 0.028321180 -0.023027227
801328 1328.000000 17758100001328000 0.096318752 0.100296057 0.028734595 -0.054089045
801329 1329.000000 17758100001329000 0.095182464 0.099932660 0.017159131 -0.057018924
801330 1330.000000 17758100001330000 0.094122149 0.100242355 0.026258789 -0.089674376
801331 1331.000000 17758100001331000 0.093154527 0.100336875 0.022292703 -0.091411287
801332 1332.000000 17758100001332000 0.092294864 0.100059394 0.021327538 -0.070196000
801333 1333.000000 17758100001333000 0.091556720 0.100389427 0.018792124 -0.072818849
801334 1334.000000 17758100001334000 0.090951726 0.100085054 0.015837219 -0.120136745
801335 1335.000000 17758100001335000 0.090489432 0.100365919 0.013206101 -0.097775254
801336 1336.000000 17758100001336000 0.090177126 0.100441528 0.008354863 -0.120754186
801337 1337.000000 17758100001337000 0.090019733 0.099900251 0.003018489 -0.129045691
801338 1338.000000 17758100001338000 0.090019733 0.100269764 0.011794924 -0.118845850
801339 1339.000000 17758100001339000 0.090177126 0.100443468 -0.001140530 -0.090570315
801340 1340.000000 17758100001340000 0.090489432 0.100302250 -0.002870457 -0.140215745
801341 1341.000000 17758100001341000 0.090951726 0.100471097 -0.021926115 -0.106145731
801342 1342.000000 17758100001342000 0.091556720 0.100579000 -0.018430216 -0.134264340
801343 1343.000000 17758100001343000 0.092294864 0.100109370 -0.018197208 -0.097818789
801344 1344.000000 17758100001344000 0.093154527 0.100227015 -0.015547944 -0.083054153
801345 1345.000000 17758100001345000 0.094122149 0.100174390 -0.029740598 -0.090706748
801346 1346.000000 17758100001346000 0.095182464 0.100357291 -0.036024529 -0.061892974
801347 1347.000000 17758100001347000 0.096318752 0.100336846 -0.030942431 -0.053292735
801348 1348.000000 17758100001348000 0.097513102 0.100090462 -0.021723273 -0.011201855
801349 1349.000000 17758100001349000 0.098746665 0.099990217 -0.029330532 -0.031807760
801350 1350.000000 17758100001350000 0.100000001 0.099929720 -0.024172304 -0.003677304
801351 1351.000000 17758100001351000 0.101253331 0.100030911 -0.025375214 0.033079880
801352 1352.000000 17758100001352000 0.102486901 0.100061954 -0.033160626 0.033361463
801353 1353.000000 17758100001353000 0.103681244 0.099672188 -0.031089163 0.061064800
801354 1354.000000 17758100001354000 0.104817539 0.099598501 -0.031086131 0.035730191
801355 1355.000000 17758100001355000 0.105877854 0.099758927 -0.028370372 0.094567776
801356 1356.000000 17758100001356000 0.106845468 0.100057600 -0.026679906 0.074717302
801357 1357.000000 17758100001357000 0.107705131 0.099810405 -0.028370803 0.093101863
801358 1358.000000 17758100001358000 0.108443283 0.099358929 -0.016301466 0.127436334
801359 1359.000000 17758100001359000 0.109048270 0.100222756 -0.015930353 0.086486604
801360 1360.000000 17758100001360000 0.109510563 0.099576412 -0.008964238 0.103235387
801361 1361.000000 17758100001361000 0.109822869 0.099681451 -0.011039000 0.104183293
801362 1362.000000 17758100001362000 0.109980270 0.100139745 -0.001625137 0.099124620
801363 1363.000000 17758100001363000 0.109980270 0.099963991 0.006771025 0.106536517
801364 1364.000000 17758100001364000 0.109822869 0.100012882 0.000625380 0.071428985
801365 1365.000000 17758100001365000 0.109510563 0.099498224 0.010233657 0.132090513
801366 1366.000000 17758100001366000 0.109048270 0.099720656 0.015686767 0.088328067
801367 1367.000000 17758100001367000 0.108443283 0.099521739 0.017434248 0.080280263
801368 1368.000000 17758100001368000 0.107705131 0.099814639 0.017959343 0.095866711
801369 1369.000000 17758100001369000 0.106845468 0.100035458 0.017565071 0.082246182
801370 1370.000000 17758100001370000 0.105877854 0.099893235 0.025169538 0.051827699
801371 1371.000000 17758100001371000 0.104817539 0.100204082 0.026424918 0.043427166
801372 1372.000000 17758100001372000 0.103681244 0.099894637 0.027694090 0.053570929
801373 1373.000000 17758100001373000 0.102486901 0.100326540 0.026875335 0.012852426
801374 1374.000000 17758100001374000 0.101253331 0.100206003 0.033005971 0.005504429
801375 1375.000000 17758100001375000 0.100000001 0.100081083 0.026185471 -0.011934845
801376 1376.000000 17758100001376000 0.098746665 0.100054564 0.033809041 -0.038248719
801377 1377.000000 17758100001377000 0.097513102 0.100118483 0.034201469 -0.020376039
801378 1378.000000 17758100001378000 0.096318752 0.100058807 0.030863927 -0.022610915
801379 1379.000000 17758100001379000 0.095182464 0.100293063 0.022644264 -0.028144767
801380 1380.000000 17758100001380000 0.094122149 0.100248139 0.033049415 -0.104155033
801381 1381.000000 17758100001381000 0.093154527 0.100361678 0.020845427 -0.084390329
801382 1382.000000 17758100001382000 0.092294864 0.100364288 0.011679098 -0.093643679
801383 1383.000000 17758100001383000 0.091556720 0.100154202 0.011163284 -0.061822368
801384 1384.000000 17758100001384000 0.090951726 0.100106562 0.012827328 -0.099178033
801385 1385.000000 17758100001385000 0.090489432 0.100146842 0.007334342 -0.116947007
801386 1386.000000 17758100001386000 0.090177126 0.100172550 0.017154935 -0.095552778
801387 1387.000000 17758100001387000 0.090019733 0.100225734 0.012881168 -0.091205453
801388 1388.000000 17758100001388000 0.090019733 0.100699272 0.001842913 -0.108132754
801389 1389.000000 17758100001389000 0.090177126 0.100158719 -0.004999112 -0.143009816
801390 1390.000000 17758100001390000 0.090489432 0.100230006 -0.005145573 -0.095784023
801391 1391.000000 17758100001391000 0.090951726 0.100220520 -0.003839482 -0.050736018
801392 1392.000000 17758100001392000 0.091556720 0.099947398 -0.004678707 -0.082210399
801393 1393.000000 17758100001393000 0.092294864 0.100113954 -0.019437537 -0.069175363
801394 1394.000000 17758100001394000 0.093154527 0.100237258 -0.018233665 -0.069491749
801395 1395.000000 17758100001395000 0.094122149 0.100401193 -0.025602836 -0.070478712
801396 1396.000000 17758100001396000 0.095182464 0.100280374 -0.026664332 -0.063342757
801397 1397.000000 17758100001397000 0.096318752 0.100193444 -0.036753158 -0.080788198
801398 1398.000000 17758100001398000 0.097513102 0.099725259 -0.039333257 0.002746132
801399 1399.000000 17758100001399000 0.098746665 0.099848912 -0.026677852 -0.007722944
801400 1400.000000 17758100001400000 0.100000001 0.100415914 -0.034672812 0.005730232
801401 1401.000000 17758100001401000 0.101253331 0.099934706 -0.028844155 -0.020620135
801402 1402.000000 17758100001402000 0.102486901 0.099656754 -0.029201632 0.009195935
801403 1403.000000 17758100001403000 0.103681244 0.100054202 -0.028323779 0.036462900
801404 1404.000000 17758100001404000 0.104817539 0.100015446 -0.031893795 0.035490371
801405 1405.000000 17758100001405000 0.105877854 0.100097298 -0.025529795 0.054944199
801406 1406.000000 17758100001406000 0.106845468 0.100280088 -0.026632384 0.092090730
801407 1407.000000 17758100001407000 0.107705131 0.099800289 -0.018599874 0.058902019
801408 1408.000000 17758100001408000 0.108443283 0.099907305 -0.019191562 0.107140698
801409 1409.000000 17758100001409000 0.109048270 0.099600217 -0.026833835 0.093510517
801410 1410.000000 17758100001410000 0.109510563 0.099878023 -0.013279678 0.112844736
801411 1411.000000 17758100001411000 0.109822869 0.099537178 -0.003611008 0.113637925
801412 1412.000000 17758100001412000 0.109980270 0.099166994 -0.011402970 0.109424262
801413 1413.000000 17758100001413000 0.109980270 0.099972363 0.001189304 0.117354909
801414 1414.000000 17758100001414000 0.109822869 0.100005841 0.005086021 0.103493150
801415 1415.000000 17758100001415000 0.109510563 0.099933021 0.005253481 0.079075209
801416 1416.000000 17758100001416000 0.109048270 0.099623549 0.019412665 0.097864689
801417 1417.000000 17758100001417000 0.108443283 0.099624526 0.013282388 0.094422067
801418 1418.000000 17758100001418000 0.107705131 0.100102366 0.020216561 0.063083362
801419 1419.000000 17758100001419000 0.106845468 0.099943813 0.015429987 0.068820156
801420 1420.000000 17758100001420000 0.105877854 0.099502322 0.019305553 0.049692108
801421 1421.000000 17758100001421000 0.104817539 0.099863543 0.039994713 0.040315995
801422 1422.000000 17758100001422000 0.103681244 0.100044229 0.029761060 0.026601270
801423 1423.000000 17758100001423000 0.102486901 0.099847843 0.036744949 0.040788572
801424 1424.000000 17758100001424000 0.101253331 0.100103784 0.026919047 -0.024726162
801425 1425.000000 17758100001425000 0.100000001 0.099676686 0.027878429 -0.034718814
801426 1426.000000 17758100001426000 0.098746665 0.100029329 0.037400070 -0.024676064
801427 1427.000000 17758100001427000 0.097513102 0.099828738 0.026273242 -0.019092341
801428 1428.000000 17758100001428000 0.096318752 0.100216752 0.028931091 -0.056045540
801429 1429.000000 17758100001429000 0.095182464 0.100227157 0.026370045 -0.064401986
801430 1430.000000 17758100001430000 0.094122149 0.100053883 0.032260538 -0.080254687
801431 1431.000000 17758100001431000 0.093154527 0.100160715 0.020206215 -0.082676767
801432 1432.000000 17758100001432000 0.092294864 0.100489396 0.023254438 -0.099705240
801433 1433.000000 17758100001433000 0.091556720 0.100413826 0.013712637 -0.080010979
801434 1434.000000 17758100001434000 0.090951726 0.100226727 0.011059830 -0.069642452
801435 1435.000000 17758100001435000 0.090489432 0.100152018 0.005293614 -0.110476303
801436 1436.000000 17758100001436000 0.090177126 0.100187290 0.010778811 -0.119151248
801437 1437.000000 17758100001437000 0.090019733 0.100270873 0.000917332 -0.082921673
801438 1438.000000 17758100001438000 0.090019733 0.100172094 0.001628637 -0.140535633
801439 1439.000000 17758100001439000 0.090177126 0.099733074 -0.002614064 -0.098490647
801440 1440.000000 17758100001440000 0.090489432 0.100364453 -0.008827422 -0.111717161
801441 1441.000000 17758100001441000 0.090951726 0.100028661 -0.003847261 -0.089699097
801442 1442.000000 17758100001442000 0.091556720 0.100000543 -0.011394801 -0.050889594
801443 1443.000000 17758100001443000 0.092294864 0.100274100 -0.029458648 -0.036969887
801444 1444.000000 17758100001444000 0.093154527 0.100168601 -0.021744018 -0.080191794
801445 1445.000000 17758100001445000 0.094122149 0.100100459 -0.024295592 -0.074131303
801446 1446.000000 17758100001446000 0.095182464 0.100099587 -0.025655356 -0.055965348
801447 1447.000000 17758100001447000 0.096318752 0.099857346 -0.031881831 -0.024285576
801448 1448.000000 17758100001448000 0.097513102 0.099926649 -0.027157108 0.012349557
801449 1449.000000 17758100001449000 0.098746665 0.100472872 -0.026723418 -0.045579998
801450 1450.000000 17758100001450000 0.100000001 0.100106537 -0.034052104 0.007935656
801451 1451.000000 17758100001451000 0.101253331 0.099789775 -0.031305039 0.026124021
801452 1452.000000 17758100001452000 0.102486901 0.099921572 -0.027697674 0.029090795
801453 1453.000000 17758100001453000 0.103681244 0.100117104 -0.030680839 0.062496820
801454 1454.000000 17758100001454000 0.104817539 0.099676704 -0.030681551 0.045801084
801455 1455.000000 17758100001455000 0.105877854 0.099767211 -0.025655968 0.089025319
801456 1456.000000 17758100001456000 0.106845468 0.099575572 -0.019819822 0.095652357
801457 1457.000000 17758100001457000 0.107705131 0.100054942 -0.014843809 0.058115896
801458 1458.000000 17758100001458000 0.108443283 0.099628573 -0.019277147 0.108571515
801459 1459.000000 17758100001459000 0.109048270 0.099773234 -0.011615079 0.114321587
801460 1460.000000 17758100001460000 0.109510563 0.099340445 -0.009680398 0.086879105
801461 1461.000000 17758100001461000 0.109822869 0.099745266 -0.009561317 0.075879517
801462 1462.000000 17758100001462000 0.109980270 0.099476787 -0.007900315 0.090153584
801463 1463.000000 17758100001463000 0.109980270 0.099699289 0.007692201 0.087961815
801464 1464.000000 17758100001464000 0.109822869 0.099916380 -0.002184915 0.101654881
801465 1465.000000 17758100001465000 0.109510563 0.099710894 0.003972520 0.077008293
801466 1466.000000 17758100001466000 0.109048270 0.099432825 0.009248721 0.108620578
801467 1467.000000 17758100001467000 0.108443283 0.099542597 0.018839260 0.079973905
801468 1468.000000 17758100001468000 0.107705131 0.100055655 0.026640585 0.075954497
801469 1469.000000 17758100001469000 0.106845468 0.099942929 0.021614261 0.087731478
801470 1470.000000 17758100001470000 0.105877854 0.099932286 0.030008083 0.058927732
801471 1471.000000 17758100001471000 0.104817539 0.099837607 0.025218910 0.078825285
801472 1472.000000 17758100001472000 0.103681244 0.099805538 0.026474183 0.004101865
801473 1473.000000 17758100001473000 0.102486901 0.100262699 0.029791631 0.002398519
801474 1474.000000 17758100001474000 0.101253331 0.099937708 0.030922959 -0.021890233
801475 1475.000000 17758100001475000 0.100000001 0.100401584 0.029788228 0.003453731
801476 1476.000000 17758100001476000 0.098746665 0.099842870 0.025573417 -0.015917940
801477 1477.000000 17758100001477000 0.097513102 0.100171246 0.022626652 -0.007077371
801478 1478.000000 17758100001478000 0.096318752 0.100410007 0.034388873 -0.058294616
801479 1479.000000 17758100001479000 0.095182464 0.100041170 0.020908712 -0.038558956
801480 1480.000000 17758100001480000 0.094122149 0.100057008 0.024473847 -0.066891126
801481 1481.000000 17758100001481000 0.093154527 0.100463470 0.022805761 -0.041397545
801482 1482.000000 17758100001482000 0.092294864 0.100172481 0.022039957 -0.110176846
801483 1483.000000 17758100001483000 0.091556720 0.100245987 0.025118883 -0.065595088
801484 1484.000000 17758100001484000 0.090951726 0.100157793 0.012430564 -0.079943410
801485 1485.000000 17758100001485000 0.090489432 0.100429246 0.016893060 -0.098764135
801486 1486.000000 17758100001486000 0.090177126 0.100495173 0.000265539 -0.101436303
801487 1487.000000 17758100001487000 0.090019733 0.099958764 -0.007961958 -0.087014492
801488 1488.000000 17758100001488000 0.090019733 0.100270445 -0.006330769 -0.114611497
801489 1489.000000 17758100001489000 0.090177126 0.100368995 -0.007462018 -0.109485310
801490 1490.000000 17758100001490000 0.090489432 0.100428506 -0.011061419 -0.092980933
801491 1491.000000 17758100001491000 0.090951726 0.100536036 -0.016711209 -0.094356308
801492 1492.000000 17758100001492000 0.091556720 0.100351519 -0.015941005 -0.132453832
801493 1493.000000 17758100001493000 0.092294864 0.099892228 -0.024662277 -0.093773985
801494 1494.000000 17758100001494000 0.093154527 0.100240046 -0.025376246 -0.070049492
801495 1495.000000 17758100001495000 0.094122149 0.100249443 -0.015660582 -0.086438183
801496 1496.000000 17758100001496000 0.095182464 0.099947405 -0.027533288 -0.036497552
801497 1497.000000 17758100001497000 0.096318752 0.100103354 -0.030083582 -0.057391503
801498 1498.000000 17758100001498000 0.097513102 0.100088635 -0.027624388 -0.020325973
801499 1499.000000 17758100001499000 0.098746665 0.099715472 -0.030326991 -0.011712138
801500 1500.000000 17758100001500000 0.100000001 0.099916239 -0.023705033 -0.013863664
801501 1501.000000 17758100001501000 0.101253331 0.100221046 -0.036712983 0.025975077
801502 1502.000000 17758100001502000 0.102486901 0.099557624 -0.039438109 0.066997216
801503 1503.000000 17758100001503000 0.103681244 0.100085596 -0.022602618 0.026356654
801504 1504.000000 17758100001504000 0.104817539 0.099996082 -0.018972042 0.026894218
801505 1505.000000 17758100001505000 0.105877854 0.099774189 -0.028919715 0.066715032
801506 1506.000000 17758100001506000 0.106845468 0.100072734 -0.022021461 0.087645515
801507 1507.000000 17758100001507000 0.107705131 0.099625370 -0.015406646 0.067363714
801508 1508.000000 17758100001508000 0.108443283 0.099521159 -0.013855716 0.080018361
801509 1509.000000 17758100001509000 0.109048270 0.099919715 -0.011190571 0.101201002
801510 1510.000000 17758100001510000 0.109510563 0.099441406 -0.009579093 0.084152460
801511 1511.000000 17758100001511000 0.109822869 0.099462699 -0.005126482 0.114611824
801512 1512.000000 17758100001512000 0.109980270 0.099896841 -0.007407786 0.085080170
801513 1513.000000 17758100001513000 0.109980270 0.099659424 0.006112784 0.078786686
801514 1514.000000 17758100001514000 0.109822869 0.099683816 -0.000715574 0.109536675
801515 1515.000000 17758100001515000 0.109510563 0.099691672 0.004000799 0.119388761
801516 1516.000000 17758100001516000 0.109048270 0.099844115 0.012470962 0.085136297
801517 1517.000000 17758100001517000 0.108443283 0.100091382 0.010472081 0.105455977
801518 1518.000000 17758100001518000 0.107705131 0.100037724 0.025203545 0.045379907
801519 1519.000000 17758100001519000 0.106845468 0.100448626 0.025285785 0.090637608
801520 1520.000000 17758100001520000 0.105877854 0.099481520 0.026472618 0.061743334
801521 1521.000000 17758100001521000 0.104817539 0.100187112 0.022583866 0.081110347
801522 1522.000000 17758100001522000 0.103681244 0.100044437 0.014524730 0.059497985
801523 1523.000000 17758100001523000 0.102486901 0.099737443 0.030342412 0.034111498
801524 1524.000000 17758100001524000 0.101253331 0.100037936 0.029889715 0.028571762
801525 1525.000000 17758100001525000 0.100000001 0.100289079 0.025617058 -0.013775811
801526 1526.000000 17758100001526000 0.098746665 0.100324866 0.033363507 -0.013316925
801527 1527.000000 17758100001527000 0.097513102 0.099798747 0.035116105 -0.013816929
801528 1528.000000 17758100001528000 0.096318752 0.100159474 0.037576435 -0.014383605
801529 1529.000000 17758100001529000 0.095182464 0.099837726 0.028517830 -0.052721613
801530 1530.000000 17758100001530000 0.094122149 0.100310500 0.024731837 -0.048000174
801531 1531.000000 17758100001531000 0.093154527 0.099875211 0.028608473 -0.098572239
801532 1532.000000 17758100001532000 0.092294864 0.099822373 0.010880415 -0.068606787
801533 1533.000000 17758100001533000 0.091556720 0.100226274 0.015845329 -0.128396784
801534 1534.000000 17758100001534000 0.090951726 0.099959729 0.014499067 -0.043900818
801535 1535.000000 17758100001535000 0.090489432 0.100227235 0.015316194 -0.121085314
801536 1536.000000 17758100001536000 0.090177126 0.099994176 0.007422465 -0.069654760
801537 1537.000000 17758100001537000 0.090019733 0.099882233 0.002837070 -0.128777322
801538 1538.000000 17758100001538000 0.090019733 0.100420553 0.002481603 -0.117587609
801539 1539.000000 17758100001539000 0.090177126 0.100082814 -0.013571165 -0.122907920
801540 1540.000000 17758100001540000 0.090489432 0.100301381 -0.006124015 -0.093240205
801541 1541.000000 17758100001541000 0.090951726 0.100210559 -0.016581092 -0.095414796
801542 1542.000000 17758100001542000 0.091556720 0.100327290 -0.019326919 -0.067846596
801543 1543.000000 17758100001543000 0.092294864 0.099962391 -0.026305877 -0.054008618
801544 1544.000000 17758100001544000 0.093154527 0.100305226 -0.017811752 -0.089446721
801545 1545.000000 17758100001545000 0.094122149 0.100251891 -0.021102553 -0.067098422
801546 1546.000000 17758100001546000 0.095182464 0.100490957 -0.024442789 -0.028552557
801547 1547.000000 17758100001547000 0.096318752 0.100178151 -0.028195994 -0.035281577
801548 1548.000000 17758100001548000 0.097513102 0.099962472 -0.027403806 -0.047533670
801549 1549.000000 17758100001549000 0.098746665 0.099960062 -0.028225929 -0.015518255
801550 1550.000000 17758100001550000 0.100000001 0.100052592 -0.032772284 0.026019774
801551 1551.000000 17758100001551000 0.101253331 0.099751629 -0.037800376 0.020361357
801552 1552.000000 17758100001552000 0.102486901 0.099792703 -0.036429106 0.027248299
801553 1553.000000 17758100001553000 0.103681244 0.099909570 -0.020365050 0.039494211
801554 1554.000000 17758100001554000 0.104817539 0.100217633 -0.035479109 0.015668529
801555 1555.000000 17758100001555000 0.105877854 0.099620536 -0.026892694 0.068792239
801556 1556.000000 17758100001556000 0.106845468 0.099740268 -0.032527137 0.084013379
801557 1557.000000 17758100001557000 0.107705131 0.099557334 -0.017863780 0.099597195
801558 1558.000000 17758100001558000 0.108443283 0.099961319 -0.010700786 0.118459118
801559 1559.000000 17758100001559000 0.109048270 0.099800054 -0.012842860 0.110283507
801560 1560.000000 17758100001560000 0.109510563 0.099525141 -0.016553266 0.134320670
801561 1561.000000 17758100001561000 0.109822869 0.099738727 -0.006884970 0.097008216
801562 1562.000000 17758100001562000 0.109980270 0.099910324 -0.000225506 0.104340388
801563 1563.000000 17758100001563000 0.109980270 0.099082426 0.001434698 0.114268270
801564 1564.000000 17758100001564000 0.109822869 0.099578481 0.002819133 0.117075563
801565 1565.000000 17758100001565000 0.109510563 0.100123358 0.008159886 0.083376986
801566 1566.000000 17758100001566000 0.109048270 0.099980712 0.005858294 0.078393285
801567 1567.000000 17758100001567000 0.108443283 0.099699028 0.022324767 0.117982938
801568 1568.000000 17758100001568000 0.107705131 0.099672112 0.019589747 0.103439508
801569 1569.000000 17758100001569000 0.106845468 0.099751708 0.020435031 0.083213354
801570 1570.000000 17758100001570000 0.105877854 0.099880551 0.023239439 0.095403176
801571 1571.000000 17758100001571000 0.104817539 0.099910075 0.019603356 0.011296699
801572 1572.000000 17758100001572000 0.103681244 0.099657633 0.030744222 0.091275165
801573 1573.000000 17758100001573000 0.102486901 0.100098554 0.025483987 0.043204185
801574 1574.000000 17758100001574000 0.101253331 0.100094353 0.026096566 0.038034429
801575 1575.000000 17758100001575000 0.100000001 0.099896610 0.026547053 0.000526105
801576 1576.000000 17758100001576000 0.098746665 0.099885789 0.024695476 0.007328150
801577 1577.000000 17758100001577000 0.097513102 0.100332720 0.033713619 -0.033558492
801578 1578.000000 17758100001578000 0.096318752 0.100117716 0.025095947 -0.048030297
801579 1579.000000 17758100001579000 0.095182464 0.100361045 0.030047432 -0.052536076
801580 1580.000000 17758100001580000 0.094122149 0.100223213 0.021284093 -0.036446803
801581 1581.000000 17758100001581000 0.093154527 0.100152927 0.029780980 -0.037881813
801582 1582.000000 17758100001582000 0.092294864 0.100243217 0.021916555 -0.087256861
801583 1583.000000 17758100001583000 0.091556720 0.100326903 0.019364049 -0.074634587
801584 1584.000000 17758100001584000 0.090951726 0.100090225 0.019050939 -0.087119489
801585 1585.000000 17758100001585000 0.090489432 0.099948925 0.016956475 -0.104500117
801586 1586.000000 17758100001586000 0.090177126 0.100082024 0.007357018 -0.108572125
801587 1587.000000 17758100001587000 0.090019733 0.100135129 -0.002563456 -0.117797203
801588 1588.000000 17758100001588000 0.090019733 0.100787231 0.003814636 -0.135605296
801589 1589.000000 17758100001589000 0.090177126 0.100290956 -0.008625024 -0.103927991
801590 1590.000000 17758100001590000 0.090489432 0.100247592 -0.007123421 -0.121776461
801591 1591.000000 17758100001591000 0.090951726 0.100051422 -0.005963578 -0.113459362
801592 1592.000000 17758100001592000 0.091556720 0.100470557 -0.007710462 -0.071050019
801593 1593.000000 17758100001593000 0.092294864 0.100091104 -0.024905763 -0.075214705
801594 1594.000000 17758100001594000 0.093154527 0.099955053 -0.019600110 -0.057383829
801595 1595.000000 17758100001595000 0.094122149 0.100208544 -0.024614243 -0.056401327
801596 1596.000000 17758100001596000 0.095182464 0.099978388 -0.024422460 -0.045314695
801597 1597.000000 17758100001597000 0.096318752 0.100119004 -0.032318530 -0.005535971
801598 1598.000000 17758100001598000 0.097513102 0.100031394 -0.024246810 -0.032854110
801599 1599.000000 17758100001599000 0.098746665 0.100210345 -0.032477016 -0.037307506
801600 1600.000000 17758100001600000 0.100000001 0.099861852 -0.025820399 0.032784742
801601 1601.000000 17758100001601000 0.101253331 0.099939830 -0.016428110 0.043003017
801602 1602.000000 17758100001602000 0.102486901 0.100056762 -0.028773325 0.047890331
801603 1603.000000 17758100001603000 0.103681244 0.099885586 -0.034909218 0.014473664
801604 1604.000000 17758100001604000 0.104817539 0.099615065 -0.031375882 0.079679837
801605 1605.000000 17758100001605000 0.105877854 0.100153664 -0.034928009 0.052126222
801606 1606.000000 17758100001606000 0.106845468 0.099830116 -0.020551177 0.091270415
801607 1607.000000 17758100001607000 0.107705131 0.099763649 -0.021363024 0.106285556
801608 1608.000000 17758100001608000 0.108443283 0.099900118 -0.022277113 0.092491626
801609 1609.000000 17758100001609000 0.109048270 0.099420880 -0.019958099 0.132569354
801610 1610.000000 17758100001610000 0.109510563 0.099778685 -0.010656528 0.086154447
801611 1611.000000 17758100001611000 0.109822869 0.099698436 -0.001592795 0.113217361
801612 1612.000000 17758100001612000 0.109980270 0.099906182 -0.006462047 0.061078840
801613 1613.000000 17758100001613000 0.109980270 0.099627558 0.000035739 0.128615250
801614 1614.000000 17758100001614000 0.109822869 0.099587076 0.013159067 0.130713715
801615 1615.000000 17758100001615000 0.109510563 0.099830572 0.008793064 0.094977721
801616 1616.000000 17758100001616000 0.109048270 0.099451447 0.018993374 0.067721009
801617 1617.000000 17758100001617000 0.108443283 0.099829133 0.023344364 0.108935790
801618 1618.000000 17758100001618000 0.107705131 0.099836853 0.022459865 0.107632385
801619 1619.000000 17758100001619000 0.106845468 0.100249963 0.015211943 0.105623160
801620 1620.000000 17758100001620000 0.105877854 0.099834595 0.024005974 0.077072843
801621 1621.000000 17758100001621000 0.104817539 0.099787770 0.018545999 0.012676483
801622 1622.000000 17758100001622000 0.103681244 0.099880936 0.034745723 0.034928756
801623 1623.000000 17758100001623000 0.102486901 0.099859196 0.029066221 0.076972902
801624 1624.000000 17758100001624000 0.101253331 0.100196659 0.024754139 -0.011906471
801625 1625.000000 17758100001625000 0.100000001 0.099925075 0.037981236 0.027075370
801626 1626.000000 17758100001626000 0.098746665 0.100017060 0.037124801 -0.010923175
801627 1627.000000 17758100001627000 0.097513102 0.100262278 0.034295269 -0.034280334
801628 1628.000000 17758100001628000 0.096318752 0.100378578 0.030838704 -0.017941873
801629 1629.000000 17758100001629000 0.095182464 0.100000757 0.025540789 -0.032651769
801630 1630.000000 17758100001630000 0.094122149 0.099969005 0.019320073 -0.057605870
801631 1631.000000 17758100001631000 0.093154527 0.100206416 0.027045126 -0.066799545
801632 1632.000000 17758100001632000 0.092294864 0.100511673 0.014417873 -0.109000102
801633 1633.000000 17758100001633000 0.091556720 0.100222078 0.012898104 -0.065072685
801634 1634.000000 17758100001634000 0.090951726 0.100407927 0.008563547 -0.119484372
801635 1635.000000 17758100001635000 0.090489432 0.100067466 0.017325391 -0.099727636
801636 1636.000000 17758100001636000 0.090177126 0.100140826 0.002958332 -0.142320003
801637 1637.000000 17758100001637000 0.090019733 0.100378286 -0.003393968 -0.118909774
801638 1638.000000 17758100001638000 0.090019733 0.100505594 -0.000792620 -0.134427947
801639 1639.000000 17758100001639000 0.090177126 0.100180302 0.005109632 -0.118235487
801640 1640.000000 17758100001640000 0.090489432 0.100313251 -0.005885715 -0.105276910
801641 1641.000000 17758100001641000 0.090951726 0.099906070 -0.012663593 -0.085528326
801642 1642.000000 17758100001642000 0.091556720 0.100251988 -0.016833285 -0.108923563
801643 1643.000000 17758100001643000 0.092294864 0.100428521 -0.020859463 -0.104247581
801644 1644.000000 17758100001644000 0.093154527 0.100315182 -0.026354928 -0.057324397
801645 1645.000000 17758100001645000 0.094122149 0.100543836 -0.017887806 -0.047287057
801646 1646.000000 17758100001646000 0.095182464 0.100306809 -0.016340946 -0.048375099
801647 1647.000000 17758100001647000 0.096318752 0.100059844 -0.030586806 -0.068428434
801648 1648.000000 17758100001648000 0.097513102 0.099912857 -0.033257845 -0.044383991
801649 1649.000000 17758100001649000 0.098746665 0.099723765 -0.028875904 -0.021300981
801650 1650.000000 17758100001650000 0.100000001 0.100037522 -0.027479793 -0.012527519
801651 1651.000000 17758100001651000 0.101253331 0.099818450 -0.033635161 -0.005229721
801652 1652.000000 17758100001652000 0.102486901 0.099697381 -0.033909142 0.014632127
801653 1653.000000 17758100001653000 0.103681244 0.099706738 -0.033515316 0.010782985
801654 1654.000000 17758100001654000 0.104817539 0.100382985 -0.018325282 0.069841342
801655 1655.000000 17758100001655000 0.105877854 0.099781973 -0.023739714 0.042029419
801656 1656.000000 17758100001656000 0.106845468 0.100226374 -0.035237157 0.088765333
801657 1657.000000 17758100001657000 0.107705131 0.100001173 -0.025434519 0.107348999
801658 1658.000000 17758100001658000 0.108443283 0.099724349 -0.022233855 0.129229886
801659 1659.000000 17758100001659000 0.109048270 0.099538489 -0.007772041 0.100916007
801660 1660.000000 17758100001660000 0.109510563 0.099626522 -0.014260653 0.103335569
801661 1661.000000 17758100001661000 0.109822869 0.100122124 -0.006617594 0.107245446
801662 1662.000000 17758100001662000 0.109980270 0.099626077 -0.011461392 0.094641976
801663 1663.000000 17758100001663000 0.109980270 0.099747417 -0.000230347 0.149310086
801664 1664.000000 17758100001664000 0.109822869 0.099614207 0.007595427 0.096994693
801665 1665.000000 17758100001665000 0.109510563 0.099698398 0.009836734 0.108322003
801666 1666.000000 17758100001666000 0.109048270 0.099670217 0.020849402 0.080688960
801667 1667.000000 17758100001667000 0.108443283 0.099306577 0.012855673 0.097815184
801668 1668.000000 17758100001668000 0.107705131 0.099725756 0.017743596 0.088042754
801669 1669.000000 17758100001669000 0.106845468 0.100056331 0.019246031 0.101874584
801670 1670.000000 17758100001670000 0.105877854 0.099906983 0.018659218 0.076968044
801671 1671.000000 17758100001671000 0.104817539 0.099842892 0.029206701 0.053246591
801672 1672.000000 17758100001672000 0.103681244 0.100093682 0.021676959 0.055893804
801673 1673.000000 17758100001673000 0.102486901 0.099965159 0.027200343 0.026921708
801674 1674.000000 17758100001674000 0.101253331 0.100005163 0.025339303 0.017146303
801675 1675.000000 17758100001675000 0.100000001 0.099972737 0.026572924 -0.013333682
801676 1676.000000 17758100001676000 0.098746665 0.100067140 0.028457926 0.000806953
801677 1677.000000 17758100001677000 0.097513102 0.100282404 0.028172945 -0.006962849
801678 1678.000000 17758100001678000 0.096318752 0.099967817 0.027229198 -0.042817204
801679 1679.000000 17758100001679000 0.095182464 0.099840038 0.021323168 -0.043469545
801680 1680.000000 17758100001680000 0.094122149 0.100113335 0.029795298 -0.039924641
801681 1681.000000 17758100001681000 0.093154527 0.100081958 0.014927238 -0.046165550
801682 1682.000000 17758100001682000 0.092294864 0.100334408 0.019346990 -0.061139930
801683 1683.000000 17758100001683000 0.091556720 0.100277489 0.016544890 -0.136847121
801684 1684.000000 17758100001684000 0.090951726 0.100295282 0.021264963 -0.104383219
801685 1685.000000 17758100001685000 0.090489432 0.100641499 0.007613846 -0.074248901
801686 1686.000000 17758100001686000 0.090177126 0.100179358 0.010912500 -0.144626705
801687 1687.000000 17758100001687000 0.090019733 0.100290209 0.002595838 -0.123748951
801688 1688.000000 17758100001688000 0.090019733 0.100360298 -0.007740449 -0.149860439
801689 1689.000000 17758100001689000 0.090177126 0.100151885 -0.002663427 -0.095350700
801690 1690.000000 17758100001690000 0.090489432 0.100446746 -0.009751875 -0.088361911
801691 1691.000000 17758100001691000 0.090951726 0.100261759 -0.011119055 -0.126597495
801692 1692.000000 17758100001692000 0.091556720 0.100333566 -0.015226768 -0.117934476
801693 1693.000000 17758100001693000 0.092294864 0.099996988 -0.022074207 -0.088312512
801694 1694.000000 17758100001694000 0.093154527 0.100296869 -0.019835990 -0.027648019
801695 1695.000000 17758100001695000 0.094122149 0.100143559 -0.027126987 -0.067311257
801696 1696.000000 17758100001696000 0.095182464 0.100088601 -0.028502762 -0.017427069
801697 1697.000000 17758100001697000 0.096318752 0.100235875 -0.033693233 -0.040184031
801698 1698.000000 17758100001698000 0.097513102 0.100272474 -0.033116915 0.026925244
801699 1699.000000 17758100001699000 0.098746665 0.100250231 -0.028441039 -0.020890795
801700 1700.000000 17758100001700000 0.100000001 0.099731813 -0.035810554 -0.029186834
801701 1701.000000 17758100001701000 0.101253331 0.099890917 -0.032090280 -0.005776001
801702 1702.000000 17758100001702000 0.102486901 0.100121221 -0.025705650 0.053744893
801703 1703.000000 17758100001703000 0.103681244 0.099695716 -0.026972197 0.078410121
801704 1704.000000 17758100001704000 0.104817539 0.099888222 -0.026484191 0.055351255
801705 1705.000000 17758100001705000 0.105877854 0.100049361 -0.025681372 0.084842698
801706 1706.000000 17758100001706000 0.106845468 0.099511355 -0.023778764 0.072214349
801707 1707.000000 17758100001707000 0.107705131 0.099488242 -0.018627876 0.101882907
801708 1708.000000 17758100001708000 0.108443283 0.099521418 -0.019907054 0.091254334
801709 1709.000000 17758100001709000 0.109048270 0.099444135 -0.009717053 0.099187232
801710 1710.000000 17758100001710000 0.109510563 0.099526098 -0.003025090 0.102930711
801711 1711.000000 17758100001711000 0.109822869 0.099656861 -0.006660609 0.095293287
801712 1712.000000 17758100001712000 0.109980270 0.100038024 -0.000714041 0.114253211
801713 1713.000000 17758100001713000 0.109980270 0.099769546 -0.010431363 0.064660977
801714 1714.000000 17758100001714000 0.109822869 0.099659903 0.007823266 0.145255976
801715 1715.000000 17758100001715000 0.109510563 0.099546424 0.014007052 0.123520530
801716 1716.000000 17758100001716000 0.109048270 0.100171630 -0.007395769 0.119300625
801717 1717.000000 17758100001717000 0.108443283 0.099969066 0.011731239 0.108126167
801718 1718.000000 17758100001718000 0.107705131 0.099406175 0.014584020 0.071762642
801719 1719.000000 17758100001719000 0.106845468 0.099344348 0.022690783 0.030595779
801720 1720.000000 17758100001720000 0.105877854 0.099847677 0.021778871 0.044990125
801721 1721.000000 17758100001721000 0.104817539 0.099786578 0.036233872 0.053210325
801722 1722.000000 17758100001722000 0.103681244 0.100198958 0.027597779 0.018881852
801723 1723.000000 17758100001723000 0.102486901 0.099950358 0.044249088 0.010383988
801724 1724.000000 17758100001724000 0.101253331 0.100007807 0.028101439 0.005621258
801725 1725.000000 17758100001725000 0.100000001 0.100164363 0.028137031 -0.006317754
801726 1726.000000 17758100001726000 0.098746665 0.099819886 0.034061100 -0.036995879
801727 1727.000000 17758100001727000 0.097513102 0.099879817 0.028000892 -0.022956503
801728 1728.000000 17758100001728000 0.096318752 0.099959083 0.033753832 -0.039348428
801729 1729.000000 17758100001729000 0.095182464 0.099905772 0.038668582 -0.047797614
801730 1730.000000 17758100001730000 0.094122149 0.100072083 0.024522712 -0.068463758
801731 1731.000000 17758100001731000 0.093154527 0.100321765 0.022877694 -0.061840268
801732 1732.000000 17758100001732000 0.092294864 0.100087218 0.021792735 -0.106201832
801733 1733.000000 17758100001733000 0.091556720 0.100279841 0.009542921 -0.103458879
801734 1734.000000 17758100001734000 0.090951726 0.100327026 0.007376266 -0.123169876
801735 1735.000000 17758100001735000 0.090489432 0.100503150 0.013793069 -0.106142252
801736 1736.000000 17758100001736000 0.090177126 0.100556940 0.008979675 -0.102477671
801737 1737.000000 17758100001737000 0.090019733 0.100246509 0.007275303 -0.102668924
801738 1738.000000 17758100001738000 0.090019733 0.100012443 0.005351894 -0.118068742
801739 1739.000000 17758100001739000 0.090177126 0.100715072 0.000124615 -0.126141684
801740 1740.000000 17758100001740000 0.090489432 0.100326022 -0.010577494 -0.088618288
801741 1741.000000 17758100001741000 0.090951726 0.100407012 -0.011128352 -0.053182752
801742 1742.000000 17758100001742000 0.091556720 0.100400193 -0.013691773 -0.095982371
801743 1743.000000 17758100001743000 0.092294864 0.100467096 -0.018841209 -0.079170187
801744 1744.000000 17758100001744000 0.093154527 0.100027742 -0.020908060 -0.087197103
801745 1745.000000 17758100001745000 0.094122149 0.100308068 -0.031926703 -0.064879870
801746 1746.000000 17758100001746000 0.095182464 0.100075132 -0.031980940 -0.052584237
801747 1747.000000 17758100001747000 0.096318752 0.099615679 -0.031386176 -0.044450403
801748 1748.000000 17758100001748000 0.097513102 0.100112650 -0.023498759 -0.070515823
801749 1749.000000 17758100001749000 0.098746665 0.099936587 -0.021599527 0.024592530
801750 1750.000000 17758100001750000 0.100000001 0.099853482 -0.040340401 0.032125537
801751 1751.000000 17758100001751000 0.101253331 0.100151749 -0.026337665 0.045900158
801752 1752.000000 17758100001752000 0.102486901 0.100178580 -0.029240280 -0.009514114
801753 1753.000000 17758100001753000 0.103681244 0.099701598 -0.028632550 0.059936497
801754 1754.000000 17758100001754000 0.104817539 0.099815701 -0.033626488 0.086644796
801755 1755.000000 17758100001755000 0.105877854 0.099646488 -0.021858317 0.051733061
801756 1756.000000 17758100001756000 0.106845468 0.099479130 -0.017252364 0.060373260
801757 1757.000000 17758100001757000 0.107705131 0.099624018 -0.017808652 0.085049070
801758 1758.000000 17758100001758000 0.108443283 0.099802816 -0.018153575 0.145669334
801759 1759.000000 17758100001759000 0.109048270 0.099955799 -0.028090474 0.147158256
801760 1760.000000 17758100001760000 0.109510563 0.099960840 -0.006542597 0.090000223
801761 1761.000000 17758100001761000 0.109822869 0.099625870 -0.008684150 0.120012173
801762 1762.000000 17758100001762000 0.109980270 0.100083334 -0.000486440 0.112381423
801763 1763.000000 17758100001763000 0.109980270 0.099933739 0.002402699 0.090214261
801764 1764.000000 17758100001764000 0.109822869 0.099787627 -0.001098831 0.085962195
801765 1765.000000 17758100001765000 0.109510563 0.099565918 0.006869701 0.059726678
801766 1766.000000 17758100001766000 0.109048270 0.099835872 0.007396513 0.104343705
801767 1767.000000 17758100001767000 0.108443283 0.099723714 0.019672599 0.094140317
801768 1768.000000 17758100001768000 0.107705131 0.099647158 0.014159719 0.054470452
801769 1769.000000 17758100001769000 0.106845468 0.099625826 0.015145860 0.106749044
801770 1770.000000 17758100001770000 0.105877854 0.099496756 0.018773419 0.059453247
801771 1771.000000 17758100001771000 0.104817539 0.100095707 0.029570018 0.066358932
801772 1772.000000 17758100001772000 0.103681244 0.099484092 0.028043469 0.015675848
801773 1773.000000 17758100001773000 0.102486901 0.099912510 0.031996255 0.040113120
801774 1774.000000 17758100001774000 0.101253331 0.100130513 0.030491644 0.016977121
801775 1775.000000 17758100001775000 0.100000001 0.100149824 0.041631920 0.028313663
801776 1776.000000 17758100001776000 0.098746665 0.100285190 0.030914366 -0.010208588
801777 1777.000000 17758100001777000 0.097513102 0.100189694 0.027004356 0.010487747
801778 1778.000000 17758100001778000 0.096318752 0.099760671 0.032000573 -0.026411443
801779 1779.000000 17758100001779000 0.095182464 0.100206612 0.031462188 -0.038655815
801780 1780.000000 17758100001780000 0.094122149 0.099959897 0.029495857 -0.055983358
801781 1781.000000 17758100001781000 0.093154527 0.099714520 0.025669338 -0.069854775
801782 1782.000000 17758100001782000 0.092294864 0.099797435 0.027011108 -0.062864970
801783 1783.000000 17758100001783000 0.091556720 0.100521074 0.019694967 -0.106016896
801784 1784.000000 17758100001784000 0.090951726 0.100197598 0.015049630 -0.124149003
801785 1785.000000 17758100001785000 0.090489432 0.100479111 0.005300046 -0.107977644
801786 1786.000000 17758100001786000 0.090177126 0.100007804 -0.000086144 -0.086573831
801787 1787.000000 17758100001787000 0.090019733 0.100256555 -0.005740724 -0.082126017
801788 1788.000000 17758100001788000 0.090019733 0.100081943 0.005006339 -0.082287545
801789 1789.000000 17758100001789000 0.090177126 0.100066280 -0.007153857 -0.101898811
801790 1790.000000 17758100001790000 0.090489432 0.100293571 -0.009964368 -0.090577529
801791 1791.000000 17758100001791000 0.090951726 0.100142990 -0.012504468 -0.093195886
801792 1792.000000 17758100001792000 0.091556720 0.100320045 -0.021902372 -0.098991411
801793 1793.000000 17758100001793000 0.092294864 0.100358987 -0.016604973 -0.076723535
801794 1794.000000 17758100001794000 0.093154527 0.099784942 -0.026806402 -0.062846771
801795 1795.000000 17758100001795000 0.094122149 0.099817321 -0.023770831 -0.069930623
801796 1796.000000 17758100001796000 0.095182464 0.100185289 -0.031617019 -0.051037836
801797 1797.000000 17758100001797000 0.096318752 0.100156098 -0.025272475 -0.034014107
801798 1798.000000 17758100001798000 0.097513102 0.100529373 -0.032891325 -0.020282723
801799 1799.000000 17758100001799000 0.098746665 0.100231363 -0.029998962 -0.028152725
801800 1800.000000 17758100001800000 0.100000001 0.100195891 -0.031837863 0.015695712
801801 1801.000000 17758100001801000 0.101253331 0.099830617 -0.037717257 -0.010448096
801802 1802.000000 17758100001802000 0.102486901 0.100004455 -0.032262838 0.051732676
801803 1803.000000 17758100001803000 0.103681244 0.100020084 -0.026445528 0.025169534
801804 1804.000000 17758100001804000 0.104817539 0.100040213 -0.024144660 0.059944513
801805 1805.000000 17758100001805000 0.105877854 0.099613738 -0.026918562 0.054365293
801806 1806.000000 17758100001806000 0.106845468 0.099658329 -0.027763957 0.084318288
801807 1807.000000 17758100001807000 0.107705131 0.099744211 -0.016169999 0.097215190
801808 1808.000000 17758100001808000 0.108443283 0.099671741 -0.015928032 0.116133283
801809 1809.000000 17758100001809000 0.109048270 0.099969398 -0.023747825 0.136026263
801810 1810.000000 17758100001810000 0.109510563 0.099608377 -0.008248172 0.135861576
801811 1811.000000 17758100001811000 0.109822869 0.099698169 -0.001211769 0.120559296
801812 1812.000000 17758100001812000 0.109980270 0.099845662 -0.000415083 0.088377809
801813 1813.000000 17758100001813000 0.109980270 0.099891569 0.005098662 0.135622039
801814 1814.000000 17758100001814000 0.109822869 0.099600485 0.003627796 0.117845523
801815 1815.000000 17758100001815000 0.109510563 0.099915990 0.017416356 0.080835816
801816 1816.000000 17758100001816000 0.109048270 0.099895900 0.012809035 0.080270520
801817 1817.000000 17758100001817000 0.108443283 0.099983124 0.006131202 0.119398492
801818 1818.000000 17758100001818000 0.107705131 0.100092623 0.018835981 0.081448300
801819 1819.000000 17758100001819000 0.106845468 0.099777191 0.032347572 0.038207193
801820 1820.000000 17758100001820000 0.105877854 0.099697286 0.029464057 0.063321439
801821 1821.000000 17758100001821000 0.104817539 0.099926167 0.026503919 0.043905458
801822 1822.000000 17758100001822000 0.103681244 0.099649954 0.023277177 0.064417849
801823 1823.000000 17758100001823000 0.102486901 0.100361333 0.026019543 0.015226656
801824 1824.000000 17758100001824000 0.101253331 0.099871961 0.028086477 0.010551063
801825 1825.000000 17758100001825000 0.100000001 0.099736213 0.034373414 -0.012486833
801826 1826.000000 17758100001826000 0.098746665 0.100119177 0.024930144 -0.028294314
801827 1827.000000 17758100001827000 0.097513102 0.099908385 0.027955605 -0.036880318
801828 1828.000000 17758100001828000 0.096318752 0.099868290 0.027135189 -0.020249088
801829 1829.000000 17758100001829000 0.095182464 0.100297148 0.028801074 -0.061444087
801830 1830.000000 17758100001830000 0.094122149 0.099979751 0.017755122 -0.074331840
801831 1831.000000 17758100001831000 0.093154527 0.100124332 0.023281626 -0.059800757
801832 1832.000000 17758100001832000 0.092294864 0.100096600 0.015793109 -0.098145760
801833 1833.000000 17758100001833000 0.091556720 0.100188134 0.029549345 -0.088264348
801834 1834.000000 17758100001834000 0.090951726 0.100196813 0.015641170 -0.104039479
801835 1835.000000 17758100001835000 0.090489432 0.100269787 0.004970042 -0.097003769
801836 1836.000000 17758100001836000 0.090177126 0.100310153 0.004781832 -0.093931769
801837 1837.000000 17758100001837000 0.090019733 0.100012216 0.010497983 -0.112967172
801838 1838.000000 17758100001838000 0.090019733 0.100348882 -0.000511832 -0.102264131
801839 1839.000000 17758100001839000 0.090177126 0.100359293 -0.001697503 -0.118780620
801840 1840.000000 17758100001840000 0.090489432 0.100245098 -0.003297741 -0.130455188
801841 1841.000000 17758100001841000 0.090951726 0.100092638 -0.013572654 -0.106685574
801842 1842.000000 17758100001842000 0.091556720 0.100441566 -0.009533883 -0.084519372
801843 1843.000000 17758100001843000 0.092294864 0.100117882 -0.023929356 -0.063629310
801844 1844.000000 17758100001844000 0.093154527 0.099934867 -0.023442565 -0.082518416
801845 1845.000000 17758100001845000 0.094122149 0.100160398 -0.016659115 -0.106594579
801846 1846.000000 17758100001846000 0.095182464 0.100189316 -0.028109289 -0.070137758
801847 1847.000000 17758100001847000 0.096318752 0.100304788 -0.033892518 -0.066802671
801848 1848.000000 17758100001848000 0.097513102 0.099925358 -0.029931282 -0.009689748
801849 1849.000000 17758100001849000 0.098746665 0.100008898 -0.023105440 -0.023039653
801850 1850.000000 17758100001850000 0.100000001 0.100006500 -0.028290042 -0.009441718
801851 1851.000000 17758100001851000 0.101253331 0.100189922 -0.034918681 0.019700561
801852 1852.000000 17758100001852000 0.102486901 0.100000690 -0.039922750 0.002204200
801853 1853.000000 17758100001853000 0.103681244 0.099484303 -0.036755574 0.046903186
801854 1854.000000 17758100001854000 0.104817539 0.099708690 -0.030226586 0.067948787
801855 1855.000000 17758100001855000 0.105877854 0.099561596 -0.035148275 0.041191092
801856 1856.000000 17758100001856000 0.106845468 0.099585561 -0.020534706 0.103938718
801857 1857.000000 17758100001857000 0.107705131 0.099367612 -0.024326820 0.028571705
801858 1858.000000 17758100001858000 0.108443283 0.099655911 -0.016251645 0.090770613
801859 1859.000000 17758100001859000 0.109048270 0.100201372 -0.011898343 0.126625186
801860 1860.000000 17758100001860000 0.109510563 0.099646347 -0.000762251 0.124646563
801861 1861.000000 17758100001861000 0.109822869 0.100076230 -0.001554875 0.100983912
801862 1862.000000 17758100001862000 0.109980270 0.099446653 -0.006229073 0.106334296
801863 1863.000000 17758100001863000 0.109980270 0.099832186 -0.002138134 0.119567681
801864 1864.000000 17758100001864000 0.109822869 0.099935609 0.001803028 0.131109714
801865 1865.000000 17758100001865000 0.109510563 0.099823738 0.004254575 0.093211256
801866 1866.000000 17758100001866000 0.109048270 0.100182589 0.004544703 0.097022567
801867 1867.000000 17758100001867000 0.108443283 0.100041124 0.021697975 0.076179024
801868 1868.000000 17758100001868000 0.107705131 0.099717975 0.021396061 0.125080990
801869 1869.000000 17758100001869000 0.106845468 0.099674123 0.022376514 0.067602866
801870 1870.000000 17758100001870000 0.105877854 0.100019932 0.016849329 0.052864482
801871 1871.000000 17758100001871000 0.104817539 0.099439130 0.023645677 0.049237509
801872 1872.000000 17758100001872000 0.103681244 0.100059974 0.022012230 0.023623205
801873 1873.000000 17758100001873000 0.102486901 0.100084542 0.032932828 0.013541188
801874 1874.000000 17758100001874000 0.101253331 0.100206341 0.031224011 0.009012202
801875 1875.000000 17758100001875000 0.100000001 0.099950773 0.027681041 -0.025670989
801876 1876.000000 17758100001876000 0.098746665 0.100002383 0.022034382 0.018148830
801877 1877.000000 17758100001877000 0.097513102 0.100329347 0.026435059 -0.057220674
801878 1878.000000 17758100001878000 0.096318752 0.100113656 0.032672326 -0.007619573
801879 1879.000000 17758100001879000 0.095182464 0.100179463 0.022179853 -0.080222473
801880 1880.000000 17758100001880000 0.094122149 0.099927597 0.024074382 -0.039113837
801881 1881.000000 17758100001881000 0.093154527 0.100551138 0.023136934 -0.098079671
801882 1882.000000 17758100001882000 0.092294864 0.099940843 0.022770796 -0.088836230
801883 1883.000000 17758100001883000 0.091556720 0.100157881 0.017519268 -0.094254200
801884 1884.000000 17758100001884000 0.090951726 0.100529505 0.010731993 -0.094511167
801885 1885.000000 17758100001885000 0.090489432 0.100026373 0.004963405 -0.110785794
801886 1886.000000 17758100001886000 0.090177126 0.100281000 0.006905045 -0.114398992
801887 1887.000000 17758100001887000 0.090019733 0.100494537 0.007423376 -0.129949038
801888 1888.000000 17758100001888000 0.090019733 0.100202937 -0.003509446 -0.098853353
801889 1889.000000 17758100001889000 0.090177126 0.100158473 -0.004526589 -0.147116626
801890 1890.000000 17758100001890000 0.090489432 0.100232469 -0.006066061 -0.099699923
801891 1891.000000 17758100001891000 0.090951726 0.100328009 -0.010930025 -0.116275283
801892 1892.000000 17758100001892000 0.091556720 0.100320636 -0.014571736 -0.079960876
801893 1893.000000 17758100001893000 0.092294864 0.100464028 -0.017495979 -0.067997185
801894 1894.000000 17758100001894000 0.093154527 0.099942097 -0.024581709 -0.099782715
801895 1895.000000 17758100001895000 0.094122149 0.100088177 -0.021787886 -0.033599615
801896 1896.000000 17758100001896000 0.095182464 0.100344787 -0.030005165 -0.048985349
801897 1897.000000 17758100001897000 0.096318752 0.100381706 -0.020562340 -0.027535449
801898 1898.000000 17758100001898000 0.097513102 0.099990077 -0.032780888 -0.003883339
801899 1899.000000 17758100001899000 0.098746665 0.100204804 -0.034658146 -0.003876752
801900 1900.000000 17758100001900000 0.100000001 0.100120210 -0.031044442 -0.036561836
801901 1901.000000 17758100001901000 0.101253331 0.099827324 -0.029163763 0.012523267
801902 1902.000000 17758100001902000 0.102486901 0.100033733 -0.036485847 0.021197769
801903 1903.000000 17758100001903000 0.103681244 0.099647871 -0.027137196 0.027308280
801904 1904.000000 17758100001904000 0.104817539 0.099706184 -0.026856569 0.048617918
801905 1905.000000 17758100001905000 0.105877854 0.099894074 -0.021985372 0.047300352
801906 1906.000000 17758100001906000 0.106845468 0.099640486 -0.019793640 0.099591003
801907 1907.000000 17758100001907000 0.107705131 0.099790094 -0.028440624 0.071934390
801908 1908.000000 17758100001908000 0.108443283 0.099988299 -0.011730475 0.088914609
801909 1909.000000 17758100001909000 0.109048270 0.099616990 -0.008289068 0.099957480
801910 1910.000000 17758100001910000 0.109510563 0.099481989 -0.006989929 0.082410572
801911 1911.000000 17758100001911000 0.109822869 0.099868248 -0.000677939 0.100418102
801912 1912.000000 17758100001912000 0.109980270 0.100357859 -0.005034685 0.093644707
801913 1913.000000 17758100001913000 0.109980270 0.100033915 -0.000839055 0.116916290
801914 1914.000000 17758100001914000 0.109822869 0.100070854 0.000800437 0.087570598
801915 1915.000000 17758100001915000 0.109510563 0.099634120 0.001518060 0.063234557
801916 1916.000000 17758100001916000 0.109048270 0.099473229 0.010320487 0.098086700
801917 1917.000000 17758100001917000 0.108443283 0.099999772 0.026056677 0.129605728
801918 1918.000000 17758100001918000 0.107705131 0.099958243 0.020255583 0.103061242
801919 1919.000000 17758100001919000 0.106845468 0.099787449 0.012304267 0.060891153
801920 1920.000000 17758100001920000 0.105877854 0.099752596 0.034226553 0.079269915
801921 1921.000000 17758100001921000 0.104817539 0.100136750 0.026906580 0.064160183
801922 1922.000000 17758100001922000 0.103681244 0.099909031 0.027188700 0.022816551
801923 1923.000000 17758100001923000 0.102486901 0.100272407 0.029047142 0.007102769
801924 1924.000000 17758100001924000 0.101253331 0.100236342 0.027527124 0.022529339
801925 1925.000000 17758100001925000 0.100000001 0.100106446 0.034708133 0.004778820
801926 1926.000000 17758100001926000 0.098746665 0.099938503 0.031047142 -0.008245902
801927 1927.000000 17758100001927000 0.097513102 0.100007677 0.032427673 -0.029676711
801928 1928.000000 17758100001928000 0.096318752 0.100160525 0.027517990 -0.059962660
801929 1929.000000 17758100001929000 0.095182464 0.099747908 0.031187296 -0.029581426
801930 1930.000000 17758100001930000 0.094122149 0.100385550 0.026969773 -0.053352326
801931 1931.000000 17758100001931000 0.093154527 0.100449452 0.023984248 -0.085616091
801932 1932.000000 17758100001932000 0.092294864 0.100276244 0.022324823 -0.091559629
801933 1933.000000 17758100001933000 0.091556720 0.100193134 0.019440584 -0.077220714
801934 1934.000000 17758100001934000 0.090951726 0.100687325 0.020569781 -0.111242748
801935 1935.000000 17758100001935000 0.090489432 0.099900401 0.003068335 -0.121796646
801936 1936.000000 17758100001936000 0.090177126 0.100221091 0.002608332 -0.089757047
801937 1937.000000 17758100001937000 0.090019733 0.100054268 -0.002726239 -0.143503067
801938 1938.000000 17758100001938000 0.090019733 0.099880086 -0.007328829 -0.118834612
801939 1939.000000 17758100001939000 0.090177126 0.100616584 -0.010839180 -0.135835608
801940 1940.000000 17758100001940000 0.090489432 0.100105250 -0.002908656 -0.104399235
801941 1941.000000 17758100001941000 0.090951726 0.099871340 -0.012927413 -0.096701574
801942 1942.000000 17758100001942000 0.091556720 0.100164174 -0.023290773 -0.108449758
801943 1943.000000 17758100001943000 0.092294864 0.100200947 -0.016961920 -0.066327556
801944 1944.000000 17758100001944000 0.093154527 0.100284070 -0.029705622 -0.054825086
801945 1945.000000 17758100001945000 0.094122149 0.100049299 -0.021459831 -0.056333340
801946 1946.000000 17758100001946000 0.095182464 0.100410508 -0.025153571 -0.002043370
801947 1947.000000 17758100001947000 0.096318752 0.099854898 -0.032493226 -0.010186537
801948 1948.000000 17758100001948000 0.097513102 0.100061605 -0.031593370 -0.036351648
801949 1949.000000 17758100001949000 0.098746665 0.099838009 -0.031912739 -0.039050435
801950 1950.000000 17758100001950000 0.100000001 0.099719684 -0.030362910 -0.039478067
801951 1951.000000 17758100001951000 0.101253331 0.099803680 -0.039681073 -0.009629042
801952 1952.000000 17758100001952000 0.102486901 0.100086628 -0.030334816 0.009712890
801953 1953.000000 17758100001953000 0.103681244 0.100169208 -0.032803596 0.042172062
801954 1954.000000 17758100001954000 0.104817539 0.100213698 -0.025543073 0.028671558
801955 1955.000000 17758100001955000 0.105877854 0.099951424 -0.020128499 0.077706942
801956 1956.000000 17758100001956000 0.106845468 0.099772823 -0.029249683 0.058193969
801957 1957.000000 17758100001957000 0.107705131 0.099942973 -0.015632148 0.063631536
801958 1958.000000 17758100001958000 0.108443283 0.099821813 -0.018625198 0.088544636
801959 1959.000000 17758100001959000 0.109048270 0.099750982 -0.014689989 0.107751771
801960 1960.000000 17758100001960000 0.109510563 0.099837968 -0.007728988 0.127099855
801961 1961.000000 17758100001961000 0.109822869 0.099775985 0.000196471 0.071334865
801962 1962.000000 17758100001962000 0.109980270 0.099647719 -0.007412632 0.116155923
801963 1963.000000 17758100001963000 0.109980270 0.099784637 0.007157869 0.131387329
801964 1964.000000 17758100001964000 0.109822869 0.099875262 0.003357015 0.111116801
801965 1965.000000 17758100001965000 0.109510563 0.099821754 0.010381194 0.121226808
801966 1966.000000 17758100001966000 0.109048270 0.099602351 0.020842536 0.090002714
801967 1967.000000 17758100001967000 0.108443283 0.099994852 0.006477202 0.076258785
801968 1968.000000 17758100001968000 0.107705131 0.099564608 0.018479152 0.062489653
801969 1969.000000 17758100001969000 0.106845468 0.099457188 0.021058907 0.085795170
801970 1970.000000 17758100001970000 0.105877854 0.099839774 0.029933517 0.041215097
801971 1971.000000 17758100001971000 0.104817539 0.099677204 0.029077248 0.013625165
801972 1972.000000 17758100001972000 0.103681244 0.100085864 0.035937798 0.059458082
801973 1973.000000 17758100001973000 0.102486901 0.100021050 0.029946729 0.043074747
801974 1974.000000 17758100001974000 0.101253331 0.100056206 0.031796625 -0.021128994
801975 1975.000000 17758100001975000 0.100000001 0.100208218 0.026763142 0.018221153
801976 1976.000000 17758100001976000 0.098746665 0.100159367 0.021030715 -0.021607237
801977 1977.000000 17758100001977000 0.097513102 0.100154775 0.028582584 -0.023298003
801978 1978.000000 17758100001978000 0.096318752 0.100229033 0.030901964 -0.029258646
801979 1979.000000 17758100001979000 0.095182464 0.099824707 0.031922556 -0.070477035
801980 1980.000000 17758100001980000 0.094122149 0.100035274 0.027209695 -0.013094698
801981 1981.000000 17758100001981000 0.093154527 0.100147319 0.017298362 -0.122545404
801982 1982.000000 17758100001982000 0.092294864 0.100334317 0.031115047 -0.097191458
801983 1983.000000 17758100001983000 0.091556720 0.100033725 0.015203116 -0.072772071
801984 1984.000000 17758100001984000 0.090951726 0.100215358 0.016320026 -0.085226101
801985 1985.000000 17758100001985000 0.090489432 0.100474057 0.000020403 -0.122457502
801986 1986.000000 17758100001986000 0.090177126 0.100011416 0.015641337 -0.101176350
801987 1987.000000 17758100001987000 0.090019733 0.100102516 0.002299143 -0.085568989
801988 1988.000000 17758100001988000 0.090019733 0.100359350 0.003984718 -0.100904804
801989 1989.000000 17758100001989000 0.090177126 0.100389956 -0.000966687 -0.087161701
801990 1990.000000 17758100001990000 0.090489432 0.100265408 -0.005490503 -0.127116726
801991 1991.000000 17758100001991000 0.090951726 0.100277231 -0.016068896 -0.112474061
801992 1992.000000 17758100001992000 0.091556720 0.100205337 -0.006282642 -0.100720176
801993 1993.000000 17758100001993000 0.092294864 0.099809245 -0.015430096 -0.086238449
801994 1994.000000 17758100001994000 0.093154527 0.100232397 -0.027883715 -0.082141309
801995 1995.000000 17758100001995000 0.094122149 0.099684858 -0.019675393 -0.059634980
801996 1996.000000 17758100001996000 0.095182464 0.100212751 -0.028191286 -0.035018553
801997 1997.000000 17758100001997000 0.096318752 0.099994234 -0.026935740 -0.066388012
801998 1998.000000 17758100001998000 0.097513102 0.100344058 -0.029276895 -0.012865934
801999 1999.000000 17758100001999000 0.098746665 0.099897923 -0.021796155 -0.020805353
