# SYNTHETIC PLACEHOLDER — replace with real WMX3 CoreMotion Data Log
# profile=sine frequency=1Hz amplitude=0.5rad backend=newton dt=0.001s seed=20260820
# MotorParams kp=10.996398718882114 ki=1.1930162194347773 kd=0.8556416451823275 integral_max=4.437985730220815 effort_limit=5.193511737418461 inertia=0.028188008953187953 viscous=0.024485211102482668 coulomb=0.0006373491469474279 delay_steps=2
CYCLE TIME SYSTEM_TIME CMDPOS0 FBKPOS0 FBKVEL0 FBKTRQ0
400000 0.000000 17758100000000000 0.100000001 0.100000803 0.001243137 -0.041470761
400001 1.000000 17758100000001000 0.103141569 0.100192550 0.005734453 -0.020602377
400002 2.000000 17758100000002000 0.106283017 0.099592682 -0.003586236 0.019950927
400003 3.000000 17758100000003000 0.109424219 0.099950916 -0.003633924 0.053272467
400004 4.000000 17758100000004000 0.112565048 0.099826984 0.004297668 0.086256848
400005 5.000000 17758100000005000 0.115705378 0.099725164 0.000449000 0.095079233
400006 6.000000 17758100000006000 0.118845090 0.100059968 0.003847410 0.126707695
400007 7.000000 17758100000007000 0.121984057 0.099947630 0.005959706 0.182709617
400008 8.000000 17758100000008000 0.125122160 0.100093589 0.016009709 0.219466579
400009 9.000000 17758100000009000 0.128259271 0.100366437 0.022492003 0.197382881
400010 10.000000 17758100000010000 0.131395265 0.100243591 0.026655511 0.214881462
400011 11.000000 17758100000011000 0.134530008 0.100022630 0.041544356 0.250460678
400012 12.000000 17758100000012000 0.137663409 0.100023984 0.045035429 0.267320237
400013 13.000000 17758100000013000 0.140795305 0.100601924 0.062718871 0.319254512
400014 14.000000 17758100000014000 0.143925592 0.100415537 0.071158284 0.338282864
400015 15.000000 17758100000015000 0.147054151 0.100685877 0.088785110 0.354794363
400016 16.000000 17758100000016000 0.150180861 0.100884771 0.098303735 0.411649746
400017 17.000000 17758100000017000 0.153305575 0.100635075 0.109111953 0.415572822
400018 18.000000 17758100000018000 0.156428188 0.100621317 0.122783562 0.442560595
400019 19.000000 17758100000019000 0.159548581 0.100876089 0.145137925 0.495461902
400020 20.000000 17758100000020000 0.162666619 0.100920662 0.148989262 0.474751647
400021 21.000000 17758100000021000 0.165782183 0.100924200 0.177489145 0.471855768
400022 22.000000 17758100000022000 0.168895140 0.101122453 0.191611443 0.518830288
400023 23.000000 17758100000023000 0.172005385 0.101876777 0.226155013 0.542518014
400024 24.000000 17758100000024000 0.175112799 0.101792685 0.220662792 0.581967239
400025 25.000000 17758100000025000 0.178217232 0.101900185 0.249311752 0.549891951
400026 26.000000 17758100000026000 0.181318581 0.101918074 0.268790643 0.553705279
400027 27.000000 17758100000027000 0.184416726 0.102475465 0.287390119 0.581700157
400028 28.000000 17758100000028000 0.187511533 0.103110748 0.305949036 0.594686616
400029 29.000000 17758100000029000 0.190602884 0.103702017 0.326021379 0.629987826
400030 30.000000 17758100000030000 0.193690658 0.103427706 0.356868971 0.580470207
400031 31.000000 17758100000031000 0.196774736 0.104402848 0.367851873 0.627983279
400032 32.000000 17758100000032000 0.199854985 0.104120190 0.395461780 0.635963970
400033 33.000000 17758100000033000 0.202931300 0.104888460 0.414610612 0.668374149
400034 34.000000 17758100000034000 0.206003562 0.105064499 0.439225506 0.638684535
400035 35.000000 17758100000035000 0.209071621 0.105598174 0.462703822 0.711935369
400036 36.000000 17758100000036000 0.212135375 0.106207802 0.484333617 0.669993987
400037 37.000000 17758100000037000 0.215194717 0.106705351 0.505426680 0.720424051
400038 38.000000 17758100000038000 0.218249500 0.107336573 0.534146187 0.685208627
400039 39.000000 17758100000039000 0.221299618 0.107760831 0.561743033 0.707874171
400040 40.000000 17758100000040000 0.224344939 0.108458787 0.582464785 0.714496797
400041 41.000000 17758100000041000 0.227385357 0.109160219 0.594825414 0.742766146
400042 42.000000 17758100000042000 0.230420753 0.109712264 0.632280452 0.733605660
400043 43.000000 17758100000043000 0.233450994 0.110485468 0.660142960 0.749122317
400044 44.000000 17758100000044000 0.236475974 0.110924034 0.675563211 0.710910060
400045 45.000000 17758100000045000 0.239495546 0.111670331 0.711894955 0.726911046
400046 46.000000 17758100000046000 0.242509633 0.112701947 0.735654860 0.704936430
400047 47.000000 17758100000047000 0.245518088 0.113082568 0.758941666 0.726639641
400048 48.000000 17758100000048000 0.248520792 0.113780994 0.787196437 0.737648105
400049 49.000000 17758100000049000 0.251517624 0.114656403 0.814340201 0.762770862
400050 50.000000 17758100000050000 0.254508495 0.115619644 0.839805631 0.785856731
400051 51.000000 17758100000051000 0.257493258 0.116345954 0.853634044 0.753409371
400052 52.000000 17758100000052000 0.260471791 0.117555043 0.877229402 0.724842639
400053 53.000000 17758100000053000 0.263444006 0.118471064 0.919102971 0.763160932
400054 54.000000 17758100000054000 0.266409785 0.119036740 0.937182939 0.748366749
400055 55.000000 17758100000055000 0.269368947 0.120080126 0.966301089 0.734475352
400056 56.000000 17758100000056000 0.272321463 0.121408630 0.980958943 0.769973888
400057 57.000000 17758100000057000 0.275267154 0.122133105 1.017166572 0.772201273
400058 58.000000 17758100000058000 0.278205931 0.123129181 1.044509962 0.786363880
400059 59.000000 17758100000059000 0.281137675 0.124131537 1.074300317 0.756346338
400060 60.000000 17758100000060000 0.284062266 0.125310561 1.102668827 0.776248355
400061 61.000000 17758100000061000 0.286979616 0.126722333 1.118503603 0.718903145
400062 62.000000 17758100000062000 0.289889544 0.127642119 1.147855738 0.766411187
400063 63.000000 17758100000063000 0.292791992 0.129007583 1.173508977 0.713107706
400064 64.000000 17758100000064000 0.295686841 0.130419212 1.198250754 0.758366652
400065 65.000000 17758100000065000 0.298573941 0.131485540 1.226595244 0.735167251
400066 66.000000 17758100000066000 0.301453203 0.132368724 1.241648485 0.792403263
400067 67.000000 17758100000067000 0.304324538 0.133557476 1.271321909 0.724772167
400068 68.000000 17758100000068000 0.307187796 0.135393950 1.300658071 0.742602302
400069 69.000000 17758100000069000 0.310042858 0.136471444 1.324379606 0.743329492
400070 70.000000 17758100000070000 0.312889636 0.137541281 1.345165908 0.700746190
400071 71.000000 17758100000071000 0.315728009 0.138694154 1.367979592 0.732650365
400072 72.000000 17758100000072000 0.318557888 0.140673934 1.391420446 0.686002512
400073 73.000000 17758100000073000 0.321379125 0.141733992 1.422548626 0.708337481
400074 74.000000 17758100000074000 0.324191600 0.143243716 1.446978106 0.738798038
400075 75.000000 17758100000075000 0.326995254 0.144522993 1.460785900 0.677869708
400076 76.000000 17758100000076000 0.329789937 0.146263084 1.489227056 0.689664735
400077 77.000000 17758100000077000 0.332575530 0.147773062 1.517396626 0.665269249
400078 78.000000 17758100000078000 0.335351974 0.149470224 1.534261290 0.682848786
400079 79.000000 17758100000079000 0.338119090 0.150864372 1.553991719 0.705343452
400080 80.000000 17758100000080000 0.340876848 0.152533305 1.589064862 0.686697427
400081 81.000000 17758100000081000 0.343625069 0.154102885 1.608503812 0.711228558
400082 82.000000 17758100000082000 0.346363664 0.155851557 1.624130946 0.677628801
400083 83.000000 17758100000083000 0.349092543 0.157407106 1.650015063 0.625355221
400084 84.000000 17758100000084000 0.351811588 0.158990431 1.670480030 0.651992587
400085 85.000000 17758100000085000 0.354520708 0.160539194 1.691240485 0.644152902
400086 86.000000 17758100000086000 0.357219756 0.162626055 1.713630568 0.656054927
400087 87.000000 17758100000087000 0.359908670 0.163951654 1.733380917 0.653688836
400088 88.000000 17758100000088000 0.362587303 0.166011415 1.758361880 0.601483081
400089 89.000000 17758100000089000 0.365255594 0.167757787 1.777343767 0.615519003
400090 90.000000 17758100000090000 0.367913395 0.169239797 1.786477177 0.580713544
400091 91.000000 17758100000091000 0.370560616 0.171186223 1.809591831 0.628981468
400092 92.000000 17758100000092000 0.373197168 0.172671321 1.837011586 0.619955654
400093 93.000000 17758100000093000 0.375822932 0.175144143 1.843962354 0.576937947
400094 94.000000 17758100000094000 0.378437817 0.176827354 1.877360622 0.602202891
400095 95.000000 17758100000095000 0.381041676 0.178806606 1.884361830 0.586853360
400096 96.000000 17758100000096000 0.383634478 0.180793778 1.909230089 0.557712463
400097 97.000000 17758100000097000 0.386216074 0.182734936 1.922127491 0.518675618
400098 98.000000 17758100000098000 0.388786346 0.184406818 1.941568728 0.550609534
400099 99.000000 17758100000099000 0.391345233 0.186294217 1.948657670 0.544547587
400100 100.000000 17758100000100000 0.393892616 0.188668591 1.979736076 0.507021506
400101 101.000000 17758100000101000 0.396428406 0.190312666 1.992860726 0.513345873
400102 102.000000 17758100000102000 0.398952484 0.192774286 2.007074412 0.468976772
400103 103.000000 17758100000103000 0.401464760 0.194470913 2.029389012 0.506896512
400104 104.000000 17758100000104000 0.403965145 0.196195308 2.046238775 0.447181320
400105 105.000000 17758100000105000 0.406453520 0.198517231 2.063256814 0.499500751
400106 106.000000 17758100000106000 0.408929795 0.200911853 2.074210675 0.482219397
400107 107.000000 17758100000107000 0.411393881 0.203324073 2.088967411 0.503867136
400108 108.000000 17758100000108000 0.413845688 0.204865482 2.111423704 0.481288325
400109 109.000000 17758100000109000 0.416285068 0.207117495 2.117494039 0.467650408
400110 110.000000 17758100000110000 0.418711990 0.209156287 2.131087692 0.423032183
400111 111.000000 17758100000111000 0.421126336 0.211127569 2.142549649 0.460688363
400112 112.000000 17758100000112000 0.423527986 0.213497562 2.151230660 0.435694828
400113 113.000000 17758100000113000 0.425916851 0.215556016 2.179064038 0.410384771
400114 114.000000 17758100000114000 0.428292871 0.218086258 2.178593057 0.422621120
400115 115.000000 17758100000115000 0.430655926 0.219988886 2.200034087 0.357901234
400116 116.000000 17758100000116000 0.433005929 0.222299280 2.207611339 0.409256783
400117 117.000000 17758100000117000 0.435342789 0.224463466 2.222347644 0.403546210
400118 118.000000 17758100000118000 0.437666416 0.227058412 2.233952879 0.433935202
400119 119.000000 17758100000119000 0.439976692 0.228984724 2.246574277 0.366544385
400120 120.000000 17758100000120000 0.442273557 0.231142276 2.259342008 0.355779096
400121 121.000000 17758100000121000 0.444556892 0.233126868 2.267143127 0.337921196
400122 122.000000 17758100000122000 0.446826667 0.235716584 2.273511909 0.371219914
400123 123.000000 17758100000123000 0.449082702 0.237792948 2.289963431 0.369134404
400124 124.000000 17758100000124000 0.451324999 0.240231044 2.300189828 0.284134884
400125 125.000000 17758100000125000 0.453553379 0.242577299 2.307901013 0.314059444
400126 126.000000 17758100000126000 0.455767840 0.244875711 2.320657188 0.324703918
400127 127.000000 17758100000127000 0.457968235 0.247247652 2.332585411 0.307880889
400128 128.000000 17758100000128000 0.460154504 0.249675146 2.333383341 0.275265502
400129 129.000000 17758100000129000 0.462326556 0.252175834 2.343018665 0.285630138
400130 130.000000 17758100000130000 0.464484304 0.254356332 2.353407957 0.261011532
400131 131.000000 17758100000131000 0.466627687 0.256588934 2.360475610 0.272499030
400132 132.000000 17758100000132000 0.468756557 0.258959584 2.354740069 0.290361164
400133 133.000000 17758100000133000 0.470870882 0.261042613 2.360068948 0.277028861
400134 134.000000 17758100000134000 0.472970575 0.263656563 2.380361530 0.249041404
400135 135.000000 17758100000135000 0.475055546 0.265922841 2.392191718 0.259801760
400136 136.000000 17758100000136000 0.477125704 0.268223186 2.387270969 0.234018729
400137 137.000000 17758100000137000 0.479180962 0.271144081 2.391812736 0.185133664
400138 138.000000 17758100000138000 0.481221259 0.273229512 2.405282524 0.196894196
400139 139.000000 17758100000139000 0.483246505 0.275520470 2.410805745 0.210542319
400140 140.000000 17758100000140000 0.485256612 0.278178271 2.419281756 0.171367919
400141 141.000000 17758100000141000 0.487251520 0.280346548 2.424907693 0.172238368
400142 142.000000 17758100000142000 0.489231139 0.283125664 2.430355253 0.157813860
400143 143.000000 17758100000143000 0.491195410 0.285227612 2.426230735 0.143402127
400144 144.000000 17758100000144000 0.493144214 0.288150646 2.431201378 0.185212397
400145 145.000000 17758100000145000 0.495077521 0.290380047 2.439705263 0.129917125
400146 146.000000 17758100000146000 0.496995211 0.292704934 2.422886023 0.133825140
400147 147.000000 17758100000147000 0.498897225 0.295173280 2.447903508 0.137156780
400148 148.000000 17758100000148000 0.500783503 0.297122181 2.444393963 0.122663016
400149 149.000000 17758100000149000 0.502653956 0.299756783 2.451592997 0.115570434
400150 150.000000 17758100000150000 0.504508495 0.302484849 2.456120111 0.110419218
400151 151.000000 17758100000151000 0.506347060 0.305155070 2.444276763 0.118823528
400152 152.000000 17758100000152000 0.508169651 0.307269660 2.446759593 0.087223682
400153 153.000000 17758100000153000 0.509976029 0.309709805 2.444381215 0.110289041
400154 154.000000 17758100000154000 0.511766315 0.312251546 2.450886989 0.082629758
400155 155.000000 17758100000155000 0.513540268 0.314719190 2.451634384 0.044905503
400156 156.000000 17758100000156000 0.515297949 0.317426860 2.456012756 0.075660788
400157 157.000000 17758100000157000 0.517039239 0.319850292 2.449491357 0.070548800
400158 158.000000 17758100000158000 0.518764019 0.322247709 2.455908067 0.022994002
400159 159.000000 17758100000159000 0.520472288 0.324365771 2.451981953 0.065674479
400160 160.000000 17758100000160000 0.522163987 0.327107467 2.452832151 0.066119532
400161 161.000000 17758100000161000 0.523838997 0.329406064 2.460411635 0.009911286
400162 162.000000 17758100000162000 0.525497258 0.331677600 2.453847253 0.021299861
400163 163.000000 17758100000163000 0.527138710 0.334545362 2.450835199 0.005443365
400164 164.000000 17758100000164000 0.528763354 0.337276886 2.445059144 0.013485981
400165 165.000000 17758100000165000 0.530371010 0.339376031 2.447600496 0.052477511
400166 166.000000 17758100000166000 0.531961679 0.341509261 2.439424473 -0.035574753
400167 167.000000 17758100000167000 0.533535361 0.344368648 2.448227638 -0.007659565
400168 168.000000 17758100000168000 0.535091877 0.346719448 2.434515683 -0.046264950
400169 169.000000 17758100000169000 0.536631227 0.348990052 2.435536129 0.002015178
400170 170.000000 17758100000170000 0.538153350 0.351730728 2.435667308 -0.013185529
400171 171.000000 17758100000171000 0.539658129 0.354103661 2.438565812 -0.022685487
400172 172.000000 17758100000172000 0.541145623 0.356538820 2.426404095 -0.055749006
400173 173.000000 17758100000173000 0.542615652 0.358835273 2.423249037 -0.068968426
400174 174.000000 17758100000174000 0.544068217 0.361450395 2.418639962 -0.077300276
400175 175.000000 17758100000175000 0.545503259 0.363807242 2.415654815 -0.089437645
400176 176.000000 17758100000176000 0.546920717 0.365868157 2.410851812 -0.027011515
400177 177.000000 17758100000177000 0.548320532 0.367992576 2.395180299 -0.079498329
400178 178.000000 17758100000178000 0.549702644 0.370334984 2.397600203 -0.117847727
400179 179.000000 17758100000179000 0.551066995 0.373097938 2.387105002 -0.114476960
400180 180.000000 17758100000180000 0.552413523 0.376272020 2.386341355 -0.093955905
400181 181.000000 17758100000181000 0.553742230 0.378126925 2.386949332 -0.077013672
400182 182.000000 17758100000182000 0.555052996 0.380534960 2.378052064 -0.098654506
400183 183.000000 17758100000183000 0.556345820 0.382670320 2.372953175 -0.109948414
400184 184.000000 17758100000184000 0.557620585 0.384982191 2.364842272 -0.138912337
400185 185.000000 17758100000185000 0.558877289 0.387739602 2.367282326 -0.129744091
400186 186.000000 17758100000186000 0.560115933 0.389668096 2.352498766 -0.129708380
400187 187.000000 17758100000187000 0.561336398 0.392376836 2.353064280 -0.106078011
400188 188.000000 17758100000188000 0.562538624 0.394652120 2.346396684 -0.148624116
400189 189.000000 17758100000189000 0.563722551 0.396514018 2.333378126 -0.152099537
400190 190.000000 17758100000190000 0.564888239 0.398543926 2.324258656 -0.170684564
400191 191.000000 17758100000191000 0.566035569 0.401766130 2.324539481 -0.153946477
400192 192.000000 17758100000192000 0.567164481 0.403890152 2.315875920 -0.160278622
400193 193.000000 17758100000193000 0.568274915 0.405988873 2.302426820 -0.157457919
400194 194.000000 17758100000194000 0.569366932 0.408206974 2.289385160 -0.162537798
400195 195.000000 17758100000195000 0.570440412 0.410814074 2.289824558 -0.184783072
400196 196.000000 17758100000196000 0.571495295 0.413037252 2.274239682 -0.218493447
400197 197.000000 17758100000197000 0.572531521 0.415020463 2.268386834 -0.176545481
400198 198.000000 17758100000198000 0.573549151 0.417499769 2.261444821 -0.178686459
400199 199.000000 17758100000199000 0.574548066 0.419859839 2.251164291 -0.229548598
400200 200.000000 17758100000200000 0.575528264 0.421944291 2.244137377 -0.212248073
400201 201.000000 17758100000201000 0.576489687 0.424142808 2.229245859 -0.187254201
400202 202.000000 17758100000202000 0.577432275 0.426833586 2.220221447 -0.226615595
400203 203.000000 17758100000203000 0.578356028 0.428558055 2.204354230 -0.247671445
400204 204.000000 17758100000204000 0.579260886 0.430950517 2.198283587 -0.218906385
400205 205.000000 17758100000205000 0.580146849 0.433297807 2.196260230 -0.202124556
400206 206.000000 17758100000206000 0.581013858 0.435312377 2.182258530 -0.269883966
400207 207.000000 17758100000207000 0.581861854 0.437353789 2.168331274 -0.234222424
400208 208.000000 17758100000208000 0.582690835 0.439407538 2.160487514 -0.240515192
400209 209.000000 17758100000209000 0.583500743 0.441942071 2.152468711 -0.246319674
400210 210.000000 17758100000210000 0.584291577 0.443803653 2.136336371 -0.223346444
400211 211.000000 17758100000211000 0.585063279 0.446040162 2.134280774 -0.300828209
400212 212.000000 17758100000212000 0.585815847 0.447969489 2.118193205 -0.260866722
400213 213.000000 17758100000213000 0.586549282 0.450006487 2.103843444 -0.312501501
400214 214.000000 17758100000214000 0.587263465 0.452170650 2.081359490 -0.260491619
400215 215.000000 17758100000215000 0.587958395 0.454494640 2.082335836 -0.288234140
400216 216.000000 17758100000216000 0.588634074 0.456466726 2.058913306 -0.270789771
400217 217.000000 17758100000217000 0.589290440 0.458328054 2.053684010 -0.302922845
400218 218.000000 17758100000218000 0.589927554 0.460716953 2.039589820 -0.290315274
400219 219.000000 17758100000219000 0.590545237 0.462685498 2.038779047 -0.299749965
400220 220.000000 17758100000220000 0.591143608 0.464463269 2.025899637 -0.324517452
400221 221.000000 17758100000221000 0.591722608 0.466824005 2.011577566 -0.336666030
400222 222.000000 17758100000222000 0.592282176 0.468583849 1.985369542 -0.295658200
400223 223.000000 17758100000223000 0.592822313 0.470516133 1.981038896 -0.298138585
400224 224.000000 17758100000224000 0.593342960 0.472500187 1.965518173 -0.343884316
400225 225.000000 17758100000225000 0.593844175 0.474509538 1.953424111 -0.315380513
400226 226.000000 17758100000226000 0.594325900 0.476020235 1.943576038 -0.357193133
400227 227.000000 17758100000227000 0.594788074 0.478552592 1.922911962 -0.316763832
400228 228.000000 17758100000228000 0.595230699 0.480481995 1.906338705 -0.335213555
400229 229.000000 17758100000229000 0.595653832 0.482262141 1.902676386 -0.358714799
400230 230.000000 17758100000230000 0.596057355 0.484000832 1.884631194 -0.335460034
400231 231.000000 17758100000231000 0.596441329 0.485692853 1.865297434 -0.339470923
400232 232.000000 17758100000232000 0.596805632 0.487431060 1.859612501 -0.332583589
400233 233.000000 17758100000233000 0.597150385 0.490009589 1.847843448 -0.357268054
400234 234.000000 17758100000234000 0.597475529 0.491565224 1.823801219 -0.349379324
400235 235.000000 17758100000235000 0.597781003 0.492968414 1.812514835 -0.400102454
400236 236.000000 17758100000236000 0.598066807 0.495139090 1.796066208 -0.408068698
400237 237.000000 17758100000237000 0.598332942 0.496906669 1.771852999 -0.343729238
400238 238.000000 17758100000238000 0.598579466 0.498362676 1.780303210 -0.405172389
400239 239.000000 17758100000239000 0.598806262 0.500725141 1.754212601 -0.390657934
400240 240.000000 17758100000240000 0.599013388 0.501636916 1.738251106 -0.383421529
400241 241.000000 17758100000241000 0.599200785 0.503391876 1.726879487 -0.419420507
400242 242.000000 17758100000242000 0.599368453 0.505781802 1.708739246 -0.397920988
400243 243.000000 17758100000243000 0.599516451 0.506736445 1.692252596 -0.388367373
400244 244.000000 17758100000244000 0.599644721 0.508566124 1.675476157 -0.423688038
400245 245.000000 17758100000245000 0.599753261 0.510380096 1.666887691 -0.403500518
400246 246.000000 17758100000246000 0.599842072 0.511941314 1.641769941 -0.437279466
400247 247.000000 17758100000247000 0.599911153 0.513990844 1.625981318 -0.409330530
400248 248.000000 17758100000248000 0.599960506 0.515632952 1.626636931 -0.386954119
400249 249.000000 17758100000249000 0.599990129 0.517219281 1.596243342 -0.386175815
400250 250.000000 17758100000250000 0.600000024 0.518734487 1.584145249 -0.401445370
400251 251.000000 17758100000251000 0.599990129 0.520280283 1.571003912 -0.415261375
400252 252.000000 17758100000252000 0.599960506 0.521539770 1.553062969 -0.461471615
400253 253.000000 17758100000253000 0.599911153 0.523110366 1.526823155 -0.427605554
400254 254.000000 17758100000254000 0.599842072 0.524585485 1.517915109 -0.432611531
400255 255.000000 17758100000255000 0.599753261 0.526388646 1.504131722 -0.452076543
400256 256.000000 17758100000256000 0.599644721 0.527631117 1.490896351 -0.458012195
400257 257.000000 17758100000257000 0.599516451 0.529047359 1.469685560 -0.422871085
400258 258.000000 17758100000258000 0.599368453 0.530938684 1.450461822 -0.418749703
400259 259.000000 17758100000259000 0.599200785 0.532300028 1.434423459 -0.445269850
400260 260.000000 17758100000260000 0.599013388 0.533559668 1.416537859 -0.475510711
400261 261.000000 17758100000261000 0.598806262 0.534804900 1.397387857 -0.433129221
400262 262.000000 17758100000262000 0.598579466 0.536618760 1.384483031 -0.474669734
400263 263.000000 17758100000263000 0.598332942 0.537800377 1.373197850 -0.426315860
400264 264.000000 17758100000264000 0.598066807 0.538992311 1.357238709 -0.458834884
400265 265.000000 17758100000265000 0.597781003 0.540373947 1.331554712 -0.468053358
400266 266.000000 17758100000266000 0.597475529 0.541713918 1.310516586 -0.457342252
400267 267.000000 17758100000267000 0.597150385 0.542783017 1.296182673 -0.446693664
400268 268.000000 17758100000268000 0.596805632 0.544077705 1.289902768 -0.463199168
400269 269.000000 17758100000269000 0.596441329 0.545555333 1.257566257 -0.450067648
400270 270.000000 17758100000270000 0.596057355 0.546333377 1.247852598 -0.461580531
400271 271.000000 17758100000271000 0.595653832 0.547935778 1.231740006 -0.495942755
400272 272.000000 17758100000272000 0.595230699 0.549174253 1.205368720 -0.490515041
400273 273.000000 17758100000273000 0.594788074 0.550346168 1.195261075 -0.458062343
400274 274.000000 17758100000274000 0.594325900 0.551689268 1.165388839 -0.460266666
400275 275.000000 17758100000275000 0.593844175 0.552492532 1.157436884 -0.496077809
400276 276.000000 17758100000276000 0.593342960 0.553799566 1.140404424 -0.484473993
400277 277.000000 17758100000277000 0.592822313 0.554689033 1.117977399 -0.460833689
400278 278.000000 17758100000278000 0.592282176 0.556004474 1.094434403 -0.456440130
400279 279.000000 17758100000279000 0.591722608 0.557088238 1.081989815 -0.467800431
400280 280.000000 17758100000280000 0.591143608 0.558322225 1.060824503 -0.507345798
400281 281.000000 17758100000281000 0.590545237 0.559363079 1.042952913 -0.462099654
400282 282.000000 17758100000282000 0.589927554 0.560404302 1.023767092 -0.494720654
400283 283.000000 17758100000283000 0.589290440 0.560971480 1.013030011 -0.497273105
400284 284.000000 17758100000284000 0.588634074 0.562286328 0.982091158 -0.516088848
400285 285.000000 17758100000285000 0.587958395 0.563012671 0.971789028 -0.521994949
400286 286.000000 17758100000286000 0.587263465 0.564366902 0.954203378 -0.514964515
400287 287.000000 17758100000287000 0.586549282 0.565149304 0.944466354 -0.478876823
400288 288.000000 17758100000288000 0.585815847 0.565881584 0.915928291 -0.537578743
400289 289.000000 17758100000289000 0.585063279 0.567011171 0.905445731 -0.521419659
400290 290.000000 17758100000290000 0.584291577 0.567471407 0.875186511 -0.501091510
400291 291.000000 17758100000291000 0.583500743 0.568544450 0.854114242 -0.527405958
400292 292.000000 17758100000292000 0.582690835 0.569488113 0.846507890 -0.508075813
400293 293.000000 17758100000293000 0.581861854 0.570410954 0.823280944 -0.521813312
400294 294.000000 17758100000294000 0.581013858 0.571250974 0.798932520 -0.503954407
400295 295.000000 17758100000295000 0.580146849 0.571999147 0.785375354 -0.533094075
400296 296.000000 17758100000296000 0.579260886 0.572902844 0.768527668 -0.511681001
400297 297.000000 17758100000297000 0.578356028 0.573731518 0.739535509 -0.521790430
400298 298.000000 17758100000298000 0.577432275 0.574589556 0.719995482 -0.524835450
400299 299.000000 17758100000299000 0.576489687 0.574755242 0.709139121 -0.502793569
400300 300.000000 17758100000300000 0.575528264 0.575725260 0.692639296 -0.500559195
400301 301.000000 17758100000301000 0.574548066 0.576286749 0.677846879 -0.510860460
400302 302.000000 17758100000302000 0.573549151 0.577101489 0.656596713 -0.552308400
400303 303.000000 17758100000303000 0.572531521 0.577247275 0.627371802 -0.515424333
400304 304.000000 17758100000304000 0.571495295 0.578400952 0.602456414 -0.563941000
400305 305.000000 17758100000305000 0.570440412 0.578503137 0.581040863 -0.532445655
400306 306.000000 17758100000306000 0.569366932 0.579520887 0.566394777 -0.512407968
400307 307.000000 17758100000307000 0.568274915 0.579951101 0.552626903 -0.575375005
400308 308.000000 17758100000308000 0.567164481 0.580424624 0.534581149 -0.544308726
400309 309.000000 17758100000309000 0.566035569 0.581292205 0.521596529 -0.557724248
400310 310.000000 17758100000310000 0.564888239 0.581475848 0.495086291 -0.516605041
400311 311.000000 17758100000311000 0.563722551 0.581947633 0.470484340 -0.533166457
400312 312.000000 17758100000312000 0.562538624 0.582358777 0.454728879 -0.540082091
400313 313.000000 17758100000313000 0.561336398 0.582962432 0.436656884 -0.550211003
400314 314.000000 17758100000314000 0.560115933 0.583191878 0.414574494 -0.551369552
400315 315.000000 17758100000315000 0.558877289 0.583882590 0.397416990 -0.560809044
400316 316.000000 17758100000316000 0.557620585 0.584050399 0.379271951 -0.554171862
400317 317.000000 17758100000317000 0.556345820 0.584444989 0.352749611 -0.532615674
400318 318.000000 17758100000318000 0.555052996 0.584671675 0.339466671 -0.555248788
400319 319.000000 17758100000319000 0.553742230 0.585096335 0.322057068 -0.559175048
400320 320.000000 17758100000320000 0.552413523 0.585238445 0.296660286 -0.506114082
400321 321.000000 17758100000321000 0.551066995 0.585596176 0.278395665 -0.552094185
400322 322.000000 17758100000322000 0.549702644 0.585884739 0.264159285 -0.565727898
400323 323.000000 17758100000323000 0.548320532 0.586230322 0.252237282 -0.546164724
400324 324.000000 17758100000324000 0.546920717 0.585960994 0.217422696 -0.544563574
400325 325.000000 17758100000325000 0.545503259 0.586619978 0.203912535 -0.559562006
400326 326.000000 17758100000326000 0.544068217 0.586860448 0.172994997 -0.542485779
400327 327.000000 17758100000327000 0.542615652 0.586553394 0.167550227 -0.566302833
400328 328.000000 17758100000328000 0.541145623 0.586883200 0.138501086 -0.544289206
400329 329.000000 17758100000329000 0.539658129 0.587271053 0.130140037 -0.547629388
400330 330.000000 17758100000330000 0.538153350 0.587612430 0.096996489 -0.545578575
400331 331.000000 17758100000331000 0.536631227 0.587301358 0.081405526 -0.509988352
400332 332.000000 17758100000332000 0.535091877 0.587330625 0.059738397 -0.585506643
400333 333.000000 17758100000333000 0.533535361 0.587176751 0.047580952 -0.555000856
400334 334.000000 17758100000334000 0.531961679 0.587382794 0.020830720 -0.565228953
400335 335.000000 17758100000335000 0.530371010 0.587554774 0.011795721 -0.541914870
400336 336.000000 17758100000336000 0.528763354 0.587481713 -0.013871131 -0.541526792
400337 337.000000 17758100000337000 0.527138710 0.587143586 -0.037655079 -0.537774149
400338 338.000000 17758100000338000 0.525497258 0.587550924 -0.045773528 -0.597780253
400339 339.000000 17758100000339000 0.523838997 0.587379838 -0.081455235 -0.569311113
400340 340.000000 17758100000340000 0.522163987 0.587177826 -0.097909263 -0.555931187
400341 341.000000 17758100000341000 0.520472288 0.587258931 -0.107534538 -0.551190106
400342 342.000000 17758100000342000 0.518764019 0.586999305 -0.130140254 -0.570266100
400343 343.000000 17758100000343000 0.517039239 0.587076981 -0.151737759 -0.551929207
400344 344.000000 17758100000344000 0.515297949 0.586527651 -0.171365099 -0.551684574
400345 345.000000 17758100000345000 0.513540268 0.586595486 -0.192196275 -0.561552787
400346 346.000000 17758100000346000 0.511766315 0.586505949 -0.208187257 -0.528638032
400347 347.000000 17758100000347000 0.509976029 0.585885984 -0.232080171 -0.527639685
400348 348.000000 17758100000348000 0.508169651 0.585520731 -0.244778161 -0.520698760
400349 349.000000 17758100000349000 0.506347060 0.585263166 -0.269257290 -0.574618415
400350 350.000000 17758100000350000 0.504508495 0.585442422 -0.290619803 -0.548357237
400351 351.000000 17758100000351000 0.502653956 0.585040046 -0.307830408 -0.582959114
400352 352.000000 17758100000352000 0.500783503 0.584990752 -0.321305474 -0.565702328
400353 353.000000 17758100000353000 0.498897225 0.584138277 -0.350464021 -0.533615377
400354 354.000000 17758100000354000 0.496995211 0.583812723 -0.366049674 -0.526708032
400355 355.000000 17758100000355000 0.495077521 0.583411786 -0.385293981 -0.526735576
400356 356.000000 17758100000356000 0.493144214 0.583091152 -0.405086376 -0.563618873
400357 357.000000 17758100000357000 0.491195410 0.582783723 -0.429245464 -0.564879579
400358 358.000000 17758100000358000 0.489231139 0.581856060 -0.438339092 -0.510259844
400359 359.000000 17758100000359000 0.487251520 0.581960860 -0.467111845 -0.537872781
400360 360.000000 17758100000360000 0.485256612 0.580869354 -0.482410087 -0.551229561
400361 361.000000 17758100000361000 0.483246505 0.580625363 -0.507204241 -0.546031537
400362 362.000000 17758100000362000 0.481221259 0.580017509 -0.525110336 -0.536520935
400363 363.000000 17758100000363000 0.479180962 0.579668180 -0.535289780 -0.552621529
400364 364.000000 17758100000364000 0.477125704 0.579487266 -0.560842350 -0.519491270
400365 365.000000 17758100000365000 0.475055546 0.578515811 -0.578313908 -0.528042384
400366 366.000000 17758100000366000 0.472970575 0.577735959 -0.597338383 -0.518799611
400367 367.000000 17758100000367000 0.470870882 0.577509244 -0.622743178 -0.552407323
400368 368.000000 17758100000368000 0.468756557 0.577004893 -0.642896940 -0.544042115
400369 369.000000 17758100000369000 0.466627687 0.575882808 -0.654040944 -0.575475124
400370 370.000000 17758100000370000 0.464484304 0.575385822 -0.673879684 -0.587933878
400371 371.000000 17758100000371000 0.462326556 0.574754726 -0.699393861 -0.555797949
400372 372.000000 17758100000372000 0.460154504 0.573982827 -0.708671462 -0.555254477
400373 373.000000 17758100000373000 0.457968235 0.573427136 -0.736148390 -0.548286703
400374 374.000000 17758100000374000 0.455767840 0.572438710 -0.751910373 -0.547800161
400375 375.000000 17758100000375000 0.453553379 0.571976130 -0.764821584 -0.555194819
400376 376.000000 17758100000376000 0.451324999 0.570906060 -0.785264403 -0.529551540
400377 377.000000 17758100000377000 0.449082702 0.570327935 -0.803038799 -0.564558341
400378 378.000000 17758100000378000 0.446826667 0.569441154 -0.822916591 -0.577345508
400379 379.000000 17758100000379000 0.444556892 0.568403879 -0.843213956 -0.536382191
400380 380.000000 17758100000380000 0.442273557 0.567166346 -0.866194677 -0.517125523
400381 381.000000 17758100000381000 0.439976692 0.566629008 -0.888056226 -0.567149696
400382 382.000000 17758100000382000 0.437666416 0.565957097 -0.905677589 -0.569860304
400383 383.000000 17758100000383000 0.435342789 0.565104037 -0.913585121 -0.526838071
400384 384.000000 17758100000384000 0.433005929 0.563989669 -0.933835446 -0.554950081
400385 385.000000 17758100000385000 0.430655926 0.563404956 -0.949413219 -0.542071677
400386 386.000000 17758100000386000 0.428292871 0.561874134 -0.972446268 -0.567408333
400387 387.000000 17758100000387000 0.425916851 0.560854682 -1.000787971 -0.552998076
400388 388.000000 17758100000388000 0.423527986 0.559786776 -1.013731362 -0.517753314
400389 389.000000 17758100000389000 0.421126336 0.558857390 -1.024657104 -0.537542920
400390 390.000000 17758100000390000 0.418711990 0.557918915 -1.051916845 -0.549758567
400391 391.000000 17758100000391000 0.416285068 0.556513214 -1.064515737 -0.555902775
400392 392.000000 17758100000392000 0.413845688 0.555899329 -1.086302755 -0.557186030
400393 393.000000 17758100000393000 0.411393881 0.554501334 -1.095039082 -0.537119714
400394 394.000000 17758100000394000 0.408929795 0.553942492 -1.124579331 -0.541641632
400395 395.000000 17758100000395000 0.406453520 0.552403858 -1.139868265 -0.558201189
400396 396.000000 17758100000396000 0.403965145 0.551008284 -1.157564672 -0.504981534
400397 397.000000 17758100000397000 0.401464760 0.550016462 -1.178741359 -0.535667749
400398 398.000000 17758100000398000 0.398952484 0.548789357 -1.191383436 -0.538632272
400399 399.000000 17758100000399000 0.396428406 0.547833947 -1.206103797 -0.524215766
400400 400.000000 17758100000400000 0.393892616 0.546461326 -1.223873715 -0.529743540
400401 401.000000 17758100000401000 0.391345233 0.545297219 -1.237911741 -0.513466196
400402 402.000000 17758100000402000 0.388786346 0.544198871 -1.263437953 -0.533128736
400403 403.000000 17758100000403000 0.386216074 0.542527600 -1.281654477 -0.530770924
400404 404.000000 17758100000404000 0.383634478 0.541748099 -1.298717006 -0.497094017
400405 405.000000 17758100000405000 0.381041676 0.539914158 -1.315783156 -0.545431784
400406 406.000000 17758100000406000 0.378437817 0.538703063 -1.341791168 -0.533765550
400407 407.000000 17758100000407000 0.375822932 0.537593605 -1.356561749 -0.521343818
400408 408.000000 17758100000408000 0.373197168 0.535771438 -1.376941872 -0.508822710
400409 409.000000 17758100000409000 0.370560616 0.534638382 -1.388903136 -0.518661464
400410 410.000000 17758100000410000 0.367913395 0.533165759 -1.415579618 -0.526193139
400411 411.000000 17758100000411000 0.365255594 0.531818210 -1.425423216 -0.507668243
400412 412.000000 17758100000412000 0.362587303 0.530492187 -1.449896858 -0.502529514
400413 413.000000 17758100000413000 0.359908670 0.528818738 -1.448934422 -0.549834645
400414 414.000000 17758100000414000 0.357219756 0.527468720 -1.472132524 -0.534064778
400415 415.000000 17758100000415000 0.354520708 0.525924566 -1.492514995 -0.500470011
400416 416.000000 17758100000416000 0.351811588 0.524341641 -1.509201326 -0.507269616
400417 417.000000 17758100000417000 0.349092543 0.523165282 -1.526528561 -0.515674016
400418 418.000000 17758100000418000 0.346363664 0.521661346 -1.539118100 -0.537494949
400419 419.000000 17758100000419000 0.343625069 0.519731619 -1.558159792 -0.504598199
400420 420.000000 17758100000420000 0.340876848 0.518126673 -1.566725435 -0.524212890
400421 421.000000 17758100000421000 0.338119090 0.516723116 -1.593873320 -0.491607020
400422 422.000000 17758100000422000 0.335351974 0.515293059 -1.604694408 -0.489130111
400423 423.000000 17758100000423000 0.332575530 0.513462945 -1.628889825 -0.549697315
400424 424.000000 17758100000424000 0.329789937 0.511650642 -1.632473163 -0.505980955
400425 425.000000 17758100000425000 0.326995254 0.510143106 -1.659502593 -0.487888177
400426 426.000000 17758100000426000 0.324191600 0.508670234 -1.670379170 -0.508399816
400427 427.000000 17758100000427000 0.321379125 0.506758471 -1.694861285 -0.529001104
400428 428.000000 17758100000428000 0.318557888 0.505138821 -1.708117326 -0.489409313
400429 429.000000 17758100000429000 0.315728009 0.503157351 -1.721769757 -0.480535268
400430 430.000000 17758100000430000 0.312889636 0.501751008 -1.741330601 -0.479061045
400431 431.000000 17758100000431000 0.310042858 0.499687111 -1.750603912 -0.505316955
400432 432.000000 17758100000432000 0.307187796 0.498104196 -1.775626251 -0.475601598
400433 433.000000 17758100000433000 0.304324538 0.496712151 -1.790886794 -0.486354063
400434 434.000000 17758100000434000 0.301453203 0.494492454 -1.803029706 -0.494286416
400435 435.000000 17758100000435000 0.298573941 0.492647477 -1.816037115 -0.514439820
400436 436.000000 17758100000436000 0.295686841 0.490782523 -1.834068282 -0.483997306
400437 437.000000 17758100000437000 0.292791992 0.489044034 -1.853617569 -0.470798133
400438 438.000000 17758100000438000 0.289889544 0.487236567 -1.860665980 -0.493085769
400439 439.000000 17758100000439000 0.286979616 0.485052314 -1.869853240 -0.468932971
400440 440.000000 17758100000440000 0.284062266 0.483449776 -1.887971166 -0.459987030
400441 441.000000 17758100000441000 0.281137675 0.481370158 -1.920386996 -0.478046032
400442 442.000000 17758100000442000 0.278205931 0.479620300 -1.924753473 -0.471482723
400443 443.000000 17758100000443000 0.275267154 0.477311023 -1.938747796 -0.474725278
400444 444.000000 17758100000444000 0.272321463 0.475380772 -1.960903351 -0.471116554
400445 445.000000 17758100000445000 0.269368947 0.473307443 -1.971342667 -0.443732490
400446 446.000000 17758100000446000 0.266409785 0.471940622 -1.988805925 -0.471502470
400447 447.000000 17758100000447000 0.263444006 0.469683583 -2.002720748 -0.467170584
400448 448.000000 17758100000448000 0.260471791 0.467580742 -2.016568810 -0.488426273
400449 449.000000 17758100000449000 0.257493258 0.465632679 -2.028614634 -0.483430706
400450 450.000000 17758100000450000 0.254508495 0.463248675 -2.042040718 -0.468345547
400451 451.000000 17758100000451000 0.251517624 0.461384763 -2.049663762 -0.476267087
400452 452.000000 17758100000452000 0.248520792 0.459464487 -2.073956097 -0.437992814
400453 453.000000 17758100000453000 0.245518088 0.457081778 -2.089985628 -0.428647142
400454 454.000000 17758100000454000 0.242509633 0.455255469 -2.100014468 -0.465133547
400455 455.000000 17758100000455000 0.239495546 0.452887303 -2.111853433 -0.487313246
400456 456.000000 17758100000456000 0.236475974 0.450752500 -2.139490220 -0.456972276
400457 457.000000 17758100000457000 0.233450994 0.448815405 -2.140348887 -0.425609646
400458 458.000000 17758100000458000 0.230420753 0.446786960 -2.156057937 -0.400024712
400459 459.000000 17758100000459000 0.227385357 0.444612002 -2.166703276 -0.468440120
400460 460.000000 17758100000460000 0.224344939 0.442390857 -2.182401225 -0.462343312
400461 461.000000 17758100000461000 0.221299618 0.440303774 -2.193742741 -0.418298609
400462 462.000000 17758100000462000 0.218249500 0.437986959 -2.209579173 -0.444470853
400463 463.000000 17758100000463000 0.215194717 0.435672679 -2.219367736 -0.441685490
400464 464.000000 17758100000464000 0.212135375 0.433603806 -2.244692991 -0.409535707
400465 465.000000 17758100000465000 0.209071621 0.431524414 -2.244238976 -0.391600693
400466 466.000000 17758100000466000 0.206003562 0.429078469 -2.265889670 -0.396170175
400467 467.000000 17758100000467000 0.202931300 0.426851785 -2.285546059 -0.418846468
400468 468.000000 17758100000468000 0.199854985 0.424223870 -2.294493408 -0.418825272
400469 469.000000 17758100000469000 0.196774736 0.421711670 -2.300415482 -0.421267732
400470 470.000000 17758100000470000 0.193690658 0.419844034 -2.314414722 -0.446803433
400471 471.000000 17758100000471000 0.190602884 0.417341430 -2.324169688 -0.396244213
400472 472.000000 17758100000472000 0.187511533 0.414921159 -2.338666477 -0.415961081
400473 473.000000 17758100000473000 0.184416726 0.412435490 -2.345653538 -0.384792991
400474 474.000000 17758100000474000 0.181318581 0.410399866 -2.357332018 -0.401657460
400475 475.000000 17758100000475000 0.178217232 0.407743182 -2.381268988 -0.404143214
400476 476.000000 17758100000476000 0.175112799 0.405751539 -2.391795991 -0.386682654
400477 477.000000 17758100000477000 0.172005385 0.403058445 -2.399081160 -0.400576123
400478 478.000000 17758100000478000 0.168895140 0.401070570 -2.420004546 -0.395965858
400479 479.000000 17758100000479000 0.165782183 0.398042654 -2.429925398 -0.391753207
400480 480.000000 17758100000480000 0.162666619 0.396013308 -2.439314563 -0.418942661
400481 481.000000 17758100000481000 0.159548581 0.393277718 -2.457757265 -0.407114057
400482 482.000000 17758100000482000 0.156428188 0.391154940 -2.463598145 -0.386820389
400483 483.000000 17758100000483000 0.153305575 0.388801619 -2.482011276 -0.417914642
400484 484.000000 17758100000484000 0.150180861 0.386008707 -2.472544917 -0.364862271
400485 485.000000 17758100000485000 0.147054151 0.384013246 -2.488250314 -0.386321086
400486 486.000000 17758100000486000 0.143925592 0.380952164 -2.505455269 -0.366092340
400487 487.000000 17758100000487000 0.140795305 0.378511686 -2.509317167 -0.353325618
400488 488.000000 17758100000488000 0.137663409 0.376054445 -2.523447730 -0.396410010
400489 489.000000 17758100000489000 0.134530008 0.373559621 -2.541549334 -0.336972332
400490 490.000000 17758100000490000 0.131395265 0.370944378 -2.555879472 -0.377613162
400491 491.000000 17758100000491000 0.128259271 0.368167863 -2.564898186 -0.358189160
400492 492.000000 17758100000492000 0.125122160 0.365938421 -2.565785050 -0.345968189
400493 493.000000 17758100000493000 0.121984057 0.363634507 -2.579483195 -0.346989896
400494 494.000000 17758100000494000 0.118845090 0.360615859 -2.598479054 -0.370581006
400495 495.000000 17758100000495000 0.115705378 0.358157719 -2.608923825 -0.301741540
400496 496.000000 17758100000496000 0.112565048 0.355311847 -2.621060353 -0.364907602
400497 497.000000 17758100000497000 0.109424219 0.352892301 -2.623466574 -0.361037158
400498 498.000000 17758100000498000 0.106283017 0.350113506 -2.632054261 -0.365191178
400499 499.000000 17758100000499000 0.103141569 0.347576512 -2.647963191 -0.314870258
400500 500.000000 17758100000500000 0.100000001 0.345040938 -2.649119902 -0.321800659
400501 501.000000 17758100000501000 0.096858427 0.342325878 -2.668889629 -0.327560860
400502 502.000000 17758100000502000 0.093716979 0.339186402 -2.674709146 -0.310269943
400503 503.000000 17758100000503000 0.090575777 0.336391158 -2.679265115 -0.325704723
400504 504.000000 17758100000504000 0.087434955 0.334170355 -2.693295855 -0.319019578
400505 505.000000 17758100000505000 0.084294617 0.331386409 -2.701585760 -0.337407244
400506 506.000000 17758100000506000 0.081154905 0.328518750 -2.711293771 -0.294604687
400507 507.000000 17758100000507000 0.078015938 0.325885188 -2.720009732 -0.305738256
400508 508.000000 17758100000508000 0.074877843 0.323243376 -2.730421437 -0.287860396
400509 509.000000 17758100000509000 0.071740732 0.320344080 -2.734298907 -0.304030379
400510 510.000000 17758100000510000 0.068604738 0.317810962 -2.745611363 -0.345508166
400511 511.000000 17758100000511000 0.065469988 0.315021527 -2.757277495 -0.303183328
400512 512.000000 17758100000512000 0.062336598 0.312457519 -2.758970442 -0.322774128
400513 513.000000 17758100000513000 0.059204694 0.309469159 -2.768022729 -0.305331102
400514 514.000000 17758100000514000 0.056074403 0.306482092 -2.773422275 -0.292501805
400515 515.000000 17758100000515000 0.052945845 0.303932645 -2.784547275 -0.326874565
400516 516.000000 17758100000516000 0.049819142 0.300996574 -2.806373496 -0.258737895
400517 517.000000 17758100000517000 0.046694424 0.298429727 -2.801568971 -0.285220468
400518 518.000000 17758100000518000 0.043571807 0.295723289 -2.808749133 -0.289850230
400519 519.000000 17758100000519000 0.040451419 0.292583644 -2.821244578 -0.278880951
400520 520.000000 17758100000520000 0.037333384 0.290029986 -2.820620354 -0.268496188
400521 521.000000 17758100000521000 0.034217820 0.287184321 -2.837821221 -0.272515387
400522 522.000000 17758100000522000 0.031104855 0.283735418 -2.841077074 -0.292927537
400523 523.000000 17758100000523000 0.027994609 0.281170322 -2.852455669 -0.270567090
400524 524.000000 17758100000524000 0.024887206 0.278687546 -2.855061802 -0.222892716
400525 525.000000 17758100000525000 0.021782767 0.275864236 -2.864382747 -0.296938406
400526 526.000000 17758100000526000 0.018681418 0.273155951 -2.871736526 -0.302052161
400527 527.000000 17758100000527000 0.015583278 0.269931921 -2.873162586 -0.245771736
400528 528.000000 17758100000528000 0.012488470 0.267223886 -2.884599267 -0.246430732
400529 529.000000 17758100000529000 0.009397118 0.263798289 -2.893487066 -0.260273185
400530 530.000000 17758100000530000 0.006309343 0.261178025 -2.892389847 -0.244133829
400531 531.000000 17758100000531000 0.003225266 0.258145486 -2.906732085 -0.247110854
400532 532.000000 17758100000532000 0.000145010 0.255433310 -2.914625394 -0.242368060
400533 533.000000 17758100000533000 -0.002931304 0.252648507 -2.914985925 -0.249014067
400534 534.000000 17758100000534000 -0.006003555 0.249613323 -2.926267045 -0.239718836
400535 535.000000 17758100000535000 -0.009071621 0.246487027 -2.912657421 -0.255399699
400536 536.000000 17758100000536000 -0.012135381 0.243633228 -2.935013219 -0.258601679
400537 537.000000 17758100000537000 -0.015194713 0.240692736 -2.933745421 -0.229547486
400538 538.000000 17758100000538000 -0.018249499 0.237632225 -2.945483359 -0.217056946
400539 539.000000 17758100000539000 -0.021299616 0.235162822 -2.952189406 -0.196066209
400540 540.000000 17758100000540000 -0.024344943 0.231927968 -2.947738959 -0.195845660
400541 541.000000 17758100000541000 -0.027385363 0.228879335 -2.961379681 -0.209838376
400542 542.000000 17758100000542000 -0.030420752 0.226135347 -2.963517584 -0.202429495
400543 543.000000 17758100000543000 -0.033450995 0.223046678 -2.969564080 -0.204741867
400544 544.000000 17758100000544000 -0.036475968 0.220147095 -2.972119290 -0.206555927
400545 545.000000 17758100000545000 -0.039495554 0.217250793 -2.984034132 -0.222047002
400546 546.000000 17758100000546000 -0.042509630 0.214083540 -2.983273697 -0.171024484
400547 547.000000 17758100000547000 -0.045518082 0.211271051 -2.986314904 -0.197153186
400548 548.000000 17758100000548000 -0.048520792 0.208307361 -2.997597153 -0.221476627
400549 549.000000 17758100000549000 -0.051517636 0.204902380 -3.003931318 -0.203935637
400550 550.000000 17758100000550000 -0.054508496 0.201773228 -2.996921491 -0.238837452
400551 551.000000 17758100000551000 -0.057493258 0.199201347 -3.005967109 -0.159214083
400552 552.000000 17758100000552000 -0.060471807 0.196053337 -3.004968636 -0.179122719
400553 553.000000 17758100000553000 -0.063444018 0.193065767 -3.016067585 -0.206504407
400554 554.000000 17758100000554000 -0.066409774 0.189934419 -3.017085895 -0.149310398
400555 555.000000 17758100000555000 -0.069368958 0.187172995 -3.028293329 -0.198369995
400556 556.000000 17758100000556000 -0.072321460 0.184047584 -3.022813693 -0.161439947
400557 557.000000 17758100000557000 -0.075267158 0.181074352 -3.030833388 -0.187040561
400558 558.000000 17758100000558000 -0.078205936 0.177884329 -3.035373450 -0.170618354
400559 559.000000 17758100000559000 -0.081137687 0.174874718 -3.034152464 -0.150303203
400560 560.000000 17758100000560000 -0.084062278 0.171842355 -3.035604744 -0.149932668
400561 561.000000 17758100000561000 -0.086979605 0.168731245 -3.038404982 -0.138731280
400562 562.000000 17758100000562000 -0.089889549 0.165698403 -3.046459840 -0.183067374
400563 563.000000 17758100000563000 -0.092791997 0.162703980 -3.045783534 -0.142824380
400564 564.000000 17758100000564000 -0.095686831 0.159616055 -3.043676770 -0.109684525
400565 565.000000 17758100000565000 -0.098573945 0.156421495 -3.055265215 -0.138799252
400566 566.000000 17758100000566000 -0.101453215 0.153514340 -3.048036950 -0.131942325
400567 567.000000 17758100000567000 -0.104324535 0.150433759 -3.051823101 -0.124510479
400568 568.000000 17758100000568000 -0.107187793 0.147312703 -3.052297667 -0.143774628
400569 569.000000 17758100000569000 -0.110042863 0.144203726 -3.058282721 -0.129361094
400570 570.000000 17758100000570000 -0.112889647 0.141446929 -3.065181191 -0.105681722
400571 571.000000 17758100000571000 -0.115728021 0.138240036 -3.061272090 -0.146543047
400572 572.000000 17758100000572000 -0.118557885 0.135249888 -3.065765710 -0.083322744
400573 573.000000 17758100000573000 -0.121379115 0.132111049 -3.058289424 -0.077183106
400574 574.000000 17758100000574000 -0.124191605 0.129238166 -3.068361809 -0.059160667
400575 575.000000 17758100000575000 -0.126995251 0.125716708 -3.066809448 -0.096460912
400576 576.000000 17758100000576000 -0.129789934 0.122786200 -3.066609031 -0.078585647
400577 577.000000 17758100000577000 -0.132575542 0.119892366 -3.070560760 -0.093639879
400578 578.000000 17758100000578000 -0.135351971 0.116828389 -3.065180945 -0.112354207
400579 579.000000 17758100000579000 -0.138119102 0.113648104 -3.068594725 -0.100164685
400580 580.000000 17758100000580000 -0.140876830 0.110457526 -3.075026531 -0.062599183
400581 581.000000 17758100000581000 -0.143625066 0.107543873 -3.070261267 -0.070186219
400582 582.000000 17758100000582000 -0.146363676 0.104411060 -3.076380514 -0.087856502
400583 583.000000 17758100000583000 -0.149092555 0.101494966 -3.067718666 -0.078564138
400584 584.000000 17758100000584000 -0.151811600 0.098438868 -3.072687598 -0.067318860
400585 585.000000 17758100000585000 -0.154520705 0.095632339 -3.075931237 -0.061539757
400586 586.000000 17758100000586000 -0.157219768 0.092117917 -3.075184313 -0.071464240
400587 587.000000 17758100000587000 -0.159908667 0.089416317 -3.068357045 -0.040483457
400588 588.000000 17758100000588000 -0.162587315 0.085890494 -3.066197759 -0.074870321
400589 589.000000 17758100000589000 -0.165255591 0.083366640 -3.069097059 -0.035757453
400590 590.000000 17758100000590000 -0.167913392 0.079595131 -3.066792880 -0.051052248
400591 591.000000 17758100000591000 -0.170560628 0.076749888 -3.063067948 -0.072777047
400592 592.000000 17758100000592000 -0.173197180 0.074163304 -3.075064193 -0.002706332
400593 593.000000 17758100000593000 -0.175822929 0.070952244 -3.077903278 -0.015169634
400594 594.000000 17758100000594000 -0.178437814 0.067814879 -3.068405990 -0.018976786
400595 595.000000 17758100000595000 -0.181041688 0.064465658 -3.069783309 -0.029327081
400596 596.000000 17758100000596000 -0.183634475 0.062028478 -3.064202831 -0.039180923
400597 597.000000 17758100000597000 -0.186216056 0.058972654 -3.064374449 -0.037914588
400598 598.000000 17758100000598000 -0.188786358 0.055441579 -3.064430477 -0.022752336
400599 599.000000 17758100000599000 -0.191345245 0.052573809 -3.061047445 -0.002232933
400600 600.000000 17758100000600000 -0.193892628 0.049253635 -3.056463686 -0.019554635
400601 601.000000 17758100000601000 -0.196428403 0.046293820 -3.049655392 -0.041982599
400602 602.000000 17758100000602000 -0.198952496 0.043198981 -3.052348511 -0.046723257
400603 603.000000 17758100000603000 -0.201464772 0.039872748 -3.047605457 -0.032010995
400604 604.000000 17758100000604000 -0.203965142 0.037259449 -3.043256778 0.026927565
400605 605.000000 17758100000605000 -0.206453532 0.034212861 -3.038079728 -0.039066501
400606 606.000000 17758100000606000 -0.208929807 0.031094174 -3.043155304 0.015815441
400607 607.000000 17758100000607000 -0.211393893 0.027834017 -3.037370453 0.001821960
400608 608.000000 17758100000608000 -0.213845685 0.024931722 -3.027489584 0.004657981
400609 609.000000 17758100000609000 -0.216285080 0.022096957 -3.042914268 0.000526515
400610 610.000000 17758100000610000 -0.218712002 0.018783378 -3.025456248 0.032189734
400611 611.000000 17758100000611000 -0.221126333 0.015729488 -3.030724303 0.007203931
400612 612.000000 17758100000612000 -0.223527983 0.012898286 -3.018078939 0.011378381
400613 613.000000 17758100000613000 -0.225916862 0.009953040 -3.021857325 0.036456451
400614 614.000000 17758100000614000 -0.228292882 0.007036813 -3.008295587 0.032934949
400615 615.000000 17758100000615000 -0.230655938 0.003692370 -3.013291572 0.021705552
400616 616.000000 17758100000616000 -0.233005941 0.000814751 -3.001814148 0.025740810
400617 617.000000 17758100000617000 -0.235342786 -0.002445723 -3.007586793 0.044919779
400618 618.000000 17758100000618000 -0.237666398 -0.005533227 -3.002816593 0.039780828
400619 619.000000 17758100000619000 -0.239976689 -0.008251802 -2.999698137 0.054765922
400620 620.000000 17758100000620000 -0.242273554 -0.011358915 -2.989270124 0.028648790
400621 621.000000 17758100000621000 -0.244556904 -0.014240522 -2.985784158 0.017802940
400622 622.000000 17758100000622000 -0.246826649 -0.017338728 -2.985404853 0.054766821
400623 623.000000 17758100000623000 -0.249082714 -0.020136878 -2.978992040 0.059882516
400624 624.000000 17758100000624000 -0.251324981 -0.023075857 -2.981376555 0.035032508
400625 625.000000 17758100000625000 -0.253553391 -0.026431264 -2.963800529 0.059525200
400626 626.000000 17758100000626000 -0.255767852 -0.029198992 -2.961356901 0.062419571
400627 627.000000 17758100000627000 -0.257968247 -0.032237996 -2.958941296 0.075456281
400628 628.000000 17758100000628000 -0.260154516 -0.035162684 -2.953293705 0.076108295
400629 629.000000 17758100000629000 -0.262326568 -0.038028675 -2.949635207 0.101270092
400630 630.000000 17758100000630000 -0.264484316 -0.040679077 -2.942778993 0.104982804
400631 631.000000 17758100000631000 -0.266627669 -0.044119287 -2.941343467 0.074026244
400632 632.000000 17758100000632000 -0.268756568 -0.046950050 -2.938127125 0.065376467
400633 633.000000 17758100000633000 -0.270870894 -0.049778301 -2.921875716 0.113500656
400634 634.000000 17758100000634000 -0.272970587 -0.052621476 -2.928439423 0.083544327
400635 635.000000 17758100000635000 -0.275055528 -0.055581207 -2.913741744 0.129242823
400636 636.000000 17758100000636000 -0.277125686 -0.058797693 -2.911851465 0.079608711
400637 637.000000 17758100000637000 -0.279180944 -0.061662309 -2.909061413 0.133104609
400638 638.000000 17758100000638000 -0.281221241 -0.064394030 -2.901883754 0.100449014
400639 639.000000 17758100000639000 -0.283246517 -0.067282094 -2.892131248 0.122058269
400640 640.000000 17758100000640000 -0.285256624 -0.070066391 -2.888246513 0.156744765
400641 641.000000 17758100000641000 -0.287251532 -0.072943524 -2.877596132 0.118798671
400642 642.000000 17758100000642000 -0.289231151 -0.075679352 -2.868116692 0.142770805
400643 643.000000 17758100000643000 -0.291195393 -0.078641295 -2.864144312 0.119660470
400644 644.000000 17758100000644000 -0.293144226 -0.081583989 -2.848413532 0.123791104
400645 645.000000 17758100000645000 -0.295077503 -0.084529083 -2.852251899 0.149994120
400646 646.000000 17758100000646000 -0.296995193 -0.087238688 -2.840969290 0.112250013
400647 647.000000 17758100000647000 -0.298897207 -0.089821302 -2.839427517 0.173232083
400648 648.000000 17758100000648000 -0.300783485 -0.092582765 -2.831570000 0.127104807
400649 649.000000 17758100000649000 -0.302653939 -0.095652817 -2.820512148 0.162867053
400650 650.000000 17758100000650000 -0.304508507 -0.098440284 -2.805767571 0.137603118
400651 651.000000 17758100000651000 -0.306347072 -0.101436670 -2.803672773 0.138911278
400652 652.000000 17758100000652000 -0.308169633 -0.103885126 -2.801750537 0.148382569
400653 653.000000 17758100000653000 -0.309976041 -0.106874804 -2.782551782 0.159840005
400654 654.000000 17758100000654000 -0.311766297 -0.109451970 -2.782124361 0.116829132
400655 655.000000 17758100000655000 -0.313540280 -0.112235489 -2.776449547 0.190810903
400656 656.000000 17758100000656000 -0.315297961 -0.115048557 -2.776340924 0.168152001
400657 657.000000 17758100000657000 -0.317039222 -0.117956365 -2.757531047 0.178116332
400658 658.000000 17758100000658000 -0.318764031 -0.120670754 -2.752663242 0.208920182
400659 659.000000 17758100000659000 -0.320472300 -0.123536411 -2.736865823 0.175360735
400660 660.000000 17758100000660000 -0.322163969 -0.126201964 -2.724482191 0.193841110
400661 661.000000 17758100000661000 -0.323838979 -0.128724968 -2.717122553 0.191399769
400662 662.000000 17758100000662000 -0.325497240 -0.131952204 -2.709572433 0.219840212
400663 663.000000 17758100000663000 -0.327138722 -0.134303351 -2.698404820 0.174509516
400664 664.000000 17758100000664000 -0.328763336 -0.136997014 -2.698351661 0.198772743
400665 665.000000 17758100000665000 -0.330371022 -0.139435932 -2.679366855 0.219799929
400666 666.000000 17758100000666000 -0.331961721 -0.142100695 -2.674113400 0.210780536
400667 667.000000 17758100000667000 -0.333535343 -0.144613597 -2.661519491 0.195885252
400668 668.000000 17758100000668000 -0.335091889 -0.147677998 -2.649740677 0.232684829
400669 669.000000 17758100000669000 -0.336631238 -0.150173830 -2.636152151 0.201395299
400670 670.000000 17758100000670000 -0.338153332 -0.152915537 -2.634442908 0.230682938
400671 671.000000 17758100000671000 -0.339658141 -0.155452260 -2.609492927 0.219484604
400672 672.000000 17758100000672000 -0.341145605 -0.158337835 -2.618419322 0.221144570
400673 673.000000 17758100000673000 -0.342615664 -0.160964096 -2.601196564 0.199350463
400674 674.000000 17758100000674000 -0.344068229 -0.163701630 -2.590926391 0.238764617
400675 675.000000 17758100000675000 -0.345503271 -0.166478260 -2.575399355 0.215445577
400676 676.000000 17758100000676000 -0.346920699 -0.168504536 -2.573393059 0.239542164
400677 677.000000 17758100000677000 -0.348320514 -0.171111490 -2.560613385 0.233229982
400678 678.000000 17758100000678000 -0.349702626 -0.173449183 -2.551456007 0.238254575
400679 679.000000 17758100000679000 -0.351066977 -0.175892572 -2.540730814 0.248922194
400680 680.000000 17758100000680000 -0.352413535 -0.178786823 -2.523022406 0.247459531
400681 681.000000 17758100000681000 -0.353742212 -0.181207191 -2.516188407 0.275783501
400682 682.000000 17758100000682000 -0.355052978 -0.183985857 -2.509027009 0.279489518
400683 683.000000 17758100000683000 -0.356345803 -0.186043451 -2.496725414 0.226250069
400684 684.000000 17758100000684000 -0.357620597 -0.188612438 -2.486786114 0.291540484
400685 685.000000 17758100000685000 -0.358877301 -0.191254469 -2.470325237 0.266615367
400686 686.000000 17758100000686000 -0.360115916 -0.193609184 -2.463428072 0.254802589
400687 687.000000 17758100000687000 -0.361336380 -0.196496211 -2.449141647 0.236798099
400688 688.000000 17758100000688000 -0.362538606 -0.198638701 -2.436545604 0.290396934
400689 689.000000 17758100000689000 -0.363722563 -0.201073341 -2.432124769 0.265754386
400690 690.000000 17758100000690000 -0.364888251 -0.203617654 -2.412528043 0.292034493
400691 691.000000 17758100000691000 -0.366035551 -0.205575080 -2.407204746 0.292806753
400692 692.000000 17758100000692000 -0.367164463 -0.207876661 -2.387897021 0.290435384
400693 693.000000 17758100000693000 -0.368274957 -0.210264987 -2.373916254 0.285934086
400694 694.000000 17758100000694000 -0.369366914 -0.212795289 -2.370223507 0.264061661
400695 695.000000 17758100000695000 -0.370440394 -0.215288443 -2.359412427 0.324639113
400696 696.000000 17758100000696000 -0.371495277 -0.217796913 -2.336621180 0.290368240
400697 697.000000 17758100000697000 -0.372531533 -0.219655670 -2.325246430 0.285487897
400698 698.000000 17758100000698000 -0.373549163 -0.222274226 -2.324241340 0.296017166
400699 699.000000 17758100000699000 -0.374548078 -0.224657832 -2.305638567 0.273290751
400700 700.000000 17758100000700000 -0.375528246 -0.227140214 -2.287597666 0.296867992
400701 701.000000 17758100000701000 -0.376489669 -0.229259473 -2.275817576 0.309403351
400702 702.000000 17758100000702000 -0.377432287 -0.230951301 -2.263566061 0.331144939
400703 703.000000 17758100000703000 -0.378356040 -0.233463234 -2.254092511 0.304549778
400704 704.000000 17758100000704000 -0.379260898 -0.236098662 -2.245144017 0.308703652
400705 705.000000 17758100000705000 -0.380146831 -0.237706502 -2.221312146 0.305439868
400706 706.000000 17758100000706000 -0.381013840 -0.240296602 -2.210742065 0.317915977
400707 707.000000 17758100000707000 -0.381861836 -0.242814878 -2.190083822 0.336851016
400708 708.000000 17758100000708000 -0.382690817 -0.245031256 -2.195496801 0.302464010
400709 709.000000 17758100000709000 -0.383500755 -0.247033660 -2.172626776 0.351261117
400710 710.000000 17758100000710000 -0.384291589 -0.248896770 -2.159326368 0.358856691
400711 711.000000 17758100000711000 -0.385063291 -0.251171057 -2.143152668 0.327674622
400712 712.000000 17758100000712000 -0.385815859 -0.253668945 -2.125657549 0.336569096
400713 713.000000 17758100000713000 -0.386549264 -0.255430136 -2.114471536 0.359392224
400714 714.000000 17758100000714000 -0.387263447 -0.257367310 -2.104917198 0.360762439
400715 715.000000 17758100000715000 -0.387958378 -0.259829604 -2.089580882 0.311564760
400716 716.000000 17758100000716000 -0.388634056 -0.261651120 -2.076983713 0.337891153
400717 717.000000 17758100000717000 -0.389290452 -0.263772251 -2.063108128 0.366181342
400718 718.000000 17758100000718000 -0.389927536 -0.265643691 -2.047976627 0.364799443
400719 719.000000 17758100000719000 -0.390545249 -0.267585069 -2.033773673 0.347996911
400720 720.000000 17758100000720000 -0.391143620 -0.269712002 -2.006153141 0.363968933
400721 721.000000 17758100000721000 -0.391722590 -0.271675064 -1.998297574 0.404215417
400722 722.000000 17758100000722000 -0.392282158 -0.274214007 -1.992601912 0.381885905
400723 723.000000 17758100000723000 -0.392822295 -0.275843541 -1.972805143 0.353218588
400724 724.000000 17758100000724000 -0.393342972 -0.277905384 -1.948273557 0.387460978
400725 725.000000 17758100000725000 -0.393844157 -0.279983299 -1.937124884 0.365215952
400726 726.000000 17758100000726000 -0.394325882 -0.281376269 -1.929878077 0.351813532
400727 727.000000 17758100000727000 -0.394788057 -0.283802250 -1.919838938 0.377265509
400728 728.000000 17758100000728000 -0.395230711 -0.285430954 -1.886257647 0.378946521
400729 729.000000 17758100000729000 -0.395653814 -0.287141043 -1.881255096 0.341623167
400730 730.000000 17758100000730000 -0.396057338 -0.289151205 -1.859501785 0.405141352
400731 731.000000 17758100000731000 -0.396441311 -0.290865978 -1.855667623 0.368005762
400732 732.000000 17758100000732000 -0.396805644 -0.292690932 -1.834794393 0.411784726
400733 733.000000 17758100000733000 -0.397150397 -0.294362500 -1.818093324 0.401963612
400734 734.000000 17758100000734000 -0.397475511 -0.296040920 -1.803140902 0.412045442
400735 735.000000 17758100000735000 -0.397780985 -0.298110350 -1.785164973 0.398621770
400736 736.000000 17758100000736000 -0.398066819 -0.299629221 -1.768974371 0.412025202
400737 737.000000 17758100000737000 -0.398332953 -0.302099988 -1.753528956 0.405244251
400738 738.000000 17758100000738000 -0.398579448 -0.303479509 -1.746998232 0.398975922
400739 739.000000 17758100000739000 -0.398806244 -0.305275495 -1.729342046 0.421995772
400740 740.000000 17758100000740000 -0.399013370 -0.306856284 -1.704488066 0.399766713
400741 741.000000 17758100000741000 -0.399200767 -0.308611286 -1.684861564 0.391804233
400742 742.000000 17758100000742000 -0.399368465 -0.310381453 -1.681023549 0.392338301
400743 743.000000 17758100000743000 -0.399516463 -0.311837397 -1.664925116 0.411158461
400744 744.000000 17758100000744000 -0.399644732 -0.314056626 -1.648820761 0.395400727
400745 745.000000 17758100000745000 -0.399753273 -0.315198908 -1.627843431 0.365524658
400746 746.000000 17758100000746000 -0.399842083 -0.316791059 -1.597196154 0.425673622
400747 747.000000 17758100000747000 -0.399911165 -0.318643440 -1.599252811 0.421781567
400748 748.000000 17758100000748000 -0.399960518 -0.320278108 -1.573501729 0.432080729
400749 749.000000 17758100000749000 -0.399990141 -0.321523212 -1.556597250 0.438478597
400750 750.000000 17758100000750000 -0.400000006 -0.323314804 -1.551837588 0.429870694
400751 751.000000 17758100000751000 -0.399990141 -0.324560309 -1.535186429 0.430081459
400752 752.000000 17758100000752000 -0.399960518 -0.325935243 -1.513849398 0.437663866
400753 753.000000 17758100000753000 -0.399911165 -0.327808101 -1.499438680 0.454102868
400754 754.000000 17758100000754000 -0.399842083 -0.328787903 -1.484774352 0.459782614
400755 755.000000 17758100000755000 -0.399753273 -0.330825618 -1.469989418 0.433936713
400756 756.000000 17758100000756000 -0.399644732 -0.332106289 -1.447899379 0.445505958
400757 757.000000 17758100000757000 -0.399516463 -0.333476986 -1.433143208 0.430589738
400758 758.000000 17758100000758000 -0.399368465 -0.334727598 -1.411896652 0.465438506
400759 759.000000 17758100000759000 -0.399200767 -0.336508781 -1.395046690 0.475257075
400760 760.000000 17758100000760000 -0.399013370 -0.337527207 -1.373461801 0.434327254
400761 761.000000 17758100000761000 -0.398806244 -0.338688465 -1.359121088 0.465921703
400762 762.000000 17758100000762000 -0.398579448 -0.340595556 -1.338511954 0.438921457
400763 763.000000 17758100000763000 -0.398332953 -0.341636547 -1.327251469 0.433000646
400764 764.000000 17758100000764000 -0.398066819 -0.343328418 -1.302127983 0.442605735
400765 765.000000 17758100000765000 -0.397780985 -0.344257878 -1.284661738 0.492985088
400766 766.000000 17758100000766000 -0.397475511 -0.345380127 -1.271240087 0.481355441
400767 767.000000 17758100000767000 -0.397150397 -0.346814465 -1.254821954 0.457816023
400768 768.000000 17758100000768000 -0.396805644 -0.348169020 -1.239722411 0.491281112
400769 769.000000 17758100000769000 -0.396441311 -0.349207742 -1.213664571 0.460555066
400770 770.000000 17758100000770000 -0.396057338 -0.350388130 -1.203187097 0.480353057
400771 771.000000 17758100000771000 -0.395653814 -0.351610822 -1.194162879 0.480531397
400772 772.000000 17758100000772000 -0.395230711 -0.352793720 -1.160117784 0.473233265
400773 773.000000 17758100000773000 -0.394788057 -0.353998288 -1.137450291 0.482482925
400774 774.000000 17758100000774000 -0.394325882 -0.355002846 -1.127977317 0.487426896
400775 775.000000 17758100000775000 -0.393844157 -0.356439123 -1.119082079 0.481939974
400776 776.000000 17758100000776000 -0.393342972 -0.357397626 -1.087595472 0.462582267
400777 777.000000 17758100000777000 -0.392822295 -0.358078290 -1.074416222 0.499764915
400778 778.000000 17758100000778000 -0.392282158 -0.359602596 -1.058534281 0.451446414
400779 779.000000 17758100000779000 -0.391722590 -0.360736414 -1.035566988 0.511770169
400780 780.000000 17758100000780000 -0.391143620 -0.361581480 -1.018185377 0.503336393
400781 781.000000 17758100000781000 -0.390545249 -0.362800692 -1.000256393 0.486490037
400782 782.000000 17758100000782000 -0.389927536 -0.363326285 -0.985547330 0.496013070
400783 783.000000 17758100000783000 -0.389290452 -0.364638921 -0.967480534 0.516203884
400784 784.000000 17758100000784000 -0.388634056 -0.365614392 -0.950584207 0.514424201
400785 785.000000 17758100000785000 -0.387958378 -0.366487303 -0.925789841 0.510429245
400786 786.000000 17758100000786000 -0.387263447 -0.367603152 -0.908069722 0.473599364
400787 787.000000 17758100000787000 -0.386549264 -0.368105824 -0.892413959 0.517332746
400788 788.000000 17758100000788000 -0.385815859 -0.369318670 -0.881215869 0.492237012
400789 789.000000 17758100000789000 -0.385063291 -0.370076372 -0.858235805 0.499418290
400790 790.000000 17758100000790000 -0.384291589 -0.370483395 -0.839416860 0.526128530
400791 791.000000 17758100000791000 -0.383500755 -0.371470216 -0.815341083 0.489791732
400792 792.000000 17758100000792000 -0.382690817 -0.372352621 -0.799066409 0.494402187
400793 793.000000 17758100000793000 -0.381861836 -0.373340894 -0.779200426 0.513533445
400794 794.000000 17758100000794000 -0.381013840 -0.374049368 -0.765613393 0.528105732
400795 795.000000 17758100000795000 -0.380146831 -0.374119444 -0.749041012 0.499894032
400796 796.000000 17758100000796000 -0.379260898 -0.375403742 -0.721758752 0.494940000
400797 797.000000 17758100000797000 -0.378356040 -0.375989751 -0.706262105 0.476288474
400798 798.000000 17758100000798000 -0.377432287 -0.376927858 -0.692044326 0.527661026
400799 799.000000 17758100000799000 -0.376489669 -0.377720010 -0.669402183 0.534179475
400800 800.000000 17758100000800000 -0.375528246 -0.378342257 -0.653518508 0.509196886
400801 801.000000 17758100000801000 -0.374548078 -0.378555905 -0.626956743 0.513729962
400802 802.000000 17758100000802000 -0.373549163 -0.379036975 -0.610351553 0.503647001
400803 803.000000 17758100000803000 -0.372531533 -0.379293434 -0.594139103 0.495722538
400804 804.000000 17758100000804000 -0.371495277 -0.380794574 -0.569178368 0.486026277
400805 805.000000 17758100000805000 -0.370440394 -0.380780455 -0.547812906 0.545033820
400806 806.000000 17758100000806000 -0.369366914 -0.381516286 -0.532427519 0.523955769
400807 807.000000 17758100000807000 -0.368274957 -0.382352779 -0.523925726 0.549130920
400808 808.000000 17758100000808000 -0.367164463 -0.382889342 -0.496111108 0.532495995
400809 809.000000 17758100000809000 -0.366035551 -0.382822331 -0.479925224 0.483311044
400810 810.000000 17758100000810000 -0.364888251 -0.383594380 -0.462569496 0.545664050
400811 811.000000 17758100000811000 -0.363722563 -0.384068283 -0.425452444 0.535236018
400812 812.000000 17758100000812000 -0.362538606 -0.384145240 -0.420203514 0.518551391
400813 813.000000 17758100000813000 -0.361336380 -0.384834883 -0.408050978 0.535887436
400814 814.000000 17758100000814000 -0.360115916 -0.385487378 -0.382176158 0.526205214
400815 815.000000 17758100000815000 -0.358877301 -0.385642422 -0.362205188 0.522177545
400816 816.000000 17758100000816000 -0.357620597 -0.386142012 -0.349096058 0.544671602
400817 817.000000 17758100000817000 -0.356345803 -0.386293514 -0.327371955 0.564780618
400818 818.000000 17758100000818000 -0.355052978 -0.386559204 -0.313122920 0.513279424
400819 819.000000 17758100000819000 -0.353742212 -0.386840805 -0.278075340 0.561038606
400820 820.000000 17758100000820000 -0.352413535 -0.387378490 -0.266470452 0.534532353
400821 821.000000 17758100000821000 -0.351066977 -0.387182439 -0.248302666 0.517918924
400822 822.000000 17758100000822000 -0.349702626 -0.387876480 -0.234310520 0.528710869
400823 823.000000 17758100000823000 -0.348320514 -0.387944181 -0.216195776 0.553664090
400824 824.000000 17758100000824000 -0.346920699 -0.388192356 -0.189373996 0.525495339
400825 825.000000 17758100000825000 -0.345503271 -0.388345391 -0.170123696 0.545215285
400826 826.000000 17758100000826000 -0.344068229 -0.388748739 -0.163525871 0.541535512
400827 827.000000 17758100000827000 -0.342615664 -0.388655463 -0.128969668 0.543363483
400828 828.000000 17758100000828000 -0.341145605 -0.388461592 -0.115832541 0.517633782
400829 829.000000 17758100000829000 -0.339658141 -0.388761435 -0.096322709 0.563230163
400830 830.000000 17758100000830000 -0.338153332 -0.388569732 -0.080140322 0.526148597
400831 831.000000 17758100000831000 -0.336631238 -0.388737193 -0.050705731 0.534641253
400832 832.000000 17758100000832000 -0.335091889 -0.389047318 -0.041890505 0.513099849
400833 833.000000 17758100000833000 -0.333535343 -0.389078509 -0.022718596 0.560274531
400834 834.000000 17758100000834000 -0.331961721 -0.388788530 0.006947903 0.543244166
400835 835.000000 17758100000835000 -0.330371022 -0.389078077 0.009205852 0.536516480
400836 836.000000 17758100000836000 -0.328763336 -0.388751428 0.049131383 0.541724969
400837 837.000000 17758100000837000 -0.327138722 -0.388318263 0.061516953 0.538877850
400838 838.000000 17758100000838000 -0.325497240 -0.388891257 0.076375768 0.561619548
400839 839.000000 17758100000839000 -0.323838979 -0.388519554 0.094031364 0.536325464
400840 840.000000 17758100000840000 -0.322163969 -0.388491981 0.116625357 0.560590913
400841 841.000000 17758100000841000 -0.320472300 -0.388451995 0.136681063 0.557585089
400842 842.000000 17758100000842000 -0.318764031 -0.387924727 0.156615226 0.567905826
400843 843.000000 17758100000843000 -0.317039222 -0.388154651 0.183082294 0.555093666
400844 844.000000 17758100000844000 -0.315297961 -0.387810203 0.193145424 0.552483087
400845 845.000000 17758100000845000 -0.313540280 -0.387435915 0.223044641 0.552936861
400846 846.000000 17758100000846000 -0.311766297 -0.387063005 0.239207106 0.555032856
400847 847.000000 17758100000847000 -0.309976041 -0.386849437 0.243171789 0.567401489
400848 848.000000 17758100000848000 -0.308169633 -0.387030401 0.272017019 0.512365434
400849 849.000000 17758100000849000 -0.306347072 -0.386435877 0.293870540 0.531474800
400850 850.000000 17758100000850000 -0.304508507 -0.386354623 0.311752876 0.578654435
400851 851.000000 17758100000851000 -0.302653939 -0.385854646 0.329579506 0.546414597
400852 852.000000 17758100000852000 -0.300783485 -0.385517597 0.337912847 0.500051198
400853 853.000000 17758100000853000 -0.298897207 -0.384932812 0.377257420 0.540723645
400854 854.000000 17758100000854000 -0.296995193 -0.384688915 0.393381226 0.555389311
400855 855.000000 17758100000855000 -0.295077503 -0.384119079 0.403863995 0.535095270
400856 856.000000 17758100000856000 -0.293144226 -0.384190106 0.418371324 0.557909485
400857 857.000000 17758100000857000 -0.291195393 -0.383192689 0.446556916 0.541655888
400858 858.000000 17758100000858000 -0.289231151 -0.382937725 0.466142923 0.550145363
400859 859.000000 17758100000859000 -0.287251532 -0.382264122 0.474511935 0.527664708
400860 860.000000 17758100000860000 -0.285256624 -0.382152243 0.488309759 0.564995770
400861 861.000000 17758100000861000 -0.283246517 -0.381640792 0.511832837 0.560330989
400862 862.000000 17758100000862000 -0.281221241 -0.380989313 0.534274099 0.533877800
400863 863.000000 17758100000863000 -0.279180944 -0.380397398 0.548545820 0.561067039
400864 864.000000 17758100000864000 -0.277125686 -0.380088641 0.577989151 0.556994001
400865 865.000000 17758100000865000 -0.275055528 -0.379128761 0.589795057 0.569102859
400866 866.000000 17758100000866000 -0.272970587 -0.378870851 0.619894543 0.523914906
400867 867.000000 17758100000867000 -0.270870894 -0.377934335 0.637166779 0.524287705
400868 868.000000 17758100000868000 -0.268756568 -0.377659843 0.641586951 0.521110133
400869 869.000000 17758100000869000 -0.266627669 -0.376932393 0.671493898 0.539610197
400870 870.000000 17758100000870000 -0.264484316 -0.375975052 0.684579313 0.551194185
400871 871.000000 17758100000871000 -0.262326568 -0.375541973 0.704612590 0.560270151
400872 872.000000 17758100000872000 -0.260154516 -0.374554857 0.726902556 0.519256460
400873 873.000000 17758100000873000 -0.257968247 -0.374112056 0.748436323 0.575373259
400874 874.000000 17758100000874000 -0.255767852 -0.373031226 0.762959901 0.550477592
400875 875.000000 17758100000875000 -0.253553391 -0.372541466 0.794836015 0.572268239
400876 876.000000 17758100000876000 -0.251324981 -0.371377013 0.806585819 0.523217716
400877 877.000000 17758100000877000 -0.249082714 -0.370683336 0.821386436 0.532198575
400878 878.000000 17758100000878000 -0.246826649 -0.369764756 0.830835134 0.552669995
400879 879.000000 17758100000879000 -0.244556904 -0.369114610 0.848353989 0.523288498
400880 880.000000 17758100000880000 -0.242273554 -0.368333761 0.874378134 0.520159124
400881 881.000000 17758100000881000 -0.239976689 -0.367222802 0.896640179 0.554611218
400882 882.000000 17758100000882000 -0.237666398 -0.366454771 0.918065446 0.575179429
400883 883.000000 17758100000883000 -0.235342786 -0.365337544 0.922419085 0.560750044
400884 884.000000 17758100000884000 -0.233005941 -0.364487511 0.948432809 0.491390714
400885 885.000000 17758100000885000 -0.230655938 -0.363659605 0.961758711 0.545173641
400886 886.000000 17758100000886000 -0.228292882 -0.362639113 0.981487358 0.552396448
400887 887.000000 17758100000887000 -0.225916862 -0.361106944 1.004010110 0.501027982
400888 888.000000 17758100000888000 -0.223527983 -0.360444320 1.015350563 0.606746309
400889 889.000000 17758100000889000 -0.221126333 -0.359719415 1.049926030 0.518087291
400890 890.000000 17758100000890000 -0.218712002 -0.358503847 1.058611086 0.504688011
400891 891.000000 17758100000891000 -0.216285080 -0.357305604 1.080085190 0.547972842
400892 892.000000 17758100000892000 -0.213845685 -0.356200729 1.091685873 0.516550869
400893 893.000000 17758100000893000 -0.211393893 -0.355306590 1.111287481 0.546697720
400894 894.000000 17758100000894000 -0.208929807 -0.353934119 1.126245931 0.526761576
400895 895.000000 17758100000895000 -0.206453532 -0.352804850 1.155228319 0.550304421
400896 896.000000 17758100000896000 -0.203965142 -0.351729415 1.171061965 0.550501534
400897 897.000000 17758100000897000 -0.201464772 -0.350417884 1.186182274 0.532277792
400898 898.000000 17758100000898000 -0.198952496 -0.349257763 1.196581792 0.521327124
400899 899.000000 17758100000899000 -0.196428403 -0.348563725 1.222954097 0.519171908
400900 900.000000 17758100000900000 -0.193892628 -0.347041798 1.240491331 0.547185130
400901 901.000000 17758100000901000 -0.191345245 -0.345714965 1.255409649 0.549082655
400902 902.000000 17758100000902000 -0.188786358 -0.344320675 1.282868050 0.501551444
400903 903.000000 17758100000903000 -0.186216056 -0.343082457 1.278661167 0.516705157
400904 904.000000 17758100000904000 -0.183634475 -0.341655802 1.315793224 0.483647384
400905 905.000000 17758100000905000 -0.181041688 -0.340532234 1.333996887 0.537272019
400906 906.000000 17758100000906000 -0.178437814 -0.339179593 1.341714661 0.514432863
400907 907.000000 17758100000907000 -0.175822929 -0.337630751 1.364731412 0.524764188
400908 908.000000 17758100000908000 -0.173197180 -0.336553383 1.368130493 0.514248477
400909 909.000000 17758100000909000 -0.170560628 -0.334492740 1.397223873 0.491519959
400910 910.000000 17758100000910000 -0.167913392 -0.333479388 1.421356945 0.511720835
400911 911.000000 17758100000911000 -0.165255591 -0.332165554 1.431639344 0.539668883
400912 912.000000 17758100000912000 -0.162587315 -0.330815950 1.440164675 0.543038568
400913 913.000000 17758100000913000 -0.159908667 -0.329186141 1.464888929 0.533157334
400914 914.000000 17758100000914000 -0.157219768 -0.327663094 1.480007235 0.497639685
400915 915.000000 17758100000915000 -0.154520705 -0.326237263 1.491832200 0.481468080
400916 916.000000 17758100000916000 -0.151811600 -0.324566225 1.515454618 0.520586689
400917 917.000000 17758100000917000 -0.149092555 -0.323177300 1.523842322 0.518440531
400918 918.000000 17758100000918000 -0.146363676 -0.321623906 1.542294250 0.482421299
400919 919.000000 17758100000919000 -0.143625066 -0.320058959 1.560522119 0.520820355
400920 920.000000 17758100000920000 -0.140876830 -0.318488013 1.577658859 0.488144028
400921 921.000000 17758100000921000 -0.138119102 -0.316844448 1.602779760 0.541490215
400922 922.000000 17758100000922000 -0.135351971 -0.314951872 1.605172797 0.522705609
400923 923.000000 17758100000923000 -0.132575542 -0.313489334 1.628503959 0.495341130
400924 924.000000 17758100000924000 -0.129789934 -0.312229307 1.646438275 0.519292179
400925 925.000000 17758100000925000 -0.126995251 -0.309927656 1.659126800 0.492010839
400926 926.000000 17758100000926000 -0.124191605 -0.308660454 1.671497591 0.517978398
400927 927.000000 17758100000927000 -0.121379115 -0.306534119 1.690556165 0.527934115
400928 928.000000 17758100000928000 -0.118557885 -0.305463271 1.707324625 0.482351865
400929 929.000000 17758100000929000 -0.115728021 -0.303361766 1.725821025 0.502125285
400930 930.000000 17758100000930000 -0.112889647 -0.301974921 1.745590589 0.511333195
400931 931.000000 17758100000931000 -0.110042863 -0.300121233 1.762866079 0.500890857
400932 932.000000 17758100000932000 -0.107187793 -0.298179907 1.776413850 0.522321234
400933 933.000000 17758100000933000 -0.104324535 -0.296188394 1.778619376 0.469635549
400934 934.000000 17758100000934000 -0.101453215 -0.294700527 1.806269652 0.499440019
400935 935.000000 17758100000935000 -0.098573945 -0.292576069 1.828324260 0.476766995
400936 936.000000 17758100000936000 -0.095686831 -0.291072780 1.833399913 0.511695580
400937 937.000000 17758100000937000 -0.092791997 -0.289056602 1.852481286 0.446993894
400938 938.000000 17758100000938000 -0.089889549 -0.287409319 1.866986693 0.449309912
400939 939.000000 17758100000939000 -0.086979605 -0.285165276 1.879160231 0.442559707
400940 940.000000 17758100000940000 -0.084062278 -0.283355851 1.897737390 0.492438944
400941 941.000000 17758100000941000 -0.081137687 -0.281747351 1.911086494 0.516895713
400942 942.000000 17758100000942000 -0.078205936 -0.279359761 1.933790961 0.491403882
400943 943.000000 17758100000943000 -0.075267158 -0.277491507 1.944251493 0.426782620
400944 944.000000 17758100000944000 -0.072321460 -0.275955471 1.944101586 0.456371918
400945 945.000000 17758100000945000 -0.069368958 -0.273839748 1.970865777 0.493597279
400946 946.000000 17758100000946000 -0.066409774 -0.271887345 1.990067886 0.487969413
400947 947.000000 17758100000947000 -0.063444018 -0.269659420 1.998076518 0.463395056
400948 948.000000 17758100000948000 -0.060471807 -0.267519466 2.011442153 0.462860108
400949 949.000000 17758100000949000 -0.057493258 -0.265927811 2.028540816 0.468148413
400950 950.000000 17758100000950000 -0.054508496 -0.263468139 2.044609649 0.490952529
400951 951.000000 17758100000951000 -0.051517636 -0.261585540 2.061287462 0.472684370
400952 952.000000 17758100000952000 -0.048520792 -0.259262936 2.081990122 0.413774805
400953 953.000000 17758100000953000 -0.045518082 -0.257028715 2.086095199 0.456047285
400954 954.000000 17758100000954000 -0.042509630 -0.255202637 2.108782946 0.459984047
400955 955.000000 17758100000955000 -0.039495554 -0.252957487 2.118396193 0.456364554
400956 956.000000 17758100000956000 -0.036475968 -0.250522597 2.135765304 0.439017797
400957 957.000000 17758100000957000 -0.033450995 -0.248942761 2.136189768 0.420559716
400958 958.000000 17758100000958000 -0.030420752 -0.246988524 2.158086053 0.417525075
400959 959.000000 17758100000959000 -0.027385363 -0.244818635 2.161948187 0.438752082
400960 960.000000 17758100000960000 -0.024344943 -0.242121733 2.187807047 0.413506505
400961 961.000000 17758100000961000 -0.021299616 -0.240011277 2.204726969 0.424601161
400962 962.000000 17758100000962000 -0.018249499 -0.237797881 2.212742156 0.427589804
400963 963.000000 17758100000963000 -0.015194713 -0.235738998 2.225548465 0.465097219
400964 964.000000 17758100000964000 -0.012135381 -0.233521476 2.243001727 0.363859052
400965 965.000000 17758100000965000 -0.009071621 -0.231152094 2.260992901 0.427883614
400966 966.000000 17758100000966000 -0.006003555 -0.229551158 2.260519155 0.415217598
400967 967.000000 17758100000967000 -0.002931304 -0.226535130 2.266773004 0.433320004
400968 968.000000 17758100000968000 0.000145010 -0.224916905 2.284874240 0.431839064
400969 969.000000 17758100000969000 0.003225266 -0.222232092 2.300577970 0.463426144
400970 970.000000 17758100000970000 0.006309343 -0.219674147 2.311451316 0.420191917
400971 971.000000 17758100000971000 0.009397118 -0.217464996 2.329609463 0.409029962
400972 972.000000 17758100000972000 0.012488470 -0.215247165 2.338260939 0.414828033
400973 973.000000 17758100000973000 0.015583278 -0.213032614 2.354713256 0.392645547
400974 974.000000 17758100000974000 0.018681418 -0.210331307 2.356419279 0.399107842
400975 975.000000 17758100000975000 0.021782767 -0.207795721 2.377549051 0.433929551
400976 976.000000 17758100000976000 0.024887206 -0.205509260 2.391787051 0.403668587
400977 977.000000 17758100000977000 0.027994609 -0.203387273 2.402184929 0.384582623
400978 978.000000 17758100000978000 0.031104855 -0.200420994 2.414483064 0.392986362
400979 979.000000 17758100000979000 0.034217820 -0.198308785 2.433372173 0.379258687
400980 980.000000 17758100000980000 0.037333384 -0.195904811 2.440119442 0.373650330
400981 981.000000 17758100000981000 0.040451419 -0.193467224 2.456381987 0.367891215
400982 982.000000 17758100000982000 0.043571807 -0.190871826 2.460042286 0.398168792
400983 983.000000 17758100000983000 0.046694424 -0.189053861 2.479476756 0.399975910
400984 984.000000 17758100000984000 0.049819142 -0.185970666 2.494241869 0.348635711
400985 985.000000 17758100000985000 0.052945845 -0.183769488 2.487006604 0.359609479
400986 986.000000 17758100000986000 0.056074403 -0.181338689 2.507624742 0.357780750
400987 987.000000 17758100000987000 0.059204694 -0.178588402 2.523817204 0.382806622
400988 988.000000 17758100000988000 0.062336598 -0.176153591 2.524692481 0.370347618
400989 989.000000 17758100000989000 0.065469988 -0.173655432 2.537196645 0.355712068
400990 990.000000 17758100000990000 0.068604738 -0.171182533 2.557728561 0.330614677
400991 991.000000 17758100000991000 0.071740732 -0.168388621 2.565273723 0.396592984
400992 992.000000 17758100000992000 0.074877843 -0.166046444 2.570417475 0.357535929
400993 993.000000 17758100000993000 0.078015938 -0.163465566 2.582709284 0.386837873
400994 994.000000 17758100000994000 0.081154905 -0.160503361 2.592152482 0.351363403
400995 995.000000 17758100000995000 0.084294617 -0.157925825 2.602681317 0.343291719
400996 996.000000 17758100000996000 0.087434955 -0.155368240 2.604212367 0.346829201
400997 997.000000 17758100000997000 0.090575777 -0.152233741 2.622977998 0.359086033
400998 998.000000 17758100000998000 0.093716979 -0.150369411 2.637739413 0.372967551
400999 999.000000 17758100000999000 0.096858427 -0.147546312 2.640629139 0.338613705
401000 1000.000000 17758100001000000 0.100000001 -0.144798355 2.646999241 0.321393573
401001 1001.000000 17758100001001000 0.103141569 -0.142197566 2.663467604 0.332635149
401002 1002.000000 17758100001002000 0.106283017 -0.139376335 2.669233646 0.350575793
401003 1003.000000 17758100001003000 0.109424219 -0.136677295 2.685172475 0.330046059
401004 1004.000000 17758100001004000 0.112565048 -0.134144628 2.692219938 0.307118719
401005 1005.000000 17758100001005000 0.115705378 -0.131810933 2.702024271 0.331605720
401006 1006.000000 17758100001006000 0.118845090 -0.128856004 2.727044785 0.320790038
401007 1007.000000 17758100001007000 0.121984057 -0.125948705 2.722811671 0.285470947
401008 1008.000000 17758100001008000 0.125122160 -0.123666994 2.729054054 0.317331960
401009 1009.000000 17758100001009000 0.128259271 -0.120873097 2.730938088 0.291660705
401010 1010.000000 17758100001010000 0.131395265 -0.118050989 2.743759764 0.311193946
401011 1011.000000 17758100001011000 0.134530008 -0.115218069 2.744430810 0.299652787
401012 1012.000000 17758100001012000 0.137663409 -0.112300205 2.758073820 0.306217487
401013 1013.000000 17758100001013000 0.140795305 -0.109891004 2.769833566 0.318636073
401014 1014.000000 17758100001014000 0.143925592 -0.106399187 2.779351762 0.321012950
401015 1015.000000 17758100001015000 0.147054151 -0.104288736 2.788506035 0.311651901
401016 1016.000000 17758100001016000 0.150180861 -0.101376687 2.796673492 0.324592555
401017 1017.000000 17758100001017000 0.153305575 -0.098399616 2.806987845 0.312743615
401018 1018.000000 17758100001018000 0.156428188 -0.095774689 2.822188383 0.284359648
401019 1019.000000 17758100001019000 0.159548581 -0.092787992 2.824740537 0.310897158
401020 1020.000000 17758100001020000 0.162666619 -0.089936391 2.823624706 0.269567596
401021 1021.000000 17758100001021000 0.165782183 -0.086883049 2.827270212 0.263498962
401022 1022.000000 17758100001022000 0.168895140 -0.084370072 2.845751639 0.255256943
401023 1023.000000 17758100001023000 0.172005385 -0.081409032 2.844958645 0.260661905
401024 1024.000000 17758100001024000 0.175112799 -0.078581055 2.850750089 0.273259899
401025 1025.000000 17758100001025000 0.178217232 -0.075547611 2.859710103 0.283405466
401026 1026.000000 17758100001026000 0.181318581 -0.072991950 2.861400716 0.257245624
401027 1027.000000 17758100001027000 0.184416726 -0.069964525 2.876775192 0.275724981
401028 1028.000000 17758100001028000 0.187511533 -0.066840011 2.885830166 0.230260541
401029 1029.000000 17758100001029000 0.190602884 -0.064029886 2.896966628 0.282062651
401030 1030.000000 17758100001030000 0.193690658 -0.061185399 2.895888592 0.308861067
401031 1031.000000 17758100001031000 0.196774736 -0.058084769 2.892379449 0.267125628
401032 1032.000000 17758100001032000 0.199854985 -0.055538386 2.913153699 0.231276917
401033 1033.000000 17758100001033000 0.202931300 -0.052470937 2.912016229 0.275292036
401034 1034.000000 17758100001034000 0.206003562 -0.049699532 2.921481962 0.211406121
401035 1035.000000 17758100001035000 0.209071621 -0.046571186 2.932018243 0.245012291
401036 1036.000000 17758100001036000 0.212135375 -0.043983970 2.924065767 0.243391106
401037 1037.000000 17758100001037000 0.215194717 -0.040449829 2.935539157 0.202355308
401038 1038.000000 17758100001038000 0.218249500 -0.037769610 2.945606360 0.212736823
401039 1039.000000 17758100001039000 0.221299618 -0.034906689 2.949101738 0.226494381
401040 1040.000000 17758100001040000 0.224344939 -0.032207629 2.957125090 0.212519583
401041 1041.000000 17758100001041000 0.227385357 -0.029087569 2.965446712 0.257637940
401042 1042.000000 17758100001042000 0.230420753 -0.025995579 2.964652529 0.242583856
401043 1043.000000 17758100001043000 0.233450994 -0.023106429 2.968616432 0.204029165
401044 1044.000000 17758100001044000 0.236475974 -0.019960997 2.970728551 0.193394226
401045 1045.000000 17758100001045000 0.239495546 -0.016940670 2.986665553 0.200074200
401046 1046.000000 17758100001046000 0.242509633 -0.014001691 2.986801407 0.193539929
401047 1047.000000 17758100001047000 0.245518088 -0.011225553 2.991980929 0.175394679
401048 1048.000000 17758100001048000 0.248520792 -0.007883858 2.989735027 0.201438578
401049 1049.000000 17758100001049000 0.251517624 -0.005217491 2.999491664 0.177648411
401050 1050.000000 17758100001050000 0.254508495 -0.002360762 3.000548979 0.190385087
401051 1051.000000 17758100001051000 0.257493258 0.000578728 3.006590780 0.176341165
401052 1052.000000 17758100001052000 0.260471791 0.003729978 3.008699899 0.178693176
401053 1053.000000 17758100001053000 0.263444006 0.006723013 3.022001058 0.132527422
401054 1054.000000 17758100001054000 0.266409785 0.009765540 3.012170491 0.181114352
401055 1055.000000 17758100001055000 0.269368947 0.012860040 3.018686723 0.177041028
401056 1056.000000 17758100001056000 0.272321463 0.016153090 3.018402251 0.153407827
401057 1057.000000 17758100001057000 0.275267154 0.019259455 3.027593370 0.191734644
401058 1058.000000 17758100001058000 0.278205931 0.021967446 3.033023094 0.160436397
401059 1059.000000 17758100001059000 0.281137675 0.025500025 3.036914389 0.168687566
401060 1060.000000 17758100001060000 0.284062266 0.028116842 3.035819986 0.200601856
401061 1061.000000 17758100001061000 0.286979616 0.031055412 3.033447298 0.154532352
401062 1062.000000 17758100001062000 0.289889544 0.034167689 3.044515215 0.141519366
401063 1063.000000 17758100001063000 0.292791992 0.037018568 3.051745273 0.130392607
401064 1064.000000 17758100001064000 0.295686841 0.040429228 3.053186501 0.129282855
401065 1065.000000 17758100001065000 0.298573941 0.043048169 3.057889238 0.124337277
401066 1066.000000 17758100001066000 0.301453203 0.046250947 3.043688634 0.143593708
401067 1067.000000 17758100001067000 0.304324538 0.049163204 3.048532815 0.088124669
401068 1068.000000 17758100001068000 0.307187796 0.052395999 3.062277360 0.147788315
401069 1069.000000 17758100001069000 0.310042858 0.055122897 3.061335829 0.105916584
401070 1070.000000 17758100001070000 0.312889636 0.058633645 3.055649174 0.121952439
401071 1071.000000 17758100001071000 0.315728009 0.062007889 3.061430505 0.121158287
401072 1072.000000 17758100001072000 0.318557888 0.064744571 3.058834794 0.117016575
401073 1073.000000 17758100001073000 0.321379125 0.067675061 3.067940252 0.085754296
401074 1074.000000 17758100001074000 0.324191600 0.071036770 3.062259308 0.080355627
401075 1075.000000 17758100001075000 0.326995254 0.073848838 3.076474893 0.112315019
401076 1076.000000 17758100001076000 0.329789937 0.076730750 3.066907119 0.132958497
401077 1077.000000 17758100001077000 0.332575530 0.080095434 3.067129473 0.086769141
401078 1078.000000 17758100001078000 0.335351974 0.083030253 3.063668496 0.075008959
401079 1079.000000 17758100001079000 0.338119090 0.086342591 3.071263043 0.117159318
401080 1080.000000 17758100001080000 0.340876848 0.089326335 3.076501131 0.086327161
401081 1081.000000 17758100001081000 0.343625069 0.092371829 3.075201229 0.063939036
401082 1082.000000 17758100001082000 0.346363664 0.095480544 3.072301967 0.088214966
401083 1083.000000 17758100001083000 0.349092543 0.098260952 3.069120447 0.088089050
401084 1084.000000 17758100001084000 0.351811588 0.101294194 3.067531567 0.081593658
401085 1085.000000 17758100001085000 0.354520708 0.104382027 3.067767013 0.081621735
401086 1086.000000 17758100001086000 0.357219756 0.107706837 3.072726487 0.027514099
401087 1087.000000 17758100001087000 0.359908670 0.110663179 3.079970930 0.050322814
401088 1088.000000 17758100001088000 0.362587303 0.113425430 3.074713361 0.038877356
401089 1089.000000 17758100001089000 0.365255594 0.117022764 3.064889228 0.072621808
401090 1090.000000 17758100001090000 0.367913395 0.120011387 3.073342431 0.072433441
401091 1091.000000 17758100001091000 0.370560616 0.123044485 3.062676210 0.044117703
401092 1092.000000 17758100001092000 0.373197168 0.126324115 3.071868524 0.047483603
401093 1093.000000 17758100001093000 0.375822932 0.129209417 3.065375538 0.032485141
401094 1094.000000 17758100001094000 0.378437817 0.132450118 3.067256628 0.069383545
401095 1095.000000 17758100001095000 0.381041676 0.134715268 3.062779154 0.020171134
401096 1096.000000 17758100001096000 0.383634478 0.138340149 3.062136954 0.017862898
401097 1097.000000 17758100001097000 0.386216074 0.141656695 3.066290303 0.064022078
401098 1098.000000 17758100001098000 0.388786346 0.144200636 3.059803601 0.028760010
401099 1099.000000 17758100001099000 0.391345233 0.147732373 3.058989567 -0.014402432
401100 1100.000000 17758100001100000 0.393892616 0.150580532 3.055729860 0.006178301
401101 1101.000000 17758100001101000 0.396428406 0.153548062 3.059628432 0.021397629
401102 1102.000000 17758100001102000 0.398952484 0.156699914 3.056381762 0.020108497
401103 1103.000000 17758100001103000 0.401464760 0.159785278 3.059029183 -0.016659968
401104 1104.000000 17758100001104000 0.403965145 0.162853281 3.045324881 0.044423354
401105 1105.000000 17758100001105000 0.406453520 0.165700367 3.053311119 -0.006323473
401106 1106.000000 17758100001106000 0.408929795 0.168821921 3.044791469 -0.044326397
401107 1107.000000 17758100001107000 0.411393881 0.172160835 3.038377270 -0.003040071
401108 1108.000000 17758100001108000 0.413845688 0.174928742 3.040546783 0.019922946
401109 1109.000000 17758100001109000 0.416285068 0.178127435 3.038905316 0.020730438
401110 1110.000000 17758100001110000 0.418711990 0.181144793 3.042054456 -0.023576315
401111 1111.000000 17758100001111000 0.421126336 0.184192662 3.026276309 -0.016892299
401112 1112.000000 17758100001112000 0.423527986 0.187074970 3.026176769 -0.026466170
401113 1113.000000 17758100001113000 0.425916851 0.190005421 3.020001146 -0.015318107
401114 1114.000000 17758100001114000 0.428292871 0.192992114 3.012124582 -0.040131838
401115 1115.000000 17758100001115000 0.430655926 0.196431474 3.014008636 -0.056164518
401116 1116.000000 17758100001116000 0.433005929 0.199191959 3.010030037 -0.020594710
401117 1117.000000 17758100001117000 0.435342789 0.202198735 3.006414061 -0.036509337
401118 1118.000000 17758100001118000 0.437666416 0.205394826 3.001592581 -0.022922535
401119 1119.000000 17758100001119000 0.439976692 0.207884819 2.995939430 -0.095659229
401120 1120.000000 17758100001120000 0.442273557 0.211052117 2.994863871 -0.048508563
401121 1121.000000 17758100001121000 0.444556892 0.214210387 2.988032194 -0.010443811
401122 1122.000000 17758100001122000 0.446826667 0.216681571 2.985035858 -0.048814006
401123 1123.000000 17758100001123000 0.449082702 0.219852171 2.978029610 -0.035625649
401124 1124.000000 17758100001124000 0.451324999 0.223246964 2.981997288 -0.069167092
401125 1125.000000 17758100001125000 0.453553379 0.225988942 2.968175319 -0.070448633
401126 1126.000000 17758100001126000 0.455767840 0.229186600 2.963950013 -0.089946235
401127 1127.000000 17758100001127000 0.457968235 0.232024951 2.951253285 -0.080607587
401128 1128.000000 17758100001128000 0.460154504 0.234822258 2.966179431 -0.061363302
401129 1129.000000 17758100001129000 0.462326556 0.237747745 2.951639165 -0.013488135
401130 1130.000000 17758100001130000 0.464484304 0.240582814 2.945336298 -0.054456951
401131 1131.000000 17758100001131000 0.466627687 0.243362580 2.931179618 -0.094888233
401132 1132.000000 17758100001132000 0.468756557 0.246776980 2.932386181 -0.105213313
401133 1133.000000 17758100001133000 0.470870882 0.249441853 2.928606890 -0.066952366
401134 1134.000000 17758100001134000 0.472970575 0.252816642 2.914647169 -0.092883095
401135 1135.000000 17758100001135000 0.475055546 0.255333748 2.907530476 -0.088809046
401136 1136.000000 17758100001136000 0.477125704 0.258618550 2.903820791 -0.085064554
401137 1137.000000 17758100001137000 0.479180962 0.261381819 2.899844584 -0.091221100
401138 1138.000000 17758100001138000 0.481221259 0.264204854 2.901993650 -0.095486632
401139 1139.000000 17758100001139000 0.483246505 0.267190989 2.887034365 -0.152178839
401140 1140.000000 17758100001140000 0.485256612 0.269798772 2.882013381 -0.132999873
401141 1141.000000 17758100001141000 0.487251520 0.272829996 2.887800886 -0.135435773
401142 1142.000000 17758100001142000 0.489231139 0.275544086 2.876876015 -0.138990959
401143 1143.000000 17758100001143000 0.491195410 0.278766057 2.862840265 -0.126264702
401144 1144.000000 17758100001144000 0.493144214 0.281518326 2.860298411 -0.145796262
401145 1145.000000 17758100001145000 0.495077521 0.284289134 2.838257356 -0.126087963
401146 1146.000000 17758100001146000 0.496995211 0.286952425 2.840901312 -0.131401827
401147 1147.000000 17758100001147000 0.498897225 0.289842766 2.834403924 -0.119097717
401148 1148.000000 17758100001148000 0.500783503 0.292827177 2.834129173 -0.134295649
401149 1149.000000 17758100001149000 0.502653956 0.295318970 2.822579957 -0.139148243
401150 1150.000000 17758100001150000 0.504508495 0.298120830 2.806969870 -0.178331927
401151 1151.000000 17758100001151000 0.506347060 0.301183009 2.801396412 -0.137819847
401152 1152.000000 17758100001152000 0.508169651 0.304235713 2.796852425 -0.164926567
401153 1153.000000 17758100001153000 0.509976029 0.306904948 2.785904779 -0.193830652
401154 1154.000000 17758100001154000 0.511766315 0.309405980 2.782439296 -0.156365291
401155 1155.000000 17758100001155000 0.513540268 0.311686254 2.772466007 -0.145538360
401156 1156.000000 17758100001156000 0.515297949 0.314777175 2.767560045 -0.194222987
401157 1157.000000 17758100001157000 0.517039239 0.317767716 2.747151181 -0.125209726
401158 1158.000000 17758100001158000 0.518764019 0.320778688 2.744426468 -0.177818029
401159 1159.000000 17758100001159000 0.520472288 0.323461395 2.739464332 -0.162179080
401160 1160.000000 17758100001160000 0.522163987 0.325631100 2.726913221 -0.176326525
401161 1161.000000 17758100001161000 0.523838997 0.328739376 2.724115769 -0.167583264
401162 1162.000000 17758100001162000 0.525497258 0.331542021 2.708687993 -0.150314415
401163 1163.000000 17758100001163000 0.527138710 0.333702649 2.699635617 -0.195537604
401164 1164.000000 17758100001164000 0.528763354 0.337100847 2.690185166 -0.172260870
401165 1165.000000 17758100001165000 0.530371010 0.339366946 2.672031971 -0.196129798
401166 1166.000000 17758100001166000 0.531961679 0.341922362 2.667503345 -0.187098387
401167 1167.000000 17758100001167000 0.533535361 0.344670155 2.665275045 -0.187539105
401168 1168.000000 17758100001168000 0.535091877 0.347546446 2.658452104 -0.234820999
401169 1169.000000 17758100001169000 0.536631227 0.350172376 2.649400250 -0.208111703
401170 1170.000000 17758100001170000 0.538153350 0.352704511 2.630407455 -0.200686397
401171 1171.000000 17758100001171000 0.539658129 0.355703015 2.631769839 -0.222667398
401172 1172.000000 17758100001172000 0.541145623 0.358410923 2.618534233 -0.218437605
401173 1173.000000 17758100001173000 0.542615652 0.360535162 2.604519679 -0.223808952
401174 1174.000000 17758100001174000 0.544068217 0.363337751 2.595760295 -0.250869548
401175 1175.000000 17758100001175000 0.545503259 0.365272854 2.571228336 -0.212166691
401176 1176.000000 17758100001176000 0.546920717 0.368355093 2.575621243 -0.272642266
401177 1177.000000 17758100001177000 0.548320532 0.370682670 2.572361428 -0.212836232
401178 1178.000000 17758100001178000 0.549702644 0.373470223 2.547258839 -0.261649563
401179 1179.000000 17758100001179000 0.551066995 0.376149104 2.545982945 -0.241831957
401180 1180.000000 17758100001180000 0.552413523 0.378278256 2.520888553 -0.230033888
401181 1181.000000 17758100001181000 0.553742230 0.381081402 2.520053096 -0.268968515
401182 1182.000000 17758100001182000 0.555052996 0.383844531 2.513402979 -0.270308971
401183 1183.000000 17758100001183000 0.556345820 0.386161811 2.500803502 -0.258656429
401184 1184.000000 17758100001184000 0.557620585 0.388761863 2.480609901 -0.229929738
401185 1185.000000 17758100001185000 0.558877289 0.391149594 2.471804440 -0.259264984
401186 1186.000000 17758100001186000 0.560115933 0.393662940 2.454864872 -0.279615590
401187 1187.000000 17758100001187000 0.561336398 0.395856337 2.457688303 -0.286621159
401188 1188.000000 17758100001188000 0.562538624 0.398097460 2.438844856 -0.305004771
401189 1189.000000 17758100001189000 0.563722551 0.400900232 2.424041185 -0.234511673
401190 1190.000000 17758100001190000 0.564888239 0.403250072 2.408698981 -0.300618087
401191 1191.000000 17758100001191000 0.566035569 0.405727532 2.399541400 -0.270993576
401192 1192.000000 17758100001192000 0.567164481 0.407902296 2.394804116 -0.305536215
401193 1193.000000 17758100001193000 0.568274915 0.410156239 2.387905683 -0.292551507
401194 1194.000000 17758100001194000 0.569366932 0.413054210 2.365527317 -0.320365704
401195 1195.000000 17758100001195000 0.570440412 0.415328671 2.346396031 -0.286658092
401196 1196.000000 17758100001196000 0.571495295 0.417141761 2.336713302 -0.323315040
401197 1197.000000 17758100001197000 0.572531521 0.419715953 2.331180689 -0.314270842
401198 1198.000000 17758100001198000 0.573549151 0.422444082 2.318675623 -0.336306775
401199 1199.000000 17758100001199000 0.574548066 0.424379908 2.307476817 -0.320520336
401200 1200.000000 17758100001200000 0.575528264 0.426669288 2.283853133 -0.320309927
401201 1201.000000 17758100001201000 0.576489687 0.428729471 2.279802831 -0.310021372
401202 1202.000000 17758100001202000 0.577432275 0.431056757 2.266384995 -0.297693639
401203 1203.000000 17758100001203000 0.578356028 0.433605953 2.253247099 -0.308046457
401204 1204.000000 17758100001204000 0.579260886 0.435474172 2.239042206 -0.337324164
401205 1205.000000 17758100001205000 0.580146849 0.437921967 2.229478281 -0.315828453
401206 1206.000000 17758100001206000 0.581013858 0.440198285 2.206909167 -0.359196265
401207 1207.000000 17758100001207000 0.581861854 0.442174345 2.191858438 -0.319112233
401208 1208.000000 17758100001208000 0.582690835 0.444631870 2.186427879 -0.335180156
401209 1209.000000 17758100001209000 0.583500743 0.446307045 2.167297003 -0.302469620
401210 1210.000000 17758100001210000 0.584291577 0.449133384 2.153920168 -0.347871546
401211 1211.000000 17758100001211000 0.585063279 0.451039273 2.141512295 -0.365743190
401212 1212.000000 17758100001212000 0.585815847 0.453082028 2.129851428 -0.275079800
401213 1213.000000 17758100001213000 0.586549282 0.455214355 2.117060526 -0.343902070
401214 1214.000000 17758100001214000 0.587263465 0.457296878 2.099604814 -0.359827673
401215 1215.000000 17758100001215000 0.587958395 0.459162741 2.084569474 -0.364415834
401216 1216.000000 17758100001216000 0.588634074 0.461539420 2.075542796 -0.358198437
401217 1217.000000 17758100001217000 0.589290440 0.463384804 2.057682965 -0.352631148
401218 1218.000000 17758100001218000 0.589927554 0.465476647 2.055607663 -0.364792834
401219 1219.000000 17758100001219000 0.590545237 0.467685118 2.032127896 -0.356601749
401220 1220.000000 17758100001220000 0.591143608 0.469577654 2.014979774 -0.347455797
401221 1221.000000 17758100001221000 0.591722608 0.471263754 1.999023976 -0.355733214
401222 1222.000000 17758100001222000 0.592282176 0.473571162 1.986979115 -0.388363450
401223 1223.000000 17758100001223000 0.592822313 0.475709101 1.976264881 -0.393767249
401224 1224.000000 17758100001224000 0.593342960 0.477724072 1.953372871 -0.364697067
401225 1225.000000 17758100001225000 0.593844175 0.479445525 1.946272849 -0.410356067
401226 1226.000000 17758100001226000 0.594325900 0.481514101 1.918805149 -0.392276964
401227 1227.000000 17758100001227000 0.594788074 0.483243275 1.909469390 -0.408876302
401228 1228.000000 17758100001228000 0.595230699 0.484868717 1.890101982 -0.424211826
401229 1229.000000 17758100001229000 0.595653832 0.487078558 1.887544849 -0.401912426
401230 1230.000000 17758100001230000 0.596057355 0.488967104 1.862907602 -0.346028384
401231 1231.000000 17758100001231000 0.596441329 0.491137450 1.855362445 -0.377697065
401232 1232.000000 17758100001232000 0.596805632 0.493010834 1.846751662 -0.380484073
401233 1233.000000 17758100001233000 0.597150385 0.494389476 1.829848581 -0.346900664
401234 1234.000000 17758100001234000 0.597475529 0.496602444 1.806587475 -0.385506183
401235 1235.000000 17758100001235000 0.597781003 0.498158751 1.779956948 -0.376677816
401236 1236.000000 17758100001236000 0.598066807 0.499958135 1.776689575 -0.372947953
401237 1237.000000 17758100001237000 0.598332942 0.501462594 1.761535185 -0.400643589
401238 1238.000000 17758100001238000 0.598579466 0.503381795 1.744968324 -0.431481846
401239 1239.000000 17758100001239000 0.598806262 0.504953129 1.728346289 -0.403663247
401240 1240.000000 17758100001240000 0.599013388 0.507039623 1.705988530 -0.439935603
401241 1241.000000 17758100001241000 0.599200785 0.508483595 1.702225471 -0.411131579
401242 1242.000000 17758100001242000 0.599368453 0.510354448 1.678110153 -0.424223258
401243 1243.000000 17758100001243000 0.599516451 0.512052286 1.666400281 -0.435592212
401244 1244.000000 17758100001244000 0.599644721 0.513671213 1.639395680 -0.418330029
401245 1245.000000 17758100001245000 0.599753261 0.515274886 1.626152649 -0.447070219
401246 1246.000000 17758100001246000 0.599842072 0.516846020 1.608750155 -0.399993625
401247 1247.000000 17758100001247000 0.599911153 0.518248348 1.591042311 -0.424953199
401248 1248.000000 17758100001248000 0.599960506 0.519745900 1.584394989 -0.411268347
401249 1249.000000 17758100001249000 0.599990129 0.521076123 1.556447530 -0.432841342
401250 1250.000000 17758100001250000 0.600000024 0.522974644 1.544985534 -0.439777401
401251 1251.000000 17758100001251000 0.599990129 0.524274107 1.528984733 -0.421107903
401252 1252.000000 17758100001252000 0.599960506 0.526014601 1.513300351 -0.460755573
401253 1253.000000 17758100001253000 0.599911153 0.527838380 1.494044052 -0.449885262
401254 1254.000000 17758100001254000 0.599842072 0.528873906 1.477259379 -0.513302335
401255 1255.000000 17758100001255000 0.599753261 0.530215837 1.461391446 -0.462626230
401256 1256.000000 17758100001256000 0.599644721 0.531820440 1.445786460 -0.439930872
401257 1257.000000 17758100001257000 0.599516451 0.533376103 1.420011189 -0.491732088
401258 1258.000000 17758100001258000 0.599368453 0.534531616 1.412847031 -0.442509236
401259 1259.000000 17758100001259000 0.599200785 0.535825694 1.382633139 -0.447577916
401260 1260.000000 17758100001260000 0.599013388 0.537756179 1.373632962 -0.421470968
401261 1261.000000 17758100001261000 0.598806262 0.539101333 1.362831583 -0.474243284
401262 1262.000000 17758100001262000 0.598579466 0.540557567 1.336576310 -0.447264306
401263 1263.000000 17758100001263000 0.598332942 0.541644743 1.326482543 -0.448492856
401264 1264.000000 17758100001264000 0.598066807 0.542846638 1.308710587 -0.452405860
401265 1265.000000 17758100001265000 0.597781003 0.544349128 1.286741147 -0.463558824
401266 1266.000000 17758100001266000 0.597475529 0.545231867 1.266151224 -0.441358332
401267 1267.000000 17758100001267000 0.597150385 0.546864696 1.250046768 -0.521333672
401268 1268.000000 17758100001268000 0.596805632 0.548078967 1.241011452 -0.496618653
401269 1269.000000 17758100001269000 0.596441329 0.549271918 1.220307839 -0.485542028
401270 1270.000000 17758100001270000 0.596057355 0.550482656 1.204298839 -0.463710435
401271 1271.000000 17758100001271000 0.595653832 0.551877592 1.184628468 -0.491225995
401272 1272.000000 17758100001272000 0.595230699 0.552822367 1.168432232 -0.452002658
401273 1273.000000 17758100001273000 0.594788074 0.553454922 1.136300399 -0.480473300
401274 1274.000000 17758100001274000 0.594325900 0.554796038 1.124867055 -0.542823488
401275 1275.000000 17758100001275000 0.593844175 0.556218481 1.118524291 -0.458917496
401276 1276.000000 17758100001276000 0.593342960 0.556989975 1.087296281 -0.486599733
401277 1277.000000 17758100001277000 0.592822313 0.558274748 1.072035944 -0.485925082
401278 1278.000000 17758100001278000 0.592282176 0.559288019 1.054878508 -0.503029188
401279 1279.000000 17758100001279000 0.591722608 0.560664944 1.037294610 -0.499173787
401280 1280.000000 17758100001280000 0.591143608 0.561082561 1.012035201 -0.459308523
401281 1281.000000 17758100001281000 0.590545237 0.562646823 0.999376945 -0.499069804
401282 1282.000000 17758100001282000 0.589927554 0.563131157 0.979736148 -0.485870776
401283 1283.000000 17758100001283000 0.589290440 0.564096962 0.972101225 -0.466299329
401284 1284.000000 17758100001284000 0.588634074 0.565099228 0.950542123 -0.486902776
401285 1285.000000 17758100001285000 0.587958395 0.566114430 0.918352328 -0.450300123
401286 1286.000000 17758100001286000 0.587263465 0.567434764 0.915628769 -0.510749434
401287 1287.000000 17758100001287000 0.586549282 0.568021425 0.894336603 -0.490829700
401288 1288.000000 17758100001288000 0.585815847 0.568813290 0.875946452 -0.465958070
401289 1289.000000 17758100001289000 0.585063279 0.569592317 0.860119149 -0.499842025
401290 1290.000000 17758100001290000 0.584291577 0.570537833 0.841145891 -0.506245242
401291 1291.000000 17758100001291000 0.583500743 0.571610134 0.818123782 -0.516412482
401292 1292.000000 17758100001292000 0.582690835 0.572332183 0.798658276 -0.531306993
401293 1293.000000 17758100001293000 0.581861854 0.573153406 0.785035167 -0.464126510
401294 1294.000000 17758100001294000 0.581013858 0.573576554 0.767602262 -0.519291133
401295 1295.000000 17758100001295000 0.580146849 0.574413498 0.745381866 -0.519685113
401296 1296.000000 17758100001296000 0.579260886 0.575378985 0.720418608 -0.541787870
401297 1297.000000 17758100001297000 0.578356028 0.575812721 0.709794374 -0.534175670
401298 1298.000000 17758100001298000 0.577432275 0.576863580 0.691999678 -0.499610432
401299 1299.000000 17758100001299000 0.576489687 0.577311746 0.665898784 -0.484524635
401300 1300.000000 17758100001300000 0.575528264 0.577850044 0.650869805 -0.528322974
401301 1301.000000 17758100001301000 0.574548066 0.578361007 0.631186962 -0.504408950
401302 1302.000000 17758100001302000 0.573549151 0.578957845 0.618250407 -0.535644823
401303 1303.000000 17758100001303000 0.572531521 0.579752644 0.596137471 -0.513367812
401304 1304.000000 17758100001304000 0.571495295 0.580394796 0.576181987 -0.536974396
401305 1305.000000 17758100001305000 0.570440412 0.580894890 0.545046413 -0.485205405
401306 1306.000000 17758100001306000 0.569366932 0.581605599 0.537600011 -0.511535836
401307 1307.000000 17758100001307000 0.568274915 0.581811654 0.522393005 -0.505817280
401308 1308.000000 17758100001308000 0.567164481 0.582604150 0.505174554 -0.537815591
401309 1309.000000 17758100001309000 0.566035569 0.582796153 0.480782980 -0.545910739
401310 1310.000000 17758100001310000 0.564888239 0.583368221 0.460027229 -0.535235392
401311 1311.000000 17758100001311000 0.563722551 0.583698505 0.445507367 -0.568440102
401312 1312.000000 17758100001312000 0.562538624 0.584193721 0.414254497 -0.518358823
401313 1313.000000 17758100001313000 0.561336398 0.584668392 0.406429662 -0.515379118
401314 1314.000000 17758100001314000 0.560115933 0.585170286 0.389801188 -0.515378207
401315 1315.000000 17758100001315000 0.558877289 0.585561383 0.368254670 -0.509363277
401316 1316.000000 17758100001316000 0.557620585 0.585767735 0.351536927 -0.556068907
401317 1317.000000 17758100001317000 0.556345820 0.586125982 0.323153167 -0.523048461
401318 1318.000000 17758100001318000 0.555052996 0.586635547 0.302296953 -0.543929505
401319 1319.000000 17758100001319000 0.553742230 0.586913012 0.281280973 -0.559760921
401320 1320.000000 17758100001320000 0.552413523 0.587278118 0.269223212 -0.539725325
401321 1321.000000 17758100001321000 0.551066995 0.587057869 0.255842634 -0.514772893
401322 1322.000000 17758100001322000 0.549702644 0.587295986 0.229562699 -0.550289910
401323 1323.000000 17758100001323000 0.548320532 0.587534259 0.220386951 -0.565629824
401324 1324.000000 17758100001324000 0.546920717 0.587775584 0.187166856 -0.531127601
401325 1325.000000 17758100001325000 0.545503259 0.588211057 0.173328806 -0.552046473
401326 1326.000000 17758100001326000 0.544068217 0.588448994 0.154387646 -0.551772333
401327 1327.000000 17758100001327000 0.542615652 0.588284399 0.131688618 -0.513972574
401328 1328.000000 17758100001328000 0.541145623 0.588718951 0.122075260 -0.571475452
401329 1329.000000 17758100001329000 0.539658129 0.588245885 0.091071089 -0.546349443
401330 1330.000000 17758100001330000 0.538153350 0.588357210 0.075642752 -0.516550516
401331 1331.000000 17758100001331000 0.536631227 0.588703876 0.059533255 -0.562543183
401332 1332.000000 17758100001332000 0.535091877 0.588651264 0.038697802 -0.506707391
401333 1333.000000 17758100001333000 0.533535361 0.588548884 0.019468510 -0.550048896
401334 1334.000000 17758100001334000 0.531961679 0.588833585 0.003107435 -0.542784277
401335 1335.000000 17758100001335000 0.530371010 0.588964398 -0.019968663 -0.550282780
401336 1336.000000 17758100001336000 0.528763354 0.588732097 -0.036516461 -0.526622851
401337 1337.000000 17758100001337000 0.527138710 0.588163714 -0.064432036 -0.544410965
401338 1338.000000 17758100001338000 0.525497258 0.588868926 -0.083504885 -0.554858621
401339 1339.000000 17758100001339000 0.523838997 0.588624065 -0.092741645 -0.536229798
401340 1340.000000 17758100001340000 0.522163987 0.588201871 -0.114765613 -0.555248044
401341 1341.000000 17758100001341000 0.520472288 0.588404797 -0.129464412 -0.535680623
401342 1342.000000 17758100001342000 0.518764019 0.588080880 -0.158933891 -0.534208302
401343 1343.000000 17758100001343000 0.517039239 0.588133557 -0.178012124 -0.538568825
401344 1344.000000 17758100001344000 0.515297949 0.587723317 -0.194792762 -0.541971782
401345 1345.000000 17758100001345000 0.513540268 0.587538381 -0.216483732 -0.561389962
401346 1346.000000 17758100001346000 0.511766315 0.587169199 -0.231096886 -0.534406252
401347 1347.000000 17758100001347000 0.509976029 0.587279463 -0.244641399 -0.559712607
401348 1348.000000 17758100001348000 0.508169651 0.586429983 -0.267662591 -0.516190116
401349 1349.000000 17758100001349000 0.506347060 0.586098900 -0.288373040 -0.561305666
401350 1350.000000 17758100001350000 0.504508495 0.586362953 -0.310201023 -0.576387335
401351 1351.000000 17758100001351000 0.502653956 0.585370013 -0.324009535 -0.529504192
401352 1352.000000 17758100001352000 0.500783503 0.586023519 -0.352071526 -0.510391396
401353 1353.000000 17758100001353000 0.498897225 0.585140273 -0.361916702 -0.542560496
401354 1354.000000 17758100001354000 0.496995211 0.584444964 -0.382463905 -0.544935516
401355 1355.000000 17758100001355000 0.495077521 0.584067944 -0.402323009 -0.569825074
401356 1356.000000 17758100001356000 0.493144214 0.583725453 -0.420616179 -0.577687881
401357 1357.000000 17758100001357000 0.491195410 0.583865202 -0.446321615 -0.524446249
401358 1358.000000 17758100001358000 0.489231139 0.582808000 -0.458584194 -0.537705176
401359 1359.000000 17758100001359000 0.487251520 0.582729397 -0.476795359 -0.536966534
401360 1360.000000 17758100001360000 0.485256612 0.582001876 -0.496667543 -0.553518187
401361 1361.000000 17758100001361000 0.483246505 0.581348684 -0.524575705 -0.548324412
401362 1362.000000 17758100001362000 0.481221259 0.580564600 -0.534617124 -0.499670390
401363 1363.000000 17758100001363000 0.479180962 0.580260741 -0.563741165 -0.574867027
401364 1364.000000 17758100001364000 0.477125704 0.579444178 -0.567385220 -0.564922733
401365 1365.000000 17758100001365000 0.475055546 0.579022725 -0.596114986 -0.524332181
401366 1366.000000 17758100001366000 0.472970575 0.578364263 -0.610932793 -0.584824080
401367 1367.000000 17758100001367000 0.470870882 0.577854689 -0.625854922 -0.576218322
401368 1368.000000 17758100001368000 0.468756557 0.577706551 -0.652162505 -0.558237104
401369 1369.000000 17758100001369000 0.466627687 0.576858777 -0.674538600 -0.544229153
401370 1370.000000 17758100001370000 0.464484304 0.575799850 -0.696321766 -0.552670124
401371 1371.000000 17758100001371000 0.462326556 0.575527235 -0.710009708 -0.579461387
401372 1372.000000 17758100001372000 0.460154504 0.574526628 -0.720436234 -0.559620664
401373 1373.000000 17758100001373000 0.457968235 0.573985830 -0.751493885 -0.540890870
401374 1374.000000 17758100001374000 0.455767840 0.572916519 -0.755240905 -0.520449336
401375 1375.000000 17758100001375000 0.453553379 0.572359268 -0.782091120 -0.540306508
401376 1376.000000 17758100001376000 0.451324999 0.571128598 -0.799644664 -0.540292239
401377 1377.000000 17758100001377000 0.449082702 0.570391451 -0.830666348 -0.542822136
401378 1378.000000 17758100001378000 0.446826667 0.569672708 -0.836549133 -0.540241102
401379 1379.000000 17758100001379000 0.444556892 0.569265802 -0.855103738 -0.564898085
401380 1380.000000 17758100001380000 0.442273557 0.567964922 -0.880226346 -0.582861606
401381 1381.000000 17758100001381000 0.439976692 0.567346787 -0.888695482 -0.507550432
401382 1382.000000 17758100001382000 0.437666416 0.566380371 -0.907799988 -0.552458030
401383 1383.000000 17758100001383000 0.435342789 0.565154039 -0.924391815 -0.560383672
401384 1384.000000 17758100001384000 0.433005929 0.564556459 -0.953987521 -0.534289186
401385 1385.000000 17758100001385000 0.430655926 0.563087274 -0.969247949 -0.537870940
401386 1386.000000 17758100001386000 0.428292871 0.562305334 -0.983848357 -0.537355719
401387 1387.000000 17758100001387000 0.425916851 0.561298684 -1.007731315 -0.530585365
401388 1388.000000 17758100001388000 0.423527986 0.560247686 -1.022709754 -0.571633889
401389 1389.000000 17758100001389000 0.421126336 0.559128979 -1.038515736 -0.527037375
401390 1390.000000 17758100001390000 0.418711990 0.558503621 -1.053065276 -0.543418688
401391 1391.000000 17758100001391000 0.416285068 0.557278914 -1.070974814 -0.566549348
401392 1392.000000 17758100001392000 0.413845688 0.555915935 -1.098455033 -0.529574770
401393 1393.000000 17758100001393000 0.411393881 0.554680281 -1.115100117 -0.541000036
401394 1394.000000 17758100001394000 0.408929795 0.553824795 -1.125257268 -0.530472802
401395 1395.000000 17758100001395000 0.406453520 0.552700553 -1.137682869 -0.527500413
401396 1396.000000 17758100001396000 0.403965145 0.551805555 -1.161471719 -0.512812783
401397 1397.000000 17758100001397000 0.401464760 0.550244927 -1.191194082 -0.532285640
401398 1398.000000 17758100001398000 0.398952484 0.549168249 -1.201596147 -0.551807362
401399 1399.000000 17758100001399000 0.396428406 0.548078728 -1.215561025 -0.521927972
401400 1400.000000 17758100001400000 0.393892616 0.546949168 -1.241684408 -0.521847182
401401 1401.000000 17758100001401000 0.391345233 0.545505005 -1.252837149 -0.512242813
401402 1402.000000 17758100001402000 0.388786346 0.543888646 -1.276549925 -0.557369533
401403 1403.000000 17758100001403000 0.386216074 0.542436497 -1.293485924 -0.528755871
401404 1404.000000 17758100001404000 0.383634478 0.541665760 -1.308598483 -0.546156738
401405 1405.000000 17758100001405000 0.381041676 0.540420162 -1.320522610 -0.535158956
401406 1406.000000 17758100001406000 0.378437817 0.538819360 -1.336496480 -0.537569563
401407 1407.000000 17758100001407000 0.375822932 0.537311874 -1.357235336 -0.544783880
401408 1408.000000 17758100001408000 0.373197168 0.536160382 -1.373951644 -0.531819568
401409 1409.000000 17758100001409000 0.370560616 0.534533277 -1.391767198 -0.524174921
401410 1410.000000 17758100001410000 0.367913395 0.533394686 -1.405843350 -0.503206942
401411 1411.000000 17758100001411000 0.365255594 0.531923876 -1.437255013 -0.546810641
401412 1412.000000 17758100001412000 0.362587303 0.530527439 -1.446397373 -0.487218522
401413 1413.000000 17758100001413000 0.359908670 0.529061891 -1.456388118 -0.555266789
401414 1414.000000 17758100001414000 0.357219756 0.527640216 -1.475559759 -0.514485482
401415 1415.000000 17758100001415000 0.354520708 0.526652192 -1.506353575 -0.522824085
401416 1416.000000 17758100001416000 0.351811588 0.524672718 -1.518258202 -0.482712800
401417 1417.000000 17758100001417000 0.349092543 0.523115237 -1.530158018 -0.529334381
401418 1418.000000 17758100001418000 0.346363664 0.521306912 -1.543539075 -0.540579492
401419 1419.000000 17758100001419000 0.343625069 0.520089447 -1.562001010 -0.486247338
401420 1420.000000 17758100001420000 0.340876848 0.518552109 -1.586206680 -0.509848141
401421 1421.000000 17758100001421000 0.338119090 0.516625443 -1.595161334 -0.492811642
401422 1422.000000 17758100001422000 0.335351974 0.514761254 -1.604489997 -0.478893633
401423 1423.000000 17758100001423000 0.332575530 0.513414486 -1.631550703 -0.514579107
401424 1424.000000 17758100001424000 0.329789937 0.511608528 -1.643182340 -0.484014906
401425 1425.000000 17758100001425000 0.326995254 0.509856304 -1.670112614 -0.535087002
401426 1426.000000 17758100001426000 0.324191600 0.508294133 -1.676051424 -0.519068072
401427 1427.000000 17758100001427000 0.321379125 0.506770563 -1.695853204 -0.477651578
401428 1428.000000 17758100001428000 0.318557888 0.505093601 -1.701012774 -0.501485506
401429 1429.000000 17758100001429000 0.315728009 0.503074639 -1.729789137 -0.510412565
401430 1430.000000 17758100001430000 0.312889636 0.501263926 -1.736336868 -0.515196517
401431 1431.000000 17758100001431000 0.310042858 0.499671159 -1.760791657 -0.472843808
401432 1432.000000 17758100001432000 0.307187796 0.497936504 -1.772536924 -0.513893063
401433 1433.000000 17758100001433000 0.304324538 0.496263729 -1.796682313 -0.494153353
401434 1434.000000 17758100001434000 0.301453203 0.494076401 -1.796498405 -0.465616976
401435 1435.000000 17758100001435000 0.298573941 0.492558886 -1.810221497 -0.488044633
401436 1436.000000 17758100001436000 0.295686841 0.491644551 -1.836287167 -0.462209260
401437 1437.000000 17758100001437000 0.292791992 0.489029510 -1.853533087 -0.489826898
401438 1438.000000 17758100001438000 0.289889544 0.487018087 -1.862698122 -0.468306707
401439 1439.000000 17758100001439000 0.286979616 0.485253128 -1.879903027 -0.489795921
401440 1440.000000 17758100001440000 0.284062266 0.483449070 -1.898997923 -0.488845280
401441 1441.000000 17758100001441000 0.281137675 0.481684899 -1.904048249 -0.466105527
401442 1442.000000 17758100001442000 0.278205931 0.479390443 -1.928794433 -0.480392789
401443 1443.000000 17758100001443000 0.275267154 0.477698917 -1.944439626 -0.477928354
401444 1444.000000 17758100001444000 0.272321463 0.475464238 -1.955440023 -0.430628054
401445 1445.000000 17758100001445000 0.269368947 0.473784972 -1.977239494 -0.468034527
401446 1446.000000 17758100001446000 0.266409785 0.471323729 -1.993848345 -0.456700261
401447 1447.000000 17758100001447000 0.263444006 0.470150833 -2.007522845 -0.452187246
401448 1448.000000 17758100001448000 0.260471791 0.467863039 -2.004622175 -0.412043539
401449 1449.000000 17758100001449000 0.257493258 0.465498376 -2.032945392 -0.470163567
401450 1450.000000 17758100001450000 0.254508495 0.463550269 -2.041275871 -0.432883495
401451 1451.000000 17758100001451000 0.251517624 0.461393198 -2.057694821 -0.433280353
401452 1452.000000 17758100001452000 0.248520792 0.459708843 -2.069645164 -0.462833104
401453 1453.000000 17758100001453000 0.245518088 0.457187098 -2.078111456 -0.474851393
401454 1454.000000 17758100001454000 0.242509633 0.455430334 -2.101278392 -0.454670366
401455 1455.000000 17758100001455000 0.239495546 0.452861249 -2.115644322 -0.407340120
401456 1456.000000 17758100001456000 0.236475974 0.451170948 -2.124646243 -0.441965547
401457 1457.000000 17758100001457000 0.233450994 0.448938113 -2.141406969 -0.423003716
401458 1458.000000 17758100001458000 0.230420753 0.446315946 -2.160333499 -0.416206558
401459 1459.000000 17758100001459000 0.227385357 0.444718066 -2.174463050 -0.383739052
401460 1460.000000 17758100001460000 0.224344939 0.442704628 -2.188881176 -0.469720591
401461 1461.000000 17758100001461000 0.221299618 0.440129726 -2.198614484 -0.449225103
401462 1462.000000 17758100001462000 0.218249500 0.437964156 -2.217499843 -0.417441161
401463 1463.000000 17758100001463000 0.215194717 0.435323623 -2.236099931 -0.424463125
401464 1464.000000 17758100001464000 0.212135375 0.433783999 -2.245546300 -0.411888706
401465 1465.000000 17758100001465000 0.209071621 0.430983228 -2.258559192 -0.393219195
401466 1466.000000 17758100001466000 0.206003562 0.428931526 -2.264331919 -0.452424122
401467 1467.000000 17758100001467000 0.202931300 0.426826269 -2.282692329 -0.444317161
401468 1468.000000 17758100001468000 0.199854985 0.424054610 -2.286642713 -0.411516268
401469 1469.000000 17758100001469000 0.196774736 0.422265184 -2.300933697 -0.397451516
401470 1470.000000 17758100001470000 0.193690658 0.419716919 -2.318854003 -0.397271041
401471 1471.000000 17758100001471000 0.190602884 0.417443351 -2.327344719 -0.419452053
401472 1472.000000 17758100001472000 0.187511533 0.415339696 -2.336280237 -0.391352836
401473 1473.000000 17758100001473000 0.184416726 0.412848444 -2.361558091 -0.399160228
401474 1474.000000 17758100001474000 0.181318581 0.410423508 -2.366460437 -0.385711409
401475 1475.000000 17758100001475000 0.178217232 0.407786961 -2.384760887 -0.401980754
401476 1476.000000 17758100001476000 0.175112799 0.405790359 -2.384427531 -0.397353562
401477 1477.000000 17758100001477000 0.172005385 0.403293866 -2.407090679 -0.390620896
401478 1478.000000 17758100001478000 0.168895140 0.400691521 -2.413616820 -0.381324885
401479 1479.000000 17758100001479000 0.165782183 0.398302258 -2.433810790 -0.385193537
401480 1480.000000 17758100001480000 0.162666619 0.395761402 -2.440037894 -0.426299305
401481 1481.000000 17758100001481000 0.159548581 0.393613683 -2.454704809 -0.383396216
401482 1482.000000 17758100001482000 0.156428188 0.391028587 -2.461207240 -0.398319461
401483 1483.000000 17758100001483000 0.153305575 0.388549174 -2.476409218 -0.378215243
401484 1484.000000 17758100001484000 0.150180861 0.385841081 -2.484900367 -0.377470716
401485 1485.000000 17758100001485000 0.147054151 0.383625094 -2.502902128 -0.376381815
401486 1486.000000 17758100001486000 0.143925592 0.380954877 -2.503942387 -0.389223222
401487 1487.000000 17758100001487000 0.140795305 0.378360020 -2.518224591 -0.364247603
401488 1488.000000 17758100001488000 0.137663409 0.375507150 -2.536072279 -0.384279167
401489 1489.000000 17758100001489000 0.134530008 0.373538286 -2.549976854 -0.372211275
401490 1490.000000 17758100001490000 0.131395265 0.371000587 -2.541453779 -0.382664012
401491 1491.000000 17758100001491000 0.128259271 0.368501368 -2.555755875 -0.340745746
401492 1492.000000 17758100001492000 0.125122160 0.365940142 -2.582934516 -0.350641369
401493 1493.000000 17758100001493000 0.121984057 0.363082492 -2.579803304 -0.351549019
401494 1494.000000 17758100001494000 0.118845090 0.360332466 -2.587750948 -0.363499551
401495 1495.000000 17758100001495000 0.115705378 0.358011321 -2.598110456 -0.366237086
401496 1496.000000 17758100001496000 0.112565048 0.355165906 -2.619622174 -0.350649375
401497 1497.000000 17758100001497000 0.109424219 0.352571644 -2.630412335 -0.327535120
401498 1498.000000 17758100001498000 0.106283017 0.349415469 -2.634958951 -0.357035257
401499 1499.000000 17758100001499000 0.103141569 0.347110557 -2.649453617 -0.330714984
401500 1500.000000 17758100001500000 0.100000001 0.344796879 -2.657838344 -0.353104007
401501 1501.000000 17758100001501000 0.096858427 0.341902974 -2.663959870 -0.322806267
401502 1502.000000 17758100001502000 0.093716979 0.339361625 -2.676159816 -0.334987659
401503 1503.000000 17758100001503000 0.090575777 0.336215715 -2.681083026 -0.334570505
401504 1504.000000 17758100001504000 0.087434955 0.334314616 -2.697675786 -0.338200473
401505 1505.000000 17758100001505000 0.084294617 0.331584453 -2.697395886 -0.317704645
401506 1506.000000 17758100001506000 0.081154905 0.328699906 -2.710390644 -0.310779992
401507 1507.000000 17758100001507000 0.078015938 0.325612996 -2.719430999 -0.288366603
401508 1508.000000 17758100001508000 0.074877843 0.323049269 -2.733108134 -0.313604988
401509 1509.000000 17758100001509000 0.071740732 0.320475076 -2.733640159 -0.306842340
401510 1510.000000 17758100001510000 0.068604738 0.317649295 -2.746807496 -0.310868847
401511 1511.000000 17758100001511000 0.065469988 0.315308635 -2.753733341 -0.316701951
401512 1512.000000 17758100001512000 0.062336598 0.312277078 -2.768317571 -0.305239064
401513 1513.000000 17758100001513000 0.059204694 0.309394533 -2.775962598 -0.308423458
401514 1514.000000 17758100001514000 0.056074403 0.306558959 -2.781714364 -0.322470330
401515 1515.000000 17758100001515000 0.052945845 0.303772609 -2.785282321 -0.261879638
401516 1516.000000 17758100001516000 0.049819142 0.301226416 -2.799019768 -0.317122413
401517 1517.000000 17758100001517000 0.046694424 0.298216572 -2.804915364 -0.278820142
401518 1518.000000 17758100001518000 0.043571807 0.295562666 -2.812265965 -0.306966113
401519 1519.000000 17758100001519000 0.040451419 0.292644626 -2.814452785 -0.289274592
401520 1520.000000 17758100001520000 0.037333384 0.289652238 -2.823025947 -0.310435723
401521 1521.000000 17758100001521000 0.034217820 0.287101540 -2.836851959 -0.269308630
401522 1522.000000 17758100001522000 0.031104855 0.284241044 -2.837782880 -0.266229970
401523 1523.000000 17758100001523000 0.027994609 0.281725444 -2.855314303 -0.264739371
401524 1524.000000 17758100001524000 0.024887206 0.278533612 -2.855467272 -0.252331371
401525 1525.000000 17758100001525000 0.021782767 0.275405341 -2.856354605 -0.294096528
401526 1526.000000 17758100001526000 0.018681418 0.272690800 -2.876273175 -0.270251401
401527 1527.000000 17758100001527000 0.015583278 0.269957042 -2.872402733 -0.232120705
401528 1528.000000 17758100001528000 0.012488470 0.267040581 -2.889154266 -0.278404054
401529 1529.000000 17758100001529000 0.009397118 0.263931673 -2.882616848 -0.252141300
401530 1530.000000 17758100001530000 0.006309343 0.261007499 -2.894516484 -0.259743142
401531 1531.000000 17758100001531000 0.003225266 0.257931058 -2.899917310 -0.252922237
401532 1532.000000 17758100001532000 0.000145010 0.255401832 -2.902924619 -0.209224386
401533 1533.000000 17758100001533000 -0.002931304 0.252397186 -2.914457817 -0.212785081
401534 1534.000000 17758100001534000 -0.006003555 0.249389986 -2.924858915 -0.222382173
401535 1535.000000 17758100001535000 -0.009071621 0.246858018 -2.934445947 -0.239367947
401536 1536.000000 17758100001536000 -0.012135381 0.243664918 -2.926251754 -0.258627711
401537 1537.000000 17758100001537000 -0.015194713 0.240641922 -2.938585387 -0.227758219
401538 1538.000000 17758100001538000 -0.018249499 0.237656805 -2.943715391 -0.198747272
401539 1539.000000 17758100001539000 -0.021299616 0.234604473 -2.948282092 -0.199331764
401540 1540.000000 17758100001540000 -0.024344943 0.231787857 -2.955453672 -0.209671761
401541 1541.000000 17758100001541000 -0.027385363 0.228909975 -2.966180935 -0.190944451
401542 1542.000000 17758100001542000 -0.030420752 0.225633366 -2.968588165 -0.177204681
401543 1543.000000 17758100001543000 -0.033450995 0.222762879 -2.964882599 -0.197796838
401544 1544.000000 17758100001544000 -0.036475968 0.220132716 -2.965890383 -0.220203786
401545 1545.000000 17758100001545000 -0.039495554 0.217006243 -2.974940789 -0.227257004
401546 1546.000000 17758100001546000 -0.042509630 0.213865080 -2.982597644 -0.188591833
401547 1547.000000 17758100001547000 -0.045518082 0.211197846 -2.985266241 -0.204759534
401548 1548.000000 17758100001548000 -0.048520792 0.208073954 -2.990970936 -0.206448853
401549 1549.000000 17758100001549000 -0.051517636 0.204861816 -3.004054223 -0.219721681
401550 1550.000000 17758100001550000 -0.054508496 0.201962622 -2.999016682 -0.176772862
401551 1551.000000 17758100001551000 -0.057493258 0.199102376 -3.008292131 -0.135176117
401552 1552.000000 17758100001552000 -0.060471807 0.195916254 -3.009746705 -0.200047787
401553 1553.000000 17758100001553000 -0.063444018 0.192596257 -3.019311570 -0.209722782
401554 1554.000000 17758100001554000 -0.066409774 0.189900651 -3.011336669 -0.169399072
401555 1555.000000 17758100001555000 -0.069368958 0.186675090 -3.019582838 -0.209190960
401556 1556.000000 17758100001556000 -0.072321460 0.184079400 -3.029268760 -0.165353447
401557 1557.000000 17758100001557000 -0.075267158 0.180719472 -3.032839426 -0.157342249
401558 1558.000000 17758100001558000 -0.078205936 0.177868031 -3.023254997 -0.216953095
401559 1559.000000 17758100001559000 -0.081137687 0.174360398 -3.029777695 -0.141052962
401560 1560.000000 17758100001560000 -0.084062278 0.171914225 -3.039906812 -0.144614553
401561 1561.000000 17758100001561000 -0.086979605 0.168772342 -3.033880869 -0.171168274
401562 1562.000000 17758100001562000 -0.089889549 0.165794038 -3.035223725 -0.155044667
401563 1563.000000 17758100001563000 -0.092791997 0.163064128 -3.037511533 -0.152566923
401564 1564.000000 17758100001564000 -0.095686831 0.159475238 -3.041490149 -0.162531331
401565 1565.000000 17758100001565000 -0.098573945 0.156342118 -3.049584096 -0.156585593
401566 1566.000000 17758100001566000 -0.101453215 0.153600325 -3.058925176 -0.147913566
401567 1567.000000 17758100001567000 -0.104324535 0.150136109 -3.048995959 -0.144474885
401568 1568.000000 17758100001568000 -0.107187793 0.147440539 -3.060585051 -0.126244931
401569 1569.000000 17758100001569000 -0.110042863 0.144585625 -3.053619150 -0.124991137
401570 1570.000000 17758100001570000 -0.112889647 0.141221607 -3.063920830 -0.112768582
401571 1571.000000 17758100001571000 -0.115728021 0.138475021 -3.059889738 -0.130509670
401572 1572.000000 17758100001572000 -0.118557885 0.135445589 -3.064152512 -0.101718173
401573 1573.000000 17758100001573000 -0.121379115 0.132316812 -3.058716078 -0.118668574
401574 1574.000000 17758100001574000 -0.124191605 0.128718638 -3.065863070 -0.141788217
401575 1575.000000 17758100001575000 -0.126995251 0.125832694 -3.070144219 -0.082613231
401576 1576.000000 17758100001576000 -0.129789934 0.122584362 -3.072160896 -0.080134115
401577 1577.000000 17758100001577000 -0.132575542 0.119811471 -3.065930269 -0.075183742
401578 1578.000000 17758100001578000 -0.135351971 0.116985036 -3.069350379 -0.074688784
401579 1579.000000 17758100001579000 -0.138119102 0.114083749 -3.065816325 -0.112562607
401580 1580.000000 17758100001580000 -0.140876830 0.110772704 -3.065762450 -0.076055831
401581 1581.000000 17758100001581000 -0.143625066 0.107457299 -3.068246589 -0.089414551
401582 1582.000000 17758100001582000 -0.146363676 0.104197220 -3.071272215 -0.105041048
401583 1583.000000 17758100001583000 -0.149092555 0.101688356 -3.072367469 -0.095510258
401584 1584.000000 17758100001584000 -0.151811600 0.098253887 -3.074854886 -0.050092747
401585 1585.000000 17758100001585000 -0.154520705 0.095247285 -3.074694564 -0.079974373
401586 1586.000000 17758100001586000 -0.157219768 0.092449306 -3.064378132 -0.062350158
401587 1587.000000 17758100001587000 -0.159908667 0.088857345 -3.067379809 -0.053313070
401588 1588.000000 17758100001588000 -0.162587315 0.085960196 -3.075841152 -0.086976105
401589 1589.000000 17758100001589000 -0.165255591 0.082979750 -3.084780199 -0.012027787
401590 1590.000000 17758100001590000 -0.167913392 0.080237432 -3.071088217 -0.055057897
401591 1591.000000 17758100001591000 -0.170560628 0.076711872 -3.071274885 -0.067074577
401592 1592.000000 17758100001592000 -0.173197180 0.073888292 -3.068438140 -0.073474644
401593 1593.000000 17758100001593000 -0.175822929 0.070677356 -3.053687258 -0.064877344
401594 1594.000000 17758100001594000 -0.178437814 0.067789714 -3.069203418 -0.011420837
401595 1595.000000 17758100001595000 -0.181041688 0.064658497 -3.058860684 -0.049636082
401596 1596.000000 17758100001596000 -0.183634475 0.061315857 -3.059695024 -0.024622508
401597 1597.000000 17758100001597000 -0.186216056 0.058964220 -3.058207321 0.002430131
401598 1598.000000 17758100001598000 -0.188786358 0.055509364 -3.067497643 -0.021959247
401599 1599.000000 17758100001599000 -0.191345245 0.052798887 -3.053460408 -0.004809032
401600 1600.000000 17758100001600000 -0.193892628 0.049212713 -3.055993217 -0.021942502
401601 1601.000000 17758100001601000 -0.196428403 0.046362889 -3.057054035 -0.015289203
401602 1602.000000 17758100001602000 -0.198952496 0.043065934 -3.048678374 -0.004418104
401603 1603.000000 17758100001603000 -0.201464772 0.040552901 -3.047370963 -0.015401841
401604 1604.000000 17758100001604000 -0.203965142 0.036908236 -3.035285819 -0.035166314
401605 1605.000000 17758100001605000 -0.206453532 0.033955314 -3.049356437 -0.013119614
401606 1606.000000 17758100001606000 -0.208929807 0.030965905 -3.040247348 0.003190425
401607 1607.000000 17758100001607000 -0.211393893 0.027891172 -3.038197148 -0.033284883
401608 1608.000000 17758100001608000 -0.213845685 0.025215179 -3.027403747 -0.024682565
401609 1609.000000 17758100001609000 -0.216285080 0.021692499 -3.045819194 0.023372320
401610 1610.000000 17758100001610000 -0.218712002 0.018799766 -3.032459620 -0.001454070
401611 1611.000000 17758100001611000 -0.221126333 0.015759501 -3.029722021 0.020275708
401612 1612.000000 17758100001612000 -0.223527983 0.012671458 -3.027713332 0.036069155
401613 1613.000000 17758100001613000 -0.225916862 0.009642637 -3.016079175 0.007096457
401614 1614.000000 17758100001614000 -0.228292882 0.007123031 -3.011930808 0.038073389
401615 1615.000000 17758100001615000 -0.230655938 0.003780632 -3.025006499 0.029664237
401616 1616.000000 17758100001616000 -0.233005941 0.000735884 -3.007596633 0.025708296
401617 1617.000000 17758100001617000 -0.235342786 -0.002122504 -3.008864124 0.030909279
401618 1618.000000 17758100001618000 -0.237666398 -0.005486642 -3.007929990 0.052417421
401619 1619.000000 17758100001619000 -0.239976689 -0.008247119 -2.983270207 0.070109623
401620 1620.000000 17758100001620000 -0.242273554 -0.011103787 -2.997421833 0.052704058
401621 1621.000000 17758100001621000 -0.244556904 -0.013873771 -2.989672514 0.055550226
401622 1622.000000 17758100001622000 -0.246826649 -0.017460717 -2.992386253 0.044963806
401623 1623.000000 17758100001623000 -0.249082714 -0.020100543 -2.976280897 0.058897536
401624 1624.000000 17758100001624000 -0.251324981 -0.022888582 -2.973984137 0.056674036
401625 1625.000000 17758100001625000 -0.253553391 -0.026171160 -2.968056371 0.080117712
401626 1626.000000 17758100001626000 -0.255767852 -0.029184354 -2.960494007 0.086511876
401627 1627.000000 17758100001627000 -0.257968247 -0.031842008 -2.958112519 0.054075761
401628 1628.000000 17758100001628000 -0.260154516 -0.034893079 -2.939195723 0.072292495
401629 1629.000000 17758100001629000 -0.262326568 -0.037798103 -2.939297917 0.064022226
401630 1630.000000 17758100001630000 -0.264484316 -0.040733554 -2.947856607 0.098289103
401631 1631.000000 17758100001631000 -0.266627669 -0.043931526 -2.939713416 0.105848802
401632 1632.000000 17758100001632000 -0.268756568 -0.046585896 -2.930973513 0.100012832
401633 1633.000000 17758100001633000 -0.270870894 -0.049435699 -2.928812343 0.111340781
401634 1634.000000 17758100001634000 -0.272970587 -0.052303260 -2.932627976 0.088800293
401635 1635.000000 17758100001635000 -0.275055528 -0.055483058 -2.918178670 0.073509781
401636 1636.000000 17758100001636000 -0.277125686 -0.058393833 -2.905530154 0.109138235
401637 1637.000000 17758100001637000 -0.279180944 -0.061319253 -2.897008403 0.073024371
401638 1638.000000 17758100001638000 -0.281221241 -0.064202068 -2.898966430 0.119708219
401639 1639.000000 17758100001639000 -0.283246517 -0.067508704 -2.887315001 0.093620929
401640 1640.000000 17758100001640000 -0.285256624 -0.069823901 -2.877434467 0.132516350
401641 1641.000000 17758100001641000 -0.287251532 -0.072748778 -2.887638177 0.071789614
401642 1642.000000 17758100001642000 -0.289231151 -0.075869541 -2.872517709 0.144665052
401643 1643.000000 17758100001643000 -0.291195393 -0.078397719 -2.860551090 0.138970717
401644 1644.000000 17758100001644000 -0.293144226 -0.081595270 -2.855550963 0.137015306
401645 1645.000000 17758100001645000 -0.295077503 -0.084598042 -2.849691599 0.131359195
401646 1646.000000 17758100001646000 -0.296995193 -0.086958058 -2.841575507 0.124307764
401647 1647.000000 17758100001647000 -0.298897207 -0.089804846 -2.829547609 0.134018265
401648 1648.000000 17758100001648000 -0.300783485 -0.092483841 -2.818383577 0.112595036
401649 1649.000000 17758100001649000 -0.302653939 -0.095637190 -2.819686396 0.149558968
401650 1650.000000 17758100001650000 -0.304508507 -0.098662057 -2.804803251 0.163711355
401651 1651.000000 17758100001651000 -0.306347072 -0.101302563 -2.807834004 0.106262146
401652 1652.000000 17758100001652000 -0.308169633 -0.104101212 -2.797118623 0.124570471
401653 1653.000000 17758100001653000 -0.309976041 -0.106917757 -2.773085969 0.141632146
401654 1654.000000 17758100001654000 -0.311766297 -0.109646194 -2.770745753 0.159000734
401655 1655.000000 17758100001655000 -0.313540280 -0.112150754 -2.769935583 0.154210732
401656 1656.000000 17758100001656000 -0.315297961 -0.115049498 -2.757187810 0.164889219
401657 1657.000000 17758100001657000 -0.317039222 -0.118060601 -2.756099414 0.164975106
401658 1658.000000 17758100001658000 -0.318764031 -0.120659147 -2.745984149 0.161661325
401659 1659.000000 17758100001659000 -0.320472300 -0.123437209 -2.735352189 0.189946628
401660 1660.000000 17758100001660000 -0.322163969 -0.126280859 -2.722875340 0.190225066
401661 1661.000000 17758100001661000 -0.323838979 -0.128856539 -2.719137202 0.197582611
401662 1662.000000 17758100001662000 -0.325497240 -0.131435447 -2.703196071 0.214938765
401663 1663.000000 17758100001663000 -0.327138722 -0.133971115 -2.699636671 0.218431432
401664 1664.000000 17758100001664000 -0.328763336 -0.137007413 -2.692499114 0.190470743
401665 1665.000000 17758100001665000 -0.330371022 -0.139850581 -2.677038381 0.186474732
401666 1666.000000 17758100001666000 -0.331961721 -0.142143592 -2.674065682 0.210610191
401667 1667.000000 17758100001667000 -0.333535343 -0.144900672 -2.657950020 0.201774192
401668 1668.000000 17758100001668000 -0.335091889 -0.147291169 -2.658092655 0.211967221
401669 1669.000000 17758100001669000 -0.336631238 -0.150515804 -2.646281274 0.214226967
401670 1670.000000 17758100001670000 -0.338153332 -0.153096307 -2.641060916 0.225883563
401671 1671.000000 17758100001671000 -0.339658141 -0.155612015 -2.620822231 0.214829980
401672 1672.000000 17758100001672000 -0.341145605 -0.158315769 -2.614463936 0.196922977
401673 1673.000000 17758100001673000 -0.342615664 -0.160928562 -2.596952006 0.200991140
401674 1674.000000 17758100001674000 -0.344068229 -0.163378734 -2.594173549 0.193139569
401675 1675.000000 17758100001675000 -0.345503271 -0.165875807 -2.589291707 0.227178210
401676 1676.000000 17758100001676000 -0.346920699 -0.168335595 -2.576015235 0.256461547
401677 1677.000000 17758100001677000 -0.348320514 -0.170829550 -2.563825227 0.260236625
401678 1678.000000 17758100001678000 -0.349702626 -0.173342585 -2.545536198 0.234423233
401679 1679.000000 17758100001679000 -0.351066977 -0.176281754 -2.541183561 0.252817825
401680 1680.000000 17758100001680000 -0.352413535 -0.178839490 -2.529655388 0.241091687
401681 1681.000000 17758100001681000 -0.353742212 -0.181062265 -2.515801610 0.230573716
401682 1682.000000 17758100001682000 -0.355052978 -0.183704921 -2.497594657 0.292792799
401683 1683.000000 17758100001683000 -0.356345803 -0.185992891 -2.504811081 0.250813869
401684 1684.000000 17758100001684000 -0.357620597 -0.188750839 -2.482647642 0.284542285
401685 1685.000000 17758100001685000 -0.358877301 -0.190869532 -2.466238603 0.242426500
401686 1686.000000 17758100001686000 -0.360115916 -0.193735508 -2.459631630 0.258446746
401687 1687.000000 17758100001687000 -0.361336380 -0.196070644 -2.448073724 0.277957642
401688 1688.000000 17758100001688000 -0.362538606 -0.198203280 -2.445092187 0.270039839
401689 1689.000000 17758100001689000 -0.363722563 -0.200818887 -2.431665882 0.262769795
401690 1690.000000 17758100001690000 -0.364888251 -0.203137393 -2.412668803 0.245454543
401691 1691.000000 17758100001691000 -0.366035551 -0.205605788 -2.408498323 0.311868990
401692 1692.000000 17758100001692000 -0.367164463 -0.207899504 -2.386891378 0.279303628
401693 1693.000000 17758100001693000 -0.368274957 -0.210526257 -2.383203997 0.310363953
401694 1694.000000 17758100001694000 -0.369366914 -0.213214858 -2.367226947 0.286961109
401695 1695.000000 17758100001695000 -0.370440394 -0.215211473 -2.353266622 0.305695010
401696 1696.000000 17758100001696000 -0.371495277 -0.217641473 -2.342647483 0.313095099
401697 1697.000000 17758100001697000 -0.372531533 -0.220058923 -2.332047103 0.299362082
401698 1698.000000 17758100001698000 -0.373549163 -0.222405785 -2.321375652 0.310628853
401699 1699.000000 17758100001699000 -0.374548078 -0.224759811 -2.303642127 0.277756494
401700 1700.000000 17758100001700000 -0.375528246 -0.226515865 -2.288802642 0.251623228
401701 1701.000000 17758100001701000 -0.376489669 -0.228981597 -2.275466484 0.301418342
401702 1702.000000 17758100001702000 -0.377432287 -0.231338183 -2.272196527 0.336471747
401703 1703.000000 17758100001703000 -0.378356040 -0.233575851 -2.253216055 0.315081341
401704 1704.000000 17758100001704000 -0.379260898 -0.235873102 -2.238459899 0.312138624
401705 1705.000000 17758100001705000 -0.380146831 -0.238246914 -2.227382173 0.323417543
401706 1706.000000 17758100001706000 -0.381013840 -0.239918391 -2.222421669 0.308224845
401707 1707.000000 17758100001707000 -0.381861836 -0.242608571 -2.200625656 0.342393379
401708 1708.000000 17758100001708000 -0.382690817 -0.245060662 -2.177164914 0.330377285
401709 1709.000000 17758100001709000 -0.383500755 -0.246972504 -2.168001967 0.314965765
401710 1710.000000 17758100001710000 -0.384291589 -0.249005628 -2.149438311 0.332913883
401711 1711.000000 17758100001711000 -0.385063291 -0.250707268 -2.139125671 0.337829710
401712 1712.000000 17758100001712000 -0.385815859 -0.253529223 -2.127984459 0.365159779
401713 1713.000000 17758100001713000 -0.386549264 -0.255767586 -2.119896705 0.359266589
401714 1714.000000 17758100001714000 -0.387263447 -0.257378127 -2.098289373 0.372512912
401715 1715.000000 17758100001715000 -0.387958378 -0.259458250 -2.085771569 0.358119556
401716 1716.000000 17758100001716000 -0.388634056 -0.261697126 -2.071642687 0.360845755
401717 1717.000000 17758100001717000 -0.389290452 -0.263868687 -2.055875452 0.376193380
401718 1718.000000 17758100001718000 -0.389927536 -0.265850251 -2.045213317 0.359026431
401719 1719.000000 17758100001719000 -0.390545249 -0.268270520 -2.033815987 0.349842703
401720 1720.000000 17758100001720000 -0.391143620 -0.269562264 -2.017215547 0.313687097
401721 1721.000000 17758100001721000 -0.391722590 -0.272125019 -2.006888332 0.345056275
401722 1722.000000 17758100001722000 -0.392282158 -0.273946320 -1.986081377 0.377950544
401723 1723.000000 17758100001723000 -0.392822295 -0.275835318 -1.974492342 0.384139266
401724 1724.000000 17758100001724000 -0.393342972 -0.277914455 -1.954750863 0.386061406
401725 1725.000000 17758100001725000 -0.393844157 -0.279313577 -1.945094477 0.355868674
401726 1726.000000 17758100001726000 -0.394325882 -0.281599772 -1.932470920 0.387569899
401727 1727.000000 17758100001727000 -0.394788057 -0.283260334 -1.908895219 0.367237771
401728 1728.000000 17758100001728000 -0.395230711 -0.285176421 -1.902335168 0.378830643
401729 1729.000000 17758100001729000 -0.395653814 -0.287286142 -1.877280371 0.372001916
401730 1730.000000 17758100001730000 -0.396057338 -0.289342412 -1.861502930 0.404113302
401731 1731.000000 17758100001731000 -0.396441311 -0.291397403 -1.863749398 0.359526904
401732 1732.000000 17758100001732000 -0.396805644 -0.292583298 -1.822022496 0.374185587
401733 1733.000000 17758100001733000 -0.397150397 -0.294604248 -1.809676800 0.390128340
401734 1734.000000 17758100001734000 -0.397475511 -0.296419101 -1.806910651 0.435722780
401735 1735.000000 17758100001735000 -0.397780985 -0.297829636 -1.794085140 0.393916110
401736 1736.000000 17758100001736000 -0.398066819 -0.299921345 -1.779122097 0.410956835
401737 1737.000000 17758100001737000 -0.398332953 -0.301902806 -1.758935356 0.402477366
401738 1738.000000 17758100001738000 -0.398579448 -0.303671675 -1.745736005 0.394398789
401739 1739.000000 17758100001739000 -0.398806244 -0.305290995 -1.732371877 0.428071781
401740 1740.000000 17758100001740000 -0.399013370 -0.306917977 -1.718449755 0.401641263
401741 1741.000000 17758100001741000 -0.399200767 -0.308749600 -1.689236832 0.387102092
401742 1742.000000 17758100001742000 -0.399368465 -0.310675458 -1.681048838 0.404654473
401743 1743.000000 17758100001743000 -0.399516463 -0.311800943 -1.660350229 0.380125892
401744 1744.000000 17758100001744000 -0.399644732 -0.313567836 -1.646954563 0.423404744
401745 1745.000000 17758100001745000 -0.399753273 -0.315216154 -1.631299740 0.413286213
401746 1746.000000 17758100001746000 -0.399842083 -0.316907111 -1.617163976 0.397607344
401747 1747.000000 17758100001747000 -0.399911165 -0.317954587 -1.596043342 0.471576922
401748 1748.000000 17758100001748000 -0.399960518 -0.320303130 -1.579873739 0.452281665
401749 1749.000000 17758100001749000 -0.399990141 -0.321393687 -1.565973280 0.430131589
401750 1750.000000 17758100001750000 -0.400000006 -0.322980691 -1.551564860 0.434892458
401751 1751.000000 17758100001751000 -0.399990141 -0.324497423 -1.526009477 0.445074937
401752 1752.000000 17758100001752000 -0.399960518 -0.326315854 -1.511347878 0.443295512
401753 1753.000000 17758100001753000 -0.399911165 -0.327773212 -1.494986761 0.455824247
401754 1754.000000 17758100001754000 -0.399842083 -0.328850142 -1.480612773 0.464992373
401755 1755.000000 17758100001755000 -0.399753273 -0.330954002 -1.455915459 0.466293647
401756 1756.000000 17758100001756000 -0.399644732 -0.332198917 -1.443405103 0.440413702
401757 1757.000000 17758100001757000 -0.399516463 -0.333654075 -1.432266026 0.457763318
401758 1758.000000 17758100001758000 -0.399368465 -0.335147773 -1.401479484 0.437625065
401759 1759.000000 17758100001759000 -0.399200767 -0.336363017 -1.383495934 0.452308832
401760 1760.000000 17758100001760000 -0.399013370 -0.337986951 -1.376077535 0.467455287
401761 1761.000000 17758100001761000 -0.398806244 -0.338595917 -1.351574757 0.460189123
401762 1762.000000 17758100001762000 -0.398579448 -0.340245997 -1.342168074 0.430967750
401763 1763.000000 17758100001763000 -0.398332953 -0.341907966 -1.333985371 0.475496010
401764 1764.000000 17758100001764000 -0.398066819 -0.342901625 -1.293702670 0.478515604
401765 1765.000000 17758100001765000 -0.397780985 -0.344001718 -1.293983577 0.440069043
401766 1766.000000 17758100001766000 -0.397475511 -0.345483544 -1.276314803 0.451226262
401767 1767.000000 17758100001767000 -0.397150397 -0.346501660 -1.256303512 0.476613097
401768 1768.000000 17758100001768000 -0.396805644 -0.348174472 -1.238105351 0.450466191
401769 1769.000000 17758100001769000 -0.396441311 -0.349397283 -1.221524128 0.479717403
401770 1770.000000 17758100001770000 -0.396057338 -0.350515764 -1.201026518 0.462426032
401771 1771.000000 17758100001771000 -0.395653814 -0.351665399 -1.182051845 0.483655031
401772 1772.000000 17758100001772000 -0.395230711 -0.352564338 -1.166284776 0.509882407
401773 1773.000000 17758100001773000 -0.394788057 -0.354041171 -1.144406093 0.470665381
401774 1774.000000 17758100001774000 -0.394325882 -0.355085131 -1.126989660 0.483176795
401775 1775.000000 17758100001775000 -0.393844157 -0.356262663 -1.118346616 0.505191280
401776 1776.000000 17758100001776000 -0.393342972 -0.357305960 -1.099971689 0.487423469
401777 1777.000000 17758100001777000 -0.392822295 -0.358651137 -1.077420342 0.460346911
401778 1778.000000 17758100001778000 -0.392282158 -0.359361418 -1.064424238 0.506169788
401779 1779.000000 17758100001779000 -0.391722590 -0.360700497 -1.039549354 0.536861328
401780 1780.000000 17758100001780000 -0.391143620 -0.361521698 -1.029585064 0.499735112
401781 1781.000000 17758100001781000 -0.390545249 -0.362200231 -1.006234845 0.478058055
401782 1782.000000 17758100001782000 -0.389927536 -0.363446450 -0.977535903 0.517516140
401783 1783.000000 17758100001783000 -0.389290452 -0.364639927 -0.972177667 0.484892909
401784 1784.000000 17758100001784000 -0.388634056 -0.365237079 -0.949182125 0.496125928
401785 1785.000000 17758100001785000 -0.387958378 -0.366278054 -0.930882650 0.520946596
401786 1786.000000 17758100001786000 -0.387263447 -0.367123794 -0.905527342 0.510199483
401787 1787.000000 17758100001787000 -0.386549264 -0.368008960 -0.894678114 0.490332761
401788 1788.000000 17758100001788000 -0.385815859 -0.368901535 -0.863650572 0.480906306
401789 1789.000000 17758100001789000 -0.385063291 -0.370003716 -0.866843236 0.536595259
401790 1790.000000 17758100001790000 -0.384291589 -0.370808430 -0.841234247 0.517049443
401791 1791.000000 17758100001791000 -0.383500755 -0.371242042 -0.819359944 0.487247380
401792 1792.000000 17758100001792000 -0.382690817 -0.372371616 -0.802161567 0.502188871
401793 1793.000000 17758100001793000 -0.381861836 -0.373280845 -0.779739699 0.488023619
401794 1794.000000 17758100001794000 -0.381013840 -0.373953666 -0.752830181 0.537511857
401795 1795.000000 17758100001795000 -0.380146831 -0.374841596 -0.747110974 0.493815614
401796 1796.000000 17758100001796000 -0.379260898 -0.375324991 -0.732980585 0.535389236
401797 1797.000000 17758100001797000 -0.378356040 -0.375960089 -0.706711367 0.512797850
401798 1798.000000 17758100001798000 -0.377432287 -0.376710744 -0.690070370 0.494332515
401799 1799.000000 17758100001799000 -0.376489669 -0.377333056 -0.670891614 0.480107647
401800 1800.000000 17758100001800000 -0.375528246 -0.378121138 -0.648747594 0.517021906
401801 1801.000000 17758100001801000 -0.374548078 -0.378872464 -0.629295636 0.514955180
401802 1802.000000 17758100001802000 -0.373549163 -0.379527640 -0.608674810 0.564940642
401803 1803.000000 17758100001803000 -0.372531533 -0.379852593 -0.586836434 0.515709192
401804 1804.000000 17758100001804000 -0.371495277 -0.380508478 -0.574791969 0.482306794
401805 1805.000000 17758100001805000 -0.370440394 -0.380643399 -0.555690015 0.507480912
401806 1806.000000 17758100001806000 -0.369366914 -0.381120002 -0.541315834 0.510014092
401807 1807.000000 17758100001807000 -0.368274957 -0.382315098 -0.516431162 0.547777391
401808 1808.000000 17758100001808000 -0.367164463 -0.382150524 -0.502630667 0.532452429
401809 1809.000000 17758100001809000 -0.366035551 -0.383153660 -0.474839979 0.489504667
401810 1810.000000 17758100001810000 -0.364888251 -0.383491855 -0.464330776 0.526690407
401811 1811.000000 17758100001811000 -0.363722563 -0.383974521 -0.443255603 0.501720563
401812 1812.000000 17758100001812000 -0.362538606 -0.384390362 -0.427336303 0.540646619
401813 1813.000000 17758100001813000 -0.361336380 -0.384799488 -0.410602070 0.530379470
401814 1814.000000 17758100001814000 -0.360115916 -0.385295365 -0.385511352 0.529347827
401815 1815.000000 17758100001815000 -0.358877301 -0.385223033 -0.359535075 0.582004286
401816 1816.000000 17758100001816000 -0.357620597 -0.386067437 -0.347624770 0.538857675
401817 1817.000000 17758100001817000 -0.356345803 -0.385968981 -0.327778454 0.516501751
401818 1818.000000 17758100001818000 -0.355052978 -0.386530867 -0.300794785 0.495917647
401819 1819.000000 17758100001819000 -0.353742212 -0.386751796 -0.280359067 0.543707999
401820 1820.000000 17758100001820000 -0.352413535 -0.387207570 -0.259174780 0.528485400
401821 1821.000000 17758100001821000 -0.351066977 -0.387351653 -0.252916247 0.557661085
401822 1822.000000 17758100001822000 -0.349702626 -0.387754742 -0.233205165 0.537427139
401823 1823.000000 17758100001823000 -0.348320514 -0.387717764 -0.210464558 0.536559414
401824 1824.000000 17758100001824000 -0.346920699 -0.387838945 -0.195015417 0.505325598
401825 1825.000000 17758100001825000 -0.345503271 -0.388077102 -0.174551354 0.537036408
401826 1826.000000 17758100001826000 -0.344068229 -0.388053563 -0.155117840 0.516348574
401827 1827.000000 17758100001827000 -0.342615664 -0.388382544 -0.137886777 0.525441313
401828 1828.000000 17758100001828000 -0.341145605 -0.388558527 -0.115942280 0.557038274
401829 1829.000000 17758100001829000 -0.339658141 -0.388587896 -0.089556562 0.560478962
401830 1830.000000 17758100001830000 -0.338153332 -0.388702848 -0.071895514 0.580552859
401831 1831.000000 17758100001831000 -0.336631238 -0.389042035 -0.058058573 0.584782815
401832 1832.000000 17758100001832000 -0.335091889 -0.388817864 -0.032001339 0.543330568
401833 1833.000000 17758100001833000 -0.333535343 -0.388681176 -0.025266566 0.536682945
401834 1834.000000 17758100001834000 -0.331961721 -0.389186853 0.003031216 0.521795415
401835 1835.000000 17758100001835000 -0.330371022 -0.388980112 0.017567797 0.533442867
401836 1836.000000 17758100001836000 -0.328763336 -0.389058395 0.038235628 0.533662807
401837 1837.000000 17758100001837000 -0.327138722 -0.388748887 0.057258135 0.567162093
401838 1838.000000 17758100001838000 -0.325497240 -0.388575946 0.083004159 0.535837956
401839 1839.000000 17758100001839000 -0.323838979 -0.388526296 0.094091027 0.544386792
401840 1840.000000 17758100001840000 -0.322163969 -0.388395463 0.119771274 0.549333740
401841 1841.000000 17758100001841000 -0.320472300 -0.388208823 0.135250831 0.539005716
401842 1842.000000 17758100001842000 -0.318764031 -0.388213439 0.155196648 0.547616838
401843 1843.000000 17758100001843000 -0.317039222 -0.387848407 0.181137529 0.561670132
401844 1844.000000 17758100001844000 -0.315297961 -0.387570247 0.191578718 0.528946468
401845 1845.000000 17758100001845000 -0.313540280 -0.387985090 0.216032095 0.561805256
401846 1846.000000 17758100001846000 -0.311766297 -0.387351718 0.230479353 0.544592594
401847 1847.000000 17758100001847000 -0.309976041 -0.386920001 0.251296995 0.548719897
401848 1848.000000 17758100001848000 -0.308169633 -0.386588551 0.268250808 0.534646693
401849 1849.000000 17758100001849000 -0.306347072 -0.386619661 0.282907779 0.581068964
401850 1850.000000 17758100001850000 -0.304508507 -0.386469450 0.303019246 0.544577196
401851 1851.000000 17758100001851000 -0.302653939 -0.385656255 0.327459209 0.535313751
401852 1852.000000 17758100001852000 -0.300783485 -0.385671604 0.343426731 0.512110975
401853 1853.000000 17758100001853000 -0.298897207 -0.385359787 0.369103181 0.540713070
401854 1854.000000 17758100001854000 -0.296995193 -0.385064000 0.389660895 0.570429756
401855 1855.000000 17758100001855000 -0.295077503 -0.384583349 0.401330054 0.612878460
401856 1856.000000 17758100001856000 -0.293144226 -0.383663551 0.418426166 0.563178741
401857 1857.000000 17758100001857000 -0.291195393 -0.383694423 0.448773274 0.545673512
401858 1858.000000 17758100001858000 -0.289231151 -0.383243473 0.459877330 0.545840792
401859 1859.000000 17758100001859000 -0.287251532 -0.382454596 0.479112375 0.538276070
401860 1860.000000 17758100001860000 -0.285256624 -0.381841209 0.495636973 0.533902325
401861 1861.000000 17758100001861000 -0.283246517 -0.381756648 0.526293295 0.534161862
401862 1862.000000 17758100001862000 -0.281221241 -0.381348877 0.543836533 0.556193335
401863 1863.000000 17758100001863000 -0.279180944 -0.380568292 0.560979849 0.574687467
401864 1864.000000 17758100001864000 -0.277125686 -0.379938527 0.575272310 0.543949406
401865 1865.000000 17758100001865000 -0.275055528 -0.379274947 0.596549927 0.564348754
401866 1866.000000 17758100001866000 -0.272970587 -0.378710719 0.611329042 0.527002241
401867 1867.000000 17758100001867000 -0.270870894 -0.377984188 0.632150191 0.570703580
401868 1868.000000 17758100001868000 -0.268756568 -0.377481102 0.649531708 0.546619113
401869 1869.000000 17758100001869000 -0.266627669 -0.376517233 0.663329822 0.545956955
401870 1870.000000 17758100001870000 -0.264484316 -0.376004677 0.686599330 0.526297704
401871 1871.000000 17758100001871000 -0.262326568 -0.375178683 0.715829810 0.539622659
401872 1872.000000 17758100001872000 -0.260154516 -0.374516576 0.720789262 0.542524008
401873 1873.000000 17758100001873000 -0.257968247 -0.374067932 0.744163863 0.521661711
401874 1874.000000 17758100001874000 -0.255767852 -0.373190632 0.755094037 0.497890122
401875 1875.000000 17758100001875000 -0.253553391 -0.372194303 0.780059290 0.555913397
401876 1876.000000 17758100001876000 -0.251324981 -0.371584268 0.793435756 0.527636854
401877 1877.000000 17758100001877000 -0.249082714 -0.370710562 0.820221153 0.525861975
401878 1878.000000 17758100001878000 -0.246826649 -0.370211438 0.838131736 0.529970878
401879 1879.000000 17758100001879000 -0.244556904 -0.369266623 0.860968462 0.550530804
401880 1880.000000 17758100001880000 -0.242273554 -0.368305092 0.883251405 0.564889224
401881 1881.000000 17758100001881000 -0.239976689 -0.367378933 0.895198436 0.576317529
401882 1882.000000 17758100001882000 -0.237666398 -0.366613152 0.906093637 0.527828638
401883 1883.000000 17758100001883000 -0.235342786 -0.365472309 0.925995457 0.540026058
401884 1884.000000 17758100001884000 -0.233005941 -0.364353299 0.941693055 0.528157608
401885 1885.000000 17758100001885000 -0.230655938 -0.363584642 0.968394629 0.517903535
401886 1886.000000 17758100001886000 -0.228292882 -0.362568893 0.988187590 0.524264571
401887 1887.000000 17758100001887000 -0.225916862 -0.361366822 0.999196948 0.532978710
401888 1888.000000 17758100001888000 -0.223527983 -0.360087639 1.019775166 0.527883064
401889 1889.000000 17758100001889000 -0.221126333 -0.359793468 1.044268003 0.552487055
401890 1890.000000 17758100001890000 -0.218712002 -0.358247645 1.062946604 0.541168294
401891 1891.000000 17758100001891000 -0.216285080 -0.357823409 1.083911663 0.498573306
401892 1892.000000 17758100001892000 -0.213845685 -0.356350410 1.095903733 0.523332286
401893 1893.000000 17758100001893000 -0.211393893 -0.355131687 1.108060416 0.517095434
401894 1894.000000 17758100001894000 -0.208929807 -0.353757579 1.134316317 0.529532359
401895 1895.000000 17758100001895000 -0.206453532 -0.352957540 1.140633365 0.525578604
401896 1896.000000 17758100001896000 -0.203965142 -0.351833169 1.162602888 0.507000135
401897 1897.000000 17758100001897000 -0.201464772 -0.350299123 1.181430585 0.541914281
401898 1898.000000 17758100001898000 -0.198952496 -0.349151792 1.194256399 0.501115637
401899 1899.000000 17758100001899000 -0.196428403 -0.347907339 1.217857700 0.541133461
401900 1900.000000 17758100001900000 -0.193892628 -0.346840731 1.238791925 0.537285671
401901 1901.000000 17758100001901000 -0.191345245 -0.345454989 1.250413643 0.539273275
401902 1902.000000 17758100001902000 -0.188786358 -0.344222858 1.274658922 0.501303651
401903 1903.000000 17758100001903000 -0.186216056 -0.343236769 1.289648519 0.541202812
401904 1904.000000 17758100001904000 -0.183634475 -0.341662493 1.311538865 0.518424852
401905 1905.000000 17758100001905000 -0.181041688 -0.340274633 1.320853533 0.545512247
401906 1906.000000 17758100001906000 -0.178437814 -0.339000271 1.339182057 0.555224749
401907 1907.000000 17758100001907000 -0.175822929 -0.337485425 1.359353678 0.519194339
401908 1908.000000 17758100001908000 -0.173197180 -0.336091360 1.376163665 0.520987245
401909 1909.000000 17758100001909000 -0.170560628 -0.334857468 1.404933549 0.515833003
401910 1910.000000 17758100001910000 -0.167913392 -0.333374755 1.415226011 0.526770755
401911 1911.000000 17758100001911000 -0.165255591 -0.331919678 1.426574224 0.528477996
401912 1912.000000 17758100001912000 -0.162587315 -0.330623912 1.440186481 0.489894084
401913 1913.000000 17758100001913000 -0.159908667 -0.329075756 1.465470506 0.508523459
401914 1914.000000 17758100001914000 -0.157219768 -0.327833337 1.474637200 0.534940770
401915 1915.000000 17758100001915000 -0.154520705 -0.326126183 1.495758568 0.495902011
401916 1916.000000 17758100001916000 -0.151811600 -0.324649472 1.505168556 0.512335816
401917 1917.000000 17758100001917000 -0.149092555 -0.323241618 1.528492786 0.536349609
401918 1918.000000 17758100001918000 -0.146363676 -0.321785345 1.544329348 0.496286013
401919 1919.000000 17758100001919000 -0.143625066 -0.319847897 1.572743140 0.497565445
401920 1920.000000 17758100001920000 -0.140876830 -0.318657816 1.579012116 0.521471161
401921 1921.000000 17758100001921000 -0.138119102 -0.317021478 1.610964836 0.512147381
401922 1922.000000 17758100001922000 -0.135351971 -0.315378041 1.621864731 0.527090174
401923 1923.000000 17758100001923000 -0.132575542 -0.313697832 1.624439577 0.509830550
401924 1924.000000 17758100001924000 -0.129789934 -0.311912096 1.652682292 0.500539777
401925 1925.000000 17758100001925000 -0.126995251 -0.310123314 1.660375071 0.513725308
401926 1926.000000 17758100001926000 -0.124191605 -0.308569660 1.686554751 0.473747737
401927 1927.000000 17758100001927000 -0.121379115 -0.306961916 1.689551492 0.462462378
401928 1928.000000 17758100001928000 -0.118557885 -0.305044176 1.710174958 0.468047052
401929 1929.000000 17758100001929000 -0.115728021 -0.303357623 1.733060387 0.482570247
401930 1930.000000 17758100001930000 -0.112889647 -0.301945067 1.748020599 0.516357355
401931 1931.000000 17758100001931000 -0.110042863 -0.299796421 1.754610575 0.481027364
401932 1932.000000 17758100001932000 -0.107187793 -0.298323711 1.777468419 0.482232854
401933 1933.000000 17758100001933000 -0.104324535 -0.296576041 1.798398705 0.470451088
401934 1934.000000 17758100001934000 -0.101453215 -0.294623940 1.803907095 0.484261533
401935 1935.000000 17758100001935000 -0.098573945 -0.292574308 1.816124688 0.491727402
401936 1936.000000 17758100001936000 -0.095686831 -0.290743168 1.827910639 0.471263400
401937 1937.000000 17758100001937000 -0.092791997 -0.289260349 1.847778526 0.483585564
401938 1938.000000 17758100001938000 -0.089889549 -0.287418582 1.855332706 0.471706898
401939 1939.000000 17758100001939000 -0.086979605 -0.284908395 1.885114316 0.489266504
401940 1940.000000 17758100001940000 -0.084062278 -0.283406702 1.894851018 0.419908559
401941 1941.000000 17758100001941000 -0.081137687 -0.281470967 1.918562994 0.480052984
401942 1942.000000 17758100001942000 -0.078205936 -0.279322455 1.921350989 0.451979146
401943 1943.000000 17758100001943000 -0.075267158 -0.277528321 1.930011138 0.490333978
401944 1944.000000 17758100001944000 -0.072321460 -0.275795586 1.959463137 0.415273533
401945 1945.000000 17758100001945000 -0.069368958 -0.273508024 1.970344415 0.431656458
401946 1946.000000 17758100001946000 -0.066409774 -0.271729949 1.994262153 0.451609096
401947 1947.000000 17758100001947000 -0.063444018 -0.269783958 1.992933206 0.434559222
401948 1948.000000 17758100001948000 -0.060471807 -0.267708810 2.024281046 0.452113497
401949 1949.000000 17758100001949000 -0.057493258 -0.265656115 2.040730502 0.448361564
401950 1950.000000 17758100001950000 -0.054508496 -0.263805128 2.038739130 0.452919543
401951 1951.000000 17758100001951000 -0.051517636 -0.261619431 2.069884710 0.455105229
401952 1952.000000 17758100001952000 -0.048520792 -0.259586411 2.082847042 0.439094281
401953 1953.000000 17758100001953000 -0.045518082 -0.257245394 2.091217297 0.467676658
401954 1954.000000 17758100001954000 -0.042509630 -0.255143112 2.101889990 0.441974367
401955 1955.000000 17758100001955000 -0.039495554 -0.253191460 2.115339003 0.458162873
401956 1956.000000 17758100001956000 -0.036475968 -0.251145365 2.136615286 0.418711134
401957 1957.000000 17758100001957000 -0.033450995 -0.249208545 2.151701603 0.430659432
401958 1958.000000 17758100001958000 -0.030420752 -0.246383167 2.156205360 0.425988648
401959 1959.000000 17758100001959000 -0.027385363 -0.244510800 2.174792857 0.425172292
401960 1960.000000 17758100001960000 -0.024344943 -0.242424295 2.182783184 0.439580748
401961 1961.000000 17758100001961000 -0.021299616 -0.240119024 2.209046531 0.451553148
401962 1962.000000 17758100001962000 -0.018249499 -0.237673399 2.205627099 0.442177279
401963 1963.000000 17758100001963000 -0.015194713 -0.236251812 2.228484188 0.467337232
401964 1964.000000 17758100001964000 -0.012135381 -0.233586815 2.244420837 0.433258095
401965 1965.000000 17758100001965000 -0.009071621 -0.231238261 2.247562029 0.450847184
401966 1966.000000 17758100001966000 -0.006003555 -0.229030103 2.275627226 0.415534999
401967 1967.000000 17758100001967000 -0.002931304 -0.226936778 2.279884182 0.369113357
401968 1968.000000 17758100001968000 0.000145010 -0.224387602 2.296775527 0.396108680
401969 1969.000000 17758100001969000 0.003225266 -0.222073624 2.291136878 0.405698318
401970 1970.000000 17758100001970000 0.006309343 -0.219781416 2.322970663 0.429173324
401971 1971.000000 17758100001971000 0.009397118 -0.217242244 2.331743101 0.423617036
401972 1972.000000 17758100001972000 0.012488470 -0.215220009 2.343800757 0.382942023
401973 1973.000000 17758100001973000 0.015583278 -0.212940844 2.354359337 0.378403532
401974 1974.000000 17758100001974000 0.018681418 -0.210442035 2.368469899 0.423166940
401975 1975.000000 17758100001975000 0.021782767 -0.208173617 2.381507235 0.398147114
401976 1976.000000 17758100001976000 0.024887206 -0.205874364 2.387811145 0.392229472
401977 1977.000000 17758100001977000 0.027994609 -0.203007237 2.409662662 0.394805834
401978 1978.000000 17758100001978000 0.031104855 -0.200863281 2.413033059 0.388503053
401979 1979.000000 17758100001979000 0.034217820 -0.198218519 2.430076382 0.413818689
401980 1980.000000 17758100001980000 0.037333384 -0.195901823 2.435260447 0.390292855
401981 1981.000000 17758100001981000 0.040451419 -0.193462942 2.449030219 0.394066527
401982 1982.000000 17758100001982000 0.043571807 -0.191177611 2.457198014 0.395622046
401983 1983.000000 17758100001983000 0.046694424 -0.188504365 2.480268431 0.391794625
401984 1984.000000 17758100001984000 0.049819142 -0.185856848 2.484916216 0.356194943
401985 1985.000000 17758100001985000 0.052945845 -0.183601906 2.494341463 0.390727743
401986 1986.000000 17758100001986000 0.056074403 -0.180885010 2.506089127 0.363564227
401987 1987.000000 17758100001987000 0.059204694 -0.178689264 2.524784900 0.386195212
401988 1988.000000 17758100001988000 0.062336598 -0.176202714 2.533723559 0.376800067
401989 1989.000000 17758100001989000 0.065469988 -0.173565795 2.540454321 0.394088479
401990 1990.000000 17758100001990000 0.068604738 -0.171216995 2.555561043 0.363176314
401991 1991.000000 17758100001991000 0.071740732 -0.168232415 2.557206109 0.366348338
401992 1992.000000 17758100001992000 0.074877843 -0.165704984 2.574770549 0.364143887
401993 1993.000000 17758100001993000 0.078015938 -0.163780900 2.577257387 0.324810336
401994 1994.000000 17758100001994000 0.081154905 -0.160652154 2.591812617 0.363806448
401995 1995.000000 17758100001995000 0.084294617 -0.157896845 2.602399626 0.356075634
401996 1996.000000 17758100001996000 0.087434955 -0.155569390 2.614399853 0.331961159
401997 1997.000000 17758100001997000 0.090575777 -0.153112995 2.632304163 0.348524584
401998 1998.000000 17758100001998000 0.093716979 -0.150209761 2.634251216 0.352784053
401999 1999.000000 17758100001999000 0.096858427 -0.147804620 2.649495044 0.344423893
402000 2000.000000 17758100002000000 0.100000001 -0.144632708 2.658587946 0.352568488
402001 2001.000000 17758100002001000 0.103141569 -0.142413008 2.662981571 0.302348492
402002 2002.000000 17758100002002000 0.106283017 -0.139628467 2.676198525 0.322350740
402003 2003.000000 17758100002003000 0.109424219 -0.136509349 2.681228450 0.339879799
402004 2004.000000 17758100002004000 0.112565048 -0.134475147 2.695626735 0.350462938
402005 2005.000000 17758100002005000 0.115705378 -0.131441347 2.703345255 0.315405225
402006 2006.000000 17758100002006000 0.118845090 -0.128577881 2.706227477 0.315083085
402007 2007.000000 17758100002007000 0.121984057 -0.125885702 2.725247253 0.291374309
402008 2008.000000 17758100002008000 0.125122160 -0.123153689 2.727410969 0.316586792
402009 2009.000000 17758100002009000 0.128259271 -0.120336645 2.733365706 0.314867013
402010 2010.000000 17758100002010000 0.131395265 -0.118389132 2.745345783 0.326635742
402011 2011.000000 17758100002011000 0.134530008 -0.114925062 2.759630583 0.286378904
402012 2012.000000 17758100002012000 0.137663409 -0.112322468 2.765488157 0.287457443
402013 2013.000000 17758100002013000 0.140795305 -0.109915473 2.763810846 0.331121549
402014 2014.000000 17758100002014000 0.143925592 -0.106255661 2.791806470 0.257810533
402015 2015.000000 17758100002015000 0.147054151 -0.104055714 2.791522279 0.302717441
402016 2016.000000 17758100002016000 0.150180861 -0.100913811 2.794638920 0.302354043
402017 2017.000000 17758100002017000 0.153305575 -0.098678440 2.809208585 0.303061060
402018 2018.000000 17758100002018000 0.156428188 -0.095270121 2.815320985 0.249893355
402019 2019.000000 17758100002019000 0.159548581 -0.092489042 2.822001703 0.304560057
402020 2020.000000 17758100002020000 0.162666619 -0.090004637 2.823718104 0.265702830
402021 2021.000000 17758100002021000 0.165782183 -0.086969972 2.838906896 0.297410014
402022 2022.000000 17758100002022000 0.168895140 -0.084248357 2.842239585 0.294300541
402023 2023.000000 17758100002023000 0.172005385 -0.081586905 2.863318373 0.264259394
402024 2024.000000 17758100002024000 0.175112799 -0.078812131 2.850381225 0.270727170
402025 2025.000000 17758100002025000 0.178217232 -0.075848838 2.854068344 0.227625327
402026 2026.000000 17758100002026000 0.181318581 -0.072785197 2.872072049 0.246903813
402027 2027.000000 17758100002027000 0.184416726 -0.069968150 2.872779176 0.279802193
402028 2028.000000 17758100002028000 0.187511533 -0.066912302 2.887419365 0.259558019
402029 2029.000000 17758100002029000 0.190602884 -0.064194043 2.893143354 0.268857555
402030 2030.000000 17758100002030000 0.193690658 -0.061469886 2.900786379 0.244515522
402031 2031.000000 17758100002031000 0.196774736 -0.058423462 2.909108466 0.245539161
402032 2032.000000 17758100002032000 0.199854985 -0.055006858 2.913321559 0.241307475
402033 2033.000000 17758100002033000 0.202931300 -0.052536963 2.920634279 0.248061561
402034 2034.000000 17758100002034000 0.206003562 -0.049353917 2.926212000 0.221512971
402035 2035.000000 17758100002035000 0.209071621 -0.046357602 2.925233654 0.216858810
402036 2036.000000 17758100002036000 0.212135375 -0.043508532 2.931920800 0.268306478
402037 2037.000000 17758100002037000 0.215194717 -0.040642464 2.940888917 0.228316061
402038 2038.000000 17758100002038000 0.218249500 -0.038287998 2.926145597 0.228259507
402039 2039.000000 17758100002039000 0.221299618 -0.035005640 2.950711796 0.210158399
402040 2040.000000 17758100002040000 0.224344939 -0.032107144 2.962590509 0.210569737
402041 2041.000000 17758100002041000 0.227385357 -0.028958405 2.955101149 0.216051991
402042 2042.000000 17758100002042000 0.230420753 -0.026075891 2.955368521 0.213848045
402043 2043.000000 17758100002043000 0.233450994 -0.023110735 2.970833630 0.176272350
402044 2044.000000 17758100002044000 0.236475974 -0.020154341 2.975800603 0.205183055
402045 2045.000000 17758100002045000 0.239495546 -0.016957484 2.984516598 0.209319367
402046 2046.000000 17758100002046000 0.242509633 -0.014051353 2.973934555 0.188780810
402047 2047.000000 17758100002047000 0.245518088 -0.011403159 2.990400731 0.202406459
402048 2048.000000 17758100002048000 0.248520792 -0.008242549 2.993508578 0.221539579
402049 2049.000000 17758100002049000 0.251517624 -0.005076355 2.998892231 0.195070273
402050 2050.000000 17758100002050000 0.254508495 -0.002375457 3.004898653 0.172934906
402051 2051.000000 17758100002051000 0.257493258 0.000529860 3.001021292 0.159404368
402052 2052.000000 17758100002052000 0.260471791 0.003966742 3.009367270 0.165299180
402053 2053.000000 17758100002053000 0.263444006 0.007109137 3.013553598 0.189180547
402054 2054.000000 17758100002054000 0.266409785 0.009911433 3.017114317 0.201565767
402055 2055.000000 17758100002055000 0.269368947 0.012947636 3.024952558 0.141346663
402056 2056.000000 17758100002056000 0.272321463 0.016064276 3.018556485 0.118970731
402057 2057.000000 17758100002057000 0.275267154 0.018967670 3.022181484 0.154344618
402058 2058.000000 17758100002058000 0.278205931 0.021787458 3.027659354 0.151985052
402059 2059.000000 17758100002059000 0.281137675 0.025081160 3.032162941 0.157958598
402060 2060.000000 17758100002060000 0.284062266 0.028043847 3.039009655 0.163193338
402061 2061.000000 17758100002061000 0.286979616 0.030727482 3.043545129 0.191382325
402062 2062.000000 17758100002062000 0.289889544 0.033882863 3.046191196 0.141963261
402063 2063.000000 17758100002063000 0.292791992 0.036974638 3.038285256 0.164459487
402064 2064.000000 17758100002064000 0.295686841 0.040200409 3.046816559 0.156062095
402065 2065.000000 17758100002065000 0.298573941 0.043259712 3.048530390 0.152479088
402066 2066.000000 17758100002066000 0.301453203 0.046549229 3.052203409 0.157198214
402067 2067.000000 17758100002067000 0.304324538 0.049640976 3.056180672 0.144269461
402068 2068.000000 17758100002068000 0.307187796 0.052637868 3.046007681 0.159525932
402069 2069.000000 17758100002069000 0.310042858 0.055688542 3.059234274 0.122734359
402070 2070.000000 17758100002070000 0.312889636 0.058473189 3.061662363 0.127893926
402071 2071.000000 17758100002071000 0.315728009 0.061514372 3.050310341 0.098895758
402072 2072.000000 17758100002072000 0.318557888 0.064768458 3.062955934 0.098656570
402073 2073.000000 17758100002073000 0.321379125 0.067731060 3.063156452 0.112392168
402074 2074.000000 17758100002074000 0.324191600 0.071010482 3.067646545 0.139977145
402075 2075.000000 17758100002075000 0.326995254 0.073902998 3.069730503 0.105955424
402076 2076.000000 17758100002076000 0.329789937 0.076984379 3.073893706 0.112250447
402077 2077.000000 17758100002077000 0.332575530 0.079862794 3.065831231 0.097641444
402078 2078.000000 17758100002078000 0.335351974 0.083140812 3.070331770 0.102958703
402079 2079.000000 17758100002079000 0.338119090 0.086132173 3.071540864 0.110206035
402080 2080.000000 17758100002080000 0.340876848 0.089381300 3.071100742 0.085800459
402081 2081.000000 17758100002081000 0.343625069 0.092050511 3.074040084 0.075968558
402082 2082.000000 17758100002082000 0.346363664 0.095532900 3.065583248 0.032388539
402083 2083.000000 17758100002083000 0.349092543 0.098727177 3.071959411 0.054140460
402084 2084.000000 17758100002084000 0.351811588 0.101704841 3.076088234 0.053441473
402085 2085.000000 17758100002085000 0.354520708 0.104568771 3.065212117 0.069136805
402086 2086.000000 17758100002086000 0.357219756 0.107845344 3.078489858 0.082256901
402087 2087.000000 17758100002087000 0.359908670 0.110770148 3.076842843 0.050791599
402088 2088.000000 17758100002088000 0.362587303 0.113829584 3.074317844 0.060514715
402089 2089.000000 17758100002089000 0.365255594 0.117160188 3.067922084 0.065047335
402090 2090.000000 17758100002090000 0.367913395 0.119786778 3.070017330 0.084815342
402091 2091.000000 17758100002091000 0.370560616 0.122838180 3.072382269 0.043773464
402092 2092.000000 17758100002092000 0.373197168 0.125943829 3.070853588 0.048767474
402093 2093.000000 17758100002093000 0.375822932 0.129169426 3.064923497 0.032034049
402094 2094.000000 17758100002094000 0.378437817 0.132314808 3.073989573 0.025439467
402095 2095.000000 17758100002095000 0.381041676 0.135066061 3.069051036 0.026317406
402096 2096.000000 17758100002096000 0.383634478 0.138483051 3.060427531 0.007395111
402097 2097.000000 17758100002097000 0.386216074 0.141087477 3.063051827 0.049590310
402098 2098.000000 17758100002098000 0.388786346 0.144586493 3.058457052 0.041437328
402099 2099.000000 17758100002099000 0.391345233 0.147519706 3.058038195 0.034511975
402100 2100.000000 17758100002100000 0.393892616 0.150743415 3.046953793 -0.024365885
402101 2101.000000 17758100002101000 0.396428406 0.153832737 3.055809426 -0.027188987
402102 2102.000000 17758100002102000 0.398952484 0.156585966 3.050511478 0.009617150
402103 2103.000000 17758100002103000 0.401464760 0.159564253 3.048489827 -0.026640751
402104 2104.000000 17758100002104000 0.403965145 0.162546714 3.049632722 0.015891315
402105 2105.000000 17758100002105000 0.406453520 0.165778758 3.040231146 0.000946794
402106 2106.000000 17758100002106000 0.408929795 0.168858863 3.040233679 -0.007913017
402107 2107.000000 17758100002107000 0.411393881 0.171894870 3.035970877 -0.014631877
402108 2108.000000 17758100002108000 0.413845688 0.174796067 3.040824270 -0.029674987
402109 2109.000000 17758100002109000 0.416285068 0.178043584 3.037044129 -0.011926474
402110 2110.000000 17758100002110000 0.418711990 0.180738018 3.035408984 -0.039543070
402111 2111.000000 17758100002111000 0.421126336 0.184271434 3.024621409 -0.017042319
402112 2112.000000 17758100002112000 0.423527986 0.187260943 3.030442575 -0.029141348
402113 2113.000000 17758100002113000 0.425916851 0.190303499 3.012284136 -0.038247497
402114 2114.000000 17758100002114000 0.428292871 0.192877474 3.018918332 -0.024978774
402115 2115.000000 17758100002115000 0.430655926 0.196116056 3.014849796 -0.014547484
402116 2116.000000 17758100002116000 0.433005929 0.199123119 3.009559331 -0.029805208
402117 2117.000000 17758100002117000 0.435342789 0.202084743 2.999992902 -0.044425234
402118 2118.000000 17758100002118000 0.437666416 0.205005590 3.006700078 -0.073023272
402119 2119.000000 17758100002119000 0.439976692 0.208419520 3.000167227 -0.031926361
402120 2120.000000 17758100002120000 0.442273557 0.210907929 2.993745154 -0.055427368
402121 2121.000000 17758100002121000 0.444556892 0.214364904 2.999108429 -0.045690206
402122 2122.000000 17758100002122000 0.446826667 0.217446893 2.984245415 -0.066421834
402123 2123.000000 17758100002123000 0.449082702 0.219963093 2.975290237 -0.049517738
402124 2124.000000 17758100002124000 0.451324999 0.222788019 2.982156951 -0.072108832
402125 2125.000000 17758100002125000 0.453553379 0.225775255 2.972686380 -0.081319321
402126 2126.000000 17758100002126000 0.455767840 0.229384867 2.964587887 -0.048319404
402127 2127.000000 17758100002127000 0.457968235 0.231897232 2.956307378 -0.098891280
402128 2128.000000 17758100002128000 0.460154504 0.235105672 2.947094873 -0.054245530
402129 2129.000000 17758100002129000 0.462326556 0.238154635 2.950248602 -0.062874270
402130 2130.000000 17758100002130000 0.464484304 0.240681459 2.934952646 -0.094301172
402131 2131.000000 17758100002131000 0.466627687 0.243939072 2.933287009 -0.123014950
402132 2132.000000 17758100002132000 0.468756557 0.246736976 2.925931123 -0.097732113
402133 2133.000000 17758100002133000 0.470870882 0.249856013 2.936330393 -0.085237990
402134 2134.000000 17758100002134000 0.472970575 0.252335625 2.925919386 -0.070930462
402135 2135.000000 17758100002135000 0.475055546 0.255455903 2.914081651 -0.073409284
402136 2136.000000 17758100002136000 0.477125704 0.258065219 2.918595675 -0.116510886
402137 2137.000000 17758100002137000 0.479180962 0.260921248 2.903933168 -0.066713274
402138 2138.000000 17758100002138000 0.481221259 0.264259555 2.900142205 -0.080132483
402139 2139.000000 17758100002139000 0.483246505 0.267399023 2.891603548 -0.111467146
402140 2140.000000 17758100002140000 0.485256612 0.270110759 2.879004405 -0.117925531
402141 2141.000000 17758100002141000 0.487251520 0.272553731 2.872818221 -0.138810197
402142 2142.000000 17758100002142000 0.489231139 0.275546001 2.868087484 -0.130396308
402143 2143.000000 17758100002143000 0.491195410 0.278154857 2.866258342 -0.159228074
402144 2144.000000 17758100002144000 0.493144214 0.281236321 2.857672138 -0.139226776
402145 2145.000000 17758100002145000 0.495077521 0.284198418 2.845509272 -0.153035471
402146 2146.000000 17758100002146000 0.496995211 0.286960611 2.844562200 -0.133726007
402147 2147.000000 17758100002147000 0.498897225 0.290096351 2.840039400 -0.160860264
402148 2148.000000 17758100002148000 0.500783503 0.292920340 2.826331186 -0.129678659
402149 2149.000000 17758100002149000 0.502653956 0.295299310 2.822429721 -0.161794610
402150 2150.000000 17758100002150000 0.504508495 0.298330298 2.803861545 -0.169040323
402151 2151.000000 17758100002151000 0.506347060 0.301261497 2.804447182 -0.118533035
402152 2152.000000 17758100002152000 0.508169651 0.303678233 2.792910085 -0.120999710
402153 2153.000000 17758100002153000 0.509976029 0.306365072 2.789448053 -0.176261043
402154 2154.000000 17758100002154000 0.511766315 0.309505583 2.774397583 -0.147849773
402155 2155.000000 17758100002155000 0.513540268 0.312150145 2.771116327 -0.184693489
402156 2156.000000 17758100002156000 0.515297949 0.315213720 2.766529845 -0.169418157
402157 2157.000000 17758100002157000 0.517039239 0.317350766 2.751812935 -0.177377178
402158 2158.000000 17758100002158000 0.518764019 0.320400330 2.742341544 -0.147032129
402159 2159.000000 17758100002159000 0.520472288 0.323421282 2.736213977 -0.147135538
402160 2160.000000 17758100002160000 0.522163987 0.325966197 2.725190076 -0.175359735
402161 2161.000000 17758100002161000 0.523838997 0.328704401 2.714956043 -0.194463811
402162 2162.000000 17758100002162000 0.525497258 0.331591265 2.711126418 -0.234566036
402163 2163.000000 17758100002163000 0.527138710 0.333955338 2.692351122 -0.220200341
402164 2164.000000 17758100002164000 0.528763354 0.336605580 2.687245782 -0.179010896
402165 2165.000000 17758100002165000 0.530371010 0.339426610 2.683106776 -0.220091877
402166 2166.000000 17758100002166000 0.531961679 0.341883523 2.665969369 -0.217282322
402167 2167.000000 17758100002167000 0.533535361 0.344517128 2.667650489 -0.226536375
402168 2168.000000 17758100002168000 0.535091877 0.347217068 2.646699686 -0.235328825
402169 2169.000000 17758100002169000 0.536631227 0.350254197 2.638978075 -0.215071110
402170 2170.000000 17758100002170000 0.538153350 0.352853525 2.630612884 -0.207725700
402171 2171.000000 17758100002171000 0.539658129 0.355348352 2.626492687 -0.221949011
402172 2172.000000 17758100002172000 0.541145623 0.358053581 2.612245786 -0.231326935
402173 2173.000000 17758100002173000 0.542615652 0.360627141 2.604866858 -0.218491988
402174 2174.000000 17758100002174000 0.544068217 0.363077558 2.603379626 -0.223421049
402175 2175.000000 17758100002175000 0.545503259 0.365704641 2.577816968 -0.250316434
402176 2176.000000 17758100002176000 0.546920717 0.368332884 2.571669146 -0.226441073
402177 2177.000000 17758100002177000 0.548320532 0.371043657 2.566411160 -0.253664659
402178 2178.000000 17758100002178000 0.549702644 0.373825251 2.544531456 -0.231515457
402179 2179.000000 17758100002179000 0.551066995 0.375800107 2.544682017 -0.238918634
402180 2180.000000 17758100002180000 0.552413523 0.378209593 2.534941628 -0.249007956
402181 2181.000000 17758100002181000 0.553742230 0.380771709 2.526775987 -0.232881573
402182 2182.000000 17758100002182000 0.555052996 0.383461628 2.506129913 -0.247268368
402183 2183.000000 17758100002183000 0.556345820 0.385658612 2.502827583 -0.252814037
402184 2184.000000 17758100002184000 0.557620585 0.388719295 2.476348251 -0.277093332
402185 2185.000000 17758100002185000 0.558877289 0.390850431 2.474572515 -0.247181697
402186 2186.000000 17758100002186000 0.560115933 0.393643999 2.464738776 -0.216039718
402187 2187.000000 17758100002187000 0.561336398 0.395850193 2.451243637 -0.239508253
402188 2188.000000 17758100002188000 0.562538624 0.398369728 2.445907401 -0.233878436
402189 2189.000000 17758100002189000 0.563722551 0.401111580 2.429965453 -0.260245004
402190 2190.000000 17758100002190000 0.564888239 0.402961548 2.415756922 -0.306715111
402191 2191.000000 17758100002191000 0.566035569 0.405597813 2.400716059 -0.298514912
402192 2192.000000 17758100002192000 0.567164481 0.407917432 2.390934183 -0.264018234
402193 2193.000000 17758100002193000 0.568274915 0.410659523 2.385157261 -0.237326109
402194 2194.000000 17758100002194000 0.569366932 0.412976948 2.371449724 -0.291946912
402195 2195.000000 17758100002195000 0.570440412 0.415007813 2.352008309 -0.326458822
402196 2196.000000 17758100002196000 0.571495295 0.417152941 2.336162235 -0.289045464
402197 2197.000000 17758100002197000 0.572531521 0.419648629 2.326461190 -0.287473425
402198 2198.000000 17758100002198000 0.573549151 0.422203225 2.322174272 -0.318812722
402199 2199.000000 17758100002199000 0.574548066 0.424121417 2.309497663 -0.298386780
402200 2200.000000 17758100002200000 0.575528264 0.426168087 2.294063768 -0.288384882
402201 2201.000000 17758100002201000 0.576489687 0.428742784 2.278918922 -0.339115095
402202 2202.000000 17758100002202000 0.577432275 0.431306860 2.269383615 -0.293750799
402203 2203.000000 17758100002203000 0.578356028 0.433276982 2.252397338 -0.313594099
402204 2204.000000 17758100002204000 0.579260886 0.435572747 2.232484925 -0.294752440
402205 2205.000000 17758100002205000 0.580146849 0.437936276 2.221149905 -0.333109309
402206 2206.000000 17758100002206000 0.581013858 0.440412296 2.209643244 -0.298940152
402207 2207.000000 17758100002207000 0.581861854 0.442564944 2.207497413 -0.270208276
402208 2208.000000 17758100002208000 0.582690835 0.444756381 2.184270628 -0.343748493
402209 2209.000000 17758100002209000 0.583500743 0.446562463 2.164632124 -0.308656164
402210 2210.000000 17758100002210000 0.584291577 0.448719311 2.163148624 -0.330265590
402211 2211.000000 17758100002211000 0.585063279 0.450735891 2.151756103 -0.337938975
402212 2212.000000 17758100002212000 0.585815847 0.453374919 2.132290994 -0.315073739
402213 2213.000000 17758100002213000 0.586549282 0.455308210 2.113693353 -0.388856105
402214 2214.000000 17758100002214000 0.587263465 0.457222586 2.106918142 -0.337519325
402215 2215.000000 17758100002215000 0.587958395 0.459507362 2.082423567 -0.340307735
402216 2216.000000 17758100002216000 0.588634074 0.462028074 2.071302755 -0.343992436
402217 2217.000000 17758100002217000 0.589290440 0.464074075 2.061369698 -0.359427272
402218 2218.000000 17758100002218000 0.589927554 0.465541493 2.037595100 -0.370006476
402219 2219.000000 17758100002219000 0.590545237 0.467778604 2.035623840 -0.365127893
402220 2220.000000 17758100002220000 0.591143608 0.469661042 2.019643590 -0.354274762
402221 2221.000000 17758100002221000 0.591722608 0.471503320 1.995616710 -0.359328718
402222 2222.000000 17758100002222000 0.592282176 0.473586158 1.983083834 -0.364734413
402223 2223.000000 17758100002223000 0.592822313 0.475350586 1.984390319 -0.363542337
402224 2224.000000 17758100002224000 0.593342960 0.477596590 1.954961037 -0.323130915
402225 2225.000000 17758100002225000 0.593844175 0.479503524 1.944286753 -0.348887622
402226 2226.000000 17758100002226000 0.594325900 0.481608249 1.921327171 -0.372039132
402227 2227.000000 17758100002227000 0.594788074 0.483514436 1.905145989 -0.364623957
402228 2228.000000 17758100002228000 0.595230699 0.485630722 1.900608766 -0.352552904
402229 2229.000000 17758100002229000 0.595653832 0.486824987 1.878875396 -0.405746823
402230 2230.000000 17758100002230000 0.596057355 0.488943818 1.864680719 -0.378230935
402231 2231.000000 17758100002231000 0.596441329 0.491172521 1.847561513 -0.384034707
402232 2232.000000 17758100002232000 0.596805632 0.492811906 1.848801939 -0.367402766
402233 2233.000000 17758100002233000 0.597150385 0.494267335 1.823124917 -0.408538236
402234 2234.000000 17758100002234000 0.597475529 0.496439627 1.796407941 -0.415668007
402235 2235.000000 17758100002235000 0.597781003 0.498130010 1.785395004 -0.418910400
402236 2236.000000 17758100002236000 0.598066807 0.499675010 1.774192863 -0.419116513
402237 2237.000000 17758100002237000 0.598332942 0.501637472 1.763826228 -0.404604676
402238 2238.000000 17758100002238000 0.598579466 0.503430847 1.741464378 -0.425361699
402239 2239.000000 17758100002239000 0.598806262 0.505566669 1.720043747 -0.392384198
402240 2240.000000 17758100002240000 0.599013388 0.506769054 1.707524037 -0.390279244
402241 2241.000000 17758100002241000 0.599200785 0.507929252 1.699195396 -0.404324348
402242 2242.000000 17758100002242000 0.599368453 0.510197392 1.673909676 -0.415051201
402243 2243.000000 17758100002243000 0.599516451 0.511764115 1.663820477 -0.407806347
402244 2244.000000 17758100002244000 0.599644721 0.513430821 1.639339183 -0.407449722
402245 2245.000000 17758100002245000 0.599753261 0.515010530 1.632496055 -0.413207317
402246 2246.000000 17758100002246000 0.599842072 0.516268363 1.614115822 -0.433728816
402247 2247.000000 17758100002247000 0.599911153 0.518200676 1.593015458 -0.379130814
402248 2248.000000 17758100002248000 0.599960506 0.520040693 1.578629004 -0.453618887
402249 2249.000000 17758100002249000 0.599990129 0.521161945 1.564885813 -0.436649329
402250 2250.000000 17758100002250000 0.600000024 0.522763477 1.545590170 -0.451289318
402251 2251.000000 17758100002251000 0.599990129 0.524717717 1.531554279 -0.450963547
402252 2252.000000 17758100002252000 0.599960506 0.526117848 1.515643641 -0.438804245
402253 2253.000000 17758100002253000 0.599911153 0.527297488 1.502019087 -0.445091851
402254 2254.000000 17758100002254000 0.599842072 0.529075966 1.468976490 -0.462170507
402255 2255.000000 17758100002255000 0.599753261 0.530794427 1.464232294 -0.473478038
402256 2256.000000 17758100002256000 0.599644721 0.532099523 1.451803107 -0.456883488
402257 2257.000000 17758100002257000 0.599516451 0.533466367 1.430405805 -0.451966054
402258 2258.000000 17758100002258000 0.599368453 0.534958514 1.419560936 -0.428914158
402259 2259.000000 17758100002259000 0.599200785 0.536146997 1.389001281 -0.414038331
402260 2260.000000 17758100002260000 0.599013388 0.537696442 1.369510836 -0.472611266
402261 2261.000000 17758100002261000 0.598806262 0.539081972 1.363204394 -0.455599478
402262 2262.000000 17758100002262000 0.598579466 0.539993145 1.348020745 -0.455462634
402263 2263.000000 17758100002263000 0.598332942 0.541983575 1.331840931 -0.453568006
402264 2264.000000 17758100002264000 0.598066807 0.543019110 1.303103534 -0.448546694
402265 2265.000000 17758100002265000 0.597781003 0.544121378 1.281934955 -0.476641073
402266 2266.000000 17758100002266000 0.597475529 0.545448078 1.271354194 -0.460975200
402267 2267.000000 17758100002267000 0.597150385 0.546342497 1.258951391 -0.457002189
402268 2268.000000 17758100002268000 0.596805632 0.547790846 1.229751514 -0.477210942
402269 2269.000000 17758100002269000 0.596441329 0.549023097 1.225913770 -0.421826027
402270 2270.000000 17758100002270000 0.596057355 0.550371251 1.213226739 -0.473122715
402271 2271.000000 17758100002271000 0.595653832 0.551933629 1.178519356 -0.493767008
402272 2272.000000 17758100002272000 0.595230699 0.552682322 1.161437371 -0.462575344
402273 2273.000000 17758100002273000 0.594788074 0.553946335 1.139579556 -0.464261097
402274 2274.000000 17758100002274000 0.594325900 0.554997413 1.124918637 -0.505732184
402275 2275.000000 17758100002275000 0.593844175 0.555858337 1.105202883 -0.469977800
402276 2276.000000 17758100002276000 0.593342960 0.557058751 1.097155362 -0.475677817
402277 2277.000000 17758100002277000 0.592822313 0.558548634 1.080807887 -0.475316804
402278 2278.000000 17758100002278000 0.592282176 0.559677622 1.055900778 -0.487720451
402279 2279.000000 17758100002279000 0.591722608 0.560612342 1.038675051 -0.505716028
402280 2280.000000 17758100002280000 0.591143608 0.561440010 1.019363818 -0.475259173
402281 2281.000000 17758100002281000 0.590545237 0.562410083 0.998098400 -0.469236160
402282 2282.000000 17758100002282000 0.589927554 0.563196795 0.988041820 -0.509320351
402283 2283.000000 17758100002283000 0.589290440 0.564643497 0.967873795 -0.474518330
402284 2284.000000 17758100002284000 0.588634074 0.565478350 0.949616674 -0.500215080
402285 2285.000000 17758100002285000 0.587958395 0.566278659 0.927068916 -0.511092423
402286 2286.000000 17758100002286000 0.587263465 0.567061516 0.911012149 -0.501429339
402287 2287.000000 17758100002287000 0.586549282 0.568319034 0.890741509 -0.446651833
402288 2288.000000 17758100002288000 0.585815847 0.568856131 0.869753303 -0.508018585
402289 2289.000000 17758100002289000 0.585063279 0.569648491 0.857312935 -0.507670817
402290 2290.000000 17758100002290000 0.584291577 0.570523674 0.845720220 -0.533337009
402291 2291.000000 17758100002291000 0.583500743 0.571179502 0.817321730 -0.524255627
402292 2292.000000 17758100002292000 0.582690835 0.572204567 0.792089527 -0.507939462
402293 2293.000000 17758100002293000 0.581861854 0.573138762 0.783472945 -0.496883222
402294 2294.000000 17758100002294000 0.581013858 0.573837934 0.762968401 -0.484175749
402295 2295.000000 17758100002295000 0.580146849 0.574307193 0.737721971 -0.537385955
402296 2296.000000 17758100002296000 0.579260886 0.575190578 0.722228683 -0.515165788
402297 2297.000000 17758100002297000 0.578356028 0.576044830 0.701610606 -0.482128876
402298 2298.000000 17758100002298000 0.577432275 0.576754994 0.689120052 -0.505174515
402299 2299.000000 17758100002299000 0.576489687 0.577419862 0.681317415 -0.513249507
402300 2300.000000 17758100002300000 0.575528264 0.577688977 0.650523843 -0.511242366
402301 2301.000000 17758100002301000 0.574548066 0.578204322 0.624567183 -0.551294038
402302 2302.000000 17758100002302000 0.573549151 0.579191921 0.611947570 -0.503960031
402303 2303.000000 17758100002303000 0.572531521 0.579634592 0.590103958 -0.535898347
402304 2304.000000 17758100002304000 0.571495295 0.580530171 0.574106563 -0.525206870
402305 2305.000000 17758100002305000 0.570440412 0.580985859 0.554874973 -0.494512744
402306 2306.000000 17758100002306000 0.569366932 0.581636223 0.537067413 -0.495781688
402307 2307.000000 17758100002307000 0.568274915 0.582090402 0.509580779 -0.527049217
402308 2308.000000 17758100002308000 0.567164481 0.582606325 0.493958468 -0.536780760
402309 2309.000000 17758100002309000 0.566035569 0.582900486 0.477027415 -0.481093380
402310 2310.000000 17758100002310000 0.564888239 0.583453227 0.458644543 -0.534287472
402311 2311.000000 17758100002311000 0.563722551 0.583771550 0.444270782 -0.518541957
402312 2312.000000 17758100002312000 0.562538624 0.584315763 0.422183948 -0.544939638
402313 2313.000000 17758100002313000 0.561336398 0.585036496 0.398201962 -0.526749489
402314 2314.000000 17758100002314000 0.560115933 0.584842351 0.386895868 -0.515342080
402315 2315.000000 17758100002315000 0.558877289 0.585681079 0.363154735 -0.518890856
402316 2316.000000 17758100002316000 0.557620585 0.585876224 0.343243599 -0.524672382
402317 2317.000000 17758100002317000 0.556345820 0.585848214 0.319135575 -0.552051816
402318 2318.000000 17758100002318000 0.555052996 0.586378334 0.315395322 -0.496848634
402319 2319.000000 17758100002319000 0.553742230 0.586695480 0.282370553 -0.514221275
402320 2320.000000 17758100002320000 0.552413523 0.586856318 0.269646493 -0.533603590
402321 2321.000000 17758100002321000 0.551066995 0.587575175 0.249323002 -0.533311981
402322 2322.000000 17758100002322000 0.549702644 0.587163849 0.229298703 -0.506562694
402323 2323.000000 17758100002323000 0.548320532 0.587972802 0.210146175 -0.527343995
402324 2324.000000 17758100002324000 0.546920717 0.588110772 0.191100303 -0.511305844
402325 2325.000000 17758100002325000 0.545503259 0.587866712 0.172567140 -0.513343029
402326 2326.000000 17758100002326000 0.544068217 0.588555644 0.153605281 -0.520565727
402327 2327.000000 17758100002327000 0.542615652 0.588289445 0.127666604 -0.552503268
402328 2328.000000 17758100002328000 0.541145623 0.588750592 0.111813133 -0.529323449
402329 2329.000000 17758100002329000 0.539658129 0.588622505 0.090410291 -0.547333857
402330 2330.000000 17758100002330000 0.538153350 0.588371959 0.081838701 -0.552246603
402331 2331.000000 17758100002331000 0.536631227 0.588924534 0.057880282 -0.543985860
402332 2332.000000 17758100002332000 0.535091877 0.588690173 0.036256991 -0.556334882
402333 2333.000000 17758100002333000 0.533535361 0.588530157 0.019114304 -0.535556973
402334 2334.000000 17758100002334000 0.531961679 0.588379820 0.007858146 -0.540222225
402335 2335.000000 17758100002335000 0.530371010 0.588451571 -0.020972570 -0.533466160
402336 2336.000000 17758100002336000 0.528763354 0.588646302 -0.034897069 -0.542949953
402337 2337.000000 17758100002337000 0.527138710 0.588575162 -0.055238380 -0.537572011
402338 2338.000000 17758100002338000 0.525497258 0.588776976 -0.082709222 -0.535260616
402339 2339.000000 17758100002339000 0.523838997 0.588219773 -0.095197985 -0.575589984
402340 2340.000000 17758100002340000 0.522163987 0.588527848 -0.109980291 -0.537159920
402341 2341.000000 17758100002341000 0.520472288 0.588331552 -0.126147303 -0.595549616
402342 2342.000000 17758100002342000 0.518764019 0.587896291 -0.156238702 -0.519329616
402343 2343.000000 17758100002343000 0.517039239 0.587652298 -0.169461953 -0.525627826
402344 2344.000000 17758100002344000 0.515297949 0.587757137 -0.202470176 -0.553874454
402345 2345.000000 17758100002345000 0.513540268 0.586990273 -0.208346499 -0.552451284
402346 2346.000000 17758100002346000 0.511766315 0.586971364 -0.225521899 -0.561236378
402347 2347.000000 17758100002347000 0.509976029 0.586961269 -0.252406135 -0.525227903
402348 2348.000000 17758100002348000 0.508169651 0.586746193 -0.269640957 -0.549532243
402349 2349.000000 17758100002349000 0.506347060 0.586242833 -0.277214976 -0.557553450
402350 2350.000000 17758100002350000 0.504508495 0.586581799 -0.302545316 -0.556364833
402351 2351.000000 17758100002351000 0.502653956 0.585621643 -0.323077215 -0.556702172
402352 2352.000000 17758100002352000 0.500783503 0.585355497 -0.346383657 -0.523112360
402353 2353.000000 17758100002353000 0.498897225 0.584972794 -0.379342766 -0.530020339
402354 2354.000000 17758100002354000 0.496995211 0.584828545 -0.390203694 -0.582470477
402355 2355.000000 17758100002355000 0.495077521 0.584330317 -0.414627605 -0.562810885
402356 2356.000000 17758100002356000 0.493144214 0.583886009 -0.419945758 -0.529219375
402357 2357.000000 17758100002357000 0.491195410 0.583396679 -0.444918387 -0.584314795
402358 2358.000000 17758100002358000 0.489231139 0.582939045 -0.457916072 -0.535986004
402359 2359.000000 17758100002359000 0.487251520 0.582551202 -0.485305311 -0.537132164
402360 2360.000000 17758100002360000 0.485256612 0.581940021 -0.491012382 -0.551050174
402361 2361.000000 17758100002361000 0.483246505 0.581596450 -0.508013131 -0.535879736
402362 2362.000000 17758100002362000 0.481221259 0.580935517 -0.530819388 -0.552300799
402363 2363.000000 17758100002363000 0.479180962 0.580523127 -0.556056264 -0.564850988
402364 2364.000000 17758100002364000 0.477125704 0.579938283 -0.552567554 -0.575374693
402365 2365.000000 17758100002365000 0.475055546 0.579118880 -0.600114091 -0.566430680
402366 2366.000000 17758100002366000 0.472970575 0.578439924 -0.605268348 -0.560992842
402367 2367.000000 17758100002367000 0.470870882 0.577783977 -0.635391539 -0.562373200
402368 2368.000000 17758100002368000 0.468756557 0.577685758 -0.646323985 -0.533892725
402369 2369.000000 17758100002369000 0.466627687 0.576512186 -0.679527533 -0.562758694
402370 2370.000000 17758100002370000 0.464484304 0.575849520 -0.694146924 -0.564137872
402371 2371.000000 17758100002371000 0.462326556 0.575057232 -0.712633991 -0.556140133
402372 2372.000000 17758100002372000 0.460154504 0.574510714 -0.721658822 -0.548782338
402373 2373.000000 17758100002373000 0.457968235 0.573307149 -0.741916230 -0.555453448
402374 2374.000000 17758100002374000 0.455767840 0.572755441 -0.758266108 -0.549106572
402375 2375.000000 17758100002375000 0.453553379 0.572222973 -0.777544331 -0.514308885
402376 2376.000000 17758100002376000 0.451324999 0.571310100 -0.798932915 -0.531109438
402377 2377.000000 17758100002377000 0.449082702 0.570293080 -0.816481321 -0.560511067
402378 2378.000000 17758100002378000 0.446826667 0.569698807 -0.832931037 -0.574453811
402379 2379.000000 17758100002379000 0.444556892 0.568960907 -0.853455371 -0.497780844
402380 2380.000000 17758100002380000 0.442273557 0.567896348 -0.873097521 -0.577969243
402381 2381.000000 17758100002381000 0.439976692 0.567130672 -0.885054493 -0.541666407
402382 2382.000000 17758100002382000 0.437666416 0.565840250 -0.910514407 -0.561525751
402383 2383.000000 17758100002383000 0.435342789 0.565485585 -0.928008536 -0.522786327
402384 2384.000000 17758100002384000 0.433005929 0.564060039 -0.943314522 -0.517830518
402385 2385.000000 17758100002385000 0.430655926 0.563502342 -0.974322128 -0.534653100
402386 2386.000000 17758100002386000 0.428292871 0.562285169 -0.984750269 -0.518611180
402387 2387.000000 17758100002387000 0.425916851 0.561262959 -1.013235557 -0.549899623
402388 2388.000000 17758100002388000 0.423527986 0.560304142 -1.021270264 -0.568568455
402389 2389.000000 17758100002389000 0.421126336 0.559087987 -1.042773639 -0.580692763
402390 2390.000000 17758100002390000 0.418711990 0.557892425 -1.061776559 -0.524824473
402391 2391.000000 17758100002391000 0.416285068 0.557507708 -1.066188447 -0.531116580
402392 2392.000000 17758100002392000 0.413845688 0.556295135 -1.086950097 -0.532100399
402393 2393.000000 17758100002393000 0.411393881 0.554548826 -1.107370711 -0.529656189
402394 2394.000000 17758100002394000 0.408929795 0.553835068 -1.134536253 -0.539613042
402395 2395.000000 17758100002395000 0.406453520 0.552722458 -1.149880423 -0.532680306
402396 2396.000000 17758100002396000 0.403965145 0.551347718 -1.168390878 -0.487682197
402397 2397.000000 17758100002397000 0.401464760 0.550490919 -1.181121950 -0.511993200
402398 2398.000000 17758100002398000 0.398952484 0.549215168 -1.195495218 -0.542067698
402399 2399.000000 17758100002399000 0.396428406 0.547511465 -1.222469908 -0.532289100
402400 2400.000000 17758100002400000 0.393892616 0.546670925 -1.233647394 -0.499866484
402401 2401.000000 17758100002401000 0.391345233 0.545285105 -1.250645995 -0.535598993
402402 2402.000000 17758100002402000 0.388786346 0.544011957 -1.274017560 -0.498204721
402403 2403.000000 17758100002403000 0.386216074 0.542915927 -1.285311605 -0.540448571
402404 2404.000000 17758100002404000 0.383634478 0.541678745 -1.307100113 -0.516730968
402405 2405.000000 17758100002405000 0.381041676 0.540536251 -1.323971100 -0.497610787
402406 2406.000000 17758100002406000 0.378437817 0.538700080 -1.346038156 -0.510037668
402407 2407.000000 17758100002407000 0.375822932 0.537477420 -1.364859330 -0.513591133
402408 2408.000000 17758100002408000 0.373197168 0.536277373 -1.374262628 -0.528394051
402409 2409.000000 17758100002409000 0.370560616 0.534881047 -1.392398267 -0.511315885
402410 2410.000000 17758100002410000 0.367913395 0.533387226 -1.412638164 -0.498597776
402411 2411.000000 17758100002411000 0.365255594 0.531936622 -1.426886172 -0.510989883
402412 2412.000000 17758100002412000 0.362587303 0.530640072 -1.447739134 -0.544862554
402413 2413.000000 17758100002413000 0.359908670 0.528853747 -1.458025186 -0.517950722
402414 2414.000000 17758100002414000 0.357219756 0.527562698 -1.473873789 -0.509395404
402415 2415.000000 17758100002415000 0.354520708 0.525827071 -1.492300045 -0.569378815
402416 2416.000000 17758100002416000 0.351811588 0.524550590 -1.505139518 -0.485351847
402417 2417.000000 17758100002417000 0.349092543 0.523270081 -1.522401151 -0.512652190
402418 2418.000000 17758100002418000 0.346363664 0.521896122 -1.537692863 -0.527055196
402419 2419.000000 17758100002419000 0.343625069 0.519701749 -1.563895000 -0.547890258
402420 2420.000000 17758100002420000 0.340876848 0.518064936 -1.575314254 -0.503047305
402421 2421.000000 17758100002421000 0.338119090 0.516737166 -1.596663360 -0.468016202
402422 2422.000000 17758100002422000 0.335351974 0.514970581 -1.609305632 -0.507874819
402423 2423.000000 17758100002423000 0.332575530 0.513409814 -1.632774041 -0.543707899
402424 2424.000000 17758100002424000 0.329789937 0.511801946 -1.650347593 -0.493887473
402425 2425.000000 17758100002425000 0.326995254 0.510206136 -1.661049879 -0.499990163
402426 2426.000000 17758100002426000 0.324191600 0.508203939 -1.673671894 -0.490723077
402427 2427.000000 17758100002427000 0.321379125 0.507028536 -1.697656981 -0.476629945
402428 2428.000000 17758100002428000 0.318557888 0.505118250 -1.709091927 -0.489311652
402429 2429.000000 17758100002429000 0.315728009 0.503107816 -1.723832010 -0.513003930
402430 2430.000000 17758100002430000 0.312889636 0.501734495 -1.745180076 -0.470189523
402431 2431.000000 17758100002431000 0.310042858 0.499958525 -1.763894056 -0.469829146
402432 2432.000000 17758100002432000 0.307187796 0.498010143 -1.767397522 -0.495618185
402433 2433.000000 17758100002433000 0.304324538 0.496196930 -1.789701875 -0.487272504
402434 2434.000000 17758100002434000 0.301453203 0.494431774 -1.814021014 -0.454892113
402435 2435.000000 17758100002435000 0.298573941 0.492804274 -1.814742690 -0.455006066
402436 2436.000000 17758100002436000 0.295686841 0.490998373 -1.850069662 -0.515848642
402437 2437.000000 17758100002437000 0.292791992 0.488843962 -1.856456580 -0.436671184
402438 2438.000000 17758100002438000 0.289889544 0.487160628 -1.860697537 -0.480471025
402439 2439.000000 17758100002439000 0.286979616 0.485173858 -1.882344063 -0.494133106
402440 2440.000000 17758100002440000 0.284062266 0.483325054 -1.894620381 -0.493524014
402441 2441.000000 17758100002441000 0.281137675 0.481651087 -1.907310973 -0.443415089
402442 2442.000000 17758100002442000 0.278205931 0.479584311 -1.931056726 -0.452241979
402443 2443.000000 17758100002443000 0.275267154 0.477374047 -1.940740442 -0.464164220
402444 2444.000000 17758100002444000 0.272321463 0.475619764 -1.959863463 -0.444780653
402445 2445.000000 17758100002445000 0.269368947 0.473565803 -1.975980709 -0.459256803
402446 2446.000000 17758100002446000 0.266409785 0.471507468 -1.984986436 -0.427692765
402447 2447.000000 17758100002447000 0.263444006 0.469882727 -1.997083145 -0.467856400
402448 2448.000000 17758100002448000 0.260471791 0.467165697 -2.012186244 -0.456856261
402449 2449.000000 17758100002449000 0.257493258 0.465393824 -2.036713534 -0.474388672
402450 2450.000000 17758100002450000 0.254508495 0.463376401 -2.047594819 -0.464525090
402451 2451.000000 17758100002451000 0.251517624 0.461806137 -2.068870785 -0.460223937
402452 2452.000000 17758100002452000 0.248520792 0.459308912 -2.075119027 -0.447494633
402453 2453.000000 17758100002453000 0.245518088 0.457509971 -2.088367560 -0.454193845
402454 2454.000000 17758100002454000 0.242509633 0.455347862 -2.105343714 -0.416026236
402455 2455.000000 17758100002455000 0.239495546 0.453381935 -2.115473574 -0.461948568
402456 2456.000000 17758100002456000 0.236475974 0.451208637 -2.132087327 -0.474099306
402457 2457.000000 17758100002457000 0.233450994 0.448526747 -2.142063289 -0.418316371
402458 2458.000000 17758100002458000 0.230420753 0.446491714 -2.159908885 -0.467653123
402459 2459.000000 17758100002459000 0.227385357 0.444635403 -2.177141853 -0.403179176
402460 2460.000000 17758100002460000 0.224344939 0.442352874 -2.179707847 -0.477511888
402461 2461.000000 17758100002461000 0.221299618 0.440135085 -2.193419057 -0.387879359
402462 2462.000000 17758100002462000 0.218249500 0.437974975 -2.204716247 -0.457859595
402463 2463.000000 17758100002463000 0.215194717 0.435910535 -2.223769595 -0.437652514
402464 2464.000000 17758100002464000 0.212135375 0.433269058 -2.243462788 -0.414611978
402465 2465.000000 17758100002465000 0.209071621 0.431251294 -2.243462766 -0.428846447
402466 2466.000000 17758100002466000 0.206003562 0.428791196 -2.272296681 -0.401145421
402467 2467.000000 17758100002467000 0.202931300 0.426854346 -2.281099871 -0.432148009
402468 2468.000000 17758100002468000 0.199854985 0.424273291 -2.288831628 -0.423078884
402469 2469.000000 17758100002469000 0.196774736 0.422057046 -2.312936674 -0.386428229
402470 2470.000000 17758100002470000 0.193690658 0.419637796 -2.317856810 -0.409138502
402471 2471.000000 17758100002471000 0.190602884 0.417578741 -2.330438222 -0.434251250
402472 2472.000000 17758100002472000 0.187511533 0.415010367 -2.338175641 -0.372641616
402473 2473.000000 17758100002473000 0.184416726 0.412757882 -2.348512401 -0.416072640
402474 2474.000000 17758100002474000 0.181318581 0.410273910 -2.360679592 -0.390194520
402475 2475.000000 17758100002475000 0.178217232 0.408117381 -2.388641085 -0.386006233
402476 2476.000000 17758100002476000 0.175112799 0.405381919 -2.402231838 -0.385583028
402477 2477.000000 17758100002477000 0.172005385 0.403425703 -2.402392122 -0.383994385
402478 2478.000000 17758100002478000 0.168895140 0.401000573 -2.415244664 -0.399314599
402479 2479.000000 17758100002479000 0.165782183 0.398104363 -2.429119503 -0.393983981
402480 2480.000000 17758100002480000 0.162666619 0.395926260 -2.441127494 -0.384236042
402481 2481.000000 17758100002481000 0.159548581 0.393236838 -2.457749505 -0.356464530
402482 2482.000000 17758100002482000 0.156428188 0.390958738 -2.462763608 -0.390270446
402483 2483.000000 17758100002483000 0.153305575 0.388623003 -2.467376451 -0.407119932
402484 2484.000000 17758100002484000 0.150180861 0.385743201 -2.483105777 -0.364473934
402485 2485.000000 17758100002485000 0.147054151 0.383425721 -2.498678351 -0.333773914
402486 2486.000000 17758100002486000 0.143925592 0.380927073 -2.508796662 -0.392529521
402487 2487.000000 17758100002487000 0.140795305 0.378532961 -2.521006901 -0.368031314
402488 2488.000000 17758100002488000 0.137663409 0.376184648 -2.529335866 -0.340219025
402489 2489.000000 17758100002489000 0.134530008 0.373210642 -2.534781479 -0.370526230
402490 2490.000000 17758100002490000 0.131395265 0.370837415 -2.547503760 -0.369136338
402491 2491.000000 17758100002491000 0.128259271 0.368047258 -2.559637792 -0.367363632
402492 2492.000000 17758100002492000 0.125122160 0.365769946 -2.570455954 -0.382314387
402493 2493.000000 17758100002493000 0.121984057 0.362977118 -2.575672947 -0.358965661
402494 2494.000000 17758100002494000 0.118845090 0.360476142 -2.594011563 -0.347381882
402495 2495.000000 17758100002495000 0.115705378 0.357900948 -2.604533321 -0.360018446
402496 2496.000000 17758100002496000 0.112565048 0.355062734 -2.611845662 -0.335790460
402497 2497.000000 17758100002497000 0.109424219 0.352540311 -2.622731419 -0.343758243
402498 2498.000000 17758100002498000 0.106283017 0.350173307 -2.633494315 -0.362266819
402499 2499.000000 17758100002499000 0.103141569 0.347196280 -2.651928336 -0.317142709
402500 2500.000000 17758100002500000 0.100000001 0.345016700 -2.647479343 -0.343703005
402501 2501.000000 17758100002501000 0.096858427 0.342101095 -2.654302482 -0.324564236
402502 2502.000000 17758100002502000 0.093716979 0.339147144 -2.679050941 -0.337348172
402503 2503.000000 17758100002503000 0.090575777 0.336773304 -2.678331006 -0.278465336
402504 2504.000000 17758100002504000 0.087434955 0.333557951 -2.696651053 -0.334124658
402505 2505.000000 17758100002505000 0.084294617 0.331360570 -2.703526882 -0.334695041
402506 2506.000000 17758100002506000 0.081154905 0.328559292 -2.709984436 -0.354501293
402507 2507.000000 17758100002507000 0.078015938 0.325787768 -2.719448549 -0.358833532
402508 2508.000000 17758100002508000 0.074877843 0.323307024 -2.725447422 -0.289271486
402509 2509.000000 17758100002509000 0.071740732 0.320518483 -2.735337662 -0.317855963
402510 2510.000000 17758100002510000 0.068604738 0.317614402 -2.739801580 -0.298944943
402511 2511.000000 17758100002511000 0.065469988 0.315063959 -2.754534977 -0.300670036
402512 2512.000000 17758100002512000 0.062336598 0.312354561 -2.763485169 -0.269953920
402513 2513.000000 17758100002513000 0.059204694 0.309577822 -2.774983950 -0.286523558
402514 2514.000000 17758100002514000 0.056074403 0.306462775 -2.785118629 -0.306460821
402515 2515.000000 17758100002515000 0.052945845 0.303851693 -2.787306240 -0.300482275
402516 2516.000000 17758100002516000 0.049819142 0.301076937 -2.798106716 -0.288124585
402517 2517.000000 17758100002517000 0.046694424 0.298238198 -2.804807009 -0.290162225
402518 2518.000000 17758100002518000 0.043571807 0.295307211 -2.815948512 -0.272918410
402519 2519.000000 17758100002519000 0.040451419 0.292371474 -2.819302751 -0.305937526
402520 2520.000000 17758100002520000 0.037333384 0.289673452 -2.829645859 -0.276859860
402521 2521.000000 17758100002521000 0.034217820 0.286841152 -2.831898383 -0.294272905
402522 2522.000000 17758100002522000 0.031104855 0.283939798 -2.847092535 -0.271395763
402523 2523.000000 17758100002523000 0.027994609 0.281186603 -2.845059198 -0.306658951
402524 2524.000000 17758100002524000 0.024887206 0.278320929 -2.847460062 -0.303979768
402525 2525.000000 17758100002525000 0.021782767 0.275646360 -2.855122175 -0.260081074
402526 2526.000000 17758100002526000 0.018681418 0.272780209 -2.859025763 -0.243707101
402527 2527.000000 17758100002527000 0.015583278 0.269907304 -2.880460624 -0.256209513
402528 2528.000000 17758100002528000 0.012488470 0.266850818 -2.879552825 -0.223879362
402529 2529.000000 17758100002529000 0.009397118 0.264023469 -2.889909227 -0.238033077
402530 2530.000000 17758100002530000 0.006309343 0.261124377 -2.902343640 -0.271992015
402531 2531.000000 17758100002531000 0.003225266 0.258742774 -2.896563243 -0.248652002
402532 2532.000000 17758100002532000 0.000145010 0.255321982 -2.911098094 -0.277128261
402533 2533.000000 17758100002533000 -0.002931304 0.252264098 -2.923684030 -0.241941719
402534 2534.000000 17758100002534000 -0.006003555 0.249579786 -2.923414820 -0.232654817
402535 2535.000000 17758100002535000 -0.009071621 0.246783578 -2.918724968 -0.230244930
402536 2536.000000 17758100002536000 -0.012135381 0.243680344 -2.931314511 -0.207746283
402537 2537.000000 17758100002537000 -0.015194713 0.240349259 -2.943483179 -0.245763767
402538 2538.000000 17758100002538000 -0.018249499 0.237786453 -2.934411094 -0.217868642
402539 2539.000000 17758100002539000 -0.021299616 0.234892517 -2.949837924 -0.183642692
402540 2540.000000 17758100002540000 -0.024344943 0.232108248 -2.950292627 -0.190649941
402541 2541.000000 17758100002541000 -0.027385363 0.228865475 -2.958089755 -0.247886053
402542 2542.000000 17758100002542000 -0.030420752 0.226087708 -2.968940181 -0.194508096
402543 2543.000000 17758100002543000 -0.033450995 0.223107595 -2.970220036 -0.153643338
402544 2544.000000 17758100002544000 -0.036475968 0.219672963 -2.975497384 -0.193569303
402545 2545.000000 17758100002545000 -0.039495554 0.217017780 -2.978120044 -0.173294990
402546 2546.000000 17758100002546000 -0.042509630 0.213951001 -2.986172934 -0.200218106
402547 2547.000000 17758100002547000 -0.045518082 0.210808863 -2.997217418 -0.227531198
402548 2548.000000 17758100002548000 -0.048520792 0.207852354 -2.991789857 -0.193271914
402549 2549.000000 17758100002549000 -0.051517636 0.204944135 -3.002058196 -0.163022677
402550 2550.000000 17758100002550000 -0.054508496 0.202173787 -2.998129842 -0.195304183
402551 2551.000000 17758100002551000 -0.057493258 0.198691472 -3.011591116 -0.207174625
402552 2552.000000 17758100002552000 -0.060471807 0.195605598 -3.014897700 -0.178761178
402553 2553.000000 17758100002553000 -0.063444018 0.192775973 -3.014960266 -0.180322602
402554 2554.000000 17758100002554000 -0.066409774 0.190292678 -3.016812710 -0.165807940
402555 2555.000000 17758100002555000 -0.069368958 0.187128779 -3.018318386 -0.178566880
402556 2556.000000 17758100002556000 -0.072321460 0.183839195 -3.028523616 -0.167253175
402557 2557.000000 17758100002557000 -0.075267158 0.181203104 -3.032338223 -0.173695977
402558 2558.000000 17758100002558000 -0.078205936 0.178103288 -3.028016938 -0.145423720
402559 2559.000000 17758100002559000 -0.081137687 0.175023517 -3.029732608 -0.157356962
402560 2560.000000 17758100002560000 -0.084062278 0.171881763 -3.042343191 -0.166922708
402561 2561.000000 17758100002561000 -0.086979605 0.168921921 -3.043134584 -0.140456195
402562 2562.000000 17758100002562000 -0.089889549 0.166128199 -3.039301089 -0.156486412
402563 2563.000000 17758100002563000 -0.092791997 0.162769465 -3.047885973 -0.166876299
402564 2564.000000 17758100002564000 -0.095686831 0.159448170 -3.043704267 -0.121092785
402565 2565.000000 17758100002565000 -0.098573945 0.156718590 -3.046433604 -0.115500257
402566 2566.000000 17758100002566000 -0.101453215 0.153814683 -3.053143485 -0.154949076
402567 2567.000000 17758100002567000 -0.104324535 0.150378238 -3.058240197 -0.116143472
402568 2568.000000 17758100002568000 -0.107187793 0.147451480 -3.044933250 -0.144818124
402569 2569.000000 17758100002569000 -0.110042863 0.144658765 -3.060072526 -0.167037637
402570 2570.000000 17758100002570000 -0.112889647 0.141440000 -3.047881506 -0.107161860
402571 2571.000000 17758100002571000 -0.115728021 0.138211097 -3.063555431 -0.144042115
402572 2572.000000 17758100002572000 -0.118557885 0.135344080 -3.067263529 -0.099949556
402573 2573.000000 17758100002573000 -0.121379115 0.131916089 -3.065059077 -0.110734869
402574 2574.000000 17758100002574000 -0.124191605 0.128686331 -3.070322612 -0.122441834
402575 2575.000000 17758100002575000 -0.126995251 0.125977309 -3.066105720 -0.128849024
402576 2576.000000 17758100002576000 -0.129789934 0.122783285 -3.061064837 -0.106832675
402577 2577.000000 17758100002577000 -0.132575542 0.119699042 -3.072119706 -0.096464422
402578 2578.000000 17758100002578000 -0.135351971 0.116988521 -3.070832814 -0.090768905
402579 2579.000000 17758100002579000 -0.138119102 0.113488224 -3.067605675 -0.079447502
402580 2580.000000 17758100002580000 -0.140876830 0.110770665 -3.070868400 -0.099801829
402581 2581.000000 17758100002581000 -0.143625066 0.107728387 -3.076890137 -0.058108384
402582 2582.000000 17758100002582000 -0.146363676 0.104416217 -3.072313371 -0.072491852
402583 2583.000000 17758100002583000 -0.149092555 0.101774285 -3.069293127 -0.079246815
402584 2584.000000 17758100002584000 -0.151811600 0.098094721 -3.068512168 -0.071520560
402585 2585.000000 17758100002585000 -0.154520705 0.095503171 -3.073199164 -0.069567487
402586 2586.000000 17758100002586000 -0.157219768 0.091864416 -3.071568034 -0.064713298
402587 2587.000000 17758100002587000 -0.159908667 0.088863720 -3.070893762 -0.052079168
402588 2588.000000 17758100002588000 -0.162587315 0.085974135 -3.073184096 -0.064574208
402589 2589.000000 17758100002589000 -0.165255591 0.082977303 -3.058914364 -0.046087174
402590 2590.000000 17758100002590000 -0.167913392 0.079967406 -3.073467276 -0.067051132
402591 2591.000000 17758100002591000 -0.170560628 0.077048392 -3.064363398 -0.043709924
402592 2592.000000 17758100002592000 -0.173197180 0.073642639 -3.070205192 -0.050605453
402593 2593.000000 17758100002593000 -0.175822929 0.070808418 -3.060221558 -0.075301887
402594 2594.000000 17758100002594000 -0.178437814 0.068005630 -3.059254168 -0.029332921
402595 2595.000000 17758100002595000 -0.181041688 0.064989533 -3.066240741 -0.027766186
402596 2596.000000 17758100002596000 -0.183634475 0.061545187 -3.061056004 -0.014839852
402597 2597.000000 17758100002597000 -0.186216056 0.058525617 -3.057170241 -0.042258487
402598 2598.000000 17758100002598000 -0.188786358 0.055184692 -3.060436862 -0.054307283
402599 2599.000000 17758100002599000 -0.191345245 0.052389032 -3.055688565 -0.004601615
402600 2600.000000 17758100002600000 -0.193892628 0.049203397 -3.058625337 -0.007917382
402601 2601.000000 17758100002601000 -0.196428403 0.046522770 -3.053409364 -0.004485795
402602 2602.000000 17758100002602000 -0.198952496 0.043257014 -3.047241001 -0.013238386
402603 2603.000000 17758100002603000 -0.201464772 0.040312326 -3.044269630 0.012479914
402604 2604.000000 17758100002604000 -0.203965142 0.037154358 -3.047262417 -0.014528140
402605 2605.000000 17758100002605000 -0.206453532 0.033962814 -3.050839127 -0.021024145
402606 2606.000000 17758100002606000 -0.208929807 0.030956004 -3.042403358 -0.026293819
402607 2607.000000 17758100002607000 -0.211393893 0.028075980 -3.036237685 0.009064984
402608 2608.000000 17758100002608000 -0.213845685 0.025064776 -3.035887606 -0.002652554
402609 2609.000000 17758100002609000 -0.216285080 0.021814077 -3.028680921 -0.004556102
402610 2610.000000 17758100002610000 -0.218712002 0.018794580 -3.038150738 0.002419832
402611 2611.000000 17758100002611000 -0.221126333 0.016232393 -3.031659938 0.037587036
402612 2612.000000 17758100002612000 -0.223527983 0.012908245 -3.024006639 0.005426850
402613 2613.000000 17758100002613000 -0.225916862 0.009836558 -3.020877705 0.053190712
402614 2614.000000 17758100002614000 -0.228292882 0.007150207 -3.020236631 0.026702816
402615 2615.000000 17758100002615000 -0.230655938 0.003974551 -3.020030228 0.037371662
402616 2616.000000 17758100002616000 -0.233005941 0.000719715 -3.013413628 0.014516795
402617 2617.000000 17758100002617000 -0.235342786 -0.002280719 -3.006477872 0.011986974
402618 2618.000000 17758100002618000 -0.237666398 -0.005092990 -3.004572295 0.038187174
402619 2619.000000 17758100002619000 -0.239976689 -0.008078410 -2.997920937 0.063729145
402620 2620.000000 17758100002620000 -0.242273554 -0.011321203 -2.977417857 0.050947101
402621 2621.000000 17758100002621000 -0.244556904 -0.014296803 -2.996134632 0.025193275
402622 2622.000000 17758100002622000 -0.246826649 -0.017163130 -2.990712471 0.080299950
402623 2623.000000 17758100002623000 -0.249082714 -0.020567556 -2.974564756 0.053695005
402624 2624.000000 17758100002624000 -0.251324981 -0.023253595 -2.979177466 0.036889326
402625 2625.000000 17758100002625000 -0.253553391 -0.026486666 -2.966639241 0.062529816
402626 2626.000000 17758100002626000 -0.255767852 -0.029059278 -2.965135696 0.058226966
402627 2627.000000 17758100002627000 -0.257968247 -0.031943880 -2.959357705 0.070004309
402628 2628.000000 17758100002628000 -0.260154516 -0.034947620 -2.955447192 0.083890152
402629 2629.000000 17758100002629000 -0.262326568 -0.038090930 -2.956551166 0.057146257
402630 2630.000000 17758100002630000 -0.264484316 -0.040935937 -2.950524973 0.080018153
402631 2631.000000 17758100002631000 -0.266627669 -0.043491743 -2.940402650 0.072977188
402632 2632.000000 17758100002632000 -0.268756568 -0.046376622 -2.929420175 0.099307440
402633 2633.000000 17758100002633000 -0.270870894 -0.049675088 -2.916134366 0.103840696
402634 2634.000000 17758100002634000 -0.272970587 -0.052803436 -2.917075330 0.073658851
402635 2635.000000 17758100002635000 -0.275055528 -0.055471401 -2.913663139 0.085520756
402636 2636.000000 17758100002636000 -0.277125686 -0.058278701 -2.907071477 0.145601634
402637 2637.000000 17758100002637000 -0.279180944 -0.061324827 -2.902240359 0.095816864
402638 2638.000000 17758100002638000 -0.281221241 -0.064368509 -2.907145549 0.128740078
402639 2639.000000 17758100002639000 -0.283246517 -0.067377584 -2.889728475 0.138481699
402640 2640.000000 17758100002640000 -0.285256624 -0.069886840 -2.886140072 0.096993430
402641 2641.000000 17758100002641000 -0.287251532 -0.072702948 -2.878638616 0.128567301
402642 2642.000000 17758100002642000 -0.289231151 -0.075553185 -2.877654060 0.135458835
402643 2643.000000 17758100002643000 -0.291195393 -0.078501678 -2.858971745 0.123698495
402644 2644.000000 17758100002644000 -0.293144226 -0.081438141 -2.850200877 0.130827097
402645 2645.000000 17758100002645000 -0.295077503 -0.084244823 -2.839270689 0.137043338
402646 2646.000000 17758100002646000 -0.296995193 -0.086831456 -2.837351266 0.122894540
402647 2647.000000 17758100002647000 -0.298897207 -0.089894353 -2.833106252 0.126566627
402648 2648.000000 17758100002648000 -0.300783485 -0.092832989 -2.822653129 0.118255445
402649 2649.000000 17758100002649000 -0.302653939 -0.095681173 -2.819182798 0.141417735
402650 2650.000000 17758100002650000 -0.304508507 -0.098655265 -2.811328282 0.140552211
402651 2651.000000 17758100002651000 -0.306347072 -0.101671779 -2.804551162 0.145168099
402652 2652.000000 17758100002652000 -0.308169633 -0.104039899 -2.798482657 0.129148556
402653 2653.000000 17758100002653000 -0.309976041 -0.107055280 -2.781087463 0.142910937
402654 2654.000000 17758100002654000 -0.311766297 -0.109632260 -2.776855173 0.166511360
402655 2655.000000 17758100002655000 -0.313540280 -0.112160505 -2.773706362 0.132753387
402656 2656.000000 17758100002656000 -0.315297961 -0.115121090 -2.758137121 0.212158632
402657 2657.000000 17758100002657000 -0.317039222 -0.117908054 -2.749709300 0.172674535
402658 2658.000000 17758100002658000 -0.318764031 -0.120523332 -2.741235320 0.196353750
402659 2659.000000 17758100002659000 -0.320472300 -0.122975176 -2.736636491 0.189801169
402660 2660.000000 17758100002660000 -0.322163969 -0.126235430 -2.731613571 0.200107396
402661 2661.000000 17758100002661000 -0.323838979 -0.128981479 -2.723473368 0.190297888
402662 2662.000000 17758100002662000 -0.325497240 -0.131627777 -2.710455067 0.190954657
402663 2663.000000 17758100002663000 -0.327138722 -0.134270345 -2.700547868 0.176275769
402664 2664.000000 17758100002664000 -0.328763336 -0.136891765 -2.683095872 0.227491068
402665 2665.000000 17758100002665000 -0.330371022 -0.139566209 -2.680196123 0.182954063
402666 2666.000000 17758100002666000 -0.331961721 -0.142654222 -2.675153570 0.180156029
402667 2667.000000 17758100002667000 -0.333535343 -0.144890421 -2.665456097 0.214598639
402668 2668.000000 17758100002668000 -0.335091889 -0.147491715 -2.651225829 0.218569581
402669 2669.000000 17758100002669000 -0.336631238 -0.150116356 -2.641323229 0.223163782
402670 2670.000000 17758100002670000 -0.338153332 -0.152994031 -2.635089234 0.212184602
402671 2671.000000 17758100002671000 -0.339658141 -0.155676201 -2.628495676 0.198644026
402672 2672.000000 17758100002672000 -0.341145605 -0.158376550 -2.610314657 0.248679476
402673 2673.000000 17758100002673000 -0.342615664 -0.160734362 -2.598366933 0.249740320
402674 2674.000000 17758100002674000 -0.344068229 -0.163270969 -2.597234937 0.236141821
402675 2675.000000 17758100002675000 -0.345503271 -0.166077760 -2.580323233 0.243084079
402676 2676.000000 17758100002676000 -0.346920699 -0.168680139 -2.571148731 0.224604709
402677 2677.000000 17758100002677000 -0.348320514 -0.171151748 -2.562279359 0.246674928
402678 2678.000000 17758100002678000 -0.349702626 -0.173723658 -2.548676705 0.239009140
402679 2679.000000 17758100002679000 -0.351066977 -0.176480519 -2.539520388 0.267723255
402680 2680.000000 17758100002680000 -0.352413535 -0.178853580 -2.530316850 0.238580797
402681 2681.000000 17758100002681000 -0.353742212 -0.181158456 -2.524656919 0.265947635
402682 2682.000000 17758100002682000 -0.355052978 -0.183503595 -2.503481914 0.252999340
402683 2683.000000 17758100002683000 -0.356345803 -0.186256713 -2.504059915 0.281993083
402684 2684.000000 17758100002684000 -0.357620597 -0.188416275 -2.480807011 0.264014271
402685 2685.000000 17758100002685000 -0.358877301 -0.191203891 -2.470897030 0.249304019
402686 2686.000000 17758100002686000 -0.360115916 -0.193718908 -2.467605569 0.249691810
402687 2687.000000 17758100002687000 -0.361336380 -0.195901788 -2.457028707 0.276554560
402688 2688.000000 17758100002688000 -0.362538606 -0.198551691 -2.434780159 0.273932433
402689 2689.000000 17758100002689000 -0.363722563 -0.200991091 -2.421589643 0.261836685
402690 2690.000000 17758100002690000 -0.364888251 -0.203766843 -2.410536456 0.297155543
402691 2691.000000 17758100002691000 -0.366035551 -0.205913761 -2.401008842 0.278680783
402692 2692.000000 17758100002692000 -0.367164463 -0.208278389 -2.394109005 0.322475495
402693 2693.000000 17758100002693000 -0.368274957 -0.210372358 -2.377502749 0.279064132
402694 2694.000000 17758100002694000 -0.369366914 -0.212851714 -2.372476561 0.292592771
402695 2695.000000 17758100002695000 -0.370440394 -0.215470179 -2.345430869 0.295107026
402696 2696.000000 17758100002696000 -0.371495277 -0.217562184 -2.336865483 0.297605976
402697 2697.000000 17758100002697000 -0.372531533 -0.220085888 -2.320008495 0.276839311
402698 2698.000000 17758100002698000 -0.373549163 -0.222119372 -2.310121408 0.281245254
402699 2699.000000 17758100002699000 -0.374548078 -0.224271276 -2.297224888 0.292215795
402700 2700.000000 17758100002700000 -0.375528246 -0.226621564 -2.284015382 0.293967359
402701 2701.000000 17758100002701000 -0.376489669 -0.228957630 -2.286029279 0.299454140
402702 2702.000000 17758100002702000 -0.377432287 -0.231243511 -2.257693104 0.314902393
402703 2703.000000 17758100002703000 -0.378356040 -0.233411215 -2.251946937 0.330703544
402704 2704.000000 17758100002704000 -0.379260898 -0.236234354 -2.239860244 0.329755424
402705 2705.000000 17758100002705000 -0.380146831 -0.237734629 -2.220191895 0.323282034
402706 2706.000000 17758100002706000 -0.381013840 -0.240109171 -2.210887921 0.356843242
402707 2707.000000 17758100002707000 -0.381861836 -0.242444771 -2.194730509 0.312431841
402708 2708.000000 17758100002708000 -0.382690817 -0.244936121 -2.183110865 0.316671677
402709 2709.000000 17758100002709000 -0.383500755 -0.246665504 -2.166866849 0.359402822
402710 2710.000000 17758100002710000 -0.384291589 -0.248624008 -2.159346124 0.361681468
402711 2711.000000 17758100002711000 -0.385063291 -0.251033112 -2.150599152 0.337654185
402712 2712.000000 17758100002712000 -0.385815859 -0.252640694 -2.130223123 0.336689935
402713 2713.000000 17758100002713000 -0.386549264 -0.254993668 -2.111735618 0.365468812
402714 2714.000000 17758100002714000 -0.387263447 -0.257683017 -2.107897560 0.361231313
402715 2715.000000 17758100002715000 -0.387958378 -0.259515458 -2.097557066 0.360959799
402716 2716.000000 17758100002716000 -0.388634056 -0.261802277 -2.077014181 0.347752970
402717 2717.000000 17758100002717000 -0.389290452 -0.263679236 -2.063730831 0.345017713
402718 2718.000000 17758100002718000 -0.389927536 -0.265679322 -2.041269993 0.348835755
402719 2719.000000 17758100002719000 -0.390545249 -0.268041392 -2.034801228 0.353572625
402720 2720.000000 17758100002720000 -0.391143620 -0.269381911 -2.020591941 0.352274073
402721 2721.000000 17758100002721000 -0.391722590 -0.272060744 -1.995015311 0.374870714
402722 2722.000000 17758100002722000 -0.392282158 -0.273601779 -1.983830493 0.339454876
402723 2723.000000 17758100002723000 -0.392822295 -0.275764942 -1.979833853 0.362893217
402724 2724.000000 17758100002724000 -0.393342972 -0.277542680 -1.963534189 0.398395754
402725 2725.000000 17758100002725000 -0.393844157 -0.279576046 -1.946577278 0.379011494
402726 2726.000000 17758100002726000 -0.394325882 -0.281752128 -1.921003684 0.387510850
402727 2727.000000 17758100002727000 -0.394788057 -0.283485614 -1.902334607 0.408219241
402728 2728.000000 17758100002728000 -0.395230711 -0.285114865 -1.898746978 0.387803050
402729 2729.000000 17758100002729000 -0.395653814 -0.287193621 -1.881284253 0.411689828
402730 2730.000000 17758100002730000 -0.396057338 -0.289301341 -1.869296150 0.382053279
402731 2731.000000 17758100002731000 -0.396441311 -0.290925299 -1.857279900 0.403468212
402732 2732.000000 17758100002732000 -0.396805644 -0.292924795 -1.840597607 0.380364179
402733 2733.000000 17758100002733000 -0.397150397 -0.294781669 -1.827830751 0.386373030
402734 2734.000000 17758100002734000 -0.397475511 -0.296678485 -1.799364335 0.410058480
402735 2735.000000 17758100002735000 -0.397780985 -0.298382954 -1.788275591 0.391539753
402736 2736.000000 17758100002736000 -0.398066819 -0.299825149 -1.786907173 0.364978947
402737 2737.000000 17758100002737000 -0.398332953 -0.301681117 -1.750628147 0.414660429
402738 2738.000000 17758100002738000 -0.398579448 -0.303784521 -1.735717799 0.432529308
402739 2739.000000 17758100002739000 -0.398806244 -0.305024712 -1.718660537 0.407822341
402740 2740.000000 17758100002740000 -0.399013370 -0.306960203 -1.710202192 0.433647426
402741 2741.000000 17758100002741000 -0.399200767 -0.308737853 -1.693436324 0.421883214
402742 2742.000000 17758100002742000 -0.399368465 -0.310308468 -1.684362687 0.407845250
402743 2743.000000 17758100002743000 -0.399516463 -0.311972905 -1.655946862 0.400378047
402744 2744.000000 17758100002744000 -0.399644732 -0.313530465 -1.639292415 0.448575285
402745 2745.000000 17758100002745000 -0.399753273 -0.315585699 -1.632134504 0.431192478
402746 2746.000000 17758100002746000 -0.399842083 -0.317075630 -1.613220487 0.411391651
402747 2747.000000 17758100002747000 -0.399911165 -0.318399999 -1.597098288 0.442721330
402748 2748.000000 17758100002748000 -0.399960518 -0.320051715 -1.577087402 0.409318350
402749 2749.000000 17758100002749000 -0.399990141 -0.321524915 -1.561318139 0.446485564
402750 2750.000000 17758100002750000 -0.400000006 -0.323120716 -1.551626406 0.434795252
402751 2751.000000 17758100002751000 -0.399990141 -0.325009668 -1.531356289 0.438827714
402752 2752.000000 17758100002752000 -0.399960518 -0.325867187 -1.508762166 0.436692119
402753 2753.000000 17758100002753000 -0.399911165 -0.327504960 -1.501386525 0.451706087
402754 2754.000000 17758100002754000 -0.399842083 -0.329145979 -1.478618204 0.463249199
402755 2755.000000 17758100002755000 -0.399753273 -0.330566043 -1.461142471 0.457539021
402756 2756.000000 17758100002756000 -0.399644732 -0.331575247 -1.452456796 0.444553407
402757 2757.000000 17758100002757000 -0.399516463 -0.333420989 -1.428218755 0.466331078
402758 2758.000000 17758100002758000 -0.399368465 -0.334665218 -1.411099460 0.466810312
402759 2759.000000 17758100002759000 -0.399200767 -0.335807845 -1.391791512 0.448101939
402760 2760.000000 17758100002760000 -0.399013370 -0.337679676 -1.367532616 0.458867224
402761 2761.000000 17758100002761000 -0.398806244 -0.338835867 -1.354826281 0.475912746
402762 2762.000000 17758100002762000 -0.398579448 -0.340183427 -1.337729081 0.455368133
402763 2763.000000 17758100002763000 -0.398332953 -0.341300533 -1.324177684 0.474765774
402764 2764.000000 17758100002764000 -0.398066819 -0.342705858 -1.300615279 0.422085425
402765 2765.000000 17758100002765000 -0.397780985 -0.344232159 -1.285884108 0.473931206
402766 2766.000000 17758100002766000 -0.397475511 -0.345702067 -1.266941122 0.467575712
402767 2767.000000 17758100002767000 -0.397150397 -0.346519602 -1.243889680 0.449495325
402768 2768.000000 17758100002768000 -0.396805644 -0.348386746 -1.231877040 0.470881027
402769 2769.000000 17758100002769000 -0.396441311 -0.348863229 -1.223974459 0.438222469
402770 2770.000000 17758100002770000 -0.396057338 -0.350270048 -1.199279891 0.522053138
402771 2771.000000 17758100002771000 -0.395653814 -0.351847723 -1.181878475 0.506776932
402772 2772.000000 17758100002772000 -0.395230711 -0.352583896 -1.176312789 0.486612881
402773 2773.000000 17758100002773000 -0.394788057 -0.354086885 -1.148310597 0.444103917
402774 2774.000000 17758100002774000 -0.394325882 -0.355185145 -1.140171953 0.469122045
402775 2775.000000 17758100002775000 -0.393844157 -0.356312322 -1.114432017 0.471654013
402776 2776.000000 17758100002776000 -0.393342972 -0.357180049 -1.089252813 0.528224415
402777 2777.000000 17758100002777000 -0.392822295 -0.358521331 -1.085536415 0.502732051
402778 2778.000000 17758100002778000 -0.392282158 -0.359780651 -1.055112083 0.465715180
402779 2779.000000 17758100002779000 -0.391722590 -0.360618867 -1.037660023 0.468077001
402780 2780.000000 17758100002780000 -0.391143620 -0.361695072 -1.020224354 0.482608548
402781 2781.000000 17758100002781000 -0.390545249 -0.362634165 -1.010288362 0.469840057
402782 2782.000000 17758100002782000 -0.389927536 -0.363623792 -0.989434311 0.488256173
402783 2783.000000 17758100002783000 -0.389290452 -0.364547039 -0.968039491 0.520110673
402784 2784.000000 17758100002784000 -0.388634056 -0.365382157 -0.950931560 0.479422788
402785 2785.000000 17758100002785000 -0.387958378 -0.366377510 -0.931337721 0.490475209
402786 2786.000000 17758100002786000 -0.387263447 -0.367214670 -0.907606891 0.481301049
402787 2787.000000 17758100002787000 -0.386549264 -0.367916741 -0.892661227 0.504630140
402788 2788.000000 17758100002788000 -0.385815859 -0.368721338 -0.881853190 0.492566408
402789 2789.000000 17758100002789000 -0.385063291 -0.369769675 -0.859386583 0.485420336
402790 2790.000000 17758100002790000 -0.384291589 -0.370649162 -0.840585256 0.502795408
402791 2791.000000 17758100002791000 -0.383500755 -0.371815613 -0.816545259 0.495437472
402792 2792.000000 17758100002792000 -0.382690817 -0.371992615 -0.806130123 0.490570336
402793 2793.000000 17758100002793000 -0.381861836 -0.373389954 -0.782335879 0.502167356
402794 2794.000000 17758100002794000 -0.381013840 -0.373882261 -0.776243419 0.489729510
402795 2795.000000 17758100002795000 -0.380146831 -0.374959751 -0.732846543 0.539316536
402796 2796.000000 17758100002796000 -0.379260898 -0.375248801 -0.733708561 0.527281671
402797 2797.000000 17758100002797000 -0.378356040 -0.376220286 -0.706494255 0.502827651
402798 2798.000000 17758100002798000 -0.377432287 -0.376744751 -0.695903313 0.500712519
402799 2799.000000 17758100002799000 -0.376489669 -0.377197619 -0.674760108 0.491812406
402800 2800.000000 17758100002800000 -0.375528246 -0.378424588 -0.646947839 0.499853511
402801 2801.000000 17758100002801000 -0.374548078 -0.379012438 -0.634893011 0.505163017
402802 2802.000000 17758100002802000 -0.373549163 -0.379408633 -0.616111844 0.526714061
402803 2803.000000 17758100002803000 -0.372531533 -0.379786030 -0.585854323 0.517272750
402804 2804.000000 17758100002804000 -0.371495277 -0.380551711 -0.576760286 0.525569311
402805 2805.000000 17758100002805000 -0.370440394 -0.381085230 -0.556631763 0.514866776
402806 2806.000000 17758100002806000 -0.369366914 -0.381759904 -0.537161334 0.549453103
402807 2807.000000 17758100002807000 -0.368274957 -0.382461869 -0.520991836 0.523059280
402808 2808.000000 17758100002808000 -0.367164463 -0.382475638 -0.499147776 0.495952419
402809 2809.000000 17758100002809000 -0.366035551 -0.382867472 -0.463566846 0.508763406
402810 2810.000000 17758100002810000 -0.364888251 -0.383681641 -0.458213188 0.548616301
402811 2811.000000 17758100002811000 -0.363722563 -0.383718387 -0.440259268 0.514876391
402812 2812.000000 17758100002812000 -0.362538606 -0.384314670 -0.416428349 0.502483151
402813 2813.000000 17758100002813000 -0.361336380 -0.384919775 -0.408174772 0.555768828
402814 2814.000000 17758100002814000 -0.360115916 -0.385250552 -0.382303430 0.555512780
402815 2815.000000 17758100002815000 -0.358877301 -0.386016639 -0.358457274 0.516247377
402816 2816.000000 17758100002816000 -0.357620597 -0.385998643 -0.339687475 0.539339446
402817 2817.000000 17758100002817000 -0.356345803 -0.385898365 -0.326633141 0.507360672
402818 2818.000000 17758100002818000 -0.355052978 -0.386590722 -0.318143177 0.532887395
402819 2819.000000 17758100002819000 -0.353742212 -0.386982822 -0.290936604 0.534393512
402820 2820.000000 17758100002820000 -0.352413535 -0.386883727 -0.269062719 0.521381661
402821 2821.000000 17758100002821000 -0.351066977 -0.387137817 -0.251486839 0.538740996
402822 2822.000000 17758100002822000 -0.349702626 -0.387386444 -0.238519743 0.545970640
402823 2823.000000 17758100002823000 -0.348320514 -0.387838372 -0.210805096 0.570769014
402824 2824.000000 17758100002824000 -0.346920699 -0.387780231 -0.186117981 0.563818295
402825 2825.000000 17758100002825000 -0.345503271 -0.388046516 -0.166384423 0.512012323
402826 2826.000000 17758100002826000 -0.344068229 -0.388065685 -0.156735275 0.531341431
402827 2827.000000 17758100002827000 -0.342615664 -0.388378793 -0.135138988 0.522588001
402828 2828.000000 17758100002828000 -0.341145605 -0.388526026 -0.127695067 0.528241478
402829 2829.000000 17758100002829000 -0.339658141 -0.388409583 -0.094384211 0.562810038
402830 2830.000000 17758100002830000 -0.338153332 -0.388908234 -0.071514652 0.570497767
402831 2831.000000 17758100002831000 -0.336631238 -0.388724609 -0.059727693 0.556738318
402832 2832.000000 17758100002832000 -0.335091889 -0.388410245 -0.037658005 0.533459309
402833 2833.000000 17758100002833000 -0.333535343 -0.388907589 -0.011100773 0.531358490
402834 2834.000000 17758100002834000 -0.331961721 -0.388642799 -0.003811465 0.544912503
402835 2835.000000 17758100002835000 -0.330371022 -0.388733925 0.019295155 0.542221340
402836 2836.000000 17758100002836000 -0.328763336 -0.388620536 0.035613853 0.539357029
402837 2837.000000 17758100002837000 -0.327138722 -0.388816612 0.051862615 0.568123261
402838 2838.000000 17758100002838000 -0.325497240 -0.388561672 0.080893967 0.553172924
402839 2839.000000 17758100002839000 -0.323838979 -0.388207975 0.095828925 0.546479936
402840 2840.000000 17758100002840000 -0.322163969 -0.388460166 0.121798264 0.560385837
402841 2841.000000 17758100002841000 -0.320472300 -0.388323594 0.134499624 0.534401397
402842 2842.000000 17758100002842000 -0.318764031 -0.387970679 0.155327815 0.566173300
402843 2843.000000 17758100002843000 -0.317039222 -0.387890193 0.170919442 0.545675221
402844 2844.000000 17758100002844000 -0.315297961 -0.388017491 0.192349231 0.565997961
402845 2845.000000 17758100002845000 -0.313540280 -0.387598566 0.208167169 0.547140252
402846 2846.000000 17758100002846000 -0.311766297 -0.387087550 0.232375363 0.556562214
402847 2847.000000 17758100002847000 -0.309976041 -0.386844627 0.246103576 0.562458143
402848 2848.000000 17758100002848000 -0.308169633 -0.387169923 0.270841723 0.559915826
402849 2849.000000 17758100002849000 -0.306347072 -0.386497969 0.289604481 0.536667087
402850 2850.000000 17758100002850000 -0.304508507 -0.386461719 0.303615748 0.544386311
402851 2851.000000 17758100002851000 -0.302653939 -0.385785940 0.339127600 0.511448644
402852 2852.000000 17758100002852000 -0.300783485 -0.385287021 0.349860634 0.531595514
402853 2853.000000 17758100002853000 -0.298897207 -0.385427027 0.364140966 0.548820888
402854 2854.000000 17758100002854000 -0.296995193 -0.384449375 0.385760756 0.575455633
402855 2855.000000 17758100002855000 -0.295077503 -0.384460815 0.412457966 0.539081619
402856 2856.000000 17758100002856000 -0.293144226 -0.383956761 0.421181057 0.557175499
402857 2857.000000 17758100002857000 -0.291195393 -0.383777862 0.433638424 0.576220568
402858 2858.000000 17758100002858000 -0.289231151 -0.383648840 0.466920224 0.539305895
402859 2859.000000 17758100002859000 -0.287251532 -0.382661822 0.473913096 0.581298810
402860 2860.000000 17758100002860000 -0.285256624 -0.381851262 0.493964158 0.539840330
402861 2861.000000 17758100002861000 -0.283246517 -0.381361211 0.518473867 0.530591842
402862 2862.000000 17758100002862000 -0.281221241 -0.380845063 0.535576857 0.533869236
402863 2863.000000 17758100002863000 -0.279180944 -0.380520801 0.556125875 0.568197425
402864 2864.000000 17758100002864000 -0.277125686 -0.379666121 0.573356734 0.567670940
402865 2865.000000 17758100002865000 -0.275055528 -0.379162969 0.584910905 0.577763960
402866 2866.000000 17758100002866000 -0.272970587 -0.378783275 0.615150626 0.540222306
402867 2867.000000 17758100002867000 -0.270870894 -0.378098260 0.624874410 0.513002678
402868 2868.000000 17758100002868000 -0.268756568 -0.377485593 0.643682973 0.555032790
402869 2869.000000 17758100002869000 -0.266627669 -0.376576920 0.664043679 0.526178821
402870 2870.000000 17758100002870000 -0.264484316 -0.375938474 0.691610058 0.545870689
402871 2871.000000 17758100002871000 -0.262326568 -0.375457538 0.703495317 0.552486763
402872 2872.000000 17758100002872000 -0.260154516 -0.374847401 0.725657761 0.550726407
402873 2873.000000 17758100002873000 -0.257968247 -0.373806177 0.746666003 0.545874366
402874 2874.000000 17758100002874000 -0.255767852 -0.373038982 0.767056144 0.526530387
402875 2875.000000 17758100002875000 -0.253553391 -0.372193501 0.779969187 0.562103927
402876 2876.000000 17758100002876000 -0.251324981 -0.371592532 0.801621494 0.526604205
402877 2877.000000 17758100002877000 -0.249082714 -0.370928058 0.817745688 0.554760020
402878 2878.000000 17758100002878000 -0.246826649 -0.369621183 0.837487607 0.525761375
402879 2879.000000 17758100002879000 -0.244556904 -0.369157502 0.866612015 0.546907710
402880 2880.000000 17758100002880000 -0.242273554 -0.368124594 0.867590068 0.559212803
402881 2881.000000 17758100002881000 -0.239976689 -0.366889172 0.891513627 0.497670269
402882 2882.000000 17758100002882000 -0.237666398 -0.366294435 0.910543031 0.524151946
402883 2883.000000 17758100002883000 -0.235342786 -0.365686979 0.936413401 0.542637056
402884 2884.000000 17758100002884000 -0.233005941 -0.364281793 0.951635473 0.515500735
402885 2885.000000 17758100002885000 -0.230655938 -0.363495068 0.967150265 0.532905259
402886 2886.000000 17758100002886000 -0.228292882 -0.362730648 0.989445096 0.521657345
402887 2887.000000 17758100002887000 -0.225916862 -0.361392744 1.006719727 0.532136260
402888 2888.000000 17758100002888000 -0.223527983 -0.360150496 1.025429238 0.527893556
402889 2889.000000 17758100002889000 -0.221126333 -0.359380237 1.048154701 0.486403677
402890 2890.000000 17758100002890000 -0.218712002 -0.358480006 1.057404801 0.523636273
402891 2891.000000 17758100002891000 -0.216285080 -0.357517556 1.067565556 0.572090219
402892 2892.000000 17758100002892000 -0.213845685 -0.356434200 1.100022539 0.576165605
402893 2893.000000 17758100002893000 -0.211393893 -0.355215955 1.108035434 0.552074860
402894 2894.000000 17758100002894000 -0.208929807 -0.353778840 1.117400820 0.516516825
402895 2895.000000 17758100002895000 -0.206453532 -0.352815458 1.148411871 0.512601107
402896 2896.000000 17758100002896000 -0.203965142 -0.351550956 1.160951450 0.568976946
402897 2897.000000 17758100002897000 -0.201464772 -0.350333107 1.175193270 0.564208038
402898 2898.000000 17758100002898000 -0.198952496 -0.349179492 1.209028843 0.529737246
402899 2899.000000 17758100002899000 -0.196428403 -0.348225867 1.223569567 0.521957200
402900 2900.000000 17758100002900000 -0.193892628 -0.346506692 1.236092458 0.515820824
402901 2901.000000 17758100002901000 -0.191345245 -0.345896236 1.258329244 0.531929763
402902 2902.000000 17758100002902000 -0.188786358 -0.344060403 1.274445656 0.529107855
402903 2903.000000 17758100002903000 -0.186216056 -0.343391971 1.287412292 0.517121835
402904 2904.000000 17758100002904000 -0.183634475 -0.341839281 1.305099043 0.500506552
402905 2905.000000 17758100002905000 -0.181041688 -0.340338249 1.329929620 0.545034961
402906 2906.000000 17758100002906000 -0.178437814 -0.338735570 1.337810221 0.527909566
402907 2907.000000 17758100002907000 -0.175822929 -0.337963321 1.364916821 0.511960716
402908 2908.000000 17758100002908000 -0.173197180 -0.336069626 1.369659176 0.500765202
402909 2909.000000 17758100002909000 -0.170560628 -0.334558389 1.396903648 0.494619957
402910 2910.000000 17758100002910000 -0.167913392 -0.333433710 1.411717680 0.535264945
402911 2911.000000 17758100002911000 -0.165255591 -0.332095773 1.421781212 0.558099226
402912 2912.000000 17758100002912000 -0.162587315 -0.330830917 1.448606005 0.506039227
402913 2913.000000 17758100002913000 -0.159908667 -0.329087126 1.460752390 0.472080906
402914 2914.000000 17758100002914000 -0.157219768 -0.327508329 1.473960675 0.479599505
402915 2915.000000 17758100002915000 -0.154520705 -0.326372794 1.494795918 0.511580931
402916 2916.000000 17758100002916000 -0.151811600 -0.325007481 1.514015971 0.507241460
402917 2917.000000 17758100002917000 -0.149092555 -0.322905391 1.525256218 0.524372651
402918 2918.000000 17758100002918000 -0.146363676 -0.321367423 1.551067204 0.489675501
402919 2919.000000 17758100002919000 -0.143625066 -0.319694763 1.562835837 0.473138740
402920 2920.000000 17758100002920000 -0.140876830 -0.318635793 1.582656115 0.493907839
402921 2921.000000 17758100002921000 -0.138119102 -0.316677922 1.596564971 0.515745848
402922 2922.000000 17758100002922000 -0.135351971 -0.315195390 1.605842910 0.520022458
402923 2923.000000 17758100002923000 -0.132575542 -0.313784427 1.630827260 0.484420430
402924 2924.000000 17758100002924000 -0.129789934 -0.311803077 1.651577227 0.468644761
402925 2925.000000 17758100002925000 -0.126995251 -0.310334259 1.661609209 0.527741511
402926 2926.000000 17758100002926000 -0.124191605 -0.308850972 1.677388639 0.522193224
402927 2927.000000 17758100002927000 -0.121379115 -0.307048724 1.675472019 0.485887580
402928 2928.000000 17758100002928000 -0.118557885 -0.305537472 1.712266160 0.463176582
402929 2929.000000 17758100002929000 -0.115728021 -0.303426576 1.721486003 0.489385785
402930 2930.000000 17758100002930000 -0.112889647 -0.301534298 1.730385868 0.511552607
402931 2931.000000 17758100002931000 -0.110042863 -0.300048445 1.751338415 0.499896567
402932 2932.000000 17758100002932000 -0.107187793 -0.297995401 1.775687389 0.452620497
402933 2933.000000 17758100002933000 -0.104324535 -0.296049486 1.789023387 0.451069319
402934 2934.000000 17758100002934000 -0.101453215 -0.294740093 1.806403680 0.461863788
402935 2935.000000 17758100002935000 -0.098573945 -0.292890488 1.808943841 0.491492236
402936 2936.000000 17758100002936000 -0.095686831 -0.290793426 1.838554922 0.474777868
402937 2937.000000 17758100002937000 -0.092791997 -0.288985500 1.853036862 0.506449101
402938 2938.000000 17758100002938000 -0.089889549 -0.286993581 1.865912110 0.449346179
402939 2939.000000 17758100002939000 -0.086979605 -0.285186720 1.883447694 0.469183260
402940 2940.000000 17758100002940000 -0.084062278 -0.283488350 1.898890805 0.473410583
402941 2941.000000 17758100002941000 -0.081137687 -0.281628333 1.921277296 0.473387494
402942 2942.000000 17758100002942000 -0.078205936 -0.279995276 1.934825520 0.436792473
402943 2943.000000 17758100002943000 -0.075267158 -0.277805116 1.930523940 0.449831674
402944 2944.000000 17758100002944000 -0.072321460 -0.275682550 1.960772365 0.451267532
402945 2945.000000 17758100002945000 -0.069368958 -0.274031143 1.967955093 0.472285061
402946 2946.000000 17758100002946000 -0.066409774 -0.271666096 1.981747276 0.455362270
402947 2947.000000 17758100002947000 -0.063444018 -0.269659080 1.997827123 0.431812730
402948 2948.000000 17758100002948000 -0.060471807 -0.268015840 2.027514394 0.475580945
402949 2949.000000 17758100002949000 -0.057493258 -0.265748158 2.030464069 0.429832618
402950 2950.000000 17758100002950000 -0.054508496 -0.263748479 2.051785598 0.467149287
402951 2951.000000 17758100002951000 -0.051517636 -0.261920859 2.059461399 0.466724396
402952 2952.000000 17758100002952000 -0.048520792 -0.259509639 2.075287389 0.470058073
402953 2953.000000 17758100002953000 -0.045518082 -0.257127874 2.081499291 0.451182892
402954 2954.000000 17758100002954000 -0.042509630 -0.255191318 2.110184567 0.444881352
402955 2955.000000 17758100002955000 -0.039495554 -0.252986306 2.121006295 0.471020054
402956 2956.000000 17758100002956000 -0.036475968 -0.251327389 2.129443721 0.442725984
402957 2957.000000 17758100002957000 -0.033450995 -0.249143115 2.147077164 0.444146013
402958 2958.000000 17758100002958000 -0.030420752 -0.246680204 2.162928033 0.432008455
402959 2959.000000 17758100002959000 -0.027385363 -0.244656986 2.177917688 0.428904236
402960 2960.000000 17758100002960000 -0.024344943 -0.242639301 2.191251662 0.419098725
402961 2961.000000 17758100002961000 -0.021299616 -0.240145555 2.205805547 0.446321754
402962 2962.000000 17758100002962000 -0.018249499 -0.237862683 2.209388678 0.448752860
402963 2963.000000 17758100002963000 -0.015194713 -0.235838751 2.225195981 0.431980977
402964 2964.000000 17758100002964000 -0.012135381 -0.233715869 2.231411924 0.395024133
402965 2965.000000 17758100002965000 -0.009071621 -0.231283548 2.250236049 0.397135709
402966 2966.000000 17758100002966000 -0.006003555 -0.229077022 2.262352159 0.408479519
402967 2967.000000 17758100002967000 -0.002931304 -0.226784595 2.276012203 0.424026375
402968 2968.000000 17758100002968000 0.000145010 -0.224646408 2.290173989 0.402144765
402969 2969.000000 17758100002969000 0.003225266 -0.222186303 2.301453545 0.414567322
402970 2970.000000 17758100002970000 0.006309343 -0.220041747 2.309699236 0.430268205
402971 2971.000000 17758100002971000 0.009397118 -0.217434350 2.315771714 0.405671273
402972 2972.000000 17758100002972000 0.012488470 -0.215611940 2.344846720 0.417559629
402973 2973.000000 17758100002973000 0.015583278 -0.212906087 2.355703395 0.402469492
402974 2974.000000 17758100002974000 0.018681418 -0.210705594 2.360768226 0.450758220
402975 2975.000000 17758100002975000 0.021782767 -0.208230890 2.383535714 0.368880075
402976 2976.000000 17758100002976000 0.024887206 -0.205627255 2.387293254 0.363955426
402977 2977.000000 17758100002977000 0.027994609 -0.203248252 2.405906467 0.387369304
402978 2978.000000 17758100002978000 0.031104855 -0.200426949 2.415817428 0.384710695
402979 2979.000000 17758100002979000 0.034217820 -0.198262912 2.429841898 0.387709170
402980 2980.000000 17758100002980000 0.037333384 -0.196122303 2.436879118 0.363184149
402981 2981.000000 17758100002981000 0.040451419 -0.193481762 2.461889770 0.372406073
402982 2982.000000 17758100002982000 0.043571807 -0.191373027 2.467375738 0.374668239
402983 2983.000000 17758100002983000 0.046694424 -0.188194432 2.472957078 0.388507968
402984 2984.000000 17758100002984000 0.049819142 -0.186259665 2.483487620 0.377038007
402985 2985.000000 17758100002985000 0.052945845 -0.184029107 2.494041619 0.330463193
402986 2986.000000 17758100002986000 0.056074403 -0.180717445 2.507520377 0.388268232
402987 2987.000000 17758100002987000 0.059204694 -0.178499784 2.514433687 0.350154745
402988 2988.000000 17758100002988000 0.062336598 -0.176357024 2.530773241 0.352571752
402989 2989.000000 17758100002989000 0.065469988 -0.173651622 2.544872312 0.362532769
402990 2990.000000 17758100002990000 0.068604738 -0.171122352 2.548790866 0.326742196
402991 2991.000000 17758100002991000 0.071740732 -0.168466853 2.563058258 0.352983805
402992 2992.000000 17758100002992000 0.074877843 -0.165986490 2.576630444 0.346959611
402993 2993.000000 17758100002993000 0.078015938 -0.163155771 2.584387018 0.371384399
402994 2994.000000 17758100002994000 0.081154905 -0.161086061 2.596836274 0.341838988
402995 2995.000000 17758100002995000 0.084294617 -0.158121868 2.602985756 0.339438280
402996 2996.000000 17758100002996000 0.087434955 -0.155370791 2.611835215 0.346979048
402997 2997.000000 17758100002997000 0.090575777 -0.152893529 2.621495851 0.301461445
402998 2998.000000 17758100002998000 0.093716979 -0.150156219 2.643192298 0.349790821
402999 2999.000000 17758100002999000 0.096858427 -0.147407801 2.645783827 0.352012171
403000 3000.000000 17758100003000000 0.100000001 -0.144562752 2.654677461 0.321671359
403001 3001.000000 17758100003001000 0.103141569 -0.142535766 2.667555206 0.336508211
403002 3002.000000 17758100003002000 0.106283017 -0.139796748 2.672022041 0.315248408
403003 3003.000000 17758100003003000 0.109424219 -0.136758156 2.679530277 0.310828028
403004 3004.000000 17758100003004000 0.112565048 -0.134362136 2.694002366 0.313648734
403005 3005.000000 17758100003005000 0.115705378 -0.131505313 2.706435135 0.338449860
403006 3006.000000 17758100003006000 0.118845090 -0.129003751 2.701432529 0.336113862
403007 3007.000000 17758100003007000 0.121984057 -0.126146139 2.718386633 0.302618854
403008 3008.000000 17758100003008000 0.125122160 -0.123506768 2.738521920 0.296168633
403009 3009.000000 17758100003009000 0.128259271 -0.120413111 2.726523980 0.324373371
403010 3010.000000 17758100003010000 0.131395265 -0.117978704 2.742092626 0.345364449
403011 3011.000000 17758100003011000 0.134530008 -0.115262268 2.749758942 0.301451295
403012 3012.000000 17758100003012000 0.137663409 -0.112621035 2.759722760 0.308000976
403013 3013.000000 17758100003013000 0.140795305 -0.109524279 2.774313724 0.313023986
403014 3014.000000 17758100003014000 0.143925592 -0.106639843 2.784098381 0.281350276
403015 3015.000000 17758100003015000 0.147054151 -0.103994249 2.793819022 0.338770051
403016 3016.000000 17758100003016000 0.150180861 -0.101230124 2.798621317 0.332577286
403017 3017.000000 17758100003017000 0.153305575 -0.098548911 2.805864910 0.286557222
403018 3018.000000 17758100003018000 0.156428188 -0.095168225 2.813955721 0.285021274
403019 3019.000000 17758100003019000 0.159548581 -0.092748726 2.820445674 0.309741932
403020 3020.000000 17758100003020000 0.162666619 -0.089589478 2.838064616 0.277598577
403021 3021.000000 17758100003021000 0.165782183 -0.086910301 2.831284159 0.270518501
403022 3022.000000 17758100003022000 0.168895140 -0.084052102 2.847310945 0.255594823
403023 3023.000000 17758100003023000 0.172005385 -0.081699632 2.847975500 0.293624352
403024 3024.000000 17758100003024000 0.175112799 -0.078539392 2.844733796 0.287098086
403025 3025.000000 17758100003025000 0.178217232 -0.075587787 2.860031552 0.289534585
403026 3026.000000 17758100003026000 0.181318581 -0.073409860 2.866679773 0.245070283
403027 3027.000000 17758100003027000 0.184416726 -0.069992717 2.873152659 0.274820051
403028 3028.000000 17758100003028000 0.187511533 -0.067194914 2.881026201 0.242403970
403029 3029.000000 17758100003029000 0.190602884 -0.064353274 2.885936737 0.245312944
403030 3030.000000 17758100003030000 0.193690658 -0.060950671 2.898196308 0.233244169
403031 3031.000000 17758100003031000 0.196774736 -0.058458528 2.905777510 0.237630956
403032 3032.000000 17758100003032000 0.199854985 -0.055342275 2.907398697 0.262214600
403033 3033.000000 17758100003033000 0.202931300 -0.052453597 2.922262391 0.229097985
403034 3034.000000 17758100003034000 0.206003562 -0.049596435 2.919754335 0.241020765
403035 3035.000000 17758100003035000 0.209071621 -0.047184155 2.928474543 0.223814172
403036 3036.000000 17758100003036000 0.212135375 -0.043730386 2.931277753 0.199078461
403037 3037.000000 17758100003037000 0.215194717 -0.040654675 2.943314450 0.210731578
403038 3038.000000 17758100003038000 0.218249500 -0.037859921 2.944282388 0.223309793
403039 3039.000000 17758100003039000 0.221299618 -0.035097995 2.951494880 0.221839078
403040 3040.000000 17758100003040000 0.224344939 -0.032313145 2.959884952 0.210963703
403041 3041.000000 17758100003041000 0.227385357 -0.029088653 2.954661877 0.221734863
403042 3042.000000 17758100003042000 0.230420753 -0.026059397 2.962927294 0.232277634
403043 3043.000000 17758100003043000 0.233450994 -0.023157831 2.974072189 0.226292015
403044 3044.000000 17758100003044000 0.236475974 -0.020361230 2.966210643 0.215498649
403045 3045.000000 17758100003045000 0.239495546 -0.016765211 2.986823727 0.188602918
403046 3046.000000 17758100003046000 0.242509633 -0.014340357 2.980203298 0.185910568
403047 3047.000000 17758100003047000 0.245518088 -0.010840275 2.996399274 0.193194775
403048 3048.000000 17758100003048000 0.248520792 -0.007723174 2.992498003 0.180832394
403049 3049.000000 17758100003049000 0.251517624 -0.005279277 2.998417479 0.192353229
403050 3050.000000 17758100003050000 0.254508495 -0.002112055 2.994427676 0.156197636
403051 3051.000000 17758100003051000 0.257493258 0.000974972 3.004076003 0.161808326
403052 3052.000000 17758100003052000 0.260471791 0.003743384 3.003101213 0.178819619
403053 3053.000000 17758100003053000 0.263444006 0.006852235 3.012885057 0.156031986
403054 3054.000000 17758100003054000 0.266409785 0.009748716 3.013316069 0.170531442
403055 3055.000000 17758100003055000 0.269368947 0.012660459 3.020416388 0.139812190
403056 3056.000000 17758100003056000 0.272321463 0.016287015 3.040345187 0.157824584
403057 3057.000000 17758100003057000 0.275267154 0.018833199 3.018408250 0.122609204
403058 3058.000000 17758100003058000 0.278205931 0.022018748 3.028269461 0.145896084
403059 3059.000000 17758100003059000 0.281137675 0.024582103 3.036032009 0.147834708
403060 3060.000000 17758100003060000 0.284062266 0.027924909 3.040264392 0.143148638
403061 3061.000000 17758100003061000 0.286979616 0.031201984 3.042949437 0.165061694
403062 3062.000000 17758100003062000 0.289889544 0.034445513 3.050957455 0.153718977
403063 3063.000000 17758100003063000 0.292791992 0.036911166 3.053471651 0.180217612
403064 3064.000000 17758100003064000 0.295686841 0.040447623 3.048239240 0.137921374
403065 3065.000000 17758100003065000 0.298573941 0.043263754 3.051207002 0.113540360
403066 3066.000000 17758100003066000 0.301453203 0.045830259 3.046477217 0.148360271
403067 3067.000000 17758100003067000 0.304324538 0.049208997 3.057203875 0.140824559
403068 3068.000000 17758100003068000 0.307187796 0.052543649 3.057453833 0.134398477
403069 3069.000000 17758100003069000 0.310042858 0.055581162 3.064358398 0.100678165
403070 3070.000000 17758100003070000 0.312889636 0.058751522 3.059558163 0.114253674
403071 3071.000000 17758100003071000 0.315728009 0.061334191 3.061315615 0.079291669
403072 3072.000000 17758100003072000 0.318557888 0.064641133 3.052974581 0.101694433
403073 3073.000000 17758100003073000 0.321379125 0.067554214 3.061461559 0.079708647
403074 3074.000000 17758100003074000 0.324191600 0.070782075 3.073408999 0.117167627
403075 3075.000000 17758100003075000 0.326995254 0.074118669 3.067062520 0.106104797
403076 3076.000000 17758100003076000 0.329789937 0.077098430 3.070736082 0.087093996
403077 3077.000000 17758100003077000 0.332575530 0.079896713 3.064727712 0.105669345
403078 3078.000000 17758100003078000 0.335351974 0.082696296 3.067335723 0.120186782
403079 3079.000000 17758100003079000 0.338119090 0.086023059 3.069326294 0.084203404
403080 3080.000000 17758100003080000 0.340876848 0.089197730 3.074913333 0.114091904
403081 3081.000000 17758100003081000 0.343625069 0.091997580 3.070274248 0.075524565
403082 3082.000000 17758100003082000 0.346363664 0.095210904 3.067574233 0.051441322
403083 3083.000000 17758100003083000 0.349092543 0.098329934 3.070698605 0.088062775
403084 3084.000000 17758100003084000 0.351811588 0.102067069 3.075082742 0.052885314
403085 3085.000000 17758100003085000 0.354520708 0.104296942 3.072728758 0.081036752
403086 3086.000000 17758100003086000 0.357219756 0.108098229 3.075254650 0.052358475
403087 3087.000000 17758100003087000 0.359908670 0.110757867 3.067622824 0.043362666
403088 3088.000000 17758100003088000 0.362587303 0.113755472 3.065520190 0.076434703
403089 3089.000000 17758100003089000 0.365255594 0.116891833 3.074130974 0.059099955
403090 3090.000000 17758100003090000 0.367913395 0.120209130 3.074835201 0.082230166
403091 3091.000000 17758100003091000 0.370560616 0.122879280 3.068952487 0.067142971
403092 3092.000000 17758100003092000 0.373197168 0.125941229 3.065477022 0.073792263
403093 3093.000000 17758100003093000 0.375822932 0.129328399 3.074191109 0.085485964
403094 3094.000000 17758100003094000 0.378437817 0.132347416 3.065704708 0.029502714
403095 3095.000000 17758100003095000 0.381041676 0.135193306 3.062577859 0.030242410
403096 3096.000000 17758100003096000 0.383634478 0.138683095 3.067395745 0.021850055
403097 3097.000000 17758100003097000 0.386216074 0.141266756 3.064450589 0.013817787
403098 3098.000000 17758100003098000 0.388786346 0.144178470 3.054277182 0.054222764
403099 3099.000000 17758100003099000 0.391345233 0.147573778 3.061280531 0.008406408
403100 3100.000000 17758100003100000 0.393892616 0.150715756 3.061179851 0.036167302
403101 3101.000000 17758100003101000 0.396428406 0.153522607 3.047391772 0.032768587
403102 3102.000000 17758100003102000 0.398952484 0.156647520 3.050401658 0.022343013
403103 3103.000000 17758100003103000 0.401464760 0.159830332 3.049446298 0.000259620
403104 3104.000000 17758100003104000 0.403965145 0.162841420 3.047588360 -0.008414554
403105 3105.000000 17758100003105000 0.406453520 0.165548084 3.045406793 0.015016901
403106 3106.000000 17758100003106000 0.408929795 0.169305611 3.048179155 -0.014868683
403107 3107.000000 17758100003107000 0.411393881 0.172148849 3.039794619 0.018859852
403108 3108.000000 17758100003108000 0.413845688 0.174909611 3.035048297 -0.007539327
403109 3109.000000 17758100003109000 0.416285068 0.177938109 3.030347683 -0.021944827
403110 3110.000000 17758100003110000 0.418711990 0.181004025 3.028912685 0.014587833
403111 3111.000000 17758100003111000 0.421126336 0.183772288 3.027238701 -0.037987123
403112 3112.000000 17758100003112000 0.423527986 0.187211137 3.024661973 -0.021365497
403113 3113.000000 17758100003113000 0.425916851 0.190476984 3.017115889 -0.018309926
403114 3114.000000 17758100003114000 0.428292871 0.193395318 3.007216400 -0.037736119
403115 3115.000000 17758100003115000 0.430655926 0.196014540 3.016161774 -0.005834096
403116 3116.000000 17758100003116000 0.433005929 0.199282120 3.014505655 -0.058658979
403117 3117.000000 17758100003117000 0.435342789 0.202192760 3.011118426 -0.040284675
403118 3118.000000 17758100003118000 0.437666416 0.204851870 3.001162518 -0.048812922
403119 3119.000000 17758100003119000 0.439976692 0.208431792 2.998796739 -0.036191130
403120 3120.000000 17758100003120000 0.442273557 0.210998086 2.996698932 -0.060514578
403121 3121.000000 17758100003121000 0.444556892 0.214414623 2.984498404 -0.082037074
403122 3122.000000 17758100003122000 0.446826667 0.217040537 2.985690102 -0.087059571
403123 3123.000000 17758100003123000 0.449082702 0.219959276 2.983867906 -0.080137743
403124 3124.000000 17758100003124000 0.451324999 0.223146935 2.968316061 -0.022312486
403125 3125.000000 17758100003125000 0.453553379 0.226079732 2.970156366 -0.043784632
403126 3126.000000 17758100003126000 0.455767840 0.229113425 2.959872329 -0.073442356
403127 3127.000000 17758100003127000 0.457968235 0.231804961 2.951955704 -0.083454826
403128 3128.000000 17758100003128000 0.460154504 0.235357657 2.955887376 -0.072395078
403129 3129.000000 17758100003129000 0.462326556 0.238183520 2.947441435 -0.051291306
403130 3130.000000 17758100003130000 0.464484304 0.240917523 2.938202717 -0.094719237
403131 3131.000000 17758100003131000 0.466627687 0.243908939 2.932458593 -0.090064964
403132 3132.000000 17758100003132000 0.468756557 0.246590852 2.926451272 -0.130357263
403133 3133.000000 17758100003133000 0.470870882 0.249611563 2.923749598 -0.082841133
403134 3134.000000 17758100003134000 0.472970575 0.252567194 2.922835687 -0.064833823
403135 3135.000000 17758100003135000 0.475055546 0.255422258 2.910695915 -0.069063970
403136 3136.000000 17758100003136000 0.477125704 0.257867958 2.908205142 -0.106519733
403137 3137.000000 17758100003137000 0.479180962 0.261478836 2.899393500 -0.117140848
403138 3138.000000 17758100003138000 0.481221259 0.263813025 2.905005968 -0.087113137
403139 3139.000000 17758100003139000 0.483246505 0.266924117 2.891875705 -0.112734192
403140 3140.000000 17758100003140000 0.485256612 0.269822406 2.883434143 -0.127105965
403141 3141.000000 17758100003141000 0.487251520 0.272727572 2.872515570 -0.109816035
403142 3142.000000 17758100003142000 0.489231139 0.275993917 2.881221012 -0.134727251
403143 3143.000000 17758100003143000 0.491195410 0.278670262 2.858501374 -0.106672273
403144 3144.000000 17758100003144000 0.493144214 0.281292104 2.846910098 -0.088063110
403145 3145.000000 17758100003145000 0.495077521 0.284306670 2.853188167 -0.142707708
403146 3146.000000 17758100003146000 0.496995211 0.286829111 2.837757077 -0.176577260
403147 3147.000000 17758100003147000 0.498897225 0.289999468 2.836664436 -0.123105421
403148 3148.000000 17758100003148000 0.500783503 0.292806497 2.828873681 -0.143118150
403149 3149.000000 17758100003149000 0.502653956 0.295873934 2.807168830 -0.133881858
403150 3150.000000 17758100003150000 0.504508495 0.298261183 2.805661518 -0.167617050
403151 3151.000000 17758100003151000 0.506347060 0.301024814 2.805708323 -0.147955366
403152 3152.000000 17758100003152000 0.508169651 0.303778169 2.783706885 -0.122721476
403153 3153.000000 17758100003153000 0.509976029 0.306717907 2.784363230 -0.173317598
403154 3154.000000 17758100003154000 0.511766315 0.309202961 2.779097791 -0.163609187
403155 3155.000000 17758100003155000 0.513540268 0.312364117 2.765740483 -0.168037135
403156 3156.000000 17758100003156000 0.515297949 0.314943916 2.757261502 -0.168939974
403157 3157.000000 17758100003157000 0.517039239 0.317832515 2.753457351 -0.165321572
403158 3158.000000 17758100003158000 0.518764019 0.320533108 2.741129968 -0.180591669
403159 3159.000000 17758100003159000 0.520472288 0.323128291 2.731660918 -0.186528724
403160 3160.000000 17758100003160000 0.522163987 0.326149744 2.718262579 -0.189859429
403161 3161.000000 17758100003161000 0.523838997 0.328779544 2.723989028 -0.161483371
403162 3162.000000 17758100003162000 0.525497258 0.331496973 2.718478662 -0.197666148
403163 3163.000000 17758100003163000 0.527138710 0.334334841 2.706215650 -0.199486453
403164 3164.000000 17758100003164000 0.528763354 0.337008646 2.692638806 -0.195163424
403165 3165.000000 17758100003165000 0.530371010 0.339438525 2.681422619 -0.207406135
403166 3166.000000 17758100003166000 0.531961679 0.342387527 2.676609459 -0.209815178
403167 3167.000000 17758100003167000 0.533535361 0.344557779 2.666079637 -0.203599448
403168 3168.000000 17758100003168000 0.535091877 0.347468729 2.662660883 -0.206844860
403169 3169.000000 17758100003169000 0.536631227 0.350330489 2.639770290 -0.223700908
403170 3170.000000 17758100003170000 0.538153350 0.352991730 2.634598252 -0.203711456
403171 3171.000000 17758100003171000 0.539658129 0.355611850 2.626467572 -0.216390204
403172 3172.000000 17758100003172000 0.541145623 0.358271969 2.600603122 -0.216804749
403173 3173.000000 17758100003173000 0.542615652 0.360661426 2.597359700 -0.236713836
403174 3174.000000 17758100003174000 0.544068217 0.363014869 2.584837216 -0.235112875
403175 3175.000000 17758100003175000 0.545503259 0.365583044 2.576068711 -0.213581519
403176 3176.000000 17758100003176000 0.546920717 0.368256743 2.569952243 -0.269376180
403177 3177.000000 17758100003177000 0.548320532 0.370933441 2.559484318 -0.236398566
403178 3178.000000 17758100003178000 0.549702644 0.373385625 2.546415410 -0.241966934
403179 3179.000000 17758100003179000 0.551066995 0.376063536 2.543719852 -0.273288775
403180 3180.000000 17758100003180000 0.552413523 0.378617629 2.540599128 -0.233723831
403181 3181.000000 17758100003181000 0.553742230 0.380854212 2.522814917 -0.233244858
403182 3182.000000 17758100003182000 0.555052996 0.383724240 2.513204220 -0.277845737
403183 3183.000000 17758100003183000 0.556345820 0.386324744 2.487251386 -0.238437697
403184 3184.000000 17758100003184000 0.557620585 0.388846473 2.476823834 -0.279395500
403185 3185.000000 17758100003185000 0.558877289 0.391056329 2.469924178 -0.243457812
403186 3186.000000 17758100003186000 0.560115933 0.393688157 2.465824402 -0.251767530
403187 3187.000000 17758100003187000 0.561336398 0.396165269 2.447048352 -0.303133755
403188 3188.000000 17758100003188000 0.562538624 0.398432873 2.435573263 -0.259321126
403189 3189.000000 17758100003189000 0.563722551 0.400954411 2.435330439 -0.284836696
403190 3190.000000 17758100003190000 0.564888239 0.403475000 2.420169427 -0.272800666
403191 3191.000000 17758100003191000 0.566035569 0.405951309 2.405947614 -0.273137439
403192 3192.000000 17758100003192000 0.567164481 0.407953485 2.399851232 -0.267742769
403193 3193.000000 17758100003193000 0.568274915 0.410440251 2.383116137 -0.271548785
403194 3194.000000 17758100003194000 0.569366932 0.412731481 2.366485229 -0.327780681
403195 3195.000000 17758100003195000 0.570440412 0.414616183 2.364040610 -0.284427497
403196 3196.000000 17758100003196000 0.571495295 0.417606644 2.350838352 -0.311943255
403197 3197.000000 17758100003197000 0.572531521 0.419615128 2.322527568 -0.267435327
403198 3198.000000 17758100003198000 0.573549151 0.422302132 2.317890671 -0.316187485
403199 3199.000000 17758100003199000 0.574548066 0.424254726 2.300748704 -0.322191569
403200 3200.000000 17758100003200000 0.575528264 0.426523594 2.288259051 -0.293001793
403201 3201.000000 17758100003201000 0.576489687 0.429068551 2.277025038 -0.288940319
403202 3202.000000 17758100003202000 0.577432275 0.431290340 2.263625489 -0.319965281
403203 3203.000000 17758100003203000 0.578356028 0.433235903 2.255881563 -0.335524978
403204 3204.000000 17758100003204000 0.579260886 0.435902740 2.239427745 -0.282348869
403205 3205.000000 17758100003205000 0.580146849 0.438076419 2.230881487 -0.333940141
403206 3206.000000 17758100003206000 0.581013858 0.439943060 2.220286919 -0.317869341
403207 3207.000000 17758100003207000 0.581861854 0.442350639 2.190774145 -0.292888915
403208 3208.000000 17758100003208000 0.582690835 0.444274120 2.183234215 -0.328233096
403209 3209.000000 17758100003209000 0.583500743 0.446409718 2.168391363 -0.308640563
403210 3210.000000 17758100003210000 0.584291577 0.449039197 2.163117588 -0.350848170
403211 3211.000000 17758100003211000 0.585063279 0.450997251 2.148254931 -0.325390062
403212 3212.000000 17758100003212000 0.585815847 0.453427752 2.129469525 -0.337919261
403213 3213.000000 17758100003213000 0.586549282 0.455315866 2.119153877 -0.339053926
403214 3214.000000 17758100003214000 0.587263465 0.456972989 2.098847700 -0.336018623
403215 3215.000000 17758100003215000 0.587958395 0.459541286 2.090535948 -0.349860207
403216 3216.000000 17758100003216000 0.588634074 0.461779387 2.072689446 -0.325225703
403217 3217.000000 17758100003217000 0.589290440 0.463715930 2.057393833 -0.342541050
403218 3218.000000 17758100003218000 0.589927554 0.465104684 2.046907801 -0.387609977
403219 3219.000000 17758100003219000 0.590545237 0.467757256 2.028196930 -0.348453224
403220 3220.000000 17758100003220000 0.591143608 0.469579951 2.020092828 -0.359166432
403221 3221.000000 17758100003221000 0.591722608 0.471735896 2.003279526 -0.389027402
403222 3222.000000 17758100003222000 0.592282176 0.473641179 1.981912630 -0.379327048
403223 3223.000000 17758100003223000 0.592822313 0.475432186 1.966382090 -0.373618203
403224 3224.000000 17758100003224000 0.593342960 0.477509515 1.960602049 -0.356318085
403225 3225.000000 17758100003225000 0.593844175 0.479057979 1.947541855 -0.333553183
403226 3226.000000 17758100003226000 0.594325900 0.481483187 1.933637248 -0.375066617
403227 3227.000000 17758100003227000 0.594788074 0.483268525 1.912126267 -0.378245430
403228 3228.000000 17758100003228000 0.595230699 0.485622276 1.901755994 -0.361278489
403229 3229.000000 17758100003229000 0.595653832 0.487364289 1.880383427 -0.411018802
403230 3230.000000 17758100003230000 0.596057355 0.489186998 1.860141701 -0.413585878
403231 3231.000000 17758100003231000 0.596441329 0.490859296 1.852254956 -0.394205342
403232 3232.000000 17758100003232000 0.596805632 0.492829453 1.838303313 -0.414279164
403233 3233.000000 17758100003233000 0.597150385 0.494418776 1.827332492 -0.395248222
403234 3234.000000 17758100003234000 0.597475529 0.495976547 1.805844669 -0.417318356
403235 3235.000000 17758100003235000 0.597781003 0.498087738 1.782342023 -0.379095279
403236 3236.000000 17758100003236000 0.598066807 0.499965888 1.777397784 -0.409178798
403237 3237.000000 17758100003237000 0.598332942 0.501301918 1.764670617 -0.450595278
403238 3238.000000 17758100003238000 0.598579466 0.503300111 1.739777123 -0.407950663
403239 3239.000000 17758100003239000 0.598806262 0.505330746 1.732430922 -0.414379001
403240 3240.000000 17758100003240000 0.599013388 0.507183754 1.706430970 -0.418868281
403241 3241.000000 17758100003241000 0.599200785 0.508357106 1.697459277 -0.398728555
403242 3242.000000 17758100003242000 0.599368453 0.510308042 1.679384669 -0.417203482
403243 3243.000000 17758100003243000 0.599516451 0.511977969 1.660588339 -0.403844398
403244 3244.000000 17758100003244000 0.599644721 0.513146442 1.643906338 -0.430096457
403245 3245.000000 17758100003245000 0.599753261 0.515334819 1.630947813 -0.384632018
403246 3246.000000 17758100003246000 0.599842072 0.516716748 1.611970663 -0.450227598
403247 3247.000000 17758100003247000 0.599911153 0.518452798 1.596495047 -0.426904084
403248 3248.000000 17758100003248000 0.599960506 0.519735345 1.580821544 -0.385231035
403249 3249.000000 17758100003249000 0.599990129 0.521539670 1.564789653 -0.428881099
403250 3250.000000 17758100003250000 0.600000024 0.523003609 1.551382413 -0.432602185
403251 3251.000000 17758100003251000 0.599990129 0.524395548 1.523815745 -0.466790493
403252 3252.000000 17758100003252000 0.599960506 0.526158914 1.512147241 -0.428868460
403253 3253.000000 17758100003253000 0.599911153 0.527503516 1.493021843 -0.449634479
403254 3254.000000 17758100003254000 0.599842072 0.529126189 1.481399044 -0.425891141
403255 3255.000000 17758100003255000 0.599753261 0.530819705 1.468673716 -0.413226453
403256 3256.000000 17758100003256000 0.599644721 0.531860127 1.455473478 -0.418848654
403257 3257.000000 17758100003257000 0.599516451 0.533518640 1.430563168 -0.449386702
403258 3258.000000 17758100003258000 0.599368453 0.534460160 1.413150755 -0.426557058
403259 3259.000000 17758100003259000 0.599200785 0.536095536 1.381306147 -0.416742115
403260 3260.000000 17758100003260000 0.599013388 0.537673298 1.376342117 -0.485813194
403261 3261.000000 17758100003261000 0.598806262 0.539137271 1.356650327 -0.483623725
403262 3262.000000 17758100003262000 0.598579466 0.540386960 1.340997609 -0.450655466
403263 3263.000000 17758100003263000 0.598332942 0.541749113 1.324094145 -0.453662995
403264 3264.000000 17758100003264000 0.598066807 0.542954033 1.300154574 -0.498843828
403265 3265.000000 17758100003265000 0.597781003 0.543981325 1.284859847 -0.493996223
403266 3266.000000 17758100003266000 0.597475529 0.545631728 1.271725531 -0.453580430
403267 3267.000000 17758100003267000 0.597150385 0.546708389 1.249237479 -0.470665864
403268 3268.000000 17758100003268000 0.596805632 0.547773498 1.237068065 -0.451202825
403269 3269.000000 17758100003269000 0.596441329 0.548938605 1.219706574 -0.501521103
403270 3270.000000 17758100003270000 0.596057355 0.550408285 1.194765937 -0.482472575
403271 3271.000000 17758100003271000 0.595653832 0.551441136 1.181670479 -0.466194648
403272 3272.000000 17758100003272000 0.595230699 0.552666478 1.169167744 -0.482483847
403273 3273.000000 17758100003273000 0.594788074 0.553842470 1.151743001 -0.476084041
403274 3274.000000 17758100003274000 0.594325900 0.555428894 1.135203981 -0.444876881
403275 3275.000000 17758100003275000 0.593844175 0.556132799 1.113141962 -0.487688992
403276 3276.000000 17758100003276000 0.593342960 0.557509027 1.094775845 -0.470482083
403277 3277.000000 17758100003277000 0.592822313 0.558008764 1.070593699 -0.495789574
403278 3278.000000 17758100003278000 0.592282176 0.559819839 1.059714551 -0.477317696
403279 3279.000000 17758100003279000 0.591722608 0.560247565 1.046019760 -0.493863037
403280 3280.000000 17758100003280000 0.591143608 0.561683399 1.017767161 -0.505707212
403281 3281.000000 17758100003281000 0.590545237 0.562213953 1.008291611 -0.502659242
403282 3282.000000 17758100003282000 0.589927554 0.563704964 0.986965772 -0.473707426
403283 3283.000000 17758100003283000 0.589290440 0.564679277 0.962983191 -0.476255412
403284 3284.000000 17758100003284000 0.588634074 0.565256464 0.952594025 -0.481787263
403285 3285.000000 17758100003285000 0.587958395 0.566108769 0.927000234 -0.483786991
403286 3286.000000 17758100003286000 0.587263465 0.567373758 0.910560871 -0.500393924
403287 3287.000000 17758100003287000 0.586549282 0.567986845 0.895595380 -0.539280805
403288 3288.000000 17758100003288000 0.585815847 0.569062934 0.878766301 -0.514591808
403289 3289.000000 17758100003289000 0.585063279 0.569669257 0.864505009 -0.558165291
403290 3290.000000 17758100003290000 0.584291577 0.570804654 0.839295067 -0.509909705
403291 3291.000000 17758100003291000 0.583500743 0.571600873 0.822640504 -0.545876208
403292 3292.000000 17758100003292000 0.582690835 0.572092566 0.803437649 -0.491258685
403293 3293.000000 17758100003293000 0.581861854 0.572859170 0.782083209 -0.506791889
403294 3294.000000 17758100003294000 0.581013858 0.573532645 0.763840237 -0.512601580
403295 3295.000000 17758100003295000 0.580146849 0.574439185 0.737811247 -0.502285694
403296 3296.000000 17758100003296000 0.579260886 0.575437407 0.732985074 -0.516636748
403297 3297.000000 17758100003297000 0.578356028 0.575682961 0.705936421 -0.504064669
403298 3298.000000 17758100003298000 0.577432275 0.576774073 0.690777769 -0.541246524
403299 3299.000000 17758100003299000 0.576489687 0.576924484 0.667451663 -0.501083028
403300 3300.000000 17758100003300000 0.575528264 0.577956906 0.659634089 -0.528103517
403301 3301.000000 17758100003301000 0.574548066 0.578717293 0.634951991 -0.511996462
403302 3302.000000 17758100003302000 0.573549151 0.579452584 0.608499255 -0.510870493
403303 3303.000000 17758100003303000 0.572531521 0.579910155 0.603256347 -0.510983442
403304 3304.000000 17758100003304000 0.571495295 0.580407721 0.575005121 -0.557943692
403305 3305.000000 17758100003305000 0.570440412 0.581101466 0.548118010 -0.481543522
403306 3306.000000 17758100003306000 0.569366932 0.581592406 0.534123244 -0.517470250
403307 3307.000000 17758100003307000 0.568274915 0.582087683 0.508332842 -0.524632889
403308 3308.000000 17758100003308000 0.567164481 0.582534469 0.497475802 -0.539155525
403309 3309.000000 17758100003309000 0.566035569 0.582910589 0.476977106 -0.553665202
403310 3310.000000 17758100003310000 0.564888239 0.583332229 0.462358099 -0.531567830
403311 3311.000000 17758100003311000 0.563722551 0.584243657 0.440024064 -0.517281959
403312 3312.000000 17758100003312000 0.562538624 0.584527038 0.417062164 -0.512471371
403313 3313.000000 17758100003313000 0.561336398 0.584887655 0.406865044 -0.529137045
403314 3314.000000 17758100003314000 0.560115933 0.584918684 0.382996602 -0.562396507
403315 3315.000000 17758100003315000 0.558877289 0.585278704 0.370362427 -0.499447953
403316 3316.000000 17758100003316000 0.557620585 0.585762822 0.348023768 -0.517978935
403317 3317.000000 17758100003317000 0.556345820 0.586066080 0.327612177 -0.511238327
403318 3318.000000 17758100003318000 0.555052996 0.585765476 0.310204834 -0.508384349
403319 3319.000000 17758100003319000 0.553742230 0.586471770 0.284765229 -0.529401279
403320 3320.000000 17758100003320000 0.552413523 0.587054750 0.266530028 -0.530186481
403321 3321.000000 17758100003321000 0.551066995 0.586858115 0.249629023 -0.530726867
403322 3322.000000 17758100003322000 0.549702644 0.587610380 0.231012706 -0.549045108
403323 3323.000000 17758100003323000 0.548320532 0.587569104 0.208850279 -0.547342992
403324 3324.000000 17758100003324000 0.546920717 0.587782478 0.188931123 -0.538642560
403325 3325.000000 17758100003325000 0.545503259 0.587934550 0.178241202 -0.528749968
403326 3326.000000 17758100003326000 0.544068217 0.588116112 0.151335480 -0.536561467
403327 3327.000000 17758100003327000 0.542615652 0.588291050 0.135586357 -0.558064802
403328 3328.000000 17758100003328000 0.541145623 0.588350783 0.113589012 -0.542916076
403329 3329.000000 17758100003329000 0.539658129 0.588751643 0.092092221 -0.549024704
403330 3330.000000 17758100003330000 0.538153350 0.588761802 0.072124341 -0.498205199
403331 3331.000000 17758100003331000 0.536631227 0.588931921 0.055571114 -0.523600607
403332 3332.000000 17758100003332000 0.535091877 0.588612699 0.039987726 -0.560450493
403333 3333.000000 17758100003333000 0.533535361 0.588317599 0.014807791 -0.537302685
403334 3334.000000 17758100003334000 0.531961679 0.588418484 0.001999509 -0.539304845
403335 3335.000000 17758100003335000 0.530371010 0.588758201 -0.023010917 -0.578816583
403336 3336.000000 17758100003336000 0.528763354 0.588420926 -0.043181791 -0.560929520
403337 3337.000000 17758100003337000 0.527138710 0.588577720 -0.051689820 -0.525662161
403338 3338.000000 17758100003338000 0.525497258 0.588763768 -0.074926459 -0.520669675
403339 3339.000000 17758100003339000 0.523838997 0.588284286 -0.090908221 -0.571669829
403340 3340.000000 17758100003340000 0.522163987 0.588604734 -0.116648097 -0.573836136
403341 3341.000000 17758100003341000 0.520472288 0.588775797 -0.138733816 -0.575623887
403342 3342.000000 17758100003342000 0.518764019 0.588100470 -0.147555967 -0.547715356
403343 3343.000000 17758100003343000 0.517039239 0.587623842 -0.172939611 -0.565439513
403344 3344.000000 17758100003344000 0.515297949 0.587546798 -0.194435202 -0.546897452
403345 3345.000000 17758100003345000 0.513540268 0.587273133 -0.209021856 -0.582807279
403346 3346.000000 17758100003346000 0.511766315 0.587573687 -0.235562743 -0.542859795
403347 3347.000000 17758100003347000 0.509976029 0.586871604 -0.247955206 -0.539901746
403348 3348.000000 17758100003348000 0.508169651 0.586866476 -0.274615222 -0.559374844
403349 3349.000000 17758100003349000 0.506347060 0.586310456 -0.290686246 -0.538754552
403350 3350.000000 17758100003350000 0.504508495 0.586168125 -0.304358057 -0.574031467
403351 3351.000000 17758100003351000 0.502653956 0.585866078 -0.334761785 -0.556895573
403352 3352.000000 17758100003352000 0.500783503 0.585749101 -0.345621761 -0.528254446
403353 3353.000000 17758100003353000 0.498897225 0.585351958 -0.364513332 -0.549064411
403354 3354.000000 17758100003354000 0.496995211 0.584802642 -0.388398844 -0.557756514
403355 3355.000000 17758100003355000 0.495077521 0.584300085 -0.394798133 -0.545302626
403356 3356.000000 17758100003356000 0.493144214 0.584001075 -0.421926588 -0.581895377
403357 3357.000000 17758100003357000 0.491195410 0.583236439 -0.442909697 -0.564335233
403358 3358.000000 17758100003358000 0.489231139 0.582895397 -0.470119413 -0.542036965
403359 3359.000000 17758100003359000 0.487251520 0.582368951 -0.491449785 -0.549214465
403360 3360.000000 17758100003360000 0.485256612 0.582030150 -0.501408895 -0.515185521
403361 3361.000000 17758100003361000 0.483246505 0.581585081 -0.513642310 -0.558315747
403362 3362.000000 17758100003362000 0.481221259 0.580888962 -0.542459010 -0.561789781
403363 3363.000000 17758100003363000 0.479180962 0.580373887 -0.557673168 -0.513684760
403364 3364.000000 17758100003364000 0.477125704 0.579615613 -0.577212262 -0.541636207
403365 3365.000000 17758100003365000 0.475055546 0.579251045 -0.594729313 -0.530944775
403366 3366.000000 17758100003366000 0.472970575 0.578552501 -0.611817832 -0.524977994
403367 3367.000000 17758100003367000 0.470870882 0.578167304 -0.628873139 -0.533200140
403368 3368.000000 17758100003368000 0.468756557 0.577257954 -0.647134284 -0.542337001
403369 3369.000000 17758100003369000 0.466627687 0.576555371 -0.669146577 -0.511378779
403370 3370.000000 17758100003370000 0.464484304 0.575841883 -0.687149970 -0.525442415
403371 3371.000000 17758100003371000 0.462326556 0.575308115 -0.702436795 -0.535393850
403372 3372.000000 17758100003372000 0.460154504 0.574882381 -0.726582408 -0.527690075
403373 3373.000000 17758100003373000 0.457968235 0.573463160 -0.747820335 -0.524460199
403374 3374.000000 17758100003374000 0.455767840 0.573336640 -0.767961013 -0.557461655
403375 3375.000000 17758100003375000 0.453553379 0.572123324 -0.781690597 -0.546070242
403376 3376.000000 17758100003376000 0.451324999 0.571638426 -0.805266782 -0.566846107
403377 3377.000000 17758100003377000 0.449082702 0.570226437 -0.818837390 -0.566756361
403378 3378.000000 17758100003378000 0.446826667 0.569780743 -0.832397323 -0.543024771
403379 3379.000000 17758100003379000 0.444556892 0.568853421 -0.859404216 -0.593843522
403380 3380.000000 17758100003380000 0.442273557 0.567761688 -0.877435727 -0.552473517
403381 3381.000000 17758100003381000 0.439976692 0.567404031 -0.895882277 -0.556017194
403382 3382.000000 17758100003382000 0.437666416 0.566030752 -0.915160447 -0.497464105
403383 3383.000000 17758100003383000 0.435342789 0.565215006 -0.930833549 -0.586865256
403384 3384.000000 17758100003384000 0.433005929 0.564639570 -0.949015585 -0.531344726
403385 3385.000000 17758100003385000 0.430655926 0.563273049 -0.959834776 -0.540924988
403386 3386.000000 17758100003386000 0.428292871 0.562475898 -0.986831825 -0.548193089
403387 3387.000000 17758100003387000 0.425916851 0.561422643 -1.006467498 -0.556692940
403388 3388.000000 17758100003388000 0.423527986 0.560164888 -1.017911767 -0.527123204
403389 3389.000000 17758100003389000 0.421126336 0.559414532 -1.040526632 -0.563116470
403390 3390.000000 17758100003390000 0.418711990 0.558618999 -1.052263627 -0.535216036
403391 3391.000000 17758100003391000 0.416285068 0.557142476 -1.078568446 -0.512030094
403392 3392.000000 17758100003392000 0.413845688 0.555860745 -1.090172925 -0.513816211
403393 3393.000000 17758100003393000 0.411393881 0.555230930 -1.111532302 -0.552074084
403394 3394.000000 17758100003394000 0.408929795 0.553949258 -1.130648962 -0.546309496
403395 3395.000000 17758100003395000 0.406453520 0.552785000 -1.151821964 -0.519488976
403396 3396.000000 17758100003396000 0.403965145 0.551733608 -1.166009487 -0.529435580
403397 3397.000000 17758100003397000 0.401464760 0.550586345 -1.183850669 -0.541193217
403398 3398.000000 17758100003398000 0.398952484 0.549220556 -1.198459123 -0.530961353
403399 3399.000000 17758100003399000 0.396428406 0.548111687 -1.222926294 -0.559574380
403400 3400.000000 17758100003400000 0.393892616 0.546842470 -1.243793663 -0.551008743
403401 3401.000000 17758100003401000 0.391345233 0.545656437 -1.255173191 -0.538512440
403402 3402.000000 17758100003402000 0.388786346 0.544371535 -1.274095965 -0.501058843
403403 3403.000000 17758100003403000 0.386216074 0.542637275 -1.294945786 -0.534177616
403404 3404.000000 17758100003404000 0.383634478 0.541305395 -1.316313207 -0.518165964
403405 3405.000000 17758100003405000 0.381041676 0.540332491 -1.324856928 -0.488256690
403406 3406.000000 17758100003406000 0.378437817 0.538915672 -1.343841937 -0.494330103
403407 3407.000000 17758100003407000 0.375822932 0.537762921 -1.358227988 -0.506875974
403408 3408.000000 17758100003408000 0.373197168 0.536494369 -1.370460666 -0.473399914
403409 3409.000000 17758100003409000 0.370560616 0.534463957 -1.388190404 -0.517421252
403410 3410.000000 17758100003410000 0.367913395 0.533353662 -1.422990881 -0.532222083
403411 3411.000000 17758100003411000 0.365255594 0.531902772 -1.429049923 -0.544753738
403412 3412.000000 17758100003412000 0.362587303 0.530305781 -1.448481112 -0.532810892
403413 3413.000000 17758100003413000 0.359908670 0.529061485 -1.460855983 -0.520182604
403414 3414.000000 17758100003414000 0.357219756 0.527691857 -1.480325743 -0.517641703
403415 3415.000000 17758100003415000 0.354520708 0.525961826 -1.497589634 -0.475176985
403416 3416.000000 17758100003416000 0.351811588 0.524748141 -1.501275454 -0.500751301
403417 3417.000000 17758100003417000 0.349092543 0.522963778 -1.527809215 -0.496168983
403418 3418.000000 17758100003418000 0.346363664 0.521678663 -1.538606369 -0.512119189
403419 3419.000000 17758100003419000 0.343625069 0.519749793 -1.570319106 -0.533001978
403420 3420.000000 17758100003420000 0.340876848 0.518681583 -1.581905152 -0.516081227
403421 3421.000000 17758100003421000 0.338119090 0.516845531 -1.593312500 -0.495015910
403422 3422.000000 17758100003422000 0.335351974 0.515091699 -1.614763625 -0.532878264
403423 3423.000000 17758100003423000 0.332575530 0.513294223 -1.631710908 -0.483875524
403424 3424.000000 17758100003424000 0.329789937 0.511742325 -1.642865007 -0.491298748
403425 3425.000000 17758100003425000 0.326995254 0.510284340 -1.663253233 -0.512582744
403426 3426.000000 17758100003426000 0.324191600 0.508428489 -1.670096378 -0.478592493
403427 3427.000000 17758100003427000 0.321379125 0.506665094 -1.705045474 -0.460111578
403428 3428.000000 17758100003428000 0.318557888 0.504815868 -1.703708764 -0.503604895
403429 3429.000000 17758100003429000 0.315728009 0.503454383 -1.725103529 -0.487816910
403430 3430.000000 17758100003430000 0.312889636 0.501294959 -1.743605902 -0.511607631
403431 3431.000000 17758100003431000 0.310042858 0.499945376 -1.759331168 -0.489823629
403432 3432.000000 17758100003432000 0.307187796 0.498085932 -1.781446205 -0.490527353
403433 3433.000000 17758100003433000 0.304324538 0.496185610 -1.786923295 -0.479634636
403434 3434.000000 17758100003434000 0.301453203 0.494767413 -1.796642938 -0.522815975
403435 3435.000000 17758100003435000 0.298573941 0.492147455 -1.819123253 -0.471411668
403436 3436.000000 17758100003436000 0.295686841 0.490871301 -1.837577286 -0.504902078
403437 3437.000000 17758100003437000 0.292791992 0.488689156 -1.847753526 -0.492491615
403438 3438.000000 17758100003438000 0.289889544 0.487245503 -1.859469192 -0.484131431
403439 3439.000000 17758100003439000 0.286979616 0.485267300 -1.883279100 -0.468496581
403440 3440.000000 17758100003440000 0.284062266 0.483398351 -1.897967667 -0.453357819
403441 3441.000000 17758100003441000 0.281137675 0.481244576 -1.909674908 -0.450622788
403442 3442.000000 17758100003442000 0.278205931 0.479549259 -1.934481163 -0.476526966
403443 3443.000000 17758100003443000 0.275267154 0.477384487 -1.945144664 -0.456733545
403444 3444.000000 17758100003444000 0.272321463 0.475383703 -1.958299001 -0.470262031
403445 3445.000000 17758100003445000 0.269368947 0.473654876 -1.968982677 -0.446851132
403446 3446.000000 17758100003446000 0.266409785 0.471915769 -1.986205581 -0.446127158
403447 3447.000000 17758100003447000 0.263444006 0.469707403 -1.998239415 -0.440281203
403448 3448.000000 17758100003448000 0.260471791 0.467545787 -2.011054123 -0.466243602
403449 3449.000000 17758100003449000 0.257493258 0.465593571 -2.025909549 -0.472728081
403450 3450.000000 17758100003450000 0.254508495 0.463384572 -2.039551600 -0.474463439
403451 3451.000000 17758100003451000 0.251517624 0.461687375 -2.055044815 -0.432738551
403452 3452.000000 17758100003452000 0.248520792 0.459454174 -2.075688774 -0.436148856
403453 3453.000000 17758100003453000 0.245518088 0.457068283 -2.090616436 -0.417755216
403454 3454.000000 17758100003454000 0.242509633 0.455493761 -2.100636196 -0.430080664
403455 3455.000000 17758100003455000 0.239495546 0.453401882 -2.116372852 -0.439190649
403456 3456.000000 17758100003456000 0.236475974 0.450912575 -2.135288584 -0.464808583
403457 3457.000000 17758100003457000 0.233450994 0.449194944 -2.145990725 -0.445761637
403458 3458.000000 17758100003458000 0.230420753 0.446566917 -2.153277609 -0.433061979
403459 3459.000000 17758100003459000 0.227385357 0.444817557 -2.163352871 -0.431289075
403460 3460.000000 17758100003460000 0.224344939 0.442380713 -2.185353262 -0.398547277
403461 3461.000000 17758100003461000 0.221299618 0.440479142 -2.199161158 -0.441588537
403462 3462.000000 17758100003462000 0.218249500 0.437914449 -2.218738332 -0.432780581
403463 3463.000000 17758100003463000 0.215194717 0.435382345 -2.215402812 -0.418561016
403464 3464.000000 17758100003464000 0.212135375 0.433589580 -2.241110896 -0.444716296
403465 3465.000000 17758100003465000 0.209071621 0.431173571 -2.255262238 -0.393343352
403466 3466.000000 17758100003466000 0.206003562 0.428992722 -2.262515223 -0.438039537
403467 3467.000000 17758100003467000 0.202931300 0.426639888 -2.285413843 -0.449495645
403468 3468.000000 17758100003468000 0.199854985 0.424345758 -2.295449929 -0.417058575
403469 3469.000000 17758100003469000 0.196774736 0.421796559 -2.299930834 -0.414523010
403470 3470.000000 17758100003470000 0.193690658 0.419112242 -2.315431710 -0.448726813
403471 3471.000000 17758100003471000 0.190602884 0.417314105 -2.327477126 -0.394937347
403472 3472.000000 17758100003472000 0.187511533 0.415388411 -2.344705651 -0.399658355
403473 3473.000000 17758100003473000 0.184416726 0.412444163 -2.359987956 -0.377533136
403474 3474.000000 17758100003474000 0.181318581 0.410088865 -2.374822731 -0.400066931
403475 3475.000000 17758100003475000 0.178217232 0.407919874 -2.372030337 -0.368433469
403476 3476.000000 17758100003476000 0.175112799 0.405343967 -2.384133192 -0.378958764
403477 3477.000000 17758100003477000 0.172005385 0.403188439 -2.403044268 -0.386802761
403478 3478.000000 17758100003478000 0.168895140 0.400898029 -2.407659120 -0.412475966
403479 3479.000000 17758100003479000 0.165782183 0.398177582 -2.424104643 -0.415975652
403480 3480.000000 17758100003480000 0.162666619 0.395878142 -2.430547125 -0.393353654
403481 3481.000000 17758100003481000 0.159548581 0.393611203 -2.454297179 -0.367602233
403482 3482.000000 17758100003482000 0.156428188 0.390820500 -2.459659171 -0.375018399
403483 3483.000000 17758100003483000 0.153305575 0.388518611 -2.470319928 -0.403372199
403484 3484.000000 17758100003484000 0.150180861 0.385857516 -2.479493661 -0.397271968
403485 3485.000000 17758100003485000 0.147054151 0.383545089 -2.499011709 -0.380659558
403486 3486.000000 17758100003486000 0.143925592 0.381045232 -2.505783954 -0.382209822
403487 3487.000000 17758100003487000 0.140795305 0.378524170 -2.530737255 -0.380505296
403488 3488.000000 17758100003488000 0.137663409 0.376025575 -2.532119859 -0.329919153
403489 3489.000000 17758100003489000 0.134530008 0.373507919 -2.536317048 -0.405141916
403490 3490.000000 17758100003490000 0.131395265 0.370998239 -2.544348806 -0.353993249
403491 3491.000000 17758100003491000 0.128259271 0.367981988 -2.558615740 -0.375695541
403492 3492.000000 17758100003492000 0.125122160 0.365643034 -2.581984808 -0.363070951
403493 3493.000000 17758100003493000 0.121984057 0.363263876 -2.581697503 -0.393993350
403494 3494.000000 17758100003494000 0.118845090 0.360227185 -2.590126126 -0.358881311
403495 3495.000000 17758100003495000 0.115705378 0.358082484 -2.608015143 -0.335417377
403496 3496.000000 17758100003496000 0.112565048 0.355296942 -2.616920188 -0.361881932
403497 3497.000000 17758100003497000 0.109424219 0.352796823 -2.625058054 -0.350825859
403498 3498.000000 17758100003498000 0.106283017 0.350033186 -2.629185229 -0.362724197
403499 3499.000000 17758100003499000 0.103141569 0.347406279 -2.643955436 -0.338852860
403500 3500.000000 17758100003500000 0.100000001 0.344901812 -2.655735544 -0.354866357
403501 3501.000000 17758100003501000 0.096858427 0.341871337 -2.656389545 -0.320842073
403502 3502.000000 17758100003502000 0.093716979 0.339287116 -2.673562362 -0.326024521
403503 3503.000000 17758100003503000 0.090575777 0.336984358 -2.687359895 -0.349739200
403504 3504.000000 17758100003504000 0.087434955 0.333952054 -2.695920612 -0.319684722
403505 3505.000000 17758100003505000 0.084294617 0.331240006 -2.702677404 -0.287870006
403506 3506.000000 17758100003506000 0.081154905 0.328831129 -2.707129056 -0.329592709
403507 3507.000000 17758100003507000 0.078015938 0.325909612 -2.716227258 -0.325777616
403508 3508.000000 17758100003508000 0.074877843 0.323351466 -2.723185031 -0.265884305
403509 3509.000000 17758100003509000 0.071740732 0.320201877 -2.740023057 -0.279376274
403510 3510.000000 17758100003510000 0.068604738 0.317835800 -2.739533114 -0.327622734
403511 3511.000000 17758100003511000 0.065469988 0.315015400 -2.745247857 -0.308339855
403512 3512.000000 17758100003512000 0.062336598 0.312557778 -2.757769895 -0.308677033
403513 3513.000000 17758100003513000 0.059204694 0.309727914 -2.772722133 -0.313024833
403514 3514.000000 17758100003514000 0.056074403 0.306574436 -2.776313980 -0.316556196
403515 3515.000000 17758100003515000 0.052945845 0.303839010 -2.783414471 -0.304990167
403516 3516.000000 17758100003516000 0.049819142 0.301014686 -2.794271026 -0.290002678
403517 3517.000000 17758100003517000 0.046694424 0.298599307 -2.794791093 -0.271415685
403518 3518.000000 17758100003518000 0.043571807 0.295084818 -2.815004236 -0.277503462
403519 3519.000000 17758100003519000 0.040451419 0.292449374 -2.822094942 -0.328701127
403520 3520.000000 17758100003520000 0.037333384 0.290093587 -2.834722569 -0.284481371
403521 3521.000000 17758100003521000 0.034217820 0.286764184 -2.841740683 -0.309315379
403522 3522.000000 17758100003522000 0.031104855 0.284131806 -2.838423608 -0.222258506
403523 3523.000000 17758100003523000 0.027994609 0.281242063 -2.847271984 -0.269582768
403524 3524.000000 17758100003524000 0.024887206 0.278334374 -2.854056121 -0.271726039
403525 3525.000000 17758100003525000 0.021782767 0.275745468 -2.864503982 -0.288362463
403526 3526.000000 17758100003526000 0.018681418 0.272544713 -2.868759828 -0.284101475
403527 3527.000000 17758100003527000 0.015583278 0.269807862 -2.877368063 -0.273991312
403528 3528.000000 17758100003528000 0.012488470 0.266778420 -2.887821321 -0.258673087
403529 3529.000000 17758100003529000 0.009397118 0.263892731 -2.887894088 -0.279491900
403530 3530.000000 17758100003530000 0.006309343 0.261140072 -2.901887462 -0.250437169
403531 3531.000000 17758100003531000 0.003225266 0.258202979 -2.890831152 -0.233901126
403532 3532.000000 17758100003532000 0.000145010 0.255281348 -2.919269403 -0.248684965
403533 3533.000000 17758100003533000 -0.002931304 0.252116083 -2.909378870 -0.261199731
403534 3534.000000 17758100003534000 -0.006003555 0.249406146 -2.920630918 -0.259758570
403535 3535.000000 17758100003535000 -0.009071621 0.246404786 -2.929304524 -0.230855540
403536 3536.000000 17758100003536000 -0.012135381 0.243845152 -2.928263462 -0.211275290
403537 3537.000000 17758100003537000 -0.015194713 0.240683439 -2.937988340 -0.222118238
403538 3538.000000 17758100003538000 -0.018249499 0.237638445 -2.955425345 -0.214039394
403539 3539.000000 17758100003539000 -0.021299616 0.234817824 -2.957268692 -0.221400005
403540 3540.000000 17758100003540000 -0.024344943 0.232265613 -2.957046060 -0.217583378
403541 3541.000000 17758100003541000 -0.027385363 0.229144783 -2.959919573 -0.201440028
403542 3542.000000 17758100003542000 -0.030420752 0.225964874 -2.977166018 -0.238887281
403543 3543.000000 17758100003543000 -0.033450995 0.222951883 -2.964149115 -0.181856951
403544 3544.000000 17758100003544000 -0.036475968 0.219586059 -2.982298601 -0.204367685
403545 3545.000000 17758100003545000 -0.039495554 0.216961151 -2.975641530 -0.209110003
403546 3546.000000 17758100003546000 -0.042509630 0.213796630 -2.988757049 -0.187362714
403547 3547.000000 17758100003547000 -0.045518082 0.211325403 -2.986339564 -0.200696751
403548 3548.000000 17758100003548000 -0.048520792 0.208291697 -2.992070327 -0.198464853
403549 3549.000000 17758100003549000 -0.051517636 0.204972941 -2.990374522 -0.179569837
403550 3550.000000 17758100003550000 -0.054508496 0.202126205 -3.004206723 -0.163863687
403551 3551.000000 17758100003551000 -0.057493258 0.198679946 -3.010227657 -0.197531964
403552 3552.000000 17758100003552000 -0.060471807 0.196210743 -3.013517191 -0.188581180
403553 3553.000000 17758100003553000 -0.063444018 0.193114307 -3.007960697 -0.145502927
403554 3554.000000 17758100003554000 -0.066409774 0.190462437 -3.014540845 -0.132508075
403555 3555.000000 17758100003555000 -0.069368958 0.186724280 -3.019404909 -0.224575913
403556 3556.000000 17758100003556000 -0.072321460 0.184217919 -3.025685495 -0.166972750
403557 3557.000000 17758100003557000 -0.075267158 0.181155257 -3.025806024 -0.186849782
403558 3558.000000 17758100003558000 -0.078205936 0.178274636 -3.023937160 -0.190372077
403559 3559.000000 17758100003559000 -0.081137687 0.174854619 -3.033012543 -0.181225797
403560 3560.000000 17758100003560000 -0.084062278 0.172181033 -3.036376669 -0.165090020
403561 3561.000000 17758100003561000 -0.086979605 0.168941260 -3.031952014 -0.130775770
403562 3562.000000 17758100003562000 -0.089889549 0.166095337 -3.043465227 -0.153099679
403563 3563.000000 17758100003563000 -0.092791997 0.163206854 -3.043744176 -0.130061133
403564 3564.000000 17758100003564000 -0.095686831 0.159205081 -3.052317014 -0.143480617
403565 3565.000000 17758100003565000 -0.098573945 0.156404545 -3.044542690 -0.163332548
403566 3566.000000 17758100003566000 -0.101453215 0.153843039 -3.046182233 -0.091728206
403567 3567.000000 17758100003567000 -0.104324535 0.150235982 -3.055305593 -0.158526341
403568 3568.000000 17758100003568000 -0.107187793 0.147325245 -3.053880802 -0.106695619
403569 3569.000000 17758100003569000 -0.110042863 0.144779269 -3.057037654 -0.119680456
403570 3570.000000 17758100003570000 -0.112889647 0.141375025 -3.062702017 -0.140809131
403571 3571.000000 17758100003571000 -0.115728021 0.138132621 -3.055240102 -0.118645944
403572 3572.000000 17758100003572000 -0.118557885 0.135230446 -3.062576848 -0.125187871
403573 3573.000000 17758100003573000 -0.121379115 0.131835036 -3.063937693 -0.061094373
403574 3574.000000 17758100003574000 -0.124191605 0.129147897 -3.065256953 -0.084612550
403575 3575.000000 17758100003575000 -0.126995251 0.126021302 -3.070398930 -0.088838591
403576 3576.000000 17758100003576000 -0.129789934 0.122722948 -3.070575712 -0.119781755
403577 3577.000000 17758100003577000 -0.132575542 0.119656298 -3.059884093 -0.105946189
403578 3578.000000 17758100003578000 -0.135351971 0.116623334 -3.075013772 -0.062028625
403579 3579.000000 17758100003579000 -0.138119102 0.113698979 -3.057529984 -0.087193999
403580 3580.000000 17758100003580000 -0.140876830 0.110817165 -3.072451686 -0.103382662
403581 3581.000000 17758100003581000 -0.143625066 0.107872028 -3.070464850 -0.079878599
403582 3582.000000 17758100003582000 -0.146363676 0.104423314 -3.067776158 -0.084295708
403583 3583.000000 17758100003583000 -0.149092555 0.101253956 -3.067595328 -0.064305242
403584 3584.000000 17758100003584000 -0.151811600 0.098598706 -3.069650295 -0.088621013
403585 3585.000000 17758100003585000 -0.154520705 0.095316497 -3.079322694 -0.086816373
403586 3586.000000 17758100003586000 -0.157219768 0.092141494 -3.070741315 -0.055659388
403587 3587.000000 17758100003587000 -0.159908667 0.089392917 -3.065418153 -0.064309428
403588 3588.000000 17758100003588000 -0.162587315 0.086314873 -3.068947039 -0.053410489
403589 3589.000000 17758100003589000 -0.165255591 0.083208975 -3.077263941 -0.065087842
403590 3590.000000 17758100003590000 -0.167913392 0.079776355 -3.075507181 -0.033294475
403591 3591.000000 17758100003591000 -0.170560628 0.076334657 -3.071803392 -0.062877930
403592 3592.000000 17758100003592000 -0.173197180 0.073624045 -3.067261296 -0.056653066
403593 3593.000000 17758100003593000 -0.175822929 0.070433021 -3.067140717 -0.044469148
403594 3594.000000 17758100003594000 -0.178437814 0.067663375 -3.071425565 -0.061132884
403595 3595.000000 17758100003595000 -0.181041688 0.064523414 -3.060005615 -0.031520443
403596 3596.000000 17758100003596000 -0.183634475 0.061703625 -3.064736639 -0.041393559
403597 3597.000000 17758100003597000 -0.186216056 0.058458981 -3.072603236 -0.019749626
403598 3598.000000 17758100003598000 -0.188786358 0.055321944 -3.057467115 -0.014112389
403599 3599.000000 17758100003599000 -0.191345245 0.052444144 -3.061891578 -0.012669524
403600 3600.000000 17758100003600000 -0.193892628 0.049516983 -3.054099254 -0.034156709
403601 3601.000000 17758100003601000 -0.196428403 0.046322257 -3.057713515 -0.008005773
403602 3602.000000 17758100003602000 -0.198952496 0.043320591 -3.059306996 -0.001836594
403603 3603.000000 17758100003603000 -0.201464772 0.039936261 -3.057233746 -0.011596650
403604 3604.000000 17758100003604000 -0.203965142 0.037029254 -3.052822560 -0.002528599
403605 3605.000000 17758100003605000 -0.206453532 0.034212978 -3.037568953 -0.039913832
403606 3606.000000 17758100003606000 -0.208929807 0.031246091 -3.042593919 -0.010440716
403607 3607.000000 17758100003607000 -0.211393893 0.027982430 -3.037947326 0.012150782
403608 3608.000000 17758100003608000 -0.213845685 0.025016714 -3.040427819 0.008090089
403609 3609.000000 17758100003609000 -0.216285080 0.022305381 -3.035822862 0.030564523
403610 3610.000000 17758100003610000 -0.218712002 0.018807158 -3.019320990 0.022279719
403611 3611.000000 17758100003611000 -0.221126333 0.016235229 -3.020587224 0.023623688
403612 3612.000000 17758100003612000 -0.223527983 0.012913017 -3.025399283 0.035409989
403613 3613.000000 17758100003613000 -0.225916862 0.009780743 -3.019896009 0.060331664
403614 3614.000000 17758100003614000 -0.228292882 0.006804307 -3.012835533 0.015515686
403615 3615.000000 17758100003615000 -0.230655938 0.003560283 -3.009945654 0.045754934
403616 3616.000000 17758100003616000 -0.233005941 0.000811278 -3.024091153 0.073458646
403617 3617.000000 17758100003617000 -0.235342786 -0.002461084 -3.000862807 0.060584618
403618 3618.000000 17758100003618000 -0.237666398 -0.005066487 -3.000032126 0.056444843
403619 3619.000000 17758100003619000 -0.239976689 -0.007867041 -2.998850026 0.062813876
403620 3620.000000 17758100003620000 -0.242273554 -0.011304814 -3.000040777 0.050510827
403621 3621.000000 17758100003621000 -0.244556904 -0.013992347 -2.991599840 0.058950968
403622 3622.000000 17758100003622000 -0.246826649 -0.017168138 -2.991122095 0.056056786
403623 3623.000000 17758100003623000 -0.249082714 -0.020019332 -2.985695700 0.063985136
403624 3624.000000 17758100003624000 -0.251324981 -0.023142353 -2.979029062 0.072725626
403625 3625.000000 17758100003625000 -0.253553391 -0.026207937 -2.973226325 0.068134285
403626 3626.000000 17758100003626000 -0.255767852 -0.029062498 -2.962368833 0.101915579
403627 3627.000000 17758100003627000 -0.257968247 -0.031794246 -2.959261737 0.097229930
403628 3628.000000 17758100003628000 -0.260154516 -0.035144491 -2.957378462 0.077341904
403629 3629.000000 17758100003629000 -0.262326568 -0.037881534 -2.949872610 0.099363531
403630 3630.000000 17758100003630000 -0.264484316 -0.040888233 -2.937430522 0.071133819
403631 3631.000000 17758100003631000 -0.266627669 -0.043912926 -2.941038873 0.122898305
403632 3632.000000 17758100003632000 -0.268756568 -0.046533444 -2.932168113 0.094974902
403633 3633.000000 17758100003633000 -0.270870894 -0.049418336 -2.928158124 0.091050159
403634 3634.000000 17758100003634000 -0.272970587 -0.052254404 -2.921491361 0.098154681
403635 3635.000000 17758100003635000 -0.275055528 -0.055611465 -2.916593379 0.077362570
403636 3636.000000 17758100003636000 -0.277125686 -0.058476790 -2.911793981 0.076256764
403637 3637.000000 17758100003637000 -0.279180944 -0.061384296 -2.903317324 0.088732638
403638 3638.000000 17758100003638000 -0.281221241 -0.064072277 -2.906983894 0.108081580
403639 3639.000000 17758100003639000 -0.283246517 -0.067379542 -2.888341428 0.104671649
403640 3640.000000 17758100003640000 -0.285256624 -0.069941577 -2.877161954 0.142918923
403641 3641.000000 17758100003641000 -0.287251532 -0.072710334 -2.869669009 0.162282576
403642 3642.000000 17758100003642000 -0.289231151 -0.075984632 -2.868206791 0.109656737
403643 3643.000000 17758100003643000 -0.291195393 -0.078657555 -2.855605477 0.133332985
403644 3644.000000 17758100003644000 -0.293144226 -0.081372060 -2.848963998 0.112651638
403645 3645.000000 17758100003645000 -0.295077503 -0.084479163 -2.843210872 0.115312203
403646 3646.000000 17758100003646000 -0.296995193 -0.087140414 -2.846268163 0.120286407
403647 3647.000000 17758100003647000 -0.298897207 -0.090177246 -2.831322252 0.159835731
403648 3648.000000 17758100003648000 -0.300783485 -0.092673058 -2.828222205 0.136829251
403649 3649.000000 17758100003649000 -0.302653939 -0.095449698 -2.828283622 0.154557081
403650 3650.000000 17758100003650000 -0.304508507 -0.098453477 -2.809787130 0.122051575
403651 3651.000000 17758100003651000 -0.306347072 -0.101020415 -2.802766489 0.111620853
403652 3652.000000 17758100003652000 -0.308169633 -0.104494425 -2.796029265 0.171670150
403653 3653.000000 17758100003653000 -0.309976041 -0.107375812 -2.786643134 0.190471450
403654 3654.000000 17758100003654000 -0.311766297 -0.109385506 -2.770055009 0.166824129
403655 3655.000000 17758100003655000 -0.313540280 -0.112579773 -2.759932767 0.206756464
403656 3656.000000 17758100003656000 -0.315297961 -0.115125461 -2.771219051 0.158349441
403657 3657.000000 17758100003657000 -0.317039222 -0.117853398 -2.756791297 0.166031103
403658 3658.000000 17758100003658000 -0.318764031 -0.120575969 -2.749917794 0.131097146
403659 3659.000000 17758100003659000 -0.320472300 -0.123274814 -2.728112777 0.152104602
403660 3660.000000 17758100003660000 -0.322163969 -0.126032542 -2.732525088 0.205621329
403661 3661.000000 17758100003661000 -0.323838979 -0.129232442 -2.720441359 0.191255497
403662 3662.000000 17758100003662000 -0.325497240 -0.131483549 -2.712060842 0.182460955
403663 3663.000000 17758100003663000 -0.327138722 -0.134536820 -2.697970292 0.215596566
403664 3664.000000 17758100003664000 -0.328763336 -0.136990090 -2.684419363 0.205367238
403665 3665.000000 17758100003665000 -0.330371022 -0.139363348 -2.685857743 0.217618193
403666 3666.000000 17758100003666000 -0.331961721 -0.142096655 -2.670134839 0.197831427
403667 3667.000000 17758100003667000 -0.333535343 -0.144652312 -2.669754548 0.206864720
403668 3668.000000 17758100003668000 -0.335091889 -0.147539750 -2.650169324 0.195778797
403669 3669.000000 17758100003669000 -0.336631238 -0.150602165 -2.648644299 0.210389730
403670 3670.000000 17758100003670000 -0.338153332 -0.152902703 -2.634608729 0.214829021
403671 3671.000000 17758100003671000 -0.339658141 -0.155364220 -2.624413364 0.209359753
403672 3672.000000 17758100003672000 -0.341145605 -0.157824660 -2.612920490 0.248135921
403673 3673.000000 17758100003673000 -0.342615664 -0.160534677 -2.605789539 0.224970077
403674 3674.000000 17758100003674000 -0.344068229 -0.163415378 -2.588761209 0.210168286
403675 3675.000000 17758100003675000 -0.345503271 -0.165855564 -2.581804303 0.221751559
403676 3676.000000 17758100003676000 -0.346920699 -0.168518640 -2.564711647 0.254905857
403677 3677.000000 17758100003677000 -0.348320514 -0.170987985 -2.568096511 0.247374586
403678 3678.000000 17758100003678000 -0.349702626 -0.173580505 -2.555309860 0.249541151
403679 3679.000000 17758100003679000 -0.351066977 -0.175849713 -2.536520177 0.230816256
403680 3680.000000 17758100003680000 -0.352413535 -0.178692101 -2.527927864 0.206221427
403681 3681.000000 17758100003681000 -0.353742212 -0.180933060 -2.526915476 0.266150805
403682 3682.000000 17758100003682000 -0.355052978 -0.183646693 -2.495658308 0.218047508
403683 3683.000000 17758100003683000 -0.356345803 -0.186142121 -2.499513991 0.258329879
403684 3684.000000 17758100003684000 -0.357620597 -0.188587316 -2.489746639 0.243727256
403685 3685.000000 17758100003685000 -0.358877301 -0.191431467 -2.485220852 0.275672166
403686 3686.000000 17758100003686000 -0.360115916 -0.193885393 -2.455797502 0.264168480
403687 3687.000000 17758100003687000 -0.361336380 -0.195481408 -2.455030202 0.270968009
403688 3688.000000 17758100003688000 -0.362538606 -0.198505472 -2.432152930 0.278550707
403689 3689.000000 17758100003689000 -0.363722563 -0.200917986 -2.422730693 0.286963177
403690 3690.000000 17758100003690000 -0.364888251 -0.203389180 -2.416166221 0.326155922
403691 3691.000000 17758100003691000 -0.366035551 -0.205804639 -2.406230355 0.281274180
403692 3692.000000 17758100003692000 -0.367164463 -0.208235786 -2.391546486 0.284024907
403693 3693.000000 17758100003693000 -0.368274957 -0.210381095 -2.375750265 0.313178103
403694 3694.000000 17758100003694000 -0.369366914 -0.213266721 -2.357751183 0.293777272
403695 3695.000000 17758100003695000 -0.370440394 -0.215119764 -2.349515737 0.265237085
403696 3696.000000 17758100003696000 -0.371495277 -0.217852373 -2.338837715 0.281991966
403697 3697.000000 17758100003697000 -0.372531533 -0.219772517 -2.332521802 0.308735326
403698 3698.000000 17758100003698000 -0.373549163 -0.222443347 -2.322479831 0.293637155
403699 3699.000000 17758100003699000 -0.374548078 -0.224781079 -2.310949680 0.309156696
403700 3700.000000 17758100003700000 -0.375528246 -0.226337431 -2.293631073 0.333990874
403701 3701.000000 17758100003701000 -0.376489669 -0.228688268 -2.278781122 0.312017477
403702 3702.000000 17758100003702000 -0.377432287 -0.231521803 -2.265530531 0.338053383
403703 3703.000000 17758100003703000 -0.378356040 -0.233484805 -2.251446484 0.338838869
403704 3704.000000 17758100003704000 -0.379260898 -0.235744370 -2.239421471 0.310400328
403705 3705.000000 17758100003705000 -0.380146831 -0.238277932 -2.221350177 0.274710231
403706 3706.000000 17758100003706000 -0.381013840 -0.240374816 -2.212634506 0.329235667
403707 3707.000000 17758100003707000 -0.381861836 -0.242275265 -2.189110909 0.335538666
403708 3708.000000 17758100003708000 -0.382690817 -0.244237609 -2.178173137 0.320469405
403709 3709.000000 17758100003709000 -0.383500755 -0.246759413 -2.170061705 0.287449099
403710 3710.000000 17758100003710000 -0.384291589 -0.249064642 -2.154180796 0.308179396
403711 3711.000000 17758100003711000 -0.385063291 -0.250739056 -2.140442278 0.319184692
403712 3712.000000 17758100003712000 -0.385815859 -0.253339594 -2.131413824 0.329660855
403713 3713.000000 17758100003713000 -0.386549264 -0.255467536 -2.114722019 0.350320731
403714 3714.000000 17758100003714000 -0.387263447 -0.257341853 -2.103995590 0.361744760
403715 3715.000000 17758100003715000 -0.387958378 -0.259440068 -2.086165285 0.363267090
403716 3716.000000 17758100003716000 -0.388634056 -0.261940188 -2.073781173 0.311963403
403717 3717.000000 17758100003717000 -0.389290452 -0.263534132 -2.062246227 0.389323588
403718 3718.000000 17758100003718000 -0.389927536 -0.265447498 -2.043250888 0.354435648
403719 3719.000000 17758100003719000 -0.390545249 -0.267811937 -2.029109815 0.369041292
403720 3720.000000 17758100003720000 -0.391143620 -0.269718804 -2.022586934 0.403774932
403721 3721.000000 17758100003721000 -0.391722590 -0.272164044 -2.000799434 0.375571237
403722 3722.000000 17758100003722000 -0.392282158 -0.273505786 -1.983087252 0.382322574
403723 3723.000000 17758100003723000 -0.392822295 -0.275950649 -1.968964455 0.367868245
403724 3724.000000 17758100003724000 -0.393342972 -0.277553454 -1.948882419 0.391235084
403725 3725.000000 17758100003725000 -0.393844157 -0.279505376 -1.944677518 0.354712622
403726 3726.000000 17758100003726000 -0.394325882 -0.281493856 -1.921134871 0.364200423
403727 3727.000000 17758100003727000 -0.394788057 -0.283425585 -1.907709101 0.367960662
403728 3728.000000 17758100003728000 -0.395230711 -0.285321088 -1.895730919 0.394488820
403729 3729.000000 17758100003729000 -0.395653814 -0.287038576 -1.887459252 0.382599661
403730 3730.000000 17758100003730000 -0.396057338 -0.289087583 -1.874582297 0.361592225
403731 3731.000000 17758100003731000 -0.396441311 -0.290993750 -1.849008313 0.370135087
403732 3732.000000 17758100003732000 -0.396805644 -0.292691351 -1.837764772 0.427664179
403733 3733.000000 17758100003733000 -0.397150397 -0.294795168 -1.823420234 0.374649894
403734 3734.000000 17758100003734000 -0.397475511 -0.296304411 -1.802680533 0.398306442
403735 3735.000000 17758100003735000 -0.397780985 -0.297790197 -1.788135185 0.401258604
403736 3736.000000 17758100003736000 -0.398066819 -0.300205832 -1.774414541 0.380665291
403737 3737.000000 17758100003737000 -0.398332953 -0.301959827 -1.760706840 0.390912714
403738 3738.000000 17758100003738000 -0.398579448 -0.303312307 -1.737193287 0.417724418
403739 3739.000000 17758100003739000 -0.398806244 -0.304995938 -1.721979542 0.396069884
403740 3740.000000 17758100003740000 -0.399013370 -0.307278066 -1.711228683 0.421614536
403741 3741.000000 17758100003741000 -0.399200767 -0.309042776 -1.689883197 0.416827904
403742 3742.000000 17758100003742000 -0.399368465 -0.310246204 -1.674386225 0.384073044
403743 3743.000000 17758100003743000 -0.399516463 -0.311867833 -1.654484030 0.410641357
403744 3744.000000 17758100003744000 -0.399644732 -0.313525669 -1.645175354 0.439414986
403745 3745.000000 17758100003745000 -0.399753273 -0.315131889 -1.637378375 0.398601093
403746 3746.000000 17758100003746000 -0.399842083 -0.316706731 -1.609391853 0.411869248
403747 3747.000000 17758100003747000 -0.399911165 -0.318633965 -1.598182976 0.418836040
403748 3748.000000 17758100003748000 -0.399960518 -0.319864256 -1.589281757 0.454114390
403749 3749.000000 17758100003749000 -0.399990141 -0.321713841 -1.562468353 0.433703558
403750 3750.000000 17758100003750000 -0.400000006 -0.323302494 -1.551773102 0.436619961
403751 3751.000000 17758100003751000 -0.399990141 -0.324726540 -1.521168194 0.436850787
403752 3752.000000 17758100003752000 -0.399960518 -0.326414847 -1.519752509 0.475228006
403753 3753.000000 17758100003753000 -0.399911165 -0.327647021 -1.493076883 0.409133119
403754 3754.000000 17758100003754000 -0.399842083 -0.329030287 -1.477289925 0.466893458
403755 3755.000000 17758100003755000 -0.399753273 -0.330450364 -1.457739066 0.446810733
403756 3756.000000 17758100003756000 -0.399644732 -0.332086605 -1.449428945 0.432225105
403757 3757.000000 17758100003757000 -0.399516463 -0.333620214 -1.432085079 0.445025075
403758 3758.000000 17758100003758000 -0.399368465 -0.335162800 -1.399108691 0.449497652
403759 3759.000000 17758100003759000 -0.399200767 -0.336698557 -1.384689057 0.448518303
403760 3760.000000 17758100003760000 -0.399013370 -0.337683976 -1.381469551 0.448744151
403761 3761.000000 17758100003761000 -0.398806244 -0.339161318 -1.351389755 0.456775561
403762 3762.000000 17758100003762000 -0.398579448 -0.340202544 -1.343070024 0.452223216
403763 3763.000000 17758100003763000 -0.398332953 -0.341858988 -1.315367850 0.466659164
403764 3764.000000 17758100003764000 -0.398066819 -0.343355412 -1.308473127 0.450982114
403765 3765.000000 17758100003765000 -0.397780985 -0.344361516 -1.283370225 0.466843792
403766 3766.000000 17758100003766000 -0.397475511 -0.345300868 -1.271999674 0.431372915
403767 3767.000000 17758100003767000 -0.397150397 -0.346741310 -1.266666256 0.491220013
403768 3768.000000 17758100003768000 -0.396805644 -0.347881571 -1.246873549 0.514302267
403769 3769.000000 17758100003769000 -0.396441311 -0.349407219 -1.224647632 0.500654913
403770 3770.000000 17758100003770000 -0.396057338 -0.350185765 -1.202657138 0.521693035
403771 3771.000000 17758100003771000 -0.395653814 -0.351633688 -1.181001978 0.479991104
403772 3772.000000 17758100003772000 -0.395230711 -0.352897703 -1.173546186 0.464412329
403773 3773.000000 17758100003773000 -0.394788057 -0.353973250 -1.139936431 0.445475435
403774 3774.000000 17758100003774000 -0.394325882 -0.355033836 -1.125872830 0.491364892
403775 3775.000000 17758100003775000 -0.393844157 -0.356315745 -1.109971404 0.482030671
403776 3776.000000 17758100003776000 -0.393342972 -0.357418029 -1.093002122 0.473496722
403777 3777.000000 17758100003777000 -0.392822295 -0.358372301 -1.077286066 0.470192335
403778 3778.000000 17758100003778000 -0.392282158 -0.359682337 -1.058831523 0.469287244
403779 3779.000000 17758100003779000 -0.391722590 -0.360293546 -1.039397540 0.489334502
403780 3780.000000 17758100003780000 -0.391143620 -0.361496222 -1.020013558 0.486069408
403781 3781.000000 17758100003781000 -0.390545249 -0.362524760 -1.011665868 0.495030289
403782 3782.000000 17758100003782000 -0.389927536 -0.363849110 -0.980934211 0.480792533
403783 3783.000000 17758100003783000 -0.389290452 -0.364279973 -0.965940130 0.488724781
403784 3784.000000 17758100003784000 -0.388634056 -0.365384882 -0.955072379 0.507153407
403785 3785.000000 17758100003785000 -0.387958378 -0.366593052 -0.928549503 0.533915250
403786 3786.000000 17758100003786000 -0.387263447 -0.367179210 -0.912467153 0.495068614
403787 3787.000000 17758100003787000 -0.386549264 -0.368089642 -0.899118953 0.448676388
403788 3788.000000 17758100003788000 -0.385815859 -0.369211378 -0.873999081 0.531662450
403789 3789.000000 17758100003789000 -0.385063291 -0.370110745 -0.856851475 0.510442224
403790 3790.000000 17758100003790000 -0.384291589 -0.370928075 -0.841278388 0.477813445
403791 3791.000000 17758100003791000 -0.383500755 -0.371611571 -0.814348893 0.486961529
403792 3792.000000 17758100003792000 -0.382690817 -0.372394128 -0.801501246 0.493068715
403793 3793.000000 17758100003793000 -0.381861836 -0.373444992 -0.796082419 0.504572284
403794 3794.000000 17758100003794000 -0.381013840 -0.373972144 -0.767571608 0.543485715
403795 3795.000000 17758100003795000 -0.380146831 -0.375247130 -0.740621231 0.498157757
403796 3796.000000 17758100003796000 -0.379260898 -0.375457005 -0.719162750 0.545066106
403797 3797.000000 17758100003797000 -0.378356040 -0.376118096 -0.700617079 0.546105639
403798 3798.000000 17758100003798000 -0.377432287 -0.376965557 -0.690957249 0.556743024
403799 3799.000000 17758100003799000 -0.376489669 -0.377456968 -0.663913280 0.518505166
403800 3800.000000 17758100003800000 -0.375528246 -0.377760783 -0.655974075 0.495785778
403801 3801.000000 17758100003801000 -0.374548078 -0.378757592 -0.636148279 0.539330863
403802 3802.000000 17758100003802000 -0.373549163 -0.379589421 -0.608036439 0.523133825
403803 3803.000000 17758100003803000 -0.372531533 -0.379630360 -0.587032055 0.517863699
403804 3804.000000 17758100003804000 -0.371495277 -0.380655056 -0.568958458 0.528651858
403805 3805.000000 17758100003805000 -0.370440394 -0.381127661 -0.558386236 0.522602541
403806 3806.000000 17758100003806000 -0.369366914 -0.381841348 -0.540796291 0.547188399
403807 3807.000000 17758100003807000 -0.368274957 -0.382156000 -0.514149227 0.548880912
403808 3808.000000 17758100003808000 -0.367164463 -0.383058051 -0.493449374 0.533434087
403809 3809.000000 17758100003809000 -0.366035551 -0.383149356 -0.481507618 0.523920120
403810 3810.000000 17758100003810000 -0.364888251 -0.383453381 -0.464286163 0.530458120
403811 3811.000000 17758100003811000 -0.363722563 -0.384005912 -0.443351795 0.542798900
403812 3812.000000 17758100003812000 -0.362538606 -0.384210132 -0.421582262 0.514487606
403813 3813.000000 17758100003813000 -0.361336380 -0.384846725 -0.406670476 0.519791360
403814 3814.000000 17758100003814000 -0.360115916 -0.385222772 -0.387582256 0.544648433
403815 3815.000000 17758100003815000 -0.358877301 -0.385412991 -0.368458205 0.539467732
403816 3816.000000 17758100003816000 -0.357620597 -0.386174812 -0.346381700 0.510083668
403817 3817.000000 17758100003817000 -0.356345803 -0.386326402 -0.326516856 0.546014416
403818 3818.000000 17758100003818000 -0.355052978 -0.386500560 -0.302306154 0.550535492
403819 3819.000000 17758100003819000 -0.353742212 -0.387038618 -0.289560065 0.550986187
403820 3820.000000 17758100003820000 -0.352413535 -0.386972358 -0.265569080 0.540874809
403821 3821.000000 17758100003821000 -0.351066977 -0.387223711 -0.255337211 0.514499387
403822 3822.000000 17758100003822000 -0.349702626 -0.387373363 -0.239707208 0.501037515
403823 3823.000000 17758100003823000 -0.348320514 -0.387395934 -0.209451094 0.524337658
403824 3824.000000 17758100003824000 -0.346920699 -0.387766930 -0.196585127 0.524639617
403825 3825.000000 17758100003825000 -0.345503271 -0.388201320 -0.163502561 0.563653901
403826 3826.000000 17758100003826000 -0.344068229 -0.388375437 -0.155206346 0.568193948
403827 3827.000000 17758100003827000 -0.342615664 -0.388174783 -0.138927007 0.535411175
403828 3828.000000 17758100003828000 -0.341145605 -0.388752811 -0.106981490 0.571041806
403829 3829.000000 17758100003829000 -0.339658141 -0.388676117 -0.089556897 0.546778567
403830 3830.000000 17758100003830000 -0.338153332 -0.388624423 -0.079120806 0.534501990
403831 3831.000000 17758100003831000 -0.336631238 -0.388504515 -0.062622066 0.534778211
403832 3832.000000 17758100003832000 -0.335091889 -0.388710364 -0.033277661 0.561961760
403833 3833.000000 17758100003833000 -0.333535343 -0.388853378 -0.014791441 0.553586875
403834 3834.000000 17758100003834000 -0.331961721 -0.389259678 0.006944596 0.542754474
403835 3835.000000 17758100003835000 -0.330371022 -0.388603531 0.025910023 0.549574427
403836 3836.000000 17758100003836000 -0.328763336 -0.388926961 0.036078652 0.578257902
403837 3837.000000 17758100003837000 -0.327138722 -0.388817061 0.057288535 0.552753524
403838 3838.000000 17758100003838000 -0.325497240 -0.388511366 0.070745946 0.567780599
403839 3839.000000 17758100003839000 -0.323838979 -0.388219855 0.087524040 0.581151887
403840 3840.000000 17758100003840000 -0.322163969 -0.388260621 0.120663034 0.560975458
403841 3841.000000 17758100003841000 -0.320472300 -0.388573912 0.137044317 0.554038691
403842 3842.000000 17758100003842000 -0.318764031 -0.388173384 0.151246000 0.527154541
403843 3843.000000 17758100003843000 -0.317039222 -0.388024359 0.179991073 0.551949262
403844 3844.000000 17758100003844000 -0.315297961 -0.387367933 0.191900931 0.522651253
403845 3845.000000 17758100003845000 -0.313540280 -0.387589738 0.206611012 0.518743882
403846 3846.000000 17758100003846000 -0.311766297 -0.387577055 0.223157607 0.511627949
403847 3847.000000 17758100003847000 -0.309976041 -0.387076471 0.241890291 0.539368622
403848 3848.000000 17758100003848000 -0.308169633 -0.386719932 0.264247121 0.529420781
403849 3849.000000 17758100003849000 -0.306347072 -0.386388266 0.292731002 0.525908374
403850 3850.000000 17758100003850000 -0.304508507 -0.386158503 0.307128938 0.542143017
403851 3851.000000 17758100003851000 -0.302653939 -0.385762773 0.328780382 0.547243902
403852 3852.000000 17758100003852000 -0.300783485 -0.385263482 0.346287461 0.568145310
403853 3853.000000 17758100003853000 -0.298897207 -0.385055040 0.366848875 0.565107416
403854 3854.000000 17758100003854000 -0.296995193 -0.384902914 0.384911553 0.533304921
403855 3855.000000 17758100003855000 -0.295077503 -0.384491576 0.403145765 0.556863770
403856 3856.000000 17758100003856000 -0.293144226 -0.384156101 0.421481572 0.549685770
403857 3857.000000 17758100003857000 -0.291195393 -0.383629164 0.432979341 0.545900282
403858 3858.000000 17758100003858000 -0.289231151 -0.383201690 0.455752371 0.582882957
403859 3859.000000 17758100003859000 -0.287251532 -0.382570604 0.475019818 0.544575351
403860 3860.000000 17758100003860000 -0.285256624 -0.382019212 0.489865147 0.576399866
403861 3861.000000 17758100003861000 -0.283246517 -0.381796310 0.517787410 0.520132461
403862 3862.000000 17758100003862000 -0.281221241 -0.380976943 0.537993681 0.526794688
403863 3863.000000 17758100003863000 -0.279180944 -0.380031898 0.558954951 0.540387999
403864 3864.000000 17758100003864000 -0.277125686 -0.380128359 0.571565316 0.569761989
403865 3865.000000 17758100003865000 -0.275055528 -0.379212868 0.587885654 0.540062899
403866 3866.000000 17758100003866000 -0.272970587 -0.378750766 0.627124232 0.535883568
403867 3867.000000 17758100003867000 -0.270870894 -0.378197855 0.635219705 0.564972545
403868 3868.000000 17758100003868000 -0.268756568 -0.377123687 0.656034147 0.535983953
403869 3869.000000 17758100003869000 -0.266627669 -0.376897072 0.667772951 0.553631367
403870 3870.000000 17758100003870000 -0.264484316 -0.376204612 0.680308400 0.546855677
403871 3871.000000 17758100003871000 -0.262326568 -0.375155090 0.705045271 0.535358216
403872 3872.000000 17758100003872000 -0.260154516 -0.374635631 0.732798752 0.554441037
403873 3873.000000 17758100003873000 -0.257968247 -0.373773524 0.742024057 0.544281665
403874 3874.000000 17758100003874000 -0.255767852 -0.373265514 0.765353764 0.546249253
403875 3875.000000 17758100003875000 -0.253553391 -0.372510483 0.781886304 0.550199066
403876 3876.000000 17758100003876000 -0.251324981 -0.371358656 0.799075173 0.562986636
403877 3877.000000 17758100003877000 -0.249082714 -0.370694181 0.821599457 0.517423984
403878 3878.000000 17758100003878000 -0.246826649 -0.369804848 0.838150004 0.537325994
403879 3879.000000 17758100003879000 -0.244556904 -0.369132734 0.861547688 0.512880927
403880 3880.000000 17758100003880000 -0.242273554 -0.368326616 0.867566018 0.568925439
403881 3881.000000 17758100003881000 -0.239976689 -0.367422482 0.891123939 0.521823240
403882 3882.000000 17758100003882000 -0.237666398 -0.366541461 0.914054899 0.518879952
403883 3883.000000 17758100003883000 -0.235342786 -0.365593323 0.929567982 0.576912730
403884 3884.000000 17758100003884000 -0.233005941 -0.364582020 0.952685345 0.511433128
403885 3885.000000 17758100003885000 -0.230655938 -0.363468174 0.974868288 0.550454416
403886 3886.000000 17758100003886000 -0.228292882 -0.362752365 0.980279479 0.513473074
403887 3887.000000 17758100003887000 -0.225916862 -0.361572742 1.005932043 0.518698448
403888 3888.000000 17758100003888000 -0.223527983 -0.360558460 1.026161861 0.552467568
403889 3889.000000 17758100003889000 -0.221126333 -0.359545501 1.039655629 0.526300838
403890 3890.000000 17758100003890000 -0.218712002 -0.358562114 1.051850263 0.554778153
403891 3891.000000 17758100003891000 -0.216285080 -0.357341642 1.080189594 0.548575311
403892 3892.000000 17758100003892000 -0.213845685 -0.356422282 1.088767712 0.528032939
403893 3893.000000 17758100003893000 -0.211393893 -0.354891064 1.102385359 0.510716723
403894 3894.000000 17758100003894000 -0.208929807 -0.353769449 1.133000910 0.518530658
403895 3895.000000 17758100003895000 -0.206453532 -0.353180563 1.155442279 0.513152903
403896 3896.000000 17758100003896000 -0.203965142 -0.351684548 1.171578716 0.534768264
403897 3897.000000 17758100003897000 -0.201464772 -0.350397704 1.179555625 0.520771260
403898 3898.000000 17758100003898000 -0.198952496 -0.348814395 1.196855456 0.521033522
403899 3899.000000 17758100003899000 -0.196428403 -0.347833074 1.232627682 0.537519331
403900 3900.000000 17758100003900000 -0.193892628 -0.346589232 1.241750981 0.552061347
403901 3901.000000 17758100003901000 -0.191345245 -0.345409698 1.260127877 0.516329318
403902 3902.000000 17758100003902000 -0.188786358 -0.344499119 1.278430117 0.522897348
403903 3903.000000 17758100003903000 -0.186216056 -0.343171966 1.304380841 0.486675716
403904 3904.000000 17758100003904000 -0.183634475 -0.341894579 1.309653433 0.524378568
403905 3905.000000 17758100003905000 -0.181041688 -0.340198926 1.332075820 0.509309171
403906 3906.000000 17758100003906000 -0.178437814 -0.338786870 1.330141293 0.498559593
403907 3907.000000 17758100003907000 -0.175822929 -0.337901521 1.353814580 0.510595807
403908 3908.000000 17758100003908000 -0.173197180 -0.336205812 1.376628340 0.523801932
403909 3909.000000 17758100003909000 -0.170560628 -0.334741927 1.392088807 0.494282230
403910 3910.000000 17758100003910000 -0.167913392 -0.333435299 1.421814124 0.529250384
403911 3911.000000 17758100003911000 -0.165255591 -0.332413985 1.426207576 0.535634747
403912 3912.000000 17758100003912000 -0.162587315 -0.331135426 1.437599515 0.502113152
403913 3913.000000 17758100003913000 -0.159908667 -0.329297454 1.465076938 0.525688015
403914 3914.000000 17758100003914000 -0.157219768 -0.327614305 1.483497930 0.494018083
403915 3915.000000 17758100003915000 -0.154520705 -0.326325086 1.502246025 0.533550668
403916 3916.000000 17758100003916000 -0.151811600 -0.324323185 1.509418102 0.519755272
403917 3917.000000 17758100003917000 -0.149092555 -0.322794706 1.528741578 0.526406418
403918 3918.000000 17758100003918000 -0.146363676 -0.321360616 1.544915542 0.513747039
403919 3919.000000 17758100003919000 -0.143625066 -0.320144803 1.565142153 0.545172739
403920 3920.000000 17758100003920000 -0.140876830 -0.318470522 1.583273907 0.490879916
403921 3921.000000 17758100003921000 -0.138119102 -0.316779789 1.587182150 0.519090229
403922 3922.000000 17758100003922000 -0.135351971 -0.315513801 1.612307336 0.498787994
403923 3923.000000 17758100003923000 -0.132575542 -0.313469104 1.624368673 0.500101256
403924 3924.000000 17758100003924000 -0.129789934 -0.312261579 1.651928522 0.477892590
403925 3925.000000 17758100003925000 -0.126995251 -0.310442548 1.649897491 0.485812587
403926 3926.000000 17758100003926000 -0.124191605 -0.308750653 1.676138579 0.451026150
403927 3927.000000 17758100003927000 -0.121379115 -0.306762933 1.694309308 0.523979017
403928 3928.000000 17758100003928000 -0.118557885 -0.305171418 1.705529827 0.505136721
403929 3929.000000 17758100003929000 -0.115728021 -0.303591991 1.719179051 0.513961794
403930 3930.000000 17758100003930000 -0.112889647 -0.301581012 1.742938637 0.508742930
403931 3931.000000 17758100003931000 -0.110042863 -0.300004771 1.756441962 0.503208619
403932 3932.000000 17758100003932000 -0.107187793 -0.298317298 1.763917112 0.463751203
403933 3933.000000 17758100003933000 -0.104324535 -0.296218053 1.795687219 0.464812637
403934 3934.000000 17758100003934000 -0.101453215 -0.294728297 1.810896920 0.507899460
403935 3935.000000 17758100003935000 -0.098573945 -0.292578647 1.824114520 0.494296066
403936 3936.000000 17758100003936000 -0.095686831 -0.290926535 1.841555391 0.450583211
403937 3937.000000 17758100003937000 -0.092791997 -0.288960976 1.847372270 0.447566790
403938 3938.000000 17758100003938000 -0.089889549 -0.287352354 1.865087235 0.479725616
403939 3939.000000 17758100003939000 -0.086979605 -0.285379968 1.883221142 0.485227890
403940 3940.000000 17758100003940000 -0.084062278 -0.283537200 1.905370408 0.503516842
403941 3941.000000 17758100003941000 -0.081137687 -0.281376370 1.911988549 0.497842541
403942 3942.000000 17758100003942000 -0.078205936 -0.279481426 1.928899230 0.507572985
403943 3943.000000 17758100003943000 -0.075267158 -0.277805140 1.950149146 0.473659131
403944 3944.000000 17758100003944000 -0.072321460 -0.275818890 1.962193641 0.463464843
403945 3945.000000 17758100003945000 -0.069368958 -0.273421781 1.978878768 0.505504171
403946 3946.000000 17758100003946000 -0.066409774 -0.271965453 1.987883116 0.441327566
403947 3947.000000 17758100003947000 -0.063444018 -0.269669879 1.998123735 0.471447628
403948 3948.000000 17758100003948000 -0.060471807 -0.267685124 2.017255532 0.498101334
403949 3949.000000 17758100003949000 -0.057493258 -0.265402500 2.030625235 0.431894664
403950 3950.000000 17758100003950000 -0.054508496 -0.263811839 2.051933123 0.443788537
403951 3951.000000 17758100003951000 -0.051517636 -0.261341403 2.054353599 0.479512776
403952 3952.000000 17758100003952000 -0.048520792 -0.259518411 2.066990754 0.453953155
403953 3953.000000 17758100003953000 -0.045518082 -0.257559093 2.090458486 0.444812700
403954 3954.000000 17758100003954000 -0.042509630 -0.255483465 2.092167864 0.447708111
403955 3955.000000 17758100003955000 -0.039495554 -0.252942326 2.126813861 0.443270271
403956 3956.000000 17758100003956000 -0.036475968 -0.250936970 2.130167909 0.461123020
403957 3957.000000 17758100003957000 -0.033450995 -0.248875754 2.139691739 0.460482613
403958 3958.000000 17758100003958000 -0.030420752 -0.246767167 2.155147291 0.444625834
403959 3959.000000 17758100003959000 -0.027385363 -0.244428776 2.175990118 0.426661910
403960 3960.000000 17758100003960000 -0.024344943 -0.242512139 2.181639078 0.446141389
403961 3961.000000 17758100003961000 -0.021299616 -0.240689828 2.208177713 0.424018472
403962 3962.000000 17758100003962000 -0.018249499 -0.238148865 2.209669584 0.429018154
403963 3963.000000 17758100003963000 -0.015194713 -0.235623857 2.217285017 0.389437161
403964 3964.000000 17758100003964000 -0.012135381 -0.233250124 2.238526600 0.403476225
403965 3965.000000 17758100003965000 -0.009071621 -0.231394187 2.251907707 0.439884987
403966 3966.000000 17758100003966000 -0.006003555 -0.229068589 2.267499712 0.449652343
403967 3967.000000 17758100003967000 -0.002931304 -0.226693482 2.260133426 0.406249827
403968 3968.000000 17758100003968000 0.000145010 -0.224308474 2.289427816 0.427437168
403969 3969.000000 17758100003969000 0.003225266 -0.222067650 2.306350107 0.407705844
403970 3970.000000 17758100003970000 0.006309343 -0.219935373 2.319058472 0.386476742
403971 3971.000000 17758100003971000 0.009397118 -0.217700989 2.317543147 0.388659967
403972 3972.000000 17758100003972000 0.012488470 -0.215221563 2.340353127 0.420574208
403973 3973.000000 17758100003973000 0.015583278 -0.212808092 2.355360860 0.398549063
403974 3974.000000 17758100003974000 0.018681418 -0.210412031 2.365023265 0.412429716
403975 3975.000000 17758100003975000 0.021782767 -0.207943167 2.383220065 0.393802385
403976 3976.000000 17758100003976000 0.024887206 -0.205555802 2.390196786 0.390138779
403977 3977.000000 17758100003977000 0.027994609 -0.203197541 2.400551852 0.432683124
403978 3978.000000 17758100003978000 0.031104855 -0.201004773 2.414641621 0.436835498
403979 3979.000000 17758100003979000 0.034217820 -0.198241697 2.427808020 0.391632181
403980 3980.000000 17758100003980000 0.037333384 -0.196070901 2.438936426 0.387736617
403981 3981.000000 17758100003981000 0.040451419 -0.193514056 2.453324941 0.361526155
403982 3982.000000 17758100003982000 0.043571807 -0.191114409 2.463535213 0.377941268
403983 3983.000000 17758100003983000 0.046694424 -0.188388214 2.472085650 0.374814826
403984 3984.000000 17758100003984000 0.049819142 -0.186291322 2.483841862 0.387475494
403985 3985.000000 17758100003985000 0.052945845 -0.183093669 2.498886044 0.385281610
403986 3986.000000 17758100003986000 0.056074403 -0.180925695 2.506967078 0.356967975
403987 3987.000000 17758100003987000 0.059204694 -0.178701761 2.519732608 0.357221719
403988 3988.000000 17758100003988000 0.062336598 -0.176306296 2.527855854 0.397181702
403989 3989.000000 17758100003989000 0.065469988 -0.173525375 2.548880029 0.370298098
403990 3990.000000 17758100003990000 0.068604738 -0.170614821 2.553867559 0.387133716
403991 3991.000000 17758100003991000 0.071740732 -0.168503256 2.563194036 0.331336658
403992 3992.000000 17758100003992000 0.074877843 -0.165655327 2.570001782 0.351172214
403993 3993.000000 17758100003993000 0.078015938 -0.163175150 2.589731097 0.371446596
403994 3994.000000 17758100003994000 0.081154905 -0.161100752 2.593249954 0.363047044
403995 3995.000000 17758100003995000 0.084294617 -0.157919553 2.607137210 0.349608031
403996 3996.000000 17758100003996000 0.087434955 -0.155432111 2.610451069 0.397180263
403997 3997.000000 17758100003997000 0.090575777 -0.152862601 2.612002737 0.348718284
403998 3998.000000 17758100003998000 0.093716979 -0.150250369 2.626884561 0.326074946
403999 3999.000000 17758100003999000 0.096858427 -0.147607624 2.645380129 0.368044525
404000 4000.000000 17758100004000000 0.100000001 -0.144758732 2.653907959 0.348075101
404001 4001.000000 17758100004001000 0.103141569 -0.142202249 2.658669704 0.328331394
404002 4002.000000 17758100004002000 0.106283017 -0.139134614 2.668760952 0.331251690
404003 4003.000000 17758100004003000 0.109424219 -0.136768655 2.684752772 0.341188161
404004 4004.000000 17758100004004000 0.112565048 -0.134459019 2.692521434 0.318089684
404005 4005.000000 17758100004005000 0.115705378 -0.131580796 2.700427437 0.345791462
404006 4006.000000 17758100004006000 0.118845090 -0.128754274 2.712212268 0.341449527
404007 4007.000000 17758100004007000 0.121984057 -0.126034775 2.721600617 0.315830439
404008 4008.000000 17758100004008000 0.125122160 -0.123295219 2.733247695 0.343614298
404009 4009.000000 17758100004009000 0.128259271 -0.121054053 2.734993023 0.328308971
404010 4010.000000 17758100004010000 0.131395265 -0.117889665 2.750135487 0.283046468
404011 4011.000000 17758100004011000 0.134530008 -0.114890356 2.753177568 0.312247866
404012 4012.000000 17758100004012000 0.137663409 -0.112506037 2.759301027 0.309746797
404013 4013.000000 17758100004013000 0.140795305 -0.109467757 2.769916250 0.285184730
404014 4014.000000 17758100004014000 0.143925592 -0.107004026 2.780179324 0.317001470
404015 4015.000000 17758100004015000 0.147054151 -0.104112429 2.784343828 0.290406519
404016 4016.000000 17758100004016000 0.150180861 -0.100846971 2.793834784 0.274560270
404017 4017.000000 17758100004017000 0.153305575 -0.098553301 2.792467174 0.268952316
404018 4018.000000 17758100004018000 0.156428188 -0.095563554 2.812568354 0.254379630
404019 4019.000000 17758100004019000 0.159548581 -0.092867190 2.809580171 0.284886741
404020 4020.000000 17758100004020000 0.162666619 -0.090072852 2.822516636 0.274237479
404021 4021.000000 17758100004021000 0.165782183 -0.087078150 2.837342996 0.264906461
404022 4022.000000 17758100004022000 0.168895140 -0.083983781 2.845407637 0.270623951
404023 4023.000000 17758100004023000 0.172005385 -0.081478098 2.848649242 0.270111305
404024 4024.000000 17758100004024000 0.175112799 -0.078611442 2.863743045 0.259850290
404025 4025.000000 17758100004025000 0.178217232 -0.075563429 2.863630783 0.292551150
404026 4026.000000 17758100004026000 0.181318581 -0.072736378 2.875393957 0.256284525
404027 4027.000000 17758100004027000 0.184416726 -0.070034899 2.880953106 0.276514020
404028 4028.000000 17758100004028000 0.187511533 -0.067034307 2.886775245 0.246948116
404029 4029.000000 17758100004029000 0.190602884 -0.064231177 2.891679154 0.232037974
404030 4030.000000 17758100004030000 0.193690658 -0.061040581 2.905654976 0.268007599
404031 4031.000000 17758100004031000 0.196774736 -0.058316149 2.904583546 0.278943951
404032 4032.000000 17758100004032000 0.199854985 -0.055536441 2.905103439 0.261063217
404033 4033.000000 17758100004033000 0.202931300 -0.052390361 2.921909422 0.206169948
404034 4034.000000 17758100004034000 0.206003562 -0.049593432 2.922341651 0.245895602
404035 4035.000000 17758100004035000 0.209071621 -0.046539287 2.932705103 0.259321831
404036 4036.000000 17758100004036000 0.212135375 -0.043845807 2.931114407 0.243515360
404037 4037.000000 17758100004037000 0.215194717 -0.040858787 2.932419483 0.235455657
404038 4038.000000 17758100004038000 0.218249500 -0.037968108 2.938877825 0.239616911
404039 4039.000000 17758100004039000 0.221299618 -0.035097862 2.947395602 0.216319453
404040 4040.000000 17758100004040000 0.224344939 -0.032239851 2.954140133 0.206113159
404041 4041.000000 17758100004041000 0.227385357 -0.029066527 2.966057642 0.213953467
404042 4042.000000 17758100004042000 0.230420753 -0.026334486 2.969677555 0.225243694
404043 4043.000000 17758100004043000 0.233450994 -0.022806528 2.974249646 0.220728513
404044 4044.000000 17758100004044000 0.236475974 -0.020211674 2.974313608 0.235051537
404045 4045.000000 17758100004045000 0.239495546 -0.017044040 2.981152906 0.205232899
404046 4046.000000 17758100004046000 0.242509633 -0.014141872 2.972685171 0.187831338
404047 4047.000000 17758100004047000 0.245518088 -0.011176696 2.992544615 0.143634781
404048 4048.000000 17758100004048000 0.248520792 -0.008042298 2.992435734 0.209968223
404049 4049.000000 17758100004049000 0.251517624 -0.005190090 2.988321281 0.210925613
404050 4050.000000 17758100004050000 0.254508495 -0.002308587 3.006536132 0.219528548
404051 4051.000000 17758100004051000 0.257493258 0.000880336 2.999177651 0.185614268
404052 4052.000000 17758100004052000 0.260471791 0.003519830 3.008199857 0.189442459
404053 4053.000000 17758100004053000 0.263444006 0.006776273 3.010366078 0.217001203
404054 4054.000000 17758100004054000 0.266409785 0.009842806 3.025796546 0.177348125
404055 4055.000000 17758100004055000 0.269368947 0.013080087 3.021651724 0.137292606
404056 4056.000000 17758100004056000 0.272321463 0.015768466 3.027790267 0.145238243
404057 4057.000000 17758100004057000 0.275267154 0.018816608 3.029152958 0.179642667
404058 4058.000000 17758100004058000 0.278205931 0.021876897 3.037957017 0.190584785
404059 4059.000000 17758100004059000 0.281137675 0.025055338 3.031223392 0.173262493
404060 4060.000000 17758100004060000 0.284062266 0.028128149 3.043140377 0.194648293
404061 4061.000000 17758100004061000 0.286979616 0.030859026 3.036636568 0.166568754
404062 4062.000000 17758100004062000 0.289889544 0.034044540 3.043011610 0.157436218
404063 4063.000000 17758100004063000 0.292791992 0.037015464 3.046272384 0.159379506
404064 4064.000000 17758100004064000 0.295686841 0.039698135 3.055466284 0.131878931
404065 4065.000000 17758100004065000 0.298573941 0.042978128 3.048376522 0.140879554
404066 4066.000000 17758100004066000 0.301453203 0.046150589 3.061048555 0.146014049
404067 4067.000000 17758100004067000 0.304324538 0.049317219 3.058544402 0.087684261
404068 4068.000000 17758100004068000 0.307187796 0.052476011 3.056809734 0.141504821
404069 4069.000000 17758100004069000 0.310042858 0.055604020 3.064966030 0.116351409
404070 4070.000000 17758100004070000 0.312889636 0.058906221 3.059484350 0.098191146
404071 4071.000000 17758100004071000 0.315728009 0.061742226 3.058387771 0.115243406
404072 4072.000000 17758100004072000 0.318557888 0.064342105 3.073641114 0.142617290
404073 4073.000000 17758100004073000 0.321379125 0.067891891 3.066203550 0.093413843
404074 4074.000000 17758100004074000 0.324191600 0.070630947 3.070161902 0.105570634
404075 4075.000000 17758100004075000 0.326995254 0.073638833 3.068277011 0.115676664
404076 4076.000000 17758100004076000 0.329789937 0.077180415 3.068582151 0.073716331
404077 4077.000000 17758100004077000 0.332575530 0.079868480 3.067644150 0.072151226
404078 4078.000000 17758100004078000 0.335351974 0.082937168 3.074037494 0.119255647
404079 4079.000000 17758100004079000 0.338119090 0.086125041 3.077731539 0.062156812
404080 4080.000000 17758100004080000 0.340876848 0.089313733 3.072363393 0.070080341
404081 4081.000000 17758100004081000 0.343625069 0.092013607 3.070850415 0.088529646
404082 4082.000000 17758100004082000 0.346363664 0.095471187 3.073058598 0.079409277
404083 4083.000000 17758100004083000 0.349092543 0.098183909 3.065299661 0.101659970
404084 4084.000000 17758100004084000 0.351811588 0.101656282 3.064298789 0.059292163
404085 4085.000000 17758100004085000 0.354520708 0.104526606 3.060433842 0.049020752
404086 4086.000000 17758100004086000 0.357219756 0.107596345 3.073915221 0.045280249
404087 4087.000000 17758100004087000 0.359908670 0.110707223 3.068667185 0.032425939
404088 4088.000000 17758100004088000 0.362587303 0.113635518 3.069805708 0.055057246
404089 4089.000000 17758100004089000 0.365255594 0.116732266 3.068881831 -0.008576626
404090 4090.000000 17758100004090000 0.367913395 0.120036145 3.057533813 0.063799198
404091 4091.000000 17758100004091000 0.370560616 0.122925663 3.071715114 0.070726897
404092 4092.000000 17758100004092000 0.373197168 0.125931706 3.070393823 0.008841370
404093 4093.000000 17758100004093000 0.375822932 0.129123903 3.068000624 0.060692668
404094 4094.000000 17758100004094000 0.378437817 0.131993173 3.061140924 0.079983958
404095 4095.000000 17758100004095000 0.381041676 0.135270380 3.069416395 0.014265257
404096 4096.000000 17758100004096000 0.383634478 0.138229745 3.059866920 0.040527206
404097 4097.000000 17758100004097000 0.386216074 0.141169172 3.055305803 0.032764726
404098 4098.000000 17758100004098000 0.388786346 0.144600528 3.063962887 0.051913310
404099 4099.000000 17758100004099000 0.391345233 0.147807025 3.058184178 0.005438939
404100 4100.000000 17758100004100000 0.393892616 0.150487772 3.051295607 0.039690594
404101 4101.000000 17758100004101000 0.396428406 0.153312757 3.051321965 0.025046135
404102 4102.000000 17758100004102000 0.398952484 0.156753108 3.053410713 0.007342747
404103 4103.000000 17758100004103000 0.401464760 0.159763970 3.047372712 0.006692905
404104 4104.000000 17758100004104000 0.403965145 0.162670527 3.046251665 -0.005726508
404105 4105.000000 17758100004105000 0.406453520 0.165799832 3.050368052 -0.013762158
404106 4106.000000 17758100004106000 0.408929795 0.168815953 3.037876644 -0.002968871
404107 4107.000000 17758100004107000 0.411393881 0.172251710 3.036775190 -0.015117256
404108 4108.000000 17758100004108000 0.413845688 0.174540210 3.036848021 -0.021627593
404109 4109.000000 17758100004109000 0.416285068 0.178064429 3.034355704 -0.023057922
404110 4110.000000 17758100004110000 0.418711990 0.180884692 3.020414593 -0.066045239
404111 4111.000000 17758100004111000 0.421126336 0.183969347 3.036365679 -0.004923794
404112 4112.000000 17758100004112000 0.423527986 0.186931383 3.016021828 -0.027178281
404113 4113.000000 17758100004113000 0.425916851 0.190253572 3.027950124 -0.054733873
404114 4114.000000 17758100004114000 0.428292871 0.193444956 3.013414724 -0.023197577
404115 4115.000000 17758100004115000 0.430655926 0.195901853 3.021384720 -0.035397087
404116 4116.000000 17758100004116000 0.433005929 0.199047848 3.008377096 -0.012112886
404117 4117.000000 17758100004117000 0.435342789 0.202008139 3.011567499 -0.055360208
404118 4118.000000 17758100004118000 0.437666416 0.204941106 3.008105858 -0.077867213
404119 4119.000000 17758100004119000 0.439976692 0.208201895 3.001588450 -0.080445701
404120 4120.000000 17758100004120000 0.442273557 0.210990220 2.995996012 -0.060516669
404121 4121.000000 17758100004121000 0.444556892 0.213964814 2.983512532 -0.061854844
404122 4122.000000 17758100004122000 0.446826667 0.216986531 2.980959445 -0.053106203
404123 4123.000000 17758100004123000 0.449082702 0.220305191 2.978161890 -0.072834015
404124 4124.000000 17758100004124000 0.451324999 0.222859346 2.975443835 -0.054014818
404125 4125.000000 17758100004125000 0.453553379 0.225932041 2.971782871 -0.089708406
404126 4126.000000 17758100004126000 0.455767840 0.229273847 2.968000288 -0.069386824
404127 4127.000000 17758100004127000 0.457968235 0.232023045 2.953382353 -0.060359529
404128 4128.000000 17758100004128000 0.460154504 0.235091761 2.953223670 -0.096744997
404129 4129.000000 17758100004129000 0.462326556 0.237997418 2.946460816 -0.058793381
404130 4130.000000 17758100004130000 0.464484304 0.240509577 2.936705093 -0.131588613
404131 4131.000000 17758100004131000 0.466627687 0.243859741 2.937517260 -0.093988183
404132 4132.000000 17758100004132000 0.468756557 0.246968381 2.933890481 -0.094169708
404133 4133.000000 17758100004133000 0.470870882 0.249264150 2.922545283 -0.132011356
404134 4134.000000 17758100004134000 0.472970575 0.252469484 2.917454261 -0.092792031
404135 4135.000000 17758100004135000 0.475055546 0.255400733 2.925842115 -0.127752048
404136 4136.000000 17758100004136000 0.477125704 0.258041331 2.907891123 -0.079225274
404137 4137.000000 17758100004137000 0.479180962 0.261099001 2.897228612 -0.063715719
404138 4138.000000 17758100004138000 0.481221259 0.264057529 2.894318257 -0.101377940
404139 4139.000000 17758100004139000 0.483246505 0.267266375 2.886305352 -0.140507062
404140 4140.000000 17758100004140000 0.485256612 0.269469559 2.882078914 -0.113862240
404141 4141.000000 17758100004141000 0.487251520 0.272719274 2.876759681 -0.135823542
404142 4142.000000 17758100004142000 0.489231139 0.275565005 2.870961474 -0.131178064
404143 4143.000000 17758100004143000 0.491195410 0.278195828 2.868346269 -0.122329653
404144 4144.000000 17758100004144000 0.493144214 0.281404238 2.855660898 -0.122063164
404145 4145.000000 17758100004145000 0.495077521 0.284178620 2.845687513 -0.136383858
404146 4146.000000 17758100004146000 0.496995211 0.287088181 2.838677633 -0.118415592
404147 4147.000000 17758100004147000 0.498897225 0.289912390 2.832461865 -0.129666088
404148 4148.000000 17758100004148000 0.500783503 0.292456854 2.821412459 -0.122691235
404149 4149.000000 17758100004149000 0.502653956 0.295818368 2.825448140 -0.133091660
404150 4150.000000 17758100004150000 0.504508495 0.298570723 2.804719593 -0.162829891
404151 4151.000000 17758100004151000 0.506347060 0.301584582 2.802524999 -0.156138526
404152 4152.000000 17758100004152000 0.508169651 0.304126691 2.797857865 -0.177149421
404153 4153.000000 17758100004153000 0.509976029 0.306566499 2.779267010 -0.177521947
404154 4154.000000 17758100004154000 0.511766315 0.309612002 2.772687402 -0.166655496
404155 4155.000000 17758100004155000 0.513540268 0.312194371 2.771884794 -0.189728675
404156 4156.000000 17758100004156000 0.515297949 0.314861499 2.764965797 -0.179010371
404157 4157.000000 17758100004157000 0.517039239 0.317535886 2.760202951 -0.137895336
404158 4158.000000 17758100004158000 0.518764019 0.320502330 2.746489320 -0.145699023
404159 4159.000000 17758100004159000 0.520472288 0.323198056 2.733301460 -0.184689512
404160 4160.000000 17758100004160000 0.522163987 0.325856205 2.727733700 -0.233415627
404161 4161.000000 17758100004161000 0.523838997 0.329025911 2.707951838 -0.192246465
404162 4162.000000 17758100004162000 0.525497258 0.331540798 2.717911382 -0.206388016
404163 4163.000000 17758100004163000 0.527138710 0.334307552 2.697603407 -0.170120756
404164 4164.000000 17758100004164000 0.528763354 0.336746421 2.707617676 -0.196054600
404165 4165.000000 17758100004165000 0.530371010 0.339506489 2.683064506 -0.196827722
404166 4166.000000 17758100004166000 0.531961679 0.342099883 2.668179991 -0.201332152
404167 4167.000000 17758100004167000 0.533535361 0.344994795 2.658803243 -0.196884084
404168 4168.000000 17758100004168000 0.535091877 0.347475684 2.655031902 -0.225892139
404169 4169.000000 17758100004169000 0.536631227 0.350370209 2.644483134 -0.194301309
404170 4170.000000 17758100004170000 0.538153350 0.352390572 2.633839429 -0.190444974
404171 4171.000000 17758100004171000 0.539658129 0.355116369 2.615284830 -0.239605235
404172 4172.000000 17758100004172000 0.541145623 0.358077637 2.617660307 -0.233887349
404173 4173.000000 17758100004173000 0.542615652 0.360656518 2.589132476 -0.220442418
404174 4174.000000 17758100004174000 0.544068217 0.362763750 2.594368901 -0.198637206
404175 4175.000000 17758100004175000 0.545503259 0.365792406 2.586420843 -0.261310696
404176 4176.000000 17758100004176000 0.546920717 0.368050112 2.570641870 -0.225341184
404177 4177.000000 17758100004177000 0.548320532 0.371275750 2.548130083 -0.229278233
404178 4178.000000 17758100004178000 0.549702644 0.373401167 2.550337437 -0.259506211
404179 4179.000000 17758100004179000 0.551066995 0.376140823 2.533282836 -0.233109301
404180 4180.000000 17758100004180000 0.552413523 0.378870162 2.530013396 -0.239757996
404181 4181.000000 17758100004181000 0.553742230 0.381026794 2.509537360 -0.217129806
404182 4182.000000 17758100004182000 0.555052996 0.383388695 2.507599139 -0.250357238
404183 4183.000000 17758100004183000 0.556345820 0.386153008 2.492264016 -0.278311550
404184 4184.000000 17758100004184000 0.557620585 0.388129832 2.485878913 -0.250230193
404185 4185.000000 17758100004185000 0.558877289 0.390495263 2.477968780 -0.276934028
404186 4186.000000 17758100004186000 0.560115933 0.393484979 2.460089924 -0.265275949
404187 4187.000000 17758100004187000 0.561336398 0.396368571 2.447795276 -0.258146032
404188 4188.000000 17758100004188000 0.562538624 0.398114092 2.435832624 -0.297937279
404189 4189.000000 17758100004189000 0.563722551 0.400883027 2.422744804 -0.238883688
404190 4190.000000 17758100004190000 0.564888239 0.403555865 2.421727947 -0.252977336
404191 4191.000000 17758100004191000 0.566035569 0.405622983 2.400113133 -0.294659732
404192 4192.000000 17758100004192000 0.567164481 0.408046796 2.386338110 -0.289137179
404193 4193.000000 17758100004193000 0.568274915 0.410624795 2.374104170 -0.278389279
404194 4194.000000 17758100004194000 0.569366932 0.412716775 2.363836407 -0.273967119
404195 4195.000000 17758100004195000 0.570440412 0.415452008 2.347268785 -0.264174176
404196 4196.000000 17758100004196000 0.571495295 0.417441128 2.349884212 -0.261957156
404197 4197.000000 17758100004197000 0.572531521 0.419832910 2.330490377 -0.303587039
404198 4198.000000 17758100004198000 0.573549151 0.422062750 2.323090470 -0.310885451
404199 4199.000000 17758100004199000 0.574548066 0.424293671 2.296144467 -0.310984807
404200 4200.000000 17758100004200000 0.575528264 0.426769008 2.294749274 -0.303599469
404201 4201.000000 17758100004201000 0.576489687 0.428799437 2.281057856 -0.319467116
404202 4202.000000 17758100004202000 0.577432275 0.430686520 2.268073655 -0.283893217
404203 4203.000000 17758100004203000 0.578356028 0.433702350 2.250135660 -0.299062513
404204 4204.000000 17758100004204000 0.579260886 0.436176103 2.235465247 -0.324968327
404205 4205.000000 17758100004205000 0.580146849 0.437957736 2.226188645 -0.295879019
404206 4206.000000 17758100004206000 0.581013858 0.440221312 2.206240043 -0.308498322
404207 4207.000000 17758100004207000 0.581861854 0.442478360 2.195881718 -0.296720072
404208 4208.000000 17758100004208000 0.582690835 0.443863554 2.185710143 -0.335228637
404209 4209.000000 17758100004209000 0.583500743 0.446548837 2.176069493 -0.324252304
404210 4210.000000 17758100004210000 0.584291577 0.448791764 2.166310460 -0.351479500
404211 4211.000000 17758100004211000 0.585063279 0.451240187 2.143434171 -0.320364697
404212 4212.000000 17758100004212000 0.585815847 0.453127285 2.128242904 -0.319552491
404213 4213.000000 17758100004213000 0.586549282 0.455429389 2.121145547 -0.347558145
404214 4214.000000 17758100004214000 0.587263465 0.457993081 2.099928197 -0.333891780
404215 4215.000000 17758100004215000 0.587958395 0.459095009 2.084978199 -0.335989388
404216 4216.000000 17758100004216000 0.588634074 0.461695349 2.073764616 -0.325639214
404217 4217.000000 17758100004217000 0.589290440 0.463483313 2.071479236 -0.370773032
404218 4218.000000 17758100004218000 0.589927554 0.465696104 2.049514965 -0.347822210
404219 4219.000000 17758100004219000 0.590545237 0.467584523 2.033825596 -0.368237706
404220 4220.000000 17758100004220000 0.591143608 0.469574556 2.027831692 -0.382937944
404221 4221.000000 17758100004221000 0.591722608 0.471371891 2.000107173 -0.350348212
404222 4222.000000 17758100004222000 0.592282176 0.473610910 1.991639005 -0.375977152
404223 4223.000000 17758100004223000 0.592822313 0.475795082 1.964469555 -0.347601811
404224 4224.000000 17758100004224000 0.593342960 0.477577009 1.959163405 -0.382209087
404225 4225.000000 17758100004225000 0.593844175 0.479433662 1.954729232 -0.363260717
404226 4226.000000 17758100004226000 0.594325900 0.481540287 1.920998179 -0.378651935
404227 4227.000000 17758100004227000 0.594788074 0.483152309 1.913382529 -0.445339964
404228 4228.000000 17758100004228000 0.595230699 0.485383901 1.894555205 -0.320855946
404229 4229.000000 17758100004229000 0.595653832 0.486947863 1.886511153 -0.388219031
404230 4230.000000 17758100004230000 0.596057355 0.489021775 1.865706905 -0.386386374
404231 4231.000000 17758100004231000 0.596441329 0.490849746 1.855218003 -0.405281927
404232 4232.000000 17758100004232000 0.596805632 0.493041994 1.831784941 -0.385218337
404233 4233.000000 17758100004233000 0.597150385 0.494898938 1.813416462 -0.408683308
404234 4234.000000 17758100004234000 0.597475529 0.496312205 1.813239571 -0.365463248
404235 4235.000000 17758100004235000 0.597781003 0.498011219 1.785260297 -0.414511913
404236 4236.000000 17758100004236000 0.598066807 0.499876488 1.777425429 -0.426845329
404237 4237.000000 17758100004237000 0.598332942 0.502058651 1.755942843 -0.383956013
404238 4238.000000 17758100004238000 0.598579466 0.503375492 1.747646496 -0.410789950
404239 4239.000000 17758100004239000 0.598806262 0.505097479 1.731089686 -0.409796380
404240 4240.000000 17758100004240000 0.599013388 0.506657325 1.712682892 -0.410909003
404241 4241.000000 17758100004241000 0.599200785 0.508966156 1.690248812 -0.404939277
404242 4242.000000 17758100004242000 0.599368453 0.510029088 1.676905322 -0.404779819
404243 4243.000000 17758100004243000 0.599516451 0.511649461 1.657570630 -0.393754491
404244 4244.000000 17758100004244000 0.599644721 0.513819320 1.641211608 -0.436253784
404245 4245.000000 17758100004245000 0.599753261 0.515200595 1.619596446 -0.398522901
404246 4246.000000 17758100004246000 0.599842072 0.516720653 1.603948652 -0.461756506
404247 4247.000000 17758100004247000 0.599911153 0.518552104 1.595583676 -0.399927302
404248 4248.000000 17758100004248000 0.599960506 0.519697907 1.582453965 -0.419010406
404249 4249.000000 17758100004249000 0.599990129 0.521197523 1.562206246 -0.409912175
404250 4250.000000 17758100004250000 0.600000024 0.523149660 1.551783874 -0.449160928
404251 4251.000000 17758100004251000 0.599990129 0.525004135 1.526445207 -0.481472740
404252 4252.000000 17758100004252000 0.599960506 0.526416455 1.512047651 -0.426852943
404253 4253.000000 17758100004253000 0.599911153 0.527444345 1.492460183 -0.435899300
404254 4254.000000 17758100004254000 0.599842072 0.528915334 1.481075339 -0.431499008
404255 4255.000000 17758100004255000 0.599753261 0.530228573 1.460318991 -0.410113211
404256 4256.000000 17758100004256000 0.599644721 0.532127498 1.437884036 -0.445441817
404257 4257.000000 17758100004257000 0.599516451 0.533494098 1.425673270 -0.452672398
404258 4258.000000 17758100004258000 0.599368453 0.535012663 1.415838516 -0.466405622
404259 4259.000000 17758100004259000 0.599200785 0.536063721 1.396937228 -0.458490570
404260 4260.000000 17758100004260000 0.599013388 0.537465908 1.374772829 -0.418450961
404261 4261.000000 17758100004261000 0.598806262 0.538768143 1.363939438 -0.445504731
404262 4262.000000 17758100004262000 0.598579466 0.540332844 1.333216454 -0.476154623
404263 4263.000000 17758100004263000 0.598332942 0.541369461 1.326625234 -0.462333078
404264 4264.000000 17758100004264000 0.598066807 0.542720716 1.297965009 -0.460334846
404265 4265.000000 17758100004265000 0.597781003 0.544207794 1.284726980 -0.453740844
404266 4266.000000 17758100004266000 0.597475529 0.545575641 1.267161275 -0.494906292
404267 4267.000000 17758100004267000 0.597150385 0.546840975 1.246277696 -0.437640584
404268 4268.000000 17758100004268000 0.596805632 0.547725196 1.234740013 -0.415629703
404269 4269.000000 17758100004269000 0.596441329 0.549283499 1.215799736 -0.463305390
404270 4270.000000 17758100004270000 0.596057355 0.550369958 1.202933020 -0.491308735
404271 4271.000000 17758100004271000 0.595653832 0.551471204 1.193470568 -0.487001864
404272 4272.000000 17758100004272000 0.595230699 0.552748730 1.167687194 -0.477743468
404273 4273.000000 17758100004273000 0.594788074 0.553677836 1.147136747 -0.447734249
404274 4274.000000 17758100004274000 0.594325900 0.555296770 1.131773121 -0.485750977
404275 4275.000000 17758100004275000 0.593844175 0.556193812 1.111829338 -0.478429519
404276 4276.000000 17758100004276000 0.593342960 0.557457528 1.100502776 -0.509351059
404277 4277.000000 17758100004277000 0.592822313 0.558261679 1.067735746 -0.493927554
404278 4278.000000 17758100004278000 0.592282176 0.559351642 1.054234987 -0.474126161
404279 4279.000000 17758100004279000 0.591722608 0.560254340 1.041218873 -0.472285248
404280 4280.000000 17758100004280000 0.591143608 0.561468448 1.020022809 -0.474003185
404281 4281.000000 17758100004281000 0.590545237 0.562572171 1.005997120 -0.507374360
404282 4282.000000 17758100004282000 0.589927554 0.563588228 0.980126362 -0.476170290
404283 4283.000000 17758100004283000 0.589290440 0.564228219 0.963749104 -0.469306863
404284 4284.000000 17758100004284000 0.588634074 0.565276789 0.940335313 -0.544062891
404285 4285.000000 17758100004285000 0.587958395 0.566855288 0.930623128 -0.500616696
404286 4286.000000 17758100004286000 0.587263465 0.567317484 0.910155494 -0.466242688
404287 4287.000000 17758100004287000 0.586549282 0.567623138 0.899204622 -0.492854047
404288 4288.000000 17758100004288000 0.585815847 0.569072039 0.876851178 -0.496654128
404289 4289.000000 17758100004289000 0.585063279 0.569625148 0.848707947 -0.499877062
404290 4290.000000 17758100004290000 0.584291577 0.570854267 0.839245185 -0.487731912
404291 4291.000000 17758100004291000 0.583500743 0.571447321 0.830736110 -0.494698318
404292 4292.000000 17758100004292000 0.582690835 0.572610041 0.793500811 -0.499688479
404293 4293.000000 17758100004293000 0.581861854 0.573272120 0.778174693 -0.513100244
404294 4294.000000 17758100004294000 0.581013858 0.573774183 0.766620675 -0.486444863
404295 4295.000000 17758100004295000 0.580146849 0.574484174 0.733786198 -0.510530883
404296 4296.000000 17758100004296000 0.579260886 0.575458932 0.727601429 -0.562605093
404297 4297.000000 17758100004297000 0.578356028 0.575747593 0.708118392 -0.530901743
404298 4298.000000 17758100004298000 0.577432275 0.576676299 0.683925439 -0.516141011
404299 4299.000000 17758100004299000 0.576489687 0.577567927 0.666128680 -0.522097296
404300 4300.000000 17758100004300000 0.575528264 0.578026622 0.658930462 -0.506459715
404301 4301.000000 17758100004301000 0.574548066 0.578653409 0.627624918 -0.521343667
404302 4302.000000 17758100004302000 0.573549151 0.579186776 0.616353703 -0.507715061
404303 4303.000000 17758100004303000 0.572531521 0.579462590 0.596282557 -0.496410977
404304 4304.000000 17758100004304000 0.571495295 0.580273366 0.571331556 -0.510104380
404305 4305.000000 17758100004305000 0.570440412 0.580740645 0.559222025 -0.526048630
404306 4306.000000 17758100004306000 0.569366932 0.581474380 0.535758166 -0.523672074
404307 4307.000000 17758100004307000 0.568274915 0.581955678 0.520338377 -0.513392772
404308 4308.000000 17758100004308000 0.567164481 0.582105758 0.500684695 -0.539464859
404309 4309.000000 17758100004309000 0.566035569 0.582885486 0.484851502 -0.546122747
404310 4310.000000 17758100004310000 0.564888239 0.583289212 0.453687006 -0.521278341
404311 4311.000000 17758100004311000 0.563722551 0.583941173 0.444650185 -0.522453231
404312 4312.000000 17758100004312000 0.562538624 0.584273475 0.418474442 -0.521758572
404313 4313.000000 17758100004313000 0.561336398 0.584685430 0.401219655 -0.527150593
404314 4314.000000 17758100004314000 0.560115933 0.584768701 0.385636739 -0.554368575
404315 4315.000000 17758100004315000 0.558877289 0.585209299 0.361370277 -0.525860889
404316 4316.000000 17758100004316000 0.557620585 0.585602940 0.347200064 -0.512435573
404317 4317.000000 17758100004317000 0.556345820 0.585997077 0.332793212 -0.537756961
404318 4318.000000 17758100004318000 0.555052996 0.586433526 0.314269898 -0.544764081
404319 4319.000000 17758100004319000 0.553742230 0.587131719 0.293279711 -0.555591893
404320 4320.000000 17758100004320000 0.552413523 0.586994948 0.272191498 -0.556530680
404321 4321.000000 17758100004321000 0.551066995 0.587452125 0.248236137 -0.509698390
404322 4322.000000 17758100004322000 0.549702644 0.587719581 0.237031212 -0.575212874
404323 4323.000000 17758100004323000 0.548320532 0.587460454 0.214745772 -0.517157329
404324 4324.000000 17758100004324000 0.546920717 0.587989457 0.187182723 -0.520465028
404325 4325.000000 17758100004325000 0.545503259 0.588098634 0.171681030 -0.548152533
404326 4326.000000 17758100004326000 0.544068217 0.587996614 0.155153478 -0.565657117
404327 4327.000000 17758100004327000 0.542615652 0.588445429 0.135335466 -0.536919817
404328 4328.000000 17758100004328000 0.541145623 0.588533168 0.112602910 -0.534609750
404329 4329.000000 17758100004329000 0.539658129 0.588991896 0.094691657 -0.587193823
404330 4330.000000 17758100004330000 0.538153350 0.588871808 0.083210662 -0.559883753
404331 4331.000000 17758100004331000 0.536631227 0.588660002 0.051217744 -0.543053410
404332 4332.000000 17758100004332000 0.535091877 0.588549305 0.034870246 -0.522266863
404333 4333.000000 17758100004333000 0.533535361 0.588813821 0.023727144 -0.552151791
404334 4334.000000 17758100004334000 0.531961679 0.588953781 -0.002925770 -0.524426837
404335 4335.000000 17758100004335000 0.530371010 0.588736138 -0.003971300 -0.532086139
404336 4336.000000 17758100004336000 0.528763354 0.588532046 -0.038072693 -0.530508827
404337 4337.000000 17758100004337000 0.527138710 0.588858329 -0.055304917 -0.552441948
404338 4338.000000 17758100004338000 0.525497258 0.588428964 -0.071603502 -0.536372776
404339 4339.000000 17758100004339000 0.523838997 0.588450061 -0.096657782 -0.559061162
404340 4340.000000 17758100004340000 0.522163987 0.588455058 -0.111953520 -0.570273616
404341 4341.000000 17758100004341000 0.520472288 0.588008895 -0.135673424 -0.541672415
404342 4342.000000 17758100004342000 0.518764019 0.588044064 -0.160602113 -0.503209822
404343 4343.000000 17758100004343000 0.517039239 0.587891153 -0.175173571 -0.528497947
404344 4344.000000 17758100004344000 0.515297949 0.587645115 -0.193674918 -0.552629669
404345 4345.000000 17758100004345000 0.513540268 0.587536093 -0.208816092 -0.586296056
404346 4346.000000 17758100004346000 0.511766315 0.587282483 -0.225449098 -0.538623447
404347 4347.000000 17758100004347000 0.509976029 0.587161855 -0.248036046 -0.532619112
404348 4348.000000 17758100004348000 0.508169651 0.587142346 -0.270241912 -0.528623381
404349 4349.000000 17758100004349000 0.506347060 0.586462434 -0.290964690 -0.537671363
404350 4350.000000 17758100004350000 0.504508495 0.585927541 -0.310553950 -0.571751684
404351 4351.000000 17758100004351000 0.502653956 0.585952815 -0.318313164 -0.546688564
404352 4352.000000 17758100004352000 0.500783503 0.585483867 -0.336710780 -0.516225995
404353 4353.000000 17758100004353000 0.498897225 0.585167661 -0.374003713 -0.476099438
404354 4354.000000 17758100004354000 0.496995211 0.584842209 -0.391400028 -0.522540719
404355 4355.000000 17758100004355000 0.495077521 0.584308434 -0.402961745 -0.560080468
404356 4356.000000 17758100004356000 0.493144214 0.583814576 -0.425366211 -0.525355790
404357 4357.000000 17758100004357000 0.491195410 0.583314420 -0.435276255 -0.555080170
404358 4358.000000 17758100004358000 0.489231139 0.583304294 -0.467239183 -0.535647023
404359 4359.000000 17758100004359000 0.487251520 0.582695252 -0.475114904 -0.566701407
404360 4360.000000 17758100004360000 0.485256612 0.581860741 -0.496415551 -0.564571707
404361 4361.000000 17758100004361000 0.483246505 0.581435235 -0.525878446 -0.582279174
404362 4362.000000 17758100004362000 0.481221259 0.580946486 -0.537837071 -0.563789553
404363 4363.000000 17758100004363000 0.479180962 0.580209829 -0.560022877 -0.530659735
404364 4364.000000 17758100004364000 0.477125704 0.579660488 -0.573960573 -0.534258397
404365 4365.000000 17758100004365000 0.475055546 0.578903413 -0.597646287 -0.569909739
404366 4366.000000 17758100004366000 0.472970575 0.578980419 -0.617223270 -0.523983606
404367 4367.000000 17758100004367000 0.470870882 0.577910564 -0.636581154 -0.527290337
404368 4368.000000 17758100004368000 0.468756557 0.577450400 -0.651639522 -0.543032588
404369 4369.000000 17758100004369000 0.466627687 0.576508726 -0.666220282 -0.528168146
404370 4370.000000 17758100004370000 0.464484304 0.575999788 -0.691012319 -0.522907315
404371 4371.000000 17758100004371000 0.462326556 0.574973704 -0.715738641 -0.547508288
404372 4372.000000 17758100004372000 0.460154504 0.574727943 -0.726220420 -0.557863059
404373 4373.000000 17758100004373000 0.457968235 0.573927200 -0.745202020 -0.519184572
404374 4374.000000 17758100004374000 0.455767840 0.572558359 -0.768591619 -0.556916526
404375 4375.000000 17758100004375000 0.453553379 0.572263682 -0.785313309 -0.557368312
404376 4376.000000 17758100004376000 0.451324999 0.571611553 -0.802079075 -0.543677101
404377 4377.000000 17758100004377000 0.449082702 0.570731362 -0.820579296 -0.529436104
404378 4378.000000 17758100004378000 0.446826667 0.569767483 -0.836956927 -0.529618222
404379 4379.000000 17758100004379000 0.444556892 0.568899211 -0.856843890 -0.550708194
404380 4380.000000 17758100004380000 0.442273557 0.568167337 -0.873517831 -0.558446293
404381 4381.000000 17758100004381000 0.439976692 0.567131707 -0.886266793 -0.544541264
404382 4382.000000 17758100004382000 0.437666416 0.566105256 -0.906800746 -0.529312517
404383 4383.000000 17758100004383000 0.435342789 0.565052959 -0.924686050 -0.536312561
404384 4384.000000 17758100004384000 0.433005929 0.564259442 -0.945295929 -0.542037857
404385 4385.000000 17758100004385000 0.430655926 0.563470036 -0.976958599 -0.532560203
404386 4386.000000 17758100004386000 0.428292871 0.562613397 -0.980016927 -0.547263834
404387 4387.000000 17758100004387000 0.425916851 0.561118846 -1.003930066 -0.480675764
404388 4388.000000 17758100004388000 0.423527986 0.560642283 -1.017027696 -0.554298127
404389 4389.000000 17758100004389000 0.421126336 0.559428112 -1.044497899 -0.537880767
404390 4390.000000 17758100004390000 0.418711990 0.557792733 -1.053597759 -0.505819903
404391 4391.000000 17758100004391000 0.416285068 0.557217054 -1.086394245 -0.534168541
404392 4392.000000 17758100004392000 0.413845688 0.556007961 -1.091254428 -0.554474810
404393 4393.000000 17758100004393000 0.411393881 0.555214134 -1.114547738 -0.520920220
404394 4394.000000 17758100004394000 0.408929795 0.553799961 -1.139091892 -0.523267021
404395 4395.000000 17758100004395000 0.406453520 0.552453649 -1.143675421 -0.522570076
404396 4396.000000 17758100004396000 0.403965145 0.551305441 -1.171365869 -0.564183428
404397 4397.000000 17758100004397000 0.401464760 0.550443058 -1.179522042 -0.530227143
404398 4398.000000 17758100004398000 0.398952484 0.549494207 -1.202979600 -0.556419944
404399 4399.000000 17758100004399000 0.396428406 0.547637759 -1.230170117 -0.564068128
404400 4400.000000 17758100004400000 0.393892616 0.546558021 -1.243717393 -0.504092302
404401 4401.000000 17758100004401000 0.391345233 0.544957977 -1.258612136 -0.533605224
404402 4402.000000 17758100004402000 0.388786346 0.543993802 -1.278248973 -0.514715735
404403 4403.000000 17758100004403000 0.386216074 0.542857289 -1.289950040 -0.530451520
404404 4404.000000 17758100004404000 0.383634478 0.541269523 -1.312568985 -0.522424129
404405 4405.000000 17758100004405000 0.381041676 0.540147746 -1.332688104 -0.545450693
404406 4406.000000 17758100004406000 0.378437817 0.538963940 -1.344139941 -0.518340399
404407 4407.000000 17758100004407000 0.375822932 0.537691194 -1.363794699 -0.524227005
404408 4408.000000 17758100004408000 0.373197168 0.536143546 -1.381785805 -0.514858171
404409 4409.000000 17758100004409000 0.370560616 0.534978270 -1.392047901 -0.491019155
404410 4410.000000 17758100004410000 0.367913395 0.532823566 -1.406980637 -0.542486379
404411 4411.000000 17758100004411000 0.365255594 0.532033980 -1.431610465 -0.514191045
404412 4412.000000 17758100004412000 0.362587303 0.530628910 -1.445199195 -0.521795228
404413 4413.000000 17758100004413000 0.359908670 0.529035939 -1.460001901 -0.508928317
404414 4414.000000 17758100004414000 0.357219756 0.527368888 -1.473968815 -0.508340005
404415 4415.000000 17758100004415000 0.354520708 0.526277194 -1.496595383 -0.523588509
404416 4416.000000 17758100004416000 0.351811588 0.524630218 -1.515542464 -0.538085165
404417 4417.000000 17758100004417000 0.349092543 0.523052439 -1.535262458 -0.503206982
404418 4418.000000 17758100004418000 0.346363664 0.520975502 -1.542533614 -0.512127798
404419 4419.000000 17758100004419000 0.343625069 0.519548639 -1.555651192 -0.536496701
404420 4420.000000 17758100004420000 0.340876848 0.518068121 -1.577518646 -0.493069503
404421 4421.000000 17758100004421000 0.338119090 0.516935836 -1.597990971 -0.494519445
404422 4422.000000 17758100004422000 0.335351974 0.515038091 -1.630477777 -0.490146632
404423 4423.000000 17758100004423000 0.332575530 0.513487953 -1.629775117 -0.482235197
404424 4424.000000 17758100004424000 0.329789937 0.511633375 -1.636040224 -0.482662212
404425 4425.000000 17758100004425000 0.326995254 0.510076368 -1.659591826 -0.507285112
404426 4426.000000 17758100004426000 0.324191600 0.508304885 -1.675523155 -0.512185170
404427 4427.000000 17758100004427000 0.321379125 0.506917485 -1.689137490 -0.504337371
404428 4428.000000 17758100004428000 0.318557888 0.505047607 -1.704534625 -0.509351072
404429 4429.000000 17758100004429000 0.315728009 0.503564691 -1.727750276 -0.481793253
404430 4430.000000 17758100004430000 0.312889636 0.501513081 -1.746070900 -0.480730598
404431 4431.000000 17758100004431000 0.310042858 0.499912301 -1.760301030 -0.488573318
404432 4432.000000 17758100004432000 0.307187796 0.497882382 -1.778868199 -0.493464364
404433 4433.000000 17758100004433000 0.304324538 0.496191172 -1.790295022 -0.502525010
404434 4434.000000 17758100004434000 0.301453203 0.494606359 -1.805857210 -0.483524916
404435 4435.000000 17758100004435000 0.298573941 0.492664744 -1.815769658 -0.500246634
404436 4436.000000 17758100004436000 0.295686841 0.491024540 -1.843530245 -0.489472577
404437 4437.000000 17758100004437000 0.292791992 0.488830444 -1.854693117 -0.506206922
404438 4438.000000 17758100004438000 0.289889544 0.487226773 -1.871065081 -0.488294222
404439 4439.000000 17758100004439000 0.286979616 0.485494025 -1.886050070 -0.483207350
404440 4440.000000 17758100004440000 0.284062266 0.483200685 -1.892671276 -0.460223317
404441 4441.000000 17758100004441000 0.281137675 0.481472830 -1.911715491 -0.468635837
404442 4442.000000 17758100004442000 0.278205931 0.479832616 -1.925837149 -0.430513336
404443 4443.000000 17758100004443000 0.275267154 0.477763746 -1.945855485 -0.502464610
404444 4444.000000 17758100004444000 0.272321463 0.475656001 -1.959533531 -0.463198398
404445 4445.000000 17758100004445000 0.269368947 0.473669896 -1.978818470 -0.456036870
404446 4446.000000 17758100004446000 0.266409785 0.471602881 -1.988849770 -0.462512360
404447 4447.000000 17758100004447000 0.263444006 0.469524436 -2.005300597 -0.490653991
404448 4448.000000 17758100004448000 0.260471791 0.467867146 -2.013672543 -0.428905181
404449 4449.000000 17758100004449000 0.257493258 0.465418090 -2.037579138 -0.458952394
404450 4450.000000 17758100004450000 0.254508495 0.463697864 -2.037327568 -0.455074115
404451 4451.000000 17758100004451000 0.251517624 0.461327646 -2.057878058 -0.452554542
404452 4452.000000 17758100004452000 0.248520792 0.459880771 -2.069504122 -0.438678356
404453 4453.000000 17758100004453000 0.245518088 0.457010422 -2.086960481 -0.409484643
404454 4454.000000 17758100004454000 0.242509633 0.454931168 -2.102874744 -0.439798095
404455 4455.000000 17758100004455000 0.239495546 0.453214641 -2.116092696 -0.432692571
404456 4456.000000 17758100004456000 0.236475974 0.450850736 -2.128136686 -0.465110725
404457 4457.000000 17758100004457000 0.233450994 0.448753440 -2.141045970 -0.473841419
404458 4458.000000 17758100004458000 0.230420753 0.446431571 -2.163743253 -0.438414988
404459 4459.000000 17758100004459000 0.227385357 0.444231586 -2.179037098 -0.420457053
404460 4460.000000 17758100004460000 0.224344939 0.442402685 -2.183448700 -0.440458710
404461 4461.000000 17758100004461000 0.221299618 0.440267735 -2.191697805 -0.456662594
404462 4462.000000 17758100004462000 0.218249500 0.437838375 -2.208024815 -0.424216541
404463 4463.000000 17758100004463000 0.215194717 0.435698426 -2.220327326 -0.419223650
404464 4464.000000 17758100004464000 0.212135375 0.433431322 -2.232724186 -0.423250483
404465 4465.000000 17758100004465000 0.209071621 0.431002210 -2.251519658 -0.396477253
404466 4466.000000 17758100004466000 0.206003562 0.429081322 -2.261916965 -0.414022644
404467 4467.000000 17758100004467000 0.202931300 0.426623144 -2.273720631 -0.418090561
404468 4468.000000 17758100004468000 0.199854985 0.424074769 -2.292175709 -0.439977865
404469 4469.000000 17758100004469000 0.196774736 0.421707888 -2.309441633 -0.427110115
404470 4470.000000 17758100004470000 0.193690658 0.420118987 -2.313445431 -0.433373768
404471 4471.000000 17758100004471000 0.190602884 0.417404188 -2.333360564 -0.415507093
404472 4472.000000 17758100004472000 0.187511533 0.415405595 -2.337147606 -0.380159305
404473 4473.000000 17758100004473000 0.184416726 0.413283384 -2.361552883 -0.429250244
404474 4474.000000 17758100004474000 0.181318581 0.410433743 -2.366897859 -0.424579768
404475 4475.000000 17758100004475000 0.178217232 0.407599793 -2.378018655 -0.379959027
404476 4476.000000 17758100004476000 0.175112799 0.405361734 -2.391396980 -0.420433154
404477 4477.000000 17758100004477000 0.172005385 0.403265552 -2.407656172 -0.422266694
404478 4478.000000 17758100004478000 0.168895140 0.400617295 -2.416983017 -0.400343107
404479 4479.000000 17758100004479000 0.165782183 0.398225108 -2.422001725 -0.414346922
404480 4480.000000 17758100004480000 0.162666619 0.396172741 -2.438702991 -0.410521009
404481 4481.000000 17758100004481000 0.159548581 0.393430909 -2.452091842 -0.366979978
404482 4482.000000 17758100004482000 0.156428188 0.390886558 -2.465785467 -0.346480898
404483 4483.000000 17758100004483000 0.153305575 0.388148329 -2.474398597 -0.411299796
404484 4484.000000 17758100004484000 0.150180861 0.385957356 -2.478508800 -0.407504487
404485 4485.000000 17758100004485000 0.147054151 0.383615868 -2.491087928 -0.365285112
404486 4486.000000 17758100004486000 0.143925592 0.380782078 -2.510392959 -0.376656653
404487 4487.000000 17758100004487000 0.140795305 0.378503686 -2.515694884 -0.349042190
404488 4488.000000 17758100004488000 0.137663409 0.375619542 -2.528079964 -0.381725106
404489 4489.000000 17758100004489000 0.134530008 0.373573535 -2.529323964 -0.391281890
404490 4490.000000 17758100004490000 0.131395265 0.370707995 -2.548826424 -0.345535057
404491 4491.000000 17758100004491000 0.128259271 0.368070893 -2.554241477 -0.382089179
404492 4492.000000 17758100004492000 0.125122160 0.365756932 -2.568899584 -0.351313336
404493 4493.000000 17758100004493000 0.121984057 0.363261531 -2.576844715 -0.350895501
404494 4494.000000 17758100004494000 0.118845090 0.360432002 -2.594903028 -0.315158676
404495 4495.000000 17758100004495000 0.115705378 0.357897917 -2.598345203 -0.376317087
404496 4496.000000 17758100004496000 0.112565048 0.355465210 -2.600224986 -0.351533909
404497 4497.000000 17758100004497000 0.109424219 0.352839785 -2.622547713 -0.317965026
404498 4498.000000 17758100004498000 0.106283017 0.349849181 -2.638817693 -0.342110744
404499 4499.000000 17758100004499000 0.103141569 0.347234162 -2.642572584 -0.327923568
404500 4500.000000 17758100004500000 0.100000001 0.344388662 -2.654842578 -0.360473457
404501 4501.000000 17758100004501000 0.096858427 0.342132198 -2.661551257 -0.313489349
404502 4502.000000 17758100004502000 0.093716979 0.339302527 -2.663903977 -0.328551630
404503 4503.000000 17758100004503000 0.090575777 0.336888658 -2.692447950 -0.340625042
404504 4504.000000 17758100004504000 0.087434955 0.334110622 -2.682537578 -0.312196652
404505 4505.000000 17758100004505000 0.084294617 0.331505133 -2.703928386 -0.289084875
404506 4506.000000 17758100004506000 0.081154905 0.328499132 -2.711689593 -0.363395739
404507 4507.000000 17758100004507000 0.078015938 0.325963998 -2.720255362 -0.321861706
404508 4508.000000 17758100004508000 0.074877843 0.323323161 -2.737482256 -0.330371493
404509 4509.000000 17758100004509000 0.071740732 0.320567114 -2.739604962 -0.268932219
404510 4510.000000 17758100004510000 0.068604738 0.317559935 -2.742674698 -0.320175013
404511 4511.000000 17758100004511000 0.065469988 0.314952429 -2.763301923 -0.330178733
404512 4512.000000 17758100004512000 0.062336598 0.312449771 -2.751306913 -0.322661370
404513 4513.000000 17758100004513000 0.059204694 0.309521637 -2.776238569 -0.294100121
404514 4514.000000 17758100004514000 0.056074403 0.306767418 -2.780266920 -0.287356645
404515 4515.000000 17758100004515000 0.052945845 0.304119517 -2.781649076 -0.323543858
404516 4516.000000 17758100004516000 0.049819142 0.301102173 -2.794360334 -0.295445077
404517 4517.000000 17758100004517000 0.046694424 0.298193517 -2.804261187 -0.308930711
404518 4518.000000 17758100004518000 0.043571807 0.295608066 -2.818065083 -0.295677705
404519 4519.000000 17758100004519000 0.040451419 0.292769137 -2.814664837 -0.282581404
404520 4520.000000 17758100004520000 0.037333384 0.290136246 -2.833824788 -0.289330797
404521 4521.000000 17758100004521000 0.034217820 0.286900211 -2.839797813 -0.312244531
404522 4522.000000 17758100004522000 0.031104855 0.284344268 -2.846894716 -0.297413730
404523 4523.000000 17758100004523000 0.027994609 0.281249399 -2.856658252 -0.303164739
404524 4524.000000 17758100004524000 0.024887206 0.278725041 -2.862014142 -0.279101670
404525 4525.000000 17758100004525000 0.021782767 0.275411251 -2.858285539 -0.243657932
404526 4526.000000 17758100004526000 0.018681418 0.272646716 -2.864383982 -0.262855538
404527 4527.000000 17758100004527000 0.015583278 0.269678261 -2.876685140 -0.246144933
404528 4528.000000 17758100004528000 0.012488470 0.266836208 -2.889360248 -0.237757857
404529 4529.000000 17758100004529000 0.009397118 0.264020433 -2.887673895 -0.222822064
404530 4530.000000 17758100004530000 0.006309343 0.261241060 -2.893859509 -0.271307811
404531 4531.000000 17758100004531000 0.003225266 0.257711355 -2.914988206 -0.270469764
404532 4532.000000 17758100004532000 0.000145010 0.255222001 -2.908602568 -0.231185188
404533 4533.000000 17758100004533000 -0.002931304 0.252611781 -2.912164834 -0.244909735
404534 4534.000000 17758100004534000 -0.006003555 0.249149838 -2.926061679 -0.232244660
404535 4535.000000 17758100004535000 -0.009071621 0.247095572 -2.928628742 -0.267364553
404536 4536.000000 17758100004536000 -0.012135381 0.243547351 -2.924322498 -0.190409289
404537 4537.000000 17758100004537000 -0.015194713 0.240979041 -2.942841349 -0.220704401
404538 4538.000000 17758100004538000 -0.018249499 0.237516591 -2.941793086 -0.248089426
404539 4539.000000 17758100004539000 -0.021299616 0.234752706 -2.953287015 -0.221710878
404540 4540.000000 17758100004540000 -0.024344943 0.232021794 -2.953248080 -0.223485111
404541 4541.000000 17758100004541000 -0.027385363 0.228757643 -2.956689123 -0.225279153
404542 4542.000000 17758100004542000 -0.030420752 0.225932080 -2.958856571 -0.195721142
404543 4543.000000 17758100004543000 -0.033450995 0.223007103 -2.969204317 -0.209086826
404544 4544.000000 17758100004544000 -0.036475968 0.220292266 -2.976770270 -0.212899801
404545 4545.000000 17758100004545000 -0.039495554 0.216766745 -2.989169371 -0.194486117
404546 4546.000000 17758100004546000 -0.042509630 0.214265752 -2.985540032 -0.192133130
404547 4547.000000 17758100004547000 -0.045518082 0.210766491 -2.984861114 -0.211303429
404548 4548.000000 17758100004548000 -0.048520792 0.208006024 -2.987873161 -0.213264624
404549 4549.000000 17758100004549000 -0.051517636 0.204718994 -2.995492398 -0.169511057
404550 4550.000000 17758100004550000 -0.054508496 0.201824262 -3.002968558 -0.155872879
404551 4551.000000 17758100004551000 -0.057493258 0.199079424 -3.005221049 -0.185777074
404552 4552.000000 17758100004552000 -0.060471807 0.195971262 -3.004431258 -0.188519444
404553 4553.000000 17758100004553000 -0.063444018 0.193020588 -3.008631434 -0.209422855
404554 4554.000000 17758100004554000 -0.066409774 0.189901991 -3.020255767 -0.161195255
404555 4555.000000 17758100004555000 -0.069368958 0.187036098 -3.015748524 -0.189711325
404556 4556.000000 17758100004556000 -0.072321460 0.183901842 -3.022717846 -0.144892220
404557 4557.000000 17758100004557000 -0.075267158 0.180795761 -3.030508784 -0.190888078
404558 4558.000000 17758100004558000 -0.078205936 0.177612081 -3.029004879 -0.148640203
404559 4559.000000 17758100004559000 -0.081137687 0.174955497 -3.034220263 -0.177772675
404560 4560.000000 17758100004560000 -0.084062278 0.171960302 -3.040432498 -0.140556706
404561 4561.000000 17758100004561000 -0.086979605 0.168875616 -3.039612944 -0.141977978
404562 4562.000000 17758100004562000 -0.089889549 0.165983262 -3.050195079 -0.177532097
404563 4563.000000 17758100004563000 -0.092791997 0.162761055 -3.042225964 -0.171395775
404564 4564.000000 17758100004564000 -0.095686831 0.159500700 -3.049763538 -0.129422212
404565 4565.000000 17758100004565000 -0.098573945 0.156599800 -3.047651948 -0.135446150
404566 4566.000000 17758100004566000 -0.101453215 0.153349344 -3.042394905 -0.142235444
404567 4567.000000 17758100004567000 -0.104324535 0.150205428 -3.047730665 -0.136945790
404568 4568.000000 17758100004568000 -0.107187793 0.147697426 -3.050560553 -0.109889016
404569 4569.000000 17758100004569000 -0.110042863 0.144517177 -3.057542653 -0.094101830
404570 4570.000000 17758100004570000 -0.112889647 0.141454644 -3.061612296 -0.082994054
404571 4571.000000 17758100004571000 -0.115728021 0.138528846 -3.063500427 -0.120123261
404572 4572.000000 17758100004572000 -0.118557885 0.135060829 -3.063635173 -0.090075323
404573 4573.000000 17758100004573000 -0.121379115 0.132143597 -3.069134141 -0.123144342
404574 4574.000000 17758100004574000 -0.124191605 0.129029082 -3.065897249 -0.104807896
404575 4575.000000 17758100004575000 -0.126995251 0.125878571 -3.071869527 -0.102972512
404576 4576.000000 17758100004576000 -0.129789934 0.122735649 -3.062401663 -0.094778642
404577 4577.000000 17758100004577000 -0.132575542 0.120163816 -3.061963962 -0.064827816
404578 4578.000000 17758100004578000 -0.135351971 0.116927306 -3.065982599 -0.126502366
404579 4579.000000 17758100004579000 -0.138119102 0.113845510 -3.066155365 -0.085834180
404580 4580.000000 17758100004580000 -0.140876830 0.110795869 -3.070155299 -0.102642680
404581 4581.000000 17758100004581000 -0.143625066 0.107651562 -3.067295719 -0.109325033
404582 4582.000000 17758100004582000 -0.146363676 0.104411112 -3.076804587 -0.103966814
404583 4583.000000 17758100004583000 -0.149092555 0.101282695 -3.074157091 -0.059303714
404584 4584.000000 17758100004584000 -0.151811600 0.098211823 -3.071625151 -0.080213610
404585 4585.000000 17758100004585000 -0.154520705 0.095014447 -3.067960593 -0.053211169
404586 4586.000000 17758100004586000 -0.157219768 0.092342902 -3.075477817 -0.096573815
404587 4587.000000 17758100004587000 -0.159908667 0.089765299 -3.077027147 -0.076861842
404588 4588.000000 17758100004588000 -0.162587315 0.086042971 -3.068984977 -0.051609132
404589 4589.000000 17758100004589000 -0.165255591 0.082802633 -3.065638555 -0.059402693
404590 4590.000000 17758100004590000 -0.167913392 0.079870626 -3.074936453 -0.046878531
404591 4591.000000 17758100004591000 -0.170560628 0.076951004 -3.075457322 -0.006531122
404592 4592.000000 17758100004592000 -0.173197180 0.073826783 -3.060676141 -0.027984160
404593 4593.000000 17758100004593000 -0.175822929 0.071101049 -3.065227551 -0.069068989
404594 4594.000000 17758100004594000 -0.178437814 0.067938714 -3.063241926 -0.072730854
404595 4595.000000 17758100004595000 -0.181041688 0.064477725 -3.069303801 -0.010711797
404596 4596.000000 17758100004596000 -0.183634475 0.061921588 -3.066704455 -0.005648858
404597 4597.000000 17758100004597000 -0.186216056 0.058374831 -3.071095424 -0.021876692
404598 4598.000000 17758100004598000 -0.188786358 0.055370508 -3.058323757 -0.025081096
404599 4599.000000 17758100004599000 -0.191345245 0.052502525 -3.055392871 -0.025055721
404600 4600.000000 17758100004600000 -0.193892628 0.049406490 -3.053635142 -0.034281019
404601 4601.000000 17758100004601000 -0.196428403 0.046218966 -3.050333960 -0.033076104
404602 4602.000000 17758100004602000 -0.198952496 0.043412033 -3.040957006 0.017306979
404603 4603.000000 17758100004603000 -0.201464772 0.040175722 -3.045354067 -0.020345371
404604 4604.000000 17758100004604000 -0.203965142 0.037203665 -3.047214121 0.017223331
404605 4605.000000 17758100004605000 -0.206453532 0.033742102 -3.047942945 0.001019404
404606 4606.000000 17758100004606000 -0.208929807 0.031297906 -3.050165550 0.016737273
404607 4607.000000 17758100004607000 -0.211393893 0.027989763 -3.039811878 -0.023995115
404608 4608.000000 17758100004608000 -0.213845685 0.024831740 -3.029270099 0.048446640
404609 4609.000000 17758100004609000 -0.216285080 0.022034499 -3.028046856 0.007917490
404610 4610.000000 17758100004610000 -0.218712002 0.018859729 -3.033340708 0.047633214
404611 4611.000000 17758100004611000 -0.221126333 0.016069331 -3.026649455 0.033577928
404612 4612.000000 17758100004612000 -0.223527983 0.012762295 -3.035052979 -0.007377803
404613 4613.000000 17758100004613000 -0.225916862 0.009794621 -3.017770022 0.030250441
404614 4614.000000 17758100004614000 -0.228292882 0.006838865 -3.013289131 0.022204788
404615 4615.000000 17758100004615000 -0.230655938 0.003584611 -3.006619601 0.024398727
404616 4616.000000 17758100004616000 -0.233005941 0.000926751 -3.011991706 0.049752194
404617 4617.000000 17758100004617000 -0.235342786 -0.002180836 -3.005713692 0.052948965
404618 4618.000000 17758100004618000 -0.237666398 -0.005185470 -2.997675219 0.030075307
404619 4619.000000 17758100004619000 -0.239976689 -0.008284750 -2.998561691 0.081685037
404620 4620.000000 17758100004620000 -0.242273554 -0.011160573 -3.000513084 0.048625133
404621 4621.000000 17758100004621000 -0.244556904 -0.014223455 -2.988526550 0.036212525
404622 4622.000000 17758100004622000 -0.246826649 -0.017163973 -2.985360118 0.038319456
404623 4623.000000 17758100004623000 -0.249082714 -0.020215046 -2.975518854 0.026446999
404624 4624.000000 17758100004624000 -0.251324981 -0.023454359 -2.977897134 0.045434618
404625 4625.000000 17758100004625000 -0.253553391 -0.026129379 -2.960986035 0.058563686
404626 4626.000000 17758100004626000 -0.255767852 -0.029158061 -2.960759901 0.061721735
404627 4627.000000 17758100004627000 -0.257968247 -0.032023219 -2.955015840 0.064726514
404628 4628.000000 17758100004628000 -0.260154516 -0.034848662 -2.959736577 0.079493602
404629 4629.000000 17758100004629000 -0.262326568 -0.037695136 -2.954704522 0.094041649
404630 4630.000000 17758100004630000 -0.264484316 -0.040790429 -2.941444009 0.081438421
404631 4631.000000 17758100004631000 -0.266627669 -0.044123548 -2.937014326 0.104702691
404632 4632.000000 17758100004632000 -0.268756568 -0.046664829 -2.932274661 0.076375688
404633 4633.000000 17758100004633000 -0.270870894 -0.049886841 -2.930575549 0.091725468
404634 4634.000000 17758100004634000 -0.272970587 -0.052491936 -2.916768794 0.118355739
404635 4635.000000 17758100004635000 -0.275055528 -0.055204382 -2.917202042 0.101226727
404636 4636.000000 17758100004636000 -0.277125686 -0.058933802 -2.895791060 0.104512645
404637 4637.000000 17758100004637000 -0.279180944 -0.061104601 -2.899900572 0.114236551
404638 4638.000000 17758100004638000 -0.281221241 -0.064156628 -2.902970282 0.073162244
404639 4639.000000 17758100004639000 -0.283246517 -0.067543390 -2.900113449 0.107378219
404640 4640.000000 17758100004640000 -0.285256624 -0.069818614 -2.884462776 0.106390099
404641 4641.000000 17758100004641000 -0.287251532 -0.072647388 -2.882442308 0.125530233
404642 4642.000000 17758100004642000 -0.289231151 -0.075816433 -2.865110607 0.105531714
404643 4643.000000 17758100004643000 -0.291195393 -0.078772256 -2.863286333 0.155083752
404644 4644.000000 17758100004644000 -0.293144226 -0.081291709 -2.864983877 0.142814857
404645 4645.000000 17758100004645000 -0.295077503 -0.084348146 -2.847791496 0.114848348
404646 4646.000000 17758100004646000 -0.296995193 -0.087038509 -2.849130680 0.121376796
404647 4647.000000 17758100004647000 -0.298897207 -0.090030101 -2.818946388 0.140182000
404648 4648.000000 17758100004648000 -0.300783485 -0.092551194 -2.818225115 0.113011837
404649 4649.000000 17758100004649000 -0.302653939 -0.095379987 -2.813913336 0.161050615
404650 4650.000000 17758100004650000 -0.304508507 -0.098552012 -2.811065825 0.160864892
404651 4651.000000 17758100004651000 -0.306347072 -0.101359112 -2.807535883 0.144009806
404652 4652.000000 17758100004652000 -0.308169633 -0.104346854 -2.788760915 0.147732929
404653 4653.000000 17758100004653000 -0.309976041 -0.106690252 -2.786558833 0.164055536
404654 4654.000000 17758100004654000 -0.311766297 -0.109798059 -2.774813845 0.161395493
404655 4655.000000 17758100004655000 -0.313540280 -0.112724288 -2.766783773 0.148442972
404656 4656.000000 17758100004656000 -0.315297961 -0.115101716 -2.764303937 0.182068689
404657 4657.000000 17758100004657000 -0.317039222 -0.118138407 -2.749555371 0.203553337
404658 4658.000000 17758100004658000 -0.318764031 -0.120555140 -2.748297815 0.185066637
404659 4659.000000 17758100004659000 -0.320472300 -0.123196226 -2.733959547 0.163359932
404660 4660.000000 17758100004660000 -0.322163969 -0.125917846 -2.735327742 0.198307774
404661 4661.000000 17758100004661000 -0.323838979 -0.128670602 -2.719750148 0.171686359
404662 4662.000000 17758100004662000 -0.325497240 -0.131843475 -2.711763603 0.173123758
404663 4663.000000 17758100004663000 -0.327138722 -0.134520926 -2.695936449 0.159037248
404664 4664.000000 17758100004664000 -0.328763336 -0.136687243 -2.694731457 0.195275572
404665 4665.000000 17758100004665000 -0.330371022 -0.139430019 -2.678492851 0.209468170
404666 4666.000000 17758100004666000 -0.331961721 -0.142161805 -2.674346306 0.177029132
404667 4667.000000 17758100004667000 -0.333535343 -0.145104735 -2.667174890 0.240103579
404668 4668.000000 17758100004668000 -0.335091889 -0.147501321 -2.658476267 0.220496410
404669 4669.000000 17758100004669000 -0.336631238 -0.150139638 -2.637370741 0.204854518
404670 4670.000000 17758100004670000 -0.338153332 -0.152852953 -2.643023839 0.192976310
404671 4671.000000 17758100004671000 -0.339658141 -0.155700412 -2.620355136 0.202455386
404672 4672.000000 17758100004672000 -0.341145605 -0.158507977 -2.617974638 0.214025095
404673 4673.000000 17758100004673000 -0.342615664 -0.160680847 -2.601185628 0.232566862
404674 4674.000000 17758100004674000 -0.344068229 -0.162969918 -2.597913598 0.238461428
404675 4675.000000 17758100004675000 -0.345503271 -0.165837493 -2.583854629 0.250350405
404676 4676.000000 17758100004676000 -0.346920699 -0.168110180 -2.560333880 0.252658407
404677 4677.000000 17758100004677000 -0.348320514 -0.170881170 -2.556794965 0.247749715
404678 4678.000000 17758100004678000 -0.349702626 -0.173711270 -2.555828748 0.225821497
404679 4679.000000 17758100004679000 -0.351066977 -0.175989748 -2.546444913 0.251606325
404680 4680.000000 17758100004680000 -0.352413535 -0.178230330 -2.526060183 0.202519475
404681 4681.000000 17758100004681000 -0.353742212 -0.181449464 -2.526475348 0.295514001
404682 4682.000000 17758100004682000 -0.355052978 -0.183462377 -2.506124628 0.253182195
404683 4683.000000 17758100004683000 -0.356345803 -0.186132859 -2.505800628 0.266116215
404684 4684.000000 17758100004684000 -0.357620597 -0.188474803 -2.482897918 0.254372580
404685 4685.000000 17758100004685000 -0.358877301 -0.190846901 -2.472584752 0.254651008
404686 4686.000000 17758100004686000 -0.360115916 -0.193758834 -2.464303193 0.230573009
404687 4687.000000 17758100004687000 -0.361336380 -0.196072166 -2.455492930 0.271312227
404688 4688.000000 17758100004688000 -0.362538606 -0.198410885 -2.432396162 0.289343434
404689 4689.000000 17758100004689000 -0.363722563 -0.201171208 -2.422046003 0.295244321
404690 4690.000000 17758100004690000 -0.364888251 -0.203280090 -2.414943676 0.285161731
404691 4691.000000 17758100004691000 -0.366035551 -0.205549245 -2.414416741 0.239478986
404692 4692.000000 17758100004692000 -0.367164463 -0.208105459 -2.398487650 0.303327590
404693 4693.000000 17758100004693000 -0.368274957 -0.210609931 -2.384900786 0.313621567
404694 4694.000000 17758100004694000 -0.369366914 -0.212733575 -2.363362529 0.288146972
404695 4695.000000 17758100004695000 -0.370440394 -0.215357797 -2.348744301 0.292358504
404696 4696.000000 17758100004696000 -0.371495277 -0.217172005 -2.341652294 0.302797231
404697 4697.000000 17758100004697000 -0.372531533 -0.219427896 -2.338976980 0.315374913
404698 4698.000000 17758100004698000 -0.373549163 -0.222356747 -2.327073496 0.291965420
404699 4699.000000 17758100004699000 -0.374548078 -0.224474448 -2.313369579 0.312273393
404700 4700.000000 17758100004700000 -0.375528246 -0.227195861 -2.289047898 0.286764696
404701 4701.000000 17758100004701000 -0.376489669 -0.229100005 -2.267489676 0.331114182
404702 4702.000000 17758100004702000 -0.377432287 -0.231656276 -2.269700884 0.319193982
404703 4703.000000 17758100004703000 -0.378356040 -0.233608567 -2.256639760 0.358185808
404704 4704.000000 17758100004704000 -0.379260898 -0.235912297 -2.234417103 0.363735137
404705 4705.000000 17758100004705000 -0.380146831 -0.237993484 -2.234642415 0.312183972
404706 4706.000000 17758100004706000 -0.381013840 -0.239858345 -2.194779346 0.281010836
404707 4707.000000 17758100004707000 -0.381861836 -0.242357195 -2.196728837 0.351280915
404708 4708.000000 17758100004708000 -0.382690817 -0.244601258 -2.181924334 0.320204192
404709 4709.000000 17758100004709000 -0.383500755 -0.246602657 -2.176132647 0.345637140
404710 4710.000000 17758100004710000 -0.384291589 -0.248940474 -2.166715768 0.336743196
404711 4711.000000 17758100004711000 -0.385063291 -0.251121934 -2.147110720 0.360571526
404712 4712.000000 17758100004712000 -0.385815859 -0.253332474 -2.125345496 0.323609071
404713 4713.000000 17758100004713000 -0.386549264 -0.255654778 -2.112530665 0.364658439
404714 4714.000000 17758100004714000 -0.387263447 -0.257240420 -2.105532457 0.339100907
404715 4715.000000 17758100004715000 -0.387958378 -0.259705889 -2.082117642 0.352106533
404716 4716.000000 17758100004716000 -0.388634056 -0.261200090 -2.074228087 0.359530712
404717 4717.000000 17758100004717000 -0.389290452 -0.263682948 -2.066984879 0.363906937
404718 4718.000000 17758100004718000 -0.389927536 -0.265867190 -2.039738497 0.346069991
404719 4719.000000 17758100004719000 -0.390545249 -0.267844003 -2.025871345 0.350672832
404720 4720.000000 17758100004720000 -0.391143620 -0.269954072 -2.016829407 0.390291296
404721 4721.000000 17758100004721000 -0.391722590 -0.271566356 -1.995545397 0.370259847
404722 4722.000000 17758100004722000 -0.392282158 -0.273886076 -1.980557751 0.354896339
404723 4723.000000 17758100004723000 -0.392822295 -0.275778194 -1.972033398 0.347059716
404724 4724.000000 17758100004724000 -0.393342972 -0.277689276 -1.949911507 0.353568535
404725 4725.000000 17758100004725000 -0.393844157 -0.279802623 -1.935065155 0.351981026
404726 4726.000000 17758100004726000 -0.394325882 -0.281283304 -1.923855432 0.340498916
404727 4727.000000 17758100004727000 -0.394788057 -0.283450987 -1.911484992 0.368377011
404728 4728.000000 17758100004728000 -0.395230711 -0.285827474 -1.894130747 0.397671807
404729 4729.000000 17758100004729000 -0.395653814 -0.286947551 -1.887889203 0.373283082
404730 4730.000000 17758100004730000 -0.396057338 -0.289184420 -1.867244775 0.353043305
404731 4731.000000 17758100004731000 -0.396441311 -0.291155379 -1.858503808 0.409391424
404732 4732.000000 17758100004732000 -0.396805644 -0.292882063 -1.839794512 0.351945689
404733 4733.000000 17758100004733000 -0.397150397 -0.294413900 -1.819652488 0.399215695
404734 4734.000000 17758100004734000 -0.397475511 -0.296702981 -1.804074518 0.404015997
404735 4735.000000 17758100004735000 -0.397780985 -0.298330859 -1.782824266 0.428342459
404736 4736.000000 17758100004736000 -0.398066819 -0.299756143 -1.766839631 0.388619662
404737 4737.000000 17758100004737000 -0.398332953 -0.301933343 -1.757041483 0.399040974
404738 4738.000000 17758100004738000 -0.398579448 -0.303532244 -1.749627723 0.427265928
404739 4739.000000 17758100004739000 -0.398806244 -0.305392153 -1.725533707 0.412649418
404740 4740.000000 17758100004740000 -0.399013370 -0.306723410 -1.720507369 0.401096257
404741 4741.000000 17758100004741000 -0.399200767 -0.308544053 -1.703845563 0.408502092
404742 4742.000000 17758100004742000 -0.399368465 -0.310454080 -1.683215224 0.453202618
404743 4743.000000 17758100004743000 -0.399516463 -0.311888514 -1.661894423 0.405145358
404744 4744.000000 17758100004744000 -0.399644732 -0.313714490 -1.646856189 0.444721791
404745 4745.000000 17758100004745000 -0.399753273 -0.315002476 -1.619126549 0.408996640
404746 4746.000000 17758100004746000 -0.399842083 -0.316676400 -1.613641683 0.397327846
404747 4747.000000 17758100004747000 -0.399911165 -0.318734912 -1.597002976 0.417014100
404748 4748.000000 17758100004748000 -0.399960518 -0.320097875 -1.586119366 0.417969170
404749 4749.000000 17758100004749000 -0.399990141 -0.321908834 -1.564125370 0.440837977
404750 4750.000000 17758100004750000 -0.400000006 -0.323250373 -1.544867700 0.451162304
404751 4751.000000 17758100004751000 -0.399990141 -0.324921144 -1.531276946 0.426822994
404752 4752.000000 17758100004752000 -0.399960518 -0.325911583 -1.522394182 0.448869035
404753 4753.000000 17758100004753000 -0.399911165 -0.327771351 -1.500559136 0.442943735
404754 4754.000000 17758100004754000 -0.399842083 -0.328864916 -1.481266866 0.414276445
404755 4755.000000 17758100004755000 -0.399753273 -0.330510019 -1.463097933 0.454226437
404756 4756.000000 17758100004756000 -0.399644732 -0.332307644 -1.446074628 0.456832826
404757 4757.000000 17758100004757000 -0.399516463 -0.333487745 -1.438142137 0.431872491
404758 4758.000000 17758100004758000 -0.399368465 -0.335333012 -1.416068781 0.451169507
404759 4759.000000 17758100004759000 -0.399200767 -0.336268086 -1.393608476 0.454018864
404760 4760.000000 17758100004760000 -0.399013370 -0.337956014 -1.376597856 0.454568530
404761 4761.000000 17758100004761000 -0.398806244 -0.339025891 -1.362073741 0.465399221
404762 4762.000000 17758100004762000 -0.398579448 -0.340260879 -1.343369642 0.436760196
404763 4763.000000 17758100004763000 -0.398332953 -0.341920804 -1.319333562 0.474342720
404764 4764.000000 17758100004764000 -0.398066819 -0.343104513 -1.310333405 0.424297238
404765 4765.000000 17758100004765000 -0.397780985 -0.344434936 -1.293006736 0.450360616
404766 4766.000000 17758100004766000 -0.397475511 -0.345513891 -1.280267110 0.492119195
404767 4767.000000 17758100004767000 -0.397150397 -0.346681602 -1.250266134 0.452478445
404768 4768.000000 17758100004768000 -0.396805644 -0.347814958 -1.242384216 0.447866507
404769 4769.000000 17758100004769000 -0.396441311 -0.349412298 -1.216843301 0.451930221
404770 4770.000000 17758100004770000 -0.396057338 -0.350774793 -1.203077603 0.446186823
404771 4771.000000 17758100004771000 -0.395653814 -0.352140734 -1.191689282 0.421161988
404772 4772.000000 17758100004772000 -0.395230711 -0.352381659 -1.173942517 0.479192920
404773 4773.000000 17758100004773000 -0.394788057 -0.353904084 -1.148381228 0.486898713
404774 4774.000000 17758100004774000 -0.394325882 -0.355108089 -1.131969683 0.495637635
404775 4775.000000 17758100004775000 -0.393844157 -0.356120631 -1.108998119 0.445290614
404776 4776.000000 17758100004776000 -0.393342972 -0.357080919 -1.096521670 0.478672420
404777 4777.000000 17758100004777000 -0.392822295 -0.358364925 -1.075285747 0.486393536
404778 4778.000000 17758100004778000 -0.392282158 -0.359191919 -1.060380524 0.503924928
404779 4779.000000 17758100004779000 -0.391722590 -0.360214923 -1.038898036 0.490915673
404780 4780.000000 17758100004780000 -0.391143620 -0.361369554 -1.018584670 0.484962138
404781 4781.000000 17758100004781000 -0.390545249 -0.362500602 -1.003617625 0.490586901
404782 4782.000000 17758100004782000 -0.389927536 -0.363670187 -0.987262266 0.466402756
404783 4783.000000 17758100004783000 -0.389290452 -0.364620606 -0.969648172 0.498845576
404784 4784.000000 17758100004784000 -0.388634056 -0.365323507 -0.948820123 0.485352884
404785 4785.000000 17758100004785000 -0.387958378 -0.366442028 -0.919389957 0.499911702
404786 4786.000000 17758100004786000 -0.387263447 -0.367412030 -0.914253715 0.481638594
404787 4787.000000 17758100004787000 -0.386549264 -0.368341476 -0.894232670 0.521602944
404788 4788.000000 17758100004788000 -0.385815859 -0.368816874 -0.879820030 0.487293250
404789 4789.000000 17758100004789000 -0.385063291 -0.369907654 -0.859680073 0.486178416
404790 4790.000000 17758100004790000 -0.384291589 -0.370758115 -0.840693853 0.476678495
404791 4791.000000 17758100004791000 -0.383500755 -0.371335620 -0.818960665 0.492769359
404792 4792.000000 17758100004792000 -0.382690817 -0.372417573 -0.798523526 0.517377340
404793 4793.000000 17758100004793000 -0.381861836 -0.372806329 -0.780325175 0.533920938
404794 4794.000000 17758100004794000 -0.381013840 -0.373928185 -0.761870984 0.504881418
404795 4795.000000 17758100004795000 -0.380146831 -0.374712518 -0.749155087 0.512877376
404796 4796.000000 17758100004796000 -0.379260898 -0.375704351 -0.725286511 0.531280314
404797 4797.000000 17758100004797000 -0.378356040 -0.375820060 -0.707975180 0.522651453
404798 4798.000000 17758100004798000 -0.377432287 -0.376917683 -0.688350511 0.490456988
404799 4799.000000 17758100004799000 -0.376489669 -0.377354144 -0.675518331 0.494139979
404800 4800.000000 17758100004800000 -0.375528246 -0.377872102 -0.642326354 0.528989676
404801 4801.000000 17758100004801000 -0.374548078 -0.378547176 -0.633089360 0.507422594
404802 4802.000000 17758100004802000 -0.373549163 -0.379177014 -0.604167985 0.529001990
404803 4803.000000 17758100004803000 -0.372531533 -0.379583515 -0.590592930 0.510077391
404804 4804.000000 17758100004804000 -0.371495277 -0.380356536 -0.581140896 0.537162701
404805 4805.000000 17758100004805000 -0.370440394 -0.381324246 -0.552619009 0.473319860
404806 4806.000000 17758100004806000 -0.369366914 -0.381454972 -0.535554946 0.529434398
404807 4807.000000 17758100004807000 -0.368274957 -0.382033360 -0.524178485 0.544638259
404808 4808.000000 17758100004808000 -0.367164463 -0.382542949 -0.492257824 0.523516688
404809 4809.000000 17758100004809000 -0.366035551 -0.383112562 -0.475053366 0.544144943
404810 4810.000000 17758100004810000 -0.364888251 -0.383308501 -0.461697598 0.561567164
404811 4811.000000 17758100004811000 -0.363722563 -0.384050240 -0.447934368 0.551163894
404812 4812.000000 17758100004812000 -0.362538606 -0.384119014 -0.423637736 0.529339083
404813 4813.000000 17758100004813000 -0.361336380 -0.384628947 -0.405799052 0.572270913
404814 4814.000000 17758100004814000 -0.360115916 -0.385228721 -0.387261665 0.492606821
404815 4815.000000 17758100004815000 -0.358877301 -0.385465307 -0.372224337 0.561675807
404816 4816.000000 17758100004816000 -0.357620597 -0.385784032 -0.353649357 0.558575006
404817 4817.000000 17758100004817000 -0.356345803 -0.386361307 -0.324405918 0.518760303
404818 4818.000000 17758100004818000 -0.355052978 -0.386595450 -0.300521362 0.562240314
404819 4819.000000 17758100004819000 -0.353742212 -0.387246882 -0.286999924 0.545098257
404820 4820.000000 17758100004820000 -0.352413535 -0.387087707 -0.260178577 0.554325650
404821 4821.000000 17758100004821000 -0.351066977 -0.387725472 -0.249484812 0.552059437
404822 4822.000000 17758100004822000 -0.349702626 -0.387584497 -0.223963053 0.554278742
404823 4823.000000 17758100004823000 -0.348320514 -0.387729957 -0.213672626 0.500271706
404824 4824.000000 17758100004824000 -0.346920699 -0.387806068 -0.196180377 0.536631401
404825 4825.000000 17758100004825000 -0.345503271 -0.388164273 -0.175876243 0.538283611
404826 4826.000000 17758100004826000 -0.344068229 -0.388793038 -0.153925216 0.548169056
404827 4827.000000 17758100004827000 -0.342615664 -0.388492142 -0.138182301 0.526920185
404828 4828.000000 17758100004828000 -0.341145605 -0.388241645 -0.112477464 0.537336629
404829 4829.000000 17758100004829000 -0.339658141 -0.388152711 -0.093526058 0.522815616
404830 4830.000000 17758100004830000 -0.338153332 -0.389165433 -0.079718860 0.538805698
404831 4831.000000 17758100004831000 -0.336631238 -0.388705562 -0.052528463 0.554700568
404832 4832.000000 17758100004832000 -0.335091889 -0.388834425 -0.041027664 0.510666441
404833 4833.000000 17758100004833000 -0.333535343 -0.388860910 -0.020273846 0.549286708
404834 4834.000000 17758100004834000 -0.331961721 -0.388112116 -0.000543741 0.538634815
404835 4835.000000 17758100004835000 -0.330371022 -0.388964719 0.028097356 0.549549317
404836 4836.000000 17758100004836000 -0.328763336 -0.388678929 0.038733778 0.538849203
404837 4837.000000 17758100004837000 -0.327138722 -0.388727085 0.059534812 0.550667185
404838 4838.000000 17758100004838000 -0.325497240 -0.388649936 0.086037952 0.566318617
404839 4839.000000 17758100004839000 -0.323838979 -0.388518773 0.097435755 0.532235633
404840 4840.000000 17758100004840000 -0.322163969 -0.388414127 0.112266406 0.522820814
404841 4841.000000 17758100004841000 -0.320472300 -0.388302897 0.134684427 0.529038408
404842 4842.000000 17758100004842000 -0.318764031 -0.387779281 0.151894249 0.527880454
404843 4843.000000 17758100004843000 -0.317039222 -0.387774266 0.172765109 0.530214223
404844 4844.000000 17758100004844000 -0.315297961 -0.387877334 0.185607133 0.544882708
404845 4845.000000 17758100004845000 -0.313540280 -0.387621798 0.213182752 0.543247297
404846 4846.000000 17758100004846000 -0.311766297 -0.387310968 0.225815740 0.549043121
404847 4847.000000 17758100004847000 -0.309976041 -0.386864580 0.248590583 0.542794555
404848 4848.000000 17758100004848000 -0.308169633 -0.386938403 0.272378166 0.564698799
404849 4849.000000 17758100004849000 -0.306347072 -0.386201457 0.278385360 0.575076823
404850 4850.000000 17758100004850000 -0.304508507 -0.386277312 0.315690276 0.561336983
404851 4851.000000 17758100004851000 -0.302653939 -0.386054466 0.324501027 0.557335351
404852 4852.000000 17758100004852000 -0.300783485 -0.385849592 0.345476443 0.568958028
404853 4853.000000 17758100004853000 -0.298897207 -0.385146807 0.361398072 0.529618089
404854 4854.000000 17758100004854000 -0.296995193 -0.384588931 0.387646115 0.559658424
404855 4855.000000 17758100004855000 -0.295077503 -0.384639989 0.403582919 0.557858417
404856 4856.000000 17758100004856000 -0.293144226 -0.383990839 0.415708964 0.558473847
404857 4857.000000 17758100004857000 -0.291195393 -0.383620585 0.434493412 0.555270278
404858 4858.000000 17758100004858000 -0.289231151 -0.382931970 0.462056862 0.519750669
404859 4859.000000 17758100004859000 -0.287251532 -0.382799161 0.484834586 0.530897908
404860 4860.000000 17758100004860000 -0.285256624 -0.381818081 0.505341607 0.511255039
404861 4861.000000 17758100004861000 -0.283246517 -0.381448109 0.517676041 0.498167078
404862 4862.000000 17758100004862000 -0.281221241 -0.381065431 0.538283129 0.524261056
404863 4863.000000 17758100004863000 -0.279180944 -0.380289927 0.551775564 0.539104218
404864 4864.000000 17758100004864000 -0.277125686 -0.379806575 0.581659468 0.553135986
404865 4865.000000 17758100004865000 -0.275055528 -0.379157989 0.600448824 0.553909622
404866 4866.000000 17758100004866000 -0.272970587 -0.378607419 0.619228567 0.532227842
404867 4867.000000 17758100004867000 -0.270870894 -0.378314190 0.633040804 0.529744273
404868 4868.000000 17758100004868000 -0.268756568 -0.377404791 0.656809571 0.556520492
404869 4869.000000 17758100004869000 -0.266627669 -0.376846193 0.672377424 0.524865784
404870 4870.000000 17758100004870000 -0.264484316 -0.375767847 0.684411264 0.561766691
404871 4871.000000 17758100004871000 -0.262326568 -0.375110559 0.705790117 0.530745663
404872 4872.000000 17758100004872000 -0.260154516 -0.374509744 0.729251800 0.545120018
404873 4873.000000 17758100004873000 -0.257968247 -0.373634845 0.745082771 0.530223900
404874 4874.000000 17758100004874000 -0.255767852 -0.373210545 0.761704999 0.557107280
404875 4875.000000 17758100004875000 -0.253553391 -0.372458343 0.784375280 0.549407585
404876 4876.000000 17758100004876000 -0.251324981 -0.371808299 0.802240248 0.551127453
404877 4877.000000 17758100004877000 -0.249082714 -0.371020604 0.830078593 0.494313294
404878 4878.000000 17758100004878000 -0.246826649 -0.369973940 0.833397639 0.547053286
404879 4879.000000 17758100004879000 -0.244556904 -0.368933539 0.855268565 0.552358126
404880 4880.000000 17758100004880000 -0.242273554 -0.368132532 0.877234574 0.566654621
404881 4881.000000 17758100004881000 -0.239976689 -0.367370882 0.887966744 0.566544907
404882 4882.000000 17758100004882000 -0.237666398 -0.365946476 0.907520614 0.563785154
404883 4883.000000 17758100004883000 -0.235342786 -0.365450444 0.924542795 0.541652004
404884 4884.000000 17758100004884000 -0.233005941 -0.364633880 0.950001384 0.548170504
404885 4885.000000 17758100004885000 -0.230655938 -0.363325952 0.960343289 0.530499254
404886 4886.000000 17758100004886000 -0.228292882 -0.362668965 0.984708117 0.543463025
404887 4887.000000 17758100004887000 -0.225916862 -0.361982066 1.003835689 0.589260486
404888 4888.000000 17758100004888000 -0.223527983 -0.360237903 1.026966695 0.537320265
404889 4889.000000 17758100004889000 -0.221126333 -0.359681485 1.038697431 0.523754246
404890 4890.000000 17758100004890000 -0.218712002 -0.358190456 1.058398108 0.508810703
404891 4891.000000 17758100004891000 -0.216285080 -0.357444909 1.079974529 0.549226385
404892 4892.000000 17758100004892000 -0.213845685 -0.356060605 1.091177879 0.541627570
404893 4893.000000 17758100004893000 -0.211393893 -0.355121284 1.120216599 0.532893213
404894 4894.000000 17758100004894000 -0.208929807 -0.353999519 1.127780974 0.513547984
404895 4895.000000 17758100004895000 -0.206453532 -0.352603100 1.147241706 0.529363859
404896 4896.000000 17758100004896000 -0.203965142 -0.352038666 1.164693466 0.564541812
404897 4897.000000 17758100004897000 -0.201464772 -0.350443685 1.185591986 0.515141167
404898 4898.000000 17758100004898000 -0.198952496 -0.348952108 1.202328394 0.542100616
404899 4899.000000 17758100004899000 -0.196428403 -0.348374093 1.222896071 0.516968151
404900 4900.000000 17758100004900000 -0.193892628 -0.346774864 1.233114737 0.542398097
404901 4901.000000 17758100004901000 -0.191345245 -0.345498205 1.263874024 0.539177543
404902 4902.000000 17758100004902000 -0.188786358 -0.343889140 1.278864275 0.508880518
404903 4903.000000 17758100004903000 -0.186216056 -0.342947636 1.289736530 0.539307145
404904 4904.000000 17758100004904000 -0.183634475 -0.341583672 1.307137198 0.555771558
404905 4905.000000 17758100004905000 -0.181041688 -0.340385252 1.315918091 0.516802834
404906 4906.000000 17758100004906000 -0.178437814 -0.338945628 1.331736765 0.545573703
404907 4907.000000 17758100004907000 -0.175822929 -0.337572444 1.364607723 0.522638723
404908 4908.000000 17758100004908000 -0.173197180 -0.336273623 1.378917084 0.505312745
404909 4909.000000 17758100004909000 -0.170560628 -0.335009571 1.389932217 0.520431533
404910 4910.000000 17758100004910000 -0.167913392 -0.333728345 1.409727387 0.536712442
404911 4911.000000 17758100004911000 -0.165255591 -0.332262606 1.426036383 0.512927205
404912 4912.000000 17758100004912000 -0.162587315 -0.330611050 1.441123849 0.496443107
404913 4913.000000 17758100004913000 -0.159908667 -0.328954757 1.463829259 0.477588162
404914 4914.000000 17758100004914000 -0.157219768 -0.327836725 1.477785158 0.514105067
404915 4915.000000 17758100004915000 -0.154520705 -0.325570857 1.493827793 0.482013363
404916 4916.000000 17758100004916000 -0.151811600 -0.324760874 1.519051768 0.538921956
404917 4917.000000 17758100004917000 -0.149092555 -0.322869589 1.531871819 0.498985793
404918 4918.000000 17758100004918000 -0.146363676 -0.321279248 1.546468567 0.517282405
404919 4919.000000 17758100004919000 -0.143625066 -0.319989457 1.564819086 0.487494279
404920 4920.000000 17758100004920000 -0.140876830 -0.318149805 1.578887937 0.495726982
404921 4921.000000 17758100004921000 -0.138119102 -0.316727273 1.587102528 0.521023178
404922 4922.000000 17758100004922000 -0.135351971 -0.315356791 1.617762548 0.524518860
404923 4923.000000 17758100004923000 -0.132575542 -0.313653805 1.628051261 0.513528488
404924 4924.000000 17758100004924000 -0.129789934 -0.311800628 1.651271587 0.482851966
404925 4925.000000 17758100004925000 -0.126995251 -0.310515606 1.665401352 0.461868836
404926 4926.000000 17758100004926000 -0.124191605 -0.308785033 1.675700859 0.503768541
404927 4927.000000 17758100004927000 -0.121379115 -0.306450787 1.701277267 0.490546692
404928 4928.000000 17758100004928000 -0.118557885 -0.305455427 1.718143060 0.477477117
404929 4929.000000 17758100004929000 -0.115728021 -0.303321841 1.728026417 0.525503845
404930 4930.000000 17758100004930000 -0.112889647 -0.301901956 1.736838565 0.480057133
404931 4931.000000 17758100004931000 -0.110042863 -0.300332182 1.760230109 0.478033513
404932 4932.000000 17758100004932000 -0.107187793 -0.298115986 1.772626166 0.489201939
404933 4933.000000 17758100004933000 -0.104324535 -0.296355389 1.786347494 0.502421168
404934 4934.000000 17758100004934000 -0.101453215 -0.294357199 1.814610439 0.471683336
404935 4935.000000 17758100004935000 -0.098573945 -0.292685670 1.827170686 0.470275259
404936 4936.000000 17758100004936000 -0.095686831 -0.290942476 1.833486549 0.496266602
404937 4937.000000 17758100004937000 -0.092791997 -0.288876294 1.852599843 0.461208176
404938 4938.000000 17758100004938000 -0.089889549 -0.287244049 1.869051359 0.484080386
404939 4939.000000 17758100004939000 -0.086979605 -0.284914353 1.880406796 0.510385770
404940 4940.000000 17758100004940000 -0.084062278 -0.283502083 1.897300748 0.501635652
404941 4941.000000 17758100004941000 -0.081137687 -0.281572223 1.912040689 0.474861742
404942 4942.000000 17758100004942000 -0.078205936 -0.279521117 1.928726029 0.493245256
404943 4943.000000 17758100004943000 -0.075267158 -0.277816792 1.942867707 0.470065711
404944 4944.000000 17758100004944000 -0.072321460 -0.275837285 1.963992071 0.464739305
404945 4945.000000 17758100004945000 -0.069368958 -0.273683269 1.973050888 0.490163627
404946 4946.000000 17758100004946000 -0.066409774 -0.271939157 1.988825475 0.463107996
404947 4947.000000 17758100004947000 -0.063444018 -0.269601055 2.009494083 0.448750856
404948 4948.000000 17758100004948000 -0.060471807 -0.267615891 2.015265793 0.441474310
404949 4949.000000 17758100004949000 -0.057493258 -0.265890046 2.028649356 0.434316843
404950 4950.000000 17758100004950000 -0.054508496 -0.263614299 2.041396904 0.439092392
404951 4951.000000 17758100004951000 -0.051517636 -0.261200681 2.047391121 0.430392514
404952 4952.000000 17758100004952000 -0.048520792 -0.259495064 2.077802203 0.448994903
404953 4953.000000 17758100004953000 -0.045518082 -0.257292226 2.096124148 0.455487761
404954 4954.000000 17758100004954000 -0.042509630 -0.255504041 2.101093160 0.432902001
404955 4955.000000 17758100004955000 -0.039495554 -0.252972820 2.123638124 0.440534241
404956 4956.000000 17758100004956000 -0.036475968 -0.251077380 2.128313556 0.428369110
404957 4957.000000 17758100004957000 -0.033450995 -0.249002800 2.144778203 0.477283175
404958 4958.000000 17758100004958000 -0.030420752 -0.246699758 2.154148132 0.443475316
404959 4959.000000 17758100004959000 -0.027385363 -0.244991828 2.171745681 0.429148892
404960 4960.000000 17758100004960000 -0.024344943 -0.242157393 2.184942160 0.418701933
404961 4961.000000 17758100004961000 -0.021299616 -0.240308875 2.189159355 0.452519609
404962 4962.000000 17758100004962000 -0.018249499 -0.238188591 2.221302712 0.431458935
404963 4963.000000 17758100004963000 -0.015194713 -0.235498326 2.220109773 0.415840089
404964 4964.000000 17758100004964000 -0.012135381 -0.233667932 2.237544464 0.430857935
404965 4965.000000 17758100004965000 -0.009071621 -0.231408489 2.250708511 0.448267908
404966 4966.000000 17758100004966000 -0.006003555 -0.229086786 2.274160132 0.449223585
404967 4967.000000 17758100004967000 -0.002931304 -0.226807449 2.278441016 0.410377956
404968 4968.000000 17758100004968000 0.000145010 -0.223996322 2.293807554 0.365716923
404969 4969.000000 17758100004969000 0.003225266 -0.222057663 2.295674918 0.408903824
404970 4970.000000 17758100004970000 0.006309343 -0.220048538 2.318000681 0.401938431
404971 4971.000000 17758100004971000 0.009397118 -0.217498049 2.324980004 0.415317646
404972 4972.000000 17758100004972000 0.012488470 -0.215053371 2.329518535 0.416700911
404973 4973.000000 17758100004973000 0.015583278 -0.212647688 2.350198914 0.411557194
404974 4974.000000 17758100004974000 0.018681418 -0.210573996 2.368122180 0.374717680
404975 4975.000000 17758100004975000 0.021782767 -0.208162057 2.376097696 0.394093417
404976 4976.000000 17758100004976000 0.024887206 -0.205465605 2.397669483 0.417392581
404977 4977.000000 17758100004977000 0.027994609 -0.203103422 2.412505911 0.377679931
404978 4978.000000 17758100004978000 0.031104855 -0.200901325 2.404348701 0.368941442
404979 4979.000000 17758100004979000 0.034217820 -0.198599399 2.429062239 0.377888173
404980 4980.000000 17758100004980000 0.037333384 -0.196268000 2.439519547 0.408527512
404981 4981.000000 17758100004981000 0.040451419 -0.193414800 2.456361230 0.412232600
404982 4982.000000 17758100004982000 0.043571807 -0.191155876 2.461813943 0.363793637
404983 4983.000000 17758100004983000 0.046694424 -0.188815143 2.473333153 0.402903264
404984 4984.000000 17758100004984000 0.049819142 -0.186043544 2.485619360 0.384378624
404985 4985.000000 17758100004985000 0.052945845 -0.183045393 2.493319235 0.370946437
404986 4986.000000 17758100004986000 0.056074403 -0.180887671 2.500317544 0.336317093
404987 4987.000000 17758100004987000 0.059204694 -0.178432770 2.522814689 0.324427550
404988 4988.000000 17758100004988000 0.062336598 -0.176244112 2.532025035 0.382794614
404989 4989.000000 17758100004989000 0.065469988 -0.173258919 2.548100874 0.341628554
404990 4990.000000 17758100004990000 0.068604738 -0.171044151 2.551025952 0.352479596
404991 4991.000000 17758100004991000 0.071740732 -0.168534343 2.566605814 0.335888711
404992 4992.000000 17758100004992000 0.074877843 -0.165804208 2.574858257 0.346063029
404993 4993.000000 17758100004993000 0.078015938 -0.162901316 2.579578900 0.375497306
404994 4994.000000 17758100004994000 0.081154905 -0.160899274 2.588573852 0.348868243
404995 4995.000000 17758100004995000 0.084294617 -0.158002511 2.600161119 0.337963515
404996 4996.000000 17758100004996000 0.087434955 -0.155562429 2.613620269 0.330017738
404997 4997.000000 17758100004997000 0.090575777 -0.152773358 2.625149007 0.350068279
404998 4998.000000 17758100004998000 0.093716979 -0.150351046 2.630620883 0.357883380
404999 4999.000000 17758100004999000 0.096858427 -0.147661878 2.644540522 0.338873885
405000 5000.000000 17758100005000000 0.100000001 -0.145172006 2.650746322 0.359575989
405001 5001.000000 17758100005001000 0.103141569 -0.141795870 2.661469898 0.350606838
405002 5002.000000 17758100005002000 0.106283017 -0.139519061 2.670135290 0.315897185
405003 5003.000000 17758100005003000 0.109424219 -0.136634139 2.676091260 0.322177554
405004 5004.000000 17758100005004000 0.112565048 -0.133966736 2.680704841 0.305915109
405005 5005.000000 17758100005005000 0.115705378 -0.131512237 2.695524262 0.357919555
405006 5006.000000 17758100005006000 0.118845090 -0.128964623 2.703828855 0.320696072
405007 5007.000000 17758100005007000 0.121984057 -0.126032089 2.717076937 0.325619537
405008 5008.000000 17758100005008000 0.125122160 -0.123332053 2.731573057 0.344698809
405009 5009.000000 17758100005009000 0.128259271 -0.120286813 2.733898232 0.334293656
405010 5010.000000 17758100005010000 0.131395265 -0.117674404 2.745544561 0.334202668
405011 5011.000000 17758100005011000 0.134530008 -0.114863837 2.754942213 0.303764094
405012 5012.000000 17758100005012000 0.137663409 -0.112322990 2.760077881 0.286568100
405013 5013.000000 17758100005013000 0.140795305 -0.109460487 2.767266450 0.283775579
405014 5014.000000 17758100005014000 0.143925592 -0.106336395 2.780876406 0.304949663
405015 5015.000000 17758100005015000 0.147054151 -0.103776684 2.793073661 0.314713373
405016 5016.000000 17758100005016000 0.150180861 -0.101058562 2.806278202 0.295374556
405017 5017.000000 17758100005017000 0.153305575 -0.098371638 2.790497989 0.300108519
405018 5018.000000 17758100005018000 0.156428188 -0.095614764 2.807180975 0.278209972
405019 5019.000000 17758100005019000 0.159548581 -0.092941728 2.819535094 0.281992869
405020 5020.000000 17758100005020000 0.162666619 -0.090000512 2.823057026 0.294685299
405021 5021.000000 17758100005021000 0.165782183 -0.087238450 2.844782683 0.265441079
405022 5022.000000 17758100005022000 0.168895140 -0.084115724 2.843356758 0.295254915
405023 5023.000000 17758100005023000 0.172005385 -0.081448387 2.849524953 0.270875059
405024 5024.000000 17758100005024000 0.175112799 -0.078474402 2.860056743 0.289845165
405025 5025.000000 17758100005025000 0.178217232 -0.075830296 2.863503003 0.284480153
405026 5026.000000 17758100005026000 0.181318581 -0.072907191 2.870495762 0.270049277
405027 5027.000000 17758100005027000 0.184416726 -0.070197560 2.883337203 0.239928597
405028 5028.000000 17758100005028000 0.187511533 -0.066792625 2.886092329 0.231818454
405029 5029.000000 17758100005029000 0.190602884 -0.064068710 2.893802713 0.259701684
405030 5030.000000 17758100005030000 0.193690658 -0.060876856 2.893540810 0.234337226
405031 5031.000000 17758100005031000 0.196774736 -0.058258303 2.904648498 0.264312492
405032 5032.000000 17758100005032000 0.199854985 -0.055702486 2.906488406 0.208504829
405033 5033.000000 17758100005033000 0.202931300 -0.052472522 2.913859895 0.248325819
405034 5034.000000 17758100005034000 0.206003562 -0.049727116 2.923831797 0.280016080
405035 5035.000000 17758100005035000 0.209071621 -0.046893183 2.925824851 0.256277825
405036 5036.000000 17758100005036000 0.212135375 -0.043683466 2.932582040 0.227082735
405037 5037.000000 17758100005037000 0.215194717 -0.040473026 2.934885325 0.226994488
405038 5038.000000 17758100005038000 0.218249500 -0.037574522 2.939373407 0.247493252
405039 5039.000000 17758100005039000 0.221299618 -0.035007499 2.949646242 0.217418074
405040 5040.000000 17758100005040000 0.224344939 -0.031964481 2.959737294 0.208143081
405041 5041.000000 17758100005041000 0.227385357 -0.029152614 2.958932425 0.233063633
405042 5042.000000 17758100005042000 0.230420753 -0.026029447 2.970717374 0.195251807
405043 5043.000000 17758100005043000 0.233450994 -0.022731708 2.974765045 0.208571868
405044 5044.000000 17758100005044000 0.236475974 -0.019982489 2.971036110 0.217293079
405045 5045.000000 17758100005045000 0.239495546 -0.017145536 2.980808772 0.214282301
405046 5046.000000 17758100005046000 0.242509633 -0.014128941 2.981776186 0.224694998
405047 5047.000000 17758100005047000 0.245518088 -0.010979565 2.987504504 0.198356324
405048 5048.000000 17758100005048000 0.248520792 -0.008140778 2.991504431 0.204570996
405049 5049.000000 17758100005049000 0.251517624 -0.005124292 2.991681899 0.178028683
405050 5050.000000 17758100005050000 0.254508495 -0.002249468 2.997353795 0.152164270
405051 5051.000000 17758100005051000 0.257493258 0.000979009 3.005378705 0.165161978
405052 5052.000000 17758100005052000 0.260471791 0.003733270 3.004805436 0.160723218
405053 5053.000000 17758100005053000 0.263444006 0.007018819 3.011164377 0.197314461
405054 5054.000000 17758100005054000 0.266409785 0.009554204 3.029628523 0.167616199
405055 5055.000000 17758100005055000 0.269368947 0.013042687 3.024985000 0.154851749
405056 5056.000000 17758100005056000 0.272321463 0.015611391 3.017072455 0.197738494
405057 5057.000000 17758100005057000 0.275267154 0.018630286 3.031273024 0.185946786
405058 5058.000000 17758100005058000 0.278205931 0.021767268 3.028598101 0.180371887
405059 5059.000000 17758100005059000 0.281137675 0.025007709 3.036924850 0.162727774
405060 5060.000000 17758100005060000 0.284062266 0.028314327 3.025454698 0.114006634
405061 5061.000000 17758100005061000 0.286979616 0.031129935 3.041442926 0.185701503
405062 5062.000000 17758100005062000 0.289889544 0.034071914 3.044244042 0.163815951
405063 5063.000000 17758100005063000 0.292791992 0.037386885 3.043185020 0.154669515
405064 5064.000000 17758100005064000 0.295686841 0.040250938 3.043840130 0.155543210
405065 5065.000000 17758100005065000 0.298573941 0.043576699 3.050928792 0.099989547
405066 5066.000000 17758100005066000 0.301453203 0.046683321 3.052248854 0.150405302
405067 5067.000000 17758100005067000 0.304324538 0.049313610 3.061973038 0.146824038
405068 5068.000000 17758100005068000 0.307187796 0.052497894 3.053114730 0.119592367
405069 5069.000000 17758100005069000 0.310042858 0.055447647 3.053983846 0.133480826
405070 5070.000000 17758100005070000 0.312889636 0.058345677 3.054079511 0.096739664
405071 5071.000000 17758100005071000 0.315728009 0.061390290 3.062875112 0.107247226
405072 5072.000000 17758100005072000 0.318557888 0.064930014 3.061527108 0.110153746
405073 5073.000000 17758100005073000 0.321379125 0.067633910 3.068436241 0.110427072
405074 5074.000000 17758100005074000 0.324191600 0.071065654 3.060936529 0.109283441
405075 5075.000000 17758100005075000 0.326995254 0.073949840 3.055622390 0.128154664
405076 5076.000000 17758100005076000 0.329789937 0.076796879 3.066419474 0.086679592
405077 5077.000000 17758100005077000 0.332575530 0.080093061 3.070459924 0.118418392
405078 5078.000000 17758100005078000 0.335351974 0.083052243 3.064437413 0.111306212
405079 5079.000000 17758100005079000 0.338119090 0.086244631 3.067673177 0.088933305
405080 5080.000000 17758100005080000 0.340876848 0.089298511 3.066176275 0.062903676
405081 5081.000000 17758100005081000 0.343625069 0.092349454 3.072664373 0.062112277
405082 5082.000000 17758100005082000 0.346363664 0.095564202 3.070920426 0.088213023
405083 5083.000000 17758100005083000 0.349092543 0.098407782 3.069851442 0.069216633
405084 5084.000000 17758100005084000 0.351811588 0.101467454 3.076723871 0.056272517
405085 5085.000000 17758100005085000 0.354520708 0.104863914 3.072618707 0.064825954
405086 5086.000000 17758100005086000 0.357219756 0.107444734 3.074162734 0.075413669
405087 5087.000000 17758100005087000 0.359908670 0.110545321 3.076983294 0.067761808
405088 5088.000000 17758100005088000 0.362587303 0.113542991 3.069870700 0.070617479
405089 5089.000000 17758100005089000 0.365255594 0.116758730 3.069418544 0.052664223
405090 5090.000000 17758100005090000 0.367913395 0.119888408 3.072646406 0.063316900
405091 5091.000000 17758100005091000 0.370560616 0.122884783 3.075379689 0.083069446
405092 5092.000000 17758100005092000 0.373197168 0.125971524 3.067163741 0.072635470
405093 5093.000000 17758100005093000 0.375822932 0.129117122 3.070828827 0.058310421
405094 5094.000000 17758100005094000 0.378437817 0.132127387 3.073230277 0.068956527
405095 5095.000000 17758100005095000 0.381041676 0.135185960 3.067310960 0.040530179
405096 5096.000000 17758100005096000 0.383634478 0.138459871 3.074834974 0.014619528
405097 5097.000000 17758100005097000 0.386216074 0.141465053 3.070591288 0.056916114
405098 5098.000000 17758100005098000 0.388786346 0.144758631 3.052574650 0.053649835
405099 5099.000000 17758100005099000 0.391345233 0.147635114 3.057339384 0.021547202
405100 5100.000000 17758100005100000 0.393892616 0.150541389 3.050388055 0.021420064
405101 5101.000000 17758100005101000 0.396428406 0.153880275 3.059776771 -0.021163145
405102 5102.000000 17758100005102000 0.398952484 0.156701952 3.050924941 0.012320842
405103 5103.000000 17758100005103000 0.401464760 0.159688256 3.046995373 0.029559303
405104 5104.000000 17758100005104000 0.403965145 0.162471686 3.042381935 0.053416720
405105 5105.000000 17758100005105000 0.406453520 0.165608945 3.049522197 0.009815658
405106 5106.000000 17758100005106000 0.408929795 0.168945297 3.040109523 0.003031528
405107 5107.000000 17758100005107000 0.411393881 0.171616178 3.048777915 -0.027326945
405108 5108.000000 17758100005108000 0.413845688 0.175360745 3.027192236 -0.004948784
405109 5109.000000 17758100005109000 0.416285068 0.178139150 3.035675487 0.006030072
405110 5110.000000 17758100005110000 0.418711990 0.180997036 3.033613240 -0.032694011
405111 5111.000000 17758100005111000 0.421126336 0.184019775 3.029658471 -0.005413867
405112 5112.000000 17758100005112000 0.423527986 0.187354719 3.037222131 0.017494326
405113 5113.000000 17758100005113000 0.425916851 0.189676429 3.016637189 -0.021150388
405114 5114.000000 17758100005114000 0.428292871 0.193351757 3.027913114 -0.016428974
405115 5115.000000 17758100005115000 0.430655926 0.196461967 3.008260870 -0.034953904
405116 5116.000000 17758100005116000 0.433005929 0.198848003 3.015881299 -0.055385566
405117 5117.000000 17758100005117000 0.435342789 0.202033554 3.009134970 -0.022459410
405118 5118.000000 17758100005118000 0.437666416 0.204727843 2.998675994 -0.011222315
405119 5119.000000 17758100005119000 0.439976692 0.208174542 3.002126833 -0.039666469
405120 5120.000000 17758100005120000 0.442273557 0.211227000 2.994472088 -0.074452013
405121 5121.000000 17758100005121000 0.444556892 0.214561779 2.985213382 -0.053580276
405122 5122.000000 17758100005122000 0.446826667 0.217195302 2.981501867 -0.060049746
405123 5123.000000 17758100005123000 0.449082702 0.219978731 2.988476909 -0.073811543
405124 5124.000000 17758100005124000 0.451324999 0.222752043 2.974615819 -0.086101065
405125 5125.000000 17758100005125000 0.453553379 0.226163333 2.971354096 -0.053797026
405126 5126.000000 17758100005126000 0.455767840 0.228897962 2.964566933 -0.074472977
405127 5127.000000 17758100005127000 0.457968235 0.231647411 2.956551134 -0.079358457
405128 5128.000000 17758100005128000 0.460154504 0.234954833 2.953393913 -0.073512123
405129 5129.000000 17758100005129000 0.462326556 0.238323512 2.948944655 -0.086429470
405130 5130.000000 17758100005130000 0.464484304 0.240942835 2.947285944 -0.057593392
405131 5131.000000 17758100005131000 0.466627687 0.243509081 2.941973567 -0.080111659
405132 5132.000000 17758100005132000 0.468756557 0.246747059 2.928176373 -0.106403528
405133 5133.000000 17758100005133000 0.470870882 0.249486478 2.925923795 -0.133375974
405134 5134.000000 17758100005134000 0.472970575 0.252560097 2.918715897 -0.076215365
405135 5135.000000 17758100005135000 0.475055546 0.255526566 2.912609118 -0.087970685
405136 5136.000000 17758100005136000 0.477125704 0.258017854 2.911502852 -0.106159124
405137 5137.000000 17758100005137000 0.479180962 0.261390424 2.904426513 -0.091809064
405138 5138.000000 17758100005138000 0.481221259 0.264037154 2.896268485 -0.114453860
405139 5139.000000 17758100005139000 0.483246505 0.267094345 2.885332063 -0.112905871
405140 5140.000000 17758100005140000 0.485256612 0.270009177 2.888661217 -0.115483815
405141 5141.000000 17758100005141000 0.487251520 0.272443372 2.873031231 -0.118437511
405142 5142.000000 17758100005142000 0.489231139 0.275464999 2.873025892 -0.104457518
405143 5143.000000 17758100005143000 0.491195410 0.278363721 2.866240035 -0.106453029
405144 5144.000000 17758100005144000 0.493144214 0.281597256 2.857376802 -0.112406930
405145 5145.000000 17758100005145000 0.495077521 0.284056896 2.843787025 -0.093810966
405146 5146.000000 17758100005146000 0.496995211 0.286858345 2.844734661 -0.138554337
405147 5147.000000 17758100005147000 0.498897225 0.289724185 2.832727621 -0.142764736
405148 5148.000000 17758100005148000 0.500783503 0.292744561 2.831940940 -0.170225602
405149 5149.000000 17758100005149000 0.502653956 0.295183181 2.813225734 -0.153980297
405150 5150.000000 17758100005150000 0.504508495 0.298206051 2.817517455 -0.138306913
405151 5151.000000 17758100005151000 0.506347060 0.301074658 2.805658116 -0.148902701
405152 5152.000000 17758100005152000 0.508169651 0.304208546 2.793747420 -0.135929029
405153 5153.000000 17758100005153000 0.509976029 0.306908898 2.792727255 -0.178368887
405154 5154.000000 17758100005154000 0.511766315 0.309647619 2.774514544 -0.128402405
405155 5155.000000 17758100005155000 0.513540268 0.311932886 2.770272280 -0.167525037
405156 5156.000000 17758100005156000 0.515297949 0.315063250 2.757937350 -0.171020027
405157 5157.000000 17758100005157000 0.517039239 0.317588374 2.746169419 -0.204347526
405158 5158.000000 17758100005158000 0.518764019 0.320241649 2.746336168 -0.177120729
405159 5159.000000 17758100005159000 0.520472288 0.323389737 2.730984345 -0.146149803
405160 5160.000000 17758100005160000 0.522163987 0.326115984 2.732171406 -0.180661099
405161 5161.000000 17758100005161000 0.523838997 0.328777748 2.716619815 -0.195236043
405162 5162.000000 17758100005162000 0.525497258 0.331570574 2.710084546 -0.183529330
405163 5163.000000 17758100005163000 0.527138710 0.334370747 2.695729568 -0.198665180
405164 5164.000000 17758100005164000 0.528763354 0.336855866 2.693411911 -0.204548665
405165 5165.000000 17758100005165000 0.530371010 0.339265199 2.675166335 -0.262165501
405166 5166.000000 17758100005166000 0.531961679 0.342241976 2.673482335 -0.178238370
405167 5167.000000 17758100005167000 0.533535361 0.344933852 2.661687164 -0.220283915
405168 5168.000000 17758100005168000 0.535091877 0.347003600 2.653140584 -0.181276583
405169 5169.000000 17758100005169000 0.536631227 0.350039795 2.646530660 -0.219297727
405170 5170.000000 17758100005170000 0.538153350 0.352946170 2.629899383 -0.236077547
405171 5171.000000 17758100005171000 0.539658129 0.355201675 2.627958197 -0.238878883
405172 5172.000000 17758100005172000 0.541145623 0.357785323 2.612211357 -0.205605020
405173 5173.000000 17758100005173000 0.542615652 0.360762865 2.600296836 -0.200058190
405174 5174.000000 17758100005174000 0.544068217 0.363096521 2.592562609 -0.221684428
405175 5175.000000 17758100005175000 0.545503259 0.365886115 2.585081034 -0.257164230
405176 5176.000000 17758100005176000 0.546920717 0.368552464 2.574568417 -0.226093588
405177 5177.000000 17758100005177000 0.548320532 0.370907597 2.558660226 -0.240584368
405178 5178.000000 17758100005178000 0.549702644 0.373493818 2.552130618 -0.209923273
405179 5179.000000 17758100005179000 0.551066995 0.376235118 2.535719542 -0.239734597
405180 5180.000000 17758100005180000 0.552413523 0.378622791 2.525414210 -0.226970856
405181 5181.000000 17758100005181000 0.553742230 0.381467176 2.516103448 -0.257153018
405182 5182.000000 17758100005182000 0.555052996 0.383934047 2.510080350 -0.222750924
405183 5183.000000 17758100005183000 0.556345820 0.386155418 2.491134667 -0.229716181
405184 5184.000000 17758100005184000 0.557620585 0.388334323 2.486614436 -0.264335059
405185 5185.000000 17758100005185000 0.558877289 0.391008644 2.467996255 -0.244905114
405186 5186.000000 17758100005186000 0.560115933 0.393545490 2.461151859 -0.257449525
405187 5187.000000 17758100005187000 0.561336398 0.395746040 2.453571624 -0.284814548
405188 5188.000000 17758100005188000 0.562538624 0.398043057 2.433264724 -0.256635583
405189 5189.000000 17758100005189000 0.563722551 0.401095105 2.420527349 -0.281014192
405190 5190.000000 17758100005190000 0.564888239 0.403533652 2.418557392 -0.311017303
405191 5191.000000 17758100005191000 0.566035569 0.405696633 2.399323748 -0.259067494
405192 5192.000000 17758100005192000 0.567164481 0.408108835 2.389859596 -0.244189806
405193 5193.000000 17758100005193000 0.568274915 0.410423209 2.384548308 -0.348462640
405194 5194.000000 17758100005194000 0.569366932 0.412871616 2.365091856 -0.280795421
405195 5195.000000 17758100005195000 0.570440412 0.415175694 2.354394735 -0.331004224
405196 5196.000000 17758100005196000 0.571495295 0.417806538 2.327854603 -0.309140820
405197 5197.000000 17758100005197000 0.572531521 0.419862470 2.330807834 -0.295374400
405198 5198.000000 17758100005198000 0.573549151 0.421846081 2.306455951 -0.263894819
405199 5199.000000 17758100005199000 0.574548066 0.424576100 2.306988582 -0.283523509
405200 5200.000000 17758100005200000 0.575528264 0.426633113 2.284274549 -0.308509107
405201 5201.000000 17758100005201000 0.576489687 0.428846608 2.277355934 -0.311575775
405202 5202.000000 17758100005202000 0.577432275 0.431207797 2.265507165 -0.339009009
405203 5203.000000 17758100005203000 0.578356028 0.433564427 2.248256803 -0.302302960
405204 5204.000000 17758100005204000 0.579260886 0.435224810 2.239274477 -0.287986673
405205 5205.000000 17758100005205000 0.580146849 0.437537177 2.224711598 -0.303176568
405206 5206.000000 17758100005206000 0.581013858 0.440222930 2.211598914 -0.309205926
405207 5207.000000 17758100005207000 0.581861854 0.442182403 2.198595966 -0.325930501
405208 5208.000000 17758100005208000 0.582690835 0.444536603 2.182008248 -0.332588595
405209 5209.000000 17758100005209000 0.583500743 0.446972570 2.166317344 -0.331101050
405210 5210.000000 17758100005210000 0.584291577 0.448820794 2.153342243 -0.342084408
405211 5211.000000 17758100005211000 0.585063279 0.451158507 2.139786778 -0.343967236
405212 5212.000000 17758100005212000 0.585815847 0.452912038 2.127556566 -0.335113502
405213 5213.000000 17758100005213000 0.586549282 0.455321789 2.114996052 -0.303082957
405214 5214.000000 17758100005214000 0.587263465 0.457555975 2.098111588 -0.361074103
405215 5215.000000 17758100005215000 0.587958395 0.459556671 2.087332771 -0.372633913
405216 5216.000000 17758100005216000 0.588634074 0.461484687 2.073508474 -0.340936276
405217 5217.000000 17758100005217000 0.589290440 0.463611491 2.063354312 -0.332278881
405218 5218.000000 17758100005218000 0.589927554 0.465978568 2.042113605 -0.351993714
405219 5219.000000 17758100005219000 0.590545237 0.467595508 2.035010400 -0.396439438
405220 5220.000000 17758100005220000 0.591143608 0.469203603 2.014080239 -0.346651684
405221 5221.000000 17758100005221000 0.591722608 0.471303789 2.004679240 -0.339564034
405222 5222.000000 17758100005222000 0.592282176 0.473495980 1.984550203 -0.362340254
405223 5223.000000 17758100005223000 0.592822313 0.475470956 1.968939937 -0.385333112
405224 5224.000000 17758100005224000 0.593342960 0.477314174 1.958578049 -0.384976035
405225 5225.000000 17758100005225000 0.593844175 0.479881373 1.941179306 -0.363833456
405226 5226.000000 17758100005226000 0.594325900 0.481318906 1.926577708 -0.352043026
405227 5227.000000 17758100005227000 0.594788074 0.483381270 1.905948221 -0.379321717
405228 5228.000000 17758100005228000 0.595230699 0.485059868 1.891442620 -0.375807252
405229 5229.000000 17758100005229000 0.595653832 0.487217710 1.883324506 -0.398490263
405230 5230.000000 17758100005230000 0.596057355 0.489075994 1.859332311 -0.380506257
405231 5231.000000 17758100005231000 0.596441329 0.491226730 1.848754704 -0.359541745
405232 5232.000000 17758100005232000 0.596805632 0.492610012 1.838647013 -0.378229129
405233 5233.000000 17758100005233000 0.597150385 0.494324799 1.816015976 -0.392562167
405234 5234.000000 17758100005234000 0.597475529 0.496259426 1.801030070 -0.406454201
405235 5235.000000 17758100005235000 0.597781003 0.498298101 1.785003137 -0.384864401
405236 5236.000000 17758100005236000 0.598066807 0.500064705 1.766943013 -0.407246534
405237 5237.000000 17758100005237000 0.598332942 0.501496190 1.756378360 -0.451775657
405238 5238.000000 17758100005238000 0.598579466 0.503554154 1.740459103 -0.386745338
405239 5239.000000 17758100005239000 0.598806262 0.504970582 1.724836871 -0.400574993
405240 5240.000000 17758100005240000 0.599013388 0.506931102 1.709949167 -0.415950621
405241 5241.000000 17758100005241000 0.599200785 0.508057642 1.696806232 -0.440936478
405242 5242.000000 17758100005242000 0.599368453 0.510422196 1.673350963 -0.420747855
405243 5243.000000 17758100005243000 0.599516451 0.511699707 1.661933336 -0.409774835
405244 5244.000000 17758100005244000 0.599644721 0.513790675 1.649483784 -0.404653850
405245 5245.000000 17758100005245000 0.599753261 0.515195867 1.633633104 -0.406132820
405246 5246.000000 17758100005246000 0.599842072 0.516636855 1.613900895 -0.412024841
405247 5247.000000 17758100005247000 0.599911153 0.518716257 1.597215610 -0.457792261
405248 5248.000000 17758100005248000 0.599960506 0.520106026 1.575688553 -0.449143227
405249 5249.000000 17758100005249000 0.599990129 0.521850418 1.562480512 -0.424952080
405250 5250.000000 17758100005250000 0.600000024 0.522891024 1.549319480 -0.415688648
405251 5251.000000 17758100005251000 0.599990129 0.524657887 1.526328307 -0.416699142
405252 5252.000000 17758100005252000 0.599960506 0.525823281 1.522255692 -0.414912434
405253 5253.000000 17758100005253000 0.599911153 0.527615965 1.499400449 -0.441784645
405254 5254.000000 17758100005254000 0.599842072 0.529353881 1.490240549 -0.428129219
405255 5255.000000 17758100005255000 0.599753261 0.530393566 1.456700153 -0.449609380
405256 5256.000000 17758100005256000 0.599644721 0.531866412 1.439269323 -0.428708200
405257 5257.000000 17758100005257000 0.599516451 0.533297563 1.429327896 -0.440020282
405258 5258.000000 17758100005258000 0.599368453 0.534910440 1.417731326 -0.448320729
405259 5259.000000 17758100005259000 0.599200785 0.536262374 1.403044227 -0.434393955
405260 5260.000000 17758100005260000 0.599013388 0.537406470 1.373805750 -0.480404123
405261 5261.000000 17758100005261000 0.598806262 0.538974402 1.360868323 -0.445112089
405262 5262.000000 17758100005262000 0.598579466 0.540194119 1.340387449 -0.453958813
405263 5263.000000 17758100005263000 0.598332942 0.541308779 1.326304904 -0.443993252
405264 5264.000000 17758100005264000 0.598066807 0.542684292 1.295516494 -0.496732095
405265 5265.000000 17758100005265000 0.597781003 0.544270066 1.283946388 -0.469524604
405266 5266.000000 17758100005266000 0.597475529 0.545156813 1.269184337 -0.489804782
405267 5267.000000 17758100005267000 0.597150385 0.546855271 1.268297187 -0.488684752
405268 5268.000000 17758100005268000 0.596805632 0.547926493 1.229606189 -0.467262547
405269 5269.000000 17758100005269000 0.596441329 0.549515559 1.221203994 -0.482042154
405270 5270.000000 17758100005270000 0.596057355 0.550442192 1.208853773 -0.502168674
405271 5271.000000 17758100005271000 0.595653832 0.551671606 1.186305378 -0.485432426
405272 5272.000000 17758100005272000 0.595230699 0.552807139 1.162878749 -0.423886383
405273 5273.000000 17758100005273000 0.594788074 0.553781519 1.139493508 -0.521040883
405274 5274.000000 17758100005274000 0.594325900 0.554944075 1.137068135 -0.473590789
405275 5275.000000 17758100005275000 0.593844175 0.555870775 1.117552778 -0.494746256
405276 5276.000000 17758100005276000 0.593342960 0.557184948 1.088901359 -0.497532172
405277 5277.000000 17758100005277000 0.592822313 0.558480366 1.078292057 -0.509447873
405278 5278.000000 17758100005278000 0.592282176 0.559245429 1.054267350 -0.469626109
405279 5279.000000 17758100005279000 0.591722608 0.560108424 1.038438232 -0.462158883
405280 5280.000000 17758100005280000 0.591143608 0.561663707 1.014267874 -0.501356845
405281 5281.000000 17758100005281000 0.590545237 0.562157654 1.014353084 -0.472690928
405282 5282.000000 17758100005282000 0.589927554 0.563357400 0.984314471 -0.514336417
405283 5283.000000 17758100005283000 0.589290440 0.564368318 0.974021518 -0.491285377
405284 5284.000000 17758100005284000 0.588634074 0.565572463 0.947554796 -0.533684933
405285 5285.000000 17758100005285000 0.587958395 0.566220680 0.925512671 -0.513175166
405286 5286.000000 17758100005286000 0.587263465 0.567207010 0.906108236 -0.481299275
405287 5287.000000 17758100005287000 0.586549282 0.567742957 0.890475729 -0.501046011
405288 5288.000000 17758100005288000 0.585815847 0.568963490 0.871045247 -0.504672014
405289 5289.000000 17758100005289000 0.585063279 0.569879946 0.855803719 -0.522769759
405290 5290.000000 17758100005290000 0.584291577 0.570426367 0.836559557 -0.511051866
405291 5291.000000 17758100005291000 0.583500743 0.571544508 0.828894579 -0.508747892
405292 5292.000000 17758100005292000 0.582690835 0.572333417 0.794543962 -0.519311906
405293 5293.000000 17758100005293000 0.581861854 0.572537667 0.783466596 -0.528923803
405294 5294.000000 17758100005294000 0.581013858 0.573652937 0.758046953 -0.535964116
405295 5295.000000 17758100005295000 0.580146849 0.574962698 0.744633919 -0.499688373
405296 5296.000000 17758100005296000 0.579260886 0.575326935 0.721120528 -0.522757263
405297 5297.000000 17758100005297000 0.578356028 0.575940728 0.707814431 -0.537639114
405298 5298.000000 17758100005298000 0.577432275 0.576994926 0.686394932 -0.506239648
405299 5299.000000 17758100005299000 0.576489687 0.577092107 0.665176665 -0.536222362
405300 5300.000000 17758100005300000 0.575528264 0.577902640 0.653030799 -0.511373827
405301 5301.000000 17758100005301000 0.574548066 0.578666423 0.633761244 -0.530577986
405302 5302.000000 17758100005302000 0.573549151 0.578911256 0.609694265 -0.515883504
405303 5303.000000 17758100005303000 0.572531521 0.579707791 0.596955949 -0.524518804
405304 5304.000000 17758100005304000 0.571495295 0.580524684 0.573709705 -0.503977383
405305 5305.000000 17758100005305000 0.570440412 0.580890936 0.557210469 -0.529791932
405306 5306.000000 17758100005306000 0.569366932 0.581540445 0.537946343 -0.514094827
405307 5307.000000 17758100005307000 0.568274915 0.581956281 0.514155577 -0.541870491
405308 5308.000000 17758100005308000 0.567164481 0.582524207 0.500166353 -0.499286682
405309 5309.000000 17758100005309000 0.566035569 0.582893229 0.474211224 -0.537865899
405310 5310.000000 17758100005310000 0.564888239 0.583629075 0.465583833 -0.521923880
405311 5311.000000 17758100005311000 0.563722551 0.583540758 0.437750683 -0.522442886
405312 5312.000000 17758100005312000 0.562538624 0.584228243 0.418312771 -0.510904409
405313 5313.000000 17758100005313000 0.561336398 0.584784909 0.400840298 -0.538733610
405314 5314.000000 17758100005314000 0.560115933 0.584996174 0.382784065 -0.504529297
405315 5315.000000 17758100005315000 0.558877289 0.585525227 0.366911783 -0.526941659
405316 5316.000000 17758100005316000 0.557620585 0.585831458 0.344899535 -0.507450658
405317 5317.000000 17758100005317000 0.556345820 0.586011272 0.331194255 -0.550945262
405318 5318.000000 17758100005318000 0.555052996 0.586350469 0.314612202 -0.551727520
405319 5319.000000 17758100005319000 0.553742230 0.586577606 0.291722176 -0.501380942
405320 5320.000000 17758100005320000 0.552413523 0.586686052 0.269368846 -0.525589843
405321 5321.000000 17758100005321000 0.551066995 0.586973144 0.244849038 -0.532623782
405322 5322.000000 17758100005322000 0.549702644 0.587593457 0.227056059 -0.522034975
405323 5323.000000 17758100005323000 0.548320532 0.587763426 0.206056986 -0.495695635
405324 5324.000000 17758100005324000 0.546920717 0.587861084 0.196604183 -0.587398977
405325 5325.000000 17758100005325000 0.545503259 0.588467197 0.168357219 -0.545848432
405326 5326.000000 17758100005326000 0.544068217 0.588105645 0.150680730 -0.550550338
405327 5327.000000 17758100005327000 0.542615652 0.587848046 0.132848433 -0.523743465
405328 5328.000000 17758100005328000 0.541145623 0.588602572 0.111472225 -0.525555788
405329 5329.000000 17758100005329000 0.539658129 0.588689655 0.096805748 -0.550527800
405330 5330.000000 17758100005330000 0.538153350 0.588635664 0.067970964 -0.527173436
405331 5331.000000 17758100005331000 0.536631227 0.588578601 0.063304475 -0.559533890
405332 5332.000000 17758100005332000 0.535091877 0.588615800 0.032688386 -0.530789662
405333 5333.000000 17758100005333000 0.533535361 0.588884872 0.021653679 -0.554782962
405334 5334.000000 17758100005334000 0.531961679 0.588727286 -0.004790259 -0.566069982
405335 5335.000000 17758100005335000 0.530371010 0.588794953 -0.030960177 -0.523938648
405336 5336.000000 17758100005336000 0.528763354 0.588407192 -0.037437232 -0.537989736
405337 5337.000000 17758100005337000 0.527138710 0.588670691 -0.056672111 -0.547614220
405338 5338.000000 17758100005338000 0.525497258 0.588340718 -0.074891510 -0.563264290
405339 5339.000000 17758100005339000 0.523838997 0.587998890 -0.088970880 -0.503179482
405340 5340.000000 17758100005340000 0.522163987 0.588073570 -0.121030625 -0.575893264
405341 5341.000000 17758100005341000 0.520472288 0.588427614 -0.124436817 -0.538314659
405342 5342.000000 17758100005342000 0.518764019 0.588037090 -0.159198829 -0.539725532
405343 5343.000000 17758100005343000 0.517039239 0.588049147 -0.171771234 -0.573720722
405344 5344.000000 17758100005344000 0.515297949 0.587515917 -0.189988584 -0.545968085
405345 5345.000000 17758100005345000 0.513540268 0.587215679 -0.221748247 -0.545704318
405346 5346.000000 17758100005346000 0.511766315 0.587247119 -0.232520377 -0.557374655
405347 5347.000000 17758100005347000 0.509976029 0.587333525 -0.243362806 -0.563018298
405348 5348.000000 17758100005348000 0.508169651 0.586588350 -0.271115286 -0.558474246
405349 5349.000000 17758100005349000 0.506347060 0.586313046 -0.290049079 -0.574622876
405350 5350.000000 17758100005350000 0.504508495 0.585948732 -0.318326878 -0.539483008
405351 5351.000000 17758100005351000 0.502653956 0.585630098 -0.324364870 -0.552993800
405352 5352.000000 17758100005352000 0.500783503 0.585264146 -0.355071693 -0.553202223
405353 5353.000000 17758100005353000 0.498897225 0.585006439 -0.361392744 -0.550676674
405354 5354.000000 17758100005354000 0.496995211 0.584477975 -0.384835967 -0.532062800
405355 5355.000000 17758100005355000 0.495077521 0.584486473 -0.404598291 -0.558764061
405356 5356.000000 17758100005356000 0.493144214 0.583784229 -0.422593874 -0.513210095
405357 5357.000000 17758100005357000 0.491195410 0.583556026 -0.445772791 -0.556623974
405358 5358.000000 17758100005358000 0.489231139 0.582829581 -0.459298509 -0.562977875
405359 5359.000000 17758100005359000 0.487251520 0.582510913 -0.469106604 -0.542264495
405360 5360.000000 17758100005360000 0.485256612 0.582330987 -0.508262886 -0.551945504
405361 5361.000000 17758100005361000 0.483246505 0.581313828 -0.521237570 -0.529279254
405362 5362.000000 17758100005362000 0.481221259 0.580878126 -0.539254972 -0.563641905
405363 5363.000000 17758100005363000 0.479180962 0.580333296 -0.560412145 -0.573585859
405364 5364.000000 17758100005364000 0.477125704 0.580105700 -0.571928469 -0.567545280
405365 5365.000000 17758100005365000 0.475055546 0.579380573 -0.597186324 -0.580757825
405366 5366.000000 17758100005366000 0.472970575 0.578647196 -0.618111857 -0.524693422
405367 5367.000000 17758100005367000 0.470870882 0.578000188 -0.630503264 -0.565779760
405368 5368.000000 17758100005368000 0.468756557 0.577233930 -0.647420049 -0.554715063
405369 5369.000000 17758100005369000 0.466627687 0.576876373 -0.671777401 -0.573009096
405370 5370.000000 17758100005370000 0.464484304 0.576093172 -0.696124074 -0.542349285
405371 5371.000000 17758100005371000 0.462326556 0.575228796 -0.709891415 -0.561159744
405372 5372.000000 17758100005372000 0.460154504 0.574873886 -0.720948129 -0.554406137
405373 5373.000000 17758100005373000 0.457968235 0.573748974 -0.745030763 -0.532810236
405374 5374.000000 17758100005374000 0.455767840 0.573012367 -0.763459224 -0.573702476
405375 5375.000000 17758100005375000 0.453553379 0.572215877 -0.786506518 -0.544643031
405376 5376.000000 17758100005376000 0.451324999 0.571622321 -0.798181050 -0.530470365
405377 5377.000000 17758100005377000 0.449082702 0.570498340 -0.817054415 -0.536805032
405378 5378.000000 17758100005378000 0.446826667 0.569362146 -0.839307040 -0.545881961
405379 5379.000000 17758100005379000 0.444556892 0.569003355 -0.852795685 -0.529479139
405380 5380.000000 17758100005380000 0.442273557 0.567783265 -0.875960404 -0.540304503
405381 5381.000000 17758100005381000 0.439976692 0.567486781 -0.889739899 -0.520035193
405382 5382.000000 17758100005382000 0.437666416 0.566382623 -0.914088389 -0.541424549
405383 5383.000000 17758100005383000 0.435342789 0.565176083 -0.929406951 -0.574341960
405384 5384.000000 17758100005384000 0.433005929 0.564505506 -0.949675518 -0.554912836
405385 5385.000000 17758100005385000 0.430655926 0.563232967 -0.975797900 -0.547569672
405386 5386.000000 17758100005386000 0.428292871 0.562682906 -0.986364566 -0.540533555
405387 5387.000000 17758100005387000 0.425916851 0.561336215 -1.004310360 -0.533584817
405388 5388.000000 17758100005388000 0.423527986 0.560102037 -1.020089182 -0.579348500
405389 5389.000000 17758100005389000 0.421126336 0.559592654 -1.041330646 -0.552222275
405390 5390.000000 17758100005390000 0.418711990 0.558180852 -1.064611501 -0.534376165
405391 5391.000000 17758100005391000 0.416285068 0.557059202 -1.079060635 -0.530013356
405392 5392.000000 17758100005392000 0.413845688 0.556149023 -1.091382386 -0.550695325
405393 5393.000000 17758100005393000 0.411393881 0.554792311 -1.114216334 -0.509531481
405394 5394.000000 17758100005394000 0.408929795 0.554011367 -1.132689126 -0.548887522
405395 5395.000000 17758100005395000 0.406453520 0.552515582 -1.148528370 -0.530989572
405396 5396.000000 17758100005396000 0.403965145 0.551503757 -1.168701528 -0.529294358
405397 5397.000000 17758100005397000 0.401464760 0.550326578 -1.182362227 -0.534866061
405398 5398.000000 17758100005398000 0.398952484 0.548873515 -1.203134669 -0.542548358
405399 5399.000000 17758100005399000 0.396428406 0.547860169 -1.218381613 -0.528804984
405400 5400.000000 17758100005400000 0.393892616 0.546247452 -1.238582788 -0.515518906
405401 5401.000000 17758100005401000 0.391345233 0.545651246 -1.252661351 -0.498187686
405402 5402.000000 17758100005402000 0.388786346 0.544324182 -1.275616698 -0.528810294
405403 5403.000000 17758100005403000 0.386216074 0.543272791 -1.291853213 -0.516719777
405404 5404.000000 17758100005404000 0.383634478 0.541743733 -1.291652153 -0.546541026
405405 5405.000000 17758100005405000 0.381041676 0.539979619 -1.322954249 -0.535646090
405406 5406.000000 17758100005406000 0.378437817 0.538561498 -1.347938682 -0.513181556
405407 5407.000000 17758100005407000 0.375822932 0.537178088 -1.367069322 -0.521433705
405408 5408.000000 17758100005408000 0.373197168 0.535843344 -1.376131421 -0.528942896
405409 5409.000000 17758100005409000 0.370560616 0.534427396 -1.395733260 -0.551106796
405410 5410.000000 17758100005410000 0.367913395 0.533686153 -1.407262606 -0.545630111
405411 5411.000000 17758100005411000 0.365255594 0.531765886 -1.423630290 -0.536525202
405412 5412.000000 17758100005412000 0.362587303 0.530588609 -1.444813916 -0.519919531
405413 5413.000000 17758100005413000 0.359908670 0.529022206 -1.467449709 -0.480949791
405414 5414.000000 17758100005414000 0.357219756 0.527493799 -1.480687031 -0.498429197
405415 5415.000000 17758100005415000 0.354520708 0.526300581 -1.492473732 -0.518878405
405416 5416.000000 17758100005416000 0.351811588 0.524461840 -1.515463607 -0.516261293
405417 5417.000000 17758100005417000 0.349092543 0.523316136 -1.522783030 -0.493558430
405418 5418.000000 17758100005418000 0.346363664 0.521817200 -1.538874049 -0.534305754
405419 5419.000000 17758100005419000 0.343625069 0.519740024 -1.558867005 -0.539183869
405420 5420.000000 17758100005420000 0.340876848 0.518550717 -1.588291361 -0.481360580
405421 5421.000000 17758100005421000 0.338119090 0.516492788 -1.591976381 -0.468965501
405422 5422.000000 17758100005422000 0.335351974 0.515434343 -1.609102460 -0.477934289
405423 5423.000000 17758100005423000 0.332575530 0.513739028 -1.626347357 -0.495119861
405424 5424.000000 17758100005424000 0.329789937 0.512024229 -1.652209657 -0.487429556
405425 5425.000000 17758100005425000 0.326995254 0.510117702 -1.664052895 -0.475290857
405426 5426.000000 17758100005426000 0.324191600 0.508630856 -1.673322363 -0.501067035
405427 5427.000000 17758100005427000 0.321379125 0.506944039 -1.696878152 -0.503287496
405428 5428.000000 17758100005428000 0.318557888 0.505096977 -1.717265908 -0.493019824
405429 5429.000000 17758100005429000 0.315728009 0.503378754 -1.725345140 -0.478118397
405430 5430.000000 17758100005430000 0.312889636 0.501699173 -1.740186631 -0.476961284
405431 5431.000000 17758100005431000 0.310042858 0.499817312 -1.757024263 -0.478163463
405432 5432.000000 17758100005432000 0.307187796 0.498195296 -1.779554200 -0.482407215
405433 5433.000000 17758100005433000 0.304324538 0.496103410 -1.786729075 -0.485810653
405434 5434.000000 17758100005434000 0.301453203 0.494121423 -1.802570054 -0.485325354
405435 5435.000000 17758100005435000 0.298573941 0.492643864 -1.820305638 -0.480123786
405436 5436.000000 17758100005436000 0.295686841 0.491036503 -1.833157294 -0.470260894
405437 5437.000000 17758100005437000 0.292791992 0.489161542 -1.851586412 -0.483139169
405438 5438.000000 17758100005438000 0.289889544 0.487337131 -1.871549688 -0.489188665
405439 5439.000000 17758100005439000 0.286979616 0.485241051 -1.886245015 -0.456645486
405440 5440.000000 17758100005440000 0.284062266 0.483612694 -1.908313817 -0.477345511
405441 5441.000000 17758100005441000 0.281137675 0.481220677 -1.900100482 -0.463616596
405442 5442.000000 17758100005442000 0.278205931 0.479564425 -1.924665229 -0.454610751
405443 5443.000000 17758100005443000 0.275267154 0.477325220 -1.950021550 -0.464942303
405444 5444.000000 17758100005444000 0.272321463 0.475715730 -1.953792670 -0.477644088
405445 5445.000000 17758100005445000 0.269368947 0.473645076 -1.972167214 -0.468762998
405446 5446.000000 17758100005446000 0.266409785 0.471690283 -1.983696699 -0.459000626
405447 5447.000000 17758100005447000 0.263444006 0.469544434 -2.004821316 -0.479117114
405448 5448.000000 17758100005448000 0.260471791 0.467565905 -2.011996597 -0.475657520
405449 5449.000000 17758100005449000 0.257493258 0.465245980 -2.031190185 -0.454924999
405450 5450.000000 17758100005450000 0.254508495 0.463766963 -2.043123651 -0.455545412
405451 5451.000000 17758100005451000 0.251517624 0.461196798 -2.061351003 -0.471954259
405452 5452.000000 17758100005452000 0.248520792 0.459322232 -2.077375001 -0.462647422
405453 5453.000000 17758100005453000 0.245518088 0.457277772 -2.088907129 -0.471267822
405454 5454.000000 17758100005454000 0.242509633 0.455418684 -2.098324956 -0.446382488
405455 5455.000000 17758100005455000 0.239495546 0.453148233 -2.114853354 -0.422007660
405456 5456.000000 17758100005456000 0.236475974 0.451408325 -2.126163203 -0.437570771
405457 5457.000000 17758100005457000 0.233450994 0.448787183 -2.143381501 -0.413451052
405458 5458.000000 17758100005458000 0.230420753 0.446551305 -2.166771183 -0.427885546
405459 5459.000000 17758100005459000 0.227385357 0.444424686 -2.171101016 -0.434545821
405460 5460.000000 17758100005460000 0.224344939 0.442561380 -2.190586937 -0.437783834
405461 5461.000000 17758100005461000 0.221299618 0.440243445 -2.201438491 -0.428929510
405462 5462.000000 17758100005462000 0.218249500 0.438008123 -2.216506525 -0.403987237
405463 5463.000000 17758100005463000 0.215194717 0.435714727 -2.227158315 -0.430631325
405464 5464.000000 17758100005464000 0.212135375 0.433364489 -2.241051338 -0.405865271
405465 5465.000000 17758100005465000 0.209071621 0.431286454 -2.259981953 -0.418441149
405466 5466.000000 17758100005466000 0.206003562 0.429158596 -2.269375532 -0.419238144
405467 5467.000000 17758100005467000 0.202931300 0.426274330 -2.276559882 -0.431916398
405468 5468.000000 17758100005468000 0.199854985 0.424378675 -2.293980350 -0.437278603
405469 5469.000000 17758100005469000 0.196774736 0.421996255 -2.306449617 -0.405475703
405470 5470.000000 17758100005470000 0.193690658 0.419639280 -2.319703549 -0.427351652
405471 5471.000000 17758100005471000 0.190602884 0.417378518 -2.329020499 -0.419909491
405472 5472.000000 17758100005472000 0.187511533 0.415197229 -2.344698076 -0.406834618
405473 5473.000000 17758100005473000 0.184416726 0.413220631 -2.359849933 -0.364040640
405474 5474.000000 17758100005474000 0.181318581 0.410229415 -2.373765295 -0.410311654
405475 5475.000000 17758100005475000 0.178217232 0.408426008 -2.375106291 -0.402779054
405476 5476.000000 17758100005476000 0.175112799 0.405595622 -2.398403235 -0.380540208
405477 5477.000000 17758100005477000 0.172005385 0.402853675 -2.407600272 -0.405587369
405478 5478.000000 17758100005478000 0.168895140 0.400628291 -2.416191045 -0.423151887
405479 5479.000000 17758100005479000 0.165782183 0.398442162 -2.429782192 -0.376583671
405480 5480.000000 17758100005480000 0.162666619 0.396040584 -2.441852943 -0.405003641
405481 5481.000000 17758100005481000 0.159548581 0.393340521 -2.456556248 -0.406251693
405482 5482.000000 17758100005482000 0.156428188 0.390891365 -2.455484758 -0.367304458
405483 5483.000000 17758100005483000 0.153305575 0.388190519 -2.473658402 -0.385730064
405484 5484.000000 17758100005484000 0.150180861 0.385908041 -2.487902530 -0.373644113
405485 5485.000000 17758100005485000 0.147054151 0.383404558 -2.498437027 -0.379640330
405486 5486.000000 17758100005486000 0.143925592 0.381064925 -2.507420000 -0.392680677
405487 5487.000000 17758100005487000 0.140795305 0.378340103 -2.515867862 -0.365709632
405488 5488.000000 17758100005488000 0.137663409 0.376096485 -2.528135568 -0.349255701
405489 5489.000000 17758100005489000 0.134530008 0.373246764 -2.540865293 -0.362869884
405490 5490.000000 17758100005490000 0.131395265 0.370891016 -2.548394073 -0.354728689
405491 5491.000000 17758100005491000 0.128259271 0.368211370 -2.554667541 -0.367342501
405492 5492.000000 17758100005492000 0.125122160 0.365575308 -2.567837232 -0.349850402
405493 5493.000000 17758100005493000 0.121984057 0.363009739 -2.588732701 -0.358518063
405494 5494.000000 17758100005494000 0.118845090 0.360802313 -2.604898121 -0.367965324
405495 5495.000000 17758100005495000 0.115705378 0.357779072 -2.602376255 -0.326322604
405496 5496.000000 17758100005496000 0.112565048 0.355146866 -2.618302984 -0.345489947
405497 5497.000000 17758100005497000 0.109424219 0.352634933 -2.624044695 -0.343203373
405498 5498.000000 17758100005498000 0.106283017 0.349921289 -2.631284882 -0.361787681
405499 5499.000000 17758100005499000 0.103141569 0.347541971 -2.638635032 -0.330665135
405500 5500.000000 17758100005500000 0.100000001 0.344983516 -2.651599910 -0.333976665
405501 5501.000000 17758100005501000 0.096858427 0.342256274 -2.659916251 -0.343939536
405502 5502.000000 17758100005502000 0.093716979 0.339026947 -2.674070843 -0.300716562
405503 5503.000000 17758100005503000 0.090575777 0.336823718 -2.691240273 -0.357162831
405504 5504.000000 17758100005504000 0.087434955 0.333881474 -2.691430311 -0.305944565
405505 5505.000000 17758100005505000 0.084294617 0.331334271 -2.700189116 -0.304491418
405506 5506.000000 17758100005506000 0.081154905 0.328647315 -2.703507045 -0.326292558
405507 5507.000000 17758100005507000 0.078015938 0.325900374 -2.718609964 -0.307321516
405508 5508.000000 17758100005508000 0.074877843 0.323005275 -2.726027216 -0.308172958
405509 5509.000000 17758100005509000 0.071740732 0.320830615 -2.734398986 -0.258261662
405510 5510.000000 17758100005510000 0.068604738 0.317630008 -2.739310964 -0.291010032
405511 5511.000000 17758100005511000 0.065469988 0.314948857 -2.755806171 -0.313493998
405512 5512.000000 17758100005512000 0.062336598 0.311986664 -2.772602211 -0.305898745
405513 5513.000000 17758100005513000 0.059204694 0.309518823 -2.770895817 -0.266209208
405514 5514.000000 17758100005514000 0.056074403 0.306650280 -2.777313074 -0.323222214
405515 5515.000000 17758100005515000 0.052945845 0.303590028 -2.789766049 -0.326859251
405516 5516.000000 17758100005516000 0.049819142 0.301109936 -2.798106427 -0.297851396
405517 5517.000000 17758100005517000 0.046694424 0.298468946 -2.804720779 -0.295706705
405518 5518.000000 17758100005518000 0.043571807 0.295360790 -2.806092025 -0.288127116
405519 5519.000000 17758100005519000 0.040451419 0.292610731 -2.816646665 -0.266917518
405520 5520.000000 17758100005520000 0.037333384 0.289564002 -2.825355895 -0.303721830
405521 5521.000000 17758100005521000 0.034217820 0.287323338 -2.835581158 -0.290057212
405522 5522.000000 17758100005522000 0.031104855 0.284127206 -2.831023829 -0.244209916
405523 5523.000000 17758100005523000 0.027994609 0.281321533 -2.850061693 -0.300678532
405524 5524.000000 17758100005524000 0.024887206 0.278168022 -2.848725033 -0.299627234
405525 5525.000000 17758100005525000 0.021782767 0.275380404 -2.865906215 -0.262111917
405526 5526.000000 17758100005526000 0.018681418 0.272564728 -2.865420721 -0.275495765
405527 5527.000000 17758100005527000 0.015583278 0.270193408 -2.873539683 -0.256695702
405528 5528.000000 17758100005528000 0.012488470 0.267081866 -2.878171196 -0.220128327
405529 5529.000000 17758100005529000 0.009397118 0.264155698 -2.898646716 -0.252720307
405530 5530.000000 17758100005530000 0.006309343 0.261211041 -2.898343341 -0.261308687
405531 5531.000000 17758100005531000 0.003225266 0.257993238 -2.904682268 -0.218754915
405532 5532.000000 17758100005532000 0.000145010 0.255406035 -2.910900141 -0.257972665
405533 5533.000000 17758100005533000 -0.002931304 0.252363769 -2.911241378 -0.263535889
405534 5534.000000 17758100005534000 -0.006003555 0.249384996 -2.917155545 -0.209826077
405535 5535.000000 17758100005535000 -0.009071621 0.246577720 -2.946018337 -0.227934801
405536 5536.000000 17758100005536000 -0.012135381 0.244033978 -2.939525034 -0.224699627
405537 5537.000000 17758100005537000 -0.015194713 0.240657755 -2.938547155 -0.216066739
405538 5538.000000 17758100005538000 -0.018249499 0.237901848 -2.939886750 -0.219624861
405539 5539.000000 17758100005539000 -0.021299616 0.234504832 -2.959134126 -0.209297139
405540 5540.000000 17758100005540000 -0.024344943 0.231478457 -2.951879543 -0.201354952
405541 5541.000000 17758100005541000 -0.027385363 0.229085489 -2.958479160 -0.194457399
405542 5542.000000 17758100005542000 -0.030420752 0.225897414 -2.968867680 -0.194791640
405543 5543.000000 17758100005543000 -0.033450995 0.222742391 -2.970617460 -0.205743441
405544 5544.000000 17758100005544000 -0.036475968 0.219957417 -2.976486965 -0.216898067
405545 5545.000000 17758100005545000 -0.039495554 0.216969268 -2.981381301 -0.198474697
405546 5546.000000 17758100005546000 -0.042509630 0.214338916 -2.992201637 -0.240759189
405547 5547.000000 17758100005547000 -0.045518082 0.210876388 -2.987379414 -0.196432446
405548 5548.000000 17758100005548000 -0.048520792 0.208058408 -2.991437871 -0.165199197
405549 5549.000000 17758100005549000 -0.051517636 0.205262362 -2.998554146 -0.210052472
405550 5550.000000 17758100005550000 -0.054508496 0.202357607 -3.003965004 -0.191959947
405551 5551.000000 17758100005551000 -0.057493258 0.198573564 -3.007527713 -0.179520748
405552 5552.000000 17758100005552000 -0.060471807 0.195913599 -3.009797373 -0.166002607
405553 5553.000000 17758100005553000 -0.063444018 0.193040022 -3.011274972 -0.204989560
405554 5554.000000 17758100005554000 -0.066409774 0.189905143 -3.016293179 -0.161834088
405555 5555.000000 17758100005555000 -0.069368958 0.186931678 -3.021705978 -0.138324849
405556 5556.000000 17758100005556000 -0.072321460 0.183794816 -3.024343138 -0.125852073
405557 5557.000000 17758100005557000 -0.075267158 0.180950628 -3.025291831 -0.167484533
405558 5558.000000 17758100005558000 -0.078205936 0.178086411 -3.036473950 -0.149592288
405559 5559.000000 17758100005559000 -0.081137687 0.174921172 -3.037927104 -0.173830064
405560 5560.000000 17758100005560000 -0.084062278 0.171667755 -3.038113090 -0.172813036
405561 5561.000000 17758100005561000 -0.086979605 0.168846466 -3.033524766 -0.160437983
405562 5562.000000 17758100005562000 -0.089889549 0.165872323 -3.044167894 -0.147847523
405563 5563.000000 17758100005563000 -0.092791997 0.163046294 -3.044159410 -0.122397112
405564 5564.000000 17758100005564000 -0.095686831 0.159714486 -3.049020931 -0.150070976
405565 5565.000000 17758100005565000 -0.098573945 0.156333314 -3.047609747 -0.141723138
405566 5566.000000 17758100005566000 -0.101453215 0.153543085 -3.055163962 -0.099792490
405567 5567.000000 17758100005567000 -0.104324535 0.150563328 -3.050662912 -0.144588347
405568 5568.000000 17758100005568000 -0.107187793 0.147372382 -3.058557337 -0.153920647
405569 5569.000000 17758100005569000 -0.110042863 0.144166719 -3.049464875 -0.138656399
405570 5570.000000 17758100005570000 -0.112889647 0.141316094 -3.069205209 -0.115678299
405571 5571.000000 17758100005571000 -0.115728021 0.138393243 -3.058448640 -0.125802149
405572 5572.000000 17758100005572000 -0.118557885 0.135169799 -3.064847282 -0.117976714
405573 5573.000000 17758100005573000 -0.121379115 0.131952758 -3.063589705 -0.118577182
405574 5574.000000 17758100005574000 -0.124191605 0.128884116 -3.060370560 -0.123002075
405575 5575.000000 17758100005575000 -0.126995251 0.125994988 -3.070123777 -0.154490956
405576 5576.000000 17758100005576000 -0.129789934 0.123109215 -3.071543653 -0.128709763
405577 5577.000000 17758100005577000 -0.132575542 0.119802024 -3.072882870 -0.095533787
405578 5578.000000 17758100005578000 -0.135351971 0.116874641 -3.073220004 -0.092672748
405579 5579.000000 17758100005579000 -0.138119102 0.113568041 -3.069934777 -0.060931755
405580 5580.000000 17758100005580000 -0.140876830 0.110776723 -3.074562545 -0.089208646
405581 5581.000000 17758100005581000 -0.143625066 0.107464457 -3.068476461 -0.093480333
405582 5582.000000 17758100005582000 -0.146363676 0.104294293 -3.069450443 -0.069347245
405583 5583.000000 17758100005583000 -0.149092555 0.101457138 -3.073334840 -0.076439544
405584 5584.000000 17758100005584000 -0.151811600 0.098193267 -3.068128481 -0.072014821
405585 5585.000000 17758100005585000 -0.154520705 0.095391586 -3.075205708 -0.088449904
405586 5586.000000 17758100005586000 -0.157219768 0.091986174 -3.079092152 -0.051881873
405587 5587.000000 17758100005587000 -0.159908667 0.089378541 -3.077349793 -0.071453591
405588 5588.000000 17758100005588000 -0.162587315 0.085969064 -3.065485560 -0.077657443
405589 5589.000000 17758100005589000 -0.165255591 0.083153126 -3.073257516 -0.026037335
405590 5590.000000 17758100005590000 -0.167913392 0.079873258 -3.067708648 -0.064392580
405591 5591.000000 17758100005591000 -0.170560628 0.076733139 -3.073869225 -0.058282352
405592 5592.000000 17758100005592000 -0.173197180 0.074035537 -3.065366549 -0.057606739
405593 5593.000000 17758100005593000 -0.175822929 0.070574657 -3.068731523 -0.060337677
405594 5594.000000 17758100005594000 -0.178437814 0.067941070 -3.063027922 -0.042702572
405595 5595.000000 17758100005595000 -0.181041688 0.064976536 -3.062152369 -0.030878115
405596 5596.000000 17758100005596000 -0.183634475 0.061907585 -3.065711308 -0.061959846
405597 5597.000000 17758100005597000 -0.186216056 0.058547940 -3.061558053 -0.003009151
405598 5598.000000 17758100005598000 -0.188786358 0.056011966 -3.057501650 -0.027991668
405599 5599.000000 17758100005599000 -0.191345245 0.052497952 -3.055222432 -0.021972344
405600 5600.000000 17758100005600000 -0.193892628 0.049084393 -3.058112993 -0.054285848
405601 5601.000000 17758100005601000 -0.196428403 0.046308341 -3.056176106 -0.021238570
405602 5602.000000 17758100005602000 -0.198952496 0.043108092 -3.056300819 -0.009171951
405603 5603.000000 17758100005603000 -0.201464772 0.039959245 -3.041525295 -0.037643332
405604 5604.000000 17758100005604000 -0.203965142 0.037066268 -3.045090086 0.016006079
405605 5605.000000 17758100005605000 -0.206453532 0.034056626 -3.035975806 0.004802241
405606 5606.000000 17758100005606000 -0.208929807 0.030901780 -3.047710375 -0.038847991
405607 5607.000000 17758100005607000 -0.211393893 0.027946955 -3.029914610 -0.045630601
405608 5608.000000 17758100005608000 -0.213845685 0.025053624 -3.039136538 0.009465921
405609 5609.000000 17758100005609000 -0.216285080 0.022103413 -3.036658840 -0.007650102
405610 5610.000000 17758100005610000 -0.218712002 0.019046061 -3.030272949 0.014761053
405611 5611.000000 17758100005611000 -0.221126333 0.015877922 -3.033473147 0.021920621
405612 5612.000000 17758100005612000 -0.223527983 0.012971341 -3.026570549 0.001003920
405613 5613.000000 17758100005613000 -0.225916862 0.009903801 -3.016829144 0.016871318
405614 5614.000000 17758100005614000 -0.228292882 0.006977494 -3.019168658 0.024453298
405615 5615.000000 17758100005615000 -0.230655938 0.003795614 -3.010535458 0.029477398
405616 5616.000000 17758100005616000 -0.233005941 0.000885599 -3.006325984 0.018177205
405617 5617.000000 17758100005617000 -0.235342786 -0.002120150 -2.995116958 0.024158626
405618 5618.000000 17758100005618000 -0.237666398 -0.005138148 -3.002423605 0.021319001
405619 5619.000000 17758100005619000 -0.239976689 -0.008171950 -3.000646941 0.073679486
405620 5620.000000 17758100005620000 -0.242273554 -0.011552206 -2.990468916 0.095942021
405621 5621.000000 17758100005621000 -0.244556904 -0.014375448 -2.989305774 0.066954794
405622 5622.000000 17758100005622000 -0.246826649 -0.017262278 -2.985329481 0.044742968
405623 5623.000000 17758100005623000 -0.249082714 -0.020010097 -2.983538395 0.075681315
405624 5624.000000 17758100005624000 -0.251324981 -0.023451200 -2.967028740 0.062337919
405625 5625.000000 17758100005625000 -0.253553391 -0.026129622 -2.971483941 0.058994469
405626 5626.000000 17758100005626000 -0.255767852 -0.029168512 -2.961319986 0.068092421
405627 5627.000000 17758100005627000 -0.257968247 -0.032499469 -2.959993194 0.105530914
405628 5628.000000 17758100005628000 -0.260154516 -0.034683504 -2.946818860 0.072685227
405629 5629.000000 17758100005629000 -0.262326568 -0.038175570 -2.946979095 0.080997391
405630 5630.000000 17758100005630000 -0.264484316 -0.041188871 -2.951868524 0.082645408
405631 5631.000000 17758100005631000 -0.266627669 -0.043544258 -2.938513287 0.084593913
405632 5632.000000 17758100005632000 -0.268756568 -0.046469803 -2.935891171 0.070149342
405633 5633.000000 17758100005633000 -0.270870894 -0.049441441 -2.940522213 0.089688511
405634 5634.000000 17758100005634000 -0.272970587 -0.052160753 -2.922431440 0.083862418
405635 5635.000000 17758100005635000 -0.275055528 -0.055709284 -2.920946986 0.088196937
405636 5636.000000 17758100005636000 -0.277125686 -0.058314717 -2.913048067 0.083136180
405637 5637.000000 17758100005637000 -0.279180944 -0.061352225 -2.902723634 0.109167440
405638 5638.000000 17758100005638000 -0.281221241 -0.064606708 -2.892923556 0.128998276
405639 5639.000000 17758100005639000 -0.283246517 -0.067029752 -2.886716993 0.106807656
405640 5640.000000 17758100005640000 -0.285256624 -0.070056244 -2.882294539 0.105678508
405641 5641.000000 17758100005641000 -0.287251532 -0.072913301 -2.882587382 0.085388890
405642 5642.000000 17758100005642000 -0.289231151 -0.076127285 -2.859482232 0.143501101
405643 5643.000000 17758100005643000 -0.291195393 -0.078947829 -2.872024152 0.121125977
405644 5644.000000 17758100005644000 -0.293144226 -0.081232078 -2.855878827 0.096393432
405645 5645.000000 17758100005645000 -0.295077503 -0.084007621 -2.848633992 0.165697205
405646 5646.000000 17758100005646000 -0.296995193 -0.087232861 -2.844883789 0.125743051
405647 5647.000000 17758100005647000 -0.298897207 -0.089810362 -2.834146575 0.135431290
405648 5648.000000 17758100005648000 -0.300783485 -0.092783614 -2.827539791 0.150363807
405649 5649.000000 17758100005649000 -0.302653939 -0.095720472 -2.818002225 0.155655326
405650 5650.000000 17758100005650000 -0.304508507 -0.098232640 -2.802267970 0.139555498
405651 5651.000000 17758100005651000 -0.306347072 -0.101260332 -2.805454103 0.155606561
405652 5652.000000 17758100005652000 -0.308169633 -0.104041056 -2.793263426 0.157081266
405653 5653.000000 17758100005653000 -0.309976041 -0.107024325 -2.777621738 0.152723563
405654 5654.000000 17758100005654000 -0.311766297 -0.109578186 -2.776836385 0.141649800
405655 5655.000000 17758100005655000 -0.313540280 -0.112601693 -2.771590264 0.216984035
405656 5656.000000 17758100005656000 -0.315297961 -0.115102113 -2.760667679 0.173186804
405657 5657.000000 17758100005657000 -0.317039222 -0.117892482 -2.752016321 0.186835371
405658 5658.000000 17758100005658000 -0.318764031 -0.121069162 -2.739403506 0.153418168
405659 5659.000000 17758100005659000 -0.320472300 -0.123419547 -2.734895870 0.163306896
405660 5660.000000 17758100005660000 -0.322163969 -0.126116890 -2.719710436 0.195781578
405661 5661.000000 17758100005661000 -0.323838979 -0.128691404 -2.716544350 0.194321902
405662 5662.000000 17758100005662000 -0.325497240 -0.131754712 -2.717275017 0.183270168
405663 5663.000000 17758100005663000 -0.327138722 -0.133970458 -2.698604468 0.201857563
405664 5664.000000 17758100005664000 -0.328763336 -0.136789771 -2.696256204 0.221893777
405665 5665.000000 17758100005665000 -0.330371022 -0.139358718 -2.683924266 0.207423660
405666 5666.000000 17758100005666000 -0.331961721 -0.142412149 -2.665051508 0.196209479
405667 5667.000000 17758100005667000 -0.333535343 -0.145050668 -2.661347994 0.239903968
405668 5668.000000 17758100005668000 -0.335091889 -0.147263423 -2.652237243 0.210358474
405669 5669.000000 17758100005669000 -0.336631238 -0.150072487 -2.643099596 0.212462033
405670 5670.000000 17758100005670000 -0.338153332 -0.152845946 -2.639889476 0.215567058
405671 5671.000000 17758100005671000 -0.339658141 -0.155322821 -2.619282818 0.196578920
405672 5672.000000 17758100005672000 -0.341145605 -0.158067802 -2.612759744 0.226876227
405673 5673.000000 17758100005673000 -0.342615664 -0.160669875 -2.612456109 0.202673700
405674 5674.000000 17758100005674000 -0.344068229 -0.163106341 -2.601786136 0.209167518
405675 5675.000000 17758100005675000 -0.345503271 -0.165679958 -2.575349437 0.257932412
405676 5676.000000 17758100005676000 -0.346920699 -0.168088654 -2.574811304 0.200664117
405677 5677.000000 17758100005677000 -0.348320514 -0.171112992 -2.561621635 0.267557837
405678 5678.000000 17758100005678000 -0.349702626 -0.173526843 -2.552523062 0.278652382
405679 5679.000000 17758100005679000 -0.351066977 -0.176420096 -2.525302555 0.227113079
405680 5680.000000 17758100005680000 -0.352413535 -0.178572524 -2.526097907 0.257987944
405681 5681.000000 17758100005681000 -0.353742212 -0.180790361 -2.518347243 0.257088263
405682 5682.000000 17758100005682000 -0.355052978 -0.183444511 -2.498980408 0.298755155
405683 5683.000000 17758100005683000 -0.356345803 -0.186314863 -2.500277753 0.277487363
405684 5684.000000 17758100005684000 -0.357620597 -0.188248207 -2.486810698 0.292856928
405685 5685.000000 17758100005685000 -0.358877301 -0.191249033 -2.471124845 0.258068056
405686 5686.000000 17758100005686000 -0.360115916 -0.193850830 -2.460406756 0.250292820
405687 5687.000000 17758100005687000 -0.361336380 -0.195990572 -2.451000571 0.265464113
405688 5688.000000 17758100005688000 -0.362538606 -0.198381497 -2.439180789 0.285336328
405689 5689.000000 17758100005689000 -0.363722563 -0.200955573 -2.420172203 0.240007802
405690 5690.000000 17758100005690000 -0.364888251 -0.202953603 -2.411564311 0.278917542
405691 5691.000000 17758100005691000 -0.366035551 -0.205601484 -2.403355392 0.306492167
405692 5692.000000 17758100005692000 -0.367164463 -0.208105316 -2.388951053 0.274363683
405693 5693.000000 17758100005693000 -0.368274957 -0.210459762 -2.380089781 0.300885485
405694 5694.000000 17758100005694000 -0.369366914 -0.212778345 -2.374226556 0.298076967
405695 5695.000000 17758100005695000 -0.370440394 -0.214983013 -2.349241751 0.316365177
405696 5696.000000 17758100005696000 -0.371495277 -0.217452344 -2.339944021 0.277967977
405697 5697.000000 17758100005697000 -0.372531533 -0.219981846 -2.321322495 0.300485204
405698 5698.000000 17758100005698000 -0.373549163 -0.222056401 -2.307644183 0.266901730
405699 5699.000000 17758100005699000 -0.374548078 -0.224296184 -2.303908022 0.318522319
405700 5700.000000 17758100005700000 -0.375528246 -0.226798708 -2.291414483 0.315962938
405701 5701.000000 17758100005701000 -0.376489669 -0.228949715 -2.277093238 0.306891068
405702 5702.000000 17758100005702000 -0.377432287 -0.231237121 -2.260999846 0.315959239
405703 5703.000000 17758100005703000 -0.378356040 -0.233214144 -2.249894723 0.299025967
405704 5704.000000 17758100005704000 -0.379260898 -0.235471284 -2.239065865 0.284660980
405705 5705.000000 17758100005705000 -0.380146831 -0.237977318 -2.228020333 0.322099008
405706 5706.000000 17758100005706000 -0.381013840 -0.240096005 -2.213850467 0.332468089
405707 5707.000000 17758100005707000 -0.381861836 -0.242200851 -2.202263927 0.320337579
405708 5708.000000 17758100005708000 -0.382690817 -0.244519543 -2.187146514 0.357126895
405709 5709.000000 17758100005709000 -0.383500755 -0.247090913 -2.163812786 0.303285259
405710 5710.000000 17758100005710000 -0.384291589 -0.249421416 -2.153479704 0.349589952
405711 5711.000000 17758100005711000 -0.385063291 -0.251149303 -2.144554189 0.346013949
405712 5712.000000 17758100005712000 -0.385815859 -0.252832573 -2.127411745 0.339432786
405713 5713.000000 17758100005713000 -0.386549264 -0.255427106 -2.109978618 0.377481689
405714 5714.000000 17758100005714000 -0.387263447 -0.257108064 -2.107362421 0.318076833
405715 5715.000000 17758100005715000 -0.387958378 -0.259875365 -2.082901046 0.329939243
405716 5716.000000 17758100005716000 -0.388634056 -0.261578250 -2.074837633 0.335512218
405717 5717.000000 17758100005717000 -0.389290452 -0.263463298 -2.062765653 0.351799604
405718 5718.000000 17758100005718000 -0.389927536 -0.265622346 -2.048119895 0.350506085
405719 5719.000000 17758100005719000 -0.390545249 -0.267796182 -2.035950716 0.370682217
405720 5720.000000 17758100005720000 -0.391143620 -0.269597129 -2.010635835 0.364177294
405721 5721.000000 17758100005721000 -0.391722590 -0.271650963 -1.997635051 0.354500567
405722 5722.000000 17758100005722000 -0.392282158 -0.273893575 -1.983818906 0.373120491
405723 5723.000000 17758100005723000 -0.392822295 -0.275878813 -1.972978567 0.352535042
405724 5724.000000 17758100005724000 -0.393342972 -0.277644113 -1.961195937 0.365332444
405725 5725.000000 17758100005725000 -0.393844157 -0.279739162 -1.939142183 0.380298759
405726 5726.000000 17758100005726000 -0.394325882 -0.281698503 -1.928805048 0.361828778
405727 5727.000000 17758100005727000 -0.394788057 -0.283425054 -1.913350331 0.387784881
405728 5728.000000 17758100005728000 -0.395230711 -0.285323026 -1.896376387 0.403964346
405729 5729.000000 17758100005729000 -0.395653814 -0.287164453 -1.876671654 0.369790075
405730 5730.000000 17758100005730000 -0.396057338 -0.289098461 -1.861679143 0.368834360
405731 5731.000000 17758100005731000 -0.396441311 -0.290946302 -1.855796873 0.376258465
405732 5732.000000 17758100005732000 -0.396805644 -0.293082200 -1.832145209 0.358715803
405733 5733.000000 17758100005733000 -0.397150397 -0.294144293 -1.820218193 0.350919210
405734 5734.000000 17758100005734000 -0.397475511 -0.296350561 -1.807267867 0.357400172
405735 5735.000000 17758100005735000 -0.397780985 -0.298304480 -1.787731984 0.366901060
405736 5736.000000 17758100005736000 -0.398066819 -0.299663979 -1.775292293 0.419223990
405737 5737.000000 17758100005737000 -0.398332953 -0.302278964 -1.761449236 0.402126275
405738 5738.000000 17758100005738000 -0.398579448 -0.303512129 -1.736755731 0.363856560
405739 5739.000000 17758100005739000 -0.398806244 -0.305329909 -1.725571575 0.417437567
405740 5740.000000 17758100005740000 -0.399013370 -0.306466289 -1.710282467 0.403154259
405741 5741.000000 17758100005741000 -0.399200767 -0.308759823 -1.692694823 0.394564755
405742 5742.000000 17758100005742000 -0.399368465 -0.310000432 -1.672599639 0.422978856
405743 5743.000000 17758100005743000 -0.399516463 -0.311969736 -1.662274052 0.451968026
405744 5744.000000 17758100005744000 -0.399644732 -0.313761644 -1.640953410 0.393742611
405745 5745.000000 17758100005745000 -0.399753273 -0.315471821 -1.632816137 0.413876188
405746 5746.000000 17758100005746000 -0.399842083 -0.316665139 -1.609683771 0.431229593
405747 5747.000000 17758100005747000 -0.399911165 -0.318552785 -1.591872879 0.468204546
405748 5748.000000 17758100005748000 -0.399960518 -0.319721817 -1.580239772 0.437092081
405749 5749.000000 17758100005749000 -0.399990141 -0.321566945 -1.563256258 0.412005042
405750 5750.000000 17758100005750000 -0.400000006 -0.323093386 -1.553890986 0.454527644
405751 5751.000000 17758100005751000 -0.399990141 -0.324440881 -1.531963541 0.394370350
405752 5752.000000 17758100005752000 -0.399960518 -0.326236087 -1.510383987 0.438593516
405753 5753.000000 17758100005753000 -0.399911165 -0.327897217 -1.494896504 0.452825881
405754 5754.000000 17758100005754000 -0.399842083 -0.329098268 -1.472286971 0.456184917
405755 5755.000000 17758100005755000 -0.399753273 -0.330798622 -1.463088072 0.446214189
405756 5756.000000 17758100005756000 -0.399644732 -0.332009662 -1.446322097 0.442409730
405757 5757.000000 17758100005757000 -0.399516463 -0.333364432 -1.433367426 0.452080761
405758 5758.000000 17758100005758000 -0.399368465 -0.334471598 -1.412601312 0.463204993
405759 5759.000000 17758100005759000 -0.399200767 -0.336140266 -1.387251612 0.456647419
405760 5760.000000 17758100005760000 -0.399013370 -0.337546357 -1.380789017 0.439468221
405761 5761.000000 17758100005761000 -0.398806244 -0.338838566 -1.358160723 0.444624612
405762 5762.000000 17758100005762000 -0.398579448 -0.340653833 -1.334073909 0.486807127
405763 5763.000000 17758100005763000 -0.398332953 -0.341474468 -1.328066782 0.427304359
405764 5764.000000 17758100005764000 -0.398066819 -0.342933646 -1.316020808 0.422467761
405765 5765.000000 17758100005765000 -0.397780985 -0.344327432 -1.294587632 0.443633202
405766 5766.000000 17758100005766000 -0.397475511 -0.345716739 -1.279255933 0.431098680
405767 5767.000000 17758100005767000 -0.397150397 -0.346777150 -1.253637769 0.449152827
405768 5768.000000 17758100005768000 -0.396805644 -0.348121918 -1.230307965 0.505630669
405769 5769.000000 17758100005769000 -0.396441311 -0.349119813 -1.210530390 0.425832744
405770 5770.000000 17758100005770000 -0.396057338 -0.350332101 -1.209676796 0.471815284
405771 5771.000000 17758100005771000 -0.395653814 -0.351699066 -1.182397987 0.473693065
405772 5772.000000 17758100005772000 -0.395230711 -0.353073193 -1.164171270 0.478248358
405773 5773.000000 17758100005773000 -0.394788057 -0.354298607 -1.148831644 0.458248183
405774 5774.000000 17758100005774000 -0.394325882 -0.355543810 -1.126751336 0.481526545
405775 5775.000000 17758100005775000 -0.393844157 -0.355877002 -1.113111161 0.498806458
405776 5776.000000 17758100005776000 -0.393342972 -0.357266249 -1.095064637 0.477046523
405777 5777.000000 17758100005777000 -0.392822295 -0.358366457 -1.082134972 0.456902257
405778 5778.000000 17758100005778000 -0.392282158 -0.359224031 -1.054429195 0.484073922
405779 5779.000000 17758100005779000 -0.391722590 -0.360673546 -1.039369813 0.515317446
405780 5780.000000 17758100005780000 -0.391143620 -0.361225782 -1.019837822 0.477750721
405781 5781.000000 17758100005781000 -0.390545249 -0.362411866 -1.010576196 0.492112592
405782 5782.000000 17758100005782000 -0.389927536 -0.363858665 -0.983886944 0.448009618
405783 5783.000000 17758100005783000 -0.389290452 -0.364621647 -0.958523945 0.477087918
405784 5784.000000 17758100005784000 -0.388634056 -0.365515931 -0.950927467 0.475443532
405785 5785.000000 17758100005785000 -0.387958378 -0.365855865 -0.924911964 0.497531672
405786 5786.000000 17758100005786000 -0.387263447 -0.367299503 -0.917697874 0.506168388
405787 5787.000000 17758100005787000 -0.386549264 -0.368005330 -0.888687857 0.516882141
405788 5788.000000 17758100005788000 -0.385815859 -0.368989077 -0.873859905 0.518038637
405789 5789.000000 17758100005789000 -0.385063291 -0.370051665 -0.856517427 0.507342533
405790 5790.000000 17758100005790000 -0.384291589 -0.370783691 -0.834503418 0.518255183
405791 5791.000000 17758100005791000 -0.383500755 -0.371409050 -0.815658520 0.518645201
405792 5792.000000 17758100005792000 -0.382690817 -0.372428964 -0.795696928 0.507414740
405793 5793.000000 17758100005793000 -0.381861836 -0.373029326 -0.778950446 0.498776054
405794 5794.000000 17758100005794000 -0.381013840 -0.373767714 -0.764203323 0.518706464
405795 5795.000000 17758100005795000 -0.380146831 -0.374527686 -0.737312784 0.494060395
405796 5796.000000 17758100005796000 -0.379260898 -0.375613558 -0.728045304 0.499977564
405797 5797.000000 17758100005797000 -0.378356040 -0.376145290 -0.704358423 0.494379628
405798 5798.000000 17758100005798000 -0.377432287 -0.376839544 -0.697995781 0.546728463
405799 5799.000000 17758100005799000 -0.376489669 -0.377293666 -0.676431511 0.538935957
405800 5800.000000 17758100005800000 -0.375528246 -0.377871094 -0.658606941 0.478902566
405801 5801.000000 17758100005801000 -0.374548078 -0.378882649 -0.631829935 0.484032720
405802 5802.000000 17758100005802000 -0.373549163 -0.379765468 -0.611819841 0.529804287
405803 5803.000000 17758100005803000 -0.372531533 -0.380103228 -0.591816027 0.524925692
405804 5804.000000 17758100005804000 -0.371495277 -0.380068436 -0.575933853 0.522758619
405805 5805.000000 17758100005805000 -0.370440394 -0.380766669 -0.553455785 0.517314913
405806 5806.000000 17758100005806000 -0.369366914 -0.381573836 -0.532599574 0.534965113
405807 5807.000000 17758100005807000 -0.368274957 -0.382249952 -0.521784415 0.524202834
405808 5808.000000 17758100005808000 -0.367164463 -0.382529286 -0.499458551 0.554065464
405809 5809.000000 17758100005809000 -0.366035551 -0.383378847 -0.473061261 0.523210827
405810 5810.000000 17758100005810000 -0.364888251 -0.383740353 -0.462717490 0.488399731
405811 5811.000000 17758100005811000 -0.363722563 -0.384357471 -0.440485967 0.539305125
405812 5812.000000 17758100005812000 -0.362538606 -0.384424881 -0.434688254 0.544213615
405813 5813.000000 17758100005813000 -0.361336380 -0.385044587 -0.408806605 0.556891306
405814 5814.000000 17758100005814000 -0.360115916 -0.385131967 -0.388622663 0.500009774
405815 5815.000000 17758100005815000 -0.358877301 -0.385445054 -0.366903740 0.554248041
405816 5816.000000 17758100005816000 -0.357620597 -0.385956818 -0.353680971 0.544753316
405817 5817.000000 17758100005817000 -0.356345803 -0.386265716 -0.329100997 0.510889910
405818 5818.000000 17758100005818000 -0.355052978 -0.386583717 -0.309264405 0.556157123
405819 5819.000000 17758100005819000 -0.353742212 -0.386851813 -0.290197838 0.511965151
405820 5820.000000 17758100005820000 -0.352413535 -0.386968843 -0.272133798 0.533735705
405821 5821.000000 17758100005821000 -0.351066977 -0.387347006 -0.243020278 0.512697554
405822 5822.000000 17758100005822000 -0.349702626 -0.387640713 -0.228917933 0.558626088
405823 5823.000000 17758100005823000 -0.348320514 -0.388017985 -0.206656829 0.519006569
405824 5824.000000 17758100005824000 -0.346920699 -0.387600381 -0.190058391 0.517041763
405825 5825.000000 17758100005825000 -0.345503271 -0.388217802 -0.178733209 0.539409064
405826 5826.000000 17758100005826000 -0.344068229 -0.388367982 -0.166884695 0.536186252
405827 5827.000000 17758100005827000 -0.342615664 -0.388636138 -0.121933152 0.566906893
405828 5828.000000 17758100005828000 -0.341145605 -0.388309884 -0.121341749 0.519752017
405829 5829.000000 17758100005829000 -0.339658141 -0.388641640 -0.098624812 0.535547902
405830 5830.000000 17758100005830000 -0.338153332 -0.388720258 -0.075983027 0.520084098
405831 5831.000000 17758100005831000 -0.336631238 -0.389025015 -0.053187420 0.528644444
405832 5832.000000 17758100005832000 -0.335091889 -0.388637422 -0.036119238 0.506138716
405833 5833.000000 17758100005833000 -0.333535343 -0.388956331 -0.013552555 0.544938648
405834 5834.000000 17758100005834000 -0.331961721 -0.388715617 0.011306637 0.560789834
405835 5835.000000 17758100005835000 -0.330371022 -0.388826252 0.015365481 0.564049237
405836 5836.000000 17758100005836000 -0.328763336 -0.388773648 0.040098844 0.553478518
405837 5837.000000 17758100005837000 -0.327138722 -0.388632339 0.054435567 0.553546964
405838 5838.000000 17758100005838000 -0.325497240 -0.388767920 0.082725843 0.534032564
405839 5839.000000 17758100005839000 -0.323838979 -0.388504540 0.096215804 0.534639238
405840 5840.000000 17758100005840000 -0.322163969 -0.388372436 0.114559245 0.557342080
405841 5841.000000 17758100005841000 -0.320472300 -0.388267418 0.137913652 0.529555550
405842 5842.000000 17758100005842000 -0.318764031 -0.387928809 0.151571113 0.544154796
405843 5843.000000 17758100005843000 -0.317039222 -0.388079509 0.174296405 0.535699677
405844 5844.000000 17758100005844000 -0.315297961 -0.387828234 0.195042827 0.554674855
405845 5845.000000 17758100005845000 -0.313540280 -0.387793812 0.217823926 0.548258477
405846 5846.000000 17758100005846000 -0.311766297 -0.387848058 0.232014669 0.583419465
405847 5847.000000 17758100005847000 -0.309976041 -0.387139795 0.255389374 0.531843685
405848 5848.000000 17758100005848000 -0.308169633 -0.387264848 0.270230889 0.546324541
405849 5849.000000 17758100005849000 -0.306347072 -0.386519782 0.290781151 0.522692870
405850 5850.000000 17758100005850000 -0.304508507 -0.386439188 0.308799758 0.538061438
405851 5851.000000 17758100005851000 -0.302653939 -0.385747552 0.321772421 0.533428510
405852 5852.000000 17758100005852000 -0.300783485 -0.385911676 0.348334591 0.557982410
405853 5853.000000 17758100005853000 -0.298897207 -0.385388178 0.366523871 0.519822580
405854 5854.000000 17758100005854000 -0.296995193 -0.384842683 0.379634371 0.545462766
405855 5855.000000 17758100005855000 -0.295077503 -0.384598935 0.395124656 0.543051942
405856 5856.000000 17758100005856000 -0.293144226 -0.384150751 0.426960260 0.546177905
405857 5857.000000 17758100005857000 -0.291195393 -0.383730102 0.443021975 0.541866704
405858 5858.000000 17758100005858000 -0.289231151 -0.383325873 0.463137166 0.537269936
405859 5859.000000 17758100005859000 -0.287251532 -0.382497773 0.483195329 0.571756119
405860 5860.000000 17758100005860000 -0.285256624 -0.382117193 0.496684174 0.527638257
405861 5861.000000 17758100005861000 -0.283246517 -0.381277209 0.526586029 0.523461552
405862 5862.000000 17758100005862000 -0.281221241 -0.381000767 0.542437339 0.542387415
405863 5863.000000 17758100005863000 -0.279180944 -0.380367479 0.551252861 0.545082619
405864 5864.000000 17758100005864000 -0.277125686 -0.380079551 0.576888901 0.566292944
405865 5865.000000 17758100005865000 -0.275055528 -0.379155750 0.589938869 0.551156494
405866 5866.000000 17758100005866000 -0.272970587 -0.378701016 0.611264492 0.486643688
405867 5867.000000 17758100005867000 -0.270870894 -0.378276520 0.634256500 0.558990755
405868 5868.000000 17758100005868000 -0.268756568 -0.376849753 0.647893524 0.573366834
405869 5869.000000 17758100005869000 -0.266627669 -0.376505703 0.674591233 0.554579042
405870 5870.000000 17758100005870000 -0.264484316 -0.375871261 0.684003778 0.570120480
405871 5871.000000 17758100005871000 -0.262326568 -0.375485000 0.704229041 0.562062769
405872 5872.000000 17758100005872000 -0.260154516 -0.374880832 0.724850115 0.557219291
405873 5873.000000 17758100005873000 -0.257968247 -0.374124155 0.741306964 0.531744226
405874 5874.000000 17758100005874000 -0.255767852 -0.373244607 0.754781729 0.531298936
405875 5875.000000 17758100005875000 -0.253553391 -0.372351649 0.774485044 0.533715078
405876 5876.000000 17758100005876000 -0.251324981 -0.371434812 0.797656970 0.525388782
405877 5877.000000 17758100005877000 -0.249082714 -0.370475031 0.816070629 0.526203440
405878 5878.000000 17758100005878000 -0.246826649 -0.370152881 0.834596427 0.527734300
405879 5879.000000 17758100005879000 -0.244556904 -0.369068580 0.864936629 0.519909899
405880 5880.000000 17758100005880000 -0.242273554 -0.368086390 0.869185426 0.532759249
405881 5881.000000 17758100005881000 -0.239976689 -0.367204916 0.892145839 0.556019241
405882 5882.000000 17758100005882000 -0.237666398 -0.366051910 0.911160549 0.561450167
405883 5883.000000 17758100005883000 -0.235342786 -0.364996285 0.936379253 0.547449590
405884 5884.000000 17758100005884000 -0.233005941 -0.364314696 0.952339854 0.542081281
405885 5885.000000 17758100005885000 -0.230655938 -0.363423663 0.972719234 0.538483859
405886 5886.000000 17758100005886000 -0.228292882 -0.362682431 0.990720820 0.556357107
405887 5887.000000 17758100005887000 -0.225916862 -0.361234018 1.003204188 0.544802777
405888 5888.000000 17758100005888000 -0.223527983 -0.360556539 1.020256131 0.558759539
405889 5889.000000 17758100005889000 -0.221126333 -0.359570575 1.039583388 0.546837079
405890 5890.000000 17758100005890000 -0.218712002 -0.358334854 1.070182698 0.505368280
405891 5891.000000 17758100005891000 -0.216285080 -0.356903684 1.072585949 0.539956849
405892 5892.000000 17758100005892000 -0.213845685 -0.356231083 1.094168664 0.543714579
405893 5893.000000 17758100005893000 -0.211393893 -0.354891172 1.122851312 0.523850483
405894 5894.000000 17758100005894000 -0.208929807 -0.353955080 1.126252171 0.530374630
405895 5895.000000 17758100005895000 -0.206453532 -0.353216489 1.147977153 0.487348504
405896 5896.000000 17758100005896000 -0.203965142 -0.351558514 1.165949731 0.505378981
405897 5897.000000 17758100005897000 -0.201464772 -0.350506137 1.183398197 0.517282911
405898 5898.000000 17758100005898000 -0.198952496 -0.349333807 1.196770128 0.523903139
405899 5899.000000 17758100005899000 -0.196428403 -0.348265054 1.218770609 0.524251714
405900 5900.000000 17758100005900000 -0.193892628 -0.346796039 1.239516007 0.494784652
405901 5901.000000 17758100005901000 -0.191345245 -0.345644393 1.250184525 0.538042864
405902 5902.000000 17758100005902000 -0.188786358 -0.344560833 1.274751045 0.520672613
405903 5903.000000 17758100005903000 -0.186216056 -0.343404071 1.297170861 0.511342565
405904 5904.000000 17758100005904000 -0.183634475 -0.341522727 1.297170929 0.497006262
405905 5905.000000 17758100005905000 -0.181041688 -0.340122609 1.332499321 0.531318791
405906 5906.000000 17758100005906000 -0.178437814 -0.338869201 1.343447318 0.519728789
405907 5907.000000 17758100005907000 -0.175822929 -0.337619639 1.362939309 0.513262276
405908 5908.000000 17758100005908000 -0.173197180 -0.336376416 1.376606637 0.467102261
405909 5909.000000 17758100005909000 -0.170560628 -0.335083165 1.391075520 0.549335581
405910 5910.000000 17758100005910000 -0.167913392 -0.334099588 1.408561500 0.518099201
405911 5911.000000 17758100005911000 -0.165255591 -0.331946528 1.423385084 0.484713257
405912 5912.000000 17758100005912000 -0.162587315 -0.330273973 1.438089704 0.534824649
405913 5913.000000 17758100005913000 -0.159908667 -0.329007848 1.462310622 0.510351303
405914 5914.000000 17758100005914000 -0.157219768 -0.327634765 1.469405993 0.521402437
405915 5915.000000 17758100005915000 -0.154520705 -0.325875771 1.492915581 0.478408870
405916 5916.000000 17758100005916000 -0.151811600 -0.324620009 1.516698443 0.467240346
405917 5917.000000 17758100005917000 -0.149092555 -0.322869274 1.535393896 0.546747593
405918 5918.000000 17758100005918000 -0.146363676 -0.321724829 1.538914658 0.551416024
405919 5919.000000 17758100005919000 -0.143625066 -0.319963122 1.560439913 0.494086243
405920 5920.000000 17758100005920000 -0.140876830 -0.318736893 1.580318657 0.523221883
405921 5921.000000 17758100005921000 -0.138119102 -0.317000803 1.595726876 0.498650427
405922 5922.000000 17758100005922000 -0.135351971 -0.315182130 1.612272197 0.468596685
405923 5923.000000 17758100005923000 -0.132575542 -0.313441657 1.630119569 0.507058450
405924 5924.000000 17758100005924000 -0.129789934 -0.311994586 1.647210553 0.490290311
405925 5925.000000 17758100005925000 -0.126995251 -0.310253466 1.662665623 0.457389941
405926 5926.000000 17758100005926000 -0.124191605 -0.308927558 1.665934686 0.511045302
405927 5927.000000 17758100005927000 -0.121379115 -0.307214475 1.694366167 0.466312388
405928 5928.000000 17758100005928000 -0.118557885 -0.304936563 1.717617856 0.499264777
405929 5929.000000 17758100005929000 -0.115728021 -0.303626483 1.729915733 0.488021369
405930 5930.000000 17758100005930000 -0.112889647 -0.301667519 1.748172219 0.483751154
405931 5931.000000 17758100005931000 -0.110042863 -0.299768087 1.755694669 0.468451113
405932 5932.000000 17758100005932000 -0.107187793 -0.298158384 1.772796545 0.487574256
405933 5933.000000 17758100005933000 -0.104324535 -0.296885072 1.785891662 0.470540843
405934 5934.000000 17758100005934000 -0.101453215 -0.294349900 1.804617616 0.486306789
405935 5935.000000 17758100005935000 -0.098573945 -0.292687448 1.827798105 0.494097806
405936 5936.000000 17758100005936000 -0.095686831 -0.290789802 1.836867515 0.487032060
405937 5937.000000 17758100005937000 -0.092791997 -0.289009343 1.854746201 0.459061888
405938 5938.000000 17758100005938000 -0.089889549 -0.287538892 1.859156675 0.496286116
405939 5939.000000 17758100005939000 -0.086979605 -0.285218189 1.888176216 0.499829216
405940 5940.000000 17758100005940000 -0.084062278 -0.283731486 1.894060215 0.484820327
405941 5941.000000 17758100005941000 -0.081137687 -0.281261784 1.909213986 0.473418039
405942 5942.000000 17758100005942000 -0.078205936 -0.279709167 1.935843228 0.460451282
405943 5943.000000 17758100005943000 -0.075267158 -0.277688168 1.940340393 0.496583398
405944 5944.000000 17758100005944000 -0.072321460 -0.275767712 1.954892296 0.505749791
405945 5945.000000 17758100005945000 -0.069368958 -0.273899233 1.971631575 0.421392346
405946 5946.000000 17758100005946000 -0.066409774 -0.271442587 1.988753403 0.481673737
405947 5947.000000 17758100005947000 -0.063444018 -0.269720115 2.005083618 0.472727467
405948 5948.000000 17758100005948000 -0.060471807 -0.267817131 2.013297909 0.416566501
405949 5949.000000 17758100005949000 -0.057493258 -0.265846135 2.035184099 0.438052081
405950 5950.000000 17758100005950000 -0.054508496 -0.263491809 2.038962569 0.455009664
405951 5951.000000 17758100005951000 -0.051517636 -0.261931083 2.060880436 0.461708327
405952 5952.000000 17758100005952000 -0.048520792 -0.259259623 2.078792940 0.456096812
405953 5953.000000 17758100005953000 -0.045518082 -0.257437044 2.086624976 0.447215612
405954 5954.000000 17758100005954000 -0.042509630 -0.255396338 2.105530067 0.427997039
405955 5955.000000 17758100005955000 -0.039495554 -0.253192423 2.117052283 0.464746301
405956 5956.000000 17758100005956000 -0.036475968 -0.251478321 2.137279481 0.480352353
405957 5957.000000 17758100005957000 -0.033450995 -0.248528439 2.144687381 0.455925176
405958 5958.000000 17758100005958000 -0.030420752 -0.246554382 2.157473033 0.451056252
405959 5959.000000 17758100005959000 -0.027385363 -0.244528381 2.167590789 0.445010749
405960 5960.000000 17758100005960000 -0.024344943 -0.242912945 2.187355199 0.423445777
405961 5961.000000 17758100005961000 -0.021299616 -0.239955347 2.197884162 0.391539872
405962 5962.000000 17758100005962000 -0.018249499 -0.238113685 2.221022539 0.409338633
405963 5963.000000 17758100005963000 -0.015194713 -0.236061196 2.226723287 0.440845317
405964 5964.000000 17758100005964000 -0.012135381 -0.233470320 2.234978302 0.433548114
405965 5965.000000 17758100005965000 -0.009071621 -0.231192852 2.249190110 0.425364343
405966 5966.000000 17758100005966000 -0.006003555 -0.228834762 2.268009474 0.409491746
405967 5967.000000 17758100005967000 -0.002931304 -0.226624593 2.278793988 0.388300380
405968 5968.000000 17758100005968000 0.000145010 -0.224707938 2.288474896 0.422490445
405969 5969.000000 17758100005969000 0.003225266 -0.222203274 2.305754107 0.423470183
405970 5970.000000 17758100005970000 0.006309343 -0.219642888 2.307816794 0.441722449
405971 5971.000000 17758100005971000 0.009397118 -0.217356299 2.336380878 0.419148377
405972 5972.000000 17758100005972000 0.012488470 -0.215428122 2.340141220 0.400996997
405973 5973.000000 17758100005973000 0.015583278 -0.212620072 2.360182525 0.386949755
405974 5974.000000 17758100005974000 0.018681418 -0.210696340 2.360237241 0.414048721
405975 5975.000000 17758100005975000 0.021782767 -0.208035960 2.380830437 0.396157870
405976 5976.000000 17758100005976000 0.024887206 -0.205967171 2.395015195 0.427610052
405977 5977.000000 17758100005977000 0.027994609 -0.203249120 2.410041797 0.432157287
405978 5978.000000 17758100005978000 0.031104855 -0.200599510 2.409660262 0.402140008
405979 5979.000000 17758100005979000 0.034217820 -0.198389803 2.423587812 0.381049241
405980 5980.000000 17758100005980000 0.037333384 -0.196074851 2.433393886 0.413000101
405981 5981.000000 17758100005981000 0.040451419 -0.193042887 2.448866836 0.366454913
405982 5982.000000 17758100005982000 0.043571807 -0.191479697 2.461618303 0.376748254
405983 5983.000000 17758100005983000 0.046694424 -0.188717901 2.471188203 0.342996322
405984 5984.000000 17758100005984000 0.049819142 -0.186382041 2.482094373 0.369381401
405985 5985.000000 17758100005985000 0.052945845 -0.183615338 2.481323196 0.384150527
405986 5986.000000 17758100005986000 0.056074403 -0.180985586 2.508677781 0.389493769
405987 5987.000000 17758100005987000 0.059204694 -0.178877006 2.523695571 0.343355767
405988 5988.000000 17758100005988000 0.062336598 -0.176070619 2.523247097 0.354156685
405989 5989.000000 17758100005989000 0.065469988 -0.173586322 2.542393465 0.335466108
405990 5990.000000 17758100005990000 0.068604738 -0.170896215 2.551899496 0.335469404
405991 5991.000000 17758100005991000 0.071740732 -0.168438407 2.571087783 0.348821822
405992 5992.000000 17758100005992000 0.074877843 -0.165696583 2.565932125 0.344332899
405993 5993.000000 17758100005993000 0.078015938 -0.163388623 2.583616765 0.373563713
405994 5994.000000 17758100005994000 0.081154905 -0.160825766 2.599734317 0.364316423
405995 5995.000000 17758100005995000 0.084294617 -0.157973011 2.601887571 0.343383319
405996 5996.000000 17758100005996000 0.087434955 -0.155558141 2.616618201 0.360571517
405997 5997.000000 17758100005997000 0.090575777 -0.153140395 2.625393091 0.308593268
405998 5998.000000 17758100005998000 0.093716979 -0.150379052 2.628600836 0.364672228
405999 5999.000000 17758100005999000 0.096858427 -0.147528239 2.650624865 0.301911994
406000 6000.000000 17758100006000000 0.100000001 -0.145100276 2.646017015 0.309420573
406001 6001.000000 17758100006001000 0.103141569 -0.142195277 2.656287842 0.309258232
406002 6002.000000 17758100006002000 0.106283017 -0.139693328 2.677429156 0.335295485
406003 6003.000000 17758100006003000 0.109424219 -0.136783546 2.687941603 0.312178430
406004 6004.000000 17758100006004000 0.112565048 -0.134262390 2.691444952 0.331429027
406005 6005.000000 17758100006005000 0.115705378 -0.131057676 2.700551770 0.331070717
406006 6006.000000 17758100006006000 0.118845090 -0.128712876 2.712914143 0.332171681
406007 6007.000000 17758100006007000 0.121984057 -0.125957320 2.713219399 0.320921709
406008 6008.000000 17758100006008000 0.125122160 -0.123107904 2.732025252 0.323987215
406009 6009.000000 17758100006009000 0.128259271 -0.120389562 2.733787187 0.289266604
406010 6010.000000 17758100006010000 0.131395265 -0.118066873 2.744290544 0.315644672
406011 6011.000000 17758100006011000 0.134530008 -0.115030132 2.747923423 0.310690153
406012 6012.000000 17758100006012000 0.137663409 -0.111931527 2.761350861 0.283957961
406013 6013.000000 17758100006013000 0.140795305 -0.109591102 2.764046616 0.250978728
406014 6014.000000 17758100006014000 0.143925592 -0.106578633 2.780146559 0.300271655
406015 6015.000000 17758100006015000 0.147054151 -0.104001954 2.785604619 0.337746629
406016 6016.000000 17758100006016000 0.150180861 -0.101281730 2.800692107 0.285702656
406017 6017.000000 17758100006017000 0.153305575 -0.098427396 2.800794343 0.285563342
406018 6018.000000 17758100006018000 0.156428188 -0.095899348 2.814322578 0.272760637
406019 6019.000000 17758100006019000 0.159548581 -0.092538591 2.815498310 0.300600060
406020 6020.000000 17758100006020000 0.162666619 -0.090193690 2.824485799 0.231648302
406021 6021.000000 17758100006021000 0.165782183 -0.087054809 2.830001221 0.264451460
406022 6022.000000 17758100006022000 0.168895140 -0.084171120 2.845884857 0.290509472
406023 6023.000000 17758100006023000 0.172005385 -0.081258682 2.848040689 0.274715789
406024 6024.000000 17758100006024000 0.175112799 -0.078323251 2.863962849 0.298856687
406025 6025.000000 17758100006025000 0.178217232 -0.075641023 2.861070445 0.294870311
406026 6026.000000 17758100006026000 0.181318581 -0.072930871 2.867894132 0.266278005
406027 6027.000000 17758100006027000 0.184416726 -0.070183680 2.869355857 0.306869877
406028 6028.000000 17758100006028000 0.187511533 -0.067033675 2.878787116 0.253979369
406029 6029.000000 17758100006029000 0.190602884 -0.064223101 2.883931258 0.249826705
406030 6030.000000 17758100006030000 0.193690658 -0.061104238 2.886806464 0.270393323
406031 6031.000000 17758100006031000 0.196774736 -0.058096387 2.899270971 0.268660422
406032 6032.000000 17758100006032000 0.199854985 -0.055545334 2.915255437 0.265836273
406033 6033.000000 17758100006033000 0.202931300 -0.052485885 2.912285084 0.214243564
406034 6034.000000 17758100006034000 0.206003562 -0.049672736 2.921024939 0.219515479
406035 6035.000000 17758100006035000 0.209071621 -0.046921543 2.934523262 0.225145000
406036 6036.000000 17758100006036000 0.212135375 -0.043878011 2.926021125 0.211798479
406037 6037.000000 17758100006037000 0.215194717 -0.040498762 2.935978119 0.255665256
406038 6038.000000 17758100006038000 0.218249500 -0.038110112 2.949252087 0.238297089
406039 6039.000000 17758100006039000 0.221299618 -0.034394458 2.946043824 0.229953110
406040 6040.000000 17758100006040000 0.224344939 -0.032088745 2.957160651 0.213530134
406041 6041.000000 17758100006041000 0.227385357 -0.028714497 2.963897625 0.231267761
406042 6042.000000 17758100006042000 0.230420753 -0.026294207 2.971961000 0.220287991
406043 6043.000000 17758100006043000 0.233450994 -0.023250667 2.962793258 0.201053810
406044 6044.000000 17758100006044000 0.236475974 -0.020619623 2.968307020 0.188810431
406045 6045.000000 17758100006045000 0.239495546 -0.017273021 2.971577527 0.203888308
406046 6046.000000 17758100006046000 0.242509633 -0.014104570 2.994683497 0.189399266
406047 6047.000000 17758100006047000 0.245518088 -0.011158328 2.990029670 0.194608280
406048 6048.000000 17758100006048000 0.248520792 -0.008265585 2.992436674 0.167847054
406049 6049.000000 17758100006049000 0.251517624 -0.005089477 2.998172257 0.193712832
406050 6050.000000 17758100006050000 0.254508495 -0.002225526 3.004846361 0.197192378
406051 6051.000000 17758100006051000 0.257493258 0.001201530 3.009771264 0.178051052
406052 6052.000000 17758100006052000 0.260471791 0.003592161 3.004788420 0.194563287
406053 6053.000000 17758100006053000 0.263444006 0.007035308 3.016772205 0.191621554
406054 6054.000000 17758100006054000 0.266409785 0.009730499 3.023211057 0.166949664
406055 6055.000000 17758100006055000 0.269368947 0.013001564 3.019066584 0.171913581
406056 6056.000000 17758100006056000 0.272321463 0.015906311 3.023033881 0.204234455
406057 6057.000000 17758100006057000 0.275267154 0.018960254 3.030614665 0.172089488
406058 6058.000000 17758100006058000 0.278205931 0.021965341 3.032661426 0.157724640
406059 6059.000000 17758100006059000 0.281137675 0.024852315 3.035336653 0.172525745
406060 6060.000000 17758100006060000 0.284062266 0.027839879 3.031628021 0.165362161
406061 6061.000000 17758100006061000 0.286979616 0.030743398 3.038253352 0.124771778
406062 6062.000000 17758100006062000 0.289889544 0.034330239 3.038389197 0.146065586
406063 6063.000000 17758100006063000 0.292791992 0.036950426 3.048625000 0.144774420
406064 6064.000000 17758100006064000 0.295686841 0.040289693 3.045813478 0.152768903
406065 6065.000000 17758100006065000 0.298573941 0.043504105 3.043062496 0.143266023
406066 6066.000000 17758100006066000 0.301453203 0.046148201 3.049793301 0.149706202
406067 6067.000000 17758100006067000 0.304324538 0.049104360 3.052306100 0.100199646
406068 6068.000000 17758100006068000 0.307187796 0.052308694 3.063157994 0.101589486
406069 6069.000000 17758100006069000 0.310042858 0.055519438 3.052801964 0.104688789
406070 6070.000000 17758100006070000 0.312889636 0.058958731 3.059239852 0.125222781
406071 6071.000000 17758100006071000 0.315728009 0.061718831 3.054942861 0.103795198
406072 6072.000000 17758100006072000 0.318557888 0.064756955 3.061965201 0.104528240
406073 6073.000000 17758100006073000 0.321379125 0.067892455 3.067503477 0.141138425
406074 6074.000000 17758100006074000 0.324191600 0.070987684 3.070651080 0.094941926
406075 6075.000000 17758100006075000 0.326995254 0.074013164 3.069970256 0.100655522
406076 6076.000000 17758100006076000 0.329789937 0.076931517 3.074677607 0.115370954
406077 6077.000000 17758100006077000 0.332575530 0.080162906 3.061332239 0.071528746
406078 6078.000000 17758100006078000 0.335351974 0.083126018 3.072990222 0.098142884
406079 6079.000000 17758100006079000 0.338119090 0.085934821 3.066257842 0.098348551
406080 6080.000000 17758100006080000 0.340876848 0.089178496 3.074200579 0.090948922
406081 6081.000000 17758100006081000 0.343625069 0.092487639 3.065956441 0.105759203
406082 6082.000000 17758100006082000 0.346363664 0.095198701 3.061018750 0.069155513
406083 6083.000000 17758100006083000 0.349092543 0.098049048 3.064705284 0.061054815
406084 6084.000000 17758100006084000 0.351811588 0.101556016 3.076505472 0.047784031
406085 6085.000000 17758100006085000 0.354520708 0.104685468 3.080784929 0.082637223
406086 6086.000000 17758100006086000 0.357219756 0.107923132 3.068578043 0.045088098
406087 6087.000000 17758100006087000 0.359908670 0.110656267 3.074357607 0.036721186
406088 6088.000000 17758100006088000 0.362587303 0.113707626 3.078870560 0.056364618
406089 6089.000000 17758100006089000 0.365255594 0.116811742 3.076451920 0.061908746
406090 6090.000000 17758100006090000 0.367913395 0.119723742 3.070121451 0.045626024
406091 6091.000000 17758100006091000 0.370560616 0.123275636 3.070144829 0.059065911
406092 6092.000000 17758100006092000 0.373197168 0.125945951 3.070474014 0.080829611
406093 6093.000000 17758100006093000 0.375822932 0.129129063 3.076051261 0.043870188
406094 6094.000000 17758100006094000 0.378437817 0.132149983 3.064156050 0.084152385
406095 6095.000000 17758100006095000 0.381041676 0.134819838 3.065107790 0.019427185
406096 6096.000000 17758100006096000 0.383634478 0.138096207 3.067807568 0.091395500
406097 6097.000000 17758100006097000 0.386216074 0.141294358 3.056270157 -0.010792487
406098 6098.000000 17758100006098000 0.388786346 0.144669231 3.060882899 0.022715106
406099 6099.000000 17758100006099000 0.391345233 0.147271640 3.054844455 0.071336531
406100 6100.000000 17758100006100000 0.393892616 0.150781620 3.057882240 0.046954852
406101 6101.000000 17758100006101000 0.396428406 0.153728766 3.066189979 0.033408399
406102 6102.000000 17758100006102000 0.398952484 0.156521513 3.049172706 0.019037872
406103 6103.000000 17758100006103000 0.401464760 0.159792780 3.049724287 -0.007577198
406104 6104.000000 17758100006104000 0.403965145 0.163049862 3.038585716 -0.005886685
406105 6105.000000 17758100006105000 0.406453520 0.165674609 3.041120766 -0.030897596
406106 6106.000000 17758100006106000 0.408929795 0.168973918 3.035971343 0.013047727
406107 6107.000000 17758100006107000 0.411393881 0.171749684 3.039128760 0.007987582
406108 6108.000000 17758100006108000 0.413845688 0.174802092 3.040959433 -0.022732547
406109 6109.000000 17758100006109000 0.416285068 0.177690178 3.031966335 -0.020188340
406110 6110.000000 17758100006110000 0.418711990 0.181168035 3.022416609 -0.042520472
406111 6111.000000 17758100006111000 0.421126336 0.184107957 3.033502360 -0.022188313
406112 6112.000000 17758100006112000 0.423527986 0.186950235 3.022586061 -0.024987189
406113 6113.000000 17758100006113000 0.425916851 0.189959771 3.018949602 0.014503964
406114 6114.000000 17758100006114000 0.428292871 0.193188767 3.012375260 -0.002355817
406115 6115.000000 17758100006115000 0.430655926 0.196146168 3.009095019 -0.043861168
406116 6116.000000 17758100006116000 0.433005929 0.198944742 3.009306058 -0.054422310
406117 6117.000000 17758100006117000 0.435342789 0.202042167 3.012916585 -0.037618340
406118 6118.000000 17758100006118000 0.437666416 0.205362588 3.003881836 -0.079891550
406119 6119.000000 17758100006119000 0.439976692 0.208063926 3.000649519 -0.030270999
406120 6120.000000 17758100006120000 0.442273557 0.211302068 2.997847922 -0.083438588
406121 6121.000000 17758100006121000 0.444556892 0.213676870 2.991277612 -0.070038720
406122 6122.000000 17758100006122000 0.446826667 0.216944362 2.995258947 -0.079694351
406123 6123.000000 17758100006123000 0.449082702 0.220176738 2.978000061 -0.059881500
406124 6124.000000 17758100006124000 0.451324999 0.223122835 2.981447840 -0.071481474
406125 6125.000000 17758100006125000 0.453553379 0.226078676 2.969041786 -0.057274122
406126 6126.000000 17758100006126000 0.455767840 0.228935397 2.967298695 -0.053515674
406127 6127.000000 17758100006127000 0.457968235 0.231958134 2.953342506 -0.023177797
406128 6128.000000 17758100006128000 0.460154504 0.234896368 2.948794210 -0.094569677
406129 6129.000000 17758100006129000 0.462326556 0.238014345 2.947785153 -0.070490999
406130 6130.000000 17758100006130000 0.464484304 0.240863923 2.944648033 -0.048592053
406131 6131.000000 17758100006131000 0.466627687 0.243915203 2.939377897 -0.090455476
406132 6132.000000 17758100006132000 0.468756557 0.246472026 2.919010888 -0.105344210
406133 6133.000000 17758100006133000 0.470870882 0.249640955 2.930967579 -0.122909542
406134 6134.000000 17758100006134000 0.472970575 0.252584710 2.908764965 -0.116714361
406135 6135.000000 17758100006135000 0.475055546 0.255128163 2.915344267 -0.092742660
406136 6136.000000 17758100006136000 0.477125704 0.258293349 2.904780866 -0.090361239
406137 6137.000000 17758100006137000 0.479180962 0.261272927 2.901211237 -0.128029423
406138 6138.000000 17758100006138000 0.481221259 0.264156016 2.893682496 -0.088239889
406139 6139.000000 17758100006139000 0.483246505 0.266694746 2.886134183 -0.122650527
406140 6140.000000 17758100006140000 0.485256612 0.270035908 2.882944501 -0.081805180
406141 6141.000000 17758100006141000 0.487251520 0.273053883 2.868872860 -0.132470031
406142 6142.000000 17758100006142000 0.489231139 0.275702883 2.874516821 -0.092932600
406143 6143.000000 17758100006143000 0.491195410 0.278361148 2.870171789 -0.140222647
406144 6144.000000 17758100006144000 0.493144214 0.281132578 2.852498274 -0.126473338
406145 6145.000000 17758100006145000 0.495077521 0.283926919 2.843154053 -0.141241181
406146 6146.000000 17758100006146000 0.496995211 0.287138213 2.841363232 -0.134959057
406147 6147.000000 17758100006147000 0.498897225 0.289778220 2.827949610 -0.125360077
406148 6148.000000 17758100006148000 0.500783503 0.292712421 2.833987481 -0.144373220
406149 6149.000000 17758100006149000 0.502653956 0.295487799 2.817971734 -0.137220091
406150 6150.000000 17758100006150000 0.504508495 0.298714224 2.806477203 -0.138915772
406151 6151.000000 17758100006151000 0.506347060 0.300662778 2.792721954 -0.164423024
406152 6152.000000 17758100006152000 0.508169651 0.303853339 2.797172884 -0.164261657
406153 6153.000000 17758100006153000 0.509976029 0.306733512 2.790860545 -0.149252246
406154 6154.000000 17758100006154000 0.511766315 0.309601535 2.783498375 -0.189694559
406155 6155.000000 17758100006155000 0.513540268 0.311848092 2.771990684 -0.232757212
406156 6156.000000 17758100006156000 0.515297949 0.314887165 2.774734593 -0.183735679
406157 6157.000000 17758100006157000 0.517039239 0.317539547 2.748951392 -0.152003827
406158 6158.000000 17758100006158000 0.518764019 0.320272538 2.742286201 -0.161919352
406159 6159.000000 17758100006159000 0.520472288 0.323083970 2.734317646 -0.172032553
406160 6160.000000 17758100006160000 0.522163987 0.325997163 2.722178531 -0.219238037
406161 6161.000000 17758100006161000 0.523838997 0.328930650 2.715198687 -0.170580265
406162 6162.000000 17758100006162000 0.525497258 0.331281523 2.709491310 -0.161824670
406163 6163.000000 17758100006163000 0.527138710 0.334079434 2.702407561 -0.174254687
406164 6164.000000 17758100006164000 0.528763354 0.337170114 2.690004418 -0.190400335
406165 6165.000000 17758100006165000 0.530371010 0.339440218 2.684811098 -0.200842289
406166 6166.000000 17758100006166000 0.531961679 0.342293741 2.673032731 -0.180465376
406167 6167.000000 17758100006167000 0.533535361 0.345007943 2.662083252 -0.195560998
406168 6168.000000 17758100006168000 0.535091877 0.347459752 2.642940002 -0.225479449
406169 6169.000000 17758100006169000 0.536631227 0.350340896 2.635402558 -0.211017100
406170 6170.000000 17758100006170000 0.538153350 0.352328844 2.637240079 -0.199520503
406171 6171.000000 17758100006171000 0.539658129 0.355488609 2.629176510 -0.217738519
406172 6172.000000 17758100006172000 0.541145623 0.357636802 2.616330471 -0.257207467
406173 6173.000000 17758100006173000 0.542615652 0.360544471 2.609635840 -0.211989229
406174 6174.000000 17758100006174000 0.544068217 0.363524516 2.596006683 -0.208527259
406175 6175.000000 17758100006175000 0.545503259 0.365669363 2.578560445 -0.223833066
406176 6176.000000 17758100006176000 0.546920717 0.368267627 2.569030005 -0.236480118
406177 6177.000000 17758100006177000 0.548320532 0.371136965 2.558037486 -0.254599157
406178 6178.000000 17758100006178000 0.549702644 0.373636748 2.554005880 -0.219665181
406179 6179.000000 17758100006179000 0.551066995 0.375814894 2.551046476 -0.235763774
406180 6180.000000 17758100006180000 0.552413523 0.378437333 2.530456913 -0.254853494
406181 6181.000000 17758100006181000 0.553742230 0.381129988 2.510101531 -0.277570555
406182 6182.000000 17758100006182000 0.555052996 0.383481131 2.508469349 -0.266446825
406183 6183.000000 17758100006183000 0.556345820 0.385531844 2.501279565 -0.270487526
406184 6184.000000 17758100006184000 0.557620585 0.388509306 2.487277076 -0.237327290
406185 6185.000000 17758100006185000 0.558877289 0.391101842 2.460665236 -0.255203182
406186 6186.000000 17758100006186000 0.560115933 0.393391995 2.458869556 -0.286536207
406187 6187.000000 17758100006187000 0.561336398 0.396110922 2.457022121 -0.278472804
406188 6188.000000 17758100006188000 0.562538624 0.398237275 2.442365511 -0.293385871
406189 6189.000000 17758100006189000 0.563722551 0.400830871 2.425711446 -0.282282662
406190 6190.000000 17758100006190000 0.564888239 0.402951124 2.410349107 -0.243419215
406191 6191.000000 17758100006191000 0.566035569 0.405573727 2.399897266 -0.286264666
406192 6192.000000 17758100006192000 0.567164481 0.407765154 2.390009499 -0.293524680
406193 6193.000000 17758100006193000 0.568274915 0.410410462 2.388644567 -0.237842403
406194 6194.000000 17758100006194000 0.569366932 0.412691625 2.369000882 -0.314814142
406195 6195.000000 17758100006195000 0.570440412 0.415122925 2.351857391 -0.306215545
406196 6196.000000 17758100006196000 0.571495295 0.417286527 2.333492657 -0.305496655
406197 6197.000000 17758100006197000 0.572531521 0.419899450 2.327919842 -0.284377569
406198 6198.000000 17758100006198000 0.573549151 0.422037894 2.309483587 -0.250673193
406199 6199.000000 17758100006199000 0.574548066 0.424418645 2.305228017 -0.308582565
406200 6200.000000 17758100006200000 0.575528264 0.426859654 2.296717903 -0.324100088
406201 6201.000000 17758100006201000 0.576489687 0.428798107 2.268905383 -0.324081315
406202 6202.000000 17758100006202000 0.577432275 0.431382147 2.272757460 -0.317298277
406203 6203.000000 17758100006203000 0.578356028 0.433302432 2.252679184 -0.324021573
406204 6204.000000 17758100006204000 0.579260886 0.435537653 2.237088818 -0.354155326
406205 6205.000000 17758100006205000 0.580146849 0.437980623 2.225842191 -0.311605015
406206 6206.000000 17758100006206000 0.581013858 0.440172773 2.210209030 -0.309832422
406207 6207.000000 17758100006207000 0.581861854 0.442131123 2.198081420 -0.327333573
406208 6208.000000 17758100006208000 0.582690835 0.444436300 2.183238802 -0.328298295
406209 6209.000000 17758100006209000 0.583500743 0.446470681 2.169440241 -0.375810122
406210 6210.000000 17758100006210000 0.584291577 0.448946021 2.157225933 -0.332532165
406211 6211.000000 17758100006211000 0.585063279 0.450816695 2.142081931 -0.328476352
406212 6212.000000 17758100006212000 0.585815847 0.453440661 2.133613980 -0.334170869
406213 6213.000000 17758100006213000 0.586549282 0.455077840 2.114253165 -0.343109376
406214 6214.000000 17758100006214000 0.587263465 0.457235898 2.104166048 -0.355704549
406215 6215.000000 17758100006215000 0.587958395 0.459203191 2.101476172 -0.323298217
406216 6216.000000 17758100006216000 0.588634074 0.461521808 2.070719652 -0.376341521
406217 6217.000000 17758100006217000 0.589290440 0.463663402 2.060595970 -0.334835524
406218 6218.000000 17758100006218000 0.589927554 0.465633140 2.033857933 -0.379831233
406219 6219.000000 17758100006219000 0.590545237 0.467525619 2.027458919 -0.383372274
406220 6220.000000 17758100006220000 0.591143608 0.469613470 2.018711100 -0.352717927
406221 6221.000000 17758100006221000 0.591722608 0.471555677 2.000727992 -0.381436813
406222 6222.000000 17758100006222000 0.592282176 0.473826142 1.988101827 -0.374066767
406223 6223.000000 17758100006223000 0.592822313 0.475855598 1.968377771 -0.350486732
406224 6224.000000 17758100006224000 0.593342960 0.477807023 1.956317851 -0.360716590
406225 6225.000000 17758100006225000 0.593844175 0.479600414 1.942083889 -0.360421820
406226 6226.000000 17758100006226000 0.594325900 0.481543727 1.931123059 -0.362827102
406227 6227.000000 17758100006227000 0.594788074 0.483550156 1.911766054 -0.364363453
406228 6228.000000 17758100006228000 0.595230699 0.485200589 1.893784568 -0.392622667
406229 6229.000000 17758100006229000 0.595653832 0.487070546 1.880355900 -0.380050087
406230 6230.000000 17758100006230000 0.596057355 0.489274411 1.866608105 -0.411890110
406231 6231.000000 17758100006231000 0.596441329 0.491154681 1.861786320 -0.398740119
406232 6232.000000 17758100006232000 0.596805632 0.492615135 1.838728930 -0.359479539
406233 6233.000000 17758100006233000 0.597150385 0.494389608 1.819207296 -0.363685852
406234 6234.000000 17758100006234000 0.597475529 0.496156542 1.803647636 -0.423252923
406235 6235.000000 17758100006235000 0.597781003 0.497574712 1.799113042 -0.398484667
406236 6236.000000 17758100006236000 0.598066807 0.499980312 1.765997368 -0.386685209
406237 6237.000000 17758100006237000 0.598332942 0.501629399 1.755558033 -0.400691647
406238 6238.000000 17758100006238000 0.598579466 0.503351346 1.744247531 -0.411245201
406239 6239.000000 17758100006239000 0.598806262 0.504664119 1.731780532 -0.428313293
406240 6240.000000 17758100006240000 0.599013388 0.507252485 1.719333409 -0.410377563
406241 6241.000000 17758100006241000 0.599200785 0.508307784 1.700593133 -0.436029766
406242 6242.000000 17758100006242000 0.599368453 0.510120772 1.682684257 -0.384740758
406243 6243.000000 17758100006243000 0.599516451 0.511964968 1.663023754 -0.455437993
406244 6244.000000 17758100006244000 0.599644721 0.513348411 1.650154872 -0.408508604
406245 6245.000000 17758100006245000 0.599753261 0.515319710 1.614225481 -0.410017935
406246 6246.000000 17758100006246000 0.599842072 0.516516515 1.611744443 -0.426418750
406247 6247.000000 17758100006247000 0.599911153 0.518487460 1.593750067 -0.417578168
406248 6248.000000 17758100006248000 0.599960506 0.519749290 1.585722518 -0.477964797
406249 6249.000000 17758100006249000 0.599990129 0.521559575 1.562641846 -0.393945236
406250 6250.000000 17758100006250000 0.600000024 0.522982707 1.549077748 -0.417497590
406251 6251.000000 17758100006251000 0.599990129 0.524347334 1.534093090 -0.457405962
406252 6252.000000 17758100006252000 0.599960506 0.526394679 1.510618258 -0.410962101
406253 6253.000000 17758100006253000 0.599911153 0.527642882 1.497368594 -0.452385980
406254 6254.000000 17758100006254000 0.599842072 0.529278127 1.477952245 -0.448758278
406255 6255.000000 17758100006255000 0.599753261 0.530449835 1.454395753 -0.458457009
406256 6256.000000 17758100006256000 0.599644721 0.531968342 1.446103885 -0.456770846
406257 6257.000000 17758100006257000 0.599516451 0.533461704 1.429030911 -0.420105878
406258 6258.000000 17758100006258000 0.599368453 0.534748559 1.417001244 -0.459849982
406259 6259.000000 17758100006259000 0.599200785 0.535948137 1.399649044 -0.472500292
406260 6260.000000 17758100006260000 0.599013388 0.537315748 1.377647186 -0.463413370
406261 6261.000000 17758100006261000 0.598806262 0.538860841 1.355874664 -0.444759620
406262 6262.000000 17758100006262000 0.598579466 0.540180907 1.338023831 -0.478796549
406263 6263.000000 17758100006263000 0.598332942 0.541549289 1.333311409 -0.461120634
406264 6264.000000 17758100006264000 0.598066807 0.542618351 1.313544431 -0.455867318
406265 6265.000000 17758100006265000 0.597781003 0.543977941 1.292473016 -0.443615166
406266 6266.000000 17758100006266000 0.597475529 0.545577072 1.263943449 -0.462229956
406267 6267.000000 17758100006267000 0.597150385 0.546826862 1.251592286 -0.469577747
406268 6268.000000 17758100006268000 0.596805632 0.547796033 1.232686073 -0.461345196
406269 6269.000000 17758100006269000 0.596441329 0.549518291 1.217228660 -0.507598314
406270 6270.000000 17758100006270000 0.596057355 0.550148793 1.201109275 -0.494043273
406271 6271.000000 17758100006271000 0.595653832 0.551824715 1.183238471 -0.501349903
406272 6272.000000 17758100006272000 0.595230699 0.552634683 1.167993708 -0.459433887
406273 6273.000000 17758100006273000 0.594788074 0.553973300 1.147384780 -0.438120273
406274 6274.000000 17758100006274000 0.594325900 0.554988511 1.134363296 -0.498050908
406275 6275.000000 17758100006275000 0.593844175 0.556060465 1.120640530 -0.500450092
406276 6276.000000 17758100006276000 0.593342960 0.557557645 1.085473987 -0.431791740
406277 6277.000000 17758100006277000 0.592822313 0.558262748 1.074953859 -0.492423119
406278 6278.000000 17758100006278000 0.592282176 0.559405989 1.057666214 -0.492754671
406279 6279.000000 17758100006279000 0.591722608 0.560143105 1.035632605 -0.482717226
406280 6280.000000 17758100006280000 0.591143608 0.561880567 1.023382189 -0.459642758
406281 6281.000000 17758100006281000 0.590545237 0.562027770 1.003840649 -0.495132610
406282 6282.000000 17758100006282000 0.589927554 0.563488270 0.975938408 -0.510934956
406283 6283.000000 17758100006283000 0.589290440 0.564424451 0.965827214 -0.476493820
406284 6284.000000 17758100006284000 0.588634074 0.565196722 0.957729744 -0.516165328
406285 6285.000000 17758100006285000 0.587958395 0.566276271 0.939617541 -0.506032384
406286 6286.000000 17758100006286000 0.587263465 0.567413684 0.914788129 -0.519333923
406287 6287.000000 17758100006287000 0.586549282 0.568132133 0.899307987 -0.488079394
406288 6288.000000 17758100006288000 0.585815847 0.568750732 0.877134182 -0.507898790
406289 6289.000000 17758100006289000 0.585063279 0.569703757 0.860584137 -0.502878577
406290 6290.000000 17758100006290000 0.584291577 0.570380833 0.842516301 -0.483071398
406291 6291.000000 17758100006291000 0.583500743 0.571408442 0.824729042 -0.516832568
406292 6292.000000 17758100006292000 0.582690835 0.572281476 0.792481804 -0.534065727
406293 6293.000000 17758100006293000 0.581861854 0.573202762 0.787791112 -0.505090296
406294 6294.000000 17758100006294000 0.581013858 0.573823516 0.766149991 -0.504148066
406295 6295.000000 17758100006295000 0.580146849 0.574582215 0.747643804 -0.521495922
406296 6296.000000 17758100006296000 0.579260886 0.575393783 0.731619733 -0.508241211
406297 6297.000000 17758100006297000 0.578356028 0.576042719 0.708520248 -0.495218727
406298 6298.000000 17758100006298000 0.577432275 0.576562706 0.692762480 -0.520560894
406299 6299.000000 17758100006299000 0.576489687 0.577535371 0.675280869 -0.505709851
406300 6300.000000 17758100006300000 0.575528264 0.577729185 0.652070743 -0.531225198
406301 6301.000000 17758100006301000 0.574548066 0.578579194 0.625204319 -0.499776398
406302 6302.000000 17758100006302000 0.573549151 0.579211111 0.615621494 -0.509593390
406303 6303.000000 17758100006303000 0.572531521 0.579783307 0.598196281 -0.496946151
406304 6304.000000 17758100006304000 0.571495295 0.580715390 0.568856037 -0.527076102
406305 6305.000000 17758100006305000 0.570440412 0.580803090 0.564246666 -0.512697814
406306 6306.000000 17758100006306000 0.569366932 0.581935117 0.541738923 -0.525257248
406307 6307.000000 17758100006307000 0.568274915 0.582090317 0.517418878 -0.554572754
406308 6308.000000 17758100006308000 0.567164481 0.582306710 0.494200378 -0.544288076
406309 6309.000000 17758100006309000 0.566035569 0.582593736 0.479041829 -0.519782709
406310 6310.000000 17758100006310000 0.564888239 0.583672398 0.461138727 -0.508014810
406311 6311.000000 17758100006311000 0.563722551 0.583973594 0.451791798 -0.538926373
406312 6312.000000 17758100006312000 0.562538624 0.584477325 0.415070384 -0.585624383
406313 6313.000000 17758100006313000 0.561336398 0.584888738 0.396674696 -0.552740532
406314 6314.000000 17758100006314000 0.560115933 0.585179237 0.380136406 -0.530162358
406315 6315.000000 17758100006315000 0.558877289 0.585939574 0.372968502 -0.550013082
406316 6316.000000 17758100006316000 0.557620585 0.586117382 0.335890342 -0.534050701
406317 6317.000000 17758100006317000 0.556345820 0.586168200 0.330093931 -0.549528230
406318 6318.000000 17758100006318000 0.555052996 0.586278162 0.319859088 -0.510319093
406319 6319.000000 17758100006319000 0.553742230 0.586838902 0.291936700 -0.538267897
406320 6320.000000 17758100006320000 0.552413523 0.587120163 0.267305550 -0.510704797
406321 6321.000000 17758100006321000 0.551066995 0.587076402 0.250326408 -0.515240005
406322 6322.000000 17758100006322000 0.549702644 0.587357726 0.231631869 -0.533450004
406323 6323.000000 17758100006323000 0.548320532 0.587387757 0.206014270 -0.529007497
406324 6324.000000 17758100006324000 0.546920717 0.587553693 0.199075497 -0.526357586
406325 6325.000000 17758100006325000 0.545503259 0.587772925 0.173615987 -0.517677928
406326 6326.000000 17758100006326000 0.544068217 0.587928331 0.149944278 -0.554482531
406327 6327.000000 17758100006327000 0.542615652 0.588244987 0.126639497 -0.532377626
406328 6328.000000 17758100006328000 0.541145623 0.588579936 0.112503202 -0.540749619
406329 6329.000000 17758100006329000 0.539658129 0.588685074 0.097731157 -0.576539547
406330 6330.000000 17758100006330000 0.538153350 0.588785917 0.075871061 -0.502284723
406331 6331.000000 17758100006331000 0.536631227 0.588540370 0.050655415 -0.550361594
406332 6332.000000 17758100006332000 0.535091877 0.588571545 0.036825786 -0.527632950
406333 6333.000000 17758100006333000 0.533535361 0.588808400 0.013364661 -0.537040108
406334 6334.000000 17758100006334000 0.531961679 0.588663772 -0.004021632 -0.577899664
406335 6335.000000 17758100006335000 0.530371010 0.588753282 -0.014421092 -0.510201037
406336 6336.000000 17758100006336000 0.528763354 0.588887714 -0.039447255 -0.524369703
406337 6337.000000 17758100006337000 0.527138710 0.588536794 -0.050004936 -0.564747079
406338 6338.000000 17758100006338000 0.525497258 0.588916413 -0.078748909 -0.533997659
406339 6339.000000 17758100006339000 0.523838997 0.588348527 -0.093417289 -0.558992284
406340 6340.000000 17758100006340000 0.522163987 0.588246076 -0.113304348 -0.571130628
406341 6341.000000 17758100006341000 0.520472288 0.587958725 -0.144235559 -0.563383858
406342 6342.000000 17758100006342000 0.518764019 0.588117450 -0.161037643 -0.558334840
406343 6343.000000 17758100006343000 0.517039239 0.587724042 -0.175661531 -0.576790312
406344 6344.000000 17758100006344000 0.515297949 0.587778070 -0.195398395 -0.537407910
406345 6345.000000 17758100006345000 0.513540268 0.587376618 -0.217574090 -0.561375834
406346 6346.000000 17758100006346000 0.511766315 0.586979369 -0.231580969 -0.546636417
406347 6347.000000 17758100006347000 0.509976029 0.586750167 -0.251593474 -0.571499457
406348 6348.000000 17758100006348000 0.508169651 0.586669978 -0.273568516 -0.542621227
406349 6349.000000 17758100006349000 0.506347060 0.586401168 -0.287904432 -0.551949072
406350 6350.000000 17758100006350000 0.504508495 0.586286309 -0.301212321 -0.535250270
406351 6351.000000 17758100006351000 0.502653956 0.585414764 -0.337012479 -0.535209189
406352 6352.000000 17758100006352000 0.500783503 0.585143430 -0.349716553 -0.555093102
406353 6353.000000 17758100006353000 0.498897225 0.585223395 -0.374652463 -0.546341909
406354 6354.000000 17758100006354000 0.496995211 0.584762649 -0.386733673 -0.552372233
406355 6355.000000 17758100006355000 0.495077521 0.584808371 -0.410180670 -0.560356958
406356 6356.000000 17758100006356000 0.493144214 0.583886495 -0.424289119 -0.556342636
406357 6357.000000 17758100006357000 0.491195410 0.583432926 -0.442838781 -0.544877945
406358 6358.000000 17758100006358000 0.489231139 0.582798137 -0.464260570 -0.544303322
406359 6359.000000 17758100006359000 0.487251520 0.582351112 -0.478315378 -0.546851590
406360 6360.000000 17758100006360000 0.485256612 0.582063572 -0.505824491 -0.531749855
406361 6361.000000 17758100006361000 0.483246505 0.581813403 -0.513916432 -0.553388743
406362 6362.000000 17758100006362000 0.481221259 0.581192668 -0.544956165 -0.556405144
406363 6363.000000 17758100006363000 0.479180962 0.580605180 -0.551003702 -0.531375086
406364 6364.000000 17758100006364000 0.477125704 0.579394028 -0.573461914 -0.545590848
406365 6365.000000 17758100006365000 0.475055546 0.579016363 -0.585822143 -0.545504931
406366 6366.000000 17758100006366000 0.472970575 0.578389401 -0.602579610 -0.533659193
406367 6367.000000 17758100006367000 0.470870882 0.577967911 -0.627484391 -0.546743162
406368 6368.000000 17758100006368000 0.468756557 0.577811544 -0.642586144 -0.534996653
406369 6369.000000 17758100006369000 0.466627687 0.576709391 -0.669208240 -0.557970477
406370 6370.000000 17758100006370000 0.464484304 0.575628690 -0.688540995 -0.564723794
406371 6371.000000 17758100006371000 0.462326556 0.575187922 -0.706478890 -0.513474408
406372 6372.000000 17758100006372000 0.460154504 0.574315751 -0.728320126 -0.509326933
406373 6373.000000 17758100006373000 0.457968235 0.573864941 -0.746498886 -0.569877533
406374 6374.000000 17758100006374000 0.455767840 0.572984801 -0.765390186 -0.536814648
406375 6375.000000 17758100006375000 0.453553379 0.571987176 -0.779293498 -0.567775736
406376 6376.000000 17758100006376000 0.451324999 0.571639244 -0.798579798 -0.531855961
406377 6377.000000 17758100006377000 0.449082702 0.570602766 -0.823623134 -0.531163648
406378 6378.000000 17758100006378000 0.446826667 0.569582421 -0.843731575 -0.564388400
406379 6379.000000 17758100006379000 0.444556892 0.569492429 -0.858128600 -0.498917283
406380 6380.000000 17758100006380000 0.442273557 0.568127070 -0.879063616 -0.534497103
406381 6381.000000 17758100006381000 0.439976692 0.567120823 -0.894226102 -0.588571513
406382 6382.000000 17758100006382000 0.437666416 0.566358737 -0.910716775 -0.550511984
406383 6383.000000 17758100006383000 0.435342789 0.565064067 -0.926773807 -0.516003116
406384 6384.000000 17758100006384000 0.433005929 0.564087660 -0.947618786 -0.558769420
406385 6385.000000 17758100006385000 0.430655926 0.563308442 -0.964054322 -0.510781766
406386 6386.000000 17758100006386000 0.428292871 0.562433156 -0.986461540 -0.536761917
406387 6387.000000 17758100006387000 0.425916851 0.561295628 -1.000965864 -0.563886476
406388 6388.000000 17758100006388000 0.423527986 0.560381523 -1.016707629 -0.555580603
406389 6389.000000 17758100006389000 0.421126336 0.558999155 -1.040921479 -0.538485510
406390 6390.000000 17758100006390000 0.418711990 0.558256062 -1.052155133 -0.537941501
406391 6391.000000 17758100006391000 0.416285068 0.557157602 -1.073971168 -0.555766023
406392 6392.000000 17758100006392000 0.413845688 0.555810503 -1.096024366 -0.502835047
406393 6393.000000 17758100006393000 0.411393881 0.555142805 -1.114737082 -0.511390378
406394 6394.000000 17758100006394000 0.408929795 0.553803349 -1.126727849 -0.540716259
406395 6395.000000 17758100006395000 0.406453520 0.552724515 -1.146419701 -0.552844663
406396 6396.000000 17758100006396000 0.403965145 0.551410826 -1.167571874 -0.517678684
406397 6397.000000 17758100006397000 0.401464760 0.550576060 -1.189306985 -0.506952979
406398 6398.000000 17758100006398000 0.398952484 0.549296486 -1.206842495 -0.508900373
406399 6399.000000 17758100006399000 0.396428406 0.547871952 -1.221396221 -0.529478097
406400 6400.000000 17758100006400000 0.393892616 0.546878468 -1.235551034 -0.528366779
406401 6401.000000 17758100006401000 0.391345233 0.545209271 -1.255419023 -0.540648654
406402 6402.000000 17758100006402000 0.388786346 0.544159655 -1.269248943 -0.536121517
406403 6403.000000 17758100006403000 0.386216074 0.543006360 -1.295234329 -0.510321065
406404 6404.000000 17758100006404000 0.383634478 0.541439178 -1.308186718 -0.536907322
406405 6405.000000 17758100006405000 0.381041676 0.540383779 -1.334545295 -0.544302777
406406 6406.000000 17758100006406000 0.378437817 0.538941160 -1.344076491 -0.496457733
406407 6407.000000 17758100006407000 0.375822932 0.537421200 -1.354746536 -0.511811401
406408 6408.000000 17758100006408000 0.373197168 0.535841919 -1.378729751 -0.474137583
406409 6409.000000 17758100006409000 0.370560616 0.535008294 -1.391114484 -0.508892766
406410 6410.000000 17758100006410000 0.367913395 0.533591596 -1.409023915 -0.555734836
406411 6411.000000 17758100006411000 0.365255594 0.532029376 -1.422388867 -0.537505975
406412 6412.000000 17758100006412000 0.362587303 0.530566757 -1.441279366 -0.501770633
406413 6413.000000 17758100006413000 0.359908670 0.528728864 -1.458967775 -0.496606206
406414 6414.000000 17758100006414000 0.357219756 0.527528675 -1.488683221 -0.518681268
406415 6415.000000 17758100006415000 0.354520708 0.526065244 -1.494591953 -0.528912322
406416 6416.000000 17758100006416000 0.351811588 0.524482749 -1.514727079 -0.498713978
406417 6417.000000 17758100006417000 0.349092543 0.523151549 -1.523698270 -0.499068899
406418 6418.000000 17758100006418000 0.346363664 0.521287416 -1.551996297 -0.518229519
406419 6419.000000 17758100006419000 0.343625069 0.520072742 -1.554398546 -0.499963637
406420 6420.000000 17758100006420000 0.340876848 0.518275841 -1.584134616 -0.535766238
406421 6421.000000 17758100006421000 0.338119090 0.516677435 -1.589229565 -0.457765175
406422 6422.000000 17758100006422000 0.335351974 0.515130186 -1.607596105 -0.514150702
406423 6423.000000 17758100006423000 0.332575530 0.513515979 -1.628239128 -0.495156762
406424 6424.000000 17758100006424000 0.329789937 0.511706301 -1.649465033 -0.540129158
406425 6425.000000 17758100006425000 0.326995254 0.510848681 -1.655742435 -0.537620490
406426 6426.000000 17758100006426000 0.324191600 0.508151516 -1.679062449 -0.507469431
406427 6427.000000 17758100006427000 0.321379125 0.506758516 -1.691285350 -0.484403029
406428 6428.000000 17758100006428000 0.318557888 0.505015374 -1.706040649 -0.496043818
406429 6429.000000 17758100006429000 0.315728009 0.503285322 -1.725069393 -0.463007034
406430 6430.000000 17758100006430000 0.312889636 0.501859960 -1.739185177 -0.482415583
406431 6431.000000 17758100006431000 0.310042858 0.500027438 -1.753972374 -0.451077162
406432 6432.000000 17758100006432000 0.307187796 0.498037317 -1.774162195 -0.471325071
406433 6433.000000 17758100006433000 0.304324538 0.495751689 -1.802291857 -0.473021611
406434 6434.000000 17758100006434000 0.301453203 0.494593642 -1.809401027 -0.470906869
406435 6435.000000 17758100006435000 0.298573941 0.492904070 -1.828382316 -0.450710521
406436 6436.000000 17758100006436000 0.295686841 0.490587378 -1.829640797 -0.496696048
406437 6437.000000 17758100006437000 0.292791992 0.488901107 -1.844938061 -0.461916705
406438 6438.000000 17758100006438000 0.289889544 0.486909459 -1.862104766 -0.530657545
406439 6439.000000 17758100006439000 0.286979616 0.485113175 -1.871658842 -0.504866183
406440 6440.000000 17758100006440000 0.284062266 0.483145297 -1.899689989 -0.508518329
406441 6441.000000 17758100006441000 0.281137675 0.481531404 -1.916276844 -0.472290147
406442 6442.000000 17758100006442000 0.278205931 0.479877681 -1.933166870 -0.470784256
406443 6443.000000 17758100006443000 0.275267154 0.477710079 -1.939854786 -0.446792690
406444 6444.000000 17758100006444000 0.272321463 0.475720019 -1.953234852 -0.430317170
406445 6445.000000 17758100006445000 0.269368947 0.473845660 -1.978020278 -0.480172740
406446 6446.000000 17758100006446000 0.266409785 0.471439027 -1.982451147 -0.442332436
406447 6447.000000 17758100006447000 0.263444006 0.469467785 -2.005538578 -0.439233235
406448 6448.000000 17758100006448000 0.260471791 0.467691105 -2.027006509 -0.459865105
406449 6449.000000 17758100006449000 0.257493258 0.465581735 -2.026634694 -0.424517456
406450 6450.000000 17758100006450000 0.254508495 0.463700379 -2.047456144 -0.422898159
406451 6451.000000 17758100006451000 0.251517624 0.461428953 -2.055062435 -0.466163271
406452 6452.000000 17758100006452000 0.248520792 0.459675850 -2.070630874 -0.427447907
406453 6453.000000 17758100006453000 0.245518088 0.457180142 -2.097185419 -0.459834510
406454 6454.000000 17758100006454000 0.242509633 0.455599021 -2.101486321 -0.476507424
406455 6455.000000 17758100006455000 0.239495546 0.453293414 -2.118978818 -0.425208999
406456 6456.000000 17758100006456000 0.236475974 0.451040402 -2.135245430 -0.468934761
406457 6457.000000 17758100006457000 0.233450994 0.448991576 -2.141764483 -0.447622658
406458 6458.000000 17758100006458000 0.230420753 0.446812331 -2.153150313 -0.478087739
406459 6459.000000 17758100006459000 0.227385357 0.444482316 -2.164552136 -0.419734923
406460 6460.000000 17758100006460000 0.224344939 0.442725348 -2.182101035 -0.430267276
406461 6461.000000 17758100006461000 0.221299618 0.439885524 -2.197738167 -0.420504176
406462 6462.000000 17758100006462000 0.218249500 0.438292487 -2.214776096 -0.415955089
406463 6463.000000 17758100006463000 0.215194717 0.435613513 -2.216556451 -0.422593520
406464 6464.000000 17758100006464000 0.212135375 0.433440997 -2.238374063 -0.434971576
406465 6465.000000 17758100006465000 0.209071621 0.431073856 -2.258688740 -0.434541506
406466 6466.000000 17758100006466000 0.206003562 0.429044148 -2.266387172 -0.401267696
406467 6467.000000 17758100006467000 0.202931300 0.426705207 -2.284381227 -0.416753409
406468 6468.000000 17758100006468000 0.199854985 0.424589080 -2.295240354 -0.446142957
406469 6469.000000 17758100006469000 0.196774736 0.422257933 -2.303237127 -0.436550503
406470 6470.000000 17758100006470000 0.193690658 0.419757871 -2.323572620 -0.391757565
406471 6471.000000 17758100006471000 0.190602884 0.417778274 -2.333053333 -0.391451387
406472 6472.000000 17758100006472000 0.187511533 0.415003670 -2.337705834 -0.428035268
406473 6473.000000 17758100006473000 0.184416726 0.412683695 -2.350394979 -0.400741065
406474 6474.000000 17758100006474000 0.181318581 0.410258466 -2.363252460 -0.370947626
406475 6475.000000 17758100006475000 0.178217232 0.407984837 -2.377129237 -0.376014179
406476 6476.000000 17758100006476000 0.175112799 0.405252004 -2.395922638 -0.409950574
406477 6477.000000 17758100006477000 0.172005385 0.403367233 -2.403653206 -0.427592087
406478 6478.000000 17758100006478000 0.168895140 0.400604990 -2.415372063 -0.360287927
406479 6479.000000 17758100006479000 0.165782183 0.398158471 -2.428476702 -0.371331697
406480 6480.000000 17758100006480000 0.162666619 0.395994946 -2.431852925 -0.417082960
406481 6481.000000 17758100006481000 0.159548581 0.393449552 -2.459518895 -0.414913229
406482 6482.000000 17758100006482000 0.156428188 0.390819898 -2.464391136 -0.360820189
406483 6483.000000 17758100006483000 0.153305575 0.388828833 -2.471468271 -0.385716736
406484 6484.000000 17758100006484000 0.150180861 0.386081112 -2.487845296 -0.370350320
406485 6485.000000 17758100006485000 0.147054151 0.383733593 -2.495923289 -0.364657721
406486 6486.000000 17758100006486000 0.143925592 0.380989284 -2.507320085 -0.354075453
406487 6487.000000 17758100006487000 0.140795305 0.378298035 -2.520531793 -0.398623951
406488 6488.000000 17758100006488000 0.137663409 0.375806291 -2.527314046 -0.361517917
406489 6489.000000 17758100006489000 0.134530008 0.373375239 -2.541934858 -0.366012700
406490 6490.000000 17758100006490000 0.131395265 0.371059949 -2.553309250 -0.364946823
406491 6491.000000 17758100006491000 0.128259271 0.368729253 -2.558388548 -0.360717748
406492 6492.000000 17758100006492000 0.125122160 0.365719274 -2.571158938 -0.361118541
406493 6493.000000 17758100006493000 0.121984057 0.362741550 -2.586798101 -0.342671247
406494 6494.000000 17758100006494000 0.118845090 0.360499993 -2.601860970 -0.334858887
406495 6495.000000 17758100006495000 0.115705378 0.357921383 -2.604956958 -0.332891183
406496 6496.000000 17758100006496000 0.112565048 0.355784869 -2.604584149 -0.358631010
406497 6497.000000 17758100006497000 0.109424219 0.352230519 -2.623123044 -0.316883625
406498 6498.000000 17758100006498000 0.106283017 0.349653883 -2.627053676 -0.386646497
406499 6499.000000 17758100006499000 0.103141569 0.347409830 -2.646262619 -0.375884928
406500 6500.000000 17758100006500000 0.100000001 0.344842166 -2.653884794 -0.363701523
406501 6501.000000 17758100006501000 0.096858427 0.342202490 -2.662083747 -0.322096272
406502 6502.000000 17758100006502000 0.093716979 0.339840412 -2.681399417 -0.330785697
406503 6503.000000 17758100006503000 0.090575777 0.336554348 -2.682902293 -0.353751466
406504 6504.000000 17758100006504000 0.087434955 0.334056927 -2.688828320 -0.328943293
406505 6505.000000 17758100006505000 0.084294617 0.331468485 -2.703519623 -0.357904177
406506 6506.000000 17758100006506000 0.081154905 0.328708403 -2.709973211 -0.330148416
406507 6507.000000 17758100006507000 0.078015938 0.325989978 -2.713528526 -0.312932658
406508 6508.000000 17758100006508000 0.074877843 0.323401081 -2.739382053 -0.350511512
406509 6509.000000 17758100006509000 0.071740732 0.320045446 -2.732964956 -0.343805128
406510 6510.000000 17758100006510000 0.068604738 0.317995417 -2.740618714 -0.311993118
406511 6511.000000 17758100006511000 0.065469988 0.314999937 -2.757253325 -0.328845288
406512 6512.000000 17758100006512000 0.062336598 0.311922768 -2.760027791 -0.307481524
406513 6513.000000 17758100006513000 0.059204694 0.309284824 -2.773432079 -0.293074856
406514 6514.000000 17758100006514000 0.056074403 0.306666675 -2.778841149 -0.324625594
406515 6515.000000 17758100006515000 0.052945845 0.303780771 -2.785883311 -0.285360893
406516 6516.000000 17758100006516000 0.049819142 0.301062893 -2.796926796 -0.276665654
406517 6517.000000 17758100006517000 0.046694424 0.298543800 -2.802487966 -0.331565727
406518 6518.000000 17758100006518000 0.043571807 0.295488619 -2.814233531 -0.306377055
406519 6519.000000 17758100006519000 0.040451419 0.292375093 -2.820636755 -0.307805390
406520 6520.000000 17758100006520000 0.037333384 0.289538374 -2.830617986 -0.300145849
406521 6521.000000 17758100006521000 0.034217820 0.287242789 -2.835504135 -0.264374134
406522 6522.000000 17758100006522000 0.031104855 0.284259398 -2.844327243 -0.231277043
406523 6523.000000 17758100006523000 0.027994609 0.281322163 -2.849493784 -0.255943883
406524 6524.000000 17758100006524000 0.024887206 0.278254392 -2.855278874 -0.259126963
406525 6525.000000 17758100006525000 0.021782767 0.275739067 -2.869174411 -0.272802094
406526 6526.000000 17758100006526000 0.018681418 0.272560011 -2.871925737 -0.271560771
406527 6527.000000 17758100006527000 0.015583278 0.270049172 -2.875858702 -0.278132488
406528 6528.000000 17758100006528000 0.012488470 0.266672935 -2.884602921 -0.248577005
406529 6529.000000 17758100006529000 0.009397118 0.264095246 -2.891436536 -0.237450802
406530 6530.000000 17758100006530000 0.006309343 0.261575556 -2.899847420 -0.260161394
406531 6531.000000 17758100006531000 0.003225266 0.258178276 -2.906077003 -0.237981966
406532 6532.000000 17758100006532000 0.000145010 0.255546871 -2.908615187 -0.248724917
406533 6533.000000 17758100006533000 -0.002931304 0.252586933 -2.905924527 -0.245922762
406534 6534.000000 17758100006534000 -0.006003555 0.249758796 -2.910229879 -0.220263349
406535 6535.000000 17758100006535000 -0.009071621 0.246287647 -2.928733400 -0.241713076
406536 6536.000000 17758100006536000 -0.012135381 0.244018391 -2.939982293 -0.232078284
406537 6537.000000 17758100006537000 -0.015194713 0.240654904 -2.940471812 -0.207596078
406538 6538.000000 17758100006538000 -0.018249499 0.238366580 -2.948674897 -0.219116710
406539 6539.000000 17758100006539000 -0.021299616 0.234776248 -2.953238913 -0.250469125
406540 6540.000000 17758100006540000 -0.024344943 0.231835759 -2.950512476 -0.206329661
406541 6541.000000 17758100006541000 -0.027385363 0.229246526 -2.969616983 -0.224878697
406542 6542.000000 17758100006542000 -0.030420752 0.226057395 -2.955829772 -0.216744481
406543 6543.000000 17758100006543000 -0.033450995 0.223098815 -2.971847233 -0.192866862
406544 6544.000000 17758100006544000 -0.036475968 0.220088677 -2.971011270 -0.188604156
406545 6545.000000 17758100006545000 -0.039495554 0.217148094 -2.981260709 -0.187985875
406546 6546.000000 17758100006546000 -0.042509630 0.213808681 -2.989883885 -0.187104650
406547 6547.000000 17758100006547000 -0.045518082 0.211053755 -2.992111691 -0.197836025
406548 6548.000000 17758100006548000 -0.048520792 0.208049593 -2.995138301 -0.160295527
406549 6549.000000 17758100006549000 -0.051517636 0.204861764 -2.998185810 -0.190376764
406550 6550.000000 17758100006550000 -0.054508496 0.201977723 -3.001566065 -0.219208248
406551 6551.000000 17758100006551000 -0.057493258 0.199071839 -3.005306006 -0.161774475
406552 6552.000000 17758100006552000 -0.060471807 0.195691703 -3.005507418 -0.176237335
406553 6553.000000 17758100006553000 -0.063444018 0.192940755 -3.010790320 -0.205254983
406554 6554.000000 17758100006554000 -0.066409774 0.189841420 -3.015333946 -0.212462786
406555 6555.000000 17758100006555000 -0.069368958 0.187040653 -3.023255244 -0.164456906
406556 6556.000000 17758100006556000 -0.072321460 0.184349159 -3.018473310 -0.176310447
406557 6557.000000 17758100006557000 -0.075267158 0.180462106 -3.032367659 -0.220685310
406558 6558.000000 17758100006558000 -0.078205936 0.178116078 -3.022601520 -0.174654188
406559 6559.000000 17758100006559000 -0.081137687 0.174787228 -3.036457944 -0.156228579
406560 6560.000000 17758100006560000 -0.084062278 0.171677757 -3.031129442 -0.144396383
406561 6561.000000 17758100006561000 -0.086979605 0.168724088 -3.048029426 -0.149096750
406562 6562.000000 17758100006562000 -0.089889549 0.165745440 -3.040161706 -0.124145388
406563 6563.000000 17758100006563000 -0.092791997 0.162421653 -3.048159976 -0.159835591
406564 6564.000000 17758100006564000 -0.095686831 0.159573489 -3.037779157 -0.156225925
406565 6565.000000 17758100006565000 -0.098573945 0.156260365 -3.035606261 -0.142063389
406566 6566.000000 17758100006566000 -0.101453215 0.153306812 -3.044892027 -0.111545960
406567 6567.000000 17758100006567000 -0.104324535 0.150869168 -3.053226670 -0.109492233
406568 6568.000000 17758100006568000 -0.107187793 0.147506603 -3.054157009 -0.135724479
406569 6569.000000 17758100006569000 -0.110042863 0.144665311 -3.064709184 -0.181636458
406570 6570.000000 17758100006570000 -0.112889647 0.141323175 -3.053522983 -0.116340848
406571 6571.000000 17758100006571000 -0.115728021 0.138477623 -3.055086482 -0.146726488
406572 6572.000000 17758100006572000 -0.118557885 0.135105888 -3.071343702 -0.084798934
406573 6573.000000 17758100006573000 -0.121379115 0.132647019 -3.066853413 -0.136630457
406574 6574.000000 17758100006574000 -0.124191605 0.129293927 -3.061907008 -0.132870593
406575 6575.000000 17758100006575000 -0.126995251 0.125608648 -3.064563720 -0.087530159
406576 6576.000000 17758100006576000 -0.129789934 0.123025247 -3.066546342 -0.083758339
406577 6577.000000 17758100006577000 -0.132575542 0.119981366 -3.075133735 -0.104135680
406578 6578.000000 17758100006578000 -0.135351971 0.116777687 -3.060724636 -0.106303141
406579 6579.000000 17758100006579000 -0.138119102 0.113870506 -3.082556427 -0.112152316
406580 6580.000000 17758100006580000 -0.140876830 0.110430638 -3.067492357 -0.076991169
406581 6581.000000 17758100006581000 -0.143625066 0.107227603 -3.065978742 -0.136635821
406582 6582.000000 17758100006582000 -0.146363676 0.104120060 -3.070714771 -0.072259743
406583 6583.000000 17758100006583000 -0.149092555 0.101339582 -3.064436523 -0.119720280
406584 6584.000000 17758100006584000 -0.151811600 0.098303938 -3.074581694 -0.091464838
406585 6585.000000 17758100006585000 -0.154520705 0.095582617 -3.071421647 -0.024960856
406586 6586.000000 17758100006586000 -0.157219768 0.092016602 -3.073686788 -0.046649586
406587 6587.000000 17758100006587000 -0.159908667 0.089178226 -3.064242601 -0.043534981
406588 6588.000000 17758100006588000 -0.162587315 0.085678816 -3.076493028 -0.038885923
406589 6589.000000 17758100006589000 -0.165255591 0.082964021 -3.066783951 -0.073106888
406590 6590.000000 17758100006590000 -0.167913392 0.080158241 -3.064855528 -0.032883207
406591 6591.000000 17758100006591000 -0.170560628 0.076894617 -3.073071814 -0.017373366
406592 6592.000000 17758100006592000 -0.173197180 0.073782360 -3.064268356 -0.011452557
406593 6593.000000 17758100006593000 -0.175822929 0.070803969 -3.077697601 -0.088641106
406594 6594.000000 17758100006594000 -0.178437814 0.067678999 -3.061774269 -0.042569251
406595 6595.000000 17758100006595000 -0.181041688 0.064525225 -3.062334152 -0.020083886
406596 6596.000000 17758100006596000 -0.183634475 0.061596888 -3.062152142 -0.048628406
406597 6597.000000 17758100006597000 -0.186216056 0.058401463 -3.062687933 -0.039726100
406598 6598.000000 17758100006598000 -0.188786358 0.055451709 -3.052684230 -0.024881016
406599 6599.000000 17758100006599000 -0.191345245 0.052317654 -3.062318672 -0.008296740
406600 6600.000000 17758100006600000 -0.193892628 0.049209054 -3.055303922 -0.014709784
406601 6601.000000 17758100006601000 -0.196428403 0.046247578 -3.054131324 -0.018108450
406602 6602.000000 17758100006602000 -0.198952496 0.043131491 -3.036905282 -0.037932725
406603 6603.000000 17758100006603000 -0.201464772 0.040277406 -3.050961939 -0.007503301
406604 6604.000000 17758100006604000 -0.203965142 0.037194403 -3.043739969 -0.050359367
406605 6605.000000 17758100006605000 -0.206453532 0.033949634 -3.045049543 -0.036245250
406606 6606.000000 17758100006606000 -0.208929807 0.031058481 -3.041855189 -0.010475769
406607 6607.000000 17758100006607000 -0.211393893 0.027738477 -3.032376913 -0.031743173
406608 6608.000000 17758100006608000 -0.213845685 0.025131135 -3.030332059 0.001321365
406609 6609.000000 17758100006609000 -0.216285080 0.021783452 -3.024918248 -0.005936350
406610 6610.000000 17758100006610000 -0.218712002 0.018969660 -3.035419363 0.011232553
406611 6611.000000 17758100006611000 -0.221126333 0.015764484 -3.019100991 0.002515908
406612 6612.000000 17758100006612000 -0.223527983 0.012674093 -3.021195513 0.045271469
406613 6613.000000 17758100006613000 -0.225916862 0.009625956 -3.019097000 0.032899210
406614 6614.000000 17758100006614000 -0.228292882 0.006941322 -3.010018889 0.023354039
406615 6615.000000 17758100006615000 -0.230655938 0.003896177 -3.005769173 0.063562276
406616 6616.000000 17758100006616000 -0.233005941 0.000655774 -3.005336818 -0.003975682
406617 6617.000000 17758100006617000 -0.235342786 -0.001910323 -3.002673059 0.062337385
406618 6618.000000 17758100006618000 -0.237666398 -0.004888203 -2.989513307 0.053134770
406619 6619.000000 17758100006619000 -0.239976689 -0.007837877 -2.991796420 0.032704253
406620 6620.000000 17758100006620000 -0.242273554 -0.011513352 -2.994690029 0.033977490
406621 6621.000000 17758100006621000 -0.244556904 -0.013774179 -2.988027812 0.088834627
406622 6622.000000 17758100006622000 -0.246826649 -0.017187653 -2.982578530 0.056493733
406623 6623.000000 17758100006623000 -0.249082714 -0.020267120 -2.986605417 0.078000237
406624 6624.000000 17758100006624000 -0.251324981 -0.022962822 -2.970717768 0.057998991
406625 6625.000000 17758100006625000 -0.253553391 -0.025931685 -2.966157913 0.083243670
406626 6626.000000 17758100006626000 -0.255767852 -0.029207567 -2.961942285 0.067345507
406627 6627.000000 17758100006627000 -0.257968247 -0.031656525 -2.952433561 0.090371805
406628 6628.000000 17758100006628000 -0.260154516 -0.034468163 -2.957957500 0.103111076
406629 6629.000000 17758100006629000 -0.262326568 -0.037876935 -2.952413408 0.052871135
406630 6630.000000 17758100006630000 -0.264484316 -0.040859232 -2.954843010 0.107243363
406631 6631.000000 17758100006631000 -0.266627669 -0.043646959 -2.939553014 0.084962626
406632 6632.000000 17758100006632000 -0.268756568 -0.046740828 -2.943982411 0.070851441
406633 6633.000000 17758100006633000 -0.270870894 -0.049351151 -2.928801305 0.089539142
406634 6634.000000 17758100006634000 -0.272970587 -0.052649707 -2.920010963 0.095029844
406635 6635.000000 17758100006635000 -0.275055528 -0.055659885 -2.916796782 0.118351773
406636 6636.000000 17758100006636000 -0.277125686 -0.058451810 -2.908247329 0.099258169
406637 6637.000000 17758100006637000 -0.279180944 -0.061595514 -2.903399618 0.102287449
406638 6638.000000 17758100006638000 -0.281221241 -0.064206812 -2.896415942 0.080836243
406639 6639.000000 17758100006639000 -0.283246517 -0.067221241 -2.885580468 0.122828636
406640 6640.000000 17758100006640000 -0.285256624 -0.069667687 -2.882522035 0.098272679
406641 6641.000000 17758100006641000 -0.287251532 -0.072612260 -2.881350108 0.125592102
406642 6642.000000 17758100006642000 -0.289231151 -0.075779788 -2.877793695 0.107184291
406643 6643.000000 17758100006643000 -0.291195393 -0.079033461 -2.863373184 0.141496157
406644 6644.000000 17758100006644000 -0.293144226 -0.081290657 -2.855528831 0.136787226
406645 6645.000000 17758100006645000 -0.295077503 -0.084192684 -2.851837069 0.164297274
406646 6646.000000 17758100006646000 -0.296995193 -0.087132415 -2.838334121 0.126186715
406647 6647.000000 17758100006647000 -0.298897207 -0.090172333 -2.826815692 0.145971140
406648 6648.000000 17758100006648000 -0.300783485 -0.092946333 -2.823653125 0.156213369
406649 6649.000000 17758100006649000 -0.302653939 -0.095635089 -2.822389204 0.148191526
406650 6650.000000 17758100006650000 -0.304508507 -0.098304341 -2.803741403 0.184140948
406651 6651.000000 17758100006651000 -0.306347072 -0.100974421 -2.808543511 0.139518943
406652 6652.000000 17758100006652000 -0.308169633 -0.103741470 -2.792925306 0.126651412
406653 6653.000000 17758100006653000 -0.309976041 -0.106768625 -2.796533865 0.151898337
406654 6654.000000 17758100006654000 -0.311766297 -0.109210296 -2.775717353 0.165056340
406655 6655.000000 17758100006655000 -0.313540280 -0.112555299 -2.779738317 0.130828071
406656 6656.000000 17758100006656000 -0.315297961 -0.115009276 -2.754596545 0.131813311
406657 6657.000000 17758100006657000 -0.317039222 -0.118302879 -2.757718739 0.183469181
406658 6658.000000 17758100006658000 -0.318764031 -0.120957685 -2.744849508 0.196762077
406659 6659.000000 17758100006659000 -0.320472300 -0.123474181 -2.740776049 0.162750472
406660 6660.000000 17758100006660000 -0.322163969 -0.126198696 -2.726165120 0.188190688
406661 6661.000000 17758100006661000 -0.323838979 -0.128973698 -2.720437076 0.191437361
406662 6662.000000 17758100006662000 -0.325497240 -0.131555829 -2.708783689 0.177155513
406663 6663.000000 17758100006663000 -0.327138722 -0.134705149 -2.711280636 0.160471492
406664 6664.000000 17758100006664000 -0.328763336 -0.136860737 -2.690286197 0.191979379
406665 6665.000000 17758100006665000 -0.330371022 -0.139480930 -2.695533196 0.218161799
406666 6666.000000 17758100006666000 -0.331961721 -0.142282365 -2.676996164 0.203011839
406667 6667.000000 17758100006667000 -0.333535343 -0.144812335 -2.666269702 0.197691251
406668 6668.000000 17758100006668000 -0.335091889 -0.147715434 -2.657939137 0.221780018
406669 6669.000000 17758100006669000 -0.336631238 -0.150115316 -2.649556534 0.194562636
406670 6670.000000 17758100006670000 -0.338153332 -0.152779758 -2.638511344 0.253170352
406671 6671.000000 17758100006671000 -0.339658141 -0.155260841 -2.615052982 0.205603799
406672 6672.000000 17758100006672000 -0.341145605 -0.157738102 -2.608385895 0.216203639
406673 6673.000000 17758100006673000 -0.342615664 -0.160851018 -2.602609344 0.250460803
406674 6674.000000 17758100006674000 -0.344068229 -0.163280284 -2.584605813 0.233886452
406675 6675.000000 17758100006675000 -0.345503271 -0.166158598 -2.585549659 0.230248596
406676 6676.000000 17758100006676000 -0.346920699 -0.168080391 -2.571766168 0.241214691
406677 6677.000000 17758100006677000 -0.348320514 -0.171034507 -2.564133326 0.237864865
406678 6678.000000 17758100006678000 -0.349702626 -0.173374606 -2.555570393 0.246857168
406679 6679.000000 17758100006679000 -0.351066977 -0.175948609 -2.544863015 0.249372844
406680 6680.000000 17758100006680000 -0.352413535 -0.178540191 -2.530448687 0.230403941
406681 6681.000000 17758100006681000 -0.353742212 -0.180792017 -2.526923598 0.248579707
406682 6682.000000 17758100006682000 -0.355052978 -0.183874334 -2.504767076 0.236763021
406683 6683.000000 17758100006683000 -0.356345803 -0.186268492 -2.502518557 0.275767474
406684 6684.000000 17758100006684000 -0.357620597 -0.188947381 -2.488120032 0.291488696
406685 6685.000000 17758100006685000 -0.358877301 -0.191346533 -2.462847449 0.268027834
406686 6686.000000 17758100006686000 -0.360115916 -0.193554831 -2.467002450 0.257277128
406687 6687.000000 17758100006687000 -0.361336380 -0.196459448 -2.451452578 0.293589197
406688 6688.000000 17758100006688000 -0.362538606 -0.198628661 -2.432010637 0.257569184
406689 6689.000000 17758100006689000 -0.363722563 -0.200773479 -2.427895076 0.294369263
406690 6690.000000 17758100006690000 -0.364888251 -0.203001384 -2.415974053 0.249769944
406691 6691.000000 17758100006691000 -0.366035551 -0.205765339 -2.409006385 0.256344984
406692 6692.000000 17758100006692000 -0.367164463 -0.208193963 -2.397300822 0.321012881
406693 6693.000000 17758100006693000 -0.368274957 -0.210557080 -2.379902350 0.315321601
406694 6694.000000 17758100006694000 -0.369366914 -0.213022436 -2.368656549 0.315812971
406695 6695.000000 17758100006695000 -0.370440394 -0.215175081 -2.350727377 0.308789389
406696 6696.000000 17758100006696000 -0.371495277 -0.217669659 -2.345324160 0.301206484
406697 6697.000000 17758100006697000 -0.372531533 -0.220052407 -2.326327169 0.263132570
406698 6698.000000 17758100006698000 -0.373549163 -0.222083517 -2.312064289 0.285139004
406699 6699.000000 17758100006699000 -0.374548078 -0.224646922 -2.309653327 0.289923388
406700 6700.000000 17758100006700000 -0.375528246 -0.226704785 -2.284632929 0.282618984
406701 6701.000000 17758100006701000 -0.376489669 -0.229162859 -2.277539046 0.303440489
406702 6702.000000 17758100006702000 -0.377432287 -0.231280902 -2.259219788 0.265482177
406703 6703.000000 17758100006703000 -0.378356040 -0.233656646 -2.247701716 0.321765254
406704 6704.000000 17758100006704000 -0.379260898 -0.235913390 -2.236460512 0.313806816
406705 6705.000000 17758100006705000 -0.380146831 -0.238015148 -2.223663499 0.344845817
406706 6706.000000 17758100006706000 -0.381013840 -0.240369391 -2.216441701 0.320335231
406707 6707.000000 17758100006707000 -0.381861836 -0.242272367 -2.209815426 0.308461003
406708 6708.000000 17758100006708000 -0.382690817 -0.244670878 -2.185220892 0.312759260
406709 6709.000000 17758100006709000 -0.383500755 -0.246396445 -2.175103748 0.320852465
406710 6710.000000 17758100006710000 -0.384291589 -0.248963671 -2.151546969 0.319008470
406711 6711.000000 17758100006711000 -0.385063291 -0.250959770 -2.144466442 0.344383850
406712 6712.000000 17758100006712000 -0.385815859 -0.253349937 -2.123233625 0.353485651
406713 6713.000000 17758100006713000 -0.386549264 -0.255240487 -2.111955167 0.354958537
406714 6714.000000 17758100006714000 -0.387263447 -0.257524261 -2.105420863 0.327739508
406715 6715.000000 17758100006715000 -0.387958378 -0.259685180 -2.088105192 0.349562609
406716 6716.000000 17758100006716000 -0.388634056 -0.261509317 -2.064515920 0.366827836
406717 6717.000000 17758100006717000 -0.389290452 -0.263742993 -2.060140120 0.347838962
406718 6718.000000 17758100006718000 -0.389927536 -0.265911059 -2.038085536 0.385247366
406719 6719.000000 17758100006719000 -0.390545249 -0.268030662 -2.026952765 0.364103373
406720 6720.000000 17758100006720000 -0.391143620 -0.269838652 -2.006674986 0.371079391
406721 6721.000000 17758100006721000 -0.391722590 -0.271707790 -1.996798831 0.335648617
406722 6722.000000 17758100006722000 -0.392282158 -0.273869828 -1.983579138 0.373998242
406723 6723.000000 17758100006723000 -0.392822295 -0.275732106 -1.982499587 0.391451524
406724 6724.000000 17758100006724000 -0.393342972 -0.277286926 -1.966807924 0.366342665
406725 6725.000000 17758100006725000 -0.393844157 -0.279503840 -1.946296244 0.344940814
406726 6726.000000 17758100006726000 -0.394325882 -0.281638681 -1.935825626 0.376543230
406727 6727.000000 17758100006727000 -0.394788057 -0.283862661 -1.922741726 0.371053881
406728 6728.000000 17758100006728000 -0.395230711 -0.285631323 -1.896700018 0.364270913
406729 6729.000000 17758100006729000 -0.395653814 -0.287263151 -1.889026827 0.394307423
406730 6730.000000 17758100006730000 -0.396057338 -0.289312219 -1.861148262 0.402385221
406731 6731.000000 17758100006731000 -0.396441311 -0.290648294 -1.843660131 0.367273900
406732 6732.000000 17758100006732000 -0.396805644 -0.292802391 -1.833589921 0.383954642
406733 6733.000000 17758100006733000 -0.397150397 -0.294405634 -1.820264167 0.389578194
406734 6734.000000 17758100006734000 -0.397475511 -0.296129429 -1.799102908 0.376910286
406735 6735.000000 17758100006735000 -0.397780985 -0.298494529 -1.790584030 0.432562192
406736 6736.000000 17758100006736000 -0.398066819 -0.300205209 -1.767876593 0.391788703
406737 6737.000000 17758100006737000 -0.398332953 -0.301683343 -1.758898327 0.400931585
406738 6738.000000 17758100006738000 -0.398579448 -0.303738430 -1.735023913 0.416261942
406739 6739.000000 17758100006739000 -0.398806244 -0.305135373 -1.717680846 0.436325950
406740 6740.000000 17758100006740000 -0.399013370 -0.306678179 -1.714359384 0.414231368
406741 6741.000000 17758100006741000 -0.399200767 -0.308724096 -1.699003579 0.400411999
406742 6742.000000 17758100006742000 -0.399368465 -0.310293092 -1.676263085 0.435627241
406743 6743.000000 17758100006743000 -0.399516463 -0.311866268 -1.664520872 0.401031526
406744 6744.000000 17758100006744000 -0.399644732 -0.313472311 -1.637107336 0.418337728
406745 6745.000000 17758100006745000 -0.399753273 -0.315254503 -1.627787520 0.410785926
406746 6746.000000 17758100006746000 -0.399842083 -0.316823038 -1.607849451 0.419688510
406747 6747.000000 17758100006747000 -0.399911165 -0.318147889 -1.590940209 0.432955729
406748 6748.000000 17758100006748000 -0.399960518 -0.320094986 -1.580464185 0.433204565
406749 6749.000000 17758100006749000 -0.399990141 -0.321615575 -1.565323709 0.435285964
406750 6750.000000 17758100006750000 -0.400000006 -0.323176155 -1.539243716 0.418286812
406751 6751.000000 17758100006751000 -0.399990141 -0.324367177 -1.525142434 0.420130116
406752 6752.000000 17758100006752000 -0.399960518 -0.326082217 -1.514352082 0.400164005
406753 6753.000000 17758100006753000 -0.399911165 -0.327594366 -1.500183128 0.454119512
406754 6754.000000 17758100006754000 -0.399842083 -0.329567676 -1.475352640 0.458893787
406755 6755.000000 17758100006755000 -0.399753273 -0.330782861 -1.453912486 0.433173896
406756 6756.000000 17758100006756000 -0.399644732 -0.332250630 -1.450941183 0.476337282
406757 6757.000000 17758100006757000 -0.399516463 -0.333484543 -1.423860145 0.445245422
406758 6758.000000 17758100006758000 -0.399368465 -0.335178674 -1.405875818 0.421780497
406759 6759.000000 17758100006759000 -0.399200767 -0.336344637 -1.396203427 0.428763624
406760 6760.000000 17758100006760000 -0.399013370 -0.337537051 -1.369975349 0.471091365
406761 6761.000000 17758100006761000 -0.398806244 -0.339111313 -1.368237673 0.419782559
406762 6762.000000 17758100006762000 -0.398579448 -0.340271697 -1.343013590 0.459192690
406763 6763.000000 17758100006763000 -0.398332953 -0.341624624 -1.334679134 0.483516002
406764 6764.000000 17758100006764000 -0.398066819 -0.343083115 -1.311268013 0.462749574
406765 6765.000000 17758100006765000 -0.397780985 -0.344458785 -1.290946528 0.490153844
406766 6766.000000 17758100006766000 -0.397475511 -0.345490032 -1.272841607 0.449157947
406767 6767.000000 17758100006767000 -0.397150397 -0.346719650 -1.255088005 0.458086559
406768 6768.000000 17758100006768000 -0.396805644 -0.348015369 -1.244121220 0.458642723
406769 6769.000000 17758100006769000 -0.396441311 -0.349158068 -1.224341908 0.460629367
406770 6770.000000 17758100006770000 -0.396057338 -0.350486597 -1.195228531 0.452667805
406771 6771.000000 17758100006771000 -0.395653814 -0.352065135 -1.190977151 0.470115709
406772 6772.000000 17758100006772000 -0.395230711 -0.352733810 -1.165637424 0.479573394
406773 6773.000000 17758100006773000 -0.394788057 -0.354226486 -1.149494079 0.528199438
406774 6774.000000 17758100006774000 -0.394325882 -0.354995173 -1.130401091 0.473062117
406775 6775.000000 17758100006775000 -0.393844157 -0.356021424 -1.106094575 0.437575539
406776 6776.000000 17758100006776000 -0.393342972 -0.357502513 -1.092497265 0.510326908
406777 6777.000000 17758100006777000 -0.392822295 -0.358469167 -1.075307667 0.520246459
406778 6778.000000 17758100006778000 -0.392282158 -0.358983136 -1.065400711 0.521093753
406779 6779.000000 17758100006779000 -0.391722590 -0.360547206 -1.046801902 0.517095827
406780 6780.000000 17758100006780000 -0.391143620 -0.362036806 -1.017817186 0.492008859
406781 6781.000000 17758100006781000 -0.390545249 -0.362404099 -1.011481953 0.455317824
406782 6782.000000 17758100006782000 -0.389927536 -0.363078575 -0.981926710 0.510934679
406783 6783.000000 17758100006783000 -0.389290452 -0.364434668 -0.967983225 0.512266274
406784 6784.000000 17758100006784000 -0.388634056 -0.365331711 -0.947306834 0.477461029
406785 6785.000000 17758100006785000 -0.387958378 -0.366525554 -0.933852125 0.487503170
406786 6786.000000 17758100006786000 -0.387263447 -0.367297540 -0.915011318 0.488309613
406787 6787.000000 17758100006787000 -0.386549264 -0.368002846 -0.892939896 0.490928485
406788 6788.000000 17758100006788000 -0.385815859 -0.369078218 -0.874628651 0.520593663
406789 6789.000000 17758100006789000 -0.385063291 -0.369743527 -0.854195576 0.492463361
406790 6790.000000 17758100006790000 -0.384291589 -0.370598606 -0.840621639 0.523397135
406791 6791.000000 17758100006791000 -0.383500755 -0.371192664 -0.819937501 0.541164187
406792 6792.000000 17758100006792000 -0.382690817 -0.372420653 -0.806934373 0.506139598
406793 6793.000000 17758100006793000 -0.381861836 -0.373071149 -0.784621604 0.523699845
406794 6794.000000 17758100006794000 -0.381013840 -0.373826594 -0.762736831 0.478693489
406795 6795.000000 17758100006795000 -0.380146831 -0.374465218 -0.740330130 0.492083669
406796 6796.000000 17758100006796000 -0.379260898 -0.374861548 -0.736592775 0.532639340
406797 6797.000000 17758100006797000 -0.378356040 -0.376114630 -0.708351552 0.503333109
406798 6798.000000 17758100006798000 -0.377432287 -0.376770885 -0.688565017 0.510258978
406799 6799.000000 17758100006799000 -0.376489669 -0.377554744 -0.670971280 0.511934539
406800 6800.000000 17758100006800000 -0.375528246 -0.377969669 -0.639896375 0.503307397
406801 6801.000000 17758100006801000 -0.374548078 -0.378739830 -0.625572817 0.519494756
406802 6802.000000 17758100006802000 -0.373549163 -0.379207899 -0.609446556 0.512913752
406803 6803.000000 17758100006803000 -0.372531533 -0.379562284 -0.590432416 0.528557127
406804 6804.000000 17758100006804000 -0.371495277 -0.380530920 -0.582714179 0.545172924
406805 6805.000000 17758100006805000 -0.370440394 -0.380767570 -0.555933336 0.520689303
406806 6806.000000 17758100006806000 -0.369366914 -0.381438782 -0.535960260 0.501259357
406807 6807.000000 17758100006807000 -0.368274957 -0.381918045 -0.517199395 0.487410437
406808 6808.000000 17758100006808000 -0.367164463 -0.382484103 -0.496759364 0.518702847
406809 6809.000000 17758100006809000 -0.366035551 -0.383108569 -0.482253670 0.508410269
406810 6810.000000 17758100006810000 -0.364888251 -0.383543862 -0.461232162 0.524406392
406811 6811.000000 17758100006811000 -0.363722563 -0.384000491 -0.450879487 0.533493263
406812 6812.000000 17758100006812000 -0.362538606 -0.384235369 -0.416321544 0.541144005
406813 6813.000000 17758100006813000 -0.361336380 -0.384644423 -0.411229139 0.520293289
406814 6814.000000 17758100006814000 -0.360115916 -0.385380878 -0.379621982 0.518845034
406815 6815.000000 17758100006815000 -0.358877301 -0.385622986 -0.365521496 0.554240765
406816 6816.000000 17758100006816000 -0.357620597 -0.386004383 -0.338940957 0.511261995
406817 6817.000000 17758100006817000 -0.356345803 -0.386335470 -0.326784531 0.541318900
406818 6818.000000 17758100006818000 -0.355052978 -0.386422876 -0.305551402 0.501283008
406819 6819.000000 17758100006819000 -0.353742212 -0.386863004 -0.285389867 0.531303609
406820 6820.000000 17758100006820000 -0.352413535 -0.386930077 -0.271032479 0.524868323
406821 6821.000000 17758100006821000 -0.351066977 -0.387527429 -0.249020149 0.513760819
406822 6822.000000 17758100006822000 -0.349702626 -0.387850178 -0.230812979 0.519926575
406823 6823.000000 17758100006823000 -0.348320514 -0.387337972 -0.211671919 0.533558289
406824 6824.000000 17758100006824000 -0.346920699 -0.387671438 -0.195753263 0.537020450
406825 6825.000000 17758100006825000 -0.345503271 -0.388165496 -0.173808915 0.524337227
406826 6826.000000 17758100006826000 -0.344068229 -0.388418366 -0.157198805 0.559396057
406827 6827.000000 17758100006827000 -0.342615664 -0.388303287 -0.145658021 0.551087757
406828 6828.000000 17758100006828000 -0.341145605 -0.388303179 -0.112738536 0.531097313
406829 6829.000000 17758100006829000 -0.339658141 -0.388484792 -0.095251382 0.552986706
406830 6830.000000 17758100006830000 -0.338153332 -0.388740480 -0.069617092 0.585621891
406831 6831.000000 17758100006831000 -0.336631238 -0.388807995 -0.064633291 0.523406031
406832 6832.000000 17758100006832000 -0.335091889 -0.388320451 -0.046911781 0.537118964
406833 6833.000000 17758100006833000 -0.333535343 -0.389000907 -0.018738537 0.529276122
406834 6834.000000 17758100006834000 -0.331961721 -0.388725272 -0.009469389 0.516800348
406835 6835.000000 17758100006835000 -0.330371022 -0.388615907 0.011062651 0.540659095
406836 6836.000000 17758100006836000 -0.328763336 -0.388568529 0.038503732 0.554923983
406837 6837.000000 17758100006837000 -0.327138722 -0.388721520 0.054734907 0.512203561
406838 6838.000000 17758100006838000 -0.325497240 -0.388755641 0.071624748 0.515954535
406839 6839.000000 17758100006839000 -0.323838979 -0.388735983 0.098663484 0.579667878
406840 6840.000000 17758100006840000 -0.322163969 -0.388549457 0.112968551 0.559905928
406841 6841.000000 17758100006841000 -0.320472300 -0.388276080 0.145804031 0.558374503
406842 6842.000000 17758100006842000 -0.318764031 -0.388130909 0.155445072 0.558038353
406843 6843.000000 17758100006843000 -0.317039222 -0.387956849 0.167632475 0.572244917
406844 6844.000000 17758100006844000 -0.315297961 -0.387936863 0.197477663 0.529581972
406845 6845.000000 17758100006845000 -0.313540280 -0.387486919 0.210701050 0.517680837
406846 6846.000000 17758100006846000 -0.311766297 -0.387439426 0.240231947 0.538911381
406847 6847.000000 17758100006847000 -0.309976041 -0.386956674 0.254334571 0.531967835
406848 6848.000000 17758100006848000 -0.308169633 -0.386554324 0.276174836 0.520298649
406849 6849.000000 17758100006849000 -0.306347072 -0.386523695 0.285308869 0.552168000
406850 6850.000000 17758100006850000 -0.304508507 -0.386358815 0.307990375 0.542442391
406851 6851.000000 17758100006851000 -0.302653939 -0.385894242 0.334808343 0.556629094
406852 6852.000000 17758100006852000 -0.300783485 -0.385660332 0.339416513 0.546695382
406853 6853.000000 17758100006853000 -0.298897207 -0.385224302 0.371615566 0.575758791
406854 6854.000000 17758100006854000 -0.296995193 -0.384819064 0.380421311 0.513240511
406855 6855.000000 17758100006855000 -0.295077503 -0.384483775 0.401916972 0.567985462
406856 6856.000000 17758100006856000 -0.293144226 -0.383911955 0.420085378 0.549839069
406857 6857.000000 17758100006857000 -0.291195393 -0.383669758 0.438981631 0.536264987
406858 6858.000000 17758100006858000 -0.289231151 -0.383168516 0.458544418 0.530896349
406859 6859.000000 17758100006859000 -0.287251532 -0.382415244 0.478007607 0.578669600
406860 6860.000000 17758100006860000 -0.285256624 -0.382019593 0.493171308 0.529870000
406861 6861.000000 17758100006861000 -0.283246517 -0.381479351 0.524127094 0.589400099
406862 6862.000000 17758100006862000 -0.281221241 -0.380794620 0.541842746 0.537843798
406863 6863.000000 17758100006863000 -0.279180944 -0.380386515 0.558530001 0.539795112
406864 6864.000000 17758100006864000 -0.277125686 -0.379764195 0.568940940 0.534521708
406865 6865.000000 17758100006865000 -0.275055528 -0.379461740 0.597070927 0.579460681
406866 6866.000000 17758100006866000 -0.272970587 -0.378492457 0.607541105 0.534113314
406867 6867.000000 17758100006867000 -0.270870894 -0.378062791 0.639500157 0.529449632
406868 6868.000000 17758100006868000 -0.268756568 -0.377305990 0.654385762 0.541577849
406869 6869.000000 17758100006869000 -0.266627669 -0.376750390 0.664790727 0.570912673
406870 6870.000000 17758100006870000 -0.264484316 -0.375736139 0.691376411 0.559677844
406871 6871.000000 17758100006871000 -0.262326568 -0.375190628 0.705171210 0.566543938
406872 6872.000000 17758100006872000 -0.260154516 -0.374823340 0.721215421 0.546230126
406873 6873.000000 17758100006873000 -0.257968247 -0.373507514 0.744434478 0.547904568
406874 6874.000000 17758100006874000 -0.255767852 -0.373063320 0.765789017 0.523879020
406875 6875.000000 17758100006875000 -0.253553391 -0.372470435 0.782122816 0.527254341
406876 6876.000000 17758100006876000 -0.251324981 -0.371377273 0.800095240 0.558489317
406877 6877.000000 17758100006877000 -0.249082714 -0.371080675 0.825077680 0.529512809
406878 6878.000000 17758100006878000 -0.246826649 -0.369662080 0.832409843 0.526358695
406879 6879.000000 17758100006879000 -0.244556904 -0.369151068 0.853907385 0.566793777
406880 6880.000000 17758100006880000 -0.242273554 -0.367934627 0.877251863 0.522492707
406881 6881.000000 17758100006881000 -0.239976689 -0.367317196 0.898390790 0.549651465
406882 6882.000000 17758100006882000 -0.237666398 -0.366340095 0.920162133 0.572301942
406883 6883.000000 17758100006883000 -0.235342786 -0.365272425 0.935441616 0.527914653
406884 6884.000000 17758100006884000 -0.233005941 -0.364108256 0.946007741 0.572591001
406885 6885.000000 17758100006885000 -0.230655938 -0.363855076 0.968806398 0.572666586
406886 6886.000000 17758100006886000 -0.228292882 -0.362655764 0.982610657 0.523346009
406887 6887.000000 17758100006887000 -0.225916862 -0.361676613 1.010056527 0.537613292
406888 6888.000000 17758100006888000 -0.223527983 -0.360564274 1.026808796 0.562157362
406889 6889.000000 17758100006889000 -0.221126333 -0.359519463 1.043071124 0.508405885
406890 6890.000000 17758100006890000 -0.218712002 -0.358406902 1.060310724 0.544982089
406891 6891.000000 17758100006891000 -0.216285080 -0.357218583 1.070807599 0.545441494
406892 6892.000000 17758100006892000 -0.213845685 -0.355948002 1.095319425 0.530494775
406893 6893.000000 17758100006893000 -0.211393893 -0.355138898 1.103935663 0.560034783
406894 6894.000000 17758100006894000 -0.208929807 -0.353757908 1.127685347 0.492207744
406895 6895.000000 17758100006895000 -0.206453532 -0.353225306 1.151715269 0.530015775
406896 6896.000000 17758100006896000 -0.203965142 -0.351258483 1.164966815 0.503671726
406897 6897.000000 17758100006897000 -0.201464772 -0.350629314 1.187480884 0.530210788
406898 6898.000000 17758100006898000 -0.198952496 -0.348925749 1.197801304 0.513118089
406899 6899.000000 17758100006899000 -0.196428403 -0.347961889 1.222610869 0.520623183
406900 6900.000000 17758100006900000 -0.193892628 -0.346721608 1.235876455 0.532255860
406901 6901.000000 17758100006901000 -0.191345245 -0.345130034 1.247983690 0.546949554
406902 6902.000000 17758100006902000 -0.188786358 -0.344380446 1.268095404 0.546047926
406903 6903.000000 17758100006903000 -0.186216056 -0.342631562 1.291113664 0.534479502
406904 6904.000000 17758100006904000 -0.183634475 -0.341554858 1.308793429 0.524029698
406905 6905.000000 17758100006905000 -0.181041688 -0.340277233 1.319358160 0.555650276
406906 6906.000000 17758100006906000 -0.178437814 -0.339211627 1.337098941 0.527893646
406907 6907.000000 17758100006907000 -0.175822929 -0.337946188 1.355717483 0.520907134
406908 6908.000000 17758100006908000 -0.173197180 -0.336099964 1.380082500 0.521932398
406909 6909.000000 17758100006909000 -0.170560628 -0.334645512 1.399712407 0.512205958
406910 6910.000000 17758100006910000 -0.167913392 -0.333269955 1.398686476 0.511185561
406911 6911.000000 17758100006911000 -0.165255591 -0.331854429 1.434228578 0.529613581
406912 6912.000000 17758100006912000 -0.162587315 -0.330368681 1.447483042 0.479443093
406913 6913.000000 17758100006913000 -0.159908667 -0.329015625 1.463229622 0.495388349
406914 6914.000000 17758100006914000 -0.157219768 -0.327465966 1.469065966 0.507949325
406915 6915.000000 17758100006915000 -0.154520705 -0.326001045 1.493840320 0.479703611
406916 6916.000000 17758100006916000 -0.151811600 -0.324313601 1.509750393 0.505254109
406917 6917.000000 17758100006917000 -0.149092555 -0.322883236 1.530922050 0.495852202
406918 6918.000000 17758100006918000 -0.146363676 -0.321539717 1.544135797 0.517718220
406919 6919.000000 17758100006919000 -0.143625066 -0.320159563 1.564583363 0.526000623
406920 6920.000000 17758100006920000 -0.140876830 -0.318515725 1.581247445 0.483499963
406921 6921.000000 17758100006921000 -0.138119102 -0.316578115 1.592228425 0.494436221
406922 6922.000000 17758100006922000 -0.135351971 -0.315382092 1.614571471 0.467695278
406923 6923.000000 17758100006923000 -0.132575542 -0.313705082 1.633983901 0.486078940
406924 6924.000000 17758100006924000 -0.129789934 -0.311959320 1.647463549 0.504158805
406925 6925.000000 17758100006925000 -0.126995251 -0.310405581 1.661386178 0.522400640
406926 6926.000000 17758100006926000 -0.124191605 -0.308642509 1.680660549 0.508048275
406927 6927.000000 17758100006927000 -0.121379115 -0.306888518 1.686929855 0.464398574
406928 6928.000000 17758100006928000 -0.118557885 -0.305105895 1.702901488 0.490428478
406929 6929.000000 17758100006929000 -0.115728021 -0.303705987 1.728764266 0.489473947
406930 6930.000000 17758100006930000 -0.112889647 -0.301514701 1.743128202 0.533900433
406931 6931.000000 17758100006931000 -0.110042863 -0.299933402 1.766120844 0.524467682
406932 6932.000000 17758100006932000 -0.107187793 -0.297985613 1.765370125 0.492087800
406933 6933.000000 17758100006933000 -0.104324535 -0.296641572 1.790544815 0.486317562
406934 6934.000000 17758100006934000 -0.101453215 -0.294427822 1.809474611 0.525077702
406935 6935.000000 17758100006935000 -0.098573945 -0.292796692 1.825701842 0.468287338
406936 6936.000000 17758100006936000 -0.095686831 -0.291234331 1.839723815 0.457172578
406937 6937.000000 17758100006937000 -0.092791997 -0.288574149 1.851147555 0.485723496
406938 6938.000000 17758100006938000 -0.089889549 -0.286947869 1.867461084 0.441434369
406939 6939.000000 17758100006939000 -0.086979605 -0.285256028 1.886254764 0.481985849
406940 6940.000000 17758100006940000 -0.084062278 -0.283471293 1.899751290 0.481027177
406941 6941.000000 17758100006941000 -0.081137687 -0.281160576 1.912916890 0.490283397
406942 6942.000000 17758100006942000 -0.078205936 -0.279738809 1.925298950 0.515009424
406943 6943.000000 17758100006943000 -0.075267158 -0.277758001 1.950728155 0.475504515
406944 6944.000000 17758100006944000 -0.072321460 -0.275624237 1.948565227 0.454323551
406945 6945.000000 17758100006945000 -0.069368958 -0.273602778 1.974437286 0.467845013
406946 6946.000000 17758100006946000 -0.066409774 -0.271742497 1.999137484 0.468893850
406947 6947.000000 17758100006947000 -0.063444018 -0.269673330 2.002580036 0.452869005
406948 6948.000000 17758100006948000 -0.060471807 -0.267734506 2.014294333 0.426682168
406949 6949.000000 17758100006949000 -0.057493258 -0.265651286 2.038256764 0.427968484
406950 6950.000000 17758100006950000 -0.054508496 -0.263813420 2.047608957 0.459218676
406951 6951.000000 17758100006951000 -0.051517636 -0.261371476 2.062983785 0.435667753
406952 6952.000000 17758100006952000 -0.048520792 -0.259618566 2.077745823 0.464653424
406953 6953.000000 17758100006953000 -0.045518082 -0.257240049 2.085274205 0.457892844
406954 6954.000000 17758100006954000 -0.042509630 -0.255214670 2.107520347 0.439460394
406955 6955.000000 17758100006955000 -0.039495554 -0.253441605 2.119071908 0.423753862
406956 6956.000000 17758100006956000 -0.036475968 -0.251313571 2.124227952 0.423017462
406957 6957.000000 17758100006957000 -0.033450995 -0.248804941 2.137338479 0.434851446
406958 6958.000000 17758100006958000 -0.030420752 -0.246396406 2.161630475 0.442985540
406959 6959.000000 17758100006959000 -0.027385363 -0.244346898 2.171252171 0.414077446
406960 6960.000000 17758100006960000 -0.024344943 -0.242484580 2.187112031 0.465076489
406961 6961.000000 17758100006961000 -0.021299616 -0.240292798 2.200856605 0.430441485
406962 6962.000000 17758100006962000 -0.018249499 -0.238205193 2.216013560 0.419451397
406963 6963.000000 17758100006963000 -0.015194713 -0.235673373 2.229001513 0.439480266
406964 6964.000000 17758100006964000 -0.012135381 -0.233655871 2.239418067 0.393626983
406965 6965.000000 17758100006965000 -0.009071621 -0.231180659 2.258712198 0.438010319
406966 6966.000000 17758100006966000 -0.006003555 -0.228781867 2.263157533 0.435254275
406967 6967.000000 17758100006967000 -0.002931304 -0.226823735 2.280651768 0.446666730
406968 6968.000000 17758100006968000 0.000145010 -0.224533697 2.292026028 0.425957423
406969 6969.000000 17758100006969000 0.003225266 -0.221689794 2.292488713 0.408693296
406970 6970.000000 17758100006970000 0.006309343 -0.219707235 2.315277628 0.371325406
406971 6971.000000 17758100006971000 0.009397118 -0.217644398 2.334845396 0.421587196
406972 6972.000000 17758100006972000 0.012488470 -0.215039682 2.345763630 0.416262758
406973 6973.000000 17758100006973000 0.015583278 -0.212645017 2.345809065 0.359394536
406974 6974.000000 17758100006974000 0.018681418 -0.210465261 2.366865486 0.409328528
406975 6975.000000 17758100006975000 0.021782767 -0.207964541 2.383764793 0.371562271
406976 6976.000000 17758100006976000 0.024887206 -0.205735581 2.389672148 0.369089287
406977 6977.000000 17758100006977000 0.027994609 -0.203166039 2.396102561 0.406094523
406978 6978.000000 17758100006978000 0.031104855 -0.200697454 2.415177959 0.407908078
406979 6979.000000 17758100006979000 0.034217820 -0.198295040 2.431292547 0.376481564
406980 6980.000000 17758100006980000 0.037333384 -0.196007392 2.449658045 0.365946516
406981 6981.000000 17758100006981000 0.040451419 -0.193444488 2.456249320 0.379093871
406982 6982.000000 17758100006982000 0.043571807 -0.190767259 2.458610106 0.384717750
406983 6983.000000 17758100006983000 0.046694424 -0.188707984 2.470179519 0.366159555
406984 6984.000000 17758100006984000 0.049819142 -0.185915271 2.485568076 0.375468942
406985 6985.000000 17758100006985000 0.052945845 -0.184024850 2.498515093 0.414978998
406986 6986.000000 17758100006986000 0.056074403 -0.181256392 2.512168008 0.388480745
406987 6987.000000 17758100006987000 0.059204694 -0.178874468 2.520166307 0.362171787
406988 6988.000000 17758100006988000 0.062336598 -0.176319490 2.531643989 0.351745856
406989 6989.000000 17758100006989000 0.065469988 -0.173008665 2.543859813 0.332789224
406990 6990.000000 17758100006990000 0.068604738 -0.170969139 2.551279030 0.381253038
406991 6991.000000 17758100006991000 0.071740732 -0.168324243 2.568874992 0.334839527
406992 6992.000000 17758100006992000 0.074877843 -0.165875314 2.575966152 0.335279560
406993 6993.000000 17758100006993000 0.078015938 -0.163545758 2.578131339 0.324819874
406994 6994.000000 17758100006994000 0.081154905 -0.160626408 2.604815758 0.390803418
406995 6995.000000 17758100006995000 0.084294617 -0.158111525 2.599239182 0.334214982
406996 6996.000000 17758100006996000 0.087434955 -0.155113399 2.617402871 0.384229164
406997 6997.000000 17758100006997000 0.090575777 -0.152835721 2.614902961 0.369005407
406998 6998.000000 17758100006998000 0.093716979 -0.149924401 2.632455794 0.335366743
406999 6999.000000 17758100006999000 0.096858427 -0.147980699 2.646237420 0.337848263
407000 7000.000000 17758100007000000 0.100000001 -0.144826264 2.656677442 0.336527592
407001 7001.000000 17758100007001000 0.103141569 -0.142448848 2.663417583 0.337299104
407002 7002.000000 17758100007002000 0.106283017 -0.139481803 2.668335316 0.336887140
407003 7003.000000 17758100007003000 0.109424219 -0.137126008 2.680647431 0.360839923
407004 7004.000000 17758100007004000 0.112565048 -0.134251125 2.692892235 0.343518211
407005 7005.000000 17758100007005000 0.115705378 -0.131432971 2.710360758 0.318323540
407006 7006.000000 17758100007006000 0.118845090 -0.128948072 2.706429048 0.312608035
407007 7007.000000 17758100007007000 0.121984057 -0.126346578 2.717939182 0.358644302
407008 7008.000000 17758100007008000 0.125122160 -0.123475378 2.735459346 0.354095825
407009 7009.000000 17758100007009000 0.128259271 -0.120775064 2.742566725 0.352628661
407010 7010.000000 17758100007010000 0.131395265 -0.117961771 2.743348707 0.295954592
407011 7011.000000 17758100007011000 0.134530008 -0.115207977 2.753264967 0.274746947
407012 7012.000000 17758100007012000 0.137663409 -0.112464757 2.764998502 0.335285794
407013 7013.000000 17758100007013000 0.140795305 -0.109312886 2.773413621 0.326871014
407014 7014.000000 17758100007014000 0.143925592 -0.106928135 2.788120594 0.332369067
407015 7015.000000 17758100007015000 0.147054151 -0.103809547 2.793376236 0.278036049
407016 7016.000000 17758100007016000 0.150180861 -0.101146636 2.790408109 0.303302892
407017 7017.000000 17758100007017000 0.153305575 -0.098358303 2.795300007 0.307799588
407018 7018.000000 17758100007018000 0.156428188 -0.095448633 2.807263457 0.309889169
407019 7019.000000 17758100007019000 0.159548581 -0.092847241 2.807752952 0.304049220
407020 7020.000000 17758100007020000 0.162666619 -0.089840963 2.822990493 0.279186705
407021 7021.000000 17758100007021000 0.165782183 -0.087168375 2.836505129 0.284012237
407022 7022.000000 17758100007022000 0.168895140 -0.084317346 2.832872226 0.272933162
407023 7023.000000 17758100007023000 0.172005385 -0.081180875 2.854820648 0.281708150
407024 7024.000000 17758100007024000 0.175112799 -0.078061543 2.856274256 0.273360459
407025 7025.000000 17758100007025000 0.178217232 -0.075364794 2.867582483 0.258636141
407026 7026.000000 17758100007026000 0.181318581 -0.072993407 2.870426237 0.234050889
407027 7027.000000 17758100007027000 0.184416726 -0.069969043 2.872929174 0.222323587
407028 7028.000000 17758100007028000 0.187511533 -0.066817109 2.884049765 0.269366371
407029 7029.000000 17758100007029000 0.190602884 -0.064590423 2.888635592 0.214255995
407030 7030.000000 17758100007030000 0.193690658 -0.061148342 2.901362932 0.255327553
407031 7031.000000 17758100007031000 0.196774736 -0.058375693 2.898143877 0.230978832
407032 7032.000000 17758100007032000 0.199854985 -0.055510818 2.908983043 0.210098180
407033 7033.000000 17758100007033000 0.202931300 -0.052621812 2.906994252 0.215169859
407034 7034.000000 17758100007034000 0.206003562 -0.049343432 2.929672399 0.240322151
407035 7035.000000 17758100007035000 0.209071621 -0.046583768 2.928911690 0.262742567
407036 7036.000000 17758100007036000 0.212135375 -0.043694754 2.934258219 0.255196402
407037 7037.000000 17758100007037000 0.215194717 -0.040806693 2.939120289 0.249463158
407038 7038.000000 17758100007038000 0.218249500 -0.037881726 2.944791618 0.213398151
407039 7039.000000 17758100007039000 0.221299618 -0.034484990 2.952814020 0.231740210
407040 7040.000000 17758100007040000 0.224344939 -0.032167186 2.954588259 0.210507428
407041 7041.000000 17758100007041000 0.227385357 -0.028650615 2.965634133 0.229654507
407042 7042.000000 17758100007042000 0.230420753 -0.025865372 2.962984895 0.245700595
407043 7043.000000 17758100007043000 0.233450994 -0.023227310 2.980461581 0.203857158
407044 7044.000000 17758100007044000 0.236475974 -0.020163397 2.967008482 0.205857988
407045 7045.000000 17758100007045000 0.239495546 -0.017015620 2.985614941 0.177310292
407046 7046.000000 17758100007046000 0.242509633 -0.014268123 2.986940488 0.189627676
407047 7047.000000 17758100007047000 0.245518088 -0.010903296 2.982319968 0.210875885
407048 7048.000000 17758100007048000 0.248520792 -0.008094293 2.994147041 0.200274653
407049 7049.000000 17758100007049000 0.251517624 -0.004868318 2.994000542 0.221612846
407050 7050.000000 17758100007050000 0.254508495 -0.001677698 2.990956729 0.199943583
407051 7051.000000 17758100007051000 0.257493258 0.000844171 3.010255131 0.199278366
407052 7052.000000 17758100007052000 0.260471791 0.003987019 3.019510123 0.135948006
407053 7053.000000 17758100007053000 0.263444006 0.006503294 3.014673176 0.138622142
407054 7054.000000 17758100007054000 0.266409785 0.010083305 3.018241344 0.168472271
407055 7055.000000 17758100007055000 0.269368947 0.012863310 3.018480166 0.163267277
407056 7056.000000 17758100007056000 0.272321463 0.015810809 3.025160220 0.175845105
407057 7057.000000 17758100007057000 0.275267154 0.019022660 3.032114043 0.160674697
407058 7058.000000 17758100007058000 0.278205931 0.021870247 3.029875558 0.151529305
407059 7059.000000 17758100007059000 0.281137675 0.025132515 3.027972882 0.128461387
407060 7060.000000 17758100007060000 0.284062266 0.027935548 3.028404882 0.166401863
407061 7061.000000 17758100007061000 0.286979616 0.031427121 3.040848542 0.133761982
407062 7062.000000 17758100007062000 0.289889544 0.034224874 3.043232571 0.147085893
407063 7063.000000 17758100007063000 0.292791992 0.037110759 3.041618621 0.107504329
407064 7064.000000 17758100007064000 0.295686841 0.040478499 3.050664110 0.150827220
407065 7065.000000 17758100007065000 0.298573941 0.043363492 3.056895403 0.128167294
407066 7066.000000 17758100007066000 0.301453203 0.046374453 3.040150366 0.112914225
407067 7067.000000 17758100007067000 0.304324538 0.049760183 3.048909283 0.137500057
407068 7068.000000 17758100007068000 0.307187796 0.052748542 3.068964302 0.157269327
407069 7069.000000 17758100007069000 0.310042858 0.055803988 3.060909687 0.116221936
407070 7070.000000 17758100007070000 0.312889636 0.058721948 3.055636963 0.121069261
407071 7071.000000 17758100007071000 0.315728009 0.061952703 3.060368659 0.134821304
407072 7072.000000 17758100007072000 0.318557888 0.064726516 3.070734371 0.084350513
407073 7073.000000 17758100007073000 0.321379125 0.068129083 3.062066152 0.168911368
407074 7074.000000 17758100007074000 0.324191600 0.070895065 3.068101597 0.129083929
407075 7075.000000 17758100007075000 0.326995254 0.073713562 3.058741433 0.087395352
407076 7076.000000 17758100007076000 0.329789937 0.076979828 3.061899277 0.086783066
407077 7077.000000 17758100007077000 0.332575530 0.080237630 3.076130301 0.071720721
407078 7078.000000 17758100007078000 0.335351974 0.083315238 3.068040664 0.074107097
407079 7079.000000 17758100007079000 0.338119090 0.086094763 3.076284956 0.101165629
407080 7080.000000 17758100007080000 0.340876848 0.089482861 3.073795425 0.104207299
407081 7081.000000 17758100007081000 0.343625069 0.092393655 3.073563093 0.082945689
407082 7082.000000 17758100007082000 0.346363664 0.095381359 3.070819320 0.066602828
407083 7083.000000 17758100007083000 0.349092543 0.098483110 3.067322481 0.099439828
407084 7084.000000 17758100007084000 0.351811588 0.101588528 3.066706539 0.044786067
407085 7085.000000 17758100007085000 0.354520708 0.104747045 3.069272739 0.048170137
407086 7086.000000 17758100007086000 0.357219756 0.107678057 3.076628790 0.024991040
407087 7087.000000 17758100007087000 0.359908670 0.110585380 3.067635855 0.034720045
407088 7088.000000 17758100007088000 0.362587303 0.114100128 3.074501266 0.059454731
407089 7089.000000 17758100007089000 0.365255594 0.116897555 3.061161538 0.063584849
407090 7090.000000 17758100007090000 0.367913395 0.120010661 3.073922334 0.043114576
407091 7091.000000 17758100007091000 0.370560616 0.123298919 3.065740669 0.024224627
407092 7092.000000 17758100007092000 0.373197168 0.126337285 3.070625250 0.039521025
407093 7093.000000 17758100007093000 0.375822932 0.129262257 3.068732776 0.081816649
407094 7094.000000 17758100007094000 0.378437817 0.131985027 3.065284619 0.058631862
407095 7095.000000 17758100007095000 0.381041676 0.134931187 3.065586881 0.054574278
407096 7096.000000 17758100007096000 0.383634478 0.138450970 3.062761813 0.046596886
407097 7097.000000 17758100007097000 0.386216074 0.141320988 3.064143678 0.025347338
407098 7098.000000 17758100007098000 0.388786346 0.144325964 3.066094337 0.042552816
407099 7099.000000 17758100007099000 0.391345233 0.147496930 3.062652129 0.014878571
407100 7100.000000 17758100007100000 0.393892616 0.150599117 3.063128787 -0.007661756
407101 7101.000000 17758100007101000 0.396428406 0.153842715 3.049968809 -0.019993379
407102 7102.000000 17758100007102000 0.398952484 0.156313247 3.056122696 -0.001312549
407103 7103.000000 17758100007103000 0.401464760 0.160186708 3.050516081 -0.000436402
407104 7104.000000 17758100007104000 0.403965145 0.162665743 3.045243423 0.021458720
407105 7105.000000 17758100007105000 0.406453520 0.165800892 3.035425564 -0.020961648
407106 7106.000000 17758100007106000 0.408929795 0.168766959 3.040961665 -0.018504583
407107 7107.000000 17758100007107000 0.411393881 0.171767936 3.041878401 -0.014699549
407108 7108.000000 17758100007108000 0.413845688 0.174895540 3.035229530 0.004713744
407109 7109.000000 17758100007109000 0.416285068 0.178186714 3.028292221 -0.015235548
407110 7110.000000 17758100007110000 0.418711990 0.181082750 3.030652359 -0.017832554
407111 7111.000000 17758100007111000 0.421126336 0.183841460 3.027592585 -0.028586779
407112 7112.000000 17758100007112000 0.423527986 0.187389603 3.034487218 -0.040137679
407113 7113.000000 17758100007113000 0.425916851 0.189901924 3.017173711 -0.008513444
407114 7114.000000 17758100007114000 0.428292871 0.192780024 3.004849827 -0.034982734
407115 7115.000000 17758100007115000 0.430655926 0.196475986 3.014378546 -0.014852265
407116 7116.000000 17758100007116000 0.433005929 0.198867136 3.007937993 -0.021122858
407117 7117.000000 17758100007117000 0.435342789 0.202205238 3.006356017 -0.018499619
407118 7118.000000 17758100007118000 0.437666416 0.205043725 3.001862711 -0.056749047
407119 7119.000000 17758100007119000 0.439976692 0.208086921 2.991296713 -0.059603275
407120 7120.000000 17758100007120000 0.442273557 0.211264396 2.984570962 -0.060736934
407121 7121.000000 17758100007121000 0.444556892 0.214203145 2.990382598 -0.062964743
407122 7122.000000 17758100007122000 0.446826667 0.217143031 2.987817199 -0.055748134
407123 7123.000000 17758100007123000 0.449082702 0.220009379 2.974647154 -0.036290565
407124 7124.000000 17758100007124000 0.451324999 0.222893005 2.967125334 -0.065345828
407125 7125.000000 17758100007125000 0.453553379 0.226199201 2.973623768 -0.071401692
407126 7126.000000 17758100007126000 0.455767840 0.228704258 2.968148033 -0.033892105
407127 7127.000000 17758100007127000 0.457968235 0.232095237 2.954715687 -0.074704654
407128 7128.000000 17758100007128000 0.460154504 0.234812210 2.953804087 -0.088318468
407129 7129.000000 17758100007129000 0.462326556 0.237591171 2.944359066 -0.086912799
407130 7130.000000 17758100007130000 0.464484304 0.240530831 2.940728793 -0.101540028
407131 7131.000000 17758100007131000 0.466627687 0.244144902 2.940333415 -0.062265804
407132 7132.000000 17758100007132000 0.468756557 0.246951735 2.925508486 -0.119296771
407133 7133.000000 17758100007133000 0.470870882 0.249443887 2.930719989 -0.118754867
407134 7134.000000 17758100007134000 0.472970575 0.252140913 2.905829612 -0.097669043
407135 7135.000000 17758100007135000 0.475055546 0.255686313 2.910384422 -0.118844881
407136 7136.000000 17758100007136000 0.477125704 0.258447552 2.902882503 -0.088798999
407137 7137.000000 17758100007137000 0.479180962 0.261266589 2.909317842 -0.108941348
407138 7138.000000 17758100007138000 0.481221259 0.263888102 2.897405076 -0.126927981
407139 7139.000000 17758100007139000 0.483246505 0.267027003 2.888235588 -0.105020750
407140 7140.000000 17758100007140000 0.485256612 0.270003177 2.879804938 -0.174612446
407141 7141.000000 17758100007141000 0.487251520 0.272281520 2.876411796 -0.117995575
407142 7142.000000 17758100007142000 0.489231139 0.275767681 2.864555831 -0.086650878
407143 7143.000000 17758100007143000 0.491195410 0.278861456 2.854075731 -0.085391614
407144 7144.000000 17758100007144000 0.493144214 0.281221780 2.857152021 -0.118132352
407145 7145.000000 17758100007145000 0.495077521 0.284191716 2.854327304 -0.166963286
407146 7146.000000 17758100007146000 0.496995211 0.287295625 2.835128224 -0.117574471
407147 7147.000000 17758100007147000 0.498897225 0.289871578 2.836747707 -0.157412796
407148 7148.000000 17758100007148000 0.500783503 0.292932679 2.825541790 -0.153232861
407149 7149.000000 17758100007149000 0.502653956 0.295779119 2.819640641 -0.117737666
407150 7150.000000 17758100007150000 0.504508495 0.298220870 2.813622028 -0.149250552
407151 7151.000000 17758100007151000 0.506347060 0.300893227 2.804916598 -0.163681255
407152 7152.000000 17758100007152000 0.508169651 0.304147963 2.792638169 -0.180518891
407153 7153.000000 17758100007153000 0.509976029 0.307065225 2.788060876 -0.182741094
407154 7154.000000 17758100007154000 0.511766315 0.309634408 2.777874360 -0.184090302
407155 7155.000000 17758100007155000 0.513540268 0.312247119 2.772073833 -0.191108777
407156 7156.000000 17758100007156000 0.515297949 0.315253506 2.761595172 -0.170259705
407157 7157.000000 17758100007157000 0.517039239 0.317915580 2.753178211 -0.146593153
407158 7158.000000 17758100007158000 0.518764019 0.320482573 2.750220326 -0.147768138
407159 7159.000000 17758100007159000 0.520472288 0.323538313 2.728622969 -0.212684258
407160 7160.000000 17758100007160000 0.522163987 0.325984854 2.729621992 -0.198106173
407161 7161.000000 17758100007161000 0.523838997 0.328369634 2.721799478 -0.194589355
407162 7162.000000 17758100007162000 0.525497258 0.331593471 2.714836766 -0.183606751
407163 7163.000000 17758100007163000 0.527138710 0.334089205 2.703542114 -0.201026884
407164 7164.000000 17758100007164000 0.528763354 0.336829291 2.703126834 -0.168479525
407165 7165.000000 17758100007165000 0.530371010 0.339586233 2.677547572 -0.194429319
407166 7166.000000 17758100007166000 0.531961679 0.342105876 2.673354468 -0.216424083
407167 7167.000000 17758100007167000 0.533535361 0.344970008 2.657270095 -0.212170922
407168 7168.000000 17758100007168000 0.535091877 0.347414114 2.657186735 -0.195549763
407169 7169.000000 17758100007169000 0.536631227 0.350050206 2.644279458 -0.179356089
407170 7170.000000 17758100007170000 0.538153350 0.352401836 2.628115607 -0.212745592
407171 7171.000000 17758100007171000 0.539658129 0.354894732 2.622557818 -0.221068488
407172 7172.000000 17758100007172000 0.541145623 0.357972921 2.612243936 -0.230868250
407173 7173.000000 17758100007173000 0.542615652 0.360673816 2.595780547 -0.236669985
407174 7174.000000 17758100007174000 0.544068217 0.363482456 2.588385938 -0.203669446
407175 7175.000000 17758100007175000 0.545503259 0.365565819 2.584810064 -0.226324641
407176 7176.000000 17758100007176000 0.546920717 0.368215660 2.572057091 -0.228795837
407177 7177.000000 17758100007177000 0.548320532 0.371225267 2.562210364 -0.234143681
407178 7178.000000 17758100007178000 0.549702644 0.373251022 2.556342358 -0.296982857
407179 7179.000000 17758100007179000 0.551066995 0.376095779 2.546178972 -0.279237270
407180 7180.000000 17758100007180000 0.552413523 0.378416801 2.521697762 -0.218603270
407181 7181.000000 17758100007181000 0.553742230 0.381075706 2.515422936 -0.249193679
407182 7182.000000 17758100007182000 0.555052996 0.383911112 2.506236237 -0.267956261
407183 7183.000000 17758100007183000 0.556345820 0.385949928 2.491746376 -0.255286899
407184 7184.000000 17758100007184000 0.557620585 0.388529795 2.484855846 -0.228091983
407185 7185.000000 17758100007185000 0.558877289 0.391012740 2.472741945 -0.237758565
407186 7186.000000 17758100007186000 0.560115933 0.393511803 2.460997707 -0.265128140
407187 7187.000000 17758100007187000 0.561336398 0.395909115 2.443327150 -0.253929508
407188 7188.000000 17758100007188000 0.562538624 0.398224129 2.436136938 -0.289659567
407189 7189.000000 17758100007189000 0.563722551 0.400911391 2.429329416 -0.282085454
407190 7190.000000 17758100007190000 0.564888239 0.403587480 2.413592549 -0.260931299
407191 7191.000000 17758100007191000 0.566035569 0.405799687 2.404405337 -0.297170074
407192 7192.000000 17758100007192000 0.567164481 0.408029201 2.395271494 -0.253961433
407193 7193.000000 17758100007193000 0.568274915 0.410165585 2.381432848 -0.275966890
407194 7194.000000 17758100007194000 0.569366932 0.412945179 2.368825350 -0.275912023
407195 7195.000000 17758100007195000 0.570440412 0.414818025 2.360942351 -0.288846936
407196 7196.000000 17758100007196000 0.571495295 0.417713859 2.344057608 -0.283237011
407197 7197.000000 17758100007197000 0.572531521 0.419823920 2.331010611 -0.328796433
407198 7198.000000 17758100007198000 0.573549151 0.421899682 2.323991315 -0.295696544
407199 7199.000000 17758100007199000 0.574548066 0.424286025 2.304186877 -0.292772587
407200 7200.000000 17758100007200000 0.575528264 0.427077139 2.295833631 -0.281719715
407201 7201.000000 17758100007201000 0.576489687 0.429585588 2.270649775 -0.289677465
407202 7202.000000 17758100007202000 0.577432275 0.431180894 2.257551887 -0.299362591
407203 7203.000000 17758100007203000 0.578356028 0.433565711 2.257108157 -0.321698742
407204 7204.000000 17758100007204000 0.579260886 0.435499283 2.241363978 -0.311551165
407205 7205.000000 17758100007205000 0.580146849 0.437968760 2.227307595 -0.359362817
407206 7206.000000 17758100007206000 0.581013858 0.440224643 2.217424577 -0.329530834
407207 7207.000000 17758100007207000 0.581861854 0.442621018 2.191329044 -0.330051898
407208 7208.000000 17758100007208000 0.582690835 0.444805645 2.191075631 -0.334377678
407209 7209.000000 17758100007209000 0.583500743 0.446781668 2.170095641 -0.308291890
407210 7210.000000 17758100007210000 0.584291577 0.448847186 2.162940624 -0.371007999
407211 7211.000000 17758100007211000 0.585063279 0.450990706 2.139325121 -0.347844505
407212 7212.000000 17758100007212000 0.585815847 0.453090772 2.133556330 -0.332733372
407213 7213.000000 17758100007213000 0.586549282 0.455437718 2.107517004 -0.333632042
407214 7214.000000 17758100007214000 0.587263465 0.457339101 2.097278505 -0.354592623
407215 7215.000000 17758100007215000 0.587958395 0.459684679 2.089650313 -0.299208619
407216 7216.000000 17758100007216000 0.588634074 0.461543279 2.074966087 -0.315086387
407217 7217.000000 17758100007217000 0.589290440 0.463554798 2.065518919 -0.358362008
407218 7218.000000 17758100007218000 0.589927554 0.465917536 2.051081075 -0.365457198
407219 7219.000000 17758100007219000 0.590545237 0.467613942 2.033820923 -0.373386670
407220 7220.000000 17758100007220000 0.591143608 0.469834893 2.012626971 -0.353611544
407221 7221.000000 17758100007221000 0.591722608 0.471687174 2.009048478 -0.340199264
407222 7222.000000 17758100007222000 0.592282176 0.473856865 1.983616525 -0.348538414
407223 7223.000000 17758100007223000 0.592822313 0.475786548 1.979962990 -0.378930213
407224 7224.000000 17758100007224000 0.593342960 0.477459711 1.955779986 -0.386704927
407225 7225.000000 17758100007225000 0.593844175 0.479389748 1.936486298 -0.357608861
407226 7226.000000 17758100007226000 0.594325900 0.481723012 1.922271273 -0.379403359
407227 7227.000000 17758100007227000 0.594788074 0.483124881 1.904905809 -0.374134752
407228 7228.000000 17758100007228000 0.595230699 0.485167296 1.900769955 -0.382082048
407229 7229.000000 17758100007229000 0.595653832 0.486934775 1.875366617 -0.429777199
407230 7230.000000 17758100007230000 0.596057355 0.489038035 1.862168148 -0.373749411
407231 7231.000000 17758100007231000 0.596441329 0.490912656 1.849546563 -0.364122113
407232 7232.000000 17758100007232000 0.596805632 0.492378679 1.836143259 -0.364094721
407233 7233.000000 17758100007233000 0.597150385 0.494561310 1.822918265 -0.377537738
407234 7234.000000 17758100007234000 0.597475529 0.496211623 1.810021953 -0.394111919
407235 7235.000000 17758100007235000 0.597781003 0.498185073 1.793338177 -0.421190596
407236 7236.000000 17758100007236000 0.598066807 0.500269772 1.780146493 -0.387862720
407237 7237.000000 17758100007237000 0.598332942 0.501693601 1.754356656 -0.384094436
407238 7238.000000 17758100007238000 0.598579466 0.503269357 1.747172872 -0.419180892
407239 7239.000000 17758100007239000 0.598806262 0.505248792 1.730437348 -0.428261090
407240 7240.000000 17758100007240000 0.599013388 0.506961244 1.713876860 -0.380349806
407241 7241.000000 17758100007241000 0.599200785 0.508981868 1.695117466 -0.425366748
407242 7242.000000 17758100007242000 0.599368453 0.509984162 1.684072126 -0.397600617
407243 7243.000000 17758100007243000 0.599516451 0.512050692 1.666055583 -0.451529315
407244 7244.000000 17758100007244000 0.599644721 0.513465604 1.646890880 -0.416655587
407245 7245.000000 17758100007245000 0.599753261 0.514913834 1.630901609 -0.422034561
407246 7246.000000 17758100007246000 0.599842072 0.516849399 1.607298086 -0.425688429
407247 7247.000000 17758100007247000 0.599911153 0.518375296 1.594487852 -0.426920881
407248 7248.000000 17758100007248000 0.599960506 0.519902082 1.587772367 -0.407746979
407249 7249.000000 17758100007249000 0.599990129 0.521234431 1.564342904 -0.450709789
407250 7250.000000 17758100007250000 0.600000024 0.522878420 1.546151634 -0.458459018
407251 7251.000000 17758100007251000 0.599990129 0.524302716 1.523754695 -0.416210400
407252 7252.000000 17758100007252000 0.599960506 0.526114028 1.514493722 -0.438555945
407253 7253.000000 17758100007253000 0.599911153 0.527430587 1.498207155 -0.450121797
407254 7254.000000 17758100007254000 0.599842072 0.529302545 1.482874928 -0.431885318
407255 7255.000000 17758100007255000 0.599753261 0.530641680 1.455661803 -0.429038608
407256 7256.000000 17758100007256000 0.599644721 0.532314578 1.446679632 -0.419653382
407257 7257.000000 17758100007257000 0.599516451 0.533675166 1.424569446 -0.425268977
407258 7258.000000 17758100007258000 0.599368453 0.534733195 1.417219488 -0.446030048
407259 7259.000000 17758100007259000 0.599200785 0.536210997 1.393628339 -0.497797173
407260 7260.000000 17758100007260000 0.599013388 0.537822758 1.383517930 -0.477379544
407261 7261.000000 17758100007261000 0.598806262 0.539224491 1.356430727 -0.469046104
407262 7262.000000 17758100007262000 0.598579466 0.540217626 1.344727999 -0.453567263
407263 7263.000000 17758100007263000 0.598332942 0.541551427 1.317584529 -0.478663466
407264 7264.000000 17758100007264000 0.598066807 0.542890986 1.310863379 -0.453799446
407265 7265.000000 17758100007265000 0.597781003 0.544101151 1.286537013 -0.453497846
407266 7266.000000 17758100007266000 0.597475529 0.545528434 1.281501492 -0.487544127
407267 7267.000000 17758100007267000 0.597150385 0.546586835 1.258725257 -0.467868960
407268 7268.000000 17758100007268000 0.596805632 0.548211077 1.239511262 -0.490993100
407269 7269.000000 17758100007269000 0.596441329 0.549189271 1.223023075 -0.473190002
407270 7270.000000 17758100007270000 0.596057355 0.550424273 1.203496003 -0.493937786
407271 7271.000000 17758100007271000 0.595653832 0.551552925 1.177980007 -0.462456701
407272 7272.000000 17758100007272000 0.595230699 0.552565292 1.161031246 -0.474492188
407273 7273.000000 17758100007273000 0.594788074 0.553812658 1.154394029 -0.490435295
407274 7274.000000 17758100007274000 0.594325900 0.555359109 1.124439244 -0.500231423
407275 7275.000000 17758100007275000 0.593844175 0.556191594 1.111292124 -0.477905339
407276 7276.000000 17758100007276000 0.593342960 0.557250661 1.088685580 -0.518264907
407277 7277.000000 17758100007277000 0.592822313 0.558184325 1.078810680 -0.469027059
407278 7278.000000 17758100007278000 0.592282176 0.559142814 1.053856400 -0.475895949
407279 7279.000000 17758100007279000 0.591722608 0.560384437 1.048153729 -0.489091462
407280 7280.000000 17758100007280000 0.591143608 0.561395609 1.013141638 -0.486087867
407281 7281.000000 17758100007281000 0.590545237 0.562570370 1.004138434 -0.474023685
407282 7282.000000 17758100007282000 0.589927554 0.563770428 0.981665169 -0.494813411
407283 7283.000000 17758100007283000 0.589290440 0.564408762 0.969804690 -0.489914359
407284 7284.000000 17758100007284000 0.588634074 0.565852498 0.953279442 -0.522069162
407285 7285.000000 17758100007285000 0.587958395 0.566143868 0.929726466 -0.491942872
407286 7286.000000 17758100007286000 0.587263465 0.567488094 0.919377584 -0.506596155
407287 7287.000000 17758100007287000 0.586549282 0.568150288 0.893205291 -0.469817040
407288 7288.000000 17758100007288000 0.585815847 0.569048866 0.884389424 -0.476641891
407289 7289.000000 17758100007289000 0.585063279 0.570479905 0.861986786 -0.485420075
407290 7290.000000 17758100007290000 0.584291577 0.570591559 0.837938808 -0.487508814
407291 7291.000000 17758100007291000 0.583500743 0.571332389 0.822176599 -0.519447390
407292 7292.000000 17758100007292000 0.582690835 0.572779746 0.803953491 -0.495574064
407293 7293.000000 17758100007293000 0.581861854 0.572976728 0.786409546 -0.495706264
407294 7294.000000 17758100007294000 0.581013858 0.574016439 0.755680304 -0.536223956
407295 7295.000000 17758100007295000 0.580146849 0.574479373 0.745971925 -0.489547206
407296 7296.000000 17758100007296000 0.579260886 0.575125572 0.722732278 -0.489273626
407297 7297.000000 17758100007297000 0.578356028 0.575965761 0.707357103 -0.491815937
407298 7298.000000 17758100007298000 0.577432275 0.576466727 0.683485412 -0.519345631
407299 7299.000000 17758100007299000 0.576489687 0.577513212 0.678950874 -0.521819488
407300 7300.000000 17758100007300000 0.575528264 0.578427509 0.652921609 -0.551255486
407301 7301.000000 17758100007301000 0.574548066 0.578549720 0.627147000 -0.540861879
407302 7302.000000 17758100007302000 0.573549151 0.579476726 0.611238995 -0.524301327
407303 7303.000000 17758100007303000 0.572531521 0.579807117 0.599589543 -0.499066695
407304 7304.000000 17758100007304000 0.571495295 0.580675498 0.571186261 -0.539658546
407305 7305.000000 17758100007305000 0.570440412 0.580686359 0.557316200 -0.521722044
407306 7306.000000 17758100007306000 0.569366932 0.581446138 0.541848107 -0.498385613
407307 7307.000000 17758100007307000 0.568274915 0.581922780 0.521657353 -0.519302681
407308 7308.000000 17758100007308000 0.567164481 0.582543533 0.502443977 -0.530203788
407309 7309.000000 17758100007309000 0.566035569 0.583100217 0.476523650 -0.533457472
407310 7310.000000 17758100007310000 0.564888239 0.583110501 0.464993828 -0.491499572
407311 7311.000000 17758100007311000 0.563722551 0.583796904 0.442570263 -0.476668617
407312 7312.000000 17758100007312000 0.562538624 0.584278892 0.430557227 -0.556941840
407313 7313.000000 17758100007313000 0.561336398 0.584533339 0.399260296 -0.524279131
407314 7314.000000 17758100007314000 0.560115933 0.585166230 0.384054784 -0.539857090
407315 7315.000000 17758100007315000 0.558877289 0.585829955 0.367939687 -0.550611828
407316 7316.000000 17758100007316000 0.557620585 0.586094691 0.352885537 -0.526187540
407317 7317.000000 17758100007317000 0.556345820 0.586060527 0.329834455 -0.531616620
407318 7318.000000 17758100007318000 0.555052996 0.586671092 0.310217423 -0.536251548
407319 7319.000000 17758100007319000 0.553742230 0.587013478 0.291381712 -0.511868714
407320 7320.000000 17758100007320000 0.552413523 0.586711158 0.271213103 -0.558003969
407321 7321.000000 17758100007321000 0.551066995 0.587341751 0.242237392 -0.506901946
407322 7322.000000 17758100007322000 0.549702644 0.587536139 0.234362364 -0.523001633
407323 7323.000000 17758100007323000 0.548320532 0.587599207 0.210744606 -0.530734804
407324 7324.000000 17758100007324000 0.546920717 0.587904779 0.185631881 -0.579750886
407325 7325.000000 17758100007325000 0.545503259 0.588125008 0.177283438 -0.564198029
407326 7326.000000 17758100007326000 0.544068217 0.588305162 0.155765009 -0.585796178
407327 7327.000000 17758100007327000 0.542615652 0.588314254 0.129473235 -0.610568934
407328 7328.000000 17758100007328000 0.541145623 0.588467548 0.111863025 -0.561972892
407329 7329.000000 17758100007329000 0.539658129 0.588740755 0.098047839 -0.541750140
407330 7330.000000 17758100007330000 0.538153350 0.588501799 0.082679297 -0.524540409
407331 7331.000000 17758100007331000 0.536631227 0.588725150 0.059832398 -0.580924513
407332 7332.000000 17758100007332000 0.535091877 0.588733452 0.044165638 -0.535901922
407333 7333.000000 17758100007333000 0.533535361 0.588939403 0.022095087 -0.564031705
407334 7334.000000 17758100007334000 0.531961679 0.588818384 -0.001091087 -0.514911823
407335 7335.000000 17758100007335000 0.530371010 0.588326241 -0.019214312 -0.546271109
407336 7336.000000 17758100007336000 0.528763354 0.588142590 -0.044827726 -0.590300489
407337 7337.000000 17758100007337000 0.527138710 0.588817362 -0.058038275 -0.566640598
407338 7338.000000 17758100007338000 0.525497258 0.588380463 -0.081878156 -0.518532029
407339 7339.000000 17758100007339000 0.523838997 0.588172517 -0.099928494 -0.543488275
407340 7340.000000 17758100007340000 0.522163987 0.588362074 -0.106528535 -0.536441309
407341 7341.000000 17758100007341000 0.520472288 0.588321515 -0.131674912 -0.520908273
407342 7342.000000 17758100007342000 0.518764019 0.588007403 -0.151182371 -0.538150368
407343 7343.000000 17758100007343000 0.517039239 0.587760642 -0.179962892 -0.532218430
407344 7344.000000 17758100007344000 0.515297949 0.587467503 -0.193044048 -0.547152401
407345 7345.000000 17758100007345000 0.513540268 0.587700810 -0.212980183 -0.559270020
407346 7346.000000 17758100007346000 0.511766315 0.587354599 -0.238822616 -0.529758976
407347 7347.000000 17758100007347000 0.509976029 0.586927682 -0.248846351 -0.559597072
407348 7348.000000 17758100007348000 0.508169651 0.586941374 -0.264253904 -0.535194471
407349 7349.000000 17758100007349000 0.506347060 0.586660628 -0.289314242 -0.548180330
407350 7350.000000 17758100007350000 0.504508495 0.586162210 -0.304865363 -0.557599775
407351 7351.000000 17758100007351000 0.502653956 0.585457630 -0.329479741 -0.547264634
407352 7352.000000 17758100007352000 0.500783503 0.585296768 -0.354514224 -0.542577697
407353 7353.000000 17758100007353000 0.498897225 0.585040323 -0.363262097 -0.551406887
407354 7354.000000 17758100007354000 0.496995211 0.584676779 -0.386514030 -0.558837486
407355 7355.000000 17758100007355000 0.495077521 0.584621473 -0.409221799 -0.527407887
407356 7356.000000 17758100007356000 0.493144214 0.583763962 -0.416733325 -0.514183451
407357 7357.000000 17758100007357000 0.491195410 0.583280799 -0.439647126 -0.593528221
407358 7358.000000 17758100007358000 0.489231139 0.582981444 -0.462141573 -0.584050112
407359 7359.000000 17758100007359000 0.487251520 0.582538529 -0.475983497 -0.549800607
407360 7360.000000 17758100007360000 0.485256612 0.581713451 -0.510699553 -0.562112153
407361 7361.000000 17758100007361000 0.483246505 0.580927484 -0.515372549 -0.555209236
407362 7362.000000 17758100007362000 0.481221259 0.581019146 -0.537525710 -0.552283468
407363 7363.000000 17758100007363000 0.479180962 0.579872595 -0.558654854 -0.541554938
407364 7364.000000 17758100007364000 0.477125704 0.579641700 -0.570454584 -0.538439500
407365 7365.000000 17758100007365000 0.475055546 0.579237684 -0.590558564 -0.563170692
407366 7366.000000 17758100007366000 0.472970575 0.578384176 -0.611867049 -0.538523187
407367 7367.000000 17758100007367000 0.470870882 0.578054836 -0.630164708 -0.547716156
407368 7368.000000 17758100007368000 0.468756557 0.577388035 -0.645555948 -0.526421333
407369 7369.000000 17758100007369000 0.466627687 0.576296476 -0.676633691 -0.536342834
407370 7370.000000 17758100007370000 0.464484304 0.575732088 -0.696272621 -0.518260021
407371 7371.000000 17758100007371000 0.462326556 0.575211900 -0.700628539 -0.532693189
407372 7372.000000 17758100007372000 0.460154504 0.574275505 -0.726832538 -0.548446618
407373 7373.000000 17758100007373000 0.457968235 0.573617577 -0.745262692 -0.531832828
407374 7374.000000 17758100007374000 0.455767840 0.573038713 -0.756414452 -0.577172169
407375 7375.000000 17758100007375000 0.453553379 0.572611313 -0.789093965 -0.536748594
407376 7376.000000 17758100007376000 0.451324999 0.571053044 -0.800922423 -0.545359769
407377 7377.000000 17758100007377000 0.449082702 0.570380264 -0.816736190 -0.532568161
407378 7378.000000 17758100007378000 0.446826667 0.569844430 -0.838986827 -0.565496930
407379 7379.000000 17758100007379000 0.444556892 0.568784795 -0.855938295 -0.503190099
407380 7380.000000 17758100007380000 0.442273557 0.568319973 -0.877083294 -0.528945951
407381 7381.000000 17758100007381000 0.439976692 0.566993035 -0.893125322 -0.555083974
407382 7382.000000 17758100007382000 0.437666416 0.566152391 -0.908874255 -0.537313612
407383 7383.000000 17758100007383000 0.435342789 0.565529224 -0.924841639 -0.588097760
407384 7384.000000 17758100007384000 0.433005929 0.564399900 -0.953193131 -0.537764145
407385 7385.000000 17758100007385000 0.430655926 0.563091437 -0.967685282 -0.550539480
407386 7386.000000 17758100007386000 0.428292871 0.562351681 -0.980414592 -0.518727387
407387 7387.000000 17758100007387000 0.425916851 0.561332472 -1.001765055 -0.544920419
407388 7388.000000 17758100007388000 0.423527986 0.560044054 -1.017797239 -0.527850567
407389 7389.000000 17758100007389000 0.421126336 0.559045222 -1.035861714 -0.534312269
407390 7390.000000 17758100007390000 0.418711990 0.558535345 -1.060098699 -0.545860965
407391 7391.000000 17758100007391000 0.416285068 0.557276185 -1.065411970 -0.533800715
407392 7392.000000 17758100007392000 0.413845688 0.556388520 -1.098337285 -0.537134468
407393 7393.000000 17758100007393000 0.411393881 0.554928599 -1.111055768 -0.549497093
407394 7394.000000 17758100007394000 0.408929795 0.553742138 -1.120650289 -0.532384591
407395 7395.000000 17758100007395000 0.406453520 0.552848770 -1.146054017 -0.506931456
407396 7396.000000 17758100007396000 0.403965145 0.551540822 -1.163765543 -0.520385983
407397 7397.000000 17758100007397000 0.401464760 0.550136753 -1.184503081 -0.532518991
407398 7398.000000 17758100007398000 0.398952484 0.549158421 -1.204370370 -0.519662124
407399 7399.000000 17758100007399000 0.396428406 0.547651730 -1.224577743 -0.528816964
407400 7400.000000 17758100007400000 0.393892616 0.546433714 -1.241690937 -0.517735460
407401 7401.000000 17758100007401000 0.391345233 0.545145554 -1.254695299 -0.517298185
407402 7402.000000 17758100007402000 0.388786346 0.544282440 -1.278854478 -0.512669194
407403 7403.000000 17758100007403000 0.386216074 0.542768418 -1.285609529 -0.547917704
407404 7404.000000 17758100007404000 0.383634478 0.541626976 -1.310921950 -0.532935022
407405 7405.000000 17758100007405000 0.381041676 0.540235701 -1.323648676 -0.549905119
407406 7406.000000 17758100007406000 0.378437817 0.538998174 -1.344661199 -0.525341502
407407 7407.000000 17758100007407000 0.375822932 0.537466930 -1.355674260 -0.537821378
407408 7408.000000 17758100007408000 0.373197168 0.536166186 -1.385333012 -0.525667188
407409 7409.000000 17758100007409000 0.370560616 0.534994940 -1.396972223 -0.478703547
407410 7410.000000 17758100007410000 0.367913395 0.533495496 -1.411735106 -0.505225140
407411 7411.000000 17758100007411000 0.365255594 0.531845937 -1.433144923 -0.499603303
407412 7412.000000 17758100007412000 0.362587303 0.530230433 -1.445168460 -0.489395223
407413 7413.000000 17758100007413000 0.359908670 0.528969073 -1.463779881 -0.469743903
407414 7414.000000 17758100007414000 0.357219756 0.527545938 -1.479136003 -0.546696594
407415 7415.000000 17758100007415000 0.354520708 0.525996715 -1.504582553 -0.549714539
407416 7416.000000 17758100007416000 0.351811588 0.524607671 -1.512004075 -0.525190613
407417 7417.000000 17758100007417000 0.349092543 0.523082819 -1.531879603 -0.501638948
407418 7418.000000 17758100007418000 0.346363664 0.521476283 -1.543424209 -0.488712274
407419 7419.000000 17758100007419000 0.343625069 0.520205334 -1.559494417 -0.503343041
407420 7420.000000 17758100007420000 0.340876848 0.517943992 -1.583580590 -0.498637859
407421 7421.000000 17758100007421000 0.338119090 0.516410590 -1.600076100 -0.544318426
407422 7422.000000 17758100007422000 0.335351974 0.515104958 -1.617026618 -0.491169948
407423 7423.000000 17758100007423000 0.332575530 0.513135058 -1.623668878 -0.532940121
407424 7424.000000 17758100007424000 0.329789937 0.511739135 -1.640326086 -0.498895085
407425 7425.000000 17758100007425000 0.326995254 0.510205218 -1.665539603 -0.522498397
407426 7426.000000 17758100007426000 0.324191600 0.508581573 -1.672398597 -0.449150014
407427 7427.000000 17758100007427000 0.321379125 0.507036887 -1.687583983 -0.532376998
407428 7428.000000 17758100007428000 0.318557888 0.504931634 -1.713949262 -0.461482118
407429 7429.000000 17758100007429000 0.315728009 0.503420804 -1.718507112 -0.521854959
407430 7430.000000 17758100007430000 0.312889636 0.501462630 -1.743440061 -0.483345869
407431 7431.000000 17758100007431000 0.310042858 0.499794823 -1.752046889 -0.479354648
407432 7432.000000 17758100007432000 0.307187796 0.497930646 -1.770079359 -0.502833339
407433 7433.000000 17758100007433000 0.304324538 0.496251219 -1.789162564 -0.521631561
407434 7434.000000 17758100007434000 0.301453203 0.494508513 -1.804373065 -0.484462342
407435 7435.000000 17758100007435000 0.298573941 0.492543242 -1.823884611 -0.508667954
407436 7436.000000 17758100007436000 0.295686841 0.490742615 -1.834307314 -0.463210457
407437 7437.000000 17758100007437000 0.292791992 0.488856626 -1.848416482 -0.464350493
407438 7438.000000 17758100007438000 0.289889544 0.487465642 -1.866781211 -0.516950510
407439 7439.000000 17758100007439000 0.286979616 0.484939247 -1.887368326 -0.439199599
407440 7440.000000 17758100007440000 0.284062266 0.483315804 -1.897007186 -0.469966695
407441 7441.000000 17758100007441000 0.281137675 0.481310099 -1.907384578 -0.500556321
407442 7442.000000 17758100007442000 0.278205931 0.479673441 -1.926620368 -0.509930369
407443 7443.000000 17758100007443000 0.275267154 0.477485221 -1.939574812 -0.489780677
407444 7444.000000 17758100007444000 0.272321463 0.475601363 -1.952454380 -0.462524950
407445 7445.000000 17758100007445000 0.269368947 0.473830016 -1.978204488 -0.441453260
407446 7446.000000 17758100007446000 0.266409785 0.471517257 -1.979962540 -0.443007795
407447 7447.000000 17758100007447000 0.263444006 0.469821968 -1.997626405 -0.476796497
407448 7448.000000 17758100007448000 0.260471791 0.467781525 -2.017847708 -0.485252191
407449 7449.000000 17758100007449000 0.257493258 0.465469766 -2.038898789 -0.457788504
407450 7450.000000 17758100007450000 0.254508495 0.463545764 -2.036115910 -0.457336286
407451 7451.000000 17758100007451000 0.251517624 0.461820176 -2.062663621 -0.431923882
407452 7452.000000 17758100007452000 0.248520792 0.459570742 -2.076363755 -0.440893303
407453 7453.000000 17758100007453000 0.245518088 0.457024513 -2.089072744 -0.423328600
407454 7454.000000 17758100007454000 0.242509633 0.455508558 -2.108635960 -0.435272999
407455 7455.000000 17758100007455000 0.239495546 0.453156904 -2.119505503 -0.467969934
407456 7456.000000 17758100007456000 0.236475974 0.451237960 -2.130701708 -0.456707954
407457 7457.000000 17758100007457000 0.233450994 0.449178639 -2.141849357 -0.466626591
407458 7458.000000 17758100007458000 0.230420753 0.446459106 -2.153458341 -0.448761990
407459 7459.000000 17758100007459000 0.227385357 0.444530406 -2.174709517 -0.461601949
407460 7460.000000 17758100007460000 0.224344939 0.442334111 -2.188036235 -0.400812046
407461 7461.000000 17758100007461000 0.221299618 0.440155167 -2.199152881 -0.403160204
407462 7462.000000 17758100007462000 0.218249500 0.437769340 -2.211509380 -0.431659407
407463 7463.000000 17758100007463000 0.215194717 0.435817088 -2.215311383 -0.436148846
407464 7464.000000 17758100007464000 0.212135375 0.433640549 -2.240114856 -0.433009047
407465 7465.000000 17758100007465000 0.209071621 0.431414974 -2.259700046 -0.446371061
407466 7466.000000 17758100007466000 0.206003562 0.428682150 -2.264993948 -0.419218601
407467 7467.000000 17758100007467000 0.202931300 0.426802525 -2.280001221 -0.418111255
407468 7468.000000 17758100007468000 0.199854985 0.423883928 -2.298524522 -0.401331762
407469 7469.000000 17758100007469000 0.196774736 0.422455373 -2.307196279 -0.403557254
407470 7470.000000 17758100007470000 0.193690658 0.419765513 -2.314485628 -0.431976682
407471 7471.000000 17758100007471000 0.190602884 0.417283320 -2.339069807 -0.390503022
407472 7472.000000 17758100007472000 0.187511533 0.414643960 -2.333067270 -0.360784503
407473 7473.000000 17758100007473000 0.184416726 0.412838269 -2.349875638 -0.390747644
407474 7474.000000 17758100007474000 0.181318581 0.410318630 -2.366202091 -0.397967521
407475 7475.000000 17758100007475000 0.178217232 0.408042428 -2.384461707 -0.380867453
407476 7476.000000 17758100007476000 0.175112799 0.405655718 -2.388990447 -0.381126236
407477 7477.000000 17758100007477000 0.172005385 0.403099303 -2.406261454 -0.425738027
407478 7478.000000 17758100007478000 0.168895140 0.400806926 -2.421753025 -0.372869685
407479 7479.000000 17758100007479000 0.165782183 0.398083211 -2.424063234 -0.399526157
407480 7480.000000 17758100007480000 0.162666619 0.396100998 -2.438548754 -0.380679237
407481 7481.000000 17758100007481000 0.159548581 0.393933445 -2.445188529 -0.356342451
407482 7482.000000 17758100007482000 0.156428188 0.390431419 -2.471966815 -0.382316516
407483 7483.000000 17758100007483000 0.153305575 0.388268792 -2.469866667 -0.376378928
407484 7484.000000 17758100007484000 0.150180861 0.386261988 -2.481631966 -0.392546049
407485 7485.000000 17758100007485000 0.147054151 0.383793018 -2.496720744 -0.392156232
407486 7486.000000 17758100007486000 0.143925592 0.380736633 -2.502519809 -0.392864813
407487 7487.000000 17758100007487000 0.140795305 0.378789483 -2.518766017 -0.388317558
407488 7488.000000 17758100007488000 0.137663409 0.376274522 -2.524039340 -0.382534209
407489 7489.000000 17758100007489000 0.134530008 0.373600476 -2.544659668 -0.365819653
407490 7490.000000 17758100007490000 0.131395265 0.371096163 -2.549362457 -0.333283503
407491 7491.000000 17758100007491000 0.128259271 0.368155245 -2.570213896 -0.374790380
407492 7492.000000 17758100007492000 0.125122160 0.365881759 -2.564788205 -0.402056946
407493 7493.000000 17758100007493000 0.121984057 0.363110691 -2.588855453 -0.385290921
407494 7494.000000 17758100007494000 0.118845090 0.360484210 -2.587984058 -0.362414469
407495 7495.000000 17758100007495000 0.115705378 0.357801567 -2.609535594 -0.325940795
407496 7496.000000 17758100007496000 0.112565048 0.355278838 -2.616752780 -0.319328189
407497 7497.000000 17758100007497000 0.109424219 0.352335899 -2.634010856 -0.343781256
407498 7498.000000 17758100007498000 0.106283017 0.349962482 -2.642275329 -0.347659743
407499 7499.000000 17758100007499000 0.103141569 0.347640161 -2.643191294 -0.379085620
407500 7500.000000 17758100007500000 0.100000001 0.344539131 -2.654765869 -0.325360664
407501 7501.000000 17758100007501000 0.096858427 0.342207240 -2.661369567 -0.298982165
407502 7502.000000 17758100007502000 0.093716979 0.339727580 -2.661061291 -0.344268857
407503 7503.000000 17758100007503000 0.090575777 0.336804063 -2.687773445 -0.331083010
407504 7504.000000 17758100007504000 0.087434955 0.334166161 -2.701064708 -0.315244046
407505 7505.000000 17758100007505000 0.084294617 0.331541055 -2.702405815 -0.314348725
407506 7506.000000 17758100007506000 0.081154905 0.328877907 -2.704854342 -0.312306844
407507 7507.000000 17758100007507000 0.078015938 0.326188807 -2.718319865 -0.267374904
407508 7508.000000 17758100007508000 0.074877843 0.323065904 -2.730222229 -0.321175739
407509 7509.000000 17758100007509000 0.071740732 0.320700478 -2.745380210 -0.336458904
407510 7510.000000 17758100007510000 0.068604738 0.317569622 -2.746925240 -0.309322610
407511 7511.000000 17758100007511000 0.065469988 0.315138732 -2.753354404 -0.336360740
407512 7512.000000 17758100007512000 0.062336598 0.311781824 -2.760587927 -0.305124754
407513 7513.000000 17758100007513000 0.059204694 0.309412221 -2.773977516 -0.297805863
407514 7514.000000 17758100007514000 0.056074403 0.306587092 -2.785000487 -0.322679128
407515 7515.000000 17758100007515000 0.052945845 0.303576746 -2.785209083 -0.300454788
407516 7516.000000 17758100007516000 0.049819142 0.301126062 -2.788399502 -0.279529737
407517 7517.000000 17758100007517000 0.046694424 0.298505549 -2.807619344 -0.298792412
407518 7518.000000 17758100007518000 0.043571807 0.295500941 -2.808317670 -0.273522539
407519 7519.000000 17758100007519000 0.040451419 0.292707747 -2.820403349 -0.297270699
407520 7520.000000 17758100007520000 0.037333384 0.289240898 -2.821127092 -0.276508789
407521 7521.000000 17758100007521000 0.034217820 0.287103354 -2.830208440 -0.274038095
407522 7522.000000 17758100007522000 0.031104855 0.284510095 -2.836453259 -0.254908952
407523 7523.000000 17758100007523000 0.027994609 0.281228359 -2.838327422 -0.303430961
407524 7524.000000 17758100007524000 0.024887206 0.278345991 -2.855140711 -0.281005474
407525 7525.000000 17758100007525000 0.021782767 0.275789322 -2.862799312 -0.281461433
407526 7526.000000 17758100007526000 0.018681418 0.272501036 -2.872253730 -0.265676653
407527 7527.000000 17758100007527000 0.015583278 0.269522004 -2.872870209 -0.249920941
407528 7528.000000 17758100007528000 0.012488470 0.266882207 -2.888542553 -0.262395900
407529 7529.000000 17758100007529000 0.009397118 0.263880752 -2.884710849 -0.257593270
407530 7530.000000 17758100007530000 0.006309343 0.260870376 -2.888392400 -0.228701064
407531 7531.000000 17758100007531000 0.003225266 0.258403468 -2.900450454 -0.257022852
407532 7532.000000 17758100007532000 0.000145010 0.255332819 -2.913795615 -0.250089169
407533 7533.000000 17758100007533000 -0.002931304 0.252807935 -2.921305678 -0.242030543
407534 7534.000000 17758100007534000 -0.006003555 0.249709109 -2.921808229 -0.233461545
407535 7535.000000 17758100007535000 -0.009071621 0.246725272 -2.927987878 -0.261779127
407536 7536.000000 17758100007536000 -0.012135381 0.243866083 -2.932510185 -0.225383453
407537 7537.000000 17758100007537000 -0.015194713 0.240429936 -2.935544747 -0.216749967
407538 7538.000000 17758100007538000 -0.018249499 0.237862536 -2.936200702 -0.202531569
407539 7539.000000 17758100007539000 -0.021299616 0.234628666 -2.954122775 -0.235418927
407540 7540.000000 17758100007540000 -0.024344943 0.231798470 -2.962981340 -0.196782040
407541 7541.000000 17758100007541000 -0.027385363 0.228910720 -2.955352095 -0.202962638
407542 7542.000000 17758100007542000 -0.030420752 0.225858828 -2.966837293 -0.177794253
407543 7543.000000 17758100007543000 -0.033450995 0.222847090 -2.974746692 -0.197916991
407544 7544.000000 17758100007544000 -0.036475968 0.220053859 -2.978031391 -0.221520818
407545 7545.000000 17758100007545000 -0.039495554 0.216939472 -2.990231823 -0.207305881
407546 7546.000000 17758100007546000 -0.042509630 0.213776775 -2.983277099 -0.232363441
407547 7547.000000 17758100007547000 -0.045518082 0.210900626 -2.995038845 -0.201540225
407548 7548.000000 17758100007548000 -0.048520792 0.208206100 -2.993449373 -0.220380337
407549 7549.000000 17758100007549000 -0.051517636 0.205271791 -2.988239056 -0.147440569
407550 7550.000000 17758100007550000 -0.054508496 0.202170157 -3.001168241 -0.199857138
407551 7551.000000 17758100007551000 -0.057493258 0.199415786 -3.010613939 -0.143084271
407552 7552.000000 17758100007552000 -0.060471807 0.196077422 -3.017260911 -0.225489627
407553 7553.000000 17758100007553000 -0.063444018 0.192926120 -3.014123110 -0.212172687
407554 7554.000000 17758100007554000 -0.066409774 0.189881952 -3.012004205 -0.197786601
407555 7555.000000 17758100007555000 -0.069368958 0.186988689 -3.017903669 -0.186286772
407556 7556.000000 17758100007556000 -0.072321460 0.184216139 -3.024421724 -0.174888608
407557 7557.000000 17758100007557000 -0.075267158 0.181006297 -3.028389369 -0.147846759
407558 7558.000000 17758100007558000 -0.078205936 0.177715200 -3.037030408 -0.132019192
407559 7559.000000 17758100007559000 -0.081137687 0.174751160 -3.036106119 -0.133044194
407560 7560.000000 17758100007560000 -0.084062278 0.171800546 -3.032475999 -0.142934667
407561 7561.000000 17758100007561000 -0.086979605 0.168701550 -3.039630171 -0.179850782
407562 7562.000000 17758100007562000 -0.089889549 0.165280352 -3.047020667 -0.164105868
407563 7563.000000 17758100007563000 -0.092791997 0.162399687 -3.044708316 -0.193438357
407564 7564.000000 17758100007564000 -0.095686831 0.159669604 -3.052220004 -0.150914790
407565 7565.000000 17758100007565000 -0.098573945 0.156700752 -3.045823288 -0.161053526
407566 7566.000000 17758100007566000 -0.101453215 0.153593356 -3.048567996 -0.124510967
407567 7567.000000 17758100007567000 -0.104324535 0.150753314 -3.050170316 -0.134314101
407568 7568.000000 17758100007568000 -0.107187793 0.146983741 -3.052311480 -0.136983890
407569 7569.000000 17758100007569000 -0.110042863 0.144306583 -3.051327741 -0.148255584
407570 7570.000000 17758100007570000 -0.112889647 0.141502155 -3.062822796 -0.159530853
407571 7571.000000 17758100007571000 -0.115728021 0.138144348 -3.069915094 -0.166047946
407572 7572.000000 17758100007572000 -0.118557885 0.135795982 -3.070125180 -0.136078028
407573 7573.000000 17758100007573000 -0.121379115 0.132358758 -3.062386217 -0.088892175
407574 7574.000000 17758100007574000 -0.124191605 0.129271574 -3.064659055 -0.112925097
407575 7575.000000 17758100007575000 -0.126995251 0.125919855 -3.062958616 -0.114785936
407576 7576.000000 17758100007576000 -0.129789934 0.123176250 -3.061902424 -0.118675342
407577 7577.000000 17758100007577000 -0.132575542 0.119619204 -3.071441207 -0.113361944
407578 7578.000000 17758100007578000 -0.135351971 0.116720020 -3.075140954 -0.088134976
407579 7579.000000 17758100007579000 -0.138119102 0.113594176 -3.066678590 -0.088679459
407580 7580.000000 17758100007580000 -0.140876830 0.110820128 -3.075995015 -0.100751967
407581 7581.000000 17758100007581000 -0.143625066 0.107608288 -3.070863671 -0.088146424
407582 7582.000000 17758100007582000 -0.146363676 0.104414019 -3.074613157 -0.072893048
407583 7583.000000 17758100007583000 -0.149092555 0.101278405 -3.072509170 -0.079810502
407584 7584.000000 17758100007584000 -0.151811600 0.098573779 -3.074455709 -0.096845845
407585 7585.000000 17758100007585000 -0.154520705 0.095426264 -3.075388373 -0.060593524
407586 7586.000000 17758100007586000 -0.157219768 0.092196300 -3.077035489 -0.056309677
407587 7587.000000 17758100007587000 -0.159908667 0.089149443 -3.069304903 -0.061218038
407588 7588.000000 17758100007588000 -0.162587315 0.085828372 -3.069816179 -0.027614442
407589 7589.000000 17758100007589000 -0.165255591 0.082916518 -3.063374985 -0.059175308
407590 7590.000000 17758100007590000 -0.167913392 0.079967298 -3.067984051 -0.057657130
407591 7591.000000 17758100007591000 -0.170560628 0.076696650 -3.063650428 -0.065460628
407592 7592.000000 17758100007592000 -0.173197180 0.073845977 -3.061294017 -0.043524322
407593 7593.000000 17758100007593000 -0.175822929 0.070710210 -3.058523133 -0.030574390
407594 7594.000000 17758100007594000 -0.178437814 0.067700532 -3.064215006 -0.035379159
407595 7595.000000 17758100007595000 -0.181041688 0.064572304 -3.069150588 -0.037438429
407596 7596.000000 17758100007596000 -0.183634475 0.061783973 -3.060917710 -0.007918257
407597 7597.000000 17758100007597000 -0.186216056 0.058532301 -3.056852030 -0.056698995
407598 7598.000000 17758100007598000 -0.188786358 0.055698738 -3.060669152 -0.040866074
407599 7599.000000 17758100007599000 -0.191345245 0.052261278 -3.064083241 -0.012945175
407600 7600.000000 17758100007600000 -0.193892628 0.049421663 -3.063582348 -0.040307423
407601 7601.000000 17758100007601000 -0.196428403 0.046385342 -3.055569614 -0.017362256
407602 7602.000000 17758100007602000 -0.198952496 0.043221608 -3.057598060 -0.003961556
407603 7603.000000 17758100007603000 -0.201464772 0.040160883 -3.050433224 -0.019924772
407604 7604.000000 17758100007604000 -0.203965142 0.037417860 -3.039502515 -0.013234517
407605 7605.000000 17758100007605000 -0.206453532 0.034218607 -3.051141150 0.000394718
407606 7606.000000 17758100007606000 -0.208929807 0.031048316 -3.044398928 -0.008105481
407607 7607.000000 17758100007607000 -0.211393893 0.028094455 -3.037873350 0.022425986
407608 7608.000000 17758100007608000 -0.213845685 0.025207384 -3.036513930 0.000763666
407609 7609.000000 17758100007609000 -0.216285080 0.022163212 -3.038159398 0.006831872
407610 7610.000000 17758100007610000 -0.218712002 0.019135414 -3.025860729 -0.001122085
407611 7611.000000 17758100007611000 -0.221126333 0.015955328 -3.025674386 -0.032354488
407612 7612.000000 17758100007612000 -0.223527983 0.012905978 -3.028799523 0.002148812
407613 7613.000000 17758100007613000 -0.225916862 0.009847414 -3.017174719 0.024247246
407614 7614.000000 17758100007614000 -0.228292882 0.006236265 -3.018530507 0.049876391
407615 7615.000000 17758100007615000 -0.230655938 0.003829196 -3.011386940 0.044629262
407616 7616.000000 17758100007616000 -0.233005941 0.000804638 -3.012742565 0.041665441
407617 7617.000000 17758100007617000 -0.235342786 -0.002102188 -3.010388686 0.039071881
407618 7618.000000 17758100007618000 -0.237666398 -0.004974055 -3.001975644 0.053447924
407619 7619.000000 17758100007619000 -0.239976689 -0.008248148 -2.994848926 0.061385963
407620 7620.000000 17758100007620000 -0.242273554 -0.011240986 -2.993624536 0.039638658
407621 7621.000000 17758100007621000 -0.244556904 -0.014008422 -2.992875145 0.053961480
407622 7622.000000 17758100007622000 -0.246826649 -0.017233361 -2.980176555 0.089469621
407623 7623.000000 17758100007623000 -0.249082714 -0.020465375 -2.990045096 0.016513375
407624 7624.000000 17758100007624000 -0.251324981 -0.023236100 -2.975016169 0.017736495
407625 7625.000000 17758100007625000 -0.253553391 -0.026244516 -2.967260305 0.031841722
407626 7626.000000 17758100007626000 -0.255767852 -0.028859060 -2.962293177 0.070506635
407627 7627.000000 17758100007627000 -0.257968247 -0.032132315 -2.954629969 0.066190677
407628 7628.000000 17758100007628000 -0.260154516 -0.034714878 -2.953929096 0.027898404
407629 7629.000000 17758100007629000 -0.262326568 -0.037833772 -2.955550096 0.108261493
407630 7630.000000 17758100007630000 -0.264484316 -0.040662299 -2.938184294 0.075536055
407631 7631.000000 17758100007631000 -0.266627669 -0.043724597 -2.943852916 0.067514004
407632 7632.000000 17758100007632000 -0.268756568 -0.046805886 -2.942001020 0.117458738
407633 7633.000000 17758100007633000 -0.270870894 -0.049794298 -2.917172030 0.084590822
407634 7634.000000 17758100007634000 -0.272970587 -0.052840737 -2.919936739 0.107799167
407635 7635.000000 17758100007635000 -0.275055528 -0.055640232 -2.907819032 0.154088962
407636 7636.000000 17758100007636000 -0.277125686 -0.058514135 -2.901186553 0.138509187
407637 7637.000000 17758100007637000 -0.279180944 -0.061190585 -2.888787143 0.112294543
407638 7638.000000 17758100007638000 -0.281221241 -0.064272445 -2.894282713 0.126640158
407639 7639.000000 17758100007639000 -0.283246517 -0.067031723 -2.891101096 0.114216760
407640 7640.000000 17758100007640000 -0.285256624 -0.069763381 -2.885261102 0.163032386
407641 7641.000000 17758100007641000 -0.287251532 -0.072823899 -2.877823268 0.088719373
407642 7642.000000 17758100007642000 -0.289231151 -0.075821331 -2.869561931 0.129270092
407643 7643.000000 17758100007643000 -0.291195393 -0.079039291 -2.857349695 0.125461538
407644 7644.000000 17758100007644000 -0.293144226 -0.081471002 -2.851196406 0.139184378
407645 7645.000000 17758100007645000 -0.295077503 -0.084413344 -2.853129674 0.116412651
407646 7646.000000 17758100007646000 -0.296995193 -0.087246181 -2.847823393 0.130811348
407647 7647.000000 17758100007647000 -0.298897207 -0.090186154 -2.830321321 0.179986886
407648 7648.000000 17758100007648000 -0.300783485 -0.092849597 -2.825145217 0.174114240
407649 7649.000000 17758100007649000 -0.302653939 -0.095816326 -2.827423124 0.118276327
407650 7650.000000 17758100007650000 -0.304508507 -0.098236315 -2.819477916 0.160245179
407651 7651.000000 17758100007651000 -0.306347072 -0.101459414 -2.807306038 0.125446236
407652 7652.000000 17758100007652000 -0.308169633 -0.103798462 -2.798297678 0.156108709
407653 7653.000000 17758100007653000 -0.309976041 -0.107062529 -2.783048492 0.162111767
407654 7654.000000 17758100007654000 -0.311766297 -0.109485874 -2.784305533 0.171508188
407655 7655.000000 17758100007655000 -0.313540280 -0.112609875 -2.768594928 0.141359862
407656 7656.000000 17758100007656000 -0.315297961 -0.115144686 -2.758389876 0.169745893
407657 7657.000000 17758100007657000 -0.317039222 -0.117933343 -2.758639527 0.187793909
407658 7658.000000 17758100007658000 -0.318764031 -0.120787203 -2.746134528 0.192334575
407659 7659.000000 17758100007659000 -0.320472300 -0.123287486 -2.736184711 0.190830282
407660 7660.000000 17758100007660000 -0.322163969 -0.126181646 -2.733547456 0.206253194
407661 7661.000000 17758100007661000 -0.323838979 -0.129084670 -2.713545561 0.188924563
407662 7662.000000 17758100007662000 -0.325497240 -0.131448936 -2.697722503 0.205964940
407663 7663.000000 17758100007663000 -0.327138722 -0.134298600 -2.697390044 0.194492261
407664 7664.000000 17758100007664000 -0.328763336 -0.136725902 -2.694222958 0.205018467
407665 7665.000000 17758100007665000 -0.330371022 -0.139316964 -2.688319774 0.190235548
407666 7666.000000 17758100007666000 -0.331961721 -0.141923018 -2.675858028 0.202734250
407667 7667.000000 17758100007667000 -0.333535343 -0.145169635 -2.663482979 0.208483669
407668 7668.000000 17758100007668000 -0.335091889 -0.147541992 -2.658138952 0.184447992
407669 7669.000000 17758100007669000 -0.336631238 -0.150352020 -2.639906234 0.228432504
407670 7670.000000 17758100007670000 -0.338153332 -0.152677984 -2.636775381 0.229166915
407671 7671.000000 17758100007671000 -0.339658141 -0.155342567 -2.623156880 0.204440834
407672 7672.000000 17758100007672000 -0.341145605 -0.158196952 -2.605988512 0.200049397
407673 7673.000000 17758100007673000 -0.342615664 -0.160885080 -2.599028311 0.209782913
407674 7674.000000 17758100007674000 -0.344068229 -0.163490892 -2.595638512 0.209969617
407675 7675.000000 17758100007675000 -0.345503271 -0.165981475 -2.578817558 0.228785129
407676 7676.000000 17758100007676000 -0.346920699 -0.168052319 -2.572456563 0.231472661
407677 7677.000000 17758100007677000 -0.348320514 -0.170818546 -2.564718840 0.224375575
407678 7678.000000 17758100007678000 -0.349702626 -0.173504958 -2.550299266 0.250125786
407679 7679.000000 17758100007679000 -0.351066977 -0.176476158 -2.544272237 0.231623957
407680 7680.000000 17758100007680000 -0.352413535 -0.178586021 -2.525390096 0.252251934
407681 7681.000000 17758100007681000 -0.353742212 -0.181194115 -2.519024897 0.210767052
407682 7682.000000 17758100007682000 -0.355052978 -0.183612715 -2.506859540 0.272435783
407683 7683.000000 17758100007683000 -0.356345803 -0.186200143 -2.493995609 0.291761805
407684 7684.000000 17758100007684000 -0.357620597 -0.188690646 -2.484999159 0.233664752
407685 7685.000000 17758100007685000 -0.358877301 -0.191268011 -2.475107649 0.281074044
407686 7686.000000 17758100007686000 -0.360115916 -0.193462373 -2.460791227 0.289153447
407687 7687.000000 17758100007687000 -0.361336380 -0.196048470 -2.458961777 0.268317816
407688 7688.000000 17758100007688000 -0.362538606 -0.198425630 -2.438767325 0.277051310
407689 7689.000000 17758100007689000 -0.363722563 -0.201212626 -2.430575827 0.259911991
407690 7690.000000 17758100007690000 -0.364888251 -0.203095880 -2.417689221 0.288856130
407691 7691.000000 17758100007691000 -0.366035551 -0.205440799 -2.403640715 0.246105206
407692 7692.000000 17758100007692000 -0.367164463 -0.207937444 -2.394066635 0.304935936
407693 7693.000000 17758100007693000 -0.368274957 -0.210504255 -2.376389123 0.281882218
407694 7694.000000 17758100007694000 -0.369366914 -0.212832033 -2.370296046 0.273074432
407695 7695.000000 17758100007695000 -0.370440394 -0.215123966 -2.350877675 0.293611704
407696 7696.000000 17758100007696000 -0.371495277 -0.217750820 -2.342179000 0.314797924
407697 7697.000000 17758100007697000 -0.372531533 -0.219982266 -2.333777116 0.297348686
407698 7698.000000 17758100007698000 -0.373549163 -0.222244602 -2.310419713 0.294782748
407699 7699.000000 17758100007699000 -0.374548078 -0.224622905 -2.294730978 0.315931271
407700 7700.000000 17758100007700000 -0.375528246 -0.226934720 -2.284097842 0.300142424
407701 7701.000000 17758100007701000 -0.376489669 -0.229127338 -2.269146121 0.315526507
407702 7702.000000 17758100007702000 -0.377432287 -0.231010872 -2.272295079 0.352332984
407703 7703.000000 17758100007703000 -0.378356040 -0.233502242 -2.247263437 0.308211515
407704 7704.000000 17758100007704000 -0.379260898 -0.235581147 -2.251119838 0.334913372
407705 7705.000000 17758100007705000 -0.380146831 -0.237914768 -2.222751654 0.344925672
407706 7706.000000 17758100007706000 -0.381013840 -0.240599642 -2.205263766 0.311883282
407707 7707.000000 17758100007707000 -0.381861836 -0.242260324 -2.200005429 0.273979249
407708 7708.000000 17758100007708000 -0.382690817 -0.244307124 -2.180021732 0.298169167
407709 7709.000000 17758100007709000 -0.383500755 -0.246416598 -2.168936139 0.293741191
407710 7710.000000 17758100007710000 -0.384291589 -0.248677748 -2.159512875 0.303734918
407711 7711.000000 17758100007711000 -0.385063291 -0.251221928 -2.137551720 0.328733535
407712 7712.000000 17758100007712000 -0.385815859 -0.253191416 -2.130340640 0.360306886
407713 7713.000000 17758100007713000 -0.386549264 -0.255430164 -2.117426450 0.338102993
407714 7714.000000 17758100007714000 -0.387263447 -0.257545888 -2.099688992 0.350653715
407715 7715.000000 17758100007715000 -0.387958378 -0.259615093 -2.092079393 0.327169400
407716 7716.000000 17758100007716000 -0.388634056 -0.261841448 -2.068648893 0.354372409
407717 7717.000000 17758100007717000 -0.389290452 -0.263474716 -2.066738453 0.333607070
407718 7718.000000 17758100007718000 -0.389927536 -0.265794577 -2.043311021 0.387991000
407719 7719.000000 17758100007719000 -0.390545249 -0.267599285 -2.038500305 0.335668266
407720 7720.000000 17758100007720000 -0.391143620 -0.269474997 -2.014179198 0.318034784
407721 7721.000000 17758100007721000 -0.391722590 -0.271903561 -2.005146411 0.382177409
407722 7722.000000 17758100007722000 -0.392282158 -0.273548239 -1.984534469 0.376496205
407723 7723.000000 17758100007723000 -0.392822295 -0.275604572 -1.975845367 0.351092408
407724 7724.000000 17758100007724000 -0.393342972 -0.277941284 -1.949149549 0.371666035
407725 7725.000000 17758100007725000 -0.393844157 -0.279548978 -1.938561825 0.378288590
407726 7726.000000 17758100007726000 -0.394325882 -0.281711269 -1.934896842 0.396433276
407727 7727.000000 17758100007727000 -0.394788057 -0.283756046 -1.903259828 0.403926510
407728 7728.000000 17758100007728000 -0.395230711 -0.285366490 -1.897220583 0.350483016
407729 7729.000000 17758100007729000 -0.395653814 -0.287267314 -1.881493575 0.400712203
407730 7730.000000 17758100007730000 -0.396057338 -0.289017516 -1.871329927 0.375547482
407731 7731.000000 17758100007731000 -0.396441311 -0.291365093 -1.854040663 0.393138505
407732 7732.000000 17758100007732000 -0.396805644 -0.293042409 -1.835872705 0.399487425
407733 7733.000000 17758100007733000 -0.397150397 -0.294771169 -1.818406864 0.412862843
407734 7734.000000 17758100007734000 -0.397475511 -0.296238690 -1.803693222 0.391558732
407735 7735.000000 17758100007735000 -0.397780985 -0.298268840 -1.785864490 0.410997443
407736 7736.000000 17758100007736000 -0.398066819 -0.300043535 -1.767072921 0.407559087
407737 7737.000000 17758100007737000 -0.398332953 -0.301751834 -1.760601967 0.396815079
407738 7738.000000 17758100007738000 -0.398579448 -0.303421719 -1.739294467 0.427004010
407739 7739.000000 17758100007739000 -0.398806244 -0.305573350 -1.725012089 0.370236668
407740 7740.000000 17758100007740000 -0.399013370 -0.306850949 -1.707689862 0.423426842
407741 7741.000000 17758100007741000 -0.399200767 -0.308505649 -1.699283868 0.403865447
407742 7742.000000 17758100007742000 -0.399368465 -0.310471856 -1.680770496 0.430220128
407743 7743.000000 17758100007743000 -0.399516463 -0.312102293 -1.654005272 0.431500195
407744 7744.000000 17758100007744000 -0.399644732 -0.313452671 -1.646523398 0.399332797
407745 7745.000000 17758100007745000 -0.399753273 -0.315495226 -1.625611871 0.407088323
407746 7746.000000 17758100007746000 -0.399842083 -0.316818210 -1.608883765 0.423895908
407747 7747.000000 17758100007747000 -0.399911165 -0.318311043 -1.599255853 0.415600883
407748 7748.000000 17758100007748000 -0.399960518 -0.319686302 -1.572499376 0.461261766
407749 7749.000000 17758100007749000 -0.399990141 -0.321530778 -1.559601381 0.471099155
407750 7750.000000 17758100007750000 -0.400000006 -0.322925429 -1.547118364 0.453544950
407751 7751.000000 17758100007751000 -0.399990141 -0.324403472 -1.521646493 0.433476209
407752 7752.000000 17758100007752000 -0.399960518 -0.326394163 -1.504619168 0.443954946
407753 7753.000000 17758100007753000 -0.399911165 -0.327217900 -1.501036827 0.401469763
407754 7754.000000 17758100007754000 -0.399842083 -0.328959546 -1.483635605 0.423533019
407755 7755.000000 17758100007755000 -0.399753273 -0.330563024 -1.461930506 0.458552536
407756 7756.000000 17758100007756000 -0.399644732 -0.332001272 -1.448163736 0.438333607
407757 7757.000000 17758100007757000 -0.399516463 -0.333656121 -1.425134789 0.442259947
407758 7758.000000 17758100007758000 -0.399368465 -0.335219401 -1.423278107 0.475334275
407759 7759.000000 17758100007759000 -0.399200767 -0.336264359 -1.389395922 0.454567155
407760 7760.000000 17758100007760000 -0.399013370 -0.337649187 -1.383194241 0.452486113
407761 7761.000000 17758100007761000 -0.398806244 -0.339046606 -1.353707391 0.433112469
407762 7762.000000 17758100007762000 -0.398579448 -0.340218527 -1.332430832 0.454583416
407763 7763.000000 17758100007763000 -0.398332953 -0.341571702 -1.323625465 0.445134576
407764 7764.000000 17758100007764000 -0.398066819 -0.342938089 -1.316117922 0.477193579
407765 7765.000000 17758100007765000 -0.397780985 -0.344617111 -1.293636752 0.442972537
407766 7766.000000 17758100007766000 -0.397475511 -0.345931228 -1.278882152 0.449788692
407767 7767.000000 17758100007767000 -0.397150397 -0.346662535 -1.254046810 0.465745928
407768 7768.000000 17758100007768000 -0.396805644 -0.348159488 -1.230818476 0.491429306
407769 7769.000000 17758100007769000 -0.396441311 -0.349486166 -1.222097319 0.500912299
407770 7770.000000 17758100007770000 -0.396057338 -0.350431302 -1.202976284 0.470971093
407771 7771.000000 17758100007771000 -0.395653814 -0.351594778 -1.182872429 0.475059520
407772 7772.000000 17758100007772000 -0.395230711 -0.353103446 -1.169641475 0.496132291
407773 7773.000000 17758100007773000 -0.394788057 -0.353959320 -1.132369553 0.458378597
407774 7774.000000 17758100007774000 -0.394325882 -0.355047880 -1.121836256 0.473998817
407775 7775.000000 17758100007775000 -0.393844157 -0.356330947 -1.117178056 0.457180341
407776 7776.000000 17758100007776000 -0.393342972 -0.357212251 -1.095027749 0.468709812
407777 7777.000000 17758100007777000 -0.392822295 -0.358114814 -1.074828961 0.513723744
407778 7778.000000 17758100007778000 -0.392282158 -0.359552027 -1.063167932 0.457170172
407779 7779.000000 17758100007779000 -0.391722590 -0.360581293 -1.038818414 0.483564035
407780 7780.000000 17758100007780000 -0.391143620 -0.361569439 -1.016137858 0.488804482
407781 7781.000000 17758100007781000 -0.390545249 -0.362295434 -0.998298727 0.497574297
407782 7782.000000 17758100007782000 -0.389927536 -0.363446732 -0.979636979 0.482480766
407783 7783.000000 17758100007783000 -0.389290452 -0.364611041 -0.964678266 0.523068973
407784 7784.000000 17758100007784000 -0.388634056 -0.365452100 -0.954855355 0.492803715
407785 7785.000000 17758100007785000 -0.387958378 -0.366304964 -0.925607448 0.472135477
407786 7786.000000 17758100007786000 -0.387263447 -0.367321569 -0.919381669 0.502272584
407787 7787.000000 17758100007787000 -0.386549264 -0.368025875 -0.892604946 0.488632338
407788 7788.000000 17758100007788000 -0.385815859 -0.368844117 -0.876691024 0.502561774
407789 7789.000000 17758100007789000 -0.385063291 -0.369835001 -0.858214587 0.464008368
407790 7790.000000 17758100007790000 -0.384291589 -0.370712050 -0.835996853 0.538767718
407791 7791.000000 17758100007791000 -0.383500755 -0.371717842 -0.810267965 0.506788598
407792 7792.000000 17758100007792000 -0.382690817 -0.372082437 -0.802763067 0.513587947
407793 7793.000000 17758100007793000 -0.381861836 -0.373305918 -0.777186784 0.519092681
407794 7794.000000 17758100007794000 -0.381013840 -0.373934095 -0.757877764 0.494415292
407795 7795.000000 17758100007795000 -0.380146831 -0.374563103 -0.747570240 0.512547406
407796 7796.000000 17758100007796000 -0.379260898 -0.375628908 -0.730029984 0.547178753
407797 7797.000000 17758100007797000 -0.378356040 -0.376054717 -0.707409446 0.480236775
407798 7798.000000 17758100007798000 -0.377432287 -0.376661856 -0.688055298 0.518706929
407799 7799.000000 17758100007799000 -0.376489669 -0.377524282 -0.665120925 0.524117440
407800 7800.000000 17758100007800000 -0.375528246 -0.377905378 -0.650658541 0.534057483
407801 7801.000000 17758100007801000 -0.374548078 -0.378676233 -0.632332827 0.499234386
407802 7802.000000 17758100007802000 -0.373549163 -0.379520093 -0.607709213 0.491071165
407803 7803.000000 17758100007803000 -0.372531533 -0.379504778 -0.592787818 0.525485015
407804 7804.000000 17758100007804000 -0.371495277 -0.380626172 -0.566734392 0.515640809
407805 7805.000000 17758100007805000 -0.370440394 -0.381224301 -0.560352815 0.494144467
407806 7806.000000 17758100007806000 -0.369366914 -0.381569206 -0.538668810 0.534728783
407807 7807.000000 17758100007807000 -0.368274957 -0.381833275 -0.521000551 0.523965273
407808 7808.000000 17758100007808000 -0.367164463 -0.381924684 -0.497957240 0.532890154
407809 7809.000000 17758100007809000 -0.366035551 -0.383305555 -0.474277365 0.553956837
407810 7810.000000 17758100007810000 -0.364888251 -0.383555180 -0.458733433 0.527637484
407811 7811.000000 17758100007811000 -0.363722563 -0.384161946 -0.440163992 0.503628417
407812 7812.000000 17758100007812000 -0.362538606 -0.384499195 -0.410125657 0.536953379
407813 7813.000000 17758100007813000 -0.361336380 -0.384954797 -0.406904120 0.490970829
407814 7814.000000 17758100007814000 -0.360115916 -0.385257609 -0.383910379 0.526861725
407815 7815.000000 17758100007815000 -0.358877301 -0.385582608 -0.363118973 0.580802355
407816 7816.000000 17758100007816000 -0.357620597 -0.386072974 -0.347051913 0.531935800
407817 7817.000000 17758100007817000 -0.356345803 -0.386130941 -0.323383724 0.544786302
407818 7818.000000 17758100007818000 -0.355052978 -0.386497427 -0.310521423 0.520400908
407819 7819.000000 17758100007819000 -0.353742212 -0.386597216 -0.288444825 0.576920694
407820 7820.000000 17758100007820000 -0.352413535 -0.386874397 -0.265701972 0.532871495
407821 7821.000000 17758100007821000 -0.351066977 -0.387165262 -0.260378610 0.532919289
407822 7822.000000 17758100007822000 -0.349702626 -0.387672344 -0.228643297 0.517670814
407823 7823.000000 17758100007823000 -0.348320514 -0.387463157 -0.210989228 0.534955186
407824 7824.000000 17758100007824000 -0.346920699 -0.387866219 -0.194161517 0.514667439
407825 7825.000000 17758100007825000 -0.345503271 -0.387857437 -0.171030056 0.549580287
407826 7826.000000 17758100007826000 -0.344068229 -0.388079698 -0.153100363 0.548039163
407827 7827.000000 17758100007827000 -0.342615664 -0.388523447 -0.132131039 0.562236910
407828 7828.000000 17758100007828000 -0.341145605 -0.388559029 -0.112373033 0.553527919
407829 7829.000000 17758100007829000 -0.339658141 -0.388486561 -0.102768289 0.534294283
407830 7830.000000 17758100007830000 -0.338153332 -0.388758745 -0.078777405 0.524477651
407831 7831.000000 17758100007831000 -0.336631238 -0.388779861 -0.055773229 0.549269331
407832 7832.000000 17758100007832000 -0.335091889 -0.388492047 -0.037527561 0.554588246
407833 7833.000000 17758100007833000 -0.333535343 -0.388593977 -0.025402111 0.530797822
407834 7834.000000 17758100007834000 -0.331961721 -0.388917859 -0.007811319 0.543866876
407835 7835.000000 17758100007835000 -0.330371022 -0.388327363 0.016854778 0.554279099
407836 7836.000000 17758100007836000 -0.328763336 -0.388728920 0.042423632 0.536238549
407837 7837.000000 17758100007837000 -0.327138722 -0.388592511 0.059728206 0.562159238
407838 7838.000000 17758100007838000 -0.325497240 -0.388281562 0.086532243 0.582298286
407839 7839.000000 17758100007839000 -0.323838979 -0.388399805 0.093242877 0.536724143
407840 7840.000000 17758100007840000 -0.322163969 -0.388351079 0.115084929 0.525566824
407841 7841.000000 17758100007841000 -0.320472300 -0.388258541 0.141619939 0.526061213
407842 7842.000000 17758100007842000 -0.318764031 -0.388267314 0.151308359 0.559488212
407843 7843.000000 17758100007843000 -0.317039222 -0.388180787 0.181536071 0.529619765
407844 7844.000000 17758100007844000 -0.315297961 -0.387911333 0.196910691 0.523795175
407845 7845.000000 17758100007845000 -0.313540280 -0.387395310 0.212068138 0.548259551
407846 7846.000000 17758100007846000 -0.311766297 -0.387284775 0.239316860 0.542379065
407847 7847.000000 17758100007847000 -0.309976041 -0.387063991 0.257556972 0.553922354
407848 7848.000000 17758100007848000 -0.308169633 -0.386767436 0.265055242 0.567805348
407849 7849.000000 17758100007849000 -0.306347072 -0.386342944 0.283876380 0.546068864
407850 7850.000000 17758100007850000 -0.304508507 -0.386177208 0.307891105 0.506809506
407851 7851.000000 17758100007851000 -0.302653939 -0.386036393 0.328376416 0.532572451
407852 7852.000000 17758100007852000 -0.300783485 -0.385863583 0.344450898 0.565239262
407853 7853.000000 17758100007853000 -0.298897207 -0.384940320 0.357350226 0.517617743
407854 7854.000000 17758100007854000 -0.296995193 -0.384511716 0.384432405 0.546719406
407855 7855.000000 17758100007855000 -0.295077503 -0.384539340 0.406951910 0.527047298
407856 7856.000000 17758100007856000 -0.293144226 -0.384217242 0.423175899 0.542495361
407857 7857.000000 17758100007857000 -0.291195393 -0.383291184 0.445612559 0.555885747
407858 7858.000000 17758100007858000 -0.289231151 -0.383196602 0.465842369 0.523467980
407859 7859.000000 17758100007859000 -0.287251532 -0.382561611 0.481204420 0.549382668
407860 7860.000000 17758100007860000 -0.285256624 -0.381793650 0.498113772 0.524500093
407861 7861.000000 17758100007861000 -0.283246517 -0.381395310 0.520279609 0.537918564
407862 7862.000000 17758100007862000 -0.281221241 -0.380853273 0.529496291 0.548834362
407863 7863.000000 17758100007863000 -0.279180944 -0.380607560 0.566407726 0.521383663
407864 7864.000000 17758100007864000 -0.277125686 -0.379902565 0.568179481 0.530411314
407865 7865.000000 17758100007865000 -0.275055528 -0.379404671 0.597907936 0.571934464
407866 7866.000000 17758100007866000 -0.272970587 -0.378945946 0.614323629 0.565109186
407867 7867.000000 17758100007867000 -0.270870894 -0.378241097 0.631059557 0.533937306
407868 7868.000000 17758100007868000 -0.268756568 -0.377658262 0.639256911 0.536117518
407869 7869.000000 17758100007869000 -0.266627669 -0.376971657 0.676243005 0.521674058
407870 7870.000000 17758100007870000 -0.264484316 -0.376263007 0.683353625 0.533008743
407871 7871.000000 17758100007871000 -0.262326568 -0.375297949 0.706764223 0.525522862
407872 7872.000000 17758100007872000 -0.260154516 -0.374458665 0.724713648 0.580411422
407873 7873.000000 17758100007873000 -0.257968247 -0.373718236 0.749605687 0.555147654
407874 7874.000000 17758100007874000 -0.255767852 -0.373032520 0.759167663 0.563156255
407875 7875.000000 17758100007875000 -0.253553391 -0.372579188 0.779232445 0.528936044
407876 7876.000000 17758100007876000 -0.251324981 -0.371376989 0.802955369 0.504759384
407877 7877.000000 17758100007877000 -0.249082714 -0.370452892 0.818779990 0.531524955
407878 7878.000000 17758100007878000 -0.246826649 -0.369738296 0.835416451 0.537431455
407879 7879.000000 17758100007879000 -0.244556904 -0.368922377 0.845456466 0.554744279
407880 7880.000000 17758100007880000 -0.242273554 -0.367958330 0.876711499 0.543725285
407881 7881.000000 17758100007881000 -0.239976689 -0.367482108 0.899018928 0.526354568
407882 7882.000000 17758100007882000 -0.237666398 -0.365806150 0.912796232 0.521010919
407883 7883.000000 17758100007883000 -0.235342786 -0.365247029 0.921327484 0.555330660
407884 7884.000000 17758100007884000 -0.233005941 -0.364113332 0.940760758 0.550863751
407885 7885.000000 17758100007885000 -0.230655938 -0.363441589 0.972088158 0.517193144
407886 7886.000000 17758100007886000 -0.228292882 -0.362205970 0.977250555 0.526114444
407887 7887.000000 17758100007887000 -0.225916862 -0.362121542 1.003692562 0.524840213
407888 7888.000000 17758100007888000 -0.223527983 -0.360668058 1.021170656 0.513846111
407889 7889.000000 17758100007889000 -0.221126333 -0.359565015 1.045287664 0.512866872
407890 7890.000000 17758100007890000 -0.218712002 -0.358473989 1.053752955 0.492272544
407891 7891.000000 17758100007891000 -0.216285080 -0.357275944 1.074248442 0.553270478
407892 7892.000000 17758100007892000 -0.213845685 -0.356008115 1.098284358 0.526741129
407893 7893.000000 17758100007893000 -0.211393893 -0.354879521 1.110552320 0.552068078
407894 7894.000000 17758100007894000 -0.208929807 -0.353697742 1.119121612 0.534583422
407895 7895.000000 17758100007895000 -0.206453532 -0.352645265 1.141223142 0.553968455
407896 7896.000000 17758100007896000 -0.203965142 -0.351483708 1.164043483 0.537223647
407897 7897.000000 17758100007897000 -0.201464772 -0.350395327 1.185687767 0.501581449
407898 7898.000000 17758100007898000 -0.198952496 -0.349415585 1.206888095 0.557350723
407899 7899.000000 17758100007899000 -0.196428403 -0.347915874 1.240059244 0.523118825
407900 7900.000000 17758100007900000 -0.193892628 -0.346660693 1.233932352 0.539643861
407901 7901.000000 17758100007901000 -0.191345245 -0.345419851 1.257497286 0.550817634
407902 7902.000000 17758100007902000 -0.188786358 -0.344087753 1.271441391 0.551164249
407903 7903.000000 17758100007903000 -0.186216056 -0.343007645 1.289113745 0.540225764
407904 7904.000000 17758100007904000 -0.183634475 -0.341713639 1.313459624 0.500078371
407905 7905.000000 17758100007905000 -0.181041688 -0.340542725 1.329944449 0.506327883
407906 7906.000000 17758100007906000 -0.178437814 -0.338991905 1.343204369 0.524545754
407907 7907.000000 17758100007907000 -0.175822929 -0.337383160 1.365193524 0.521804382
407908 7908.000000 17758100007908000 -0.173197180 -0.336321031 1.375462299 0.506108343
407909 7909.000000 17758100007909000 -0.170560628 -0.334450372 1.397927326 0.520070400
407910 7910.000000 17758100007910000 -0.167913392 -0.333284163 1.407971259 0.525056812
407911 7911.000000 17758100007911000 -0.165255591 -0.332234981 1.427134214 0.521583059
407912 7912.000000 17758100007912000 -0.162587315 -0.330639534 1.447203482 0.512452268
407913 7913.000000 17758100007913000 -0.159908667 -0.328786080 1.458377363 0.485111538
407914 7914.000000 17758100007914000 -0.157219768 -0.327762125 1.480795946 0.470875931
407915 7915.000000 17758100007915000 -0.154520705 -0.325866071 1.491203201 0.512958813
407916 7916.000000 17758100007916000 -0.151811600 -0.324440098 1.519444406 0.527504570
407917 7917.000000 17758100007917000 -0.149092555 -0.323313529 1.525314595 0.470044112
407918 7918.000000 17758100007918000 -0.146363676 -0.321761177 1.548876455 0.520001540
407919 7919.000000 17758100007919000 -0.143625066 -0.319572673 1.573520826 0.492705423
407920 7920.000000 17758100007920000 -0.140876830 -0.318358675 1.580770215 0.498151259
407921 7921.000000 17758100007921000 -0.138119102 -0.316883594 1.604049620 0.518775629
407922 7922.000000 17758100007922000 -0.135351971 -0.315169481 1.619039169 0.521941348
407923 7923.000000 17758100007923000 -0.132575542 -0.313887863 1.628790130 0.535209806
407924 7924.000000 17758100007924000 -0.129789934 -0.312146965 1.642933610 0.503980428
407925 7925.000000 17758100007925000 -0.126995251 -0.310041913 1.663731450 0.487573515
407926 7926.000000 17758100007926000 -0.124191605 -0.308835364 1.672864142 0.477767057
407927 7927.000000 17758100007927000 -0.121379115 -0.306735508 1.693692754 0.508980818
407928 7928.000000 17758100007928000 -0.118557885 -0.305132850 1.712628209 0.477904943
407929 7929.000000 17758100007929000 -0.115728021 -0.303158751 1.731489035 0.464685633
407930 7930.000000 17758100007930000 -0.112889647 -0.301731040 1.747634325 0.505699365
407931 7931.000000 17758100007931000 -0.110042863 -0.300038024 1.759405093 0.509040682
407932 7932.000000 17758100007932000 -0.107187793 -0.298313492 1.775816650 0.508685654
407933 7933.000000 17758100007933000 -0.104324535 -0.296225681 1.791551160 0.486697760
407934 7934.000000 17758100007934000 -0.101453215 -0.294722730 1.807081176 0.483644529
407935 7935.000000 17758100007935000 -0.098573945 -0.292511561 1.815801942 0.477340360
407936 7936.000000 17758100007936000 -0.095686831 -0.291346724 1.828014181 0.499056846
407937 7937.000000 17758100007937000 -0.092791997 -0.288960691 1.859622615 0.476149471
407938 7938.000000 17758100007938000 -0.089889549 -0.287502895 1.861196364 0.481839790
407939 7939.000000 17758100007939000 -0.086979605 -0.285327084 1.883098904 0.470945346
407940 7940.000000 17758100007940000 -0.084062278 -0.283431336 1.897028775 0.458224400
407941 7941.000000 17758100007941000 -0.081137687 -0.281698267 1.902537157 0.506012130
407942 7942.000000 17758100007942000 -0.078205936 -0.279579987 1.919791501 0.505549415
407943 7943.000000 17758100007943000 -0.075267158 -0.278033865 1.940412573 0.475656669
407944 7944.000000 17758100007944000 -0.072321460 -0.275953686 1.959688648 0.431906837
407945 7945.000000 17758100007945000 -0.069368958 -0.273452607 1.977383340 0.446905488
407946 7946.000000 17758100007946000 -0.066409774 -0.271517973 1.977394742 0.438281389
407947 7947.000000 17758100007947000 -0.063444018 -0.269876487 2.004746480 0.452522487
407948 7948.000000 17758100007948000 -0.060471807 -0.267830086 2.020533937 0.454347308
407949 7949.000000 17758100007949000 -0.057493258 -0.265742788 2.026346448 0.459354453
407950 7950.000000 17758100007950000 -0.054508496 -0.263856808 2.048740659 0.482464987
407951 7951.000000 17758100007951000 -0.051517636 -0.261256464 2.057616363 0.443651727
407952 7952.000000 17758100007952000 -0.048520792 -0.259414757 2.070269112 0.470790737
407953 7953.000000 17758100007953000 -0.045518082 -0.257490883 2.077063561 0.467653940
407954 7954.000000 17758100007954000 -0.042509630 -0.255274916 2.099125505 0.437987210
407955 7955.000000 17758100007955000 -0.039495554 -0.253063477 2.115062409 0.435644508
407956 7956.000000 17758100007956000 -0.036475968 -0.251013886 2.131796311 0.444488891
407957 7957.000000 17758100007957000 -0.033450995 -0.248825189 2.140183392 0.450296343
407958 7958.000000 17758100007958000 -0.030420752 -0.246421671 2.158473110 0.440832355
407959 7959.000000 17758100007959000 -0.027385363 -0.244646548 2.176040532 0.430513805
407960 7960.000000 17758100007960000 -0.024344943 -0.242128659 2.184740228 0.415905750
407961 7961.000000 17758100007961000 -0.021299616 -0.240046619 2.189078469 0.443853779
407962 7962.000000 17758100007962000 -0.018249499 -0.238164380 2.216850683 0.447926845
407963 7963.000000 17758100007963000 -0.015194713 -0.235810355 2.220016144 0.384393820
407964 7964.000000 17758100007964000 -0.012135381 -0.233512013 2.246595755 0.404530630
407965 7965.000000 17758100007965000 -0.009071621 -0.231229592 2.248914763 0.449103856
407966 7966.000000 17758100007966000 -0.006003555 -0.229408429 2.258995163 0.427812743
407967 7967.000000 17758100007967000 -0.002931304 -0.226407473 2.279364211 0.409703309
407968 7968.000000 17758100007968000 0.000145010 -0.224465245 2.304462508 0.409218115
407969 7969.000000 17758100007969000 0.003225266 -0.222174233 2.308679856 0.418250651
407970 7970.000000 17758100007970000 0.006309343 -0.219874859 2.315488902 0.363636418
407971 7971.000000 17758100007971000 0.009397118 -0.217314274 2.335441481 0.417524347
407972 7972.000000 17758100007972000 0.012488470 -0.215034877 2.347401559 0.435320589
407973 7973.000000 17758100007973000 0.015583278 -0.212715757 2.357793182 0.388709852
407974 7974.000000 17758100007974000 0.018681418 -0.209924956 2.362783510 0.392069913
407975 7975.000000 17758100007975000 0.021782767 -0.207730233 2.381982124 0.406734310
407976 7976.000000 17758100007976000 0.024887206 -0.205334414 2.384571723 0.394592557
407977 7977.000000 17758100007977000 0.027994609 -0.202821680 2.400967597 0.387315568
407978 7978.000000 17758100007978000 0.031104855 -0.200711495 2.422612999 0.358099937
407979 7979.000000 17758100007979000 0.034217820 -0.198717780 2.421903166 0.396908201
407980 7980.000000 17758100007980000 0.037333384 -0.196031495 2.437393394 0.407621241
407981 7981.000000 17758100007981000 0.040451419 -0.193205299 2.446742036 0.405821888
407982 7982.000000 17758100007982000 0.043571807 -0.191159329 2.459387289 0.343643645
407983 7983.000000 17758100007983000 0.046694424 -0.188440139 2.470098144 0.383139652
407984 7984.000000 17758100007984000 0.049819142 -0.186260685 2.485034446 0.343465497
407985 7985.000000 17758100007985000 0.052945845 -0.183590514 2.498946942 0.359995103
407986 7986.000000 17758100007986000 0.056074403 -0.180560284 2.508044850 0.368780432
407987 7987.000000 17758100007987000 0.059204694 -0.178658465 2.522909499 0.373364286
407988 7988.000000 17758100007988000 0.062336598 -0.176405947 2.527499044 0.378974700
407989 7989.000000 17758100007989000 0.065469988 -0.173439167 2.538774263 0.369599204
407990 7990.000000 17758100007990000 0.068604738 -0.170915745 2.547093520 0.328870614
407991 7991.000000 17758100007991000 0.071740732 -0.168619137 2.545060212 0.340094803
407992 7992.000000 17758100007992000 0.074877843 -0.165889300 2.571654897 0.369052761
407993 7993.000000 17758100007993000 0.078015938 -0.163039197 2.583634184 0.378535636
407994 7994.000000 17758100007994000 0.081154905 -0.160710566 2.596875307 0.355539083
407995 7995.000000 17758100007995000 0.084294617 -0.158222623 2.595386684 0.319214937
407996 7996.000000 17758100007996000 0.087434955 -0.155431727 2.611960321 0.346544473
407997 7997.000000 17758100007997000 0.090575777 -0.152514327 2.627623677 0.341674196
407998 7998.000000 17758100007998000 0.093716979 -0.150048163 2.640631007 0.330959622
407999 7999.000000 17758100007999000 0.096858427 -0.147602658 2.648752674 0.331667141
