# SYNTHETIC PLACEHOLDER — replace with real WMX3 CoreMotion Data Log
# profile=sine frequency=10Hz amplitude=0.04rad backend=newton dt=0.001s seed=20260820
# MotorParams kp=10.996398718882114 ki=1.1930162194347773 kd=0.8556416451823275 integral_max=4.437985730220815 effort_limit=5.193511737418461 inertia=0.028188008953187953 viscous=0.024485211102482668 coulomb=0.0006373491469474279 delay_steps=2
CYCLE TIME SYSTEM_TIME CMDPOS0 FBKPOS0 FBKVEL0 FBKTRQ0
700000 0.000000 17758100000000000 0.100000001 0.099945216 -0.001770697 0.026989698
700001 1.000000 17758100000001000 0.102511622 0.100159015 -0.007057433 -0.001109131
700002 2.000000 17758100000002000 0.105013326 0.099952980 -0.008402038 0.019383555
700003 3.000000 17758100000003000 0.107495256 0.100326674 -0.008015129 0.055451218
700004 4.000000 17758100000004000 0.109947592 0.100038899 -0.008888213 0.053171015
700005 5.000000 17758100000005000 0.112360679 0.100149002 0.006921533 0.073199094
700006 6.000000 17758100000006000 0.114724979 0.100046369 0.007289963 0.107070286
700007 7.000000 17758100000007000 0.117031172 0.100117120 0.010067135 0.103009567
700008 8.000000 17758100000008000 0.119270146 0.100219845 0.011779578 0.163508200
700009 9.000000 17758100000009000 0.121433072 0.099999428 0.019481283 0.201629033
700010 10.000000 17758100000010000 0.123511411 0.100197864 0.018923766 0.184648127
700011 11.000000 17758100000011000 0.125496954 0.100509050 0.028110628 0.241114207
700012 12.000000 17758100000012000 0.127381891 0.100523385 0.035975323 0.226174112
700013 13.000000 17758100000013000 0.129158750 0.099894293 0.050590426 0.245185416
700014 14.000000 17758100000014000 0.130820528 0.100774512 0.051986740 0.260814343
700015 15.000000 17758100000015000 0.132360682 0.100360912 0.062367650 0.271986199
700016 16.000000 17758100000016000 0.133773118 0.100038229 0.077389787 0.255986523
700017 17.000000 17758100000017000 0.135052264 0.100241809 0.072418701 0.259798629
700018 18.000000 17758100000018000 0.136193082 0.100786852 0.094167598 0.266551968
700019 19.000000 17758100000019000 0.137191057 0.100381687 0.101784203 0.304362473
700020 20.000000 17758100000020000 0.138042256 0.100790099 0.110869847 0.254914827
700021 21.000000 17758100000021000 0.138743326 0.100802829 0.130026471 0.311212894
700022 22.000000 17758100000022000 0.139291495 0.100957503 0.129775632 0.297848047
700023 23.000000 17758100000023000 0.139684588 0.101233559 0.149293281 0.295436912
700024 24.000000 17758100000024000 0.139921069 0.101409507 0.152179296 0.309348664
700025 25.000000 17758100000025000 0.140000001 0.101224383 0.165796911 0.297574825
700026 26.000000 17758100000026000 0.139921069 0.101643083 0.161865041 0.286506818
700027 27.000000 17758100000027000 0.139684588 0.101853552 0.181661165 0.266869251
700028 28.000000 17758100000028000 0.139291495 0.101657902 0.194636404 0.227705616
700029 29.000000 17758100000029000 0.138743326 0.102187431 0.199338511 0.205137630
700030 30.000000 17758100000030000 0.138042256 0.102577808 0.202260803 0.262089176
700031 31.000000 17758100000031000 0.137191057 0.102800799 0.217289066 0.234376648
700032 32.000000 17758100000032000 0.136193082 0.102972096 0.228809813 0.219978756
700033 33.000000 17758100000033000 0.135052264 0.103302098 0.237441939 0.202441558
700034 34.000000 17758100000034000 0.133773118 0.103284639 0.238626721 0.171429248
700035 35.000000 17758100000035000 0.132360682 0.103306092 0.240143361 0.142808513
700036 36.000000 17758100000036000 0.130820528 0.103970771 0.254194689 0.121868525
700037 37.000000 17758100000037000 0.129158750 0.104130448 0.244409281 0.092878634
700038 38.000000 17758100000038000 0.127381891 0.104433117 0.256351558 0.067051882
700039 39.000000 17758100000039000 0.125496954 0.104826566 0.264324868 0.034188430
700040 40.000000 17758100000040000 0.123511411 0.104684166 0.268719817 0.044597007
700041 41.000000 17758100000041000 0.121433072 0.105147250 0.250266097 -0.000870567
700042 42.000000 17758100000042000 0.119270146 0.105440827 0.267382181 0.004678702
700043 43.000000 17758100000043000 0.117031172 0.105709366 0.259456001 -0.036000643
700044 44.000000 17758100000044000 0.114724979 0.106347237 0.255614980 -0.073858996
700045 45.000000 17758100000045000 0.112360679 0.106123856 0.247895644 -0.110111127
700046 46.000000 17758100000046000 0.109947592 0.106339972 0.250947733 -0.109716812
700047 47.000000 17758100000047000 0.107495256 0.106403438 0.235908094 -0.136278850
700048 48.000000 17758100000048000 0.105013326 0.106639895 0.246573000 -0.206160071
700049 49.000000 17758100000049000 0.102511622 0.106902474 0.242333822 -0.203084172
700050 50.000000 17758100000050000 0.100000001 0.107386375 0.220397095 -0.160756636
700051 51.000000 17758100000051000 0.097488381 0.107608553 0.212587428 -0.235973840
700052 52.000000 17758100000052000 0.094986670 0.107728904 0.207448804 -0.279189402
700053 53.000000 17758100000053000 0.092504747 0.108137151 0.198576566 -0.273102204
700054 54.000000 17758100000054000 0.090052404 0.108470496 0.198049725 -0.312657885
700055 55.000000 17758100000055000 0.087639317 0.108522638 0.180570491 -0.303925744
700056 56.000000 17758100000056000 0.085275017 0.108328787 0.160336628 -0.350758825
700057 57.000000 17758100000057000 0.082968831 0.108684481 0.152429368 -0.378791980
700058 58.000000 17758100000058000 0.080729850 0.108648611 0.143250596 -0.378582788
700059 59.000000 17758100000059000 0.078566931 0.108925364 0.133599179 -0.422754003
700060 60.000000 17758100000060000 0.076488592 0.109093753 0.121869419 -0.431709978
700061 61.000000 17758100000061000 0.074503042 0.108999237 0.099718175 -0.445137155
700062 62.000000 17758100000062000 0.072618119 0.109055753 0.081876497 -0.401437794
700063 63.000000 17758100000063000 0.070841253 0.109257931 0.070215213 -0.426626463
700064 64.000000 17758100000064000 0.069179468 0.109706736 0.055326082 -0.439141708
700065 65.000000 17758100000065000 0.067639321 0.109087775 0.035830447 -0.431250357
700066 66.000000 17758100000066000 0.066226885 0.109379191 0.024025465 -0.486891695
700067 67.000000 17758100000067000 0.064947732 0.109347226 0.010863340 -0.481164720
700068 68.000000 17758100000068000 0.063806921 0.109255150 -0.018690733 -0.484405907
700069 69.000000 17758100000069000 0.062808938 0.109277982 -0.021261879 -0.482915051
700070 70.000000 17758100000070000 0.061957739 0.109407885 -0.041699525 -0.457794322
700071 71.000000 17758100000071000 0.061256673 0.109520385 -0.065612920 -0.445411713
700072 72.000000 17758100000072000 0.060708512 0.109137221 -0.068796122 -0.431663281
700073 73.000000 17758100000073000 0.060315412 0.109505721 -0.092963723 -0.425124120
700074 74.000000 17758100000074000 0.060078930 0.109553935 -0.106229598 -0.440767589
700075 75.000000 17758100000075000 0.059999999 0.109174919 -0.123250792 -0.414444389
700076 76.000000 17758100000076000 0.060078930 0.108953709 -0.137109697 -0.435089207
700077 77.000000 17758100000077000 0.060315412 0.108471378 -0.162405045 -0.408741310
700078 78.000000 17758100000078000 0.060708512 0.108715671 -0.165520054 -0.444793456
700079 79.000000 17758100000079000 0.061256673 0.108144187 -0.181184236 -0.392319437
700080 80.000000 17758100000080000 0.061957739 0.108113435 -0.196631227 -0.382254142
700081 81.000000 17758100000081000 0.062808938 0.107809056 -0.208127244 -0.335745290
700082 82.000000 17758100000082000 0.063806921 0.107783927 -0.210655804 -0.336673221
700083 83.000000 17758100000083000 0.064947732 0.107542150 -0.229487054 -0.308231516
700084 84.000000 17758100000084000 0.066226885 0.107109930 -0.234756880 -0.281507007
700085 85.000000 17758100000085000 0.067639321 0.107122263 -0.246459432 -0.201260546
700086 86.000000 17758100000086000 0.069179468 0.106662777 -0.262731490 -0.234581879
700087 87.000000 17758100000087000 0.070841253 0.105889595 -0.268452402 -0.229438149
700088 88.000000 17758100000088000 0.072618119 0.106051825 -0.265618072 -0.185426157
700089 89.000000 17758100000089000 0.074503042 0.105885360 -0.274120098 -0.146250628
700090 90.000000 17758100000090000 0.076488592 0.105625930 -0.281320232 -0.136669921
700091 91.000000 17758100000091000 0.078566931 0.105345179 -0.287996110 -0.096463017
700092 92.000000 17758100000092000 0.080729850 0.105214690 -0.293565923 -0.076663334
700093 93.000000 17758100000093000 0.082968831 0.104556992 -0.285719252 -0.033482553
700094 94.000000 17758100000094000 0.085275017 0.104503261 -0.295266266 -0.011650925
700095 95.000000 17758100000095000 0.087639317 0.104280707 -0.287285734 0.027892688
700096 96.000000 17758100000096000 0.090052404 0.103687892 -0.289815737 0.060143754
700097 97.000000 17758100000097000 0.092504747 0.103638302 -0.300549520 0.098853781
700098 98.000000 17758100000098000 0.094986670 0.103515851 -0.285086502 0.070588181
700099 99.000000 17758100000099000 0.097488381 0.102588466 -0.285028395 0.099877528
700100 100.000000 17758100000100000 0.100000001 0.102571311 -0.269411890 0.134899817
700101 101.000000 17758100000101000 0.102511622 0.102539686 -0.266592171 0.215105941
700102 102.000000 17758100000102000 0.105013326 0.101909041 -0.262022678 0.228141800
700103 103.000000 17758100000103000 0.107495256 0.101753529 -0.258179831 0.252558668
700104 104.000000 17758100000104000 0.109947592 0.101860071 -0.247774430 0.219795510
700105 105.000000 17758100000105000 0.112360679 0.101565409 -0.235278379 0.282302661
700106 106.000000 17758100000106000 0.114724979 0.101037705 -0.240755041 0.324782017
700107 107.000000 17758100000107000 0.117031172 0.100945692 -0.217894795 0.335825794
700108 108.000000 17758100000108000 0.119270146 0.100494402 -0.211184357 0.323097624
700109 109.000000 17758100000109000 0.121433072 0.100685007 -0.194352428 0.371001320
700110 110.000000 17758100000110000 0.123511411 0.100239104 -0.174691322 0.363440310
700111 111.000000 17758100000111000 0.125496954 0.099834589 -0.177368525 0.322267834
700112 112.000000 17758100000112000 0.127381891 0.100061379 -0.156846842 0.398557414
700113 113.000000 17758100000113000 0.129158750 0.100275690 -0.135048588 0.414819183
700114 114.000000 17758100000114000 0.130820528 0.099383663 -0.123684569 0.396103256
700115 115.000000 17758100000115000 0.132360682 0.099846010 -0.117020008 0.414960450
700116 116.000000 17758100000116000 0.133773118 0.099229363 -0.101345868 0.413002387
700117 117.000000 17758100000117000 0.135052264 0.099372160 -0.080130835 0.459603089
700118 118.000000 17758100000118000 0.136193082 0.099197609 -0.070068535 0.412381883
700119 119.000000 17758100000119000 0.137191057 0.099120931 -0.044611424 0.424062366
700120 120.000000 17758100000120000 0.138042256 0.099101276 -0.034290165 0.408452690
700121 121.000000 17758100000121000 0.138743326 0.099821026 -0.018262171 0.479296093
700122 122.000000 17758100000122000 0.139291495 0.099266975 -0.010779637 0.443308375
700123 123.000000 17758100000123000 0.139684588 0.099310751 0.009418106 0.433719781
700124 124.000000 17758100000124000 0.139921069 0.099343839 0.031718329 0.402643991
700125 125.000000 17758100000125000 0.140000001 0.099185614 0.034130462 0.414287184
700126 126.000000 17758100000126000 0.139921069 0.099000675 0.059177828 0.371889052
700127 127.000000 17758100000127000 0.139684588 0.099374772 0.062873759 0.376308943
700128 128.000000 17758100000128000 0.139291495 0.099692517 0.077980580 0.382698477
700129 129.000000 17758100000129000 0.138743326 0.099503341 0.099613903 0.358818458
700130 130.000000 17758100000130000 0.138042256 0.099258004 0.109692880 0.354466661
700131 131.000000 17758100000131000 0.137191057 0.099752136 0.125394660 0.321046307
700132 132.000000 17758100000132000 0.136193082 0.099831536 0.127110356 0.319416921
700133 133.000000 17758100000133000 0.135052264 0.100023227 0.146823192 0.307593637
700134 134.000000 17758100000134000 0.133773118 0.100214880 0.147199859 0.288601502
700135 135.000000 17758100000135000 0.132360682 0.100628602 0.159491812 0.228783328
700136 136.000000 17758100000136000 0.130820528 0.100833480 0.165624228 0.215684685
700137 137.000000 17758100000137000 0.129158750 0.100762184 0.171921494 0.176927173
700138 138.000000 17758100000138000 0.127381891 0.101404828 0.178061943 0.190814257
700139 139.000000 17758100000139000 0.125496954 0.100989713 0.195635573 0.131370387
700140 140.000000 17758100000140000 0.123511411 0.101439938 0.194817342 0.126612631
700141 141.000000 17758100000141000 0.121433072 0.101621160 0.203770434 0.127167306
700142 142.000000 17758100000142000 0.119270146 0.101701870 0.202925693 0.098821107
700143 143.000000 17758100000143000 0.117031172 0.101743687 0.202101639 0.040231611
700144 144.000000 17758100000144000 0.114724979 0.102192575 0.206620542 0.035336452
700145 145.000000 17758100000145000 0.112360679 0.102371935 0.206147011 -0.007480021
700146 146.000000 17758100000146000 0.109947592 0.102494144 0.210627845 -0.061594049
700147 147.000000 17758100000147000 0.107495256 0.102671311 0.201207118 -0.083470847
700148 148.000000 17758100000148000 0.105013326 0.103173183 0.207053608 -0.091385987
700149 149.000000 17758100000149000 0.102511622 0.103243028 0.194254327 -0.096656688
700150 150.000000 17758100000150000 0.100000001 0.103019248 0.200121697 -0.114713997
700151 151.000000 17758100000151000 0.097488381 0.103538112 0.180325322 -0.161309601
700152 152.000000 17758100000152000 0.094986670 0.103869745 0.185634831 -0.189718369
700153 153.000000 17758100000153000 0.092504747 0.103749058 0.180596475 -0.225261710
700154 154.000000 17758100000154000 0.090052404 0.104040403 0.171451398 -0.212567534
700155 155.000000 17758100000155000 0.087639317 0.104241941 0.165204291 -0.244192830
700156 156.000000 17758100000156000 0.085275017 0.104075597 0.147108460 -0.302291231
700157 157.000000 17758100000157000 0.082968831 0.104462129 0.139309771 -0.263862912
700158 158.000000 17758100000158000 0.080729850 0.104214154 0.128182523 -0.334247956
700159 159.000000 17758100000159000 0.078566931 0.104655717 0.110634428 -0.319922571
700160 160.000000 17758100000160000 0.076488592 0.104641324 0.107362086 -0.325073383
700161 161.000000 17758100000161000 0.074503042 0.104872169 0.079576873 -0.378229213
700162 162.000000 17758100000162000 0.072618119 0.104898227 0.072667995 -0.352721731
700163 163.000000 17758100000163000 0.070841253 0.105005924 0.063285916 -0.414649716
700164 164.000000 17758100000164000 0.069179468 0.104960145 0.049547460 -0.372280103
700165 165.000000 17758100000165000 0.067639321 0.105078416 0.036330839 -0.414026647
700166 166.000000 17758100000166000 0.066226885 0.104732337 0.027501698 -0.453497878
700167 167.000000 17758100000167000 0.064947732 0.104921503 0.007514249 -0.406120199
700168 168.000000 17758100000168000 0.063806921 0.104998317 -0.008843196 -0.423110972
700169 169.000000 17758100000169000 0.062808938 0.104940651 -0.029317680 -0.412304490
700170 170.000000 17758100000170000 0.061957739 0.105173510 -0.033890073 -0.428681456
700171 171.000000 17758100000171000 0.061256673 0.104849651 -0.051518280 -0.434198829
700172 172.000000 17758100000172000 0.060708512 0.104708259 -0.063235345 -0.404984412
700173 173.000000 17758100000173000 0.060315412 0.104891316 -0.079578899 -0.439054027
700174 174.000000 17758100000174000 0.060078930 0.104664106 -0.100692005 -0.380546108
700175 175.000000 17758100000175000 0.059999999 0.104906658 -0.104706004 -0.419837785
700176 176.000000 17758100000176000 0.060078930 0.104466710 -0.120501908 -0.391483413
700177 177.000000 17758100000177000 0.060315412 0.104413031 -0.140532609 -0.353881928
700178 178.000000 17758100000178000 0.060708512 0.104266116 -0.145379656 -0.340585353
700179 179.000000 17758100000179000 0.061256673 0.104381486 -0.160903869 -0.314925549
700180 180.000000 17758100000180000 0.061957739 0.103924035 -0.176204768 -0.316602950
700181 181.000000 17758100000181000 0.062808938 0.103619762 -0.190118206 -0.349079193
700182 182.000000 17758100000182000 0.063806921 0.103692178 -0.196482421 -0.284546691
700183 183.000000 17758100000183000 0.064947732 0.103054619 -0.213164705 -0.263397630
700184 184.000000 17758100000184000 0.066226885 0.103500747 -0.220995940 -0.270470030
700185 185.000000 17758100000185000 0.067639321 0.102860622 -0.239054708 -0.248434493
700186 186.000000 17758100000186000 0.069179468 0.102920408 -0.240585766 -0.201728486
700187 187.000000 17758100000187000 0.070841253 0.102951211 -0.237190258 -0.190052317
700188 188.000000 17758100000188000 0.072618119 0.102236124 -0.245277935 -0.165626942
700189 189.000000 17758100000189000 0.074503042 0.102244016 -0.257550958 -0.142082190
700190 190.000000 17758100000190000 0.076488592 0.101762540 -0.259249466 -0.078853608
700191 191.000000 17758100000191000 0.078566931 0.101732196 -0.256464312 -0.072121844
700192 192.000000 17758100000192000 0.080729850 0.100813334 -0.253499831 -0.045093599
700193 193.000000 17758100000193000 0.082968831 0.100949983 -0.256910272 -0.012727028
700194 194.000000 17758100000194000 0.085275017 0.100501296 -0.260073718 0.017875950
700195 195.000000 17758100000195000 0.087639317 0.100436814 -0.260328824 0.033802334
700196 196.000000 17758100000196000 0.090052404 0.100016707 -0.267956186 0.073919153
700197 197.000000 17758100000197000 0.092504747 0.100030212 -0.264087186 0.121166677
700198 198.000000 17758100000198000 0.094986670 0.099447402 -0.260631274 0.126542468
700199 199.000000 17758100000199000 0.097488381 0.099409635 -0.247765632 0.117356503
700200 200.000000 17758100000200000 0.100000001 0.099367412 -0.246370717 0.200550215
700201 201.000000 17758100000201000 0.102511622 0.098984303 -0.242950126 0.181763813
700202 202.000000 17758100000202000 0.105013326 0.098736215 -0.237073257 0.209463266
700203 203.000000 17758100000203000 0.107495256 0.098488657 -0.221049466 0.215054536
700204 204.000000 17758100000204000 0.109947592 0.098189183 -0.217662298 0.265371496
700205 205.000000 17758100000205000 0.112360679 0.097932724 -0.222348500 0.276658771
700206 206.000000 17758100000206000 0.114724979 0.097880189 -0.191549462 0.324001025
700207 207.000000 17758100000207000 0.117031172 0.097512267 -0.194370624 0.318430127
700208 208.000000 17758100000208000 0.119270146 0.097266320 -0.167621553 0.329183720
700209 209.000000 17758100000209000 0.121433072 0.097088737 -0.160047425 0.377940059
700210 210.000000 17758100000210000 0.123511411 0.097119813 -0.158032938 0.392772655
700211 211.000000 17758100000211000 0.125496954 0.096767097 -0.135236320 0.334938836
700212 212.000000 17758100000212000 0.127381891 0.096861498 -0.122870777 0.381071302
700213 213.000000 17758100000213000 0.129158750 0.096793902 -0.111454318 0.416135801
700214 214.000000 17758100000214000 0.130820528 0.096704092 -0.091027601 0.451380409
700215 215.000000 17758100000215000 0.132360682 0.096542424 -0.072652520 0.426190078
700216 216.000000 17758100000216000 0.133773118 0.096625612 -0.062866622 0.439686088
700217 217.000000 17758100000217000 0.135052264 0.096499166 -0.049826388 0.417030245
700218 218.000000 17758100000218000 0.136193082 0.096634599 -0.034460661 0.430487419
700219 219.000000 17758100000219000 0.137191057 0.095666722 -0.013458710 0.437949244
700220 220.000000 17758100000220000 0.138042256 0.096579066 -0.005456343 0.467355141
700221 221.000000 17758100000221000 0.138743326 0.096389590 0.010167027 0.422301889
700222 222.000000 17758100000222000 0.139291495 0.096274587 0.031577818 0.413674110
700223 223.000000 17758100000223000 0.139684588 0.096194040 0.042863157 0.429730675
700224 224.000000 17758100000224000 0.139921069 0.096800239 0.062644228 0.419449514
700225 225.000000 17758100000225000 0.140000001 0.096370422 0.074022676 0.441419028
700226 226.000000 17758100000226000 0.139921069 0.097035209 0.095454483 0.430954479
700227 227.000000 17758100000227000 0.139684588 0.096791276 0.105072082 0.405046459
700228 228.000000 17758100000228000 0.139291495 0.096645985 0.109547178 0.369281764
700229 229.000000 17758100000229000 0.138743326 0.096871567 0.129573768 0.399320472
700230 230.000000 17758100000230000 0.138042256 0.097134229 0.147621930 0.297549839
700231 231.000000 17758100000231000 0.137191057 0.097790769 0.157532481 0.277672529
700232 232.000000 17758100000232000 0.136193082 0.097714474 0.162946840 0.319469634
700233 233.000000 17758100000233000 0.135052264 0.097754310 0.169527564 0.276629090
700234 234.000000 17758100000234000 0.133773118 0.097549327 0.175068261 0.272172243
700235 235.000000 17758100000235000 0.132360682 0.098114886 0.199571258 0.217343886
700236 236.000000 17758100000236000 0.130820528 0.098329175 0.215070766 0.197845312
700237 237.000000 17758100000237000 0.129158750 0.098517008 0.207677525 0.194983057
700238 238.000000 17758100000238000 0.127381891 0.098550805 0.218527673 0.180751605
700239 239.000000 17758100000239000 0.125496954 0.099433592 0.222660670 0.143190787
700240 240.000000 17758100000240000 0.123511411 0.099449628 0.227693529 0.141783190
700241 241.000000 17758100000241000 0.121433072 0.099255838 0.237425570 0.073760079
700242 242.000000 17758100000242000 0.119270146 0.100163720 0.221485165 0.086853894
700243 243.000000 17758100000243000 0.117031172 0.099879435 0.237170722 0.041327655
700244 244.000000 17758100000244000 0.114724979 0.100183546 0.240814616 0.050776345
700245 245.000000 17758100000245000 0.112360679 0.100397017 0.240588663 -0.018940562
700246 246.000000 17758100000246000 0.109947592 0.100451910 0.232222233 -0.037038575
700247 247.000000 17758100000247000 0.107495256 0.100630856 0.229526443 -0.043159493
700248 248.000000 17758100000248000 0.105013326 0.100907937 0.232386279 -0.081460257
700249 249.000000 17758100000249000 0.102511622 0.101242084 0.229546847 -0.152251590
700250 250.000000 17758100000250000 0.100000001 0.101242169 0.233260514 -0.152165493
700251 251.000000 17758100000251000 0.097488381 0.101946468 0.219595270 -0.205950799
700252 252.000000 17758100000252000 0.094986670 0.101892911 0.207501260 -0.199350558
700253 253.000000 17758100000253000 0.092504747 0.102133796 0.205707058 -0.201624405
700254 254.000000 17758100000254000 0.090052404 0.102442256 0.197745543 -0.259588921
700255 255.000000 17758100000255000 0.087639317 0.102460907 0.192251788 -0.290277658
700256 256.000000 17758100000256000 0.085275017 0.102436788 0.182420944 -0.291825771
700257 257.000000 17758100000257000 0.082968831 0.102676525 0.165612702 -0.308787571
700258 258.000000 17758100000258000 0.080729850 0.103025307 0.148832947 -0.308731876
700259 259.000000 17758100000259000 0.078566931 0.103243668 0.141972998 -0.351145448
700260 260.000000 17758100000260000 0.076488592 0.102958783 0.124575317 -0.349266279
700261 261.000000 17758100000261000 0.074503042 0.103626426 0.117506276 -0.392542645
700262 262.000000 17758100000262000 0.072618119 0.103433260 0.107297230 -0.370966849
700263 263.000000 17758100000263000 0.070841253 0.103893922 0.087872481 -0.397365911
700264 264.000000 17758100000264000 0.069179468 0.103488225 0.076364298 -0.415662631
700265 265.000000 17758100000265000 0.067639321 0.103592276 0.058446232 -0.431189189
700266 266.000000 17758100000266000 0.066226885 0.103482331 0.051674843 -0.449658376
700267 267.000000 17758100000267000 0.064947732 0.103751891 0.032465964 -0.433159049
700268 268.000000 17758100000268000 0.063806921 0.103435715 0.012880447 -0.460986166
700269 269.000000 17758100000269000 0.062808938 0.103633176 0.003233295 -0.456851637
700270 270.000000 17758100000270000 0.061957739 0.103823492 -0.009168872 -0.439310730
700271 271.000000 17758100000271000 0.061256673 0.103781685 -0.026240192 -0.428103599
700272 272.000000 17758100000272000 0.060708512 0.104381157 -0.045585053 -0.430391119
700273 273.000000 17758100000273000 0.060315412 0.103688631 -0.068950671 -0.396420041
700274 274.000000 17758100000274000 0.060078930 0.103600981 -0.070038353 -0.391481938
700275 275.000000 17758100000275000 0.059999999 0.103209445 -0.092042535 -0.393347595
700276 276.000000 17758100000276000 0.060078930 0.103294593 -0.101383607 -0.371677113
700277 277.000000 17758100000277000 0.060315412 0.103659575 -0.120145211 -0.396121288
700278 278.000000 17758100000278000 0.060708512 0.103260629 -0.124873359 -0.378956400
700279 279.000000 17758100000279000 0.061256673 0.102864446 -0.138383762 -0.334319447
700280 280.000000 17758100000280000 0.061957739 0.102674195 -0.142593875 -0.327844481
700281 281.000000 17758100000281000 0.062808938 0.102507733 -0.165370708 -0.329815078
700282 282.000000 17758100000282000 0.063806921 0.102364901 -0.176432472 -0.289130998
700283 283.000000 17758100000283000 0.064947732 0.102307234 -0.182386094 -0.282798697
700284 284.000000 17758100000284000 0.066226885 0.102254636 -0.191360537 -0.293381759
700285 285.000000 17758100000285000 0.067639321 0.102120608 -0.202254406 -0.220482338
700286 286.000000 17758100000286000 0.069179468 0.101903741 -0.213713164 -0.181742297
700287 287.000000 17758100000287000 0.070841253 0.101387053 -0.214749332 -0.181548688
700288 288.000000 17758100000288000 0.072618119 0.101346037 -0.224706577 -0.171943490
700289 289.000000 17758100000289000 0.074503042 0.101049163 -0.237135781 -0.135752480
700290 290.000000 17758100000290000 0.076488592 0.100831977 -0.228345473 -0.095814680
700291 291.000000 17758100000291000 0.078566931 0.100786594 -0.244740728 -0.068732656
700292 292.000000 17758100000292000 0.080729850 0.100537653 -0.236352272 -0.060133756
700293 293.000000 17758100000293000 0.082968831 0.100448272 -0.242703596 -0.015297096
700294 294.000000 17758100000294000 0.085275017 0.099820030 -0.235217748 0.000099538
700295 295.000000 17758100000295000 0.087639317 0.099364852 -0.256798164 0.040720145
700296 296.000000 17758100000296000 0.090052404 0.099317500 -0.252547532 0.030423786
700297 297.000000 17758100000297000 0.092504747 0.099226034 -0.237512446 0.056004325
700298 298.000000 17758100000298000 0.094986670 0.099099780 -0.239917863 0.109985067
700299 299.000000 17758100000299000 0.097488381 0.098816363 -0.233682522 0.140627916
700300 300.000000 17758100000300000 0.100000001 0.098573194 -0.233942012 0.162619997
700301 301.000000 17758100000301000 0.102511622 0.098156536 -0.224234270 0.189942184
700302 302.000000 17758100000302000 0.105013326 0.097721297 -0.221992229 0.219091568
700303 303.000000 17758100000303000 0.107495256 0.097873654 -0.210431327 0.232177591
700304 304.000000 17758100000304000 0.109947592 0.097659581 -0.197115977 0.269489498
700305 305.000000 17758100000305000 0.112360679 0.097615502 -0.188913852 0.297545826
700306 306.000000 17758100000306000 0.114724979 0.096903045 -0.188921125 0.297972325
700307 307.000000 17758100000307000 0.117031172 0.097055701 -0.179191728 0.323525493
700308 308.000000 17758100000308000 0.119270146 0.096872421 -0.156931699 0.313318606
700309 309.000000 17758100000309000 0.121433072 0.096428914 -0.139546859 0.344411977
700310 310.000000 17758100000310000 0.123511411 0.096584139 -0.142020150 0.344146732
700311 311.000000 17758100000311000 0.125496954 0.096612163 -0.131508273 0.402291950
700312 312.000000 17758100000312000 0.127381891 0.096136683 -0.107958865 0.387197778
700313 313.000000 17758100000313000 0.129158750 0.096466214 -0.091166853 0.393263031
700314 314.000000 17758100000314000 0.130820528 0.096567706 -0.086007184 0.451000419
700315 315.000000 17758100000315000 0.132360682 0.096001895 -0.064002012 0.429197260
700316 316.000000 17758100000316000 0.133773118 0.095978193 -0.052522372 0.435858467
700317 317.000000 17758100000317000 0.135052264 0.096237397 -0.036732764 0.447498798
700318 318.000000 17758100000318000 0.136193082 0.095828480 -0.028160994 0.454281801
700319 319.000000 17758100000319000 0.137191057 0.095872442 0.001878334 0.420711614
700320 320.000000 17758100000320000 0.138042256 0.096135206 0.005292909 0.441224382
700321 321.000000 17758100000321000 0.138743326 0.095866827 0.024330861 0.453326238
700322 322.000000 17758100000322000 0.139291495 0.095997778 0.038741815 0.400556858
700323 323.000000 17758100000323000 0.139684588 0.096057806 0.058294896 0.395985550
700324 324.000000 17758100000324000 0.139921069 0.096045195 0.066421560 0.425889073
700325 325.000000 17758100000325000 0.140000001 0.096349145 0.083934401 0.374962186
700326 326.000000 17758100000326000 0.139921069 0.096441094 0.096848233 0.363757810
700327 327.000000 17758100000327000 0.139684588 0.096569197 0.108540671 0.363660714
700328 328.000000 17758100000328000 0.139291495 0.096946472 0.125641370 0.370118452
700329 329.000000 17758100000329000 0.138743326 0.097112747 0.136197263 0.384766584
700330 330.000000 17758100000330000 0.138042256 0.096963908 0.151291958 0.339921360
700331 331.000000 17758100000331000 0.137191057 0.097242651 0.168433941 0.289831966
700332 332.000000 17758100000332000 0.136193082 0.097676176 0.170468449 0.313595402
700333 333.000000 17758100000333000 0.135052264 0.097289594 0.178994080 0.282895928
700334 334.000000 17758100000334000 0.133773118 0.097333479 0.196819597 0.277337503
700335 335.000000 17758100000335000 0.132360682 0.098070135 0.207973655 0.242509478
700336 336.000000 17758100000336000 0.130820528 0.098089790 0.219275037 0.242066001
700337 337.000000 17758100000337000 0.129158750 0.098178485 0.219211425 0.196931379
700338 338.000000 17758100000338000 0.127381891 0.098475200 0.225439891 0.162316756
700339 339.000000 17758100000339000 0.125496954 0.098602923 0.230006742 0.104773189
700340 340.000000 17758100000340000 0.123511411 0.098873394 0.235902528 0.103415938
700341 341.000000 17758100000341000 0.121433072 0.099063291 0.242685481 0.050033596
700342 342.000000 17758100000342000 0.119270146 0.099629024 0.245353185 0.053753803
700343 343.000000 17758100000343000 0.117031172 0.099777694 0.246057790 0.031973867
700344 344.000000 17758100000344000 0.114724979 0.099712000 0.246695521 0.015683562
700345 345.000000 17758100000345000 0.112360679 0.100254343 0.248926607 -0.041903798
700346 346.000000 17758100000346000 0.109947592 0.100118900 0.245605836 -0.079641732
700347 347.000000 17758100000347000 0.107495256 0.100509769 0.247602884 -0.068705944
700348 348.000000 17758100000348000 0.105013326 0.101085422 0.231186518 -0.111167770
700349 349.000000 17758100000349000 0.102511622 0.100945686 0.237694788 -0.160784275
700350 350.000000 17758100000350000 0.100000001 0.101595347 0.230470741 -0.143908781
700351 351.000000 17758100000351000 0.097488381 0.101666041 0.222026123 -0.166095434
700352 352.000000 17758100000352000 0.094986670 0.101651131 0.211146867 -0.217296686
700353 353.000000 17758100000353000 0.092504747 0.102039478 0.204308470 -0.240280030
700354 354.000000 17758100000354000 0.090052404 0.102094029 0.201740740 -0.251698076
700355 355.000000 17758100000355000 0.087639317 0.102211118 0.188992147 -0.265999744
700356 356.000000 17758100000356000 0.085275017 0.102412710 0.181010855 -0.262463638
700357 357.000000 17758100000357000 0.082968831 0.103041835 0.170410019 -0.284423726
700358 358.000000 17758100000358000 0.080729850 0.103100535 0.158343085 -0.336924165
700359 359.000000 17758100000359000 0.078566931 0.103158579 0.140803601 -0.367055353
700360 360.000000 17758100000360000 0.076488592 0.103453992 0.140358337 -0.344273949
700361 361.000000 17758100000361000 0.074503042 0.103538892 0.128124626 -0.384755380
700362 362.000000 17758100000362000 0.072618119 0.103729271 0.112193210 -0.387654350
700363 363.000000 17758100000363000 0.070841253 0.103290359 0.089571561 -0.411245020
700364 364.000000 17758100000364000 0.069179468 0.103605911 0.077889345 -0.419175405
700365 365.000000 17758100000365000 0.067639321 0.104000074 0.062807356 -0.425261000
700366 366.000000 17758100000366000 0.066226885 0.103800506 0.046513897 -0.437076974
700367 367.000000 17758100000367000 0.064947732 0.103902993 0.032013988 -0.445055985
700368 368.000000 17758100000368000 0.063806921 0.103867358 0.023877196 -0.448531849
700369 369.000000 17758100000369000 0.062808938 0.103580190 0.014677892 -0.440860313
700370 370.000000 17758100000370000 0.061957739 0.103787760 -0.012530395 -0.425013557
700371 371.000000 17758100000371000 0.061256673 0.103848682 -0.018562734 -0.431134221
700372 372.000000 17758100000372000 0.060708512 0.103826570 -0.038214569 -0.406190821
700373 373.000000 17758100000373000 0.060315412 0.103715197 -0.050832389 -0.416698792
700374 374.000000 17758100000374000 0.060078930 0.103463486 -0.071340377 -0.407096785
700375 375.000000 17758100000375000 0.059999999 0.103678154 -0.079682084 -0.348391648
700376 376.000000 17758100000376000 0.060078930 0.103542266 -0.102751331 -0.389797791
700377 377.000000 17758100000377000 0.060315412 0.103295066 -0.111121236 -0.364291368
700378 378.000000 17758100000378000 0.060708512 0.102968453 -0.130239522 -0.372501201
700379 379.000000 17758100000379000 0.061256673 0.103456507 -0.141779493 -0.331165405
700380 380.000000 17758100000380000 0.061957739 0.103219031 -0.148402635 -0.321695003
700381 381.000000 17758100000381000 0.062808938 0.102715018 -0.160910130 -0.314164410
700382 382.000000 17758100000382000 0.063806921 0.102639482 -0.170294596 -0.276149497
700383 383.000000 17758100000383000 0.064947732 0.102143117 -0.187574339 -0.282491277
700384 384.000000 17758100000384000 0.066226885 0.102649491 -0.191084393 -0.244207357
700385 385.000000 17758100000385000 0.067639321 0.101747170 -0.189416413 -0.232239109
700386 386.000000 17758100000386000 0.069179468 0.101566182 -0.210278877 -0.201336167
700387 387.000000 17758100000387000 0.070841253 0.101622444 -0.224480736 -0.183431927
700388 388.000000 17758100000388000 0.072618119 0.101486831 -0.220694566 -0.164508180
700389 389.000000 17758100000389000 0.074503042 0.100853877 -0.226157744 -0.125438357
700390 390.000000 17758100000390000 0.076488592 0.101144194 -0.237270145 -0.093385751
700391 391.000000 17758100000391000 0.078566931 0.100298544 -0.235816666 -0.096168327
700392 392.000000 17758100000392000 0.080729850 0.100318767 -0.234007948 -0.073886518
700393 393.000000 17758100000393000 0.082968831 0.100135160 -0.243621600 -0.020247838
700394 394.000000 17758100000394000 0.085275017 0.099644726 -0.237978801 -0.012972545
700395 395.000000 17758100000395000 0.087639317 0.099423225 -0.249077230 0.015579534
700396 396.000000 17758100000396000 0.090052404 0.099824085 -0.235144744 0.047207260
700397 397.000000 17758100000397000 0.092504747 0.099020063 -0.236400355 0.069995274
700398 398.000000 17758100000398000 0.094986670 0.099047834 -0.238717648 0.103218638
700399 399.000000 17758100000399000 0.097488381 0.098522827 -0.235880141 0.087056983
700400 400.000000 17758100000400000 0.100000001 0.098551114 -0.231993210 0.147381284
700401 401.000000 17758100000401000 0.102511622 0.098351172 -0.229540815 0.172431315
700402 402.000000 17758100000402000 0.105013326 0.097980026 -0.218228851 0.212115644
700403 403.000000 17758100000403000 0.107495256 0.097894706 -0.202869741 0.175682141
700404 404.000000 17758100000404000 0.109947592 0.097770621 -0.209764438 0.271432218
700405 405.000000 17758100000405000 0.112360679 0.097257803 -0.195022136 0.277749033
700406 406.000000 17758100000406000 0.114724979 0.097376672 -0.189187880 0.296694946
700407 407.000000 17758100000407000 0.117031172 0.096838885 -0.175746126 0.325194669
700408 408.000000 17758100000408000 0.119270146 0.096946389 -0.159456076 0.331719254
700409 409.000000 17758100000409000 0.121433072 0.096837624 -0.155239373 0.347641920
700410 410.000000 17758100000410000 0.123511411 0.096505647 -0.132152375 0.373154611
700411 411.000000 17758100000411000 0.125496954 0.096777874 -0.120392567 0.358114547
700412 412.000000 17758100000412000 0.127381891 0.096413230 -0.104013343 0.385394927
700413 413.000000 17758100000413000 0.129158750 0.096189678 -0.101372726 0.423411002
700414 414.000000 17758100000414000 0.130820528 0.096108623 -0.080846369 0.397292932
700415 415.000000 17758100000415000 0.132360682 0.095871855 -0.070125982 0.458827811
700416 416.000000 17758100000416000 0.133773118 0.096205777 -0.044984169 0.397959264
700417 417.000000 17758100000417000 0.135052264 0.096409430 -0.039395865 0.418432726
700418 418.000000 17758100000418000 0.136193082 0.096349358 -0.025253354 0.452116087
700419 419.000000 17758100000419000 0.137191057 0.096036934 -0.008879351 0.409940591
700420 420.000000 17758100000420000 0.138042256 0.096017887 0.008322131 0.409534823
700421 421.000000 17758100000421000 0.138743326 0.096219155 0.031935707 0.413240513
700422 422.000000 17758100000422000 0.139291495 0.096015051 0.036839875 0.404877460
700423 423.000000 17758100000423000 0.139684588 0.096178644 0.054539025 0.433554087
700424 424.000000 17758100000424000 0.139921069 0.096139937 0.077177223 0.411563650
700425 425.000000 17758100000425000 0.140000001 0.096328119 0.076155276 0.411382941
700426 426.000000 17758100000426000 0.139921069 0.096386552 0.092727345 0.401147076
700427 427.000000 17758100000427000 0.139684588 0.096448802 0.120581594 0.413764413
700428 428.000000 17758100000428000 0.139291495 0.096516263 0.128991429 0.366197311
700429 429.000000 17758100000429000 0.138743326 0.097120052 0.139487278 0.314318041
700430 430.000000 17758100000430000 0.138042256 0.097283784 0.150023575 0.302310891
700431 431.000000 17758100000431000 0.137191057 0.097334497 0.154864553 0.303644706
700432 432.000000 17758100000432000 0.136193082 0.097355394 0.177455973 0.280717050
700433 433.000000 17758100000433000 0.135052264 0.097756942 0.185603547 0.249242508
700434 434.000000 17758100000434000 0.133773118 0.097569309 0.190963717 0.278247925
700435 435.000000 17758100000435000 0.132360682 0.097908790 0.191613323 0.234542079
700436 436.000000 17758100000436000 0.130820528 0.097786492 0.217107332 0.218906286
700437 437.000000 17758100000437000 0.129158750 0.098604976 0.221042054 0.207187739
700438 438.000000 17758100000438000 0.127381891 0.098647837 0.222002661 0.180690387
700439 439.000000 17758100000439000 0.125496954 0.098706121 0.219554892 0.176746157
700440 440.000000 17758100000440000 0.123511411 0.099051209 0.228405787 0.117715689
700441 441.000000 17758100000441000 0.121433072 0.099286899 0.234142088 0.102013631
700442 442.000000 17758100000442000 0.119270146 0.099621412 0.239651887 0.088703253
700443 443.000000 17758100000443000 0.117031172 0.099756275 0.243905258 0.021691484
700444 444.000000 17758100000444000 0.114724979 0.100314864 0.253005831 0.053455543
700445 445.000000 17758100000445000 0.112360679 0.100290499 0.241229575 0.002957341
700446 446.000000 17758100000446000 0.109947592 0.100740702 0.245567932 -0.049053035
700447 447.000000 17758100000447000 0.107495256 0.101243542 0.243818266 -0.079667253
700448 448.000000 17758100000448000 0.105013326 0.101078626 0.238929025 -0.091907766
700449 449.000000 17758100000449000 0.102511622 0.101422802 0.236732414 -0.138534157
700450 450.000000 17758100000450000 0.100000001 0.101202002 0.236033844 -0.106564479
700451 451.000000 17758100000451000 0.097488381 0.101682090 0.220264579 -0.229615404
700452 452.000000 17758100000452000 0.094986670 0.101863224 0.213200807 -0.184872673
700453 453.000000 17758100000453000 0.092504747 0.101957229 0.208343951 -0.265272368
700454 454.000000 17758100000454000 0.090052404 0.102252709 0.201682169 -0.246074026
700455 455.000000 17758100000455000 0.087639317 0.102544249 0.192033872 -0.256837566
700456 456.000000 17758100000456000 0.085275017 0.102857749 0.184470879 -0.315506632
700457 457.000000 17758100000457000 0.082968831 0.102692159 0.171554861 -0.340473012
700458 458.000000 17758100000458000 0.080729850 0.103241610 0.161234080 -0.289073423
700459 459.000000 17758100000459000 0.078566931 0.102894964 0.143510281 -0.321014934
700460 460.000000 17758100000460000 0.076488592 0.103135165 0.137001532 -0.393744858
700461 461.000000 17758100000461000 0.074503042 0.103595496 0.126998850 -0.398308106
700462 462.000000 17758100000462000 0.072618119 0.103860567 0.097585736 -0.379543600
700463 463.000000 17758100000463000 0.070841253 0.103476896 0.098463595 -0.385105791
700464 464.000000 17758100000464000 0.069179468 0.103510068 0.077796151 -0.368295339
700465 465.000000 17758100000465000 0.067639321 0.103815404 0.066031940 -0.452994329
700466 466.000000 17758100000466000 0.066226885 0.103713834 0.052271087 -0.413360877
700467 467.000000 17758100000467000 0.064947732 0.103769579 0.038918276 -0.420052392
700468 468.000000 17758100000468000 0.063806921 0.104063337 0.026230083 -0.439586621
700469 469.000000 17758100000469000 0.062808938 0.103647127 0.002781838 -0.461023060
700470 470.000000 17758100000470000 0.061957739 0.104012475 -0.011294919 -0.402461317
700471 471.000000 17758100000471000 0.061256673 0.104097755 -0.025888818 -0.422028718
700472 472.000000 17758100000472000 0.060708512 0.103723803 -0.036066003 -0.423221188
700473 473.000000 17758100000473000 0.060315412 0.103051253 -0.057688274 -0.415864885
700474 474.000000 17758100000474000 0.060078930 0.103819612 -0.073126828 -0.426781520
700475 475.000000 17758100000475000 0.059999999 0.103898869 -0.090714046 -0.423879744
700476 476.000000 17758100000476000 0.060078930 0.103819526 -0.095844685 -0.414069942
700477 477.000000 17758100000477000 0.060315412 0.103363788 -0.114896538 -0.379886431
700478 478.000000 17758100000478000 0.060708512 0.103335517 -0.120232301 -0.362468764
700479 479.000000 17758100000479000 0.061256673 0.102870063 -0.139705778 -0.372029927
700480 480.000000 17758100000480000 0.061957739 0.102961334 -0.151214324 -0.360986654
700481 481.000000 17758100000481000 0.062808938 0.102773050 -0.153766122 -0.255225031
700482 482.000000 17758100000482000 0.063806921 0.102775956 -0.168213736 -0.328782516
700483 483.000000 17758100000483000 0.064947732 0.102340153 -0.181925666 -0.293720552
700484 484.000000 17758100000484000 0.066226885 0.101697627 -0.195643502 -0.254805518
700485 485.000000 17758100000485000 0.067639321 0.101697788 -0.202969972 -0.214255463
700486 486.000000 17758100000486000 0.069179468 0.101830143 -0.205201524 -0.233251831
700487 487.000000 17758100000487000 0.070841253 0.101652099 -0.214232782 -0.196360721
700488 488.000000 17758100000488000 0.072618119 0.101282755 -0.232870917 -0.179606625
700489 489.000000 17758100000489000 0.074503042 0.101363273 -0.233197003 -0.131910299
700490 490.000000 17758100000490000 0.076488592 0.100762840 -0.233297476 -0.138603779
700491 491.000000 17758100000491000 0.078566931 0.100348809 -0.235766637 -0.085382986
700492 492.000000 17758100000492000 0.080729850 0.100470791 -0.232290446 -0.041617509
700493 493.000000 17758100000493000 0.082968831 0.100231796 -0.239925682 -0.053400852
700494 494.000000 17758100000494000 0.085275017 0.099802741 -0.239821258 -0.032725781
700495 495.000000 17758100000495000 0.087639317 0.099758809 -0.248582835 0.033434525
700496 496.000000 17758100000496000 0.090052404 0.099210416 -0.233773475 0.017882558
700497 497.000000 17758100000497000 0.092504747 0.099154958 -0.242855784 0.077218988
700498 498.000000 17758100000498000 0.094986670 0.098930037 -0.243540075 0.112588763
700499 499.000000 17758100000499000 0.097488381 0.098559630 -0.234728953 0.161080451
700500 500.000000 17758100000500000 0.100000001 0.098485166 -0.235255384 0.167451997
700501 501.000000 17758100000501000 0.102511622 0.098592319 -0.222066769 0.162630681
700502 502.000000 17758100000502000 0.105013326 0.098297806 -0.208907760 0.202421584
700503 503.000000 17758100000503000 0.107495256 0.098248488 -0.210837541 0.231910449
700504 504.000000 17758100000504000 0.109947592 0.097648667 -0.192516996 0.275697314
700505 505.000000 17758100000505000 0.112360679 0.097896355 -0.189234972 0.291972012
700506 506.000000 17758100000506000 0.114724979 0.096905700 -0.182604154 0.262431695
700507 507.000000 17758100000507000 0.117031172 0.097036457 -0.175454259 0.293193179
700508 508.000000 17758100000508000 0.119270146 0.096935296 -0.157510712 0.351253970
700509 509.000000 17758100000509000 0.121433072 0.096986723 -0.142338979 0.355185091
700510 510.000000 17758100000510000 0.123511411 0.096932750 -0.137191069 0.332683540
700511 511.000000 17758100000511000 0.125496954 0.096477653 -0.117140539 0.376394410
700512 512.000000 17758100000512000 0.127381891 0.097036490 -0.111987625 0.408276850
700513 513.000000 17758100000513000 0.129158750 0.096300629 -0.100119591 0.415661807
700514 514.000000 17758100000514000 0.130820528 0.096067102 -0.086834371 0.409429399
700515 515.000000 17758100000515000 0.132360682 0.096539729 -0.074230864 0.438220678
700516 516.000000 17758100000516000 0.133773118 0.096211142 -0.042806890 0.445320373
700517 517.000000 17758100000517000 0.135052264 0.096227509 -0.038808817 0.439209650
700518 518.000000 17758100000518000 0.136193082 0.095866983 -0.024813442 0.449172275
700519 519.000000 17758100000519000 0.137191057 0.095868259 -0.008076407 0.458564871
700520 520.000000 17758100000520000 0.138042256 0.095995029 0.016460277 0.401548206
700521 521.000000 17758100000521000 0.138743326 0.096458563 0.037253359 0.413069513
700522 522.000000 17758100000522000 0.139291495 0.096214969 0.032019695 0.406758743
700523 523.000000 17758100000523000 0.139684588 0.096231592 0.058207815 0.395466597
700524 524.000000 17758100000524000 0.139921069 0.096480466 0.079752271 0.419341005
700525 525.000000 17758100000525000 0.140000001 0.096304592 0.078904029 0.430959940
700526 526.000000 17758100000526000 0.139921069 0.097089957 0.101672591 0.368176980
700527 527.000000 17758100000527000 0.139684588 0.096404676 0.111546564 0.361445640
700528 528.000000 17758100000528000 0.139291495 0.096653387 0.129290070 0.390122611
700529 529.000000 17758100000529000 0.138743326 0.096910405 0.139210118 0.339405928
700530 530.000000 17758100000530000 0.138042256 0.096820795 0.152752482 0.363569723
700531 531.000000 17758100000531000 0.137191057 0.097244317 0.169991249 0.313838041
700532 532.000000 17758100000532000 0.136193082 0.097418756 0.181659966 0.303157257
700533 533.000000 17758100000533000 0.135052264 0.097255490 0.183199173 0.275915526
700534 534.000000 17758100000534000 0.133773118 0.097653596 0.194301905 0.241130299
700535 535.000000 17758100000535000 0.132360682 0.097766076 0.206241548 0.220828409
700536 536.000000 17758100000536000 0.130820528 0.097916370 0.212113891 0.206088840
700537 537.000000 17758100000537000 0.129158750 0.098431786 0.227054901 0.201960889
700538 538.000000 17758100000538000 0.127381891 0.098690431 0.229372674 0.142590971
700539 539.000000 17758100000539000 0.125496954 0.099073775 0.238136081 0.140224878
700540 540.000000 17758100000540000 0.123511411 0.099097489 0.236585569 0.098809887
700541 541.000000 17758100000541000 0.121433072 0.099246285 0.247491929 0.060266995
700542 542.000000 17758100000542000 0.119270146 0.099536272 0.236594356 0.048916352
700543 543.000000 17758100000543000 0.117031172 0.099905623 0.239890755 0.045131347
700544 544.000000 17758100000544000 0.114724979 0.099707648 0.243365822 0.008010585
700545 545.000000 17758100000545000 0.112360679 0.100359245 0.249164379 -0.019959225
700546 546.000000 17758100000546000 0.109947592 0.100359177 0.232861362 -0.043415523
700547 547.000000 17758100000547000 0.107495256 0.100824391 0.239359586 -0.095068130
700548 548.000000 17758100000548000 0.105013326 0.100924682 0.241991429 -0.106465250
700549 549.000000 17758100000549000 0.102511622 0.101435550 0.233731217 -0.141378851
700550 550.000000 17758100000550000 0.100000001 0.101874511 0.244655028 -0.157043888
700551 551.000000 17758100000551000 0.097488381 0.101673673 0.216997884 -0.183770621
700552 552.000000 17758100000552000 0.094986670 0.101925814 0.215316582 -0.210568670
700553 553.000000 17758100000553000 0.092504747 0.101956456 0.216313263 -0.193310893
700554 554.000000 17758100000554000 0.090052404 0.102194884 0.202424028 -0.248385243
700555 555.000000 17758100000555000 0.087639317 0.102511797 0.183098821 -0.259297786
700556 556.000000 17758100000556000 0.085275017 0.102697344 0.181857395 -0.321332836
700557 557.000000 17758100000557000 0.082968831 0.102512079 0.166790534 -0.336807280
700558 558.000000 17758100000558000 0.080729850 0.103120865 0.158537541 -0.339408061
700559 559.000000 17758100000559000 0.078566931 0.103087672 0.140761691 -0.340094747
700560 560.000000 17758100000560000 0.076488592 0.103293022 0.140759569 -0.369759877
700561 561.000000 17758100000561000 0.074503042 0.103585838 0.125360726 -0.350535190
700562 562.000000 17758100000562000 0.072618119 0.103711436 0.113723357 -0.392941263
700563 563.000000 17758100000563000 0.070841253 0.103462695 0.088316972 -0.396587482
700564 564.000000 17758100000564000 0.069179468 0.103238557 0.083887934 -0.383837997
700565 565.000000 17758100000565000 0.067639321 0.103868975 0.065849368 -0.409061540
700566 566.000000 17758100000566000 0.066226885 0.103767747 0.057463406 -0.439524573
700567 567.000000 17758100000567000 0.064947732 0.104163897 0.028130346 -0.458072343
700568 568.000000 17758100000568000 0.063806921 0.104088119 0.016782284 -0.432366202
700569 569.000000 17758100000569000 0.062808938 0.103717772 0.008562091 -0.465231504
700570 570.000000 17758100000570000 0.061957739 0.103655518 -0.003592739 -0.419732680
700571 571.000000 17758100000571000 0.061256673 0.103925924 -0.028583248 -0.462909133
700572 572.000000 17758100000572000 0.060708512 0.104289668 -0.044351181 -0.402323040
700573 573.000000 17758100000573000 0.060315412 0.103647054 -0.055345729 -0.418973478
700574 574.000000 17758100000574000 0.060078930 0.103899212 -0.076763896 -0.377176885
700575 575.000000 17758100000575000 0.059999999 0.103365367 -0.089962468 -0.431434328
700576 576.000000 17758100000576000 0.060078930 0.103575591 -0.101836814 -0.376925487
700577 577.000000 17758100000577000 0.060315412 0.103787543 -0.105711294 -0.405400305
700578 578.000000 17758100000578000 0.060708512 0.103033063 -0.124189473 -0.402896958
700579 579.000000 17758100000579000 0.061256673 0.103285121 -0.137059884 -0.359441017
700580 580.000000 17758100000580000 0.061957739 0.102866447 -0.155881859 -0.327967476
700581 581.000000 17758100000581000 0.062808938 0.102799292 -0.157810467 -0.328377311
700582 582.000000 17758100000582000 0.063806921 0.102995673 -0.167976914 -0.300445873
700583 583.000000 17758100000583000 0.064947732 0.102289474 -0.190374589 -0.265390653
700584 584.000000 17758100000584000 0.066226885 0.102425235 -0.204939389 -0.263106382
700585 585.000000 17758100000585000 0.067639321 0.102078721 -0.204550625 -0.244472723
700586 586.000000 17758100000586000 0.069179468 0.102073314 -0.205932560 -0.181325429
700587 587.000000 17758100000587000 0.070841253 0.101937297 -0.216511363 -0.169090146
700588 588.000000 17758100000588000 0.072618119 0.101350675 -0.226397761 -0.112784160
700589 589.000000 17758100000589000 0.074503042 0.101321593 -0.229049075 -0.156686581
700590 590.000000 17758100000590000 0.076488592 0.100997745 -0.237910230 -0.127783799
700591 591.000000 17758100000591000 0.078566931 0.100626850 -0.237225954 -0.105690611
700592 592.000000 17758100000592000 0.080729850 0.100490523 -0.248750579 -0.086784768
700593 593.000000 17758100000593000 0.082968831 0.100121773 -0.244072030 -0.027226767
700594 594.000000 17758100000594000 0.085275017 0.099973847 -0.244188331 0.009126691
700595 595.000000 17758100000595000 0.087639317 0.099800314 -0.248512725 0.005867125
700596 596.000000 17758100000596000 0.090052404 0.099402589 -0.235022095 0.070359666
700597 597.000000 17758100000597000 0.092504747 0.098827759 -0.238400825 0.045105554
700598 598.000000 17758100000598000 0.094986670 0.098872888 -0.235322934 0.091694913
700599 599.000000 17758100000599000 0.097488381 0.099011599 -0.240335371 0.080385919
700600 600.000000 17758100000600000 0.100000001 0.098592135 -0.227637751 0.190258384
700601 601.000000 17758100000601000 0.102511622 0.098167965 -0.222837265 0.155217767
700602 602.000000 17758100000602000 0.105013326 0.097977947 -0.212694890 0.177774784
700603 603.000000 17758100000603000 0.107495256 0.098132179 -0.209143225 0.263146774
700604 604.000000 17758100000604000 0.109947592 0.097600320 -0.196633718 0.250731731
700605 605.000000 17758100000605000 0.112360679 0.097304059 -0.186996724 0.263732793
700606 606.000000 17758100000606000 0.114724979 0.097704969 -0.187665910 0.281457639
700607 607.000000 17758100000607000 0.117031172 0.096993695 -0.176755168 0.294382698
700608 608.000000 17758100000608000 0.119270146 0.096789411 -0.162966858 0.297995133
700609 609.000000 17758100000609000 0.121433072 0.096797215 -0.151789077 0.394164691
700610 610.000000 17758100000610000 0.123511411 0.096849500 -0.129648788 0.332704687
700611 611.000000 17758100000611000 0.125496954 0.096559363 -0.120058921 0.398957819
700612 612.000000 17758100000612000 0.127381891 0.096226943 -0.110707695 0.376318816
700613 613.000000 17758100000613000 0.129158750 0.096480726 -0.094770757 0.409899460
700614 614.000000 17758100000614000 0.130820528 0.096499488 -0.077174323 0.412551696
700615 615.000000 17758100000615000 0.132360682 0.096482029 -0.066162304 0.417315028
700616 616.000000 17758100000616000 0.133773118 0.096462425 -0.055457074 0.393618832
700617 617.000000 17758100000617000 0.135052264 0.096039822 -0.029151740 0.420496243
700618 618.000000 17758100000618000 0.136193082 0.096253267 -0.018959638 0.438397778
700619 619.000000 17758100000619000 0.137191057 0.095671188 -0.009366465 0.457757038
700620 620.000000 17758100000620000 0.138042256 0.095845038 0.013359768 0.424057847
700621 621.000000 17758100000621000 0.138743326 0.096245922 0.035227755 0.449255397
700622 622.000000 17758100000622000 0.139291495 0.096254499 0.050392436 0.473906293
700623 623.000000 17758100000623000 0.139684588 0.096393247 0.050394313 0.397623680
700624 624.000000 17758100000624000 0.139921069 0.096439820 0.075940549 0.411587080
700625 625.000000 17758100000625000 0.140000001 0.096353721 0.090338074 0.415110550
700626 626.000000 17758100000626000 0.139921069 0.096206370 0.101610236 0.395862748
700627 627.000000 17758100000627000 0.139684588 0.096381233 0.121146952 0.385686682
700628 628.000000 17758100000628000 0.139291495 0.096513719 0.121707987 0.350482872
700629 629.000000 17758100000629000 0.138743326 0.096895764 0.143401979 0.371704654
700630 630.000000 17758100000630000 0.138042256 0.096751165 0.156384387 0.333914325
700631 631.000000 17758100000631000 0.137191057 0.097081832 0.158657827 0.332537273
700632 632.000000 17758100000632000 0.136193082 0.096982163 0.167068755 0.295786084
700633 633.000000 17758100000633000 0.135052264 0.097546959 0.186363800 0.269721209
700634 634.000000 17758100000634000 0.133773118 0.097771990 0.192271300 0.262615986
700635 635.000000 17758100000635000 0.132360682 0.097939732 0.201155633 0.249742837
700636 636.000000 17758100000636000 0.130820528 0.097886420 0.210277405 0.207509411
700637 637.000000 17758100000637000 0.129158750 0.098155380 0.213354486 0.209989669
700638 638.000000 17758100000638000 0.127381891 0.098499312 0.231608396 0.099222669
700639 639.000000 17758100000639000 0.125496954 0.099017383 0.231182302 0.127698596
700640 640.000000 17758100000640000 0.123511411 0.099424367 0.236078352 0.069111153
700641 641.000000 17758100000641000 0.121433072 0.099440093 0.240281460 0.056615981
700642 642.000000 17758100000642000 0.119270146 0.099281121 0.238005030 0.045450600
700643 643.000000 17758100000643000 0.117031172 0.099986456 0.247239873 0.027603416
700644 644.000000 17758100000644000 0.114724979 0.100135492 0.246996887 0.020889309
700645 645.000000 17758100000645000 0.112360679 0.100284524 0.250348684 0.005364349
700646 646.000000 17758100000646000 0.109947592 0.100540992 0.240247649 -0.048601272
700647 647.000000 17758100000647000 0.107495256 0.100766152 0.240099714 -0.067556451
700648 648.000000 17758100000648000 0.105013326 0.100883049 0.230321521 -0.118981720
700649 649.000000 17758100000649000 0.102511622 0.101342040 0.234095569 -0.151823443
700650 650.000000 17758100000650000 0.100000001 0.101317591 0.231681635 -0.160351049
700651 651.000000 17758100000651000 0.097488381 0.101606018 0.222583464 -0.158247266
700652 652.000000 17758100000652000 0.094986670 0.102361162 0.206567556 -0.197691682
700653 653.000000 17758100000653000 0.092504747 0.102124732 0.210782921 -0.240501505
700654 654.000000 17758100000654000 0.090052404 0.102079240 0.200359597 -0.218983307
700655 655.000000 17758100000655000 0.087639317 0.102299691 0.191420608 -0.309302121
700656 656.000000 17758100000656000 0.085275017 0.102574637 0.188359164 -0.284168280
700657 657.000000 17758100000657000 0.082968831 0.103019262 0.171755853 -0.329284307
700658 658.000000 17758100000658000 0.080729850 0.103114436 0.163124655 -0.347839125
700659 659.000000 17758100000659000 0.078566931 0.103080208 0.153480688 -0.352365416
700660 660.000000 17758100000660000 0.076488592 0.103079993 0.130934954 -0.350634366
700661 661.000000 17758100000661000 0.074503042 0.103558562 0.118284687 -0.403154331
700662 662.000000 17758100000662000 0.072618119 0.103454032 0.107115022 -0.390170737
700663 663.000000 17758100000663000 0.070841253 0.103622840 0.098781371 -0.411410609
700664 664.000000 17758100000664000 0.069179468 0.103616208 0.082728911 -0.404444002
700665 665.000000 17758100000665000 0.067639321 0.103962681 0.061620595 -0.433656064
700666 666.000000 17758100000666000 0.066226885 0.103773905 0.053516764 -0.407318435
700667 667.000000 17758100000667000 0.064947732 0.103958461 0.039068354 -0.434240350
700668 668.000000 17758100000668000 0.063806921 0.103673444 0.022313379 -0.423325387
700669 669.000000 17758100000669000 0.062808938 0.103794608 0.006907620 -0.402577001
700670 670.000000 17758100000670000 0.061957739 0.103812197 -0.010707709 -0.457617751
700671 671.000000 17758100000671000 0.061256673 0.103702251 -0.021042062 -0.431440290
700672 672.000000 17758100000672000 0.060708512 0.103762720 -0.042638807 -0.442495451
700673 673.000000 17758100000673000 0.060315412 0.103751810 -0.059176836 -0.432465600
700674 674.000000 17758100000674000 0.060078930 0.103843516 -0.074828057 -0.398297122
700675 675.000000 17758100000675000 0.059999999 0.103525218 -0.078620083 -0.418766359
700676 676.000000 17758100000676000 0.060078930 0.103350125 -0.103109663 -0.455531685
700677 677.000000 17758100000677000 0.060315412 0.103559525 -0.117885460 -0.385658076
700678 678.000000 17758100000678000 0.060708512 0.103204504 -0.136048151 -0.358540172
700679 679.000000 17758100000679000 0.061256673 0.103224138 -0.142645196 -0.347390278
700680 680.000000 17758100000680000 0.061957739 0.102787972 -0.150044683 -0.329295607
700681 681.000000 17758100000681000 0.062808938 0.102813563 -0.160717187 -0.317903465
700682 682.000000 17758100000682000 0.063806921 0.102566946 -0.174350826 -0.312823392
700683 683.000000 17758100000683000 0.064947732 0.102181407 -0.187993682 -0.299928576
700684 684.000000 17758100000684000 0.066226885 0.102313220 -0.197256630 -0.261391658
700685 685.000000 17758100000685000 0.067639321 0.102181909 -0.207627622 -0.218781232
700686 686.000000 17758100000686000 0.069179468 0.101988604 -0.216760017 -0.218432441
700687 687.000000 17758100000687000 0.070841253 0.101750381 -0.221217538 -0.182254863
700688 688.000000 17758100000688000 0.072618119 0.101402203 -0.221335987 -0.165705561
700689 689.000000 17758100000689000 0.074503042 0.101616902 -0.228091686 -0.141917950
700690 690.000000 17758100000690000 0.076488592 0.100574466 -0.236474791 -0.148251597
700691 691.000000 17758100000691000 0.078566931 0.101109942 -0.245335876 -0.088473770
700692 692.000000 17758100000692000 0.080729850 0.100249010 -0.240447814 -0.072188264
700693 693.000000 17758100000693000 0.082968831 0.100471668 -0.244208733 -0.030418913
700694 694.000000 17758100000694000 0.085275017 0.099996201 -0.243219333 -0.007854872
700695 695.000000 17758100000695000 0.087639317 0.099585856 -0.246431422 0.031822801
700696 696.000000 17758100000696000 0.090052404 0.099512254 -0.249561616 0.035213198
700697 697.000000 17758100000697000 0.092504747 0.099359790 -0.236113667 0.066037362
700698 698.000000 17758100000698000 0.094986670 0.098899544 -0.236034763 0.116965737
700699 699.000000 17758100000699000 0.097488381 0.098724855 -0.230851449 0.094595476
700700 700.000000 17758100000700000 0.100000001 0.098748976 -0.227971776 0.142652907
700701 701.000000 17758100000701000 0.102511622 0.098244854 -0.230141587 0.160014726
700702 702.000000 17758100000702000 0.105013326 0.098363590 -0.222293654 0.188412990
700703 703.000000 17758100000703000 0.107495256 0.098071236 -0.215517268 0.230253002
700704 704.000000 17758100000704000 0.109947592 0.097699941 -0.199928946 0.276407575
700705 705.000000 17758100000705000 0.112360679 0.097750004 -0.190945705 0.301650447
700706 706.000000 17758100000706000 0.114724979 0.097714673 -0.182608737 0.294483804
700707 707.000000 17758100000707000 0.117031172 0.096885193 -0.174094971 0.302915547
700708 708.000000 17758100000708000 0.119270146 0.097356556 -0.163533832 0.319877360
700709 709.000000 17758100000709000 0.121433072 0.096989022 -0.148930802 0.342376126
700710 710.000000 17758100000710000 0.123511411 0.096859404 -0.137974096 0.343436119
700711 711.000000 17758100000711000 0.125496954 0.096602909 -0.123325121 0.375591609
700712 712.000000 17758100000712000 0.127381891 0.096121323 -0.104785884 0.411506529
700713 713.000000 17758100000713000 0.129158750 0.096372715 -0.105352109 0.373054633
700714 714.000000 17758100000714000 0.130820528 0.096766736 -0.080731352 0.407180557
700715 715.000000 17758100000715000 0.132360682 0.095909545 -0.066928843 0.423592725
700716 716.000000 17758100000716000 0.133773118 0.095726603 -0.051240119 0.421084284
700717 717.000000 17758100000717000 0.135052264 0.096302027 -0.035833280 0.446367970
700718 718.000000 17758100000718000 0.136193082 0.095670657 -0.019670204 0.444154849
700719 719.000000 17758100000719000 0.137191057 0.096581154 -0.000287653 0.449853863
700720 720.000000 17758100000720000 0.138042256 0.095580432 0.008192782 0.427999980
700721 721.000000 17758100000721000 0.138743326 0.096218028 0.019318828 0.432319219
700722 722.000000 17758100000722000 0.139291495 0.096279114 0.029812169 0.412212415
700723 723.000000 17758100000723000 0.139684588 0.096396949 0.062778323 0.391643959
700724 724.000000 17758100000724000 0.139921069 0.096556278 0.065663029 0.402476978
700725 725.000000 17758100000725000 0.140000001 0.096717642 0.088676165 0.377278740
700726 726.000000 17758100000726000 0.139921069 0.096197311 0.089188480 0.423892350
700727 727.000000 17758100000727000 0.139684588 0.096504875 0.119948252 0.394845918
700728 728.000000 17758100000728000 0.139291495 0.096776441 0.121320253 0.397375385
700729 729.000000 17758100000729000 0.138743326 0.096823761 0.136064323 0.338234075
700730 730.000000 17758100000730000 0.138042256 0.097083724 0.152523944 0.328496467
700731 731.000000 17758100000731000 0.137191057 0.097376716 0.163255221 0.315384861
700732 732.000000 17758100000732000 0.136193082 0.097495606 0.175380545 0.295920266
700733 733.000000 17758100000733000 0.135052264 0.097783827 0.179001051 0.265252329
700734 734.000000 17758100000734000 0.133773118 0.098002245 0.190068285 0.267539723
700735 735.000000 17758100000735000 0.132360682 0.098272000 0.202130712 0.245713494
700736 736.000000 17758100000736000 0.130820528 0.098338694 0.209420749 0.224565911
700737 737.000000 17758100000737000 0.129158750 0.098199452 0.222849507 0.163764242
700738 738.000000 17758100000738000 0.127381891 0.098617462 0.227951072 0.132027381
700739 739.000000 17758100000739000 0.125496954 0.098688150 0.239885127 0.159815661
700740 740.000000 17758100000740000 0.123511411 0.099002048 0.237821881 0.103822881
700741 741.000000 17758100000741000 0.121433072 0.099509142 0.240258874 0.123438376
700742 742.000000 17758100000742000 0.119270146 0.099906597 0.235257376 0.066832703
700743 743.000000 17758100000743000 0.117031172 0.099650465 0.242568567 0.030718782
700744 744.000000 17758100000744000 0.114724979 0.099545906 0.253055325 -0.006162300
700745 745.000000 17758100000745000 0.112360679 0.100103245 0.246306051 -0.005679907
700746 746.000000 17758100000746000 0.109947592 0.100181996 0.248962212 -0.055028100
700747 747.000000 17758100000747000 0.107495256 0.100621683 0.241228793 -0.079817925
700748 748.000000 17758100000748000 0.105013326 0.100870186 0.229174224 -0.098924107
700749 749.000000 17758100000749000 0.102511622 0.101209431 0.233710581 -0.152076106
700750 750.000000 17758100000750000 0.100000001 0.101977227 0.233221449 -0.201388343
700751 751.000000 17758100000751000 0.097488381 0.101548652 0.223820299 -0.178568752
700752 752.000000 17758100000752000 0.094986670 0.102033747 0.222306839 -0.180032199
700753 753.000000 17758100000753000 0.092504747 0.102120285 0.206615604 -0.197480905
700754 754.000000 17758100000754000 0.090052404 0.102709457 0.197737193 -0.235987049
700755 755.000000 17758100000755000 0.087639317 0.102679730 0.190896426 -0.273789696
700756 756.000000 17758100000756000 0.085275017 0.102712467 0.180762218 -0.292350208
700757 757.000000 17758100000757000 0.082968831 0.102962814 0.168785722 -0.285698682
700758 758.000000 17758100000758000 0.080729850 0.102989497 0.160864629 -0.311995436
700759 759.000000 17758100000759000 0.078566931 0.102848601 0.136045801 -0.330357830
700760 760.000000 17758100000760000 0.076488592 0.103184802 0.143481370 -0.373087031
700761 761.000000 17758100000761000 0.074503042 0.103460469 0.122812375 -0.402867020
700762 762.000000 17758100000762000 0.072618119 0.103238240 0.107293586 -0.403355934
700763 763.000000 17758100000763000 0.070841253 0.103833455 0.101272480 -0.400814675
700764 764.000000 17758100000764000 0.069179468 0.103862850 0.086014852 -0.437709747
700765 765.000000 17758100000765000 0.067639321 0.103479850 0.061018905 -0.450400825
700766 766.000000 17758100000766000 0.066226885 0.103723474 0.045400077 -0.417810336
700767 767.000000 17758100000767000 0.064947732 0.103762274 0.035842379 -0.451986364
700768 768.000000 17758100000768000 0.063806921 0.104056078 0.025650655 -0.426946369
700769 769.000000 17758100000769000 0.062808938 0.103679017 -0.005595505 -0.446469245
700770 770.000000 17758100000770000 0.061957739 0.103915490 -0.008466698 -0.446068200
700771 771.000000 17758100000771000 0.061256673 0.104009090 -0.031366645 -0.431955529
700772 772.000000 17758100000772000 0.060708512 0.103830686 -0.048940234 -0.420593282
700773 773.000000 17758100000773000 0.060315412 0.103511672 -0.055310740 -0.440975426
700774 774.000000 17758100000774000 0.060078930 0.103337647 -0.068761214 -0.435583657
700775 775.000000 17758100000775000 0.059999999 0.103659632 -0.077994047 -0.385602444
700776 776.000000 17758100000776000 0.060078930 0.103463325 -0.100554567 -0.405025926
700777 777.000000 17758100000777000 0.060315412 0.103178466 -0.110400758 -0.362917870
700778 778.000000 17758100000778000 0.060708512 0.103746198 -0.130571112 -0.352382149
700779 779.000000 17758100000779000 0.061256673 0.103418673 -0.136339891 -0.359567117
700780 780.000000 17758100000780000 0.061957739 0.102898063 -0.159969109 -0.338831971
700781 781.000000 17758100000781000 0.062808938 0.102735754 -0.174350088 -0.324089843
700782 782.000000 17758100000782000 0.063806921 0.102941052 -0.179684519 -0.281835110
700783 783.000000 17758100000783000 0.064947732 0.102179722 -0.173189671 -0.273537726
700784 784.000000 17758100000784000 0.066226885 0.102282907 -0.192782010 -0.259119940
700785 785.000000 17758100000785000 0.067639321 0.101759345 -0.197168946 -0.254514135
700786 786.000000 17758100000786000 0.069179468 0.101973293 -0.209201213 -0.220370986
700787 787.000000 17758100000787000 0.070841253 0.101489219 -0.210794277 -0.199472313
700788 788.000000 17758100000788000 0.072618119 0.101224722 -0.227653981 -0.135099546
700789 789.000000 17758100000789000 0.074503042 0.101207917 -0.226213917 -0.143557654
700790 790.000000 17758100000790000 0.076488592 0.100689355 -0.234392816 -0.141312105
700791 791.000000 17758100000791000 0.078566931 0.100495387 -0.243868776 -0.065936174
700792 792.000000 17758100000792000 0.080729850 0.100640643 -0.243982670 -0.063344064
700793 793.000000 17758100000793000 0.082968831 0.100245207 -0.241583861 -0.021987316
700794 794.000000 17758100000794000 0.085275017 0.100004308 -0.237411467 -0.010004728
700795 795.000000 17758100000795000 0.087639317 0.099914343 -0.241900561 0.029676830
700796 796.000000 17758100000796000 0.090052404 0.099202392 -0.244579686 0.042653987
700797 797.000000 17758100000797000 0.092504747 0.099329604 -0.239304323 0.105257335
700798 798.000000 17758100000798000 0.094986670 0.099173516 -0.234116312 0.088633068
700799 799.000000 17758100000799000 0.097488381 0.098608115 -0.231279650 0.141673693
700800 800.000000 17758100000800000 0.100000001 0.098361404 -0.232717080 0.149654398
700801 801.000000 17758100000801000 0.102511622 0.098363655 -0.222553571 0.198151688
700802 802.000000 17758100000802000 0.105013326 0.098315793 -0.222548126 0.197278095
700803 803.000000 17758100000803000 0.107495256 0.097964790 -0.213842142 0.252719045
700804 804.000000 17758100000804000 0.109947592 0.097393794 -0.197654793 0.240621195
700805 805.000000 17758100000805000 0.112360679 0.097393607 -0.190003071 0.312139777
700806 806.000000 17758100000806000 0.114724979 0.097092797 -0.177358026 0.284174305
700807 807.000000 17758100000807000 0.117031172 0.097359537 -0.179625895 0.312741730
700808 808.000000 17758100000808000 0.119270146 0.097034060 -0.156809645 0.304931327
700809 809.000000 17758100000809000 0.121433072 0.097052219 -0.153844635 0.359791217
700810 810.000000 17758100000810000 0.123511411 0.097080710 -0.138358402 0.344847818
700811 811.000000 17758100000811000 0.125496954 0.096723253 -0.121221067 0.364086549
700812 812.000000 17758100000812000 0.127381891 0.096383628 -0.104184965 0.379096413
700813 813.000000 17758100000813000 0.129158750 0.096869465 -0.100966220 0.438327422
700814 814.000000 17758100000814000 0.130820528 0.096156366 -0.083373688 0.414450650
700815 815.000000 17758100000815000 0.132360682 0.096477910 -0.057676670 0.436525500
700816 816.000000 17758100000816000 0.133773118 0.096123368 -0.051502096 0.397995845
700817 817.000000 17758100000817000 0.135052264 0.095976192 -0.039116192 0.437970959
700818 818.000000 17758100000818000 0.136193082 0.096161712 -0.020761129 0.375894794
700819 819.000000 17758100000819000 0.137191057 0.096505450 -0.004680316 0.423200016
700820 820.000000 17758100000820000 0.138042256 0.095869837 0.009927067 0.404938584
700821 821.000000 17758100000821000 0.138743326 0.096072896 0.021525931 0.410030008
700822 822.000000 17758100000822000 0.139291495 0.096192779 0.033209512 0.448000708
700823 823.000000 17758100000823000 0.139684588 0.096332373 0.054879583 0.414096314
700824 824.000000 17758100000824000 0.139921069 0.096319350 0.068724014 0.452320353
700825 825.000000 17758100000825000 0.140000001 0.096466157 0.083183251 0.425847138
700826 826.000000 17758100000826000 0.139921069 0.096517785 0.101420890 0.380949495
700827 827.000000 17758100000827000 0.139684588 0.096256042 0.109851231 0.382966959
700828 828.000000 17758100000828000 0.139291495 0.096774166 0.127247493 0.369611137
700829 829.000000 17758100000829000 0.138743326 0.096952300 0.131205667 0.318957684
700830 830.000000 17758100000830000 0.138042256 0.097034651 0.154399614 0.327961165
700831 831.000000 17758100000831000 0.137191057 0.097241971 0.156521695 0.334492679
700832 832.000000 17758100000832000 0.136193082 0.097065437 0.172910098 0.255984812
700833 833.000000 17758100000833000 0.135052264 0.097400346 0.189201439 0.281750141
700834 834.000000 17758100000834000 0.133773118 0.097751655 0.192618779 0.269740950
700835 835.000000 17758100000835000 0.132360682 0.098040253 0.203473938 0.231993543
700836 836.000000 17758100000836000 0.130820528 0.098251753 0.211113822 0.207273211
700837 837.000000 17758100000837000 0.129158750 0.098723452 0.222195363 0.197884468
700838 838.000000 17758100000838000 0.127381891 0.098337497 0.216802942 0.158648199
700839 839.000000 17758100000839000 0.125496954 0.098861635 0.225166028 0.139883669
700840 840.000000 17758100000840000 0.123511411 0.099063412 0.226504480 0.076351611
700841 841.000000 17758100000841000 0.121433072 0.099298077 0.235899157 0.088743221
700842 842.000000 17758100000842000 0.119270146 0.099561396 0.239915032 0.074502811
700843 843.000000 17758100000843000 0.117031172 0.100008758 0.242613782 0.004501982
700844 844.000000 17758100000844000 0.114724979 0.099837235 0.235631153 0.027865541
700845 845.000000 17758100000845000 0.112360679 0.100477961 0.244104862 -0.028046617
700846 846.000000 17758100000846000 0.109947592 0.100514041 0.235302847 -0.080081079
700847 847.000000 17758100000847000 0.107495256 0.100902245 0.233497547 -0.066835747
700848 848.000000 17758100000848000 0.105013326 0.100986161 0.235333562 -0.126843851
700849 849.000000 17758100000849000 0.102511622 0.101412941 0.234476999 -0.123510200
700850 850.000000 17758100000850000 0.100000001 0.101440137 0.222775414 -0.165593142
700851 851.000000 17758100000851000 0.097488381 0.101616379 0.221828135 -0.197488970
700852 852.000000 17758100000852000 0.094986670 0.101863882 0.206408170 -0.206262200
700853 853.000000 17758100000853000 0.092504747 0.101956655 0.213973612 -0.214294902
700854 854.000000 17758100000854000 0.090052404 0.101999547 0.195812171 -0.247113778
700855 855.000000 17758100000855000 0.087639317 0.102656051 0.187533140 -0.269074109
700856 856.000000 17758100000856000 0.085275017 0.102514676 0.180829977 -0.267123513
700857 857.000000 17758100000857000 0.082968831 0.102745220 0.176246848 -0.326337137
700858 858.000000 17758100000858000 0.080729850 0.103219548 0.153985479 -0.346277139
700859 859.000000 17758100000859000 0.078566931 0.103500312 0.156350732 -0.340850315
700860 860.000000 17758100000860000 0.076488592 0.103659410 0.141230762 -0.374525356
700861 861.000000 17758100000861000 0.074503042 0.103112194 0.122262008 -0.336540161
700862 862.000000 17758100000862000 0.072618119 0.103662059 0.101099782 -0.393495584
700863 863.000000 17758100000863000 0.070841253 0.103633064 0.095826631 -0.385133841
700864 864.000000 17758100000864000 0.069179468 0.103720899 0.085971842 -0.387911544
700865 865.000000 17758100000865000 0.067639321 0.103934670 0.064427971 -0.432024779
700866 866.000000 17758100000866000 0.066226885 0.103888796 0.054735132 -0.426226628
700867 867.000000 17758100000867000 0.064947732 0.103573418 0.045084689 -0.433669135
700868 868.000000 17758100000868000 0.063806921 0.103732010 0.018878165 -0.421328184
700869 869.000000 17758100000869000 0.062808938 0.104359122 -0.001072037 -0.441611828
700870 870.000000 17758100000870000 0.061957739 0.103989936 -0.007743709 -0.453658526
700871 871.000000 17758100000871000 0.061256673 0.103616472 -0.034691628 -0.396684053
700872 872.000000 17758100000872000 0.060708512 0.103932335 -0.039955499 -0.438742248
700873 873.000000 17758100000873000 0.060315412 0.103580941 -0.052301959 -0.435362318
700874 874.000000 17758100000874000 0.060078930 0.103207803 -0.065308005 -0.432743448
700875 875.000000 17758100000875000 0.059999999 0.103474824 -0.090292655 -0.427565628
700876 876.000000 17758100000876000 0.060078930 0.103508649 -0.109266309 -0.435259011
700877 877.000000 17758100000877000 0.060315412 0.103580445 -0.114875118 -0.352586676
700878 878.000000 17758100000878000 0.060708512 0.103262923 -0.131655882 -0.362283825
700879 879.000000 17758100000879000 0.061256673 0.103225089 -0.135838209 -0.360948436
700880 880.000000 17758100000880000 0.061957739 0.102999572 -0.145930374 -0.319236365
700881 881.000000 17758100000881000 0.062808938 0.103083688 -0.161889264 -0.313651408
700882 882.000000 17758100000882000 0.063806921 0.102456567 -0.165580361 -0.292716966
700883 883.000000 17758100000883000 0.064947732 0.102512832 -0.195884559 -0.253461381
700884 884.000000 17758100000884000 0.066226885 0.101906181 -0.188558712 -0.255629109
700885 885.000000 17758100000885000 0.067639321 0.102459304 -0.205574160 -0.240396673
700886 886.000000 17758100000886000 0.069179468 0.101824107 -0.203220718 -0.190635544
700887 887.000000 17758100000887000 0.070841253 0.101609892 -0.222006855 -0.187844413
700888 888.000000 17758100000888000 0.072618119 0.101503486 -0.222175541 -0.189740659
700889 889.000000 17758100000889000 0.074503042 0.101174234 -0.239514086 -0.132047751
700890 890.000000 17758100000890000 0.076488592 0.101098679 -0.240475052 -0.082796092
700891 891.000000 17758100000891000 0.078566931 0.100738518 -0.239606891 -0.108886248
700892 892.000000 17758100000892000 0.080729850 0.100525386 -0.234881521 -0.066193449
700893 893.000000 17758100000893000 0.082968831 0.100216832 -0.238536950 -0.015592532
700894 894.000000 17758100000894000 0.085275017 0.099846509 -0.244522016 -0.008657416
700895 895.000000 17758100000895000 0.087639317 0.099461142 -0.241533941 -0.000649213
700896 896.000000 17758100000896000 0.090052404 0.099349559 -0.239330134 0.035482905
700897 897.000000 17758100000897000 0.092504747 0.099348139 -0.237879315 0.079631299
700898 898.000000 17758100000898000 0.094986670 0.098979920 -0.235844779 0.085646629
700899 899.000000 17758100000899000 0.097488381 0.099377227 -0.238010314 0.104934017
700900 900.000000 17758100000900000 0.100000001 0.098426648 -0.227124585 0.147581817
700901 901.000000 17758100000901000 0.102511622 0.098500979 -0.230665420 0.162442896
700902 902.000000 17758100000902000 0.105013326 0.097979121 -0.211816236 0.237804282
700903 903.000000 17758100000903000 0.107495256 0.097459000 -0.212233450 0.222514872
700904 904.000000 17758100000904000 0.109947592 0.097600011 -0.204342519 0.273781273
700905 905.000000 17758100000905000 0.112360679 0.097483811 -0.185185264 0.240160646
700906 906.000000 17758100000906000 0.114724979 0.097262672 -0.181920284 0.304171037
700907 907.000000 17758100000907000 0.117031172 0.097135320 -0.176482760 0.308741019
700908 908.000000 17758100000908000 0.119270146 0.096829204 -0.159118323 0.326541215
700909 909.000000 17758100000909000 0.121433072 0.096989044 -0.142283469 0.360745514
700910 910.000000 17758100000910000 0.123511411 0.096413083 -0.137045514 0.354822582
700911 911.000000 17758100000911000 0.125496954 0.096724599 -0.115009309 0.364827744
700912 912.000000 17758100000912000 0.127381891 0.096556389 -0.102731580 0.374864077
700913 913.000000 17758100000913000 0.129158750 0.096289005 -0.098141308 0.399929463
700914 914.000000 17758100000914000 0.130820528 0.096154254 -0.081039244 0.425601395
700915 915.000000 17758100000915000 0.132360682 0.096430622 -0.056959839 0.413592392
700916 916.000000 17758100000916000 0.133773118 0.096320043 -0.049298688 0.438993137
700917 917.000000 17758100000917000 0.135052264 0.096438249 -0.033260713 0.399472238
700918 918.000000 17758100000918000 0.136193082 0.096155440 -0.019480362 0.410904066
700919 919.000000 17758100000919000 0.137191057 0.096372272 -0.009595596 0.468654665
700920 920.000000 17758100000920000 0.138042256 0.095932742 0.014219939 0.411528977
700921 921.000000 17758100000921000 0.138743326 0.096351464 0.032544619 0.384940531
700922 922.000000 17758100000922000 0.139291495 0.096007575 0.037429712 0.403346147
700923 923.000000 17758100000923000 0.139684588 0.096298315 0.057271822 0.455599521
700924 924.000000 17758100000924000 0.139921069 0.096500762 0.075166334 0.416840090
700925 925.000000 17758100000925000 0.140000001 0.096823071 0.080763778 0.416653617
700926 926.000000 17758100000926000 0.139921069 0.096504668 0.102269944 0.389583422
700927 927.000000 17758100000927000 0.139684588 0.096915283 0.109636165 0.376518747
700928 928.000000 17758100000928000 0.139291495 0.096619308 0.127700559 0.356624178
700929 929.000000 17758100000929000 0.138743326 0.097003648 0.144288525 0.339086112
700930 930.000000 17758100000930000 0.138042256 0.097042173 0.148433378 0.312170037
700931 931.000000 17758100000931000 0.137191057 0.097108886 0.161019882 0.337409444
700932 932.000000 17758100000932000 0.136193082 0.097454142 0.165053209 0.324733103
700933 933.000000 17758100000933000 0.135052264 0.097270858 0.190808723 0.271706659
700934 934.000000 17758100000934000 0.133773118 0.097633663 0.193025338 0.279385098
700935 935.000000 17758100000935000 0.132360682 0.097875142 0.209136467 0.207392752
700936 936.000000 17758100000936000 0.130820528 0.098318271 0.208397235 0.214507107
700937 937.000000 17758100000937000 0.129158750 0.098131851 0.219173798 0.158477685
700938 938.000000 17758100000938000 0.127381891 0.098641288 0.224514130 0.178821686
700939 939.000000 17758100000939000 0.125496954 0.098959939 0.232828605 0.105832778
700940 940.000000 17758100000940000 0.123511411 0.099437298 0.233731949 0.122219398
700941 941.000000 17758100000941000 0.121433072 0.099110780 0.236927048 0.089659214
700942 942.000000 17758100000942000 0.119270146 0.099623611 0.241818500 0.069465998
700943 943.000000 17758100000943000 0.117031172 0.099457170 0.250108330 0.033109856
700944 944.000000 17758100000944000 0.114724979 0.100155176 0.238027265 0.015534199
700945 945.000000 17758100000945000 0.112360679 0.100641720 0.247069817 0.009443464
700946 946.000000 17758100000946000 0.109947592 0.100466988 0.254471204 -0.031911573
700947 947.000000 17758100000947000 0.107495256 0.100544486 0.236629340 -0.075810102
700948 948.000000 17758100000948000 0.105013326 0.100668627 0.236980729 -0.060877218
700949 949.000000 17758100000949000 0.102511622 0.101219728 0.236791974 -0.143605694
700950 950.000000 17758100000950000 0.100000001 0.101433019 0.234674492 -0.170161646
700951 951.000000 17758100000951000 0.097488381 0.101623494 0.216568827 -0.219458675
700952 952.000000 17758100000952000 0.094986670 0.102075225 0.211802986 -0.212140109
700953 953.000000 17758100000953000 0.092504747 0.102314681 0.208856975 -0.243602758
700954 954.000000 17758100000954000 0.090052404 0.102195855 0.197952982 -0.265831155
700955 955.000000 17758100000955000 0.087639317 0.102583150 0.183303525 -0.274276134
700956 956.000000 17758100000956000 0.085275017 0.102564966 0.178269111 -0.306914397
700957 957.000000 17758100000957000 0.082968831 0.103012784 0.164154073 -0.318734788
700958 958.000000 17758100000958000 0.080729850 0.103174270 0.155590322 -0.321577618
700959 959.000000 17758100000959000 0.078566931 0.103273380 0.150423634 -0.404425340
700960 960.000000 17758100000960000 0.076488592 0.103300341 0.130705638 -0.353371452
700961 961.000000 17758100000961000 0.074503042 0.103580054 0.123061902 -0.388554173
700962 962.000000 17758100000962000 0.072618119 0.103683314 0.112605610 -0.403432597
700963 963.000000 17758100000963000 0.070841253 0.103791348 0.092422604 -0.415078100
700964 964.000000 17758100000964000 0.069179468 0.103852943 0.083698231 -0.409765322
700965 965.000000 17758100000965000 0.067639321 0.104073599 0.060409323 -0.449024176
700966 966.000000 17758100000966000 0.066226885 0.103439906 0.049216729 -0.427443216
700967 967.000000 17758100000967000 0.064947732 0.104027567 0.037371435 -0.376725513
700968 968.000000 17758100000968000 0.063806921 0.103779696 0.027167895 -0.462158342
700969 969.000000 17758100000969000 0.062808938 0.103863943 0.012859279 -0.402965169
700970 970.000000 17758100000970000 0.061957739 0.103763296 -0.008070478 -0.414804062
700971 971.000000 17758100000971000 0.061256673 0.103799123 -0.024448110 -0.426207949
700972 972.000000 17758100000972000 0.060708512 0.103907160 -0.048473453 -0.441362880
700973 973.000000 17758100000973000 0.060315412 0.103797118 -0.048068764 -0.418008428
700974 974.000000 17758100000974000 0.060078930 0.103808941 -0.079005519 -0.435261995
700975 975.000000 17758100000975000 0.059999999 0.103523425 -0.087109399 -0.381005790
700976 976.000000 17758100000976000 0.060078930 0.103498923 -0.093421759 -0.399624737
700977 977.000000 17758100000977000 0.060315412 0.103356758 -0.114031052 -0.371084403
700978 978.000000 17758100000978000 0.060708512 0.103088932 -0.122485966 -0.353907387
700979 979.000000 17758100000979000 0.061256673 0.103053661 -0.138842182 -0.346717384
700980 980.000000 17758100000980000 0.061957739 0.102822057 -0.151580682 -0.322313358
700981 981.000000 17758100000981000 0.062808938 0.102512085 -0.165499713 -0.300182366
700982 982.000000 17758100000982000 0.063806921 0.102515951 -0.170133599 -0.336416635
700983 983.000000 17758100000983000 0.064947732 0.102373575 -0.185341191 -0.278178374
700984 984.000000 17758100000984000 0.066226885 0.102135781 -0.194142362 -0.269639931
700985 985.000000 17758100000985000 0.067639321 0.102033037 -0.211844524 -0.224627748
700986 986.000000 17758100000986000 0.069179468 0.101692010 -0.210730489 -0.247811173
700987 987.000000 17758100000987000 0.070841253 0.101732202 -0.217767501 -0.196643059
700988 988.000000 17758100000988000 0.072618119 0.101545325 -0.223264544 -0.135466484
700989 989.000000 17758100000989000 0.074503042 0.101346528 -0.230744118 -0.134566000
700990 990.000000 17758100000990000 0.076488592 0.100636647 -0.233657001 -0.115084630
700991 991.000000 17758100000991000 0.078566931 0.100792086 -0.236995636 -0.072306165
700992 992.000000 17758100000992000 0.080729850 0.100160171 -0.246383900 -0.026664514
700993 993.000000 17758100000993000 0.082968831 0.100171470 -0.239846670 -0.018941532
700994 994.000000 17758100000994000 0.085275017 0.099928377 -0.246913086 0.019559696
700995 995.000000 17758100000995000 0.087639317 0.099870873 -0.246198032 0.013118711
700996 996.000000 17758100000996000 0.090052404 0.099743398 -0.241215339 0.051777048
700997 997.000000 17758100000997000 0.092504747 0.099237545 -0.242457173 0.085788275
700998 998.000000 17758100000998000 0.094986670 0.099101221 -0.238306669 0.132153521
700999 999.000000 17758100000999000 0.097488381 0.098702167 -0.225674749 0.145938447
701000 1000.000000 17758100001000000 0.100000001 0.098389774 -0.229035859 0.157706490
701001 1001.000000 17758100001001000 0.102511622 0.098322550 -0.220708767 0.173206889
701002 1002.000000 17758100001002000 0.105013326 0.098192464 -0.217088030 0.166236566
701003 1003.000000 17758100001003000 0.107495256 0.098083495 -0.204125262 0.226614630
701004 1004.000000 17758100001004000 0.109947592 0.097927326 -0.197475190 0.237874593
701005 1005.000000 17758100001005000 0.112360679 0.097300697 -0.193221660 0.256435158
701006 1006.000000 17758100001006000 0.114724979 0.097125237 -0.184472079 0.295073739
701007 1007.000000 17758100001007000 0.117031172 0.097082855 -0.168563652 0.286797572
701008 1008.000000 17758100001008000 0.119270146 0.096817666 -0.158744640 0.336943596
701009 1009.000000 17758100001009000 0.121433072 0.096695373 -0.152485180 0.347979926
701010 1010.000000 17758100001010000 0.123511411 0.096573543 -0.137961164 0.349788080
701011 1011.000000 17758100001011000 0.125496954 0.096401810 -0.123856314 0.361839571
701012 1012.000000 17758100001012000 0.127381891 0.096433657 -0.112106235 0.368818657
701013 1013.000000 17758100001013000 0.129158750 0.096188226 -0.093503010 0.396918000
701014 1014.000000 17758100001014000 0.130820528 0.096424200 -0.073174931 0.417067182
701015 1015.000000 17758100001015000 0.132360682 0.096107152 -0.073502342 0.449251330
701016 1016.000000 17758100001016000 0.133773118 0.096253687 -0.060269557 0.430026795
701017 1017.000000 17758100001017000 0.135052264 0.096375240 -0.042002856 0.456796253
701018 1018.000000 17758100001018000 0.136193082 0.095900777 -0.011327357 0.444811156
701019 1019.000000 17758100001019000 0.137191057 0.095993870 0.000992233 0.443219472
701020 1020.000000 17758100001020000 0.138042256 0.096011102 0.005503978 0.426474314
701021 1021.000000 17758100001021000 0.138743326 0.096248721 0.028016027 0.440372499
701022 1022.000000 17758100001022000 0.139291495 0.096028305 0.047474728 0.428763822
701023 1023.000000 17758100001023000 0.139684588 0.096322680 0.058934292 0.387204874
701024 1024.000000 17758100001024000 0.139921069 0.096342286 0.070552176 0.396870175
701025 1025.000000 17758100001025000 0.140000001 0.096743009 0.083366081 0.406322530
701026 1026.000000 17758100001026000 0.139921069 0.096632563 0.092451643 0.417249729
701027 1027.000000 17758100001027000 0.139684588 0.096406496 0.115079612 0.375356354
701028 1028.000000 17758100001028000 0.139291495 0.096603120 0.125884039 0.334469372
701029 1029.000000 17758100001029000 0.138743326 0.096746143 0.139377276 0.331335674
701030 1030.000000 17758100001030000 0.138042256 0.096778447 0.151256160 0.329983393
701031 1031.000000 17758100001031000 0.137191057 0.097221574 0.161003714 0.321487267
701032 1032.000000 17758100001032000 0.136193082 0.097253510 0.177313705 0.261857191
701033 1033.000000 17758100001033000 0.135052264 0.097921927 0.185086876 0.225857963
701034 1034.000000 17758100001034000 0.133773118 0.097759238 0.194883284 0.285921720
701035 1035.000000 17758100001035000 0.132360682 0.097862593 0.201300391 0.205969408
701036 1036.000000 17758100001036000 0.130820528 0.098368711 0.207548659 0.204427380
701037 1037.000000 17758100001037000 0.129158750 0.098679350 0.214982583 0.226477455
701038 1038.000000 17758100001038000 0.127381891 0.098524150 0.216303322 0.163642223
701039 1039.000000 17758100001039000 0.125496954 0.098815822 0.233387571 0.163470935
701040 1040.000000 17758100001040000 0.123511411 0.099013364 0.238509174 0.099516937
701041 1041.000000 17758100001041000 0.121433072 0.099671334 0.236877273 0.087673761
701042 1042.000000 17758100001042000 0.119270146 0.099857952 0.244398227 0.103068394
701043 1043.000000 17758100001043000 0.117031172 0.100061587 0.248038468 0.025738774
701044 1044.000000 17758100001044000 0.114724979 0.099857217 0.244720101 0.000353150
701045 1045.000000 17758100001045000 0.112360679 0.099947610 0.245591300 -0.021634371
701046 1046.000000 17758100001046000 0.109947592 0.100649450 0.240365825 -0.047134178
701047 1047.000000 17758100001047000 0.107495256 0.100994330 0.240529464 -0.122083044
701048 1048.000000 17758100001048000 0.105013326 0.101149507 0.235624849 -0.099937079
701049 1049.000000 17758100001049000 0.102511622 0.101233941 0.227199756 -0.136047618
701050 1050.000000 17758100001050000 0.100000001 0.101281592 0.231092297 -0.155344409
701051 1051.000000 17758100001051000 0.097488381 0.102001833 0.221712890 -0.212561959
701052 1052.000000 17758100001052000 0.094986670 0.101967916 0.212819138 -0.225172006
701053 1053.000000 17758100001053000 0.092504747 0.102079302 0.210519547 -0.223060939
701054 1054.000000 17758100001054000 0.090052404 0.102361334 0.200716232 -0.230685395
701055 1055.000000 17758100001055000 0.087639317 0.102879575 0.194271683 -0.284127744
701056 1056.000000 17758100001056000 0.085275017 0.102644618 0.182566381 -0.294065756
701057 1057.000000 17758100001057000 0.082968831 0.102502711 0.173112936 -0.332720032
701058 1058.000000 17758100001058000 0.080729850 0.103266770 0.156881103 -0.314427892
701059 1059.000000 17758100001059000 0.078566931 0.103395920 0.141063701 -0.359084430
701060 1060.000000 17758100001060000 0.076488592 0.103265204 0.131517949 -0.349346970
701061 1061.000000 17758100001061000 0.074503042 0.103367517 0.124931166 -0.398392300
701062 1062.000000 17758100001062000 0.072618119 0.103854827 0.109621194 -0.393289114
701063 1063.000000 17758100001063000 0.070841253 0.103699817 0.094390885 -0.385952703
701064 1064.000000 17758100001064000 0.069179468 0.103636843 0.080305740 -0.379759787
701065 1065.000000 17758100001065000 0.067639321 0.103571744 0.067671943 -0.432577630
701066 1066.000000 17758100001066000 0.066226885 0.103318598 0.050088532 -0.429932636
701067 1067.000000 17758100001067000 0.064947732 0.103773951 0.036484178 -0.416664031
701068 1068.000000 17758100001068000 0.063806921 0.104058443 0.018319109 -0.440836598
701069 1069.000000 17758100001069000 0.062808938 0.103530433 0.003556374 -0.434946380
701070 1070.000000 17758100001070000 0.061957739 0.103782105 -0.011458668 -0.435037429
701071 1071.000000 17758100001071000 0.061256673 0.104130333 -0.024748763 -0.424637103
701072 1072.000000 17758100001072000 0.060708512 0.104136619 -0.039867745 -0.414141025
701073 1073.000000 17758100001073000 0.060315412 0.104227375 -0.062137314 -0.400732296
701074 1074.000000 17758100001074000 0.060078930 0.103598116 -0.069217962 -0.408095657
701075 1075.000000 17758100001075000 0.059999999 0.103577219 -0.086794011 -0.417887973
701076 1076.000000 17758100001076000 0.060078930 0.103841845 -0.100187023 -0.406158646
701077 1077.000000 17758100001077000 0.060315412 0.103892307 -0.114232607 -0.369009251
701078 1078.000000 17758100001078000 0.060708512 0.103182170 -0.130811485 -0.388225533
701079 1079.000000 17758100001079000 0.061256673 0.103075090 -0.137882807 -0.325398536
701080 1080.000000 17758100001080000 0.061957739 0.102756204 -0.149772956 -0.359488981
701081 1081.000000 17758100001081000 0.062808938 0.102866847 -0.162182489 -0.265354138
701082 1082.000000 17758100001082000 0.063806921 0.102402006 -0.170774375 -0.298889518
701083 1083.000000 17758100001083000 0.064947732 0.102491326 -0.193145271 -0.283819862
701084 1084.000000 17758100001084000 0.066226885 0.102238075 -0.184542142 -0.280762725
701085 1085.000000 17758100001085000 0.067639321 0.102276462 -0.200555483 -0.227007056
701086 1086.000000 17758100001086000 0.069179468 0.101703543 -0.214576362 -0.216852829
701087 1087.000000 17758100001087000 0.070841253 0.101463361 -0.212603680 -0.182407635
701088 1088.000000 17758100001088000 0.072618119 0.101142024 -0.219901966 -0.175043425
701089 1089.000000 17758100001089000 0.074503042 0.101331607 -0.231250445 -0.112597658
701090 1090.000000 17758100001090000 0.076488592 0.101090334 -0.229710559 -0.137317802
701091 1091.000000 17758100001091000 0.078566931 0.100542560 -0.240637836 -0.076809656
701092 1092.000000 17758100001092000 0.080729850 0.100356418 -0.241977097 -0.075011379
701093 1093.000000 17758100001093000 0.082968831 0.100302022 -0.242614776 -0.019134247
701094 1094.000000 17758100001094000 0.085275017 0.099989611 -0.247767250 -0.000806790
701095 1095.000000 17758100001095000 0.087639317 0.099484858 -0.238707840 0.004056064
701096 1096.000000 17758100001096000 0.090052404 0.099489703 -0.237377786 0.055544266
701097 1097.000000 17758100001097000 0.092504747 0.099441467 -0.249761080 0.082644308
701098 1098.000000 17758100001098000 0.094986670 0.099089555 -0.233241853 0.103392265
701099 1099.000000 17758100001099000 0.097488381 0.098720493 -0.226357692 0.146100664
701100 1100.000000 17758100001100000 0.100000001 0.098431933 -0.222869551 0.163892396
701101 1101.000000 17758100001101000 0.102511622 0.098132129 -0.231889422 0.203514462
701102 1102.000000 17758100001102000 0.105013326 0.098149197 -0.219381110 0.190084929
701103 1103.000000 17758100001103000 0.107495256 0.097997144 -0.220777183 0.233963212
701104 1104.000000 17758100001104000 0.109947592 0.097636684 -0.198136500 0.274589780
701105 1105.000000 17758100001105000 0.112360679 0.097377246 -0.193506673 0.284555284
701106 1106.000000 17758100001106000 0.114724979 0.097050333 -0.190697617 0.287745166
701107 1107.000000 17758100001107000 0.117031172 0.097212115 -0.168073923 0.301451985
701108 1108.000000 17758100001108000 0.119270146 0.096825262 -0.161709643 0.312781233
701109 1109.000000 17758100001109000 0.121433072 0.096948456 -0.143343018 0.352447189
701110 1110.000000 17758100001110000 0.123511411 0.096716276 -0.138700592 0.341010809
701111 1111.000000 17758100001111000 0.125496954 0.096816729 -0.119146933 0.424290323
701112 1112.000000 17758100001112000 0.127381891 0.096139460 -0.115699548 0.360443882
701113 1113.000000 17758100001113000 0.129158750 0.096789163 -0.098725090 0.389747664
701114 1114.000000 17758100001114000 0.130820528 0.096048742 -0.089127975 0.418548602
701115 1115.000000 17758100001115000 0.132360682 0.096112221 -0.068336594 0.403647317
701116 1116.000000 17758100001116000 0.133773118 0.096025627 -0.054993831 0.435847741
701117 1117.000000 17758100001117000 0.135052264 0.096188221 -0.036638440 0.431493944
701118 1118.000000 17758100001118000 0.136193082 0.095915365 -0.028253945 0.406001590
701119 1119.000000 17758100001119000 0.137191057 0.096025082 -0.005282264 0.448114118
701120 1120.000000 17758100001120000 0.138042256 0.095985105 0.009059969 0.417789276
701121 1121.000000 17758100001121000 0.138743326 0.095820334 0.025811431 0.441317349
701122 1122.000000 17758100001122000 0.139291495 0.095766387 0.039077961 0.416019278
701123 1123.000000 17758100001123000 0.139684588 0.096216509 0.056573915 0.377089637
701124 1124.000000 17758100001124000 0.139921069 0.096193106 0.068362504 0.427999380
701125 1125.000000 17758100001125000 0.140000001 0.096519210 0.077140058 0.419471781
701126 1126.000000 17758100001126000 0.139921069 0.096378257 0.101738545 0.411740123
701127 1127.000000 17758100001127000 0.139684588 0.096467181 0.111060527 0.344209537
701128 1128.000000 17758100001128000 0.139291495 0.096879712 0.119148970 0.369628679
701129 1129.000000 17758100001129000 0.138743326 0.096741365 0.144258192 0.342806210
701130 1130.000000 17758100001130000 0.138042256 0.097078323 0.144314087 0.355383186
701131 1131.000000 17758100001131000 0.137191057 0.096816974 0.167931661 0.306925096
701132 1132.000000 17758100001132000 0.136193082 0.097416679 0.164806549 0.311875912
701133 1133.000000 17758100001133000 0.135052264 0.097503465 0.185025647 0.303874760
701134 1134.000000 17758100001134000 0.133773118 0.097695159 0.198624316 0.230692395
701135 1135.000000 17758100001135000 0.132360682 0.098015663 0.200845994 0.255462486
701136 1136.000000 17758100001136000 0.130820528 0.097999064 0.220467204 0.214294598
701137 1137.000000 17758100001137000 0.129158750 0.098445438 0.214397706 0.198278267
701138 1138.000000 17758100001138000 0.127381891 0.098589236 0.237326880 0.127908685
701139 1139.000000 17758100001139000 0.125496954 0.098753833 0.234681793 0.128355694
701140 1140.000000 17758100001140000 0.123511411 0.099208861 0.231625382 0.091944492
701141 1141.000000 17758100001141000 0.121433072 0.099144556 0.236726990 0.089934356
701142 1142.000000 17758100001142000 0.119270146 0.099728556 0.251750603 0.044257968
701143 1143.000000 17758100001143000 0.117031172 0.099707139 0.244793345 -0.000314942
701144 1144.000000 17758100001144000 0.114724979 0.099487324 0.239211008 0.016611616
701145 1145.000000 17758100001145000 0.112360679 0.100193585 0.237835383 -0.058936162
701146 1146.000000 17758100001146000 0.109947592 0.100793556 0.235453075 -0.054715844
701147 1147.000000 17758100001147000 0.107495256 0.100967431 0.241127557 -0.078525413
701148 1148.000000 17758100001148000 0.105013326 0.101453278 0.236622837 -0.098973988
701149 1149.000000 17758100001149000 0.102511622 0.100887904 0.226299632 -0.148846273
701150 1150.000000 17758100001150000 0.100000001 0.101734365 0.241565694 -0.129335122
701151 1151.000000 17758100001151000 0.097488381 0.101856180 0.218789418 -0.184094259
701152 1152.000000 17758100001152000 0.094986670 0.101970862 0.219120088 -0.214551731
701153 1153.000000 17758100001153000 0.092504747 0.102197458 0.203716331 -0.224524800
701154 1154.000000 17758100001154000 0.090052404 0.102343814 0.207274359 -0.247651356
701155 1155.000000 17758100001155000 0.087639317 0.102410779 0.187555649 -0.297078105
701156 1156.000000 17758100001156000 0.085275017 0.102853488 0.184309551 -0.267624930
701157 1157.000000 17758100001157000 0.082968831 0.102681065 0.168457435 -0.305588107
701158 1158.000000 17758100001158000 0.080729850 0.103193662 0.152124156 -0.344627268
701159 1159.000000 17758100001159000 0.078566931 0.103287455 0.143987257 -0.356505407
701160 1160.000000 17758100001160000 0.076488592 0.103787292 0.140944179 -0.346310502
701161 1161.000000 17758100001161000 0.074503042 0.103483871 0.127572692 -0.352682618
701162 1162.000000 17758100001162000 0.072618119 0.103336509 0.113518404 -0.352402051
701163 1163.000000 17758100001163000 0.070841253 0.103858255 0.093021411 -0.405298591
701164 1164.000000 17758100001164000 0.069179468 0.103936343 0.080178768 -0.419326979
701165 1165.000000 17758100001165000 0.067639321 0.103608950 0.067047194 -0.404630361
701166 1166.000000 17758100001166000 0.066226885 0.103991822 0.057707656 -0.411196895
701167 1167.000000 17758100001167000 0.064947732 0.103801781 0.037332890 -0.388985761
701168 1168.000000 17758100001168000 0.063806921 0.104064751 0.012903617 -0.414636412
701169 1169.000000 17758100001169000 0.062808938 0.103850502 0.007069236 -0.441701585
701170 1170.000000 17758100001170000 0.061957739 0.104219204 -0.023073922 -0.409597753
701171 1171.000000 17758100001171000 0.061256673 0.104012714 -0.032201760 -0.411454181
701172 1172.000000 17758100001172000 0.060708512 0.103970293 -0.038059629 -0.406549966
701173 1173.000000 17758100001173000 0.060315412 0.104118324 -0.045743768 -0.440493493
701174 1174.000000 17758100001174000 0.060078930 0.103653486 -0.076529400 -0.405401718
701175 1175.000000 17758100001175000 0.059999999 0.103354527 -0.082187324 -0.415971311
701176 1176.000000 17758100001176000 0.060078930 0.103548726 -0.098371718 -0.419778631
701177 1177.000000 17758100001177000 0.060315412 0.103269682 -0.106009991 -0.387710058
701178 1178.000000 17758100001178000 0.060708512 0.103375319 -0.117433722 -0.343723620
701179 1179.000000 17758100001179000 0.061256673 0.103097522 -0.137793735 -0.351182674
701180 1180.000000 17758100001180000 0.061957739 0.102884455 -0.153242524 -0.326917369
701181 1181.000000 17758100001181000 0.062808938 0.102472446 -0.166997569 -0.332791232
701182 1182.000000 17758100001182000 0.063806921 0.102566613 -0.178034908 -0.315177330
701183 1183.000000 17758100001183000 0.064947732 0.102569707 -0.183712910 -0.297722939
701184 1184.000000 17758100001184000 0.066226885 0.102346764 -0.190883059 -0.265944388
701185 1185.000000 17758100001185000 0.067639321 0.101966137 -0.202503653 -0.248638599
701186 1186.000000 17758100001186000 0.069179468 0.101823096 -0.206561229 -0.226875254
701187 1187.000000 17758100001187000 0.070841253 0.101633052 -0.216437889 -0.189363286
701188 1188.000000 17758100001188000 0.072618119 0.101285588 -0.225540666 -0.152058348
701189 1189.000000 17758100001189000 0.074503042 0.101463828 -0.227928494 -0.139535358
701190 1190.000000 17758100001190000 0.076488592 0.101032968 -0.236794806 -0.086403520
701191 1191.000000 17758100001191000 0.078566931 0.100733099 -0.246640892 -0.094295187
701192 1192.000000 17758100001192000 0.080729850 0.100575186 -0.248374916 -0.009715095
701193 1193.000000 17758100001193000 0.082968831 0.100103382 -0.246020889 -0.050115596
701194 1194.000000 17758100001194000 0.085275017 0.099360925 -0.248733243 -0.014242126
701195 1195.000000 17758100001195000 0.087639317 0.099672671 -0.237159990 0.022037830
701196 1196.000000 17758100001196000 0.090052404 0.099433616 -0.251536160 0.057136020
701197 1197.000000 17758100001197000 0.092504747 0.099076017 -0.248026076 0.095702832
701198 1198.000000 17758100001198000 0.094986670 0.099215376 -0.232070704 0.116645328
701199 1199.000000 17758100001199000 0.097488381 0.098950152 -0.239850694 0.097654636
701200 1200.000000 17758100001200000 0.100000001 0.098406636 -0.226284687 0.159048019
701201 1201.000000 17758100001201000 0.102511622 0.098733848 -0.223918449 0.159169207
701202 1202.000000 17758100001202000 0.105013326 0.098338712 -0.223546618 0.207178680
701203 1203.000000 17758100001203000 0.107495256 0.097952208 -0.207765797 0.218113548
701204 1204.000000 17758100001204000 0.109947592 0.097615707 -0.196961247 0.242354903
701205 1205.000000 17758100001205000 0.112360679 0.097263833 -0.192538468 0.243636938
701206 1206.000000 17758100001206000 0.114724979 0.097320014 -0.189174754 0.310986425
701207 1207.000000 17758100001207000 0.117031172 0.096978590 -0.175667595 0.300572266
701208 1208.000000 17758100001208000 0.119270146 0.096912245 -0.160394902 0.339923702
701209 1209.000000 17758100001209000 0.121433072 0.096824765 -0.151195504 0.375274366
701210 1210.000000 17758100001210000 0.123511411 0.096828447 -0.130894184 0.355867727
701211 1211.000000 17758100001211000 0.125496954 0.096639612 -0.130437573 0.391374427
701212 1212.000000 17758100001212000 0.127381891 0.096826255 -0.102341500 0.403104533
701213 1213.000000 17758100001213000 0.129158750 0.096507509 -0.101828698 0.367090720
701214 1214.000000 17758100001214000 0.130820528 0.096452865 -0.075086220 0.436783324
701215 1215.000000 17758100001215000 0.132360682 0.096385273 -0.067816692 0.433472616
701216 1216.000000 17758100001216000 0.133773118 0.096271352 -0.046039573 0.421128868
701217 1217.000000 17758100001217000 0.135052264 0.095950970 -0.035541626 0.441179116
701218 1218.000000 17758100001218000 0.136193082 0.096288778 -0.019786232 0.404047472
701219 1219.000000 17758100001219000 0.137191057 0.095644294 -0.012120841 0.419761912
701220 1220.000000 17758100001220000 0.138042256 0.096112550 0.008533098 0.416839488
701221 1221.000000 17758100001221000 0.138743326 0.096126413 0.023802482 0.410218160
701222 1222.000000 17758100001222000 0.139291495 0.096016678 0.044977954 0.422555058
701223 1223.000000 17758100001223000 0.139684588 0.096292280 0.050305861 0.412689142
701224 1224.000000 17758100001224000 0.139921069 0.096094408 0.070355711 0.400297145
701225 1225.000000 17758100001225000 0.140000001 0.097161136 0.084182904 0.396849961
701226 1226.000000 17758100001226000 0.139921069 0.096716766 0.102651184 0.387359817
701227 1227.000000 17758100001227000 0.139684588 0.096550029 0.111247533 0.382257834
701228 1228.000000 17758100001228000 0.139291495 0.096891547 0.121209757 0.357086602
701229 1229.000000 17758100001229000 0.138743326 0.097030126 0.133547505 0.353525977
701230 1230.000000 17758100001230000 0.138042256 0.096660105 0.143922703 0.354255322
701231 1231.000000 17758100001231000 0.137191057 0.096916295 0.167334503 0.307494754
701232 1232.000000 17758100001232000 0.136193082 0.097346342 0.164337097 0.298558104
701233 1233.000000 17758100001233000 0.135052264 0.098064350 0.192342281 0.320880729
701234 1234.000000 17758100001234000 0.133773118 0.097637272 0.196102473 0.258008734
701235 1235.000000 17758100001235000 0.132360682 0.097820501 0.210808581 0.245720037
701236 1236.000000 17758100001236000 0.130820528 0.098283324 0.215400537 0.190704969
701237 1237.000000 17758100001237000 0.129158750 0.098359465 0.222277383 0.188735449
701238 1238.000000 17758100001238000 0.127381891 0.098922698 0.224547354 0.168111864
701239 1239.000000 17758100001239000 0.125496954 0.098966569 0.236346862 0.141989374
701240 1240.000000 17758100001240000 0.123511411 0.098971165 0.233491642 0.085755745
701241 1241.000000 17758100001241000 0.121433072 0.099128278 0.247637026 0.070412264
701242 1242.000000 17758100001242000 0.119270146 0.099445819 0.241284562 0.043619684
701243 1243.000000 17758100001243000 0.117031172 0.100129719 0.243144232 0.009561756
701244 1244.000000 17758100001244000 0.114724979 0.100151980 0.245495079 0.033698973
701245 1245.000000 17758100001245000 0.112360679 0.100340534 0.242132100 0.014758008
701246 1246.000000 17758100001246000 0.109947592 0.100283815 0.243441874 -0.046582108
701247 1247.000000 17758100001247000 0.107495256 0.100731361 0.244030759 -0.076049140
701248 1248.000000 17758100001248000 0.105013326 0.100935513 0.225438943 -0.092855052
701249 1249.000000 17758100001249000 0.102511622 0.101517080 0.237222285 -0.105769937
701250 1250.000000 17758100001250000 0.100000001 0.101351227 0.226571731 -0.156307579
701251 1251.000000 17758100001251000 0.097488381 0.102194653 0.220056166 -0.175502253
701252 1252.000000 17758100001252000 0.094986670 0.101788077 0.222407293 -0.193733240
701253 1253.000000 17758100001253000 0.092504747 0.102020963 0.216758329 -0.223844823
701254 1254.000000 17758100001254000 0.090052404 0.101999454 0.202137105 -0.254358301
701255 1255.000000 17758100001255000 0.087639317 0.102629304 0.202729249 -0.303590984
701256 1256.000000 17758100001256000 0.085275017 0.102745193 0.182186012 -0.327732091
701257 1257.000000 17758100001257000 0.082968831 0.102751779 0.172133396 -0.313671016
701258 1258.000000 17758100001258000 0.080729850 0.103028114 0.157745206 -0.321657291
701259 1259.000000 17758100001259000 0.078566931 0.102810644 0.149218162 -0.338512080
701260 1260.000000 17758100001260000 0.076488592 0.102966305 0.130843638 -0.348465165
701261 1261.000000 17758100001261000 0.074503042 0.103343126 0.118934282 -0.376183763
701262 1262.000000 17758100001262000 0.072618119 0.103420328 0.109124657 -0.386482259
701263 1263.000000 17758100001263000 0.070841253 0.103556689 0.095694485 -0.432155209
701264 1264.000000 17758100001264000 0.069179468 0.103803102 0.084601000 -0.411141945
701265 1265.000000 17758100001265000 0.067639321 0.103884461 0.071667039 -0.409731595
701266 1266.000000 17758100001266000 0.066226885 0.103802615 0.049290960 -0.412081153
701267 1267.000000 17758100001267000 0.064947732 0.103951236 0.027689452 -0.473172136
701268 1268.000000 17758100001268000 0.063806921 0.103442869 0.015048706 -0.439077186
701269 1269.000000 17758100001269000 0.062808938 0.103828834 0.002712509 -0.439333624
701270 1270.000000 17758100001270000 0.061957739 0.104107568 -0.009114069 -0.435784646
701271 1271.000000 17758100001271000 0.061256673 0.104114311 -0.028521042 -0.411193137
701272 1272.000000 17758100001272000 0.060708512 0.103868453 -0.036908748 -0.397039016
701273 1273.000000 17758100001273000 0.060315412 0.103348583 -0.053590222 -0.409902279
701274 1274.000000 17758100001274000 0.060078930 0.103596742 -0.074539976 -0.404074072
701275 1275.000000 17758100001275000 0.059999999 0.103543426 -0.091875799 -0.392062410
701276 1276.000000 17758100001276000 0.060078930 0.103362865 -0.087778152 -0.398649862
701277 1277.000000 17758100001277000 0.060315412 0.103412620 -0.101356768 -0.412788273
701278 1278.000000 17758100001278000 0.060708512 0.103242337 -0.126569129 -0.365738032
701279 1279.000000 17758100001279000 0.061256673 0.103038072 -0.133504789 -0.382746063
701280 1280.000000 17758100001280000 0.061957739 0.103016403 -0.152561263 -0.352858220
701281 1281.000000 17758100001281000 0.062808938 0.102862451 -0.161960723 -0.323780469
701282 1282.000000 17758100001282000 0.063806921 0.102851086 -0.173123639 -0.299201785
701283 1283.000000 17758100001283000 0.064947732 0.102407937 -0.181045204 -0.321104370
701284 1284.000000 17758100001284000 0.066226885 0.102151952 -0.194851799 -0.238382226
701285 1285.000000 17758100001285000 0.067639321 0.101896989 -0.193331855 -0.201233834
701286 1286.000000 17758100001286000 0.069179468 0.101896317 -0.208451726 -0.210189732
701287 1287.000000 17758100001287000 0.070841253 0.101798337 -0.217847574 -0.196163270
701288 1288.000000 17758100001288000 0.072618119 0.101767744 -0.229755245 -0.137624131
701289 1289.000000 17758100001289000 0.074503042 0.101073615 -0.226955420 -0.149018802
701290 1290.000000 17758100001290000 0.076488592 0.101150717 -0.230213579 -0.141127413
701291 1291.000000 17758100001291000 0.078566931 0.100366991 -0.240770212 -0.104943431
701292 1292.000000 17758100001292000 0.080729850 0.100445955 -0.233573994 -0.039333926
701293 1293.000000 17758100001293000 0.082968831 0.100449080 -0.245937646 -0.007275282
701294 1294.000000 17758100001294000 0.085275017 0.099775950 -0.246114505 -0.013771813
701295 1295.000000 17758100001295000 0.087639317 0.099750410 -0.243457575 0.048256140
701296 1296.000000 17758100001296000 0.090052404 0.099342959 -0.239537573 0.063545717
701297 1297.000000 17758100001297000 0.092504747 0.099277217 -0.232059898 0.092548884
701298 1298.000000 17758100001298000 0.094986670 0.098907774 -0.233536932 0.090930157
701299 1299.000000 17758100001299000 0.097488381 0.098864828 -0.233137043 0.125848583
701300 1300.000000 17758100001300000 0.100000001 0.098676245 -0.234912248 0.151925187
701301 1301.000000 17758100001301000 0.102511622 0.098152576 -0.223483496 0.176214009
701302 1302.000000 17758100001302000 0.105013326 0.098147589 -0.213668182 0.247729002
701303 1303.000000 17758100001303000 0.107495256 0.098129068 -0.206585517 0.265631564
701304 1304.000000 17758100001304000 0.109947592 0.097447234 -0.200060669 0.245372153
701305 1305.000000 17758100001305000 0.112360679 0.097278153 -0.188499767 0.309377847
701306 1306.000000 17758100001306000 0.114724979 0.096869191 -0.184643167 0.283843516
701307 1307.000000 17758100001307000 0.117031172 0.097244755 -0.166016782 0.335433674
701308 1308.000000 17758100001308000 0.119270146 0.097226027 -0.163030279 0.349553019
701309 1309.000000 17758100001309000 0.121433072 0.097205808 -0.141160003 0.367644231
701310 1310.000000 17758100001310000 0.123511411 0.096655696 -0.138724604 0.357867020
701311 1311.000000 17758100001311000 0.125496954 0.096401044 -0.127099119 0.374238688
701312 1312.000000 17758100001312000 0.127381891 0.096596545 -0.111443247 0.361123169
701313 1313.000000 17758100001313000 0.129158750 0.096382962 -0.085594590 0.393824871
701314 1314.000000 17758100001314000 0.130820528 0.096396628 -0.085498168 0.439382006
701315 1315.000000 17758100001315000 0.132360682 0.095951374 -0.067361515 0.412276825
701316 1316.000000 17758100001316000 0.133773118 0.096326830 -0.055680621 0.423704454
701317 1317.000000 17758100001317000 0.135052264 0.095932049 -0.037204105 0.447044157
701318 1318.000000 17758100001318000 0.136193082 0.096170710 -0.024958154 0.445247194
701319 1319.000000 17758100001319000 0.137191057 0.096458707 -0.005093657 0.479134525
701320 1320.000000 17758100001320000 0.138042256 0.096248327 0.003619966 0.421148533
701321 1321.000000 17758100001321000 0.138743326 0.096234299 0.018127897 0.427588920
701322 1322.000000 17758100001322000 0.139291495 0.096103380 0.041898635 0.442885785
701323 1323.000000 17758100001323000 0.139684588 0.096238445 0.059716201 0.438644771
701324 1324.000000 17758100001324000 0.139921069 0.096185126 0.062060163 0.438121106
701325 1325.000000 17758100001325000 0.140000001 0.096349172 0.077061590 0.391067312
701326 1326.000000 17758100001326000 0.139921069 0.096558624 0.096199411 0.398002313
701327 1327.000000 17758100001327000 0.139684588 0.096994666 0.119636542 0.375670366
701328 1328.000000 17758100001328000 0.139291495 0.096705571 0.131365260 0.374025477
701329 1329.000000 17758100001329000 0.138743326 0.097066074 0.142614083 0.361259641
701330 1330.000000 17758100001330000 0.138042256 0.097263826 0.151584213 0.329489652
701331 1331.000000 17758100001331000 0.137191057 0.097282761 0.163579654 0.306840333
701332 1332.000000 17758100001332000 0.136193082 0.097255826 0.177339450 0.268165357
701333 1333.000000 17758100001333000 0.135052264 0.097568981 0.185192178 0.298470345
701334 1334.000000 17758100001334000 0.133773118 0.097741149 0.198598726 0.278274438
701335 1335.000000 17758100001335000 0.132360682 0.097446188 0.198032231 0.228394581
701336 1336.000000 17758100001336000 0.130820528 0.098323191 0.205442133 0.208563393
701337 1337.000000 17758100001337000 0.129158750 0.098672759 0.212220436 0.177249549
701338 1338.000000 17758100001338000 0.127381891 0.098651396 0.228318049 0.170360690
701339 1339.000000 17758100001339000 0.125496954 0.098728700 0.225909238 0.140264238
701340 1340.000000 17758100001340000 0.123511411 0.098864721 0.229601850 0.093895689
701341 1341.000000 17758100001341000 0.121433072 0.099215041 0.243299311 0.052986929
701342 1342.000000 17758100001342000 0.119270146 0.099762329 0.240783112 0.096295408
701343 1343.000000 17758100001343000 0.117031172 0.099470899 0.238541978 0.070897722
701344 1344.000000 17758100001344000 0.114724979 0.099934768 0.247893720 0.015235808
701345 1345.000000 17758100001345000 0.112360679 0.100167847 0.244641531 0.002386470
701346 1346.000000 17758100001346000 0.109947592 0.100298953 0.246667057 -0.007910861
701347 1347.000000 17758100001347000 0.107495256 0.100493507 0.246826449 -0.053254967
701348 1348.000000 17758100001348000 0.105013326 0.101352965 0.232624221 -0.129230592
701349 1349.000000 17758100001349000 0.102511622 0.101321025 0.233896046 -0.138752040
701350 1350.000000 17758100001350000 0.100000001 0.101290069 0.234049609 -0.111888145
701351 1351.000000 17758100001351000 0.097488381 0.101931820 0.219234404 -0.180445439
701352 1352.000000 17758100001352000 0.094986670 0.101451799 0.218537056 -0.222781190
701353 1353.000000 17758100001353000 0.092504747 0.101840509 0.215127368 -0.227766482
701354 1354.000000 17758100001354000 0.090052404 0.102410340 0.195331928 -0.274825234
701355 1355.000000 17758100001355000 0.087639317 0.102507299 0.188271413 -0.307773047
701356 1356.000000 17758100001356000 0.085275017 0.102547855 0.190300103 -0.301715438
701357 1357.000000 17758100001357000 0.082968831 0.102708322 0.178406978 -0.327838107
701358 1358.000000 17758100001358000 0.080729850 0.102844594 0.156334784 -0.315281850
701359 1359.000000 17758100001359000 0.078566931 0.103064001 0.149502993 -0.320160269
701360 1360.000000 17758100001360000 0.076488592 0.103443659 0.135524609 -0.332982146
701361 1361.000000 17758100001361000 0.074503042 0.103690896 0.121384266 -0.398280034
701362 1362.000000 17758100001362000 0.072618119 0.103365850 0.115851220 -0.391469031
701363 1363.000000 17758100001363000 0.070841253 0.104030761 0.099180767 -0.432741392
701364 1364.000000 17758100001364000 0.069179468 0.103989966 0.081600322 -0.393092056
701365 1365.000000 17758100001365000 0.067639321 0.103751704 0.065494658 -0.453603554
701366 1366.000000 17758100001366000 0.066226885 0.103737409 0.052855397 -0.442684244
701367 1367.000000 17758100001367000 0.064947732 0.103579260 0.041550389 -0.452672629
701368 1368.000000 17758100001368000 0.063806921 0.103928474 0.015223987 -0.427422559
701369 1369.000000 17758100001369000 0.062808938 0.103749912 0.007279625 -0.420655177
701370 1370.000000 17758100001370000 0.061957739 0.104007135 -0.008273765 -0.429119872
701371 1371.000000 17758100001371000 0.061256673 0.103926615 -0.017992414 -0.425660395
701372 1372.000000 17758100001372000 0.060708512 0.103635234 -0.042701226 -0.414662567
701373 1373.000000 17758100001373000 0.060315412 0.103327435 -0.054580131 -0.465331544
701374 1374.000000 17758100001374000 0.060078930 0.103949582 -0.068680701 -0.452153965
701375 1375.000000 17758100001375000 0.059999999 0.103428767 -0.087097226 -0.426776012
701376 1376.000000 17758100001376000 0.060078930 0.103783965 -0.097300939 -0.397159564
701377 1377.000000 17758100001377000 0.060315412 0.103657886 -0.113200938 -0.429600297
701378 1378.000000 17758100001378000 0.060708512 0.103023196 -0.132182837 -0.366101434
701379 1379.000000 17758100001379000 0.061256673 0.103324145 -0.148090509 -0.375839927
701380 1380.000000 17758100001380000 0.061957739 0.102916065 -0.152726093 -0.333804842
701381 1381.000000 17758100001381000 0.062808938 0.102545821 -0.169523979 -0.327638781
701382 1382.000000 17758100001382000 0.063806921 0.102789574 -0.169049660 -0.293009619
701383 1383.000000 17758100001383000 0.064947732 0.102198012 -0.185461778 -0.297077643
701384 1384.000000 17758100001384000 0.066226885 0.102431376 -0.185593738 -0.244797061
701385 1385.000000 17758100001385000 0.067639321 0.102040426 -0.207947356 -0.268858125
701386 1386.000000 17758100001386000 0.069179468 0.102028989 -0.215415186 -0.250172986
701387 1387.000000 17758100001387000 0.070841253 0.101827973 -0.211341982 -0.181060454
701388 1388.000000 17758100001388000 0.072618119 0.101324730 -0.228664320 -0.169744044
701389 1389.000000 17758100001389000 0.074503042 0.100803887 -0.235753507 -0.125354860
701390 1390.000000 17758100001390000 0.076488592 0.101192055 -0.222101717 -0.131582458
701391 1391.000000 17758100001391000 0.078566931 0.100781709 -0.241551344 -0.071933107
701392 1392.000000 17758100001392000 0.080729850 0.100583671 -0.243165801 -0.058250377
701393 1393.000000 17758100001393000 0.082968831 0.100142503 -0.242996919 -0.024843944
701394 1394.000000 17758100001394000 0.085275017 0.099948306 -0.252268153 -0.000060067
701395 1395.000000 17758100001395000 0.087639317 0.099774809 -0.247051749 -0.002538507
701396 1396.000000 17758100001396000 0.090052404 0.099621791 -0.234553289 0.048205762
701397 1397.000000 17758100001397000 0.092504747 0.099268853 -0.239546205 0.048684616
701398 1398.000000 17758100001398000 0.094986670 0.099186043 -0.234858085 0.153200807
701399 1399.000000 17758100001399000 0.097488381 0.099128198 -0.229793559 0.149574433
701400 1400.000000 17758100001400000 0.100000001 0.098435558 -0.229663264 0.176085944
701401 1401.000000 17758100001401000 0.102511622 0.098260959 -0.221082595 0.193577260
701402 1402.000000 17758100001402000 0.105013326 0.097926505 -0.221802207 0.202844548
701403 1403.000000 17758100001403000 0.107495256 0.097900677 -0.204989823 0.224925936
701404 1404.000000 17758100001404000 0.109947592 0.097664716 -0.197826762 0.229717790
701405 1405.000000 17758100001405000 0.112360679 0.097621576 -0.190056811 0.303048239
701406 1406.000000 17758100001406000 0.114724979 0.097294399 -0.180216174 0.307070059
701407 1407.000000 17758100001407000 0.117031172 0.096940174 -0.165642202 0.333651615
701408 1408.000000 17758100001408000 0.119270146 0.097311273 -0.170684093 0.333204318
701409 1409.000000 17758100001409000 0.121433072 0.096828493 -0.146494129 0.324717807
701410 1410.000000 17758100001410000 0.123511411 0.096403585 -0.145210676 0.358879646
701411 1411.000000 17758100001411000 0.125496954 0.096527420 -0.118977928 0.364111022
701412 1412.000000 17758100001412000 0.127381891 0.096160112 -0.107361074 0.375378511
701413 1413.000000 17758100001413000 0.129158750 0.096545176 -0.097268442 0.412359317
701414 1414.000000 17758100001414000 0.130820528 0.096321098 -0.083790665 0.389342801
701415 1415.000000 17758100001415000 0.132360682 0.096102401 -0.061963981 0.390576926
701416 1416.000000 17758100001416000 0.133773118 0.096295726 -0.056102686 0.413986899
701417 1417.000000 17758100001417000 0.135052264 0.096235819 -0.035515479 0.424289648
701418 1418.000000 17758100001418000 0.136193082 0.095937416 -0.017177548 0.441075215
701419 1419.000000 17758100001419000 0.137191057 0.096260729 -0.008204242 0.429746514
701420 1420.000000 17758100001420000 0.138042256 0.096443955 0.003334863 0.449558263
701421 1421.000000 17758100001421000 0.138743326 0.096634339 0.023308451 0.450042597
701422 1422.000000 17758100001422000 0.139291495 0.096214213 0.037153577 0.405344153
701423 1423.000000 17758100001423000 0.139684588 0.096433633 0.050244853 0.405995249
701424 1424.000000 17758100001424000 0.139921069 0.096410447 0.076046732 0.374343431
701425 1425.000000 17758100001425000 0.140000001 0.096488751 0.078390550 0.384560793
701426 1426.000000 17758100001426000 0.139921069 0.096429710 0.093281962 0.387659527
701427 1427.000000 17758100001427000 0.139684588 0.096541252 0.113898475 0.421742978
701428 1428.000000 17758100001428000 0.139291495 0.096680163 0.128491222 0.385279784
701429 1429.000000 17758100001429000 0.138743326 0.097023172 0.137335311 0.355864247
701430 1430.000000 17758100001430000 0.138042256 0.097092294 0.149915923 0.312720828
701431 1431.000000 17758100001431000 0.137191057 0.097218116 0.161575051 0.295624284
701432 1432.000000 17758100001432000 0.136193082 0.097073866 0.170395027 0.289550119
701433 1433.000000 17758100001433000 0.135052264 0.097608533 0.186865774 0.277496431
701434 1434.000000 17758100001434000 0.133773118 0.097736860 0.190778411 0.270776139
701435 1435.000000 17758100001435000 0.132360682 0.097854096 0.202562771 0.222029006
701436 1436.000000 17758100001436000 0.130820528 0.098370670 0.204102038 0.238207935
701437 1437.000000 17758100001437000 0.129158750 0.098297578 0.216149997 0.190686401
701438 1438.000000 17758100001438000 0.127381891 0.098603936 0.226795144 0.141960926
701439 1439.000000 17758100001439000 0.125496954 0.098660379 0.233313155 0.098131762
701440 1440.000000 17758100001440000 0.123511411 0.099474820 0.233896196 0.118865727
701441 1441.000000 17758100001441000 0.121433072 0.099090039 0.237165536 0.079730655
701442 1442.000000 17758100001442000 0.119270146 0.099394737 0.246373479 0.035833725
701443 1443.000000 17758100001443000 0.117031172 0.099831786 0.251406327 0.032036479
701444 1444.000000 17758100001444000 0.114724979 0.100109384 0.251043184 0.006794035
701445 1445.000000 17758100001445000 0.112360679 0.100777960 0.247032723 -0.019387428
701446 1446.000000 17758100001446000 0.109947592 0.100272239 0.244497092 -0.091419873
701447 1447.000000 17758100001447000 0.107495256 0.100594113 0.241392414 -0.024496086
701448 1448.000000 17758100001448000 0.105013326 0.100775951 0.238235091 -0.118782465
701449 1449.000000 17758100001449000 0.102511622 0.101432633 0.222978887 -0.112968441
701450 1450.000000 17758100001450000 0.100000001 0.101475385 0.224393161 -0.146459231
701451 1451.000000 17758100001451000 0.097488381 0.101856771 0.228622328 -0.154870630
701452 1452.000000 17758100001452000 0.094986670 0.101844947 0.213416655 -0.259338927
701453 1453.000000 17758100001453000 0.092504747 0.102031769 0.201981406 -0.208297666
701454 1454.000000 17758100001454000 0.090052404 0.102461419 0.201460876 -0.255831265
701455 1455.000000 17758100001455000 0.087639317 0.102530424 0.192352584 -0.269588074
701456 1456.000000 17758100001456000 0.085275017 0.102740102 0.180838179 -0.313278354
701457 1457.000000 17758100001457000 0.082968831 0.103003446 0.164281802 -0.298034873
701458 1458.000000 17758100001458000 0.080729850 0.103068425 0.160703351 -0.338429943
701459 1459.000000 17758100001459000 0.078566931 0.102791021 0.154712691 -0.332326113
701460 1460.000000 17758100001460000 0.076488592 0.103070367 0.139722662 -0.334492031
701461 1461.000000 17758100001461000 0.074503042 0.103562921 0.116495061 -0.411684833
701462 1462.000000 17758100001462000 0.072618119 0.103761014 0.099866755 -0.413436021
701463 1463.000000 17758100001463000 0.070841253 0.103359004 0.092031289 -0.374445361
701464 1464.000000 17758100001464000 0.069179468 0.103619540 0.073883162 -0.445390809
701465 1465.000000 17758100001465000 0.067639321 0.103594974 0.066205619 -0.394205761
701466 1466.000000 17758100001466000 0.066226885 0.103764337 0.049640052 -0.413404249
701467 1467.000000 17758100001467000 0.064947732 0.103549766 0.036025828 -0.455651248
701468 1468.000000 17758100001468000 0.063806921 0.103736112 0.022709027 -0.427506773
701469 1469.000000 17758100001469000 0.062808938 0.103608677 0.002862110 -0.456311213
701470 1470.000000 17758100001470000 0.061957739 0.103710715 -0.003826344 -0.417213436
701471 1471.000000 17758100001471000 0.061256673 0.103595794 -0.026074176 -0.411788363
701472 1472.000000 17758100001472000 0.060708512 0.103658653 -0.041954947 -0.436230225
701473 1473.000000 17758100001473000 0.060315412 0.103521744 -0.050069474 -0.421309428
701474 1474.000000 17758100001474000 0.060078930 0.103749250 -0.066144570 -0.375812061
701475 1475.000000 17758100001475000 0.059999999 0.103601519 -0.074201892 -0.392747409
701476 1476.000000 17758100001476000 0.060078930 0.103459239 -0.082944793 -0.389203020
701477 1477.000000 17758100001477000 0.060315412 0.103520728 -0.114252359 -0.393062618
701478 1478.000000 17758100001478000 0.060708512 0.103084925 -0.125121466 -0.345391519
701479 1479.000000 17758100001479000 0.061256673 0.103263036 -0.146519320 -0.338137044
701480 1480.000000 17758100001480000 0.061957739 0.102529852 -0.148041578 -0.343457514
701481 1481.000000 17758100001481000 0.062808938 0.102927195 -0.164034383 -0.330366830
701482 1482.000000 17758100001482000 0.063806921 0.102654997 -0.173725505 -0.284491447
701483 1483.000000 17758100001483000 0.064947732 0.102034973 -0.179857584 -0.275576445
701484 1484.000000 17758100001484000 0.066226885 0.102472094 -0.196242082 -0.265307178
701485 1485.000000 17758100001485000 0.067639321 0.102009119 -0.208070457 -0.220208664
701486 1486.000000 17758100001486000 0.069179468 0.101715548 -0.214921399 -0.225160614
701487 1487.000000 17758100001487000 0.070841253 0.101576016 -0.224780039 -0.174998313
701488 1488.000000 17758100001488000 0.072618119 0.101541559 -0.230140339 -0.167605489
701489 1489.000000 17758100001489000 0.074503042 0.100826421 -0.228196660 -0.149282737
701490 1490.000000 17758100001490000 0.076488592 0.100797873 -0.239112720 -0.122308578
701491 1491.000000 17758100001491000 0.078566931 0.100865539 -0.232688042 -0.094273155
701492 1492.000000 17758100001492000 0.080729850 0.100446658 -0.241137196 -0.046525769
701493 1493.000000 17758100001493000 0.082968831 0.099999551 -0.239002453 -0.014618289
701494 1494.000000 17758100001494000 0.085275017 0.099944522 -0.247688553 0.006114406
701495 1495.000000 17758100001495000 0.087639317 0.099604118 -0.243450873 -0.010641574
701496 1496.000000 17758100001496000 0.090052404 0.099500271 -0.240560989 0.060833878
701497 1497.000000 17758100001497000 0.092504747 0.099284486 -0.239762122 0.117795840
701498 1498.000000 17758100001498000 0.094986670 0.099145008 -0.242524386 0.071655208
701499 1499.000000 17758100001499000 0.097488381 0.098758448 -0.235853553 0.137159132
701500 1500.000000 17758100001500000 0.100000001 0.098424565 -0.232527195 0.149359710
701501 1501.000000 17758100001501000 0.102511622 0.098531236 -0.227415431 0.198569221
701502 1502.000000 17758100001502000 0.105013326 0.098182892 -0.221224438 0.189303341
701503 1503.000000 17758100001503000 0.107495256 0.097706280 -0.216727325 0.245204393
701504 1504.000000 17758100001504000 0.109947592 0.097615983 -0.204524077 0.274509486
701505 1505.000000 17758100001505000 0.112360679 0.097655803 -0.189372647 0.269506371
701506 1506.000000 17758100001506000 0.114724979 0.097248656 -0.179403570 0.278218798
701507 1507.000000 17758100001507000 0.117031172 0.096972863 -0.179806424 0.348159923
701508 1508.000000 17758100001508000 0.119270146 0.096671611 -0.150665354 0.357951559
701509 1509.000000 17758100001509000 0.121433072 0.096708105 -0.150189759 0.371227258
701510 1510.000000 17758100001510000 0.123511411 0.096193045 -0.142436959 0.366851988
701511 1511.000000 17758100001511000 0.125496954 0.097026856 -0.122716952 0.339049463
701512 1512.000000 17758100001512000 0.127381891 0.096626951 -0.117508748 0.375752636
701513 1513.000000 17758100001513000 0.129158750 0.096391814 -0.091394335 0.409299931
701514 1514.000000 17758100001514000 0.130820528 0.096272652 -0.069528173 0.424165754
701515 1515.000000 17758100001515000 0.132360682 0.096190405 -0.071076096 0.426752492
701516 1516.000000 17758100001516000 0.133773118 0.096497964 -0.052863212 0.426828176
701517 1517.000000 17758100001517000 0.135052264 0.096099631 -0.029416163 0.415131902
701518 1518.000000 17758100001518000 0.136193082 0.096004039 -0.020374301 0.431845964
701519 1519.000000 17758100001519000 0.137191057 0.096231608 0.000158854 0.441046995
701520 1520.000000 17758100001520000 0.138042256 0.095803873 0.009917569 0.408218083
701521 1521.000000 17758100001521000 0.138743326 0.096053850 0.027946217 0.436929854
701522 1522.000000 17758100001522000 0.139291495 0.096548115 0.036563116 0.413440350
701523 1523.000000 17758100001523000 0.139684588 0.096256396 0.054567047 0.440906861
701524 1524.000000 17758100001524000 0.139921069 0.096186446 0.069567614 0.395060130
701525 1525.000000 17758100001525000 0.140000001 0.096329310 0.083164653 0.363793022
701526 1526.000000 17758100001526000 0.139921069 0.096302412 0.097983424 0.420983897
701527 1527.000000 17758100001527000 0.139684588 0.096434978 0.117145460 0.376912603
701528 1528.000000 17758100001528000 0.139291495 0.096813094 0.130085823 0.345643444
701529 1529.000000 17758100001529000 0.138743326 0.096753035 0.138036720 0.391515861
701530 1530.000000 17758100001530000 0.138042256 0.097265661 0.159487146 0.325264546
701531 1531.000000 17758100001531000 0.137191057 0.097088873 0.170692194 0.325447679
701532 1532.000000 17758100001532000 0.136193082 0.097363035 0.165018774 0.296744846
701533 1533.000000 17758100001533000 0.135052264 0.097675726 0.187143680 0.251674541
701534 1534.000000 17758100001534000 0.133773118 0.097734152 0.185365771 0.275321154
701535 1535.000000 17758100001535000 0.132360682 0.098305273 0.201844822 0.226193435
701536 1536.000000 17758100001536000 0.130820528 0.098325851 0.218803831 0.231643228
701537 1537.000000 17758100001537000 0.129158750 0.098363755 0.219200656 0.218162426
701538 1538.000000 17758100001538000 0.127381891 0.098834746 0.227723651 0.164193884
701539 1539.000000 17758100001539000 0.125496954 0.098753080 0.230198140 0.114911235
701540 1540.000000 17758100001540000 0.123511411 0.098919772 0.234537412 0.119376069
701541 1541.000000 17758100001541000 0.121433072 0.099116293 0.238222472 0.074310845
701542 1542.000000 17758100001542000 0.119270146 0.099295894 0.238507785 0.066657428
701543 1543.000000 17758100001543000 0.117031172 0.099767670 0.242714430 0.070930279
701544 1544.000000 17758100001544000 0.114724979 0.099906868 0.250527369 0.000681037
701545 1545.000000 17758100001545000 0.112360679 0.099806201 0.254962802 0.001679075
701546 1546.000000 17758100001546000 0.109947592 0.100323257 0.238398855 -0.038166094
701547 1547.000000 17758100001547000 0.107495256 0.100523050 0.237326491 -0.068929164
701548 1548.000000 17758100001548000 0.105013326 0.101036350 0.233541568 -0.103186497
701549 1549.000000 17758100001549000 0.102511622 0.100698797 0.247466789 -0.097298787
701550 1550.000000 17758100001550000 0.100000001 0.101587579 0.234051330 -0.163432021
701551 1551.000000 17758100001551000 0.097488381 0.101676978 0.224373325 -0.187823711
701552 1552.000000 17758100001552000 0.094986670 0.101925816 0.220810858 -0.217927268
701553 1553.000000 17758100001553000 0.092504747 0.101997065 0.209273141 -0.209220438
701554 1554.000000 17758100001554000 0.090052404 0.102141881 0.205641437 -0.261341782
701555 1555.000000 17758100001555000 0.087639317 0.102352883 0.192970957 -0.289050519
701556 1556.000000 17758100001556000 0.085275017 0.102752920 0.175229495 -0.316617110
701557 1557.000000 17758100001557000 0.082968831 0.103044029 0.176048801 -0.341305372
701558 1558.000000 17758100001558000 0.080729850 0.102970846 0.165271863 -0.355897311
701559 1559.000000 17758100001559000 0.078566931 0.103063910 0.144596927 -0.340211003
701560 1560.000000 17758100001560000 0.076488592 0.103311720 0.129891347 -0.356010652
701561 1561.000000 17758100001561000 0.074503042 0.103325283 0.121095817 -0.348182756
701562 1562.000000 17758100001562000 0.072618119 0.103457433 0.103643101 -0.394764245
701563 1563.000000 17758100001563000 0.070841253 0.103150635 0.099751727 -0.360741762
701564 1564.000000 17758100001564000 0.069179468 0.104270180 0.079732253 -0.426004130
701565 1565.000000 17758100001565000 0.067639321 0.103730009 0.066679373 -0.379396612
701566 1566.000000 17758100001566000 0.066226885 0.103948861 0.049934337 -0.430187660
701567 1567.000000 17758100001567000 0.064947732 0.103753722 0.043397970 -0.423060009
701568 1568.000000 17758100001568000 0.063806921 0.104033847 0.025220477 -0.429535565
701569 1569.000000 17758100001569000 0.062808938 0.104029398 0.003942999 -0.440382189
701570 1570.000000 17758100001570000 0.061957739 0.103887274 -0.009688466 -0.426391096
701571 1571.000000 17758100001571000 0.061256673 0.103651668 -0.028089677 -0.433880281
701572 1572.000000 17758100001572000 0.060708512 0.103735938 -0.047669828 -0.416291661
701573 1573.000000 17758100001573000 0.060315412 0.103703301 -0.059815986 -0.375148674
701574 1574.000000 17758100001574000 0.060078930 0.103812457 -0.068426606 -0.419164462
701575 1575.000000 17758100001575000 0.059999999 0.103641193 -0.085994903 -0.388586506
701576 1576.000000 17758100001576000 0.060078930 0.103433813 -0.101581648 -0.394458916
701577 1577.000000 17758100001577000 0.060315412 0.103439638 -0.114946845 -0.412614291
701578 1578.000000 17758100001578000 0.060708512 0.103282966 -0.125569297 -0.373729052
701579 1579.000000 17758100001579000 0.061256673 0.103191288 -0.146754857 -0.366483095
701580 1580.000000 17758100001580000 0.061957739 0.102847239 -0.154447910 -0.313051237
701581 1581.000000 17758100001581000 0.062808938 0.102876101 -0.166466313 -0.326568263
701582 1582.000000 17758100001582000 0.063806921 0.102845755 -0.172960120 -0.319771723
701583 1583.000000 17758100001583000 0.064947732 0.102485653 -0.189874557 -0.288685854
701584 1584.000000 17758100001584000 0.066226885 0.101762706 -0.191402920 -0.271177228
701585 1585.000000 17758100001585000 0.067639321 0.101701497 -0.205446675 -0.266398777
701586 1586.000000 17758100001586000 0.069179468 0.101879581 -0.211219931 -0.214267281
701587 1587.000000 17758100001587000 0.070841253 0.101703300 -0.223060486 -0.165231321
701588 1588.000000 17758100001588000 0.072618119 0.101410956 -0.220702727 -0.168596766
701589 1589.000000 17758100001589000 0.074503042 0.100895021 -0.230391488 -0.103788138
701590 1590.000000 17758100001590000 0.076488592 0.101062099 -0.237896119 -0.092861471
701591 1591.000000 17758100001591000 0.078566931 0.100592034 -0.245165910 -0.101886915
701592 1592.000000 17758100001592000 0.080729850 0.100113982 -0.244133562 -0.048186029
701593 1593.000000 17758100001593000 0.082968831 0.100175704 -0.250010352 -0.031553588
701594 1594.000000 17758100001594000 0.085275017 0.099999078 -0.239853450 -0.001741248
701595 1595.000000 17758100001595000 0.087639317 0.099648792 -0.237538452 0.009180060
701596 1596.000000 17758100001596000 0.090052404 0.099484097 -0.246483670 0.064876603
701597 1597.000000 17758100001597000 0.092504747 0.099310543 -0.238576989 0.054527665
701598 1598.000000 17758100001598000 0.094986670 0.098682972 -0.242560061 0.087254749
701599 1599.000000 17758100001599000 0.097488381 0.099329977 -0.246225262 0.121173739
701600 1600.000000 17758100001600000 0.100000001 0.098488998 -0.236046836 0.150434777
701601 1601.000000 17758100001601000 0.102511622 0.098170910 -0.214353897 0.208640554
701602 1602.000000 17758100001602000 0.105013326 0.098206198 -0.220898417 0.217246705
701603 1603.000000 17758100001603000 0.107495256 0.097824787 -0.208936805 0.211535610
701604 1604.000000 17758100001604000 0.109947592 0.097752620 -0.208217119 0.245670946
701605 1605.000000 17758100001605000 0.112360679 0.097484221 -0.191240652 0.229688831
701606 1606.000000 17758100001606000 0.114724979 0.097145738 -0.184372975 0.331530017
701607 1607.000000 17758100001607000 0.117031172 0.097111394 -0.167221069 0.285679212
701608 1608.000000 17758100001608000 0.119270146 0.096724790 -0.154232261 0.353413221
701609 1609.000000 17758100001609000 0.121433072 0.096560905 -0.158770270 0.344421744
701610 1610.000000 17758100001610000 0.123511411 0.096780023 -0.135525449 0.346222649
701611 1611.000000 17758100001611000 0.125496954 0.096689417 -0.120673635 0.337300102
701612 1612.000000 17758100001612000 0.127381891 0.096404317 -0.099371723 0.424193107
701613 1613.000000 17758100001613000 0.129158750 0.096606384 -0.088418964 0.385169653
701614 1614.000000 17758100001614000 0.130820528 0.096463497 -0.074155725 0.378179393
701615 1615.000000 17758100001615000 0.132360682 0.096399250 -0.072068376 0.407988787
701616 1616.000000 17758100001616000 0.133773118 0.095613375 -0.052170867 0.415391031
701617 1617.000000 17758100001617000 0.135052264 0.096304975 -0.038299531 0.450587713
701618 1618.000000 17758100001618000 0.136193082 0.096140164 -0.023015808 0.434184488
701619 1619.000000 17758100001619000 0.137191057 0.096170659 -0.008510893 0.433391066
701620 1620.000000 17758100001620000 0.138042256 0.095849908 0.005441378 0.461856591
701621 1621.000000 17758100001621000 0.138743326 0.096046257 0.029899614 0.401815154
701622 1622.000000 17758100001622000 0.139291495 0.095697695 0.040220736 0.397501470
701623 1623.000000 17758100001623000 0.139684588 0.096333021 0.057644295 0.379545431
701624 1624.000000 17758100001624000 0.139921069 0.096204778 0.076990757 0.393301694
701625 1625.000000 17758100001625000 0.140000001 0.096325848 0.091662932 0.425528429
701626 1626.000000 17758100001626000 0.139921069 0.096215885 0.089060352 0.374757068
701627 1627.000000 17758100001627000 0.139684588 0.096599141 0.112512411 0.407296280
701628 1628.000000 17758100001628000 0.139291495 0.096924289 0.127371667 0.361227502
701629 1629.000000 17758100001629000 0.138743326 0.097151871 0.135253999 0.360603683
701630 1630.000000 17758100001630000 0.138042256 0.096856935 0.156496575 0.341976583
701631 1631.000000 17758100001631000 0.137191057 0.097343921 0.163081343 0.322422603
701632 1632.000000 17758100001632000 0.136193082 0.097667506 0.178731853 0.287943644
701633 1633.000000 17758100001633000 0.135052264 0.097284717 0.175326457 0.289312494
701634 1634.000000 17758100001634000 0.133773118 0.097565319 0.190858563 0.265815048
701635 1635.000000 17758100001635000 0.132360682 0.097943258 0.205614101 0.213278348
701636 1636.000000 17758100001636000 0.130820528 0.098010993 0.218639312 0.214484130
701637 1637.000000 17758100001637000 0.129158750 0.098220945 0.217962795 0.171427883
701638 1638.000000 17758100001638000 0.127381891 0.098487458 0.229054448 0.161342407
701639 1639.000000 17758100001639000 0.125496954 0.098994429 0.230277828 0.131587620
701640 1640.000000 17758100001640000 0.123511411 0.099024099 0.232902695 0.074820766
701641 1641.000000 17758100001641000 0.121433072 0.099278628 0.235600003 0.064182299
701642 1642.000000 17758100001642000 0.119270146 0.099409279 0.235523540 0.023398083
701643 1643.000000 17758100001643000 0.117031172 0.099682547 0.248014842 0.049682928
701644 1644.000000 17758100001644000 0.114724979 0.099881360 0.238325753 -0.018098724
701645 1645.000000 17758100001645000 0.112360679 0.100564113 0.243433010 -0.006947305
701646 1646.000000 17758100001646000 0.109947592 0.100491710 0.250483739 -0.032191020
701647 1647.000000 17758100001647000 0.107495256 0.100716132 0.243517269 -0.046872519
701648 1648.000000 17758100001648000 0.105013326 0.100847654 0.235155725 -0.110622814
701649 1649.000000 17758100001649000 0.102511622 0.101000917 0.231203495 -0.148992985
701650 1650.000000 17758100001650000 0.100000001 0.101492498 0.220490970 -0.164261899
701651 1651.000000 17758100001651000 0.097488381 0.101514316 0.226189694 -0.205059712
701652 1652.000000 17758100001652000 0.094986670 0.102203586 0.224948869 -0.203381349
701653 1653.000000 17758100001653000 0.092504747 0.102068948 0.210111309 -0.240051489
701654 1654.000000 17758100001654000 0.090052404 0.102284299 0.198795119 -0.246793621
701655 1655.000000 17758100001655000 0.087639317 0.102555199 0.188551971 -0.296798180
701656 1656.000000 17758100001656000 0.085275017 0.102580162 0.187086751 -0.307581813
701657 1657.000000 17758100001657000 0.082968831 0.102712652 0.168583554 -0.308539787
701658 1658.000000 17758100001658000 0.080729850 0.103030060 0.160971438 -0.349070404
701659 1659.000000 17758100001659000 0.078566931 0.102959866 0.144108308 -0.375033278
701660 1660.000000 17758100001660000 0.076488592 0.103350886 0.140287087 -0.390812761
701661 1661.000000 17758100001661000 0.074503042 0.103310425 0.114541122 -0.361298722
701662 1662.000000 17758100001662000 0.072618119 0.103261487 0.106309320 -0.388796924
701663 1663.000000 17758100001663000 0.070841253 0.103457922 0.095240519 -0.374543852
701664 1664.000000 17758100001664000 0.069179468 0.103631993 0.071377097 -0.392129299
701665 1665.000000 17758100001665000 0.067639321 0.103783540 0.062150974 -0.436869812
701666 1666.000000 17758100001666000 0.066226885 0.103306051 0.039884572 -0.438773133
701667 1667.000000 17758100001667000 0.064947732 0.103708219 0.031882019 -0.443879668
701668 1668.000000 17758100001668000 0.063806921 0.103657929 0.016584011 -0.447473558
701669 1669.000000 17758100001669000 0.062808938 0.103606235 -0.004323823 -0.432051625
701670 1670.000000 17758100001670000 0.061957739 0.103790546 -0.012513160 -0.460502445
701671 1671.000000 17758100001671000 0.061256673 0.103983939 -0.026900928 -0.449427223
701672 1672.000000 17758100001672000 0.060708512 0.103986431 -0.033633496 -0.409647971
701673 1673.000000 17758100001673000 0.060315412 0.103835341 -0.054978092 -0.402619856
701674 1674.000000 17758100001674000 0.060078930 0.103780656 -0.068692613 -0.390223727
701675 1675.000000 17758100001675000 0.059999999 0.103459780 -0.074865671 -0.437868633
701676 1676.000000 17758100001676000 0.060078930 0.103170979 -0.095664403 -0.387568028
701677 1677.000000 17758100001677000 0.060315412 0.103441155 -0.113751426 -0.360869648
701678 1678.000000 17758100001678000 0.060708512 0.103246105 -0.127864376 -0.367172844
701679 1679.000000 17758100001679000 0.061256673 0.103030261 -0.137553357 -0.348376579
701680 1680.000000 17758100001680000 0.061957739 0.102452394 -0.155084923 -0.329901354
701681 1681.000000 17758100001681000 0.062808938 0.102933329 -0.167849136 -0.351733443
701682 1682.000000 17758100001682000 0.063806921 0.102546742 -0.169796798 -0.291911465
701683 1683.000000 17758100001683000 0.064947732 0.102384741 -0.178469738 -0.283215330
701684 1684.000000 17758100001684000 0.066226885 0.102712990 -0.196583936 -0.259560086
701685 1685.000000 17758100001685000 0.067639321 0.102215551 -0.195619979 -0.210687671
701686 1686.000000 17758100001686000 0.069179468 0.101627221 -0.210820767 -0.215749549
701687 1687.000000 17758100001687000 0.070841253 0.101119494 -0.222920745 -0.204655181
701688 1688.000000 17758100001688000 0.072618119 0.101189637 -0.227449980 -0.184657691
701689 1689.000000 17758100001689000 0.074503042 0.100930256 -0.240453056 -0.129061770
701690 1690.000000 17758100001690000 0.076488592 0.100644654 -0.242048448 -0.102442606
701691 1691.000000 17758100001691000 0.078566931 0.100668747 -0.239020446 -0.079230283
701692 1692.000000 17758100001692000 0.080729850 0.100243233 -0.236201977 -0.047182904
701693 1693.000000 17758100001693000 0.082968831 0.100019788 -0.252643186 -0.062189828
701694 1694.000000 17758100001694000 0.085275017 0.100263315 -0.241288767 -0.012953202
701695 1695.000000 17758100001695000 0.087639317 0.099728191 -0.254042500 0.009958069
701696 1696.000000 17758100001696000 0.090052404 0.099441451 -0.244000749 0.070957158
701697 1697.000000 17758100001697000 0.092504747 0.099094687 -0.241180188 0.105157380
701698 1698.000000 17758100001698000 0.094986670 0.099102731 -0.242206399 0.101192070
701699 1699.000000 17758100001699000 0.097488381 0.098396032 -0.240936223 0.112363873
701700 1700.000000 17758100001700000 0.100000001 0.098725874 -0.224320203 0.169890467
701701 1701.000000 17758100001701000 0.102511622 0.098346354 -0.226367746 0.149205607
701702 1702.000000 17758100001702000 0.105013326 0.098172162 -0.222834384 0.205484558
701703 1703.000000 17758100001703000 0.107495256 0.097745734 -0.214121584 0.246861162
701704 1704.000000 17758100001704000 0.109947592 0.097637563 -0.208436522 0.223797085
701705 1705.000000 17758100001705000 0.112360679 0.097442050 -0.187522305 0.248069464
701706 1706.000000 17758100001706000 0.114724979 0.097543542 -0.179083134 0.296616247
701707 1707.000000 17758100001707000 0.117031172 0.096956989 -0.175566417 0.282275752
701708 1708.000000 17758100001708000 0.119270146 0.096946721 -0.155330185 0.336477706
701709 1709.000000 17758100001709000 0.121433072 0.096484878 -0.146928969 0.342606860
701710 1710.000000 17758100001710000 0.123511411 0.096476346 -0.127530581 0.354341030
701711 1711.000000 17758100001711000 0.125496954 0.096790719 -0.126661297 0.408586630
701712 1712.000000 17758100001712000 0.127381891 0.096521495 -0.111033747 0.427005887
701713 1713.000000 17758100001713000 0.129158750 0.096394796 -0.091687888 0.425129475
701714 1714.000000 17758100001714000 0.130820528 0.096415426 -0.073905492 0.418269532
701715 1715.000000 17758100001715000 0.132360682 0.096090233 -0.063848825 0.413172156
701716 1716.000000 17758100001716000 0.133773118 0.096405068 -0.049431703 0.408544262
701717 1717.000000 17758100001717000 0.135052264 0.095877429 -0.035828270 0.460898764
701718 1718.000000 17758100001718000 0.136193082 0.096078697 -0.015036564 0.425686430
701719 1719.000000 17758100001719000 0.137191057 0.096133637 0.001231198 0.434279338
701720 1720.000000 17758100001720000 0.138042256 0.096156942 0.018611415 0.395150418
701721 1721.000000 17758100001721000 0.138743326 0.095914925 0.027112446 0.422113563
701722 1722.000000 17758100001722000 0.139291495 0.096188069 0.039076732 0.416949584
701723 1723.000000 17758100001723000 0.139684588 0.096234988 0.045850764 0.425412518
701724 1724.000000 17758100001724000 0.139921069 0.096264906 0.073540527 0.422123655
701725 1725.000000 17758100001725000 0.140000001 0.096303462 0.084447633 0.408791241
701726 1726.000000 17758100001726000 0.139921069 0.096832940 0.098763987 0.335295786
701727 1727.000000 17758100001727000 0.139684588 0.096620243 0.114440227 0.323379284
701728 1728.000000 17758100001728000 0.139291495 0.096747439 0.125075523 0.344071818
701729 1729.000000 17758100001729000 0.138743326 0.097283689 0.139098035 0.356392997
701730 1730.000000 17758100001730000 0.138042256 0.096670497 0.148157854 0.343025531
701731 1731.000000 17758100001731000 0.137191057 0.096745866 0.162648689 0.268664180
701732 1732.000000 17758100001732000 0.136193082 0.097238641 0.180601972 0.257303151
701733 1733.000000 17758100001733000 0.135052264 0.097590858 0.184187739 0.306594686
701734 1734.000000 17758100001734000 0.133773118 0.097902824 0.198830263 0.225966018
701735 1735.000000 17758100001735000 0.132360682 0.097969375 0.196718528 0.244827568
701736 1736.000000 17758100001736000 0.130820528 0.098325806 0.211011633 0.168546777
701737 1737.000000 17758100001737000 0.129158750 0.098714815 0.212704281 0.150826629
701738 1738.000000 17758100001738000 0.127381891 0.098661519 0.222537010 0.159266480
701739 1739.000000 17758100001739000 0.125496954 0.098756969 0.235509088 0.164595667
701740 1740.000000 17758100001740000 0.123511411 0.099070054 0.232500855 0.146940219
701741 1741.000000 17758100001741000 0.121433072 0.099163003 0.242237170 0.090449456
701742 1742.000000 17758100001742000 0.119270146 0.099430818 0.243007684 0.054247940
701743 1743.000000 17758100001743000 0.117031172 0.099629839 0.238489465 0.031821970
701744 1744.000000 17758100001744000 0.114724979 0.100141061 0.242418646 -0.000146649
701745 1745.000000 17758100001745000 0.112360679 0.100216991 0.242011501 -0.029505376
701746 1746.000000 17758100001746000 0.109947592 0.100347130 0.240618827 -0.033496346
701747 1747.000000 17758100001747000 0.107495256 0.100459148 0.240069105 -0.096678622
701748 1748.000000 17758100001748000 0.105013326 0.100949236 0.232634844 -0.100030769
701749 1749.000000 17758100001749000 0.102511622 0.101117070 0.236083569 -0.140374209
701750 1750.000000 17758100001750000 0.100000001 0.101539629 0.225627288 -0.148133514
701751 1751.000000 17758100001751000 0.097488381 0.101455684 0.220629872 -0.177676863
701752 1752.000000 17758100001752000 0.094986670 0.101941092 0.213539093 -0.208883449
701753 1753.000000 17758100001753000 0.092504747 0.102060918 0.208653152 -0.222807373
701754 1754.000000 17758100001754000 0.090052404 0.102525952 0.204229458 -0.213982674
701755 1755.000000 17758100001755000 0.087639317 0.102672937 0.186382206 -0.233589378
701756 1756.000000 17758100001756000 0.085275017 0.103047435 0.167901318 -0.277931646
701757 1757.000000 17758100001757000 0.082968831 0.102680554 0.168797869 -0.320504419
701758 1758.000000 17758100001758000 0.080729850 0.102889436 0.161345675 -0.367399728
701759 1759.000000 17758100001759000 0.078566931 0.103534786 0.145889280 -0.343665260
701760 1760.000000 17758100001760000 0.076488592 0.103212804 0.139869272 -0.378241806
701761 1761.000000 17758100001761000 0.074503042 0.103460741 0.124921404 -0.380108035
701762 1762.000000 17758100001762000 0.072618119 0.103583939 0.107276643 -0.381258488
701763 1763.000000 17758100001763000 0.070841253 0.103462110 0.094033847 -0.403772761
701764 1764.000000 17758100001764000 0.069179468 0.103336051 0.084927563 -0.409199169
701765 1765.000000 17758100001765000 0.067639321 0.103401750 0.076160735 -0.398350795
701766 1766.000000 17758100001766000 0.066226885 0.104133231 0.063762187 -0.410430416
701767 1767.000000 17758100001767000 0.064947732 0.103885469 0.028882268 -0.459904958
701768 1768.000000 17758100001768000 0.063806921 0.104018826 0.031610728 -0.423263048
701769 1769.000000 17758100001769000 0.062808938 0.103598808 0.009301291 -0.471196077
701770 1770.000000 17758100001770000 0.061957739 0.103827331 -0.012054227 -0.442639391
701771 1771.000000 17758100001771000 0.061256673 0.103792535 -0.029483011 -0.450147721
701772 1772.000000 17758100001772000 0.060708512 0.103881020 -0.042020814 -0.440814636
701773 1773.000000 17758100001773000 0.060315412 0.103765516 -0.053273485 -0.424586763
701774 1774.000000 17758100001774000 0.060078930 0.103549776 -0.073602607 -0.383522399
701775 1775.000000 17758100001775000 0.059999999 0.103673356 -0.089776557 -0.382505044
701776 1776.000000 17758100001776000 0.060078930 0.103857266 -0.108834471 -0.379516017
701777 1777.000000 17758100001777000 0.060315412 0.103642717 -0.111222116 -0.397072969
701778 1778.000000 17758100001778000 0.060708512 0.103078768 -0.128274485 -0.355563999
701779 1779.000000 17758100001779000 0.061256673 0.102972857 -0.136187627 -0.369832465
701780 1780.000000 17758100001780000 0.061957739 0.103058198 -0.159474047 -0.308048898
701781 1781.000000 17758100001781000 0.062808938 0.102634325 -0.153831584 -0.300965307
701782 1782.000000 17758100001782000 0.063806921 0.102286918 -0.183092135 -0.308293485
701783 1783.000000 17758100001783000 0.064947732 0.102512812 -0.182994286 -0.300575586
701784 1784.000000 17758100001784000 0.066226885 0.102007816 -0.193567169 -0.229872943
701785 1785.000000 17758100001785000 0.067639321 0.102321808 -0.204858329 -0.230506450
701786 1786.000000 17758100001786000 0.069179468 0.102145473 -0.216367127 -0.191351278
701787 1787.000000 17758100001787000 0.070841253 0.101742746 -0.218963902 -0.203502267
701788 1788.000000 17758100001788000 0.072618119 0.101029104 -0.230801109 -0.147319855
701789 1789.000000 17758100001789000 0.074503042 0.101064960 -0.224349382 -0.147894751
701790 1790.000000 17758100001790000 0.076488592 0.100779316 -0.225063421 -0.114389000
701791 1791.000000 17758100001791000 0.078566931 0.100827712 -0.234850327 -0.099244236
701792 1792.000000 17758100001792000 0.080729850 0.100430075 -0.236843989 -0.057008739
701793 1793.000000 17758100001793000 0.082968831 0.100213885 -0.237713807 -0.066960574
701794 1794.000000 17758100001794000 0.085275017 0.100228593 -0.252012200 -0.022850446
701795 1795.000000 17758100001795000 0.087639317 0.099487651 -0.242164469 0.025558846
701796 1796.000000 17758100001796000 0.090052404 0.099436660 -0.241315836 0.029763825
701797 1797.000000 17758100001797000 0.092504747 0.099388468 -0.243555966 0.098724551
701798 1798.000000 17758100001798000 0.094986670 0.099260703 -0.236906956 0.102216200
701799 1799.000000 17758100001799000 0.097488381 0.098960839 -0.232534111 0.158458757
701800 1800.000000 17758100001800000 0.100000001 0.098963316 -0.234262315 0.167056410
701801 1801.000000 17758100001801000 0.102511622 0.098428112 -0.224754666 0.190735163
701802 1802.000000 17758100001802000 0.105013326 0.097869998 -0.218851434 0.195103991
701803 1803.000000 17758100001803000 0.107495256 0.097704133 -0.210577571 0.221649387
701804 1804.000000 17758100001804000 0.109947592 0.097576806 -0.200725175 0.257289136
701805 1805.000000 17758100001805000 0.112360679 0.097453756 -0.189595882 0.282276284
701806 1806.000000 17758100001806000 0.114724979 0.096998679 -0.186606619 0.296202173
701807 1807.000000 17758100001807000 0.117031172 0.097541793 -0.171711840 0.290595393
701808 1808.000000 17758100001808000 0.119270146 0.097042860 -0.166191604 0.325360852
701809 1809.000000 17758100001809000 0.121433072 0.096740763 -0.141548530 0.318860377
701810 1810.000000 17758100001810000 0.123511411 0.096721785 -0.126008822 0.353686042
701811 1811.000000 17758100001811000 0.125496954 0.096305339 -0.110242134 0.385312681
701812 1812.000000 17758100001812000 0.127381891 0.096446737 -0.109896417 0.395877905
701813 1813.000000 17758100001813000 0.129158750 0.096598333 -0.091093343 0.371560235
701814 1814.000000 17758100001814000 0.130820528 0.096415912 -0.073945581 0.416764876
701815 1815.000000 17758100001815000 0.132360682 0.095885045 -0.059297248 0.394060474
701816 1816.000000 17758100001816000 0.133773118 0.096144107 -0.052720693 0.397112222
701817 1817.000000 17758100001817000 0.135052264 0.095822377 -0.035630055 0.415797378
701818 1818.000000 17758100001818000 0.136193082 0.096000005 -0.019446189 0.437476521
701819 1819.000000 17758100001819000 0.137191057 0.096302805 -0.001106240 0.431488116
701820 1820.000000 17758100001820000 0.138042256 0.095992243 0.008140634 0.417000738
701821 1821.000000 17758100001821000 0.138743326 0.095906488 0.030234428 0.447927703
701822 1822.000000 17758100001822000 0.139291495 0.096370751 0.035098202 0.449807095
701823 1823.000000 17758100001823000 0.139684588 0.096360101 0.057208555 0.410158763
701824 1824.000000 17758100001824000 0.139921069 0.096155793 0.078891159 0.410662770
701825 1825.000000 17758100001825000 0.140000001 0.096482207 0.079638264 0.419188847
701826 1826.000000 17758100001826000 0.139921069 0.096285510 0.102459191 0.408755827
701827 1827.000000 17758100001827000 0.139684588 0.096527604 0.117977125 0.395455685
701828 1828.000000 17758100001828000 0.139291495 0.096587640 0.132625255 0.359094133
701829 1829.000000 17758100001829000 0.138743326 0.096832350 0.138930790 0.331436366
701830 1830.000000 17758100001830000 0.138042256 0.096851882 0.155943487 0.332618565
701831 1831.000000 17758100001831000 0.137191057 0.097115416 0.164541596 0.288824076
701832 1832.000000 17758100001832000 0.136193082 0.097025028 0.162545852 0.262318245
701833 1833.000000 17758100001833000 0.135052264 0.097753649 0.179805395 0.285401487
701834 1834.000000 17758100001834000 0.133773118 0.097705291 0.198076706 0.246080685
701835 1835.000000 17758100001835000 0.132360682 0.098177377 0.197755878 0.252694030
701836 1836.000000 17758100001836000 0.130820528 0.098249179 0.214371023 0.180206917
701837 1837.000000 17758100001837000 0.129158750 0.098300878 0.227327930 0.206847352
701838 1838.000000 17758100001838000 0.127381891 0.098312815 0.225276397 0.157666452
701839 1839.000000 17758100001839000 0.125496954 0.098900803 0.237481537 0.144743800
701840 1840.000000 17758100001840000 0.123511411 0.098976633 0.238010086 0.099317584
701841 1841.000000 17758100001841000 0.121433072 0.099391733 0.252040235 0.073463071
701842 1842.000000 17758100001842000 0.119270146 0.099556317 0.241104095 0.076475904
701843 1843.000000 17758100001843000 0.117031172 0.099704719 0.237995221 0.035826965
701844 1844.000000 17758100001844000 0.114724979 0.099481846 0.249114134 -0.022171881
701845 1845.000000 17758100001845000 0.112360679 0.100698371 0.242303310 -0.045258781
701846 1846.000000 17758100001846000 0.109947592 0.100809851 0.246595892 -0.046812702
701847 1847.000000 17758100001847000 0.107495256 0.100436449 0.243281244 -0.109915153
701848 1848.000000 17758100001848000 0.105013326 0.100690021 0.230360256 -0.133964601
701849 1849.000000 17758100001849000 0.102511622 0.101192698 0.245258989 -0.130056128
701850 1850.000000 17758100001850000 0.100000001 0.101294466 0.225257105 -0.146596726
701851 1851.000000 17758100001851000 0.097488381 0.101644205 0.226160039 -0.190462445
701852 1852.000000 17758100001852000 0.094986670 0.101992722 0.219731554 -0.228571190
701853 1853.000000 17758100001853000 0.092504747 0.101940848 0.221474131 -0.206966861
701854 1854.000000 17758100001854000 0.090052404 0.102231429 0.198091258 -0.267106428
701855 1855.000000 17758100001855000 0.087639317 0.102505688 0.202005860 -0.275704189
701856 1856.000000 17758100001856000 0.085275017 0.102552079 0.186660696 -0.278840773
701857 1857.000000 17758100001857000 0.082968831 0.102783110 0.176687412 -0.291701288
701858 1858.000000 17758100001858000 0.080729850 0.102480161 0.158520354 -0.310857161
701859 1859.000000 17758100001859000 0.078566931 0.103207367 0.144868786 -0.335799221
701860 1860.000000 17758100001860000 0.076488592 0.103239244 0.129438882 -0.350430273
701861 1861.000000 17758100001861000 0.074503042 0.103251379 0.116827461 -0.367180194
701862 1862.000000 17758100001862000 0.072618119 0.103463965 0.112603586 -0.391844153
701863 1863.000000 17758100001863000 0.070841253 0.103724806 0.093783951 -0.379304901
701864 1864.000000 17758100001864000 0.069179468 0.103600095 0.087444483 -0.426675761
701865 1865.000000 17758100001865000 0.067639321 0.103730412 0.073813768 -0.405104516
701866 1866.000000 17758100001866000 0.066226885 0.104033297 0.059177561 -0.448038591
701867 1867.000000 17758100001867000 0.064947732 0.103779194 0.035086457 -0.440656431
701868 1868.000000 17758100001868000 0.063806921 0.103962784 0.019468686 -0.457177022
701869 1869.000000 17758100001869000 0.062808938 0.104004285 0.000892659 -0.434067863
701870 1870.000000 17758100001870000 0.061957739 0.103874699 -0.013285872 -0.452017279
701871 1871.000000 17758100001871000 0.061256673 0.103999953 -0.031540403 -0.411923380
701872 1872.000000 17758100001872000 0.060708512 0.103667340 -0.045586571 -0.468664334
701873 1873.000000 17758100001873000 0.060315412 0.103940775 -0.050938447 -0.377072515
701874 1874.000000 17758100001874000 0.060078930 0.103647934 -0.077790478 -0.439192104
701875 1875.000000 17758100001875000 0.059999999 0.103371311 -0.070375738 -0.389302499
701876 1876.000000 17758100001876000 0.060078930 0.103482894 -0.092066743 -0.392355699
701877 1877.000000 17758100001877000 0.060315412 0.103381555 -0.116001327 -0.412042544
701878 1878.000000 17758100001878000 0.060708512 0.103190088 -0.131389418 -0.372100079
701879 1879.000000 17758100001879000 0.061256673 0.103030928 -0.141678607 -0.342305633
701880 1880.000000 17758100001880000 0.061957739 0.103254348 -0.155844641 -0.350827809
701881 1881.000000 17758100001881000 0.062808938 0.102491464 -0.159573615 -0.293369023
701882 1882.000000 17758100001882000 0.063806921 0.102600175 -0.183293625 -0.309930361
701883 1883.000000 17758100001883000 0.064947732 0.102685841 -0.179936069 -0.261899327
701884 1884.000000 17758100001884000 0.066226885 0.101998857 -0.191400372 -0.248984968
701885 1885.000000 17758100001885000 0.067639321 0.102002723 -0.205157083 -0.285548718
701886 1886.000000 17758100001886000 0.069179468 0.101443196 -0.207407828 -0.191458827
701887 1887.000000 17758100001887000 0.070841253 0.102070572 -0.218156515 -0.190287741
701888 1888.000000 17758100001888000 0.072618119 0.101712578 -0.228462918 -0.184009066
701889 1889.000000 17758100001889000 0.074503042 0.100939435 -0.233970872 -0.160988472
701890 1890.000000 17758100001890000 0.076488592 0.100852691 -0.232916231 -0.122247710
701891 1891.000000 17758100001891000 0.078566931 0.100605141 -0.235664963 -0.091593387
701892 1892.000000 17758100001892000 0.080729850 0.100660074 -0.249445042 -0.101509212
701893 1893.000000 17758100001893000 0.082968831 0.100158875 -0.243155242 -0.012210827
701894 1894.000000 17758100001894000 0.085275017 0.100105064 -0.247172709 0.025340181
701895 1895.000000 17758100001895000 0.087639317 0.099941601 -0.245426212 -0.007109657
701896 1896.000000 17758100001896000 0.090052404 0.099484851 -0.246427208 0.038304184
701897 1897.000000 17758100001897000 0.092504747 0.099096128 -0.243205308 0.110540429
701898 1898.000000 17758100001898000 0.094986670 0.099050831 -0.235164237 0.099233292
701899 1899.000000 17758100001899000 0.097488381 0.098697180 -0.233157622 0.129773510
701900 1900.000000 17758100001900000 0.100000001 0.098523303 -0.221371161 0.137926412
701901 1901.000000 17758100001901000 0.102511622 0.098310919 -0.226210786 0.212784304
701902 1902.000000 17758100001902000 0.105013326 0.098071688 -0.217271808 0.209738925
701903 1903.000000 17758100001903000 0.107495256 0.097703534 -0.206893659 0.236721336
701904 1904.000000 17758100001904000 0.109947592 0.097514083 -0.205232893 0.210164737
701905 1905.000000 17758100001905000 0.112360679 0.097460273 -0.194386185 0.292810332
701906 1906.000000 17758100001906000 0.114724979 0.097117308 -0.190720042 0.304174424
701907 1907.000000 17758100001907000 0.117031172 0.096887927 -0.167427193 0.328624919
701908 1908.000000 17758100001908000 0.119270146 0.096699716 -0.153914919 0.298652414
701909 1909.000000 17758100001909000 0.121433072 0.096874019 -0.146201007 0.351899405
701910 1910.000000 17758100001910000 0.123511411 0.097074217 -0.140226832 0.355053136
701911 1911.000000 17758100001911000 0.125496954 0.096598784 -0.125773051 0.414480522
701912 1912.000000 17758100001912000 0.127381891 0.096330432 -0.114272791 0.414594639
701913 1913.000000 17758100001913000 0.129158750 0.096174422 -0.098911588 0.397666191
701914 1914.000000 17758100001914000 0.130820528 0.096065048 -0.083767380 0.402516957
701915 1915.000000 17758100001915000 0.132360682 0.096104642 -0.059151098 0.404649982
701916 1916.000000 17758100001916000 0.133773118 0.096338716 -0.043911156 0.411252651
701917 1917.000000 17758100001917000 0.135052264 0.096244274 -0.037348369 0.423562390
701918 1918.000000 17758100001918000 0.136193082 0.096149306 -0.023758852 0.441951483
701919 1919.000000 17758100001919000 0.137191057 0.095924848 -0.014142977 0.430582242
701920 1920.000000 17758100001920000 0.138042256 0.096332115 0.007780366 0.421808106
701921 1921.000000 17758100001921000 0.138743326 0.096409173 0.029372135 0.440543106
701922 1922.000000 17758100001922000 0.139291495 0.096010222 0.041100892 0.413358341
701923 1923.000000 17758100001923000 0.139684588 0.096447977 0.056929036 0.420132376
701924 1924.000000 17758100001924000 0.139921069 0.096319757 0.069823202 0.406700896
701925 1925.000000 17758100001925000 0.140000001 0.096293189 0.084578515 0.409048547
701926 1926.000000 17758100001926000 0.139921069 0.096612635 0.091941711 0.365332898
701927 1927.000000 17758100001927000 0.139684588 0.096465215 0.111965548 0.404419762
701928 1928.000000 17758100001928000 0.139291495 0.096852953 0.121049549 0.384277544
701929 1929.000000 17758100001929000 0.138743326 0.096929315 0.140599388 0.331241113
701930 1930.000000 17758100001930000 0.138042256 0.097201711 0.145731123 0.318850775
701931 1931.000000 17758100001931000 0.137191057 0.097056563 0.171520747 0.334805835
701932 1932.000000 17758100001932000 0.136193082 0.097732304 0.175182456 0.290813066
701933 1933.000000 17758100001933000 0.135052264 0.097338405 0.183454088 0.274398688
701934 1934.000000 17758100001934000 0.133773118 0.097532101 0.193143304 0.233469994
701935 1935.000000 17758100001935000 0.132360682 0.097969857 0.207008845 0.242739288
701936 1936.000000 17758100001936000 0.130820528 0.098223020 0.206968586 0.228136059
701937 1937.000000 17758100001937000 0.129158750 0.098498050 0.224460170 0.152607852
701938 1938.000000 17758100001938000 0.127381891 0.098391512 0.232107191 0.201230552
701939 1939.000000 17758100001939000 0.125496954 0.099033130 0.242109959 0.144556233
701940 1940.000000 17758100001940000 0.123511411 0.099050497 0.241245870 0.122220154
701941 1941.000000 17758100001941000 0.121433072 0.099369883 0.243870886 0.040852090
701942 1942.000000 17758100001942000 0.119270146 0.099738479 0.232747731 0.070042462
701943 1943.000000 17758100001943000 0.117031172 0.099749894 0.247790334 0.017647825
701944 1944.000000 17758100001944000 0.114724979 0.100139486 0.247899667 -0.004014121
701945 1945.000000 17758100001945000 0.112360679 0.100359582 0.251564913 -0.025039168
701946 1946.000000 17758100001946000 0.109947592 0.100509557 0.247810344 -0.053381247
701947 1947.000000 17758100001947000 0.107495256 0.100781657 0.235657218 -0.078353028
701948 1948.000000 17758100001948000 0.105013326 0.100874783 0.230614033 -0.099923897
701949 1949.000000 17758100001949000 0.102511622 0.101299979 0.235469880 -0.112656977
701950 1950.000000 17758100001950000 0.100000001 0.101083597 0.232176375 -0.161450772
701951 1951.000000 17758100001951000 0.097488381 0.101852750 0.226108633 -0.164845508
701952 1952.000000 17758100001952000 0.094986670 0.101587213 0.214960665 -0.173873565
701953 1953.000000 17758100001953000 0.092504747 0.102228254 0.209713310 -0.215946899
701954 1954.000000 17758100001954000 0.090052404 0.102485889 0.203284926 -0.275271917
701955 1955.000000 17758100001955000 0.087639317 0.102645621 0.190300946 -0.299829026
701956 1956.000000 17758100001956000 0.085275017 0.102513558 0.172251998 -0.303999480
701957 1957.000000 17758100001957000 0.082968831 0.102839616 0.169682685 -0.302187243
701958 1958.000000 17758100001958000 0.080729850 0.103169819 0.158964425 -0.344182865
701959 1959.000000 17758100001959000 0.078566931 0.103150060 0.147204763 -0.334143332
701960 1960.000000 17758100001960000 0.076488592 0.103387739 0.133000536 -0.377374346
701961 1961.000000 17758100001961000 0.074503042 0.103404743 0.123675432 -0.360504439
701962 1962.000000 17758100001962000 0.072618119 0.103494335 0.114276427 -0.407262590
701963 1963.000000 17758100001963000 0.070841253 0.103228839 0.104185405 -0.388294772
701964 1964.000000 17758100001964000 0.069179468 0.103341685 0.081454989 -0.398715754
701965 1965.000000 17758100001965000 0.067639321 0.103841650 0.068982354 -0.398276489
701966 1966.000000 17758100001966000 0.066226885 0.103747636 0.050037034 -0.418118192
701967 1967.000000 17758100001967000 0.064947732 0.103597092 0.034541562 -0.375567401
701968 1968.000000 17758100001968000 0.063806921 0.103781683 0.022200256 -0.425280438
701969 1969.000000 17758100001969000 0.062808938 0.103713628 0.012890691 -0.404229572
701970 1970.000000 17758100001970000 0.061957739 0.103879240 -0.013043245 -0.431329119
701971 1971.000000 17758100001971000 0.061256673 0.103820037 -0.029356361 -0.437129410
701972 1972.000000 17758100001972000 0.060708512 0.103436172 -0.041689349 -0.417584336
701973 1973.000000 17758100001973000 0.060315412 0.103794986 -0.061635531 -0.418752437
701974 1974.000000 17758100001974000 0.060078930 0.103611688 -0.061001213 -0.415373422
701975 1975.000000 17758100001975000 0.059999999 0.103454029 -0.080752771 -0.392137180
701976 1976.000000 17758100001976000 0.060078930 0.103763273 -0.100286219 -0.352288506
701977 1977.000000 17758100001977000 0.060315412 0.103432709 -0.115820275 -0.424144356
701978 1978.000000 17758100001978000 0.060708512 0.103198851 -0.122025831 -0.386185774
701979 1979.000000 17758100001979000 0.061256673 0.103355290 -0.134448255 -0.365315058
701980 1980.000000 17758100001980000 0.061957739 0.103227035 -0.157365411 -0.331286771
701981 1981.000000 17758100001981000 0.062808938 0.102507884 -0.159855290 -0.321214616
701982 1982.000000 17758100001982000 0.063806921 0.102660197 -0.172119060 -0.265249800
701983 1983.000000 17758100001983000 0.064947732 0.102272707 -0.195702638 -0.268109705
701984 1984.000000 17758100001984000 0.066226885 0.102101964 -0.196441551 -0.278809675
701985 1985.000000 17758100001985000 0.067639321 0.102228882 -0.201540139 -0.269437962
701986 1986.000000 17758100001986000 0.069179468 0.101802209 -0.215102335 -0.215226215
701987 1987.000000 17758100001987000 0.070841253 0.101612374 -0.229834698 -0.201799651
701988 1988.000000 17758100001988000 0.072618119 0.101463895 -0.231518258 -0.148510594
701989 1989.000000 17758100001989000 0.074503042 0.101093404 -0.220034222 -0.143017075
701990 1990.000000 17758100001990000 0.076488592 0.100642756 -0.230888012 -0.115979403
701991 1991.000000 17758100001991000 0.078566931 0.100822725 -0.239325735 -0.109285257
701992 1992.000000 17758100001992000 0.080729850 0.100743820 -0.239037897 -0.058041428
701993 1993.000000 17758100001993000 0.082968831 0.099906788 -0.245795324 -0.047047897
701994 1994.000000 17758100001994000 0.085275017 0.099960279 -0.238049515 -0.010191587
701995 1995.000000 17758100001995000 0.087639317 0.100045160 -0.242653631 0.044949464
701996 1996.000000 17758100001996000 0.090052404 0.099380905 -0.240538298 0.058961851
701997 1997.000000 17758100001997000 0.092504747 0.099311735 -0.238009022 0.070138970
701998 1998.000000 17758100001998000 0.094986670 0.098758195 -0.237455301 0.120620034
701999 1999.000000 17758100001999000 0.097488381 0.098496984 -0.242086141 0.123539281
702000 2000.000000 17758100002000000 0.100000001 0.098788154 -0.226726514 0.167794690
702001 2001.000000 17758100002001000 0.102511622 0.098024259 -0.215575754 0.187595863
702002 2002.000000 17758100002002000 0.105013326 0.098286012 -0.220379101 0.195226835
702003 2003.000000 17758100002003000 0.107495256 0.097999616 -0.208022813 0.208637443
702004 2004.000000 17758100002004000 0.109947592 0.097492815 -0.205066421 0.238810390
702005 2005.000000 17758100002005000 0.112360679 0.097620949 -0.191388396 0.250033747
702006 2006.000000 17758100002006000 0.114724979 0.097292878 -0.176532710 0.290245504
702007 2007.000000 17758100002007000 0.117031172 0.096903353 -0.174134186 0.298069370
702008 2008.000000 17758100002008000 0.119270146 0.097209145 -0.157911539 0.303017494
702009 2009.000000 17758100002009000 0.121433072 0.096636108 -0.151309369 0.343108233
702010 2010.000000 17758100002010000 0.123511411 0.096436714 -0.129490215 0.327850015
702011 2011.000000 17758100002011000 0.125496954 0.096436437 -0.119994869 0.380555729
702012 2012.000000 17758100002012000 0.127381891 0.096337631 -0.105914232 0.387113613
702013 2013.000000 17758100002013000 0.129158750 0.096752746 -0.094181757 0.401415159
702014 2014.000000 17758100002014000 0.130820528 0.096465226 -0.074209828 0.401721575
702015 2015.000000 17758100002015000 0.132360682 0.095941458 -0.062765139 0.428630729
702016 2016.000000 17758100002016000 0.133773118 0.096436398 -0.060437409 0.422495202
702017 2017.000000 17758100002017000 0.135052264 0.096121407 -0.043864838 0.439794460
702018 2018.000000 17758100002018000 0.136193082 0.096141108 -0.029230096 0.425955995
702019 2019.000000 17758100002019000 0.137191057 0.095989198 -0.003083580 0.436138870
702020 2020.000000 17758100002020000 0.138042256 0.095956586 0.011896417 0.424607974
702021 2021.000000 17758100002021000 0.138743326 0.096182436 0.020497860 0.429275377
702022 2022.000000 17758100002022000 0.139291495 0.096424328 0.038956132 0.421877579
702023 2023.000000 17758100002023000 0.139684588 0.095993414 0.061573617 0.409253383
702024 2024.000000 17758100002024000 0.139921069 0.096248249 0.077700815 0.423282388
702025 2025.000000 17758100002025000 0.140000001 0.096523637 0.082090089 0.384468093
702026 2026.000000 17758100002026000 0.139921069 0.096404231 0.104057394 0.395777318
702027 2027.000000 17758100002027000 0.139684588 0.096437115 0.108776828 0.391670979
702028 2028.000000 17758100002028000 0.139291495 0.096993950 0.124831948 0.390527854
702029 2029.000000 17758100002029000 0.138743326 0.096541515 0.133399392 0.342449789
702030 2030.000000 17758100002030000 0.138042256 0.096956886 0.149080481 0.314134805
702031 2031.000000 17758100002031000 0.137191057 0.097152083 0.170363077 0.301889047
702032 2032.000000 17758100002032000 0.136193082 0.097495299 0.173777632 0.324189413
702033 2033.000000 17758100002033000 0.135052264 0.097854199 0.180573657 0.267805239
702034 2034.000000 17758100002034000 0.133773118 0.097718464 0.193415784 0.261277576
702035 2035.000000 17758100002035000 0.132360682 0.098582288 0.206406119 0.194520395
702036 2036.000000 17758100002036000 0.130820528 0.097795888 0.201471219 0.190175134
702037 2037.000000 17758100002037000 0.129158750 0.098688442 0.227448133 0.179559910
702038 2038.000000 17758100002038000 0.127381891 0.098114894 0.230640862 0.200685112
702039 2039.000000 17758100002039000 0.125496954 0.098784582 0.223539869 0.124299983
702040 2040.000000 17758100002040000 0.123511411 0.098937895 0.229284815 0.140695629
702041 2041.000000 17758100002041000 0.121433072 0.099305001 0.242236005 0.101097321
702042 2042.000000 17758100002042000 0.119270146 0.099994312 0.222206385 0.025077406
702043 2043.000000 17758100002043000 0.117031172 0.099887322 0.244915905 0.058180280
702044 2044.000000 17758100002044000 0.114724979 0.100016021 0.239286188 0.012625864
702045 2045.000000 17758100002045000 0.112360679 0.100704877 0.243940882 -0.028547418
702046 2046.000000 17758100002046000 0.109947592 0.100352167 0.241350387 -0.014669463
702047 2047.000000 17758100002047000 0.107495256 0.100731259 0.243708767 -0.086280206
702048 2048.000000 17758100002048000 0.105013326 0.100803171 0.234515424 -0.106569498
702049 2049.000000 17758100002049000 0.102511622 0.101192149 0.231030628 -0.116660789
702050 2050.000000 17758100002050000 0.100000001 0.101275464 0.233035291 -0.211877401
702051 2051.000000 17758100002051000 0.097488381 0.101777242 0.224782721 -0.174063368
702052 2052.000000 17758100002052000 0.094986670 0.101988084 0.220558695 -0.192275190
702053 2053.000000 17758100002053000 0.092504747 0.101963253 0.201719957 -0.181074137
702054 2054.000000 17758100002054000 0.090052404 0.102309704 0.203942694 -0.268946616
702055 2055.000000 17758100002055000 0.087639317 0.102517500 0.188284478 -0.290769823
702056 2056.000000 17758100002056000 0.085275017 0.102615021 0.183419820 -0.304018445
702057 2057.000000 17758100002057000 0.082968831 0.102691873 0.180576587 -0.317997632
702058 2058.000000 17758100002058000 0.080729850 0.103128428 0.162770272 -0.334424964
702059 2059.000000 17758100002059000 0.078566931 0.103025032 0.161220238 -0.349859340
702060 2060.000000 17758100002060000 0.076488592 0.103292429 0.134768255 -0.330564634
702061 2061.000000 17758100002061000 0.074503042 0.103289286 0.127004001 -0.351340236
702062 2062.000000 17758100002062000 0.072618119 0.103653345 0.113771522 -0.405619562
702063 2063.000000 17758100002063000 0.070841253 0.103706892 0.099177439 -0.405894792
702064 2064.000000 17758100002064000 0.069179468 0.103944060 0.082058822 -0.449030013
702065 2065.000000 17758100002065000 0.067639321 0.103583932 0.078214864 -0.399696713
702066 2066.000000 17758100002066000 0.066226885 0.104141162 0.047790604 -0.416252681
702067 2067.000000 17758100002067000 0.064947732 0.103702410 0.030993087 -0.446116753
702068 2068.000000 17758100002068000 0.063806921 0.103908304 0.021054728 -0.457022528
702069 2069.000000 17758100002069000 0.062808938 0.103669405 0.003084323 -0.449118649
702070 2070.000000 17758100002070000 0.061957739 0.103947531 -0.008313309 -0.420603640
702071 2071.000000 17758100002071000 0.061256673 0.103806906 -0.017201388 -0.423887563
702072 2072.000000 17758100002072000 0.060708512 0.103860515 -0.036072918 -0.455083118
702073 2073.000000 17758100002073000 0.060315412 0.103793306 -0.053611577 -0.398393692
702074 2074.000000 17758100002074000 0.060078930 0.103614097 -0.070022819 -0.412071465
702075 2075.000000 17758100002075000 0.059999999 0.103225615 -0.080175269 -0.423539786
702076 2076.000000 17758100002076000 0.060078930 0.103453963 -0.101209590 -0.412873331
702077 2077.000000 17758100002077000 0.060315412 0.103812226 -0.116109500 -0.362530314
702078 2078.000000 17758100002078000 0.060708512 0.103625948 -0.129565112 -0.364356417
702079 2079.000000 17758100002079000 0.061256673 0.103432741 -0.134392953 -0.371149247
702080 2080.000000 17758100002080000 0.061957739 0.102583929 -0.151827471 -0.303427319
702081 2081.000000 17758100002081000 0.062808938 0.102692678 -0.159344158 -0.305840607
702082 2082.000000 17758100002082000 0.063806921 0.102513202 -0.182710217 -0.281748316
702083 2083.000000 17758100002083000 0.064947732 0.102786074 -0.180468238 -0.286034440
702084 2084.000000 17758100002084000 0.066226885 0.101877855 -0.191915626 -0.247519596
702085 2085.000000 17758100002085000 0.067639321 0.102047674 -0.205131979 -0.266402286
702086 2086.000000 17758100002086000 0.069179468 0.101996333 -0.218284218 -0.198382511
702087 2087.000000 17758100002087000 0.070841253 0.101628095 -0.219063738 -0.216548330
702088 2088.000000 17758100002088000 0.072618119 0.101207807 -0.230805609 -0.148644814
702089 2089.000000 17758100002089000 0.074503042 0.100956866 -0.229338953 -0.088694233
702090 2090.000000 17758100002090000 0.076488592 0.101095816 -0.241061236 -0.090804044
702091 2091.000000 17758100002091000 0.078566931 0.100527860 -0.241121678 -0.097195767
702092 2092.000000 17758100002092000 0.080729850 0.100252786 -0.234013320 -0.074493358
702093 2093.000000 17758100002093000 0.082968831 0.100228446 -0.242798991 -0.014342443
702094 2094.000000 17758100002094000 0.085275017 0.099936189 -0.248697957 -0.006210314
702095 2095.000000 17758100002095000 0.087639317 0.099510027 -0.250093152 0.031794699
702096 2096.000000 17758100002096000 0.090052404 0.099673670 -0.243844992 0.060508440
702097 2097.000000 17758100002097000 0.092504747 0.099063286 -0.245518246 0.058609277
702098 2098.000000 17758100002098000 0.094986670 0.098749474 -0.239625542 0.147343877
702099 2099.000000 17758100002099000 0.097488381 0.098838580 -0.230373466 0.141620347
702100 2100.000000 17758100002100000 0.100000001 0.098709824 -0.231577418 0.146378888
702101 2101.000000 17758100002101000 0.102511622 0.098037452 -0.230400018 0.184617779
702102 2102.000000 17758100002102000 0.105013326 0.098186826 -0.221663888 0.217672421
702103 2103.000000 17758100002103000 0.107495256 0.097671904 -0.213275387 0.246406264
702104 2104.000000 17758100002104000 0.109947592 0.097428531 -0.200396849 0.270552391
702105 2105.000000 17758100002105000 0.112360679 0.097537872 -0.190033963 0.271274904
702106 2106.000000 17758100002106000 0.114724979 0.097595845 -0.176076846 0.337400648
702107 2107.000000 17758100002107000 0.117031172 0.097325560 -0.171678015 0.272253857
702108 2108.000000 17758100002108000 0.119270146 0.097062065 -0.156356132 0.328234961
702109 2109.000000 17758100002109000 0.121433072 0.096861801 -0.151714269 0.348110457
702110 2110.000000 17758100002110000 0.123511411 0.096802685 -0.129163856 0.363258172
702111 2111.000000 17758100002111000 0.125496954 0.096233741 -0.120976728 0.357395783
702112 2112.000000 17758100002112000 0.127381891 0.096298218 -0.110316043 0.411956643
702113 2113.000000 17758100002113000 0.129158750 0.096261653 -0.096783344 0.434594433
702114 2114.000000 17758100002114000 0.130820528 0.096658467 -0.073409207 0.419696817
702115 2115.000000 17758100002115000 0.132360682 0.095979484 -0.068526003 0.395192691
702116 2116.000000 17758100002116000 0.133773118 0.095891003 -0.050032905 0.392870564
702117 2117.000000 17758100002117000 0.135052264 0.096167222 -0.041892515 0.407545859
702118 2118.000000 17758100002118000 0.136193082 0.095899491 -0.020279551 0.428450761
702119 2119.000000 17758100002119000 0.137191057 0.095904259 -0.004479755 0.443961450
702120 2120.000000 17758100002120000 0.138042256 0.095942123 0.007383627 0.411955942
702121 2121.000000 17758100002121000 0.138743326 0.096018483 0.021787601 0.406868577
702122 2122.000000 17758100002122000 0.139291495 0.096043311 0.041230639 0.422596297
702123 2123.000000 17758100002123000 0.139684588 0.096148286 0.053753454 0.431252825
702124 2124.000000 17758100002124000 0.139921069 0.096409234 0.066851448 0.393878165
702125 2125.000000 17758100002125000 0.140000001 0.096631718 0.075653771 0.402561355
702126 2126.000000 17758100002126000 0.139921069 0.096746123 0.099237946 0.388261982
702127 2127.000000 17758100002127000 0.139684588 0.096307687 0.117347341 0.370414091
702128 2128.000000 17758100002128000 0.139291495 0.096610181 0.131017121 0.355424929
702129 2129.000000 17758100002129000 0.138743326 0.096858993 0.144988421 0.362021823
702130 2130.000000 17758100002130000 0.138042256 0.097258534 0.147880394 0.326843278
702131 2131.000000 17758100002131000 0.137191057 0.097215043 0.164239863 0.341427547
702132 2132.000000 17758100002132000 0.136193082 0.097427145 0.176191666 0.287430239
702133 2133.000000 17758100002133000 0.135052264 0.097225402 0.184695145 0.252486797
702134 2134.000000 17758100002134000 0.133773118 0.097938389 0.188748857 0.265550132
702135 2135.000000 17758100002135000 0.132360682 0.097799372 0.196615717 0.233679454
702136 2136.000000 17758100002136000 0.130820528 0.098252072 0.209758984 0.223176342
702137 2137.000000 17758100002137000 0.129158750 0.098198801 0.213891490 0.168368952
702138 2138.000000 17758100002138000 0.127381891 0.098509692 0.216552650 0.169305870
702139 2139.000000 17758100002139000 0.125496954 0.098679874 0.222267702 0.142757097
702140 2140.000000 17758100002140000 0.123511411 0.099021569 0.228890487 0.135175314
702141 2141.000000 17758100002141000 0.121433072 0.099518393 0.246120912 0.093345231
702142 2142.000000 17758100002142000 0.119270146 0.099570378 0.241273248 0.065115511
702143 2143.000000 17758100002143000 0.117031172 0.099961780 0.243137748 0.028330764
702144 2144.000000 17758100002144000 0.114724979 0.100088572 0.231809919 -0.022805885
702145 2145.000000 17758100002145000 0.112360679 0.100182932 0.239434301 -0.033919481
702146 2146.000000 17758100002146000 0.109947592 0.100523348 0.251133663 -0.014499997
702147 2147.000000 17758100002147000 0.107495256 0.100691867 0.254313683 -0.045741463
702148 2148.000000 17758100002148000 0.105013326 0.100811017 0.241491211 -0.040275258
702149 2149.000000 17758100002149000 0.102511622 0.100994483 0.239986195 -0.158255450
702150 2150.000000 17758100002150000 0.100000001 0.101355482 0.219612686 -0.135611974
702151 2151.000000 17758100002151000 0.097488381 0.101184311 0.224088195 -0.170797428
702152 2152.000000 17758100002152000 0.094986670 0.101795833 0.216011233 -0.208633682
702153 2153.000000 17758100002153000 0.092504747 0.102109148 0.196305677 -0.251707153
702154 2154.000000 17758100002154000 0.090052404 0.102410123 0.197961995 -0.240988636
702155 2155.000000 17758100002155000 0.087639317 0.102203239 0.185170218 -0.318401407
702156 2156.000000 17758100002156000 0.085275017 0.102503822 0.187572016 -0.259575487
702157 2157.000000 17758100002157000 0.082968831 0.103115327 0.163632057 -0.304915285
702158 2158.000000 17758100002158000 0.080729850 0.103102386 0.162271220 -0.367212995
702159 2159.000000 17758100002159000 0.078566931 0.103486509 0.145705708 -0.383332192
702160 2160.000000 17758100002160000 0.076488592 0.103377069 0.135799482 -0.349027257
702161 2161.000000 17758100002161000 0.074503042 0.103550942 0.118914774 -0.387871231
702162 2162.000000 17758100002162000 0.072618119 0.102984394 0.104265258 -0.340647369
702163 2163.000000 17758100002163000 0.070841253 0.103574864 0.096819393 -0.406678797
702164 2164.000000 17758100002164000 0.069179468 0.103640628 0.085893200 -0.426042079
702165 2165.000000 17758100002165000 0.067639321 0.103618665 0.070121160 -0.417716943
702166 2166.000000 17758100002166000 0.066226885 0.103672512 0.053921867 -0.455052839
702167 2167.000000 17758100002167000 0.064947732 0.103684158 0.031603035 -0.460509576
702168 2168.000000 17758100002168000 0.063806921 0.103878827 0.019917497 -0.456730800
702169 2169.000000 17758100002169000 0.062808938 0.103775361 -0.000265158 -0.415182890
702170 2170.000000 17758100002170000 0.061957739 0.103688459 -0.013933065 -0.419580304
702171 2171.000000 17758100002171000 0.061256673 0.104005283 -0.024998516 -0.454136196
702172 2172.000000 17758100002172000 0.060708512 0.103890546 -0.038749498 -0.426173247
702173 2173.000000 17758100002173000 0.060315412 0.103870298 -0.049640351 -0.448669850
702174 2174.000000 17758100002174000 0.060078930 0.104164292 -0.068009638 -0.411609524
702175 2175.000000 17758100002175000 0.059999999 0.103747368 -0.082528137 -0.401493980
702176 2176.000000 17758100002176000 0.060078930 0.103216650 -0.103456552 -0.390250742
702177 2177.000000 17758100002177000 0.060315412 0.103361208 -0.109546459 -0.377827723
702178 2178.000000 17758100002178000 0.060708512 0.103300034 -0.131377982 -0.368922077
702179 2179.000000 17758100002179000 0.061256673 0.103101749 -0.139567963 -0.350557087
702180 2180.000000 17758100002180000 0.061957739 0.102708172 -0.155479542 -0.339779405
702181 2181.000000 17758100002181000 0.062808938 0.102638312 -0.167139612 -0.340196457
702182 2182.000000 17758100002182000 0.063806921 0.102494694 -0.177571515 -0.323008680
702183 2183.000000 17758100002183000 0.064947732 0.102496404 -0.183715238 -0.250702362
702184 2184.000000 17758100002184000 0.066226885 0.101994485 -0.192175915 -0.262698229
702185 2185.000000 17758100002185000 0.067639321 0.102219551 -0.209454443 -0.232089208
702186 2186.000000 17758100002186000 0.069179468 0.101759102 -0.218323815 -0.216266425
702187 2187.000000 17758100002187000 0.070841253 0.101585511 -0.213352616 -0.184654005
702188 2188.000000 17758100002188000 0.072618119 0.101176839 -0.228324692 -0.165677276
702189 2189.000000 17758100002189000 0.074503042 0.101457663 -0.242948027 -0.113639102
702190 2190.000000 17758100002190000 0.076488592 0.100931529 -0.229679490 -0.101523880
702191 2191.000000 17758100002191000 0.078566931 0.100882155 -0.245805289 -0.095905487
702192 2192.000000 17758100002192000 0.080729850 0.100620817 -0.238365751 -0.026850104
702193 2193.000000 17758100002193000 0.082968831 0.100010446 -0.253511293 -0.027488146
702194 2194.000000 17758100002194000 0.085275017 0.100426723 -0.238724574 0.020309950
702195 2195.000000 17758100002195000 0.087639317 0.099876611 -0.247074170 0.024409816
702196 2196.000000 17758100002196000 0.090052404 0.099375826 -0.243071138 0.038690599
702197 2197.000000 17758100002197000 0.092504747 0.099067200 -0.249925729 0.036798785
702198 2198.000000 17758100002198000 0.094986670 0.098812725 -0.246364900 0.109306896
702199 2199.000000 17758100002199000 0.097488381 0.098691439 -0.235016664 0.144285278
702200 2200.000000 17758100002200000 0.100000001 0.098825962 -0.227575737 0.171545829
702201 2201.000000 17758100002201000 0.102511622 0.098419773 -0.226926798 0.193617978
702202 2202.000000 17758100002202000 0.105013326 0.098337498 -0.223621809 0.219071570
702203 2203.000000 17758100002203000 0.107495256 0.098030326 -0.213037868 0.212692668
702204 2204.000000 17758100002204000 0.109947592 0.097718298 -0.200358286 0.258177181
702205 2205.000000 17758100002205000 0.112360679 0.097439617 -0.198967036 0.241663007
702206 2206.000000 17758100002206000 0.114724979 0.097327437 -0.173674673 0.309484156
702207 2207.000000 17758100002207000 0.117031172 0.097219429 -0.174488743 0.308536871
702208 2208.000000 17758100002208000 0.119270146 0.097244007 -0.158725625 0.322069987
702209 2209.000000 17758100002209000 0.121433072 0.096562379 -0.149676133 0.338614576
702210 2210.000000 17758100002210000 0.123511411 0.096557726 -0.131734751 0.363634173
702211 2211.000000 17758100002211000 0.125496954 0.096688596 -0.121981643 0.353950423
702212 2212.000000 17758100002212000 0.127381891 0.096425837 -0.102465609 0.375110495
702213 2213.000000 17758100002213000 0.129158750 0.096407262 -0.104988042 0.380215238
702214 2214.000000 17758100002214000 0.130820528 0.096266910 -0.079235044 0.419448161
702215 2215.000000 17758100002215000 0.132360682 0.096468185 -0.063707418 0.419644388
702216 2216.000000 17758100002216000 0.133773118 0.096346331 -0.055445217 0.409384581
702217 2217.000000 17758100002217000 0.135052264 0.096204218 -0.034268792 0.422135986
702218 2218.000000 17758100002218000 0.136193082 0.096334257 -0.015719556 0.454147641
702219 2219.000000 17758100002219000 0.137191057 0.096010074 -0.008597263 0.415212694
702220 2220.000000 17758100002220000 0.138042256 0.096032246 0.013198237 0.439347814
702221 2221.000000 17758100002221000 0.138743326 0.096087907 0.026985401 0.426618831
702222 2222.000000 17758100002222000 0.139291495 0.096372274 0.038101627 0.402868772
702223 2223.000000 17758100002223000 0.139684588 0.096222364 0.043550062 0.413839763
702224 2224.000000 17758100002224000 0.139921069 0.096291835 0.069307059 0.427681041
702225 2225.000000 17758100002225000 0.140000001 0.096067863 0.083676108 0.424865359
702226 2226.000000 17758100002226000 0.139921069 0.096697285 0.104998731 0.422915587
702227 2227.000000 17758100002227000 0.139684588 0.096469930 0.108113240 0.388706181
702228 2228.000000 17758100002228000 0.139291495 0.096755195 0.125178632 0.365529859
702229 2229.000000 17758100002229000 0.138743326 0.096794217 0.139418215 0.328111311
702230 2230.000000 17758100002230000 0.138042256 0.096697513 0.148205965 0.306997583
702231 2231.000000 17758100002231000 0.137191057 0.097176735 0.167352613 0.324319690
702232 2232.000000 17758100002232000 0.136193082 0.097562739 0.181129770 0.297097305
702233 2233.000000 17758100002233000 0.135052264 0.097952744 0.185512405 0.290209150
702234 2234.000000 17758100002234000 0.133773118 0.097945755 0.184683253 0.262529525
702235 2235.000000 17758100002235000 0.132360682 0.098096721 0.206242084 0.250853451
702236 2236.000000 17758100002236000 0.130820528 0.098055598 0.212429471 0.217052169
702237 2237.000000 17758100002237000 0.129158750 0.098377239 0.214498086 0.174013933
702238 2238.000000 17758100002238000 0.127381891 0.098650996 0.228659781 0.152486584
702239 2239.000000 17758100002239000 0.125496954 0.098783647 0.234073626 0.117192331
702240 2240.000000 17758100002240000 0.123511411 0.099373413 0.227613427 0.118315642
702241 2241.000000 17758100002241000 0.121433072 0.099191549 0.228640317 0.088788690
702242 2242.000000 17758100002242000 0.119270146 0.099847556 0.243218902 0.070876051
702243 2243.000000 17758100002243000 0.117031172 0.099722363 0.237236032 0.065278724
702244 2244.000000 17758100002244000 0.114724979 0.100030313 0.246506602 0.007460795
702245 2245.000000 17758100002245000 0.112360679 0.100589396 0.244833294 -0.005365705
702246 2246.000000 17758100002246000 0.109947592 0.100353994 0.241900611 -0.048680050
702247 2247.000000 17758100002247000 0.107495256 0.100388554 0.236880169 -0.108371235
702248 2248.000000 17758100002248000 0.105013326 0.101031060 0.245812228 -0.112319538
702249 2249.000000 17758100002249000 0.102511622 0.101300858 0.237744274 -0.166746743
702250 2250.000000 17758100002250000 0.100000001 0.101625037 0.227607989 -0.197517262
702251 2251.000000 17758100002251000 0.097488381 0.101401939 0.214051288 -0.191585901
702252 2252.000000 17758100002252000 0.094986670 0.101607654 0.218495760 -0.223159796
702253 2253.000000 17758100002253000 0.092504747 0.102307275 0.209765017 -0.235846932
702254 2254.000000 17758100002254000 0.090052404 0.102632182 0.210720115 -0.250068667
702255 2255.000000 17758100002255000 0.087639317 0.102308861 0.194797669 -0.272690906
702256 2256.000000 17758100002256000 0.085275017 0.102591235 0.184190982 -0.290241208
702257 2257.000000 17758100002257000 0.082968831 0.102661600 0.175576069 -0.325890265
702258 2258.000000 17758100002258000 0.080729850 0.102996606 0.156460816 -0.336502404
702259 2259.000000 17758100002259000 0.078566931 0.103347701 0.145294080 -0.342551270
702260 2260.000000 17758100002260000 0.076488592 0.103239139 0.139968814 -0.380080752
702261 2261.000000 17758100002261000 0.074503042 0.103329066 0.124248912 -0.387288533
702262 2262.000000 17758100002262000 0.072618119 0.103546521 0.108370617 -0.385195148
702263 2263.000000 17758100002263000 0.070841253 0.103926345 0.102670014 -0.418122340
702264 2264.000000 17758100002264000 0.069179468 0.103682271 0.075665496 -0.382999514
702265 2265.000000 17758100002265000 0.067639321 0.103800187 0.074098859 -0.434163696
702266 2266.000000 17758100002266000 0.066226885 0.103863771 0.055510138 -0.439319294
702267 2267.000000 17758100002267000 0.064947732 0.104161406 0.036982139 -0.455689918
702268 2268.000000 17758100002268000 0.063806921 0.103872043 0.028650179 -0.431895394
702269 2269.000000 17758100002269000 0.062808938 0.103740553 0.011213332 -0.443388231
702270 2270.000000 17758100002270000 0.061957739 0.103650574 -0.003348525 -0.399453260
702271 2271.000000 17758100002271000 0.061256673 0.104160950 -0.024547768 -0.439401520
702272 2272.000000 17758100002272000 0.060708512 0.103854615 -0.040625557 -0.449123556
702273 2273.000000 17758100002273000 0.060315412 0.103526273 -0.054678744 -0.460917792
702274 2274.000000 17758100002274000 0.060078930 0.103861283 -0.077365896 -0.444571297
702275 2275.000000 17758100002275000 0.059999999 0.103709827 -0.082112613 -0.406602241
702276 2276.000000 17758100002276000 0.060078930 0.103165369 -0.095210765 -0.355794684
702277 2277.000000 17758100002277000 0.060315412 0.103447682 -0.121519848 -0.357769808
702278 2278.000000 17758100002278000 0.060708512 0.102848823 -0.127574101 -0.372821726
702279 2279.000000 17758100002279000 0.061256673 0.102724190 -0.143636998 -0.320027434
702280 2280.000000 17758100002280000 0.061957739 0.103127232 -0.147714050 -0.304704669
702281 2281.000000 17758100002281000 0.062808938 0.102898479 -0.171096884 -0.303871774
702282 2282.000000 17758100002282000 0.063806921 0.102789793 -0.176662649 -0.292648601
702283 2283.000000 17758100002283000 0.064947732 0.102181699 -0.190266750 -0.267968604
702284 2284.000000 17758100002284000 0.066226885 0.102376088 -0.197695553 -0.245000820
702285 2285.000000 17758100002285000 0.067639321 0.101911039 -0.206169451 -0.230322328
702286 2286.000000 17758100002286000 0.069179468 0.101951626 -0.199435381 -0.213789362
702287 2287.000000 17758100002287000 0.070841253 0.101702546 -0.219985662 -0.180248324
702288 2288.000000 17758100002288000 0.072618119 0.101446612 -0.225409583 -0.118253324
702289 2289.000000 17758100002289000 0.074503042 0.101285728 -0.224781694 -0.150463961
702290 2290.000000 17758100002290000 0.076488592 0.101007221 -0.233119560 -0.110884404
702291 2291.000000 17758100002291000 0.078566931 0.100652268 -0.231440919 -0.120902269
702292 2292.000000 17758100002292000 0.080729850 0.100319388 -0.240211068 -0.043298806
702293 2293.000000 17758100002293000 0.082968831 0.099973156 -0.247442231 -0.026065959
702294 2294.000000 17758100002294000 0.085275017 0.100043517 -0.235822078 0.000144305
702295 2295.000000 17758100002295000 0.087639317 0.099592778 -0.232160269 -0.018026578
702296 2296.000000 17758100002296000 0.090052404 0.099350380 -0.230814468 0.005814269
702297 2297.000000 17758100002297000 0.092504747 0.099285898 -0.232397648 0.033187810
702298 2298.000000 17758100002298000 0.094986670 0.099160451 -0.231111100 0.062332032
702299 2299.000000 17758100002299000 0.097488381 0.099081278 -0.237309408 0.137571034
702300 2300.000000 17758100002300000 0.100000001 0.098490200 -0.224325934 0.150088828
702301 2301.000000 17758100002301000 0.102511622 0.098277433 -0.227583834 0.182333995
702302 2302.000000 17758100002302000 0.105013326 0.097869170 -0.212634558 0.201870011
702303 2303.000000 17758100002303000 0.107495256 0.097863056 -0.209822122 0.223719025
702304 2304.000000 17758100002304000 0.109947592 0.098033244 -0.206125503 0.256228973
702305 2305.000000 17758100002305000 0.112360679 0.097406726 -0.189914207 0.252678503
702306 2306.000000 17758100002306000 0.114724979 0.097297925 -0.189279140 0.301814259
702307 2307.000000 17758100002307000 0.117031172 0.097093659 -0.168789594 0.311382449
702308 2308.000000 17758100002308000 0.119270146 0.097016755 -0.166594522 0.330296042
702309 2309.000000 17758100002309000 0.121433072 0.096835296 -0.144614397 0.372737176
702310 2310.000000 17758100002310000 0.123511411 0.096672133 -0.135080332 0.379462426
702311 2311.000000 17758100002311000 0.125496954 0.096954012 -0.126177725 0.371494678
702312 2312.000000 17758100002312000 0.127381891 0.096529068 -0.105818185 0.396410728
702313 2313.000000 17758100002313000 0.129158750 0.096300169 -0.093348064 0.410436888
702314 2314.000000 17758100002314000 0.130820528 0.096069635 -0.076012439 0.403780124
702315 2315.000000 17758100002315000 0.132360682 0.095978383 -0.066288432 0.420690870
702316 2316.000000 17758100002316000 0.133773118 0.095939573 -0.054167269 0.425365384
702317 2317.000000 17758100002317000 0.135052264 0.096315024 -0.043543358 0.388823184
702318 2318.000000 17758100002318000 0.136193082 0.095914877 -0.024071823 0.429883856
702319 2319.000000 17758100002319000 0.137191057 0.096258244 -0.001382927 0.404141662
702320 2320.000000 17758100002320000 0.138042256 0.095929994 0.010920034 0.418129436
702321 2321.000000 17758100002321000 0.138743326 0.096016783 0.026134291 0.390207504
702322 2322.000000 17758100002322000 0.139291495 0.096235816 0.045571351 0.405383699
702323 2323.000000 17758100002323000 0.139684588 0.096103628 0.049229181 0.461076863
702324 2324.000000 17758100002324000 0.139921069 0.096055947 0.077444161 0.411791010
702325 2325.000000 17758100002325000 0.140000001 0.096344344 0.087372425 0.386024482
702326 2326.000000 17758100002326000 0.139921069 0.096395436 0.103624533 0.416705999
702327 2327.000000 17758100002327000 0.139684588 0.096645846 0.120892807 0.389986353
702328 2328.000000 17758100002328000 0.139291495 0.096997257 0.121036268 0.369205389
702329 2329.000000 17758100002329000 0.138743326 0.096503935 0.133266086 0.341310706
702330 2330.000000 17758100002330000 0.138042256 0.096970609 0.146609992 0.323405000
702331 2331.000000 17758100002331000 0.137191057 0.097128722 0.165902990 0.307503185
702332 2332.000000 17758100002332000 0.136193082 0.097221738 0.180684155 0.286712155
702333 2333.000000 17758100002333000 0.135052264 0.097594236 0.183811184 0.287302157
702334 2334.000000 17758100002334000 0.133773118 0.097770054 0.197576740 0.233568217
702335 2335.000000 17758100002335000 0.132360682 0.097813399 0.198927399 0.248709840
702336 2336.000000 17758100002336000 0.130820528 0.098173844 0.208512952 0.253002945
702337 2337.000000 17758100002337000 0.129158750 0.098436845 0.218665087 0.159309086
702338 2338.000000 17758100002338000 0.127381891 0.098837068 0.219289231 0.188420186
702339 2339.000000 17758100002339000 0.125496954 0.099199922 0.233929161 0.137241834
702340 2340.000000 17758100002340000 0.123511411 0.099046703 0.233011547 0.111390102
702341 2341.000000 17758100002341000 0.121433072 0.099460780 0.238747802 0.113949277
702342 2342.000000 17758100002342000 0.119270146 0.099668112 0.238807720 0.053823156
702343 2343.000000 17758100002343000 0.117031172 0.099628122 0.247583889 0.046075361
702344 2344.000000 17758100002344000 0.114724979 0.100074942 0.246514042 -0.012668791
702345 2345.000000 17758100002345000 0.112360679 0.100467842 0.250653555 -0.053392106
702346 2346.000000 17758100002346000 0.109947592 0.100353811 0.245685207 -0.030646147
702347 2347.000000 17758100002347000 0.107495256 0.100727664 0.234011073 -0.091062599
702348 2348.000000 17758100002348000 0.105013326 0.101207373 0.236561657 -0.117806465
702349 2349.000000 17758100002349000 0.102511622 0.101231220 0.250242702 -0.124838498
702350 2350.000000 17758100002350000 0.100000001 0.101249047 0.222233924 -0.148363297
702351 2351.000000 17758100002351000 0.097488381 0.101613921 0.224904308 -0.231499702
702352 2352.000000 17758100002352000 0.094986670 0.101801276 0.210842248 -0.228153417
702353 2353.000000 17758100002353000 0.092504747 0.102205054 0.204128742 -0.196987292
702354 2354.000000 17758100002354000 0.090052404 0.102388606 0.202975659 -0.268000142
702355 2355.000000 17758100002355000 0.087639317 0.102188135 0.194506729 -0.251388312
702356 2356.000000 17758100002356000 0.085275017 0.102637674 0.189498543 -0.264611779
702357 2357.000000 17758100002357000 0.082968831 0.102906519 0.164680628 -0.334809523
702358 2358.000000 17758100002358000 0.080729850 0.103313339 0.166345150 -0.311608920
702359 2359.000000 17758100002359000 0.078566931 0.103210083 0.138268798 -0.348368862
702360 2360.000000 17758100002360000 0.076488592 0.103485240 0.138332801 -0.359123384
702361 2361.000000 17758100002361000 0.074503042 0.103529700 0.130639577 -0.360520771
702362 2362.000000 17758100002362000 0.072618119 0.103652307 0.109824615 -0.390629569
702363 2363.000000 17758100002363000 0.070841253 0.103132692 0.101792138 -0.383474554
702364 2364.000000 17758100002364000 0.069179468 0.104035529 0.075568940 -0.448980605
702365 2365.000000 17758100002365000 0.067639321 0.103600511 0.064322896 -0.443864152
702366 2366.000000 17758100002366000 0.066226885 0.103839593 0.046199428 -0.416362829
702367 2367.000000 17758100002367000 0.064947732 0.104232786 0.040564412 -0.421914478
702368 2368.000000 17758100002368000 0.063806921 0.103988622 0.027414065 -0.422472111
702369 2369.000000 17758100002369000 0.062808938 0.104010132 0.010980609 -0.394396681
702370 2370.000000 17758100002370000 0.061957739 0.104131641 -0.005062555 -0.433324027
702371 2371.000000 17758100002371000 0.061256673 0.103766538 -0.020899195 -0.421318263
702372 2372.000000 17758100002372000 0.060708512 0.103586048 -0.044160716 -0.412136459
702373 2373.000000 17758100002373000 0.060315412 0.103512229 -0.060363213 -0.403521387
702374 2374.000000 17758100002374000 0.060078930 0.103709720 -0.077437091 -0.430704473
702375 2375.000000 17758100002375000 0.059999999 0.103760400 -0.078894671 -0.407798049
702376 2376.000000 17758100002376000 0.060078930 0.103498001 -0.090605842 -0.374811034
702377 2377.000000 17758100002377000 0.060315412 0.103358640 -0.099954756 -0.370216320
702378 2378.000000 17758100002378000 0.060708512 0.103143858 -0.123986114 -0.391895933
702379 2379.000000 17758100002379000 0.061256673 0.103379036 -0.139780926 -0.361013716
702380 2380.000000 17758100002380000 0.061957739 0.102939007 -0.151068649 -0.333160148
702381 2381.000000 17758100002381000 0.062808938 0.102820101 -0.167362460 -0.320855145
702382 2382.000000 17758100002382000 0.063806921 0.102446674 -0.165708454 -0.282054788
702383 2383.000000 17758100002383000 0.064947732 0.102719419 -0.191349288 -0.287646948
702384 2384.000000 17758100002384000 0.066226885 0.101847240 -0.195713071 -0.229930915
702385 2385.000000 17758100002385000 0.067639321 0.101946822 -0.198940940 -0.200773863
702386 2386.000000 17758100002386000 0.069179468 0.101873201 -0.207883176 -0.212052515
702387 2387.000000 17758100002387000 0.070841253 0.101611891 -0.207242414 -0.191914979
702388 2388.000000 17758100002388000 0.072618119 0.101054323 -0.224565005 -0.147781244
702389 2389.000000 17758100002389000 0.074503042 0.100745228 -0.227299166 -0.150748116
702390 2390.000000 17758100002390000 0.076488592 0.100844850 -0.233117365 -0.132126208
702391 2391.000000 17758100002391000 0.078566931 0.100625489 -0.246388317 -0.082167720
702392 2392.000000 17758100002392000 0.080729850 0.100222249 -0.243082994 -0.067929597
702393 2393.000000 17758100002393000 0.082968831 0.099927499 -0.244857679 -0.066564509
702394 2394.000000 17758100002394000 0.085275017 0.100025797 -0.241676787 -0.012698684
702395 2395.000000 17758100002395000 0.087639317 0.099882672 -0.243407997 0.016142238
702396 2396.000000 17758100002396000 0.090052404 0.099247280 -0.246246168 0.032328300
702397 2397.000000 17758100002397000 0.092504747 0.099226464 -0.236111558 0.073079223
702398 2398.000000 17758100002398000 0.094986670 0.098948878 -0.237439846 0.088302868
702399 2399.000000 17758100002399000 0.097488381 0.098663346 -0.231983180 0.115522964
702400 2400.000000 17758100002400000 0.100000001 0.098135348 -0.234235548 0.153268939
702401 2401.000000 17758100002401000 0.102511622 0.098245813 -0.222543082 0.199151696
702402 2402.000000 17758100002402000 0.105013326 0.098422767 -0.220890051 0.191042513
702403 2403.000000 17758100002403000 0.107495256 0.097962160 -0.203981820 0.260550359
702404 2404.000000 17758100002404000 0.109947592 0.097783345 -0.206083775 0.249582052
702405 2405.000000 17758100002405000 0.112360679 0.097221200 -0.186890526 0.275489810
702406 2406.000000 17758100002406000 0.114724979 0.097312748 -0.181908890 0.335738336
702407 2407.000000 17758100002407000 0.117031172 0.096740947 -0.166349287 0.359785253
702408 2408.000000 17758100002408000 0.119270146 0.096671525 -0.155185471 0.315188015
702409 2409.000000 17758100002409000 0.121433072 0.096532171 -0.141440821 0.333878186
702410 2410.000000 17758100002410000 0.123511411 0.096660036 -0.137457877 0.357723912
702411 2411.000000 17758100002411000 0.125496954 0.096786129 -0.122791454 0.358869468
702412 2412.000000 17758100002412000 0.127381891 0.096431189 -0.105816854 0.399329896
702413 2413.000000 17758100002413000 0.129158750 0.096803974 -0.112036958 0.394714952
702414 2414.000000 17758100002414000 0.130820528 0.096054737 -0.085741897 0.403206892
702415 2415.000000 17758100002415000 0.132360682 0.096376298 -0.055258018 0.404209512
702416 2416.000000 17758100002416000 0.133773118 0.096434982 -0.050038029 0.402640583
702417 2417.000000 17758100002417000 0.135052264 0.095993210 -0.033830363 0.415200511
702418 2418.000000 17758100002418000 0.136193082 0.096104667 -0.022371242 0.448057639
702419 2419.000000 17758100002419000 0.137191057 0.095765717 -0.014927657 0.436484744
702420 2420.000000 17758100002420000 0.138042256 0.096381497 0.007684266 0.412072210
702421 2421.000000 17758100002421000 0.138743326 0.096365862 0.022099706 0.425759682
702422 2422.000000 17758100002422000 0.139291495 0.096446600 0.038161355 0.445639153
702423 2423.000000 17758100002423000 0.139684588 0.096174060 0.064296007 0.413814067
702424 2424.000000 17758100002424000 0.139921069 0.096778588 0.066989419 0.446970679
702425 2425.000000 17758100002425000 0.140000001 0.096247078 0.080371882 0.383516640
702426 2426.000000 17758100002426000 0.139921069 0.096844429 0.098729307 0.407393771
702427 2427.000000 17758100002427000 0.139684588 0.096532741 0.110211687 0.391585937
702428 2428.000000 17758100002428000 0.139291495 0.096864554 0.128707722 0.409726955
702429 2429.000000 17758100002429000 0.138743326 0.097032339 0.136456919 0.339577763
702430 2430.000000 17758100002430000 0.138042256 0.097414017 0.160679929 0.359801576
702431 2431.000000 17758100002431000 0.137191057 0.097293869 0.165211226 0.321851574
702432 2432.000000 17758100002432000 0.136193082 0.097356947 0.171184892 0.268418920
702433 2433.000000 17758100002433000 0.135052264 0.097651057 0.187007901 0.289166184
702434 2434.000000 17758100002434000 0.133773118 0.097818976 0.195773291 0.283294832
702435 2435.000000 17758100002435000 0.132360682 0.097604833 0.196814319 0.245471037
702436 2436.000000 17758100002436000 0.130820528 0.098091985 0.212458400 0.235758640
702437 2437.000000 17758100002437000 0.129158750 0.098096756 0.220736624 0.199558654
702438 2438.000000 17758100002438000 0.127381891 0.098784751 0.227640861 0.155744306
702439 2439.000000 17758100002439000 0.125496954 0.099030827 0.239395419 0.160165778
702440 2440.000000 17758100002440000 0.123511411 0.098850904 0.234927509 0.113720719
702441 2441.000000 17758100002441000 0.121433072 0.099151460 0.237340597 0.056283220
702442 2442.000000 17758100002442000 0.119270146 0.099574628 0.236127644 0.052879025
702443 2443.000000 17758100002443000 0.117031172 0.099717611 0.246394726 0.059846920
702444 2444.000000 17758100002444000 0.114724979 0.100212127 0.234772800 -0.017962632
702445 2445.000000 17758100002445000 0.112360679 0.100257712 0.246220887 -0.009951557
702446 2446.000000 17758100002446000 0.109947592 0.100145850 0.239895211 -0.055005969
702447 2447.000000 17758100002447000 0.107495256 0.100897137 0.257898485 -0.041643716
702448 2448.000000 17758100002448000 0.105013326 0.101062767 0.241888097 -0.113175647
702449 2449.000000 17758100002449000 0.102511622 0.101635355 0.241591597 -0.132381273
702450 2450.000000 17758100002450000 0.100000001 0.101838376 0.223587275 -0.150939139
702451 2451.000000 17758100002451000 0.097488381 0.102002496 0.225822948 -0.207833070
702452 2452.000000 17758100002452000 0.094986670 0.101486735 0.221368743 -0.200516977
702453 2453.000000 17758100002453000 0.092504747 0.101738570 0.217765183 -0.213945173
702454 2454.000000 17758100002454000 0.090052404 0.102185693 0.185340930 -0.276551657
702455 2455.000000 17758100002455000 0.087639317 0.102041120 0.185283216 -0.260954165
702456 2456.000000 17758100002456000 0.085275017 0.102927972 0.187820963 -0.301956462
702457 2457.000000 17758100002457000 0.082968831 0.102805011 0.176917032 -0.331989664
702458 2458.000000 17758100002458000 0.080729850 0.102998911 0.154634174 -0.335161292
702459 2459.000000 17758100002459000 0.078566931 0.103224976 0.141896154 -0.343411279
702460 2460.000000 17758100002460000 0.076488592 0.103075656 0.133122768 -0.353838481
702461 2461.000000 17758100002461000 0.074503042 0.103415121 0.119778228 -0.373413151
702462 2462.000000 17758100002462000 0.072618119 0.103674727 0.114130534 -0.395547871
702463 2463.000000 17758100002463000 0.070841253 0.103492730 0.083824714 -0.387660361
702464 2464.000000 17758100002464000 0.069179468 0.103801218 0.075131775 -0.413518379
702465 2465.000000 17758100002465000 0.067639321 0.103905286 0.071824921 -0.422387291
702466 2466.000000 17758100002466000 0.066226885 0.103712150 0.058014895 -0.407295242
702467 2467.000000 17758100002467000 0.064947732 0.103816128 0.028740176 -0.436087227
702468 2468.000000 17758100002468000 0.063806921 0.104426323 0.017949689 -0.424072998
702469 2469.000000 17758100002469000 0.062808938 0.103665397 0.005860950 -0.418258030
702470 2470.000000 17758100002470000 0.061957739 0.103925654 -0.013993618 -0.423628510
702471 2471.000000 17758100002471000 0.061256673 0.103981133 -0.024450463 -0.422704551
702472 2472.000000 17758100002472000 0.060708512 0.103955929 -0.040357742 -0.403906292
702473 2473.000000 17758100002473000 0.060315412 0.103595918 -0.047175655 -0.405008914
702474 2474.000000 17758100002474000 0.060078930 0.103642076 -0.065872670 -0.396635308
702475 2475.000000 17758100002475000 0.059999999 0.103704417 -0.085570330 -0.439495057
702476 2476.000000 17758100002476000 0.060078930 0.103631598 -0.096445758 -0.370144061
702477 2477.000000 17758100002477000 0.060315412 0.103827743 -0.113669212 -0.383560023
702478 2478.000000 17758100002478000 0.060708512 0.103302017 -0.120719856 -0.386636729
702479 2479.000000 17758100002479000 0.061256673 0.103296807 -0.131797378 -0.327867542
702480 2480.000000 17758100002480000 0.061957739 0.102997869 -0.150552468 -0.319119796
702481 2481.000000 17758100002481000 0.062808938 0.103087696 -0.164734651 -0.319184655
702482 2482.000000 17758100002482000 0.063806921 0.102599160 -0.177559810 -0.311477893
702483 2483.000000 17758100002483000 0.064947732 0.102664712 -0.182559605 -0.295789460
702484 2484.000000 17758100002484000 0.066226885 0.102185273 -0.194115916 -0.267424040
702485 2485.000000 17758100002485000 0.067639321 0.102421990 -0.209754111 -0.200559658
702486 2486.000000 17758100002486000 0.069179468 0.102057967 -0.215225487 -0.194392794
702487 2487.000000 17758100002487000 0.070841253 0.102141392 -0.225876063 -0.204633079
702488 2488.000000 17758100002488000 0.072618119 0.101549734 -0.228069846 -0.124395794
702489 2489.000000 17758100002489000 0.074503042 0.100996614 -0.227327352 -0.119902830
702490 2490.000000 17758100002490000 0.076488592 0.101099703 -0.233511822 -0.109576620
702491 2491.000000 17758100002491000 0.078566931 0.100419279 -0.245250804 -0.095853584
702492 2492.000000 17758100002492000 0.080729850 0.100132443 -0.245258091 -0.063394109
702493 2493.000000 17758100002493000 0.082968831 0.100060101 -0.252053945 -0.038564327
702494 2494.000000 17758100002494000 0.085275017 0.099919361 -0.246882451 -0.000127886
702495 2495.000000 17758100002495000 0.087639317 0.099587250 -0.237608122 0.027397363
702496 2496.000000 17758100002496000 0.090052404 0.099668973 -0.247275757 0.025559326
702497 2497.000000 17758100002497000 0.092504747 0.099013087 -0.248668878 0.070363436
702498 2498.000000 17758100002498000 0.094986670 0.099045356 -0.240988027 0.114702426
702499 2499.000000 17758100002499000 0.097488381 0.098762455 -0.233896983 0.170166433
702500 2500.000000 17758100002500000 0.100000001 0.098752968 -0.221010764 0.197168219
702501 2501.000000 17758100002501000 0.102511622 0.098294445 -0.230226759 0.215756999
702502 2502.000000 17758100002502000 0.105013326 0.097894785 -0.212109663 0.243646869
702503 2503.000000 17758100002503000 0.107495256 0.097847398 -0.205586704 0.248333299
702504 2504.000000 17758100002504000 0.109947592 0.097274612 -0.206135355 0.293116147
702505 2505.000000 17758100002505000 0.112360679 0.097505868 -0.186616944 0.287013568
702506 2506.000000 17758100002506000 0.114724979 0.097515101 -0.182625682 0.307424482
702507 2507.000000 17758100002507000 0.117031172 0.096873771 -0.173978491 0.301057089
702508 2508.000000 17758100002508000 0.119270146 0.097201458 -0.178084980 0.341915730
702509 2509.000000 17758100002509000 0.121433072 0.097059531 -0.148255520 0.358813565
702510 2510.000000 17758100002510000 0.123511411 0.096900166 -0.128657253 0.354846921
702511 2511.000000 17758100002511000 0.125496954 0.096298938 -0.123803622 0.400626861
702512 2512.000000 17758100002512000 0.127381891 0.096623553 -0.122458382 0.355892356
702513 2513.000000 17758100002513000 0.129158750 0.096570924 -0.101122638 0.419182443
702514 2514.000000 17758100002514000 0.130820528 0.096073855 -0.068908658 0.421401472
702515 2515.000000 17758100002515000 0.132360682 0.096197229 -0.065439413 0.376176573
702516 2516.000000 17758100002516000 0.133773118 0.096120595 -0.059501113 0.419835071
702517 2517.000000 17758100002517000 0.135052264 0.095788023 -0.033101783 0.435248810
702518 2518.000000 17758100002518000 0.136193082 0.095968932 -0.019394384 0.427230303
702519 2519.000000 17758100002519000 0.137191057 0.096124784 -0.001565818 0.450456435
702520 2520.000000 17758100002520000 0.138042256 0.096474510 0.015886860 0.442741753
702521 2521.000000 17758100002521000 0.138743326 0.096055524 0.024978038 0.440036141
702522 2522.000000 17758100002522000 0.139291495 0.096272196 0.031979531 0.406967488
702523 2523.000000 17758100002523000 0.139684588 0.096301161 0.051780574 0.424925257
702524 2524.000000 17758100002524000 0.139921069 0.096052055 0.069671473 0.423281603
702525 2525.000000 17758100002525000 0.140000001 0.096481774 0.086592889 0.398199711
702526 2526.000000 17758100002526000 0.139921069 0.096188731 0.102493135 0.395022223
702527 2527.000000 17758100002527000 0.139684588 0.096489636 0.103317021 0.363009059
702528 2528.000000 17758100002528000 0.139291495 0.096388187 0.136374024 0.353368189
702529 2529.000000 17758100002529000 0.138743326 0.097010130 0.141162743 0.362256809
702530 2530.000000 17758100002530000 0.138042256 0.097313039 0.155442319 0.362606340
702531 2531.000000 17758100002531000 0.137191057 0.096934722 0.161779970 0.318600908
702532 2532.000000 17758100002532000 0.136193082 0.097595867 0.168455236 0.297181900
702533 2533.000000 17758100002533000 0.135052264 0.097220506 0.185184562 0.292172866
702534 2534.000000 17758100002534000 0.133773118 0.097744681 0.201920036 0.215073964
702535 2535.000000 17758100002535000 0.132360682 0.098336380 0.200334114 0.243709967
702536 2536.000000 17758100002536000 0.130820528 0.098379297 0.218499657 0.202598249
702537 2537.000000 17758100002537000 0.129158750 0.098408963 0.216915244 0.184703705
702538 2538.000000 17758100002538000 0.127381891 0.098435413 0.223436146 0.156507699
702539 2539.000000 17758100002539000 0.125496954 0.098576893 0.231875644 0.123410398
702540 2540.000000 17758100002540000 0.123511411 0.099101097 0.233775107 0.157603742
702541 2541.000000 17758100002541000 0.121433072 0.098958534 0.238826628 0.066385743
702542 2542.000000 17758100002542000 0.119270146 0.099337355 0.242702024 0.058646577
702543 2543.000000 17758100002543000 0.117031172 0.099896892 0.236860234 0.003377148
702544 2544.000000 17758100002544000 0.114724979 0.100219174 0.236288606 0.011920199
702545 2545.000000 17758100002545000 0.112360679 0.100287918 0.245716666 -0.053421280
702546 2546.000000 17758100002546000 0.109947592 0.100483835 0.250156797 -0.032838791
702547 2547.000000 17758100002547000 0.107495256 0.100874617 0.240349927 -0.092462716
702548 2548.000000 17758100002548000 0.105013326 0.100942544 0.245324197 -0.112841174
702549 2549.000000 17758100002549000 0.102511622 0.101170336 0.235163686 -0.109319115
702550 2550.000000 17758100002550000 0.100000001 0.101425543 0.231323309 -0.155801437
702551 2551.000000 17758100002551000 0.097488381 0.101772979 0.220446436 -0.212670865
702552 2552.000000 17758100002552000 0.094986670 0.102046302 0.220401483 -0.199845377
702553 2553.000000 17758100002553000 0.092504747 0.102137239 0.207799624 -0.255906112
702554 2554.000000 17758100002554000 0.090052404 0.102205550 0.206929845 -0.250020979
702555 2555.000000 17758100002555000 0.087639317 0.102492871 0.188424688 -0.246935494
702556 2556.000000 17758100002556000 0.085275017 0.102505647 0.178026819 -0.303619925
702557 2557.000000 17758100002557000 0.082968831 0.102928299 0.167767030 -0.301489267
702558 2558.000000 17758100002558000 0.080729850 0.103173897 0.161227539 -0.310041041
702559 2559.000000 17758100002559000 0.078566931 0.103098178 0.147787151 -0.350172273
702560 2560.000000 17758100002560000 0.076488592 0.103265565 0.135668491 -0.368275535
702561 2561.000000 17758100002561000 0.074503042 0.103049945 0.123510388 -0.348750944
702562 2562.000000 17758100002562000 0.072618119 0.103847939 0.098401785 -0.366258666
702563 2563.000000 17758100002563000 0.070841253 0.103626908 0.103954986 -0.408022575
702564 2564.000000 17758100002564000 0.069179468 0.103540547 0.088918449 -0.415098562
702565 2565.000000 17758100002565000 0.067639321 0.103386720 0.071621646 -0.431749760
702566 2566.000000 17758100002566000 0.066226885 0.103754563 0.048290391 -0.406551507
702567 2567.000000 17758100002567000 0.064947732 0.103894233 0.038799624 -0.409823647
702568 2568.000000 17758100002568000 0.063806921 0.104135678 0.029660928 -0.406475938
702569 2569.000000 17758100002569000 0.062808938 0.103926534 0.006034328 -0.445268934
702570 2570.000000 17758100002570000 0.061957739 0.103815784 -0.002177488 -0.402630632
702571 2571.000000 17758100002571000 0.061256673 0.103758634 -0.026059810 -0.418781131
702572 2572.000000 17758100002572000 0.060708512 0.103956990 -0.037605363 -0.427551810
702573 2573.000000 17758100002573000 0.060315412 0.103882236 -0.057165053 -0.414383066
702574 2574.000000 17758100002574000 0.060078930 0.103577936 -0.077763615 -0.431940915
702575 2575.000000 17758100002575000 0.059999999 0.103720982 -0.088971122 -0.398546032
702576 2576.000000 17758100002576000 0.060078930 0.103562324 -0.106655264 -0.379985607
702577 2577.000000 17758100002577000 0.060315412 0.103452390 -0.104032388 -0.390333960
702578 2578.000000 17758100002578000 0.060708512 0.103225056 -0.132539939 -0.388853122
702579 2579.000000 17758100002579000 0.061256673 0.103246618 -0.132758704 -0.339209569
702580 2580.000000 17758100002580000 0.061957739 0.103161853 -0.148632201 -0.341216313
702581 2581.000000 17758100002581000 0.062808938 0.102986644 -0.163000857 -0.345741025
702582 2582.000000 17758100002582000 0.063806921 0.102561179 -0.177708001 -0.320025324
702583 2583.000000 17758100002583000 0.064947732 0.102867407 -0.185672085 -0.287071537
702584 2584.000000 17758100002584000 0.066226885 0.102640575 -0.185620402 -0.266149379
702585 2585.000000 17758100002585000 0.067639321 0.102050841 -0.209810145 -0.185764324
702586 2586.000000 17758100002586000 0.069179468 0.101799658 -0.209432852 -0.219602212
702587 2587.000000 17758100002587000 0.070841253 0.101496405 -0.221434930 -0.151056134
702588 2588.000000 17758100002588000 0.072618119 0.101354910 -0.226762879 -0.183748958
702589 2589.000000 17758100002589000 0.074503042 0.100971188 -0.237060762 -0.146802097
702590 2590.000000 17758100002590000 0.076488592 0.101003280 -0.238198052 -0.112643922
702591 2591.000000 17758100002591000 0.078566931 0.100947438 -0.247202814 -0.129486351
702592 2592.000000 17758100002592000 0.080729850 0.100207033 -0.228046279 -0.051947149
702593 2593.000000 17758100002593000 0.082968831 0.100336187 -0.250461195 -0.019738069
702594 2594.000000 17758100002594000 0.085275017 0.100282114 -0.252104463 -0.010001954
702595 2595.000000 17758100002595000 0.087639317 0.100059001 -0.244412569 0.035608680
702596 2596.000000 17758100002596000 0.090052404 0.099577909 -0.240230154 0.072111571
702597 2597.000000 17758100002597000 0.092504747 0.099145917 -0.238115801 0.047248465
702598 2598.000000 17758100002598000 0.094986670 0.098841813 -0.235779302 0.086703336
702599 2599.000000 17758100002599000 0.097488381 0.098907587 -0.223937381 0.111272339
702600 2600.000000 17758100002600000 0.100000001 0.098475070 -0.235632567 0.155392052
702601 2601.000000 17758100002601000 0.102511622 0.098389705 -0.224920184 0.179580136
702602 2602.000000 17758100002602000 0.105013326 0.098189720 -0.211456915 0.194006899
702603 2603.000000 17758100002603000 0.107495256 0.098032574 -0.203320010 0.252259427
702604 2604.000000 17758100002604000 0.109947592 0.097765282 -0.195152144 0.250965474
702605 2605.000000 17758100002605000 0.112360679 0.097639365 -0.187752957 0.305438045
702606 2606.000000 17758100002606000 0.114724979 0.097429854 -0.176961528 0.284186583
702607 2607.000000 17758100002607000 0.117031172 0.097255248 -0.175623434 0.296080219
702608 2608.000000 17758100002608000 0.119270146 0.096657187 -0.162002174 0.354585958
702609 2609.000000 17758100002609000 0.121433072 0.096617114 -0.146018681 0.346173780
702610 2610.000000 17758100002610000 0.123511411 0.096993158 -0.155488194 0.363988180
702611 2611.000000 17758100002611000 0.125496954 0.096561843 -0.126306492 0.389261091
702612 2612.000000 17758100002612000 0.127381891 0.096595399 -0.103087137 0.412556976
702613 2613.000000 17758100002613000 0.129158750 0.096031733 -0.099512574 0.357775446
702614 2614.000000 17758100002614000 0.130820528 0.096179218 -0.085421616 0.390677722
702615 2615.000000 17758100002615000 0.132360682 0.096445327 -0.066339812 0.445732768
702616 2616.000000 17758100002616000 0.133773118 0.096109315 -0.053225485 0.442769099
702617 2617.000000 17758100002617000 0.135052264 0.096087240 -0.038923169 0.421143721
702618 2618.000000 17758100002618000 0.136193082 0.095854296 -0.021070596 0.463007998
702619 2619.000000 17758100002619000 0.137191057 0.096187712 0.000089319 0.443589926
702620 2620.000000 17758100002620000 0.138042256 0.096018717 0.006701350 0.444915109
702621 2621.000000 17758100002621000 0.138743326 0.096071006 0.036577026 0.429056753
702622 2622.000000 17758100002622000 0.139291495 0.096014811 0.041411922 0.431596062
702623 2623.000000 17758100002623000 0.139684588 0.096479272 0.066375682 0.416357093
702624 2624.000000 17758100002624000 0.139921069 0.096293172 0.076251335 0.394514798
702625 2625.000000 17758100002625000 0.140000001 0.096307976 0.085447543 0.400507685
702626 2626.000000 17758100002626000 0.139921069 0.096409374 0.102663503 0.407318576
702627 2627.000000 17758100002627000 0.139684588 0.096642502 0.115578954 0.380143133
702628 2628.000000 17758100002628000 0.139291495 0.096875541 0.128773959 0.386549776
702629 2629.000000 17758100002629000 0.138743326 0.096689893 0.138304899 0.355186578
702630 2630.000000 17758100002630000 0.138042256 0.097352225 0.151008657 0.307082512
702631 2631.000000 17758100002631000 0.137191057 0.096870418 0.167108193 0.295581395
702632 2632.000000 17758100002632000 0.136193082 0.097487614 0.174527461 0.321342470
702633 2633.000000 17758100002633000 0.135052264 0.097498056 0.179806770 0.276413336
702634 2634.000000 17758100002634000 0.133773118 0.098084703 0.190858361 0.231092991
702635 2635.000000 17758100002635000 0.132360682 0.097752091 0.189926867 0.256092957
702636 2636.000000 17758100002636000 0.130820528 0.097931314 0.204287417 0.215229194
702637 2637.000000 17758100002637000 0.129158750 0.098626304 0.216278973 0.199145781
702638 2638.000000 17758100002638000 0.127381891 0.098658658 0.220443842 0.201467402
702639 2639.000000 17758100002639000 0.125496954 0.099240571 0.231387615 0.115156516
702640 2640.000000 17758100002640000 0.123511411 0.099295257 0.228996640 0.106006318
702641 2641.000000 17758100002641000 0.121433072 0.099242842 0.238999189 0.072613157
702642 2642.000000 17758100002642000 0.119270146 0.099569012 0.242564070 0.017934373
702643 2643.000000 17758100002643000 0.117031172 0.099476127 0.248184628 0.011415531
702644 2644.000000 17758100002644000 0.114724979 0.100094233 0.247000061 -0.013754817
702645 2645.000000 17758100002645000 0.112360679 0.100491441 0.245179417 -0.011843259
702646 2646.000000 17758100002646000 0.109947592 0.100569885 0.237076570 -0.023248843
702647 2647.000000 17758100002647000 0.107495256 0.100670581 0.240255930 -0.107035422
702648 2648.000000 17758100002648000 0.105013326 0.101098469 0.240040998 -0.106163639
702649 2649.000000 17758100002649000 0.102511622 0.101232867 0.234923664 -0.141530369
702650 2650.000000 17758100002650000 0.100000001 0.101334270 0.229980762 -0.141905508
702651 2651.000000 17758100002651000 0.097488381 0.101790527 0.223933949 -0.197782860
702652 2652.000000 17758100002652000 0.094986670 0.101794308 0.212422394 -0.198626527
702653 2653.000000 17758100002653000 0.092504747 0.102108125 0.218431086 -0.231444599
702654 2654.000000 17758100002654000 0.090052404 0.102285264 0.202941202 -0.269859908
702655 2655.000000 17758100002655000 0.087639317 0.102371840 0.192923248 -0.293303460
702656 2656.000000 17758100002656000 0.085275017 0.102637062 0.174291072 -0.276174609
702657 2657.000000 17758100002657000 0.082968831 0.102610799 0.168050453 -0.323439192
702658 2658.000000 17758100002658000 0.080729850 0.102933044 0.161418769 -0.309968447
702659 2659.000000 17758100002659000 0.078566931 0.102988859 0.150073508 -0.355050332
702660 2660.000000 17758100002660000 0.076488592 0.103172494 0.140415399 -0.385067141
702661 2661.000000 17758100002661000 0.074503042 0.103437239 0.122213211 -0.379867596
702662 2662.000000 17758100002662000 0.072618119 0.103352926 0.112318521 -0.385886741
702663 2663.000000 17758100002663000 0.070841253 0.103661611 0.090370546 -0.407743409
702664 2664.000000 17758100002664000 0.069179468 0.103825604 0.087449669 -0.354658317
702665 2665.000000 17758100002665000 0.067639321 0.103664946 0.073857098 -0.415395997
702666 2666.000000 17758100002666000 0.066226885 0.104032087 0.045382268 -0.441542083
702667 2667.000000 17758100002667000 0.064947732 0.103999300 0.030857606 -0.444098593
702668 2668.000000 17758100002668000 0.063806921 0.104073527 0.021250921 -0.422235497
702669 2669.000000 17758100002669000 0.062808938 0.103851914 0.009913072 -0.430816982
702670 2670.000000 17758100002670000 0.061957739 0.103495947 -0.001113510 -0.431073002
702671 2671.000000 17758100002671000 0.061256673 0.103711040 -0.020267173 -0.438327113
702672 2672.000000 17758100002672000 0.060708512 0.104062166 -0.034159414 -0.430573325
702673 2673.000000 17758100002673000 0.060315412 0.103675419 -0.054684372 -0.455082529
702674 2674.000000 17758100002674000 0.060078930 0.103539403 -0.066575077 -0.430699827
702675 2675.000000 17758100002675000 0.059999999 0.103633881 -0.076462982 -0.422687061
702676 2676.000000 17758100002676000 0.060078930 0.103483942 -0.099161685 -0.412747520
702677 2677.000000 17758100002677000 0.060315412 0.103510704 -0.113760390 -0.388250579
702678 2678.000000 17758100002678000 0.060708512 0.103186231 -0.129571119 -0.340434719
702679 2679.000000 17758100002679000 0.061256673 0.103089827 -0.139373450 -0.324021082
702680 2680.000000 17758100002680000 0.061957739 0.103267994 -0.161371449 -0.318865026
702681 2681.000000 17758100002681000 0.062808938 0.102762001 -0.164150862 -0.329729554
702682 2682.000000 17758100002682000 0.063806921 0.102549147 -0.181666288 -0.278876992
702683 2683.000000 17758100002683000 0.064947732 0.102145307 -0.191663120 -0.279642866
702684 2684.000000 17758100002684000 0.066226885 0.102206799 -0.192496806 -0.270036479
702685 2685.000000 17758100002685000 0.067639321 0.102094237 -0.197090979 -0.232868220
702686 2686.000000 17758100002686000 0.069179468 0.101684445 -0.211838385 -0.232587516
702687 2687.000000 17758100002687000 0.070841253 0.101396237 -0.216852067 -0.209555200
702688 2688.000000 17758100002688000 0.072618119 0.101309896 -0.215146867 -0.178967240
702689 2689.000000 17758100002689000 0.074503042 0.101204143 -0.226771350 -0.185439439
702690 2690.000000 17758100002690000 0.076488592 0.101020410 -0.232486980 -0.087671101
702691 2691.000000 17758100002691000 0.078566931 0.100640012 -0.243523892 -0.062029415
702692 2692.000000 17758100002692000 0.080729850 0.100758932 -0.237208821 -0.067525854
702693 2693.000000 17758100002693000 0.082968831 0.099961342 -0.247680208 -0.030527474
702694 2694.000000 17758100002694000 0.085275017 0.100181225 -0.247488781 -0.016663612
702695 2695.000000 17758100002695000 0.087639317 0.099638619 -0.254118044 0.010005469
702696 2696.000000 17758100002696000 0.090052404 0.099324600 -0.242209334 0.060438556
702697 2697.000000 17758100002697000 0.092504747 0.099147625 -0.251889284 0.094528225
702698 2698.000000 17758100002698000 0.094986670 0.099161244 -0.249456196 0.128473719
702699 2699.000000 17758100002699000 0.097488381 0.098770440 -0.223416579 0.133627912
702700 2700.000000 17758100002700000 0.100000001 0.098294663 -0.229930361 0.143224851
702701 2701.000000 17758100002701000 0.102511622 0.098336350 -0.230138427 0.182259703
702702 2702.000000 17758100002702000 0.105013326 0.097878169 -0.218480046 0.177213123
702703 2703.000000 17758100002703000 0.107495256 0.097841725 -0.211688579 0.224264931
702704 2704.000000 17758100002704000 0.109947592 0.097639426 -0.210559631 0.270397535
702705 2705.000000 17758100002705000 0.112360679 0.097378949 -0.194452437 0.294765694
702706 2706.000000 17758100002706000 0.114724979 0.096922879 -0.184015951 0.292071695
702707 2707.000000 17758100002707000 0.117031172 0.097010859 -0.172930786 0.322934942
702708 2708.000000 17758100002708000 0.119270146 0.097022091 -0.144528792 0.338415948
702709 2709.000000 17758100002709000 0.121433072 0.096638202 -0.155725948 0.389662921
702710 2710.000000 17758100002710000 0.123511411 0.096746966 -0.139615347 0.341413809
702711 2711.000000 17758100002711000 0.125496954 0.096458204 -0.127713191 0.334968528
702712 2712.000000 17758100002712000 0.127381891 0.096361790 -0.105949744 0.408407763
702713 2713.000000 17758100002713000 0.129158750 0.096273085 -0.094460441 0.391889908
702714 2714.000000 17758100002714000 0.130820528 0.096511228 -0.083813214 0.389694644
702715 2715.000000 17758100002715000 0.132360682 0.096443692 -0.064331163 0.397215623
702716 2716.000000 17758100002716000 0.133773118 0.096256245 -0.049837123 0.395126544
702717 2717.000000 17758100002717000 0.135052264 0.096049363 -0.038225213 0.408510383
702718 2718.000000 17758100002718000 0.136193082 0.096193613 -0.025614318 0.411651447
702719 2719.000000 17758100002719000 0.137191057 0.096050025 -0.005308994 0.421093090
702720 2720.000000 17758100002720000 0.138042256 0.096426276 0.004904364 0.425707077
702721 2721.000000 17758100002721000 0.138743326 0.096180686 0.027535250 0.440406006
702722 2722.000000 17758100002722000 0.139291495 0.095984977 0.036839920 0.449639664
702723 2723.000000 17758100002723000 0.139684588 0.096209535 0.060718264 0.429837412
702724 2724.000000 17758100002724000 0.139921069 0.096172888 0.071916359 0.418072692
702725 2725.000000 17758100002725000 0.140000001 0.096303114 0.087193514 0.396600339
702726 2726.000000 17758100002726000 0.139921069 0.096527792 0.099316496 0.420750439
702727 2727.000000 17758100002727000 0.139684588 0.096552848 0.107425023 0.373429784
702728 2728.000000 17758100002728000 0.139291495 0.096705525 0.126599248 0.378785224
702729 2729.000000 17758100002729000 0.138743326 0.097176986 0.146803258 0.361769639
702730 2730.000000 17758100002730000 0.138042256 0.097107508 0.159429302 0.329551026
702731 2731.000000 17758100002731000 0.137191057 0.097224439 0.160483693 0.336463917
702732 2732.000000 17758100002732000 0.136193082 0.097624829 0.174024461 0.308463665
702733 2733.000000 17758100002733000 0.135052264 0.097612000 0.179407249 0.305328213
702734 2734.000000 17758100002734000 0.133773118 0.097994296 0.199142299 0.215126322
702735 2735.000000 17758100002735000 0.132360682 0.098144236 0.211173499 0.258827166
702736 2736.000000 17758100002736000 0.130820528 0.098212831 0.203078862 0.239421762
702737 2737.000000 17758100002737000 0.129158750 0.097950561 0.225864788 0.171178081
702738 2738.000000 17758100002738000 0.127381891 0.098644829 0.221383084 0.159518511
702739 2739.000000 17758100002739000 0.125496954 0.099099413 0.213657955 0.132930285
702740 2740.000000 17758100002740000 0.123511411 0.099130992 0.240550274 0.147298689
702741 2741.000000 17758100002741000 0.121433072 0.099406151 0.246267392 0.073346516
702742 2742.000000 17758100002742000 0.119270146 0.099279106 0.239381048 0.055002408
702743 2743.000000 17758100002743000 0.117031172 0.100056577 0.238249338 0.073557027
702744 2744.000000 17758100002744000 0.114724979 0.100035698 0.240292518 0.024227926
702745 2745.000000 17758100002745000 0.112360679 0.100093472 0.239268707 -0.032928380
702746 2746.000000 17758100002746000 0.109947592 0.100565071 0.244756720 -0.063959429
702747 2747.000000 17758100002747000 0.107495256 0.100835751 0.242311351 -0.082161304
702748 2748.000000 17758100002748000 0.105013326 0.101079190 0.242733382 -0.108848476
702749 2749.000000 17758100002749000 0.102511622 0.101253618 0.243303189 -0.139251774
702750 2750.000000 17758100002750000 0.100000001 0.101500682 0.232071345 -0.130431852
702751 2751.000000 17758100002751000 0.097488381 0.101831292 0.216903405 -0.196121547
702752 2752.000000 17758100002752000 0.094986670 0.102006671 0.208855273 -0.221649968
702753 2753.000000 17758100002753000 0.092504747 0.102115818 0.201593150 -0.265537390
702754 2754.000000 17758100002754000 0.090052404 0.101988491 0.193841613 -0.254632171
702755 2755.000000 17758100002755000 0.087639317 0.102389046 0.190037352 -0.267740093
702756 2756.000000 17758100002756000 0.085275017 0.102162288 0.177670663 -0.301435019
702757 2757.000000 17758100002757000 0.082968831 0.102669811 0.174009332 -0.333730528
702758 2758.000000 17758100002758000 0.080729850 0.103152288 0.164396345 -0.307217450
702759 2759.000000 17758100002759000 0.078566931 0.103218798 0.140139475 -0.331441896
702760 2760.000000 17758100002760000 0.076488592 0.103497294 0.140882179 -0.391202712
702761 2761.000000 17758100002761000 0.074503042 0.103710119 0.119540762 -0.374434057
702762 2762.000000 17758100002762000 0.072618119 0.103662792 0.112628714 -0.356344728
702763 2763.000000 17758100002763000 0.070841253 0.103363966 0.090054330 -0.391403731
702764 2764.000000 17758100002764000 0.069179468 0.103682946 0.084074888 -0.429771975
702765 2765.000000 17758100002765000 0.067639321 0.103893643 0.061927799 -0.432769030
702766 2766.000000 17758100002766000 0.066226885 0.103711612 0.050621512 -0.402897626
702767 2767.000000 17758100002767000 0.064947732 0.104028627 0.036220052 -0.398887839
702768 2768.000000 17758100002768000 0.063806921 0.103914982 0.026863125 -0.478848181
702769 2769.000000 17758100002769000 0.062808938 0.103706826 0.012669708 -0.435797669
702770 2770.000000 17758100002770000 0.061957739 0.104108661 -0.012031334 -0.393384718
702771 2771.000000 17758100002771000 0.061256673 0.104238116 -0.023189543 -0.393660607
702772 2772.000000 17758100002772000 0.060708512 0.103997843 -0.039585530 -0.407745805
702773 2773.000000 17758100002773000 0.060315412 0.103983345 -0.057510591 -0.432887300
702774 2774.000000 17758100002774000 0.060078930 0.103914619 -0.073404438 -0.393581088
702775 2775.000000 17758100002775000 0.059999999 0.103720843 -0.084523812 -0.402643577
702776 2776.000000 17758100002776000 0.060078930 0.103663314 -0.102377657 -0.382370065
702777 2777.000000 17758100002777000 0.060315412 0.103196246 -0.102159034 -0.381183055
702778 2778.000000 17758100002778000 0.060708512 0.103594068 -0.127060733 -0.404044799
702779 2779.000000 17758100002779000 0.061256673 0.103262633 -0.136599609 -0.335195362
702780 2780.000000 17758100002780000 0.061957739 0.102955702 -0.158593995 -0.274648319
702781 2781.000000 17758100002781000 0.062808938 0.103038142 -0.163672045 -0.301949921
702782 2782.000000 17758100002782000 0.063806921 0.102641376 -0.166153379 -0.290021119
702783 2783.000000 17758100002783000 0.064947732 0.102428444 -0.190145733 -0.258847877
702784 2784.000000 17758100002784000 0.066226885 0.102039302 -0.201862013 -0.269660720
702785 2785.000000 17758100002785000 0.067639321 0.101842888 -0.199986536 -0.247061631
702786 2786.000000 17758100002786000 0.069179468 0.101889987 -0.211650503 -0.175942337
702787 2787.000000 17758100002787000 0.070841253 0.101400883 -0.217675780 -0.180123618
702788 2788.000000 17758100002788000 0.072618119 0.101225095 -0.213552491 -0.166298339
702789 2789.000000 17758100002789000 0.074503042 0.100819198 -0.234354266 -0.133039549
702790 2790.000000 17758100002790000 0.076488592 0.100851123 -0.237068995 -0.111677525
702791 2791.000000 17758100002791000 0.078566931 0.100886787 -0.235938813 -0.114684335
702792 2792.000000 17758100002792000 0.080729850 0.100215491 -0.235469421 -0.032027112
702793 2793.000000 17758100002793000 0.082968831 0.100272695 -0.241656851 -0.033153053
702794 2794.000000 17758100002794000 0.085275017 0.100184059 -0.244513300 -0.004568710
702795 2795.000000 17758100002795000 0.087639317 0.099808890 -0.246934943 0.046366388
702796 2796.000000 17758100002796000 0.090052404 0.099218836 -0.246530270 0.064084956
702797 2797.000000 17758100002797000 0.092504747 0.099392123 -0.252876186 0.065566351
702798 2798.000000 17758100002798000 0.094986670 0.099159576 -0.241734572 0.112136223
702799 2799.000000 17758100002799000 0.097488381 0.098592560 -0.225195288 0.128286584
702800 2800.000000 17758100002800000 0.100000001 0.098481990 -0.230418933 0.123959071
702801 2801.000000 17758100002801000 0.102511622 0.098175278 -0.218452733 0.164187562
702802 2802.000000 17758100002802000 0.105013326 0.098056247 -0.214381306 0.237793141
702803 2803.000000 17758100002803000 0.107495256 0.097813474 -0.210510785 0.212696079
702804 2804.000000 17758100002804000 0.109947592 0.097424370 -0.205650098 0.292259506
702805 2805.000000 17758100002805000 0.112360679 0.097462145 -0.193468180 0.284039591
702806 2806.000000 17758100002806000 0.114724979 0.097275831 -0.184544712 0.289091095
702807 2807.000000 17758100002807000 0.117031172 0.097170946 -0.164304072 0.345958705
702808 2808.000000 17758100002808000 0.119270146 0.097301661 -0.154347454 0.332232335
702809 2809.000000 17758100002809000 0.121433072 0.097259334 -0.156629664 0.347177988
702810 2810.000000 17758100002810000 0.123511411 0.096747970 -0.126525785 0.367212960
702811 2811.000000 17758100002811000 0.125496954 0.096601378 -0.121895458 0.366680894
702812 2812.000000 17758100002812000 0.127381891 0.096526354 -0.105742430 0.395533015
702813 2813.000000 17758100002813000 0.129158750 0.096512027 -0.083115918 0.388788510
702814 2814.000000 17758100002814000 0.130820528 0.096336231 -0.084392473 0.397964336
702815 2815.000000 17758100002815000 0.132360682 0.095968476 -0.065204153 0.400545287
702816 2816.000000 17758100002816000 0.133773118 0.095940146 -0.058795708 0.431915509
702817 2817.000000 17758100002817000 0.135052264 0.096307228 -0.036103775 0.419824235
702818 2818.000000 17758100002818000 0.136193082 0.095897068 -0.020358781 0.447004888
702819 2819.000000 17758100002819000 0.137191057 0.096224426 -0.004419145 0.424313217
702820 2820.000000 17758100002820000 0.138042256 0.096159945 0.014029898 0.410914166
702821 2821.000000 17758100002821000 0.138743326 0.095873550 0.030560607 0.430480509
702822 2822.000000 17758100002822000 0.139291495 0.096480822 0.043254818 0.426505446
702823 2823.000000 17758100002823000 0.139684588 0.096342870 0.055345054 0.423827223
702824 2824.000000 17758100002824000 0.139921069 0.096187076 0.065923062 0.428367093
702825 2825.000000 17758100002825000 0.140000001 0.095931755 0.085245195 0.385715429
702826 2826.000000 17758100002826000 0.139921069 0.096469816 0.099395951 0.375612010
702827 2827.000000 17758100002827000 0.139684588 0.096355524 0.109820352 0.391647573
702828 2828.000000 17758100002828000 0.139291495 0.096676024 0.121055767 0.365767378
702829 2829.000000 17758100002829000 0.138743326 0.097071010 0.134874587 0.340395049
702830 2830.000000 17758100002830000 0.138042256 0.096988855 0.143843988 0.334119489
702831 2831.000000 17758100002831000 0.137191057 0.097437822 0.169364989 0.287938265
702832 2832.000000 17758100002832000 0.136193082 0.097205482 0.179057927 0.287872858
702833 2833.000000 17758100002833000 0.135052264 0.097470052 0.182699361 0.294455304
702834 2834.000000 17758100002834000 0.133773118 0.097730062 0.194699519 0.255903486
702835 2835.000000 17758100002835000 0.132360682 0.097888958 0.196880411 0.246772109
702836 2836.000000 17758100002836000 0.130820528 0.098031815 0.214696702 0.235699922
702837 2837.000000 17758100002837000 0.129158750 0.098085383 0.227648298 0.210986543
702838 2838.000000 17758100002838000 0.127381891 0.098799718 0.220380287 0.152544608
702839 2839.000000 17758100002839000 0.125496954 0.098674670 0.222839254 0.165710362
702840 2840.000000 17758100002840000 0.123511411 0.098836037 0.242121355 0.115320272
702841 2841.000000 17758100002841000 0.121433072 0.099516156 0.238844027 0.094805576
702842 2842.000000 17758100002842000 0.119270146 0.099742275 0.250209949 0.036637900
702843 2843.000000 17758100002843000 0.117031172 0.100036209 0.241286708 0.038277128
702844 2844.000000 17758100002844000 0.114724979 0.100074515 0.258978239 -0.014962086
702845 2845.000000 17758100002845000 0.112360679 0.099966048 0.243403193 -0.004425034
702846 2846.000000 17758100002846000 0.109947592 0.100946796 0.237249038 -0.026816642
702847 2847.000000 17758100002847000 0.107495256 0.100943193 0.244896181 -0.096254925
702848 2848.000000 17758100002848000 0.105013326 0.100606593 0.243400041 -0.134804588
702849 2849.000000 17758100002849000 0.102511622 0.101439178 0.232049255 -0.113947422
702850 2850.000000 17758100002850000 0.100000001 0.101430467 0.231839114 -0.158635321
702851 2851.000000 17758100002851000 0.097488381 0.101651937 0.219512291 -0.181869066
702852 2852.000000 17758100002852000 0.094986670 0.101596196 0.215782886 -0.202311557
702853 2853.000000 17758100002853000 0.092504747 0.102392289 0.220556238 -0.264631571
702854 2854.000000 17758100002854000 0.090052404 0.102599542 0.199196567 -0.229221714
702855 2855.000000 17758100002855000 0.087639317 0.102503473 0.184410206 -0.286203123
702856 2856.000000 17758100002856000 0.085275017 0.102578658 0.184184837 -0.256276035
702857 2857.000000 17758100002857000 0.082968831 0.102846928 0.164616093 -0.322738703
702858 2858.000000 17758100002858000 0.080729850 0.103238293 0.165861203 -0.349970272
702859 2859.000000 17758100002859000 0.078566931 0.103330601 0.148515953 -0.364736128
702860 2860.000000 17758100002860000 0.076488592 0.103308367 0.124680915 -0.353023014
702861 2861.000000 17758100002861000 0.074503042 0.103345340 0.122068897 -0.379985759
702862 2862.000000 17758100002862000 0.072618119 0.103672653 0.105490377 -0.369652413
702863 2863.000000 17758100002863000 0.070841253 0.103183668 0.097691945 -0.408878917
702864 2864.000000 17758100002864000 0.069179468 0.103694785 0.079741889 -0.404257062
702865 2865.000000 17758100002865000 0.067639321 0.103754442 0.069904513 -0.424117894
702866 2866.000000 17758100002866000 0.066226885 0.103848100 0.049975913 -0.396700030
702867 2867.000000 17758100002867000 0.064947732 0.103936578 0.030268240 -0.448828302
702868 2868.000000 17758100002868000 0.063806921 0.103653940 0.023712795 -0.458706091
702869 2869.000000 17758100002869000 0.062808938 0.103652327 0.008768968 -0.432119393
702870 2870.000000 17758100002870000 0.061957739 0.103955667 -0.014104540 -0.399931830
702871 2871.000000 17758100002871000 0.061256673 0.103716035 -0.032466236 -0.457503549
702872 2872.000000 17758100002872000 0.060708512 0.103890922 -0.037660521 -0.426591829
702873 2873.000000 17758100002873000 0.060315412 0.103885247 -0.056771952 -0.411816068
702874 2874.000000 17758100002874000 0.060078930 0.103836843 -0.072340977 -0.431344840
702875 2875.000000 17758100002875000 0.059999999 0.103640401 -0.084950584 -0.394155199
702876 2876.000000 17758100002876000 0.060078930 0.103430595 -0.097403358 -0.399541324
702877 2877.000000 17758100002877000 0.060315412 0.103498577 -0.109677283 -0.380411981
702878 2878.000000 17758100002878000 0.060708512 0.103112448 -0.128327819 -0.360421274
702879 2879.000000 17758100002879000 0.061256673 0.102916073 -0.139371424 -0.325232637
702880 2880.000000 17758100002880000 0.061957739 0.103312324 -0.154309165 -0.337401418
702881 2881.000000 17758100002881000 0.062808938 0.103066587 -0.160959070 -0.308866040
702882 2882.000000 17758100002882000 0.063806921 0.102770953 -0.175155621 -0.303535015
702883 2883.000000 17758100002883000 0.064947732 0.102358150 -0.181141308 -0.294044585
702884 2884.000000 17758100002884000 0.066226885 0.102726966 -0.208252883 -0.277115947
702885 2885.000000 17758100002885000 0.067639321 0.101975795 -0.201742939 -0.214183877
702886 2886.000000 17758100002886000 0.069179468 0.101750169 -0.213318466 -0.247780718
702887 2887.000000 17758100002887000 0.070841253 0.101527799 -0.223402130 -0.210038086
702888 2888.000000 17758100002888000 0.072618119 0.101233888 -0.220403919 -0.138529415
702889 2889.000000 17758100002889000 0.074503042 0.101318579 -0.224208837 -0.122080865
702890 2890.000000 17758100002890000 0.076488592 0.100940542 -0.232306616 -0.118272780
702891 2891.000000 17758100002891000 0.078566931 0.100840221 -0.233841791 -0.052969795
702892 2892.000000 17758100002892000 0.080729850 0.100480214 -0.242363389 -0.083404039
702893 2893.000000 17758100002893000 0.082968831 0.099867390 -0.249645555 -0.082153060
702894 2894.000000 17758100002894000 0.085275017 0.099931865 -0.236726361 -0.013879388
702895 2895.000000 17758100002895000 0.087639317 0.099831466 -0.246624147 0.016338145
702896 2896.000000 17758100002896000 0.090052404 0.099601527 -0.250045157 0.081635454
702897 2897.000000 17758100002897000 0.092504747 0.099184333 -0.245263337 0.066046087
702898 2898.000000 17758100002898000 0.094986670 0.098798836 -0.237665376 0.080739853
702899 2899.000000 17758100002899000 0.097488381 0.098747629 -0.225892741 0.144094717
702900 2900.000000 17758100002900000 0.100000001 0.098682396 -0.234279588 0.164490831
702901 2901.000000 17758100002901000 0.102511622 0.098280413 -0.225801857 0.164300717
702902 2902.000000 17758100002902000 0.105013326 0.098406982 -0.218722360 0.189016677
702903 2903.000000 17758100002903000 0.107495256 0.098055614 -0.209362781 0.233590470
702904 2904.000000 17758100002904000 0.109947592 0.097729575 -0.199186399 0.239172862
702905 2905.000000 17758100002905000 0.112360679 0.097647696 -0.187588645 0.283674554
702906 2906.000000 17758100002906000 0.114724979 0.097061279 -0.193215497 0.280433577
702907 2907.000000 17758100002907000 0.117031172 0.097172576 -0.172352022 0.310937582
702908 2908.000000 17758100002908000 0.119270146 0.097265153 -0.152638735 0.348752884
702909 2909.000000 17758100002909000 0.121433072 0.096582325 -0.149547140 0.349726300
702910 2910.000000 17758100002910000 0.123511411 0.096736768 -0.132751652 0.381428782
702911 2911.000000 17758100002911000 0.125496954 0.096489858 -0.130601047 0.345348091
702912 2912.000000 17758100002912000 0.127381891 0.096372946 -0.104801922 0.380027360
702913 2913.000000 17758100002913000 0.129158750 0.096418936 -0.086726596 0.414076275
702914 2914.000000 17758100002914000 0.130820528 0.096013650 -0.086843952 0.420617278
702915 2915.000000 17758100002915000 0.132360682 0.096081669 -0.075217073 0.401714363
702916 2916.000000 17758100002916000 0.133773118 0.096244984 -0.052988100 0.428625154
702917 2917.000000 17758100002917000 0.135052264 0.096054889 -0.036587829 0.388825301
702918 2918.000000 17758100002918000 0.136193082 0.096067934 -0.011145108 0.453641860
702919 2919.000000 17758100002919000 0.137191057 0.096197997 -0.005694858 0.413432034
702920 2920.000000 17758100002920000 0.138042256 0.096005358 0.002934388 0.439588717
702921 2921.000000 17758100002921000 0.138743326 0.095943112 0.021714501 0.439767602
702922 2922.000000 17758100002922000 0.139291495 0.096167629 0.046380885 0.419427389
702923 2923.000000 17758100002923000 0.139684588 0.096282339 0.049109905 0.400442220
702924 2924.000000 17758100002924000 0.139921069 0.096187617 0.072741823 0.401957797
702925 2925.000000 17758100002925000 0.140000001 0.096670304 0.085349609 0.377152358
702926 2926.000000 17758100002926000 0.139921069 0.096564956 0.101181605 0.412470287
702927 2927.000000 17758100002927000 0.139684588 0.096626691 0.115253766 0.389038106
702928 2928.000000 17758100002928000 0.139291495 0.096996562 0.118119251 0.364247743
702929 2929.000000 17758100002929000 0.138743326 0.096845891 0.141926785 0.370641364
702930 2930.000000 17758100002930000 0.138042256 0.096808201 0.145015130 0.339802384
702931 2931.000000 17758100002931000 0.137191057 0.097384034 0.159446418 0.363884362
702932 2932.000000 17758100002932000 0.136193082 0.097417469 0.173976915 0.264840672
702933 2933.000000 17758100002933000 0.135052264 0.097270380 0.181607925 0.256881162
702934 2934.000000 17758100002934000 0.133773118 0.097694889 0.197335626 0.235455311
702935 2935.000000 17758100002935000 0.132360682 0.097849843 0.213665195 0.231767655
702936 2936.000000 17758100002936000 0.130820528 0.097732242 0.211983681 0.229320509
702937 2937.000000 17758100002937000 0.129158750 0.098776088 0.220958987 0.196700748
702938 2938.000000 17758100002938000 0.127381891 0.098422881 0.232443180 0.137779504
702939 2939.000000 17758100002939000 0.125496954 0.098933971 0.236732153 0.129349718
702940 2940.000000 17758100002940000 0.123511411 0.098995506 0.229309118 0.131932618
702941 2941.000000 17758100002941000 0.121433072 0.099154653 0.230265196 0.070080688
702942 2942.000000 17758100002942000 0.119270146 0.099660889 0.237086979 0.066533522
702943 2943.000000 17758100002943000 0.117031172 0.099544231 0.237041663 0.075120000
702944 2944.000000 17758100002944000 0.114724979 0.099956038 0.246459638 -0.019138474
702945 2945.000000 17758100002945000 0.112360679 0.100132851 0.233978201 -0.033551635
702946 2946.000000 17758100002946000 0.109947592 0.100645470 0.245268521 -0.033840882
702947 2947.000000 17758100002947000 0.107495256 0.100761469 0.238172768 -0.126881622
702948 2948.000000 17758100002948000 0.105013326 0.100910563 0.241514626 -0.073356047
702949 2949.000000 17758100002949000 0.102511622 0.101232755 0.231164421 -0.133055517
702950 2950.000000 17758100002950000 0.100000001 0.101720005 0.235088675 -0.180690289
702951 2951.000000 17758100002951000 0.097488381 0.101699938 0.225729191 -0.182488274
702952 2952.000000 17758100002952000 0.094986670 0.101737380 0.218779752 -0.213809843
702953 2953.000000 17758100002953000 0.092504747 0.102040764 0.203888629 -0.218135509
702954 2954.000000 17758100002954000 0.090052404 0.102846096 0.201577970 -0.294348611
702955 2955.000000 17758100002955000 0.087639317 0.102702715 0.189143716 -0.322735797
702956 2956.000000 17758100002956000 0.085275017 0.102852396 0.178797547 -0.292361205
702957 2957.000000 17758100002957000 0.082968831 0.102788727 0.167560344 -0.345012147
702958 2958.000000 17758100002958000 0.080729850 0.102770043 0.160884283 -0.328753857
702959 2959.000000 17758100002959000 0.078566931 0.103669842 0.142681092 -0.360470626
702960 2960.000000 17758100002960000 0.076488592 0.103607071 0.139949864 -0.367271714
702961 2961.000000 17758100002961000 0.074503042 0.103595198 0.133233434 -0.385230904
702962 2962.000000 17758100002962000 0.072618119 0.103261594 0.108982362 -0.394437877
702963 2963.000000 17758100002963000 0.070841253 0.103725999 0.099190813 -0.417094244
702964 2964.000000 17758100002964000 0.069179468 0.103722366 0.074120860 -0.387650742
702965 2965.000000 17758100002965000 0.067639321 0.103461305 0.070164646 -0.443703015
702966 2966.000000 17758100002966000 0.066226885 0.103812677 0.053625743 -0.410765247
702967 2967.000000 17758100002967000 0.064947732 0.104124254 0.042821017 -0.421130810
702968 2968.000000 17758100002968000 0.063806921 0.103850165 0.027590176 -0.453326485
702969 2969.000000 17758100002969000 0.062808938 0.103911824 0.014777623 -0.428494766
702970 2970.000000 17758100002970000 0.061957739 0.103883231 -0.004732218 -0.460098229
702971 2971.000000 17758100002971000 0.061256673 0.103967815 -0.027770319 -0.417075776
702972 2972.000000 17758100002972000 0.060708512 0.103918861 -0.033644960 -0.443279056
702973 2973.000000 17758100002973000 0.060315412 0.103532220 -0.053602090 -0.487453907
702974 2974.000000 17758100002974000 0.060078930 0.103500659 -0.072300811 -0.388603092
702975 2975.000000 17758100002975000 0.059999999 0.103542568 -0.081977714 -0.387451566
702976 2976.000000 17758100002976000 0.060078930 0.103490096 -0.096014632 -0.358692861
702977 2977.000000 17758100002977000 0.060315412 0.103357991 -0.105975149 -0.375371292
702978 2978.000000 17758100002978000 0.060708512 0.103420232 -0.133067706 -0.342522801
702979 2979.000000 17758100002979000 0.061256673 0.103232641 -0.136003103 -0.358632819
702980 2980.000000 17758100002980000 0.061957739 0.102946631 -0.152718186 -0.311509823
702981 2981.000000 17758100002981000 0.062808938 0.102831988 -0.154713120 -0.346862706
702982 2982.000000 17758100002982000 0.063806921 0.102480819 -0.175027698 -0.262963745
702983 2983.000000 17758100002983000 0.064947732 0.102614759 -0.181918878 -0.280050302
702984 2984.000000 17758100002984000 0.066226885 0.102344050 -0.191858091 -0.281753770
702985 2985.000000 17758100002985000 0.067639321 0.101930790 -0.198016417 -0.207969659
702986 2986.000000 17758100002986000 0.069179468 0.102188938 -0.208472581 -0.223769782
702987 2987.000000 17758100002987000 0.070841253 0.101806564 -0.220535554 -0.185549956
702988 2988.000000 17758100002988000 0.072618119 0.101230986 -0.220872017 -0.162844243
702989 2989.000000 17758100002989000 0.074503042 0.100964216 -0.232889165 -0.144761592
702990 2990.000000 17758100002990000 0.076488592 0.101258216 -0.227727758 -0.081898830
702991 2991.000000 17758100002991000 0.078566931 0.101059414 -0.249562911 -0.063558373
702992 2992.000000 17758100002992000 0.080729850 0.100307801 -0.245459152 -0.044685643
702993 2993.000000 17758100002993000 0.082968831 0.100256631 -0.242891362 -0.049661235
702994 2994.000000 17758100002994000 0.085275017 0.099943392 -0.250502320 -0.004332412
702995 2995.000000 17758100002995000 0.087639317 0.099598253 -0.241843889 0.048019735
702996 2996.000000 17758100002996000 0.090052404 0.099575486 -0.239305352 0.026763043
702997 2997.000000 17758100002997000 0.092504747 0.099305705 -0.241718737 0.075098593
702998 2998.000000 17758100002998000 0.094986670 0.099106561 -0.235120292 0.129243063
702999 2999.000000 17758100002999000 0.097488381 0.098621700 -0.242274183 0.153115106
