# SYNTHETIC PLACEHOLDER — replace with real WMX3 CoreMotion Data Log
# profile=step backend=newton dt=0.001s seed=20260820
# MotorParams kp=10.996398718882114 ki=1.1930162194347773 kd=0.8556416451823275 integral_max=4.437985730220815 effort_limit=5.193511737418461 inertia=0.028188008953187953 viscous=0.024485211102482668 coulomb=0.0006373491469474279 delay_steps=2
CYCLE TIME SYSTEM_TIME CMDPOS0 FBKPOS0 FBKVEL0 FBKTRQ0
300000 0.000000 17758100000000000 0.000000000 -0.000223549 0.007523256 0.002268764
300001 1.000000 17758100000001000 0.000000000 -0.000061367 0.003960737 0.014279051
300002 2.000000 17758100000002000 0.000000000 -0.000307642 -0.003009035 -0.017559383
300003 3.000000 17758100000003000 0.000000000 -0.000096470 -0.002883487 -0.004288235
300004 4.000000 17758100000004000 0.000000000 0.000115736 -0.013548562 -0.001521312
300005 5.000000 17758100000005000 0.000000000 0.000006076 -0.005373877 0.010334831
300006 6.000000 17758100000006000 0.000000000 0.000211481 0.001612986 0.031659142
300007 7.000000 17758100000007000 0.000000000 -0.000238183 -0.004909359 0.016381528
300008 8.000000 17758100000008000 0.000000000 0.000333099 0.002474100 -0.017398670
300009 9.000000 17758100000009000 0.000000000 0.000246806 -0.007493556 0.008550569
300010 10.000000 17758100000010000 0.000000000 -0.000078225 -0.002856587 0.001971847
300011 11.000000 17758100000011000 0.000000000 -0.000166382 0.006533526 -0.004236400
300012 12.000000 17758100000012000 0.000000000 -0.000025682 0.005080896 0.010292612
300013 13.000000 17758100000013000 0.000000000 -0.000085706 -0.007934631 0.034492026
300014 14.000000 17758100000014000 0.000000000 0.000349379 0.005226802 0.020807990
300015 15.000000 17758100000015000 0.000000000 0.000003747 0.002598032 -0.007306487
300016 16.000000 17758100000016000 0.000000000 -0.000130513 -0.000664120 -0.058504730
300017 17.000000 17758100000017000 0.000000000 0.000228950 -0.002455560 -0.015899170
300018 18.000000 17758100000018000 0.000000000 0.000281260 -0.002889474 -0.032213322
300019 19.000000 17758100000019000 0.000000000 -0.000073512 -0.002562909 -0.025805813
300020 20.000000 17758100000020000 0.000000000 -0.000061682 -0.009012103 -0.029314096
300021 21.000000 17758100000021000 0.000000000 0.000464735 0.002140828 -0.000212716
300022 22.000000 17758100000022000 0.000000000 0.000209219 -0.000841532 -0.001875093
300023 23.000000 17758100000023000 0.000000000 -0.000012521 -0.003035650 -0.018106107
300024 24.000000 17758100000024000 0.000000000 -0.000237215 0.000740567 -0.020995762
300025 25.000000 17758100000025000 0.000000000 -0.000069796 -0.000125383 -0.013935430
300026 26.000000 17758100000026000 0.000000000 -0.000399336 0.000706119 -0.009702360
300027 27.000000 17758100000027000 0.000000000 -0.000038812 0.005649655 0.014287756
300028 28.000000 17758100000028000 0.000000000 0.000100502 0.003680816 0.006272642
300029 29.000000 17758100000029000 0.000000000 -0.000102843 0.001076641 0.013818207
300030 30.000000 17758100000030000 0.000000000 0.000016141 0.001346601 -0.014555073
300031 31.000000 17758100000031000 0.000000000 0.000043339 0.009337456 0.030297438
300032 32.000000 17758100000032000 0.000000000 -0.000210822 -0.005244621 -0.004421194
300033 33.000000 17758100000033000 0.000000000 -0.000005199 0.001775983 -0.016596247
300034 34.000000 17758100000034000 0.000000000 -0.000186977 -0.003276245 -0.066443585
300035 35.000000 17758100000035000 0.000000000 -0.000295554 0.003512466 -0.011735578
300036 36.000000 17758100000036000 0.000000000 0.000327668 -0.003404570 0.006161350
300037 37.000000 17758100000037000 0.000000000 -0.000152531 -0.000685718 -0.000496680
300038 38.000000 17758100000038000 0.000000000 -0.000171368 -0.002389949 0.009590366
300039 39.000000 17758100000039000 0.000000000 -0.000017048 -0.005179522 0.021515777
300040 40.000000 17758100000040000 0.000000000 -0.000080973 0.003039498 -0.004747201
300041 41.000000 17758100000041000 0.000000000 0.000358058 0.002876825 -0.015120631
300042 42.000000 17758100000042000 0.000000000 -0.000314275 -0.003010718 0.048485715
300043 43.000000 17758100000043000 0.000000000 -0.000156266 0.005505816 -0.009931976
300044 44.000000 17758100000044000 0.000000000 0.000007967 0.000670305 0.000050625
300045 45.000000 17758100000045000 0.000000000 0.000121815 -0.012878304 -0.016992252
300046 46.000000 17758100000046000 0.000000000 0.000067626 -0.002532309 -0.013244110
300047 47.000000 17758100000047000 0.000000000 -0.000181184 0.000127457 0.041126492
300048 48.000000 17758100000048000 0.000000000 -0.000094777 0.004863317 -0.016365986
300049 49.000000 17758100000049000 0.000000000 -0.000113763 -0.002665196 0.032468791
300050 50.000000 17758100000050000 0.000000000 -0.000162867 -0.002575540 -0.003765289
300051 51.000000 17758100000051000 0.000000000 0.000264490 -0.004570214 0.004869529
300052 52.000000 17758100000052000 0.000000000 0.000174345 -0.008513990 0.032292949
300053 53.000000 17758100000053000 0.000000000 0.000056925 -0.005793805 0.018836704
300054 54.000000 17758100000054000 0.000000000 -0.000131278 0.002858947 0.017671224
300055 55.000000 17758100000055000 0.000000000 0.000439761 0.002945459 0.012415421
300056 56.000000 17758100000056000 0.000000000 -0.000003456 -0.003423397 0.020678740
300057 57.000000 17758100000057000 0.000000000 -0.000080768 0.007502513 -0.011480411
300058 58.000000 17758100000058000 0.000000000 -0.000099077 0.002461161 0.003640200
300059 59.000000 17758100000059000 0.000000000 -0.000034848 0.008814913 0.024584724
300060 60.000000 17758100000060000 0.000000000 -0.000247309 0.001674268 -0.003525287
300061 61.000000 17758100000061000 0.000000000 -0.000100073 -0.000242311 -0.005867861
300062 62.000000 17758100000062000 0.000000000 0.000363357 0.005801981 -0.003025962
300063 63.000000 17758100000063000 0.000000000 -0.000304631 -0.007038670 0.027473262
300064 64.000000 17758100000064000 0.000000000 -0.000250271 -0.000496882 0.020717162
300065 65.000000 17758100000065000 0.000000000 -0.000177180 -0.015383339 0.002513452
300066 66.000000 17758100000066000 0.000000000 0.000178543 -0.003569569 0.025691212
300067 67.000000 17758100000067000 0.000000000 -0.000066546 0.004529935 -0.017408879
300068 68.000000 17758100000068000 0.000000000 0.000113771 -0.000397879 -0.006613850
300069 69.000000 17758100000069000 0.000000000 0.000503238 -0.006556481 0.037770540
300070 70.000000 17758100000070000 0.000000000 0.000041186 -0.003021824 -0.005284468
300071 71.000000 17758100000071000 0.000000000 -0.000416195 -0.004827242 -0.030538911
300072 72.000000 17758100000072000 0.000000000 0.000059737 -0.005062345 0.016756046
300073 73.000000 17758100000073000 0.000000000 0.000323520 0.006558764 -0.030645875
300074 74.000000 17758100000074000 0.000000000 -0.000137169 -0.001671308 -0.039204486
300075 75.000000 17758100000075000 0.000000000 -0.000009913 -0.000911931 0.011007906
300076 76.000000 17758100000076000 0.000000000 -0.000064621 -0.009243494 -0.003661505
300077 77.000000 17758100000077000 0.000000000 0.000395011 -0.002664221 -0.002668843
300078 78.000000 17758100000078000 0.000000000 0.000085532 0.006876638 0.005245339
300079 79.000000 17758100000079000 0.000000000 0.000107977 0.002401393 0.020304334
300080 80.000000 17758100000080000 0.000000000 0.000018140 -0.002144143 -0.009713114
300081 81.000000 17758100000081000 0.000000000 0.000116591 0.006900622 0.021144854
300082 82.000000 17758100000082000 0.000000000 -0.000502297 0.008864806 0.013241668
300083 83.000000 17758100000083000 0.000000000 -0.000112195 0.004746593 -0.021321419
300084 84.000000 17758100000084000 0.000000000 0.000186928 -0.003512265 0.011742579
300085 85.000000 17758100000085000 0.000000000 0.000219201 0.000414921 0.000755123
300086 86.000000 17758100000086000 0.000000000 0.000002815 0.006315678 -0.002437807
300087 87.000000 17758100000087000 0.000000000 -0.000197205 -0.001605745 -0.001983066
300088 88.000000 17758100000088000 0.000000000 0.000050321 -0.001535488 0.044870104
300089 89.000000 17758100000089000 0.000000000 0.000288395 0.002576888 -0.022431201
300090 90.000000 17758100000090000 0.000000000 -0.000000229 0.004206225 -0.035475902
300091 91.000000 17758100000091000 0.000000000 -0.000282512 0.021052953 -0.000286476
300092 92.000000 17758100000092000 0.000000000 0.000254967 0.002267962 0.015209383
300093 93.000000 17758100000093000 0.000000000 -0.000185504 -0.001844103 0.009641080
300094 94.000000 17758100000094000 0.000000000 -0.000249639 -0.002877615 -0.011099113
300095 95.000000 17758100000095000 0.000000000 -0.000230345 0.004241878 -0.010390629
300096 96.000000 17758100000096000 0.000000000 -0.000187100 0.000150350 -0.010597466
300097 97.000000 17758100000097000 0.000000000 -0.000210331 0.000543716 -0.016440518
300098 98.000000 17758100000098000 0.000000000 -0.000022350 -0.003305597 0.008748771
300099 99.000000 17758100000099000 0.000000000 0.000000075 0.003758234 0.007270888
300100 100.000000 17758100000100000 0.000000000 0.000188796 0.002031683 0.005126201
300101 101.000000 17758100000101000 0.000000000 0.000501239 0.005766426 0.004523499
300102 102.000000 17758100000102000 0.000000000 -0.000267687 -0.001533558 0.009143071
300103 103.000000 17758100000103000 0.000000000 0.000175734 -0.007012626 0.005487628
300104 104.000000 17758100000104000 0.000000000 -0.000005725 -0.002902059 0.005927772
300105 105.000000 17758100000105000 0.000000000 -0.000224824 0.001983892 0.006983221
300106 106.000000 17758100000106000 0.000000000 -0.000336179 -0.002819662 0.029902857
300107 107.000000 17758100000107000 0.000000000 -0.000078483 -0.003373972 -0.024224764
300108 108.000000 17758100000108000 0.000000000 0.000222258 -0.000140863 -0.025268495
300109 109.000000 17758100000109000 0.000000000 0.000008165 0.005037332 0.002168742
300110 110.000000 17758100000110000 0.000000000 -0.000276632 -0.003026636 0.052978971
300111 111.000000 17758100000111000 0.000000000 -0.000162972 0.002847021 0.007663294
300112 112.000000 17758100000112000 0.000000000 0.000241521 -0.001549250 -0.010010539
300113 113.000000 17758100000113000 0.000000000 -0.000214110 -0.003912915 -0.016112418
300114 114.000000 17758100000114000 0.000000000 -0.000079817 0.004282576 -0.022931761
300115 115.000000 17758100000115000 0.000000000 -0.000153009 -0.003909633 0.011424624
300116 116.000000 17758100000116000 0.000000000 -0.000180377 -0.000482734 0.001131429
300117 117.000000 17758100000117000 0.000000000 -0.000003155 0.001514910 -0.018211113
300118 118.000000 17758100000118000 0.000000000 0.000075921 0.004196517 -0.013071388
300119 119.000000 17758100000119000 0.000000000 -0.000109537 0.001304343 0.007347304
300120 120.000000 17758100000120000 0.000000000 -0.000169410 -0.005155222 -0.037932009
300121 121.000000 17758100000121000 0.000000000 0.000039337 0.014367064 -0.016874220
300122 122.000000 17758100000122000 0.000000000 0.000316073 -0.001383013 0.001967849
300123 123.000000 17758100000123000 0.000000000 -0.000180991 -0.001003172 -0.004829063
300124 124.000000 17758100000124000 0.000000000 0.000395993 0.002220447 -0.002151416
300125 125.000000 17758100000125000 0.000000000 0.000104444 -0.004940035 0.032200644
300126 126.000000 17758100000126000 0.000000000 -0.000377469 -0.007477867 -0.008018941
300127 127.000000 17758100000127000 0.000000000 0.000179325 -0.002459789 -0.003739261
300128 128.000000 17758100000128000 0.000000000 0.000127215 0.002645907 -0.006587128
300129 129.000000 17758100000129000 0.000000000 -0.000223247 -0.002300028 0.004549855
300130 130.000000 17758100000130000 0.000000000 0.000041062 0.005355180 -0.007714780
300131 131.000000 17758100000131000 0.000000000 -0.000212836 -0.001721544 -0.001471326
300132 132.000000 17758100000132000 0.000000000 0.000187069 -0.002078597 0.031073637
300133 133.000000 17758100000133000 0.000000000 0.000183972 0.001753216 0.010789407
300134 134.000000 17758100000134000 0.000000000 0.000206101 0.006222567 0.026777767
300135 135.000000 17758100000135000 0.000000000 -0.000030575 -0.012927481 -0.034368302
300136 136.000000 17758100000136000 0.000000000 -0.000025464 0.004200723 -0.025786798
300137 137.000000 17758100000137000 0.000000000 -0.000308644 0.000630903 0.045941698
300138 138.000000 17758100000138000 0.000000000 0.000146254 -0.000087880 -0.022133026
300139 139.000000 17758100000139000 0.000000000 -0.000280691 0.001269237 0.001754282
300140 140.000000 17758100000140000 0.000000000 -0.000144213 0.005205715 -0.004885100
300141 141.000000 17758100000141000 0.000000000 -0.000358356 -0.006495752 0.030116428
300142 142.000000 17758100000142000 0.000000000 0.000251542 0.008468315 0.000179337
300143 143.000000 17758100000143000 0.000000000 0.000211417 0.003184046 0.031898229
300144 144.000000 17758100000144000 0.000000000 0.000352659 -0.000958491 0.002389050
300145 145.000000 17758100000145000 0.000000000 0.000121499 -0.006298227 0.031259436
300146 146.000000 17758100000146000 0.000000000 -0.000208347 0.001109080 0.010882262
300147 147.000000 17758100000147000 0.000000000 -0.000164003 -0.000364514 -0.015070990
300148 148.000000 17758100000148000 0.000000000 0.000260438 0.003303450 -0.019171351
300149 149.000000 17758100000149000 0.000000000 -0.000048651 -0.008848152 0.009687271
300150 150.000000 17758100000150000 0.000000000 -0.000248818 0.003397101 0.045455515
300151 151.000000 17758100000151000 0.000000000 -0.000004811 -0.005281261 0.001605931
300152 152.000000 17758100000152000 0.000000000 -0.000080573 -0.001192052 -0.041885944
300153 153.000000 17758100000153000 0.000000000 0.000118977 -0.003206022 -0.009990885
300154 154.000000 17758100000154000 0.000000000 -0.000031536 -0.000202122 0.013818187
300155 155.000000 17758100000155000 0.000000000 0.000099193 0.009873021 0.007340811
300156 156.000000 17758100000156000 0.000000000 -0.000146311 0.000844439 0.009664350
300157 157.000000 17758100000157000 0.000000000 0.000216408 0.005861558 -0.002220650
300158 158.000000 17758100000158000 0.000000000 -0.000093157 0.006156484 -0.002444451
300159 159.000000 17758100000159000 0.000000000 -0.000198899 -0.000373486 0.012100304
300160 160.000000 17758100000160000 0.000000000 -0.000103472 0.003594040 -0.013860434
300161 161.000000 17758100000161000 0.000000000 -0.000141060 0.004388501 0.004239050
300162 162.000000 17758100000162000 0.000000000 0.000027706 0.000590472 0.007955966
300163 163.000000 17758100000163000 0.000000000 0.000080381 0.000343343 -0.021303226
300164 164.000000 17758100000164000 0.000000000 0.000216267 0.003373354 -0.001481459
300165 165.000000 17758100000165000 0.000000000 0.000048260 -0.003202239 0.018347385
300166 166.000000 17758100000166000 0.000000000 -0.000140724 -0.003113187 -0.017317170
300167 167.000000 17758100000167000 0.000000000 -0.000119520 -0.005368548 0.013160558
300168 168.000000 17758100000168000 0.000000000 0.000168028 0.003559484 -0.039767104
300169 169.000000 17758100000169000 0.000000000 -0.000212638 -0.013544409 -0.003190223
300170 170.000000 17758100000170000 0.000000000 0.000063588 0.007860545 0.009504176
300171 171.000000 17758100000171000 0.000000000 -0.000073504 0.001625269 -0.018036705
300172 172.000000 17758100000172000 0.000000000 -0.000051328 -0.004242623 -0.005353250
300173 173.000000 17758100000173000 0.000000000 -0.000377572 0.007284224 0.016827192
300174 174.000000 17758100000174000 0.000000000 0.000017184 0.001590272 -0.008796840
300175 175.000000 17758100000175000 0.000000000 0.000297755 0.002518700 0.021592369
300176 176.000000 17758100000176000 0.000000000 0.000043775 -0.005367181 0.004695042
300177 177.000000 17758100000177000 0.000000000 0.000041340 0.000338001 -0.002351775
300178 178.000000 17758100000178000 0.000000000 -0.000055613 -0.009727855 -0.017493991
300179 179.000000 17758100000179000 0.000000000 0.000280472 -0.001645816 -0.027431972
300180 180.000000 17758100000180000 0.000000000 -0.000027988 -0.005531782 0.025109632
300181 181.000000 17758100000181000 0.000000000 -0.000153011 -0.001967447 0.006881489
300182 182.000000 17758100000182000 0.000000000 0.000229339 0.002381988 0.010490128
300183 183.000000 17758100000183000 0.000000000 0.000106395 0.000112619 0.010390120
300184 184.000000 17758100000184000 0.000000000 0.000078702 -0.002108806 -0.010262035
300185 185.000000 17758100000185000 0.000000000 -0.000016910 -0.003363096 0.021768679
300186 186.000000 17758100000186000 0.000000000 0.000143425 -0.001950971 -0.017383898
300187 187.000000 17758100000187000 0.000000000 -0.000444808 0.001253185 0.010124144
300188 188.000000 17758100000188000 0.000000000 -0.000252007 0.000739082 -0.010570573
300189 189.000000 17758100000189000 0.000000000 -0.000157557 -0.001765981 0.010635383
300190 190.000000 17758100000190000 0.000000000 0.000020946 -0.005518283 0.014275407
300191 191.000000 17758100000191000 0.000000000 0.000588806 -0.001777910 0.004450879
300192 192.000000 17758100000192000 0.000000000 -0.000211135 -0.001452977 0.024305609
300193 193.000000 17758100000193000 0.000000000 -0.000087684 -0.001889842 -0.017165498
300194 194.000000 17758100000194000 0.000000000 -0.000223352 0.003344844 -0.016100837
300195 195.000000 17758100000195000 0.000000000 0.000273022 -0.003011343 0.013459188
300196 196.000000 17758100000196000 0.000000000 -0.000175019 -0.000411095 -0.017870635
300197 197.000000 17758100000197000 0.000000000 -0.000022702 -0.007529895 0.009093730
300198 198.000000 17758100000198000 0.000000000 0.000051416 -0.002540793 0.017103020
300199 199.000000 17758100000199000 0.000000000 -0.000042435 -0.007643994 -0.011018720
300200 200.000000 17758100000200000 0.000000000 0.000322321 -0.002798396 0.007564387
300201 201.000000 17758100000201000 0.000000000 0.000146417 0.008273673 0.038346981
300202 202.000000 17758100000202000 0.000000000 0.000034768 0.006611230 -0.020460673
300203 203.000000 17758100000203000 0.000000000 0.000149087 0.004048930 0.015367687
300204 204.000000 17758100000204000 0.000000000 0.000161825 -0.004529484 -0.006649638
300205 205.000000 17758100000205000 0.000000000 -0.000520816 0.003186221 -0.010580143
300206 206.000000 17758100000206000 0.000000000 -0.000083802 -0.009368734 0.008061311
300207 207.000000 17758100000207000 0.000000000 0.000259456 0.002325693 -0.017329144
300208 208.000000 17758100000208000 0.000000000 0.000152060 -0.002635442 0.049253324
300209 209.000000 17758100000209000 0.000000000 -0.000068248 0.002702618 0.023743478
300210 210.000000 17758100000210000 0.000000000 -0.000040066 -0.001048819 -0.001789144
300211 211.000000 17758100000211000 0.000000000 -0.000128289 0.001160942 -0.016341087
300212 212.000000 17758100000212000 0.000000000 -0.000072608 -0.003386475 -0.015065806
300213 213.000000 17758100000213000 0.000000000 -0.000087136 0.003322701 -0.026335845
300214 214.000000 17758100000214000 0.000000000 0.000222831 0.011099226 0.029132318
300215 215.000000 17758100000215000 0.000000000 -0.000020812 -0.000561579 0.005230992
300216 216.000000 17758100000216000 0.000000000 0.000142119 0.004741169 -0.006265429
300217 217.000000 17758100000217000 0.000000000 -0.000016894 -0.009863584 0.029095899
300218 218.000000 17758100000218000 0.000000000 0.000234312 0.005176197 -0.023427221
300219 219.000000 17758100000219000 0.000000000 0.000008273 -0.006919706 0.004892231
300220 220.000000 17758100000220000 0.000000000 0.000167123 0.004439328 -0.020041354
300221 221.000000 17758100000221000 0.000000000 -0.000192882 0.001339595 -0.008421554
300222 222.000000 17758100000222000 0.000000000 0.000385043 0.003378003 -0.007833887
300223 223.000000 17758100000223000 0.000000000 -0.000232348 0.005263190 0.036392609
300224 224.000000 17758100000224000 0.000000000 0.000185742 -0.006959374 0.002080672
300225 225.000000 17758100000225000 0.000000000 -0.000004252 0.002969681 -0.025154422
300226 226.000000 17758100000226000 0.000000000 0.000268649 0.000743914 0.005266137
300227 227.000000 17758100000227000 0.000000000 -0.000263396 0.002942401 0.015343000
300228 228.000000 17758100000228000 0.000000000 -0.000188839 -0.011257405 -0.042345830
300229 229.000000 17758100000229000 0.000000000 0.000283985 0.004261152 0.031478316
300230 230.000000 17758100000230000 0.000000000 -0.000555040 0.004223286 -0.004873548
300231 231.000000 17758100000231000 0.000000000 -0.000156866 -0.002773211 0.006428803
300232 232.000000 17758100000232000 0.000000000 0.000166327 0.009052222 0.011954518
300233 233.000000 17758100000233000 0.000000000 0.000406280 0.005191015 0.033765216
300234 234.000000 17758100000234000 0.000000000 -0.000003324 0.004251531 0.025670436
300235 235.000000 17758100000235000 0.000000000 0.000057345 0.002063117 -0.022310891
300236 236.000000 17758100000236000 0.000000000 0.000361543 0.002783297 -0.001067715
300237 237.000000 17758100000237000 0.000000000 0.000080564 0.001838841 0.024358390
300238 238.000000 17758100000238000 0.000000000 -0.000193193 0.008213516 -0.012664062
300239 239.000000 17758100000239000 0.000000000 0.000292777 0.003152309 0.010394909
300240 240.000000 17758100000240000 0.000000000 -0.000038500 0.004385085 -0.004506020
300241 241.000000 17758100000241000 0.000000000 -0.000026637 -0.009424154 -0.014138940
300242 242.000000 17758100000242000 0.000000000 -0.000045459 -0.001865775 -0.013433458
300243 243.000000 17758100000243000 0.000000000 0.000117347 -0.001397683 -0.011137574
300244 244.000000 17758100000244000 0.000000000 -0.000030515 0.006431486 0.021916353
300245 245.000000 17758100000245000 0.000000000 0.000109334 0.002261363 -0.015753723
300246 246.000000 17758100000246000 0.000000000 0.000455924 -0.002867198 -0.016007175
300247 247.000000 17758100000247000 0.000000000 -0.000214367 -0.000000125 -0.014164103
300248 248.000000 17758100000248000 0.000000000 -0.000053086 -0.011449753 -0.007158387
300249 249.000000 17758100000249000 0.000000000 0.000279079 -0.001195283 -0.002881491
300250 250.000000 17758100000250000 0.000000000 -0.000021908 0.001279329 0.035887816
300251 251.000000 17758100000251000 0.000000000 -0.000059035 -0.000005218 0.000316764
300252 252.000000 17758100000252000 0.000000000 -0.000214119 -0.005891684 -0.016345105
300253 253.000000 17758100000253000 0.000000000 -0.000216645 0.002947010 -0.034101174
300254 254.000000 17758100000254000 0.000000000 0.000260171 -0.004966282 0.051501347
300255 255.000000 17758100000255000 0.000000000 -0.000293419 -0.003340639 0.000634063
300256 256.000000 17758100000256000 0.000000000 -0.000112669 0.001108225 -0.051647514
300257 257.000000 17758100000257000 0.000000000 0.000097239 -0.000916671 -0.022784987
300258 258.000000 17758100000258000 0.000000000 0.000081448 0.006878610 0.035297243
300259 259.000000 17758100000259000 0.000000000 0.000090379 0.006711800 0.025250890
300260 260.000000 17758100000260000 0.000000000 -0.000179238 0.005958711 0.004301095
300261 261.000000 17758100000261000 0.000000000 -0.000216670 0.002062704 0.006506756
300262 262.000000 17758100000262000 0.000000000 0.000005889 0.008639329 0.037215170
300263 263.000000 17758100000263000 0.000000000 0.000216150 -0.002607825 0.032782768
300264 264.000000 17758100000264000 0.000000000 0.000042468 -0.000222753 0.053243310
300265 265.000000 17758100000265000 0.000000000 0.000030671 0.002048174 0.010627462
300266 266.000000 17758100000266000 0.000000000 0.000296265 0.001912896 -0.006017795
300267 267.000000 17758100000267000 0.000000000 0.000006768 -0.001190249 -0.006660180
300268 268.000000 17758100000268000 0.000000000 -0.000343691 -0.003793875 -0.015375676
300269 269.000000 17758100000269000 0.000000000 -0.000251331 -0.006028991 0.005078313
300270 270.000000 17758100000270000 0.000000000 0.000033315 0.006376368 0.012208775
300271 271.000000 17758100000271000 0.000000000 0.000012451 -0.007922117 -0.011472017
300272 272.000000 17758100000272000 0.000000000 -0.000107323 -0.004838879 0.002102108
300273 273.000000 17758100000273000 0.000000000 0.000125705 -0.000586598 0.015313316
300274 274.000000 17758100000274000 0.000000000 -0.000035316 -0.000512500 0.006369082
300275 275.000000 17758100000275000 0.000000000 0.000108094 0.000566044 0.004880875
300276 276.000000 17758100000276000 0.000000000 -0.000015980 -0.005745084 -0.002107179
300277 277.000000 17758100000277000 0.000000000 0.000299935 -0.007500771 0.014620420
300278 278.000000 17758100000278000 0.000000000 -0.000127836 -0.004941035 0.001975811
300279 279.000000 17758100000279000 0.000000000 0.000112054 0.004220407 0.005849423
300280 280.000000 17758100000280000 0.000000000 -0.000155584 -0.004036578 0.000147191
300281 281.000000 17758100000281000 0.000000000 -0.000213669 -0.003336341 0.011891367
300282 282.000000 17758100000282000 0.000000000 -0.000244441 -0.001335498 0.014620938
300283 283.000000 17758100000283000 0.000000000 -0.000155971 0.003223476 0.023065390
300284 284.000000 17758100000284000 0.000000000 0.000297682 -0.009480374 -0.010727098
300285 285.000000 17758100000285000 0.000000000 -0.000000991 -0.001893370 -0.006334309
300286 286.000000 17758100000286000 0.000000000 -0.000037825 -0.002603678 -0.016810823
300287 287.000000 17758100000287000 0.000000000 -0.000037220 0.006642355 -0.011737438
300288 288.000000 17758100000288000 0.000000000 0.000280130 0.000697471 0.044549124
300289 289.000000 17758100000289000 0.000000000 0.000044131 0.011372896 0.013901957
300290 290.000000 17758100000290000 0.000000000 0.000145606 -0.010899801 -0.001980404
300291 291.000000 17758100000291000 0.000000000 -0.000045635 -0.001661627 -0.007875180
300292 292.000000 17758100000292000 0.000000000 0.000017268 -0.001780237 0.017153283
300293 293.000000 17758100000293000 0.000000000 0.000066045 0.006407031 0.021806747
300294 294.000000 17758100000294000 0.000000000 0.000227764 -0.005579046 -0.015442173
300295 295.000000 17758100000295000 0.000000000 -0.000169821 -0.009387473 -0.021896758
300296 296.000000 17758100000296000 0.000000000 0.000004537 -0.008122871 -0.042328779
300297 297.000000 17758100000297000 0.000000000 0.000115506 0.012043289 0.013374778
300298 298.000000 17758100000298000 0.000000000 -0.000280567 0.000345782 -0.035108488
300299 299.000000 17758100000299000 0.000000000 0.000113262 0.002653860 0.006880580
300300 300.000000 17758100000300000 0.000000000 0.000003608 -0.004720237 -0.003202139
300301 301.000000 17758100000301000 0.000000000 0.000309861 -0.000945017 0.015327130
300302 302.000000 17758100000302000 0.000000000 0.000159169 0.006666969 0.011554318
300303 303.000000 17758100000303000 0.000000000 -0.000164538 0.004195479 -0.013080018
300304 304.000000 17758100000304000 0.000000000 -0.000045820 -0.000756590 0.011103667
300305 305.000000 17758100000305000 0.000000000 -0.000015162 0.004279662 0.069057692
300306 306.000000 17758100000306000 0.000000000 -0.000056966 0.005593227 -0.023678657
300307 307.000000 17758100000307000 0.000000000 0.000132190 0.008190166 -0.024731036
300308 308.000000 17758100000308000 0.000000000 0.000072557 0.000411801 0.010814217
300309 309.000000 17758100000309000 0.000000000 -0.000171364 0.004464998 0.004187271
300310 310.000000 17758100000310000 0.000000000 0.000063314 -0.000107341 0.006116017
300311 311.000000 17758100000311000 0.000000000 -0.000360382 -0.003694353 0.031735914
300312 312.000000 17758100000312000 0.000000000 0.000127300 0.000637993 0.000005776
300313 313.000000 17758100000313000 0.000000000 -0.000250487 0.002547156 0.010196692
300314 314.000000 17758100000314000 0.000000000 -0.000086281 -0.003467867 0.012148102
300315 315.000000 17758100000315000 0.000000000 0.000178530 0.010804919 0.005675601
300316 316.000000 17758100000316000 0.000000000 0.000135213 -0.001574425 0.009200358
300317 317.000000 17758100000317000 0.000000000 -0.000039015 -0.000596482 0.017058511
300318 318.000000 17758100000318000 0.000000000 0.000237339 0.002270802 -0.009320233
300319 319.000000 17758100000319000 0.000000000 -0.000140672 0.002406637 0.011434580
300320 320.000000 17758100000320000 0.000000000 0.000044469 0.003633428 0.020541539
300321 321.000000 17758100000321000 0.000000000 0.000042385 0.004638295 0.000138975
300322 322.000000 17758100000322000 0.000000000 0.000198417 0.005783077 0.025947128
300323 323.000000 17758100000323000 0.000000000 -0.000166594 0.004190779 -0.002495515
300324 324.000000 17758100000324000 0.000000000 0.000344923 0.001884785 -0.024257980
300325 325.000000 17758100000325000 0.000000000 0.000082386 0.002553601 0.019741943
300326 326.000000 17758100000326000 0.000000000 -0.000134489 -0.004612904 -0.004123105
300327 327.000000 17758100000327000 0.000000000 -0.000120017 -0.005124624 -0.013597925
300328 328.000000 17758100000328000 0.000000000 0.000477339 -0.000808508 0.035219485
300329 329.000000 17758100000329000 0.000000000 0.000147168 -0.000188068 -0.001567379
300330 330.000000 17758100000330000 0.000000000 0.000034080 -0.001239334 0.003239087
300331 331.000000 17758100000331000 0.000000000 -0.000000414 0.005319555 0.020600173
300332 332.000000 17758100000332000 0.000000000 -0.000183702 -0.009287411 -0.017285653
300333 333.000000 17758100000333000 0.000000000 -0.000041515 -0.005267196 0.022121705
300334 334.000000 17758100000334000 0.000000000 0.000102797 0.000773115 0.028382237
300335 335.000000 17758100000335000 0.000000000 0.000087505 0.003320004 -0.043853562
300336 336.000000 17758100000336000 0.000000000 0.000127224 -0.001139120 0.012874663
300337 337.000000 17758100000337000 0.000000000 0.000321398 0.002153694 -0.008194749
300338 338.000000 17758100000338000 0.000000000 0.000008218 -0.008689546 0.012008144
300339 339.000000 17758100000339000 0.000000000 0.000230264 0.000825968 -0.019038422
300340 340.000000 17758100000340000 0.000000000 -0.000089030 0.002487777 -0.005307877
300341 341.000000 17758100000341000 0.000000000 0.000324587 -0.003889580 -0.001569241
300342 342.000000 17758100000342000 0.000000000 -0.000085562 -0.003547748 0.011236822
300343 343.000000 17758100000343000 0.000000000 0.000114103 0.004143318 -0.008896307
300344 344.000000 17758100000344000 0.000000000 0.000100693 0.004112900 0.003714382
300345 345.000000 17758100000345000 0.000000000 0.000381692 0.004922397 -0.020724967
300346 346.000000 17758100000346000 0.000000000 0.000002210 -0.002284895 0.024746012
300347 347.000000 17758100000347000 0.000000000 -0.000187154 0.003153510 0.007505870
300348 348.000000 17758100000348000 0.000000000 -0.000092408 -0.000039806 -0.002256754
300349 349.000000 17758100000349000 0.000000000 0.000105418 0.004618916 -0.000294460
300350 350.000000 17758100000350000 0.000000000 -0.000354095 0.003456166 -0.008313861
300351 351.000000 17758100000351000 0.000000000 -0.000281364 -0.004131798 -0.028356814
300352 352.000000 17758100000352000 0.000000000 0.000077894 0.003144886 -0.038750291
300353 353.000000 17758100000353000 0.000000000 0.000335520 -0.007912298 0.002206553
300354 354.000000 17758100000354000 0.000000000 -0.000406680 0.000845233 -0.015339048
300355 355.000000 17758100000355000 0.000000000 0.000161069 0.005150761 -0.006869950
300356 356.000000 17758100000356000 0.000000000 -0.000167783 0.009009317 -0.016232919
300357 357.000000 17758100000357000 0.000000000 0.000042915 -0.000159804 0.021196768
300358 358.000000 17758100000358000 0.000000000 0.000268163 -0.001138543 -0.005221363
300359 359.000000 17758100000359000 0.000000000 -0.000364103 0.000294147 0.010559098
300360 360.000000 17758100000360000 0.000000000 -0.000113921 -0.001232146 -0.009895644
300361 361.000000 17758100000361000 0.000000000 -0.000099393 0.002720551 -0.004569832
300362 362.000000 17758100000362000 0.000000000 0.000229186 0.002174142 -0.014683638
300363 363.000000 17758100000363000 0.000000000 0.000179680 -0.002217062 -0.016024386
300364 364.000000 17758100000364000 0.000000000 -0.000155608 -0.008562958 0.010288059
300365 365.000000 17758100000365000 0.000000000 0.000168112 -0.002884667 -0.006534435
300366 366.000000 17758100000366000 0.000000000 -0.000143522 0.000164310 0.023321071
300367 367.000000 17758100000367000 0.000000000 -0.000355096 -0.000455988 0.037074005
300368 368.000000 17758100000368000 0.000000000 0.000333409 -0.004244110 -0.017860817
300369 369.000000 17758100000369000 0.000000000 0.000232798 -0.000621027 0.036713358
300370 370.000000 17758100000370000 0.000000000 0.000082127 0.009823921 -0.002800210
300371 371.000000 17758100000371000 0.000000000 -0.000057606 -0.005939335 -0.001444520
300372 372.000000 17758100000372000 0.000000000 -0.000401234 -0.004125474 -0.010196178
300373 373.000000 17758100000373000 0.000000000 0.000095233 -0.005811828 -0.008946248
300374 374.000000 17758100000374000 0.000000000 -0.000091164 -0.006447444 -0.013950103
300375 375.000000 17758100000375000 0.000000000 -0.000080114 0.001145853 -0.023018637
300376 376.000000 17758100000376000 0.000000000 0.000046295 0.004105050 0.019584431
300377 377.000000 17758100000377000 0.000000000 -0.000158980 -0.000715836 -0.013174589
300378 378.000000 17758100000378000 0.000000000 0.000307252 -0.002119811 0.022274028
300379 379.000000 17758100000379000 0.000000000 -0.000064312 0.001428392 0.010848058
300380 380.000000 17758100000380000 0.000000000 -0.000052299 -0.000173232 0.016502416
300381 381.000000 17758100000381000 0.000000000 0.000246680 -0.003698258 -0.014755949
300382 382.000000 17758100000382000 0.000000000 -0.000398683 0.004699245 -0.025654215
300383 383.000000 17758100000383000 0.000000000 -0.000003307 0.005523206 0.002114075
300384 384.000000 17758100000384000 0.000000000 -0.000004685 0.000068660 -0.006770370
300385 385.000000 17758100000385000 0.000000000 -0.000117669 -0.007779444 -0.010389630
300386 386.000000 17758100000386000 0.000000000 0.000235514 0.001429064 -0.007671101
300387 387.000000 17758100000387000 0.000000000 -0.000021341 -0.002405703 0.012921099
300388 388.000000 17758100000388000 0.000000000 -0.000162179 -0.007576861 -0.024505490
300389 389.000000 17758100000389000 0.000000000 0.000161540 0.005668181 0.014956593
300390 390.000000 17758100000390000 0.000000000 0.000007582 0.002609601 0.007874719
300391 391.000000 17758100000391000 0.000000000 -0.000017245 -0.003551112 -0.002974985
300392 392.000000 17758100000392000 0.000000000 -0.000373319 -0.006339192 0.016551626
300393 393.000000 17758100000393000 0.000000000 0.000051744 -0.008993714 0.029772739
300394 394.000000 17758100000394000 0.000000000 -0.000020896 0.003362225 0.005321317
300395 395.000000 17758100000395000 0.000000000 -0.000231538 0.000179808 -0.011690896
300396 396.000000 17758100000396000 0.000000000 -0.000041287 0.004167957 0.005030813
300397 397.000000 17758100000397000 0.000000000 0.000044674 -0.002719569 -0.003902223
300398 398.000000 17758100000398000 0.000000000 0.000019019 -0.006235325 -0.012024932
300399 399.000000 17758100000399000 0.000000000 0.000222247 -0.002897503 -0.013205602
300400 400.000000 17758100000400000 0.000000000 -0.000174789 -0.004199861 -0.008057947
300401 401.000000 17758100000401000 0.000000000 -0.000039517 0.008364751 -0.041737302
300402 402.000000 17758100000402000 0.000000000 0.000244809 -0.002676998 -0.003008719
300403 403.000000 17758100000403000 0.000000000 -0.000110869 0.000529794 0.029638933
300404 404.000000 17758100000404000 0.000000000 -0.000451362 0.000979882 0.043213299
300405 405.000000 17758100000405000 0.000000000 0.000251777 -0.011943294 -0.022342404
300406 406.000000 17758100000406000 0.000000000 -0.000252565 -0.005188072 -0.016204962
300407 407.000000 17758100000407000 0.000000000 -0.000248585 0.002832832 0.041238240
300408 408.000000 17758100000408000 0.000000000 -0.000045913 -0.005993372 -0.011565609
300409 409.000000 17758100000409000 0.000000000 0.000362001 0.000249154 -0.000545416
300410 410.000000 17758100000410000 0.000000000 0.000222071 0.003695802 0.016319453
300411 411.000000 17758100000411000 0.000000000 0.000010618 0.002622391 0.000736165
300412 412.000000 17758100000412000 0.000000000 0.000017047 0.002521531 -0.001995460
300413 413.000000 17758100000413000 0.000000000 0.000076493 0.000191591 -0.014320250
300414 414.000000 17758100000414000 0.000000000 -0.000008944 0.005989541 0.003526487
300415 415.000000 17758100000415000 0.000000000 0.000030123 0.000561491 0.000437120
300416 416.000000 17758100000416000 0.000000000 -0.000272808 -0.007273720 0.008911273
300417 417.000000 17758100000417000 0.000000000 0.000444204 -0.001362940 -0.014453139
300418 418.000000 17758100000418000 0.000000000 -0.000239816 -0.000461461 -0.027772340
300419 419.000000 17758100000419000 0.000000000 0.000089017 -0.007579574 -0.003363037
300420 420.000000 17758100000420000 0.000000000 0.000067685 0.003362209 -0.014845953
300421 421.000000 17758100000421000 0.000000000 -0.000123082 0.008367211 0.006501631
300422 422.000000 17758100000422000 0.000000000 -0.000050950 0.000329104 0.008452586
300423 423.000000 17758100000423000 0.000000000 -0.000266565 -0.006422915 -0.028063665
300424 424.000000 17758100000424000 0.000000000 0.000096230 -0.007207329 -0.020521014
300425 425.000000 17758100000425000 0.000000000 0.000269333 0.000617710 0.000125947
300426 426.000000 17758100000426000 0.000000000 0.000121347 -0.000564719 0.015266826
300427 427.000000 17758100000427000 0.000000000 -0.000192859 0.009177938 0.001795510
300428 428.000000 17758100000428000 0.000000000 -0.000035350 -0.006752306 -0.043453168
300429 429.000000 17758100000429000 0.000000000 -0.000244258 -0.000507990 0.013146148
300430 430.000000 17758100000430000 0.000000000 -0.000285710 0.003982326 -0.003338964
300431 431.000000 17758100000431000 0.000000000 0.000151458 0.003802907 0.016362740
300432 432.000000 17758100000432000 0.000000000 0.000025056 0.000412340 0.019497678
300433 433.000000 17758100000433000 0.000000000 0.000239557 0.001968584 -0.040837435
300434 434.000000 17758100000434000 0.000000000 -0.000050120 0.001287438 -0.003339771
300435 435.000000 17758100000435000 0.000000000 0.000012835 -0.006756109 0.029989553
300436 436.000000 17758100000436000 0.000000000 0.000371388 -0.006989072 0.012415926
300437 437.000000 17758100000437000 0.000000000 -0.000063006 -0.004564179 -0.006603578
300438 438.000000 17758100000438000 0.000000000 -0.000125770 0.005206779 -0.014310525
300439 439.000000 17758100000439000 0.000000000 -0.000109591 -0.000075260 -0.023420728
300440 440.000000 17758100000440000 0.000000000 -0.000184370 -0.005035729 -0.015732227
300441 441.000000 17758100000441000 0.000000000 -0.000148565 0.001303670 0.001924320
300442 442.000000 17758100000442000 0.000000000 -0.000381063 0.001524293 -0.035805268
300443 443.000000 17758100000443000 0.000000000 0.000145315 0.003467133 0.037113511
300444 444.000000 17758100000444000 0.000000000 0.000014224 0.006021266 -0.004105794
300445 445.000000 17758100000445000 0.000000000 -0.000004482 0.002938253 0.028736748
300446 446.000000 17758100000446000 0.000000000 -0.000167455 0.003100380 -0.015483250
300447 447.000000 17758100000447000 0.000000000 -0.000459546 -0.007883817 0.006686571
300448 448.000000 17758100000448000 0.000000000 -0.000177945 -0.004085075 0.036458801
300449 449.000000 17758100000449000 0.000000000 -0.000038638 0.004767394 -0.006836931
300450 450.000000 17758100000450000 0.000000000 0.000026753 0.007595138 0.015734674
300451 451.000000 17758100000451000 0.000000000 0.000281315 0.002643259 -0.017943047
300452 452.000000 17758100000452000 0.000000000 0.000012845 -0.000920953 0.006456327
300453 453.000000 17758100000453000 0.000000000 0.000053550 0.004481673 -0.033696213
300454 454.000000 17758100000454000 0.000000000 0.000368047 0.002790218 0.005446933
300455 455.000000 17758100000455000 0.000000000 -0.000162017 -0.004248946 -0.000274011
300456 456.000000 17758100000456000 0.000000000 0.000082085 -0.002063484 -0.009113360
300457 457.000000 17758100000457000 0.000000000 0.000210645 -0.006007745 -0.008505901
300458 458.000000 17758100000458000 0.000000000 0.000287283 -0.006984363 0.028823433
300459 459.000000 17758100000459000 0.000000000 0.000023582 0.003135348 0.001812423
300460 460.000000 17758100000460000 0.000000000 0.000049952 0.003242866 0.004794700
300461 461.000000 17758100000461000 0.000000000 0.000000826 0.004153068 0.008829595
300462 462.000000 17758100000462000 0.000000000 0.000046308 -0.005480403 0.014633796
300463 463.000000 17758100000463000 0.000000000 0.000165131 -0.005617268 -0.012456336
300464 464.000000 17758100000464000 0.000000000 -0.000242288 -0.000805576 -0.002986057
300465 465.000000 17758100000465000 0.000000000 0.000044962 0.006021858 0.006158422
300466 466.000000 17758100000466000 0.000000000 0.000379893 0.006338329 0.000204220
300467 467.000000 17758100000467000 0.000000000 -0.000037746 0.001935426 -0.010179160
300468 468.000000 17758100000468000 0.000000000 0.000147774 -0.001356017 0.022962135
300469 469.000000 17758100000469000 0.000000000 -0.000016815 -0.006922730 -0.005872414
300470 470.000000 17758100000470000 0.000000000 0.000198612 0.008596523 0.005859521
300471 471.000000 17758100000471000 0.000000000 -0.000235271 0.007742578 -0.011350472
300472 472.000000 17758100000472000 0.000000000 -0.000029138 0.001650137 0.003524848
300473 473.000000 17758100000473000 0.000000000 0.000268443 0.001201725 0.007665683
300474 474.000000 17758100000474000 0.000000000 0.000057730 -0.004064410 -0.008609547
300475 475.000000 17758100000475000 0.000000000 -0.000092507 0.002928582 -0.003625560
300476 476.000000 17758100000476000 0.000000000 0.000296445 -0.002434889 -0.012146313
300477 477.000000 17758100000477000 0.000000000 -0.000158605 -0.000611178 0.029440814
300478 478.000000 17758100000478000 0.000000000 0.000258151 -0.001336662 -0.004660110
300479 479.000000 17758100000479000 0.000000000 0.000349076 0.001788765 -0.018980009
300480 480.000000 17758100000480000 0.000000000 0.000049296 -0.006167155 -0.001364459
300481 481.000000 17758100000481000 0.000000000 -0.000269427 0.002321765 -0.017893514
300482 482.000000 17758100000482000 0.000000000 0.000175395 0.000778515 -0.060207694
300483 483.000000 17758100000483000 0.000000000 0.000185933 0.009784954 -0.009737148
300484 484.000000 17758100000484000 0.000000000 -0.000026135 -0.000979719 -0.018949644
300485 485.000000 17758100000485000 0.000000000 0.000257141 0.000821222 0.016353976
300486 486.000000 17758100000486000 0.000000000 0.000318743 0.004730756 -0.024451606
300487 487.000000 17758100000487000 0.000000000 -0.000208826 0.003216106 0.027336503
300488 488.000000 17758100000488000 0.000000000 0.000110390 0.007020286 0.008763098
300489 489.000000 17758100000489000 0.000000000 -0.000014449 -0.000165102 0.001791078
300490 490.000000 17758100000490000 0.000000000 -0.000483835 -0.005306979 0.048493227
300491 491.000000 17758100000491000 0.000000000 0.000049974 -0.004097400 0.019368676
300492 492.000000 17758100000492000 0.000000000 0.000368058 0.006849390 0.004415702
300493 493.000000 17758100000493000 0.000000000 0.000374517 -0.004606298 0.018568075
300494 494.000000 17758100000494000 0.000000000 0.000218672 -0.001848839 0.044791948
300495 495.000000 17758100000495000 0.000000000 -0.000004157 -0.001365877 0.022340329
300496 496.000000 17758100000496000 0.000000000 -0.000091668 -0.006724445 -0.017282965
300497 497.000000 17758100000497000 0.000000000 -0.000171264 -0.000223469 0.012702968
300498 498.000000 17758100000498000 0.000000000 0.000195425 0.002061448 -0.012129013
300499 499.000000 17758100000499000 0.000000000 -0.000265765 0.004343181 -0.005098733
300500 500.000000 17758100000500000 0.699999988 0.000125133 0.005260999 -0.012116287
300501 501.000000 17758100000501000 0.699999988 -0.000021334 -0.005500401 -0.001845187
300502 502.000000 17758100000502000 0.699999988 -0.000353329 0.001466650 5.182737769
300503 503.000000 17758100000503000 0.699999988 0.000156804 0.180157250 5.191834067
300504 504.000000 17758100000504000 0.699999988 0.000440699 0.371418339 5.223388158
300505 505.000000 17758100000505000 0.699999988 0.000983695 0.542457413 5.249126616
300506 506.000000 17758100000506000 0.699999988 0.002141814 0.729363523 5.175035677
300507 507.000000 17758100000507000 0.699999988 0.002526686 0.928683452 5.179038935
300508 508.000000 17758100000508000 0.699999988 0.003902579 1.103638126 5.194391428
300509 509.000000 17758100000509000 0.699999988 0.005123131 1.286926525 5.193396530
300510 510.000000 17758100000510000 0.699999988 0.006199391 1.466596809 5.195887229
300511 511.000000 17758100000511000 0.699999988 0.008545312 1.645422459 5.217413866
300512 512.000000 17758100000512000 0.699999988 0.010054579 1.836023742 5.178522495
300513 513.000000 17758100000513000 0.699999988 0.012286275 2.006811610 5.193884681
300514 514.000000 17758100000514000 0.699999988 0.014277557 2.200155842 5.209284191
300515 515.000000 17758100000515000 0.699999988 0.016686337 2.381602331 5.195650633
300516 516.000000 17758100000516000 0.699999988 0.019421141 2.562515043 5.195523634
300517 517.000000 17758100000517000 0.699999988 0.022090745 2.745489561 5.147624529
300518 518.000000 17758100000518000 0.699999988 0.025164991 2.930346111 4.926407392
300519 519.000000 17758100000519000 0.699999988 0.028318511 3.089423917 4.735017138
300520 520.000000 17758100000520000 0.699999988 0.031356097 3.261220014 4.570115854
300521 521.000000 17758100000521000 0.699999988 0.034589971 3.430713645 4.392562867
300522 522.000000 17758100000522000 0.699999988 0.038683148 3.581123310 4.211454026
300523 523.000000 17758100000523000 0.699999988 0.042121139 3.733768442 4.090334860
300524 524.000000 17758100000524000 0.699999988 0.045521929 3.868592461 3.926159995
300525 525.000000 17758100000525000 0.699999988 0.049984166 4.000007140 3.748119249
300526 526.000000 17758100000526000 0.699999988 0.054077218 4.125315599 3.596278479
300527 527.000000 17758100000527000 0.699999988 0.058574581 4.252201991 3.407135115
300528 528.000000 17758100000528000 0.699999988 0.062924154 4.376305190 3.264918619
300529 529.000000 17758100000529000 0.699999988 0.067264187 4.484092972 3.153802893
300530 530.000000 17758100000530000 0.699999988 0.071311489 4.593496013 2.996678983
300531 531.000000 17758100000531000 0.699999988 0.076098559 4.697436380 2.841139082
300532 532.000000 17758100000532000 0.699999988 0.081449171 4.791524067 2.742521833
300533 533.000000 17758100000533000 0.699999988 0.086242277 4.885640715 2.601920324
300534 534.000000 17758100000534000 0.699999988 0.091134025 4.967249950 2.440300582
300535 535.000000 17758100000535000 0.699999988 0.096157870 5.051804675 2.334486622
300536 536.000000 17758100000536000 0.699999988 0.101525010 5.130920498 2.189522913
300537 537.000000 17758100000537000 0.699999988 0.106466569 5.211016409 2.118628800
300538 538.000000 17758100000538000 0.699999988 0.111778249 5.272101640 1.972960347
300539 539.000000 17758100000539000 0.699999988 0.117422124 5.338131620 1.892970254
300540 540.000000 17758100000540000 0.699999988 0.122530124 5.398466691 1.728037184
300541 541.000000 17758100000541000 0.699999988 0.127933033 5.467198317 1.670764180
300542 542.000000 17758100000542000 0.699999988 0.133285029 5.518964401 1.559811110
300543 543.000000 17758100000543000 0.699999988 0.138929807 5.567471914 1.451842675
300544 544.000000 17758100000544000 0.699999988 0.144643562 5.614395120 1.375566905
300545 545.000000 17758100000545000 0.699999988 0.150136407 5.653453706 1.243493806
300546 546.000000 17758100000546000 0.699999988 0.155838109 5.700169169 1.198199897
300547 547.000000 17758100000547000 0.699999988 0.162105970 5.733859438 1.063688801
300548 548.000000 17758100000548000 0.699999988 0.167902271 5.755768632 0.954913345
300549 549.000000 17758100000549000 0.699999988 0.173390298 5.787765474 0.892420914
300550 550.000000 17758100000550000 0.699999988 0.179066152 5.810801251 0.765815430
300551 551.000000 17758100000551000 0.699999988 0.184799120 5.841543519 0.693213835
300552 552.000000 17758100000552000 0.699999988 0.190796700 5.857281361 0.615469689
300553 553.000000 17758100000553000 0.699999988 0.196488852 5.875961732 0.558473518
300554 554.000000 17758100000554000 0.699999988 0.202437096 5.890241401 0.449031696
300555 555.000000 17758100000555000 0.699999988 0.208713076 5.904313355 0.387202471
300556 556.000000 17758100000556000 0.699999988 0.214317166 5.909740372 0.315344596
300557 557.000000 17758100000557000 0.699999988 0.220585343 5.917970164 0.272197669
300558 558.000000 17758100000558000 0.699999988 0.225992273 5.927995329 0.199008058
300559 559.000000 17758100000559000 0.699999988 0.232025260 5.923747678 0.110897189
300560 560.000000 17758100000560000 0.699999988 0.238434070 5.918008318 0.045567275
300561 561.000000 17758100000561000 0.699999988 0.243878502 5.921527913 0.010852536
300562 562.000000 17758100000562000 0.699999988 0.249753717 5.906652740 -0.078961650
300563 563.000000 17758100000563000 0.699999988 0.255611733 5.904252787 -0.118724289
300564 564.000000 17758100000564000 0.699999988 0.261751420 5.897387862 -0.161684750
300565 565.000000 17758100000565000 0.699999988 0.267879315 5.882034479 -0.211202195
300566 566.000000 17758100000566000 0.699999988 0.273268525 5.864599870 -0.291082628
300567 567.000000 17758100000567000 0.699999988 0.279586177 5.849569017 -0.336166948
300568 568.000000 17758100000568000 0.699999988 0.285020308 5.846700319 -0.377861693
300569 569.000000 17758100000569000 0.699999988 0.291096449 5.814136364 -0.425635748
300570 570.000000 17758100000570000 0.699999988 0.296586337 5.811029269 -0.498442994
300571 571.000000 17758100000571000 0.699999988 0.302883801 5.778072587 -0.527123291
300572 572.000000 17758100000572000 0.699999988 0.308024896 5.753112337 -0.559829721
300573 573.000000 17758100000573000 0.699999988 0.313722671 5.731957403 -0.607175013
300574 574.000000 17758100000574000 0.699999988 0.319774495 5.707096564 -0.623430793
300575 575.000000 17758100000575000 0.699999988 0.325354532 5.676253131 -0.677282777
300576 576.000000 17758100000576000 0.699999988 0.331092190 5.635469340 -0.694544403
300577 577.000000 17758100000577000 0.699999988 0.336356711 5.613273444 -0.767845148
300578 578.000000 17758100000578000 0.699999988 0.342302648 5.579501762 -0.821116913
300579 579.000000 17758100000579000 0.699999988 0.347824703 5.545794934 -0.803742017
300580 580.000000 17758100000580000 0.699999988 0.353291086 5.522834832 -0.827175809
300581 581.000000 17758100000581000 0.699999988 0.358670105 5.486848893 -0.851486727
300582 582.000000 17758100000582000 0.699999988 0.364315542 5.448459899 -0.905672294
300583 583.000000 17758100000583000 0.699999988 0.369874036 5.412378534 -0.959676608
300584 584.000000 17758100000584000 0.699999988 0.374741720 5.364013667 -0.965215109
300585 585.000000 17758100000585000 0.699999988 0.380539306 5.332277718 -0.999773302
300586 586.000000 17758100000586000 0.699999988 0.385671487 5.292962321 -1.033964486
300587 587.000000 17758100000587000 0.699999988 0.390615327 5.249608301 -1.027526208
300588 588.000000 17758100000588000 0.699999988 0.395786462 5.201779882 -1.069359905
300589 589.000000 17758100000589000 0.699999988 0.401650137 5.174786867 -1.037391528
300590 590.000000 17758100000590000 0.699999988 0.406239234 5.135136684 -1.104850540
300591 591.000000 17758100000591000 0.699999988 0.411598163 5.081651256 -1.091650061
300592 592.000000 17758100000592000 0.699999988 0.416402239 5.034866405 -1.132755691
300593 593.000000 17758100000593000 0.699999988 0.421650450 4.976413922 -1.170876223
300594 594.000000 17758100000594000 0.699999988 0.426624263 4.945367174 -1.146475436
300595 595.000000 17758100000595000 0.699999988 0.431308115 4.898395443 -1.152184634
300596 596.000000 17758100000596000 0.699999988 0.436296687 4.848523513 -1.156305437
300597 597.000000 17758100000597000 0.699999988 0.440735904 4.801217980 -1.205171313
300598 598.000000 17758100000598000 0.699999988 0.445976911 4.763468844 -1.240302311
300599 599.000000 17758100000599000 0.699999988 0.450601339 4.709752544 -1.190349829
300600 600.000000 17758100000600000 0.699999988 0.455042397 4.672200891 -1.236866715
300601 601.000000 17758100000601000 0.699999988 0.459930108 4.609484649 -1.207996236
300602 602.000000 17758100000602000 0.699999988 0.464482353 4.564851754 -1.267808435
300603 603.000000 17758100000603000 0.699999988 0.468765979 4.519865728 -1.275027645
300604 604.000000 17758100000604000 0.699999988 0.473281217 4.472694766 -1.241846636
300605 605.000000 17758100000605000 0.699999988 0.477575851 4.418265163 -1.267026506
300606 606.000000 17758100000606000 0.699999988 0.482419272 4.370063167 -1.284110555
300607 607.000000 17758100000607000 0.699999988 0.486597989 4.330971523 -1.298477470
300608 608.000000 17758100000608000 0.699999988 0.490696816 4.282040243 -1.300980714
300609 609.000000 17758100000609000 0.699999988 0.494989338 4.220011576 -1.300198524
300610 610.000000 17758100000610000 0.699999988 0.499108710 4.169687749 -1.263231015
300611 611.000000 17758100000611000 0.699999988 0.503349856 4.128611357 -1.324468586
300612 612.000000 17758100000612000 0.699999988 0.507143440 4.070807590 -1.286694616
300613 613.000000 17758100000613000 0.699999988 0.511684742 4.022436540 -1.358535982
300614 614.000000 17758100000614000 0.699999988 0.515083139 3.975314811 -1.307717827
300615 615.000000 17758100000615000 0.699999988 0.519673891 3.927788495 -1.304602011
300616 616.000000 17758100000616000 0.699999988 0.522946809 3.884234063 -1.317211674
300617 617.000000 17758100000617000 0.699999988 0.527076313 3.824229969 -1.316774639
300618 618.000000 17758100000618000 0.699999988 0.530832410 3.775066055 -1.331973018
300619 619.000000 17758100000619000 0.699999988 0.534275862 3.731987202 -1.294719529
300620 620.000000 17758100000620000 0.699999988 0.538320921 3.676225955 -1.266060161
300621 621.000000 17758100000621000 0.699999988 0.542193690 3.624992578 -1.299355185
300622 622.000000 17758100000622000 0.699999988 0.545616628 3.577607188 -1.291003810
300623 623.000000 17758100000623000 0.699999988 0.548989145 3.519024155 -1.259139214
300624 624.000000 17758100000624000 0.699999988 0.552037600 3.480953310 -1.267784289
300625 625.000000 17758100000625000 0.699999988 0.555859624 3.436965329 -1.290815403
300626 626.000000 17758100000626000 0.699999988 0.558994719 3.380932053 -1.305514180
300627 627.000000 17758100000627000 0.699999988 0.562554389 3.331402172 -1.267164369
300628 628.000000 17758100000628000 0.699999988 0.565837731 3.279862349 -1.254382041
300629 629.000000 17758100000629000 0.699999988 0.568704864 3.230091903 -1.260653602
300630 630.000000 17758100000630000 0.699999988 0.572289828 3.189016594 -1.229979744
300631 631.000000 17758100000631000 0.699999988 0.575215553 3.143528524 -1.285927095
300632 632.000000 17758100000632000 0.699999988 0.578743338 3.101846397 -1.215495019
300633 633.000000 17758100000633000 0.699999988 0.581368940 3.052375998 -1.228627280
300634 634.000000 17758100000634000 0.699999988 0.584547845 2.998687931 -1.223431920
300635 635.000000 17758100000635000 0.699999988 0.587582696 2.953865011 -1.210073508
300636 636.000000 17758100000636000 0.699999988 0.590646606 2.909398891 -1.163918041
300637 637.000000 17758100000637000 0.699999988 0.593084948 2.859407796 -1.184039216
300638 638.000000 17758100000638000 0.699999988 0.596114171 2.826282534 -1.192627238
300639 639.000000 17758100000639000 0.699999988 0.599050453 2.767803742 -1.192383840
300640 640.000000 17758100000640000 0.699999988 0.601424970 2.729774574 -1.182681217
300641 641.000000 17758100000641000 0.699999988 0.604599569 2.688029480 -1.161554063
300642 642.000000 17758100000642000 0.699999988 0.606689068 2.637840337 -1.181415098
300643 643.000000 17758100000643000 0.699999988 0.609625908 2.596362827 -1.201199642
300644 644.000000 17758100000644000 0.699999988 0.612255845 2.551649638 -1.124810139
300645 645.000000 17758100000645000 0.699999988 0.614823993 2.515912710 -1.132576344
300646 646.000000 17758100000646000 0.699999988 0.617339859 2.468511898 -1.163812365
300647 647.000000 17758100000647000 0.699999988 0.619596018 2.425523950 -1.130994956
300648 648.000000 17758100000648000 0.699999988 0.621771470 2.382285753 -1.113223466
300649 649.000000 17758100000649000 0.699999988 0.624352549 2.335268658 -1.116073162
300650 650.000000 17758100000650000 0.699999988 0.626779170 2.306743071 -1.084461380
300651 651.000000 17758100000651000 0.699999988 0.629129895 2.258429081 -1.072499858
300652 652.000000 17758100000652000 0.699999988 0.631056653 2.225181866 -1.100281410
300653 653.000000 17758100000653000 0.699999988 0.633264593 2.177403289 -1.055648297
300654 654.000000 17758100000654000 0.699999988 0.635262949 2.146875531 -1.035908438
300655 655.000000 17758100000655000 0.699999988 0.637253718 2.100950271 -1.025930748
300656 656.000000 17758100000656000 0.699999988 0.639270800 2.065344689 -1.001528473
300657 657.000000 17758100000657000 0.699999988 0.641467533 2.024284880 -1.016911541
300658 658.000000 17758100000658000 0.699999988 0.643659721 1.981718625 -1.042118901
300659 659.000000 17758100000659000 0.699999988 0.645531305 1.950948921 -0.976190805
300660 660.000000 17758100000660000 0.699999988 0.647136160 1.904611031 -0.999908517
300661 661.000000 17758100000661000 0.699999988 0.649304629 1.873646789 -0.966321950
300662 662.000000 17758100000662000 0.699999988 0.651231272 1.855205058 -0.980052304
300663 663.000000 17758100000663000 0.699999988 0.652845502 1.807868088 -0.951818641
300664 664.000000 17758100000664000 0.699999988 0.654442919 1.773370451 -0.936891144
300665 665.000000 17758100000665000 0.699999988 0.656002719 1.729592202 -0.958942728
300666 666.000000 17758100000666000 0.699999988 0.657971355 1.695985610 -0.898781572
300667 667.000000 17758100000667000 0.699999988 0.659789637 1.663111698 -0.936305970
300668 668.000000 17758100000668000 0.699999988 0.661392551 1.616879206 -0.913762367
300669 669.000000 17758100000669000 0.699999988 0.663066524 1.601590453 -0.884273947
300670 670.000000 17758100000670000 0.699999988 0.664116101 1.555820985 -0.876595974
300671 671.000000 17758100000671000 0.699999988 0.665979749 1.528644377 -0.855836583
300672 672.000000 17758100000672000 0.699999988 0.667274266 1.500825057 -0.826761709
300673 673.000000 17758100000673000 0.699999988 0.668889126 1.470016836 -0.822639996
300674 674.000000 17758100000674000 0.699999988 0.670561647 1.431427700 -0.777996477
300675 675.000000 17758100000675000 0.699999988 0.671734168 1.392141746 -0.808330425
300676 676.000000 17758100000676000 0.699999988 0.673158849 1.378177007 -0.803725068
300677 677.000000 17758100000677000 0.699999988 0.674589694 1.348685355 -0.812579636
300678 678.000000 17758100000678000 0.699999988 0.675974075 1.316555842 -0.781250549
300679 679.000000 17758100000679000 0.699999988 0.677314882 1.293271726 -0.761470543
300680 680.000000 17758100000680000 0.699999988 0.678447929 1.245678221 -0.801861873
300681 681.000000 17758100000681000 0.699999988 0.679763790 1.228301238 -0.761628743
300682 682.000000 17758100000682000 0.699999988 0.680863217 1.198626432 -0.756614190
300683 683.000000 17758100000683000 0.699999988 0.681815771 1.167472804 -0.724823793
300684 684.000000 17758100000684000 0.699999988 0.683112852 1.142629786 -0.718851161
300685 685.000000 17758100000685000 0.699999988 0.684269129 1.119613497 -0.700466102
300686 686.000000 17758100000686000 0.699999988 0.685395785 1.089578136 -0.730345751
300687 687.000000 17758100000687000 0.699999988 0.686487474 1.071997108 -0.702537162
300688 688.000000 17758100000688000 0.699999988 0.687615909 1.035129130 -0.641754268
300689 689.000000 17758100000689000 0.699999988 0.688334620 1.017301751 -0.658002903
300690 690.000000 17758100000690000 0.699999988 0.689119876 0.991553428 -0.704587661
300691 691.000000 17758100000691000 0.699999988 0.689975237 0.965067651 -0.643582727
300692 692.000000 17758100000692000 0.699999988 0.691243194 0.946363799 -0.621362154
300693 693.000000 17758100000693000 0.699999988 0.692357390 0.917558497 -0.642831419
300694 694.000000 17758100000694000 0.699999988 0.692914628 0.893776630 -0.610725593
300695 695.000000 17758100000695000 0.699999988 0.694210689 0.883511607 -0.605064784
300696 696.000000 17758100000696000 0.699999988 0.694647423 0.857558071 -0.581763736
300697 697.000000 17758100000697000 0.699999988 0.695554892 0.839823870 -0.571935644
300698 698.000000 17758100000698000 0.699999988 0.696688725 0.810486270 -0.553756150
300699 699.000000 17758100000699000 0.699999988 0.697295752 0.785795492 -0.555266115
300700 700.000000 17758100000700000 0.699999988 0.697860559 0.761926101 -0.559416251
300701 701.000000 17758100000701000 0.699999988 0.698542160 0.747817019 -0.553122958
300702 702.000000 17758100000702000 0.699999988 0.699230375 0.730112895 -0.573945951
300703 703.000000 17758100000703000 0.699999988 0.700140634 0.699601919 -0.542792845
300704 704.000000 17758100000704000 0.699999988 0.700825673 0.682496598 -0.517611113
300705 705.000000 17758100000705000 0.699999988 0.701700213 0.665964220 -0.537084126
300706 706.000000 17758100000706000 0.699999988 0.702445550 0.645144491 -0.487231324
300707 707.000000 17758100000707000 0.699999988 0.702585663 0.626798006 -0.492943446
300708 708.000000 17758100000708000 0.699999988 0.703692044 0.607695343 -0.453300142
300709 709.000000 17758100000709000 0.699999988 0.704279536 0.584023678 -0.487584505
300710 710.000000 17758100000710000 0.699999988 0.704547696 0.573930027 -0.483545317
300711 711.000000 17758100000711000 0.699999988 0.705364269 0.557988504 -0.441848526
300712 712.000000 17758100000712000 0.699999988 0.705419840 0.533714750 -0.424979410
300713 713.000000 17758100000713000 0.699999988 0.706330755 0.528400111 -0.423454356
300714 714.000000 17758100000714000 0.699999988 0.706819931 0.509568478 -0.452544714
300715 715.000000 17758100000715000 0.699999988 0.707570718 0.490252673 -0.433064160
300716 716.000000 17758100000716000 0.699999988 0.707994335 0.473851348 -0.376605246
300717 717.000000 17758100000717000 0.699999988 0.708068493 0.459017768 -0.418524601
300718 718.000000 17758100000718000 0.699999988 0.709030710 0.444428546 -0.435156128
300719 719.000000 17758100000719000 0.699999988 0.708650454 0.425148710 -0.401283277
300720 720.000000 17758100000720000 0.699999988 0.709657700 0.415125934 -0.388525869
300721 721.000000 17758100000721000 0.699999988 0.710092039 0.399588265 -0.408802637
300722 722.000000 17758100000722000 0.699999988 0.710362050 0.384893950 -0.382630296
300723 723.000000 17758100000723000 0.699999988 0.710686855 0.385128816 -0.359311175
300724 724.000000 17758100000724000 0.699999988 0.711224720 0.361940690 -0.354156192
300725 725.000000 17758100000725000 0.699999988 0.711584949 0.346073704 -0.342700387
300726 726.000000 17758100000726000 0.699999988 0.711486530 0.332449381 -0.340671931
300727 727.000000 17758100000727000 0.699999988 0.711953529 0.326741096 -0.354315840
300728 728.000000 17758100000728000 0.699999988 0.712244022 0.305693502 -0.354325179
300729 729.000000 17758100000729000 0.699999988 0.712605396 0.305845522 -0.288102807
300730 730.000000 17758100000730000 0.699999988 0.712960428 0.281816100 -0.325902497
300731 731.000000 17758100000731000 0.699999988 0.713101373 0.268004405 -0.302550658
300732 732.000000 17758100000732000 0.699999988 0.713425161 0.260601394 -0.276038818
300733 733.000000 17758100000733000 0.699999988 0.713441697 0.247495325 -0.275868427
300734 734.000000 17758100000734000 0.699999988 0.713632153 0.241774561 -0.294901350
300735 735.000000 17758100000735000 0.699999988 0.713855045 0.237369295 -0.270654797
300736 736.000000 17758100000736000 0.699999988 0.714555922 0.227502910 -0.282852642
300737 737.000000 17758100000737000 0.699999988 0.714187182 0.210746875 -0.255682850
300738 738.000000 17758100000738000 0.699999988 0.715026499 0.200274187 -0.262278491
300739 739.000000 17758100000739000 0.699999988 0.714857345 0.184515308 -0.268720968
300740 740.000000 17758100000740000 0.699999988 0.714700037 0.193752265 -0.247579205
300741 741.000000 17758100000741000 0.699999988 0.715557298 0.174603277 -0.243421455
300742 742.000000 17758100000742000 0.699999988 0.715393774 0.161889634 -0.240443410
300743 743.000000 17758100000743000 0.699999988 0.715664057 0.152585635 -0.227858941
300744 744.000000 17758100000744000 0.699999988 0.715632143 0.145333598 -0.261926661
300745 745.000000 17758100000745000 0.699999988 0.715803877 0.134638812 -0.209894478
300746 746.000000 17758100000746000 0.699999988 0.715742452 0.123689729 -0.196980975
300747 747.000000 17758100000747000 0.699999988 0.716427117 0.119236074 -0.190237425
300748 748.000000 17758100000748000 0.699999988 0.716292841 0.116465501 -0.230455098
300749 749.000000 17758100000749000 0.699999988 0.716342222 0.109631093 -0.212582232
300750 750.000000 17758100000750000 0.699999988 0.716507809 0.105667983 -0.203839575
300751 751.000000 17758100000751000 0.699999988 0.716741213 0.090950367 -0.180519525
300752 752.000000 17758100000752000 0.699999988 0.717097556 0.082799238 -0.188036143
300753 753.000000 17758100000753000 0.699999988 0.716480244 0.075982689 -0.154262645
300754 754.000000 17758100000754000 0.699999988 0.716580944 0.067350215 -0.212098926
300755 755.000000 17758100000755000 0.699999988 0.716864699 0.064402032 -0.150787469
300756 756.000000 17758100000756000 0.699999988 0.716970311 0.058548343 -0.165703042
300757 757.000000 17758100000757000 0.699999988 0.716950731 0.050366381 -0.132247291
300758 758.000000 17758100000758000 0.699999988 0.716926217 0.047373340 -0.149762796
300759 759.000000 17758100000759000 0.699999988 0.716886382 0.039149894 -0.156773109
300760 760.000000 17758100000760000 0.699999988 0.717066083 0.037860634 -0.148443941
300761 761.000000 17758100000761000 0.699999988 0.717532671 0.035386753 -0.116945868
300762 762.000000 17758100000762000 0.699999988 0.716965749 0.025585565 -0.101673390
300763 763.000000 17758100000763000 0.699999988 0.717670482 0.023468832 -0.151413035
300764 764.000000 17758100000764000 0.699999988 0.717366705 0.014714655 -0.144308441
300765 765.000000 17758100000765000 0.699999988 0.717438576 0.008013374 -0.139790060
300766 766.000000 17758100000766000 0.699999988 0.717125760 0.007520944 -0.106886968
300767 767.000000 17758100000767000 0.699999988 0.717207291 -0.000013838 -0.110664401
300768 768.000000 17758100000768000 0.699999988 0.717121327 -0.006481203 -0.118785541
300769 769.000000 17758100000769000 0.699999988 0.717080522 -0.005989944 -0.098474938
300770 770.000000 17758100000770000 0.699999988 0.717306549 -0.010276439 -0.143141264
300771 771.000000 17758100000771000 0.699999988 0.717103383 -0.012847841 -0.106603775
300772 772.000000 17758100000772000 0.699999988 0.717306774 -0.017155151 -0.093117070
300773 773.000000 17758100000773000 0.699999988 0.716967602 -0.020626700 -0.083185936
300774 774.000000 17758100000774000 0.699999988 0.716781423 -0.037036492 -0.107732947
300775 775.000000 17758100000775000 0.699999988 0.717426070 -0.018336875 -0.097093520
300776 776.000000 17758100000776000 0.699999988 0.717366464 -0.021992876 -0.083523017
300777 777.000000 17758100000777000 0.699999988 0.717266645 -0.039701429 -0.099250925
300778 778.000000 17758100000778000 0.699999988 0.716861886 -0.039327485 -0.084080193
300779 779.000000 17758100000779000 0.699999988 0.716827484 -0.047058336 -0.074724139
300780 780.000000 17758100000780000 0.699999988 0.717081862 -0.047832739 -0.082914324
300781 781.000000 17758100000781000 0.699999988 0.716698708 -0.049340071 -0.080400174
300782 782.000000 17758100000782000 0.699999988 0.716943352 -0.049603345 -0.084093310
300783 783.000000 17758100000783000 0.699999988 0.716842371 -0.048969570 -0.062044193
300784 784.000000 17758100000784000 0.699999988 0.716404358 -0.052197448 -0.055438275
300785 785.000000 17758100000785000 0.699999988 0.716734901 -0.060320352 -0.070665711
300786 786.000000 17758100000786000 0.699999988 0.716434521 -0.067803385 -0.069323912
300787 787.000000 17758100000787000 0.699999988 0.716387219 -0.051447954 -0.080459258
300788 788.000000 17758100000788000 0.699999988 0.716412181 -0.059543249 -0.094396016
300789 789.000000 17758100000789000 0.699999988 0.716519452 -0.069450799 -0.047789673
300790 790.000000 17758100000790000 0.699999988 0.716353674 -0.073317919 -0.052452149
300791 791.000000 17758100000791000 0.699999988 0.716501792 -0.059943824 -0.021073396
300792 792.000000 17758100000792000 0.699999988 0.716307563 -0.075524576 -0.040743173
300793 793.000000 17758100000793000 0.699999988 0.716010117 -0.065342948 -0.058937888
300794 794.000000 17758100000794000 0.699999988 0.716108946 -0.076508841 -0.034084344
300795 795.000000 17758100000795000 0.699999988 0.716032466 -0.077882714 -0.048872495
300796 796.000000 17758100000796000 0.699999988 0.715827627 -0.076692954 -0.066895335
300797 797.000000 17758100000797000 0.699999988 0.715516466 -0.079987141 -0.065715037
300798 798.000000 17758100000798000 0.699999988 0.715803747 -0.080666872 -0.010075945
300799 799.000000 17758100000799000 0.699999988 0.715764151 -0.081177760 -0.022966339
300800 800.000000 17758100000800000 0.699999988 0.715434941 -0.088550264 -0.058613299
300801 801.000000 17758100000801000 0.699999988 0.715607703 -0.088355565 0.009987368
300802 802.000000 17758100000802000 0.699999988 0.715451037 -0.088093321 -0.024613238
300803 803.000000 17758100000803000 0.699999988 0.715376053 -0.086884144 -0.020840944
300804 804.000000 17758100000804000 0.699999988 0.715119480 -0.079769926 -0.036534560
300805 805.000000 17758100000805000 0.699999988 0.715110285 -0.079898714 -0.058914292
300806 806.000000 17758100000806000 0.699999988 0.715101108 -0.090231304 -0.040772285
300807 807.000000 17758100000807000 0.699999988 0.714975771 -0.089672931 0.002827437
300808 808.000000 17758100000808000 0.699999988 0.714823682 -0.094599751 0.007914180
300809 809.000000 17758100000809000 0.699999988 0.714692119 -0.089889796 -0.021881721
300810 810.000000 17758100000810000 0.699999988 0.714920087 -0.082453752 -0.008458968
300811 811.000000 17758100000811000 0.699999988 0.714654367 -0.086469148 0.029308601
300812 812.000000 17758100000812000 0.699999988 0.714495731 -0.083959207 0.002935628
300813 813.000000 17758100000813000 0.699999988 0.714513074 -0.092580916 0.001227629
300814 814.000000 17758100000814000 0.699999988 0.714138159 -0.096198825 -0.021738589
300815 815.000000 17758100000815000 0.699999988 0.713929988 -0.086420711 0.005593671
300816 816.000000 17758100000816000 0.699999988 0.714122184 -0.091519420 -0.001426879
300817 817.000000 17758100000817000 0.699999988 0.714329136 -0.086945947 0.011836517
300818 818.000000 17758100000818000 0.699999988 0.714356670 -0.088620530 -0.018526999
300819 819.000000 17758100000819000 0.699999988 0.713976654 -0.090848458 0.015495241
300820 820.000000 17758100000820000 0.699999988 0.713904227 -0.091165636 0.019185600
300821 821.000000 17758100000821000 0.699999988 0.714001847 -0.094609198 0.012009436
300822 822.000000 17758100000822000 0.699999988 0.713685972 -0.093152432 0.008595562
300823 823.000000 17758100000823000 0.699999988 0.713349796 -0.096972482 0.023719984
300824 824.000000 17758100000824000 0.699999988 0.713356220 -0.087500637 -0.008388776
300825 825.000000 17758100000825000 0.699999988 0.713160289 -0.091230861 -0.007447563
300826 826.000000 17758100000826000 0.699999988 0.713324127 -0.094923293 0.017526508
300827 827.000000 17758100000827000 0.699999988 0.713377741 -0.086957566 -0.026389711
300828 828.000000 17758100000828000 0.699999988 0.713114126 -0.088337478 0.004654023
300829 829.000000 17758100000829000 0.699999988 0.712803806 -0.088098310 -0.028082289
300830 830.000000 17758100000830000 0.699999988 0.713003116 -0.098828810 0.009762061
300831 831.000000 17758100000831000 0.699999988 0.712782084 -0.090285941 0.023534537
300832 832.000000 17758100000832000 0.699999988 0.712970181 -0.094744360 -0.009391398
300833 833.000000 17758100000833000 0.699999988 0.712513321 -0.093311285 0.030925689
300834 834.000000 17758100000834000 0.699999988 0.712547732 -0.088973970 0.019713111
300835 835.000000 17758100000835000 0.699999988 0.712338199 -0.092418978 -0.002499061
300836 836.000000 17758100000836000 0.699999988 0.712447394 -0.086717895 0.004429666
300837 837.000000 17758100000837000 0.699999988 0.712162805 -0.086769013 0.006787438
300838 838.000000 17758100000838000 0.699999988 0.712146487 -0.094717284 -0.006995995
300839 839.000000 17758100000839000 0.699999988 0.712047561 -0.096974157 0.013331207
300840 840.000000 17758100000840000 0.699999988 0.712005876 -0.089223181 0.033064000
300841 841.000000 17758100000841000 0.699999988 0.712053644 -0.088301006 -0.052132245
300842 842.000000 17758100000842000 0.699999988 0.711765658 -0.086443127 -0.003451728
300843 843.000000 17758100000843000 0.699999988 0.711949589 -0.092708778 0.009539654
300844 844.000000 17758100000844000 0.699999988 0.711654841 -0.092485033 -0.008761882
300845 845.000000 17758100000845000 0.699999988 0.711474958 -0.083578504 -0.005782470
300846 846.000000 17758100000846000 0.699999988 0.711489069 -0.082565403 0.025508707
300847 847.000000 17758100000847000 0.699999988 0.711370773 -0.084463516 0.032223042
300848 848.000000 17758100000848000 0.699999988 0.711264755 -0.075866380 0.005760701
300849 849.000000 17758100000849000 0.699999988 0.711158099 -0.079665180 0.059509945
300850 850.000000 17758100000850000 0.699999988 0.711179587 -0.085996511 0.027219055
300851 851.000000 17758100000851000 0.699999988 0.710948031 -0.083133951 -0.002690673
300852 852.000000 17758100000852000 0.699999988 0.710724081 -0.083503275 -0.014031956
300853 853.000000 17758100000853000 0.699999988 0.711007049 -0.081390100 -0.002316644
300854 854.000000 17758100000854000 0.699999988 0.710718047 -0.074522769 0.042491869
300855 855.000000 17758100000855000 0.699999988 0.710595422 -0.078041450 -0.005875312
300856 856.000000 17758100000856000 0.699999988 0.710630684 -0.076975041 0.017538351
300857 857.000000 17758100000857000 0.699999988 0.710658815 -0.072790553 0.008930671
300858 858.000000 17758100000858000 0.699999988 0.710462857 -0.075995125 0.008597148
300859 859.000000 17758100000859000 0.699999988 0.710185717 -0.074536805 0.008937807
300860 860.000000 17758100000860000 0.699999988 0.710267049 -0.069985948 0.016886657
300861 861.000000 17758100000861000 0.699999988 0.710475934 -0.072954334 0.007461426
300862 862.000000 17758100000862000 0.699999988 0.709957017 -0.080914478 -0.004201224
300863 863.000000 17758100000863000 0.699999988 0.710243377 -0.069521609 0.013221970
300864 864.000000 17758100000864000 0.699999988 0.710152524 -0.075268756 -0.016895816
300865 865.000000 17758100000865000 0.699999988 0.710074386 -0.066079481 0.016495299
300866 866.000000 17758100000866000 0.699999988 0.709637202 -0.060365574 0.020265416
300867 867.000000 17758100000867000 0.699999988 0.709655601 -0.071344017 0.016903448
300868 868.000000 17758100000868000 0.699999988 0.709647398 -0.068074720 0.026779086
300869 869.000000 17758100000869000 0.699999988 0.709639719 -0.068352728 0.021485283
300870 870.000000 17758100000870000 0.699999988 0.709638628 -0.067538244 0.040272931
300871 871.000000 17758100000871000 0.699999988 0.709580480 -0.067437065 0.026862632
300872 872.000000 17758100000872000 0.699999988 0.709416904 -0.068383862 0.021498913
300873 873.000000 17758100000873000 0.699999988 0.709362979 -0.072726384 0.020888552
300874 874.000000 17758100000874000 0.699999988 0.709559428 -0.064871060 0.045509579
300875 875.000000 17758100000875000 0.699999988 0.709157975 -0.056493854 -0.013002232
300876 876.000000 17758100000876000 0.699999988 0.709153708 -0.066723926 0.019170440
300877 877.000000 17758100000877000 0.699999988 0.709149230 -0.060965126 -0.010158900
300878 878.000000 17758100000878000 0.699999988 0.709004187 -0.060801084 0.019112983
300879 879.000000 17758100000879000 0.699999988 0.708835414 -0.067157043 0.000138396
300880 880.000000 17758100000880000 0.699999988 0.708952156 -0.060471348 0.003272773
300881 881.000000 17758100000881000 0.699999988 0.709178144 -0.063765401 0.004674217
300882 882.000000 17758100000882000 0.699999988 0.708951468 -0.052280693 0.041712226
300883 883.000000 17758100000883000 0.699999988 0.708563286 -0.063195576 0.041583997
300884 884.000000 17758100000884000 0.699999988 0.708596534 -0.057988969 0.072604078
300885 885.000000 17758100000885000 0.699999988 0.708903354 -0.057541280 -0.002390861
300886 886.000000 17758100000886000 0.699999988 0.708883771 -0.060721853 0.020796704
300887 887.000000 17758100000887000 0.699999988 0.708624934 -0.059678570 0.024553570
300888 888.000000 17758100000888000 0.699999988 0.708466421 -0.053413320 0.009458312
300889 889.000000 17758100000889000 0.699999988 0.708850641 -0.051492628 0.015034614
300890 890.000000 17758100000890000 0.699999988 0.708662313 -0.048139568 0.006552906
300891 891.000000 17758100000891000 0.699999988 0.708091121 -0.049332651 0.010843791
300892 892.000000 17758100000892000 0.699999988 0.708592580 -0.040823157 0.023853213
300893 893.000000 17758100000893000 0.699999988 0.708248649 -0.058251545 0.007353533
300894 894.000000 17758100000894000 0.699999988 0.708498784 -0.047624200 0.045841332
300895 895.000000 17758100000895000 0.699999988 0.708026831 -0.051879916 0.012078590
300896 896.000000 17758100000896000 0.699999988 0.708041164 -0.050137802 0.023956071
300897 897.000000 17758100000897000 0.699999988 0.707960053 -0.043906880 0.015964786
300898 898.000000 17758100000898000 0.699999988 0.707991541 -0.042050946 0.018377297
300899 899.000000 17758100000899000 0.699999988 0.707756755 -0.045504979 0.029226726
300900 900.000000 17758100000900000 0.699999988 0.708039818 -0.037859755 0.052405744
300901 901.000000 17758100000901000 0.699999988 0.707978743 -0.036648073 0.005672824
300902 902.000000 17758100000902000 0.699999988 0.707820169 -0.041249455 0.032221195
300903 903.000000 17758100000903000 0.699999988 0.707860285 -0.034748355 -0.029068956
300904 904.000000 17758100000904000 0.699999988 0.708046240 -0.042901495 -0.008858805
300905 905.000000 17758100000905000 0.699999988 0.707731632 -0.038527936 0.031669633
300906 906.000000 17758100000906000 0.699999988 0.707725762 -0.041120732 0.048422763
300907 907.000000 17758100000907000 0.699999988 0.707621672 -0.039907818 0.011756911
300908 908.000000 17758100000908000 0.699999988 0.707817439 -0.038046270 0.015796984
300909 909.000000 17758100000909000 0.699999988 0.707476625 -0.037721909 0.030495958
300910 910.000000 17758100000910000 0.699999988 0.707648467 -0.038177377 0.014793090
300911 911.000000 17758100000911000 0.699999988 0.707282095 -0.032422365 0.007070743
300912 912.000000 17758100000912000 0.699999988 0.707675086 -0.042833200 0.045599715
300913 913.000000 17758100000913000 0.699999988 0.707212886 -0.032758544 0.030578616
300914 914.000000 17758100000914000 0.699999988 0.707321593 -0.040618919 0.022497193
300915 915.000000 17758100000915000 0.699999988 0.707065120 -0.032608958 0.025873893
300916 916.000000 17758100000916000 0.699999988 0.707372865 -0.029563427 0.001469005
300917 917.000000 17758100000917000 0.699999988 0.707283932 -0.038667246 -0.004801385
300918 918.000000 17758100000918000 0.699999988 0.707368738 -0.033772639 0.029077384
300919 919.000000 17758100000919000 0.699999988 0.706758306 -0.036632206 0.021658032
300920 920.000000 17758100000920000 0.699999988 0.707014999 -0.036336501 0.040182447
300921 921.000000 17758100000921000 0.699999988 0.707145316 -0.030817670 -0.006732370
300922 922.000000 17758100000922000 0.699999988 0.707005291 -0.025656632 0.020084648
300923 923.000000 17758100000923000 0.699999988 0.707364683 -0.026993552 0.007495951
300924 924.000000 17758100000924000 0.699999988 0.707043433 -0.028348412 0.020683566
300925 925.000000 17758100000925000 0.699999988 0.707006853 -0.019074718 -0.008669544
300926 926.000000 17758100000926000 0.699999988 0.707062334 -0.037698759 0.022740773
300927 927.000000 17758100000927000 0.699999988 0.707247147 -0.031269234 0.009987943
300928 928.000000 17758100000928000 0.699999988 0.706937071 -0.029404722 0.002856328
300929 929.000000 17758100000929000 0.699999988 0.707054512 -0.022482335 -0.005770808
300930 930.000000 17758100000930000 0.699999988 0.706972415 -0.028157114 -0.002910213
300931 931.000000 17758100000931000 0.699999988 0.706842927 -0.023669232 0.027099875
300932 932.000000 17758100000932000 0.699999988 0.706610343 -0.020342568 0.037145353
300933 933.000000 17758100000933000 0.699999988 0.706629933 -0.017135365 0.010473211
300934 934.000000 17758100000934000 0.699999988 0.706792495 -0.025050628 0.023855629
300935 935.000000 17758100000935000 0.699999988 0.706486588 -0.017344703 0.006592388
300936 936.000000 17758100000936000 0.699999988 0.706643451 -0.029161495 0.016252531
300937 937.000000 17758100000937000 0.699999988 0.706796463 -0.031325849 0.011726883
300938 938.000000 17758100000938000 0.699999988 0.706356673 -0.020597126 0.018684392
300939 939.000000 17758100000939000 0.699999988 0.706829562 -0.027343990 -0.012183775
300940 940.000000 17758100000940000 0.699999988 0.707049379 -0.016701472 0.031818553
300941 941.000000 17758100000941000 0.699999988 0.706563256 -0.024654379 0.010693594
300942 942.000000 17758100000942000 0.699999988 0.706390539 -0.025584859 0.012367606
300943 943.000000 17758100000943000 0.699999988 0.706571953 -0.015766982 -0.005618066
300944 944.000000 17758100000944000 0.699999988 0.706627906 -0.015838922 0.020762794
300945 945.000000 17758100000945000 0.699999988 0.706793168 -0.019444019 0.017917863
300946 946.000000 17758100000946000 0.699999988 0.706465508 -0.008272665 -0.019047924
300947 947.000000 17758100000947000 0.699999988 0.706517855 -0.015597086 0.030422050
300948 948.000000 17758100000948000 0.699999988 0.705992523 -0.017688346 0.023539483
300949 949.000000 17758100000949000 0.699999988 0.706280445 -0.017573827 -0.008014093
300950 950.000000 17758100000950000 0.699999988 0.706431583 -0.020381305 0.021291589
300951 951.000000 17758100000951000 0.699999988 0.706669910 -0.017205979 -0.005256321
300952 952.000000 17758100000952000 0.699999988 0.706366942 -0.015877413 0.003492274
300953 953.000000 17758100000953000 0.699999988 0.706736054 -0.021149368 0.015876863
300954 954.000000 17758100000954000 0.699999988 0.706706781 -0.020773111 0.023326460
300955 955.000000 17758100000955000 0.699999988 0.706156375 -0.016750876 -0.021455920
300956 956.000000 17758100000956000 0.699999988 0.706671764 -0.015001118 0.009705670
300957 957.000000 17758100000957000 0.699999988 0.706565582 -0.011141391 -0.004102393
300958 958.000000 17758100000958000 0.699999988 0.706406062 -0.014484346 -0.019132127
300959 959.000000 17758100000959000 0.699999988 0.706104787 -0.014200569 0.018397731
300960 960.000000 17758100000960000 0.699999988 0.706537981 -0.014166293 0.006099595
300961 961.000000 17758100000961000 0.699999988 0.706060911 -0.017904225 -0.026262545
300962 962.000000 17758100000962000 0.699999988 0.706480233 -0.010125387 0.040398768
300963 963.000000 17758100000963000 0.699999988 0.705925557 -0.007490322 0.008072223
300964 964.000000 17758100000964000 0.699999988 0.706360774 -0.014664188 -0.021276285
300965 965.000000 17758100000965000 0.699999988 0.706236330 -0.014327850 -0.007830055
300966 966.000000 17758100000966000 0.699999988 0.706210867 -0.008095052 0.013674227
300967 967.000000 17758100000967000 0.699999988 0.706267740 -0.007443298 0.010529886
300968 968.000000 17758100000968000 0.699999988 0.706077551 -0.006454242 0.034590451
300969 969.000000 17758100000969000 0.699999988 0.706398588 -0.008196996 0.033054259
300970 970.000000 17758100000970000 0.699999988 0.706136639 -0.004638984 0.002463775
300971 971.000000 17758100000971000 0.699999988 0.706482187 -0.013185338 0.036133693
300972 972.000000 17758100000972000 0.699999988 0.705967983 -0.008156807 -0.009688394
300973 973.000000 17758100000973000 0.699999988 0.706234080 -0.005424073 0.029768118
300974 974.000000 17758100000974000 0.699999988 0.706239123 0.002784870 0.014440372
300975 975.000000 17758100000975000 0.699999988 0.706232622 -0.001323517 -0.009262049
300976 976.000000 17758100000976000 0.699999988 0.706393163 -0.011112126 -0.000596939
300977 977.000000 17758100000977000 0.699999988 0.706284037 0.000802116 -0.006219098
300978 978.000000 17758100000978000 0.699999988 0.706114696 -0.008475275 0.027409357
300979 979.000000 17758100000979000 0.699999988 0.706122626 -0.013271888 0.041354333
300980 980.000000 17758100000980000 0.699999988 0.706436283 -0.002915003 0.036661395
300981 981.000000 17758100000981000 0.699999988 0.706258646 -0.004497607 0.032700477
300982 982.000000 17758100000982000 0.699999988 0.706196673 0.000573301 -0.020322170
300983 983.000000 17758100000983000 0.699999988 0.706205928 -0.009815566 0.018870686
300984 984.000000 17758100000984000 0.699999988 0.706020920 -0.009467704 -0.032939290
300985 985.000000 17758100000985000 0.699999988 0.706113280 -0.006010492 0.046595902
300986 986.000000 17758100000986000 0.699999988 0.706085154 0.003916345 -0.011894207
300987 987.000000 17758100000987000 0.699999988 0.705895468 -0.002321963 0.003519902
300988 988.000000 17758100000988000 0.699999988 0.706006702 0.000828769 0.001423568
300989 989.000000 17758100000989000 0.699999988 0.706053527 -0.003503845 0.021865990
300990 990.000000 17758100000990000 0.699999988 0.706289701 -0.007843742 0.000754522
300991 991.000000 17758100000991000 0.699999988 0.706211117 -0.014525613 0.030230633
300992 992.000000 17758100000992000 0.699999988 0.706003848 -0.002781223 -0.024196773
300993 993.000000 17758100000993000 0.699999988 0.706074736 -0.000363308 0.000485223
300994 994.000000 17758100000994000 0.699999988 0.706251143 -0.010586776 0.001355523
300995 995.000000 17758100000995000 0.699999988 0.706138915 -0.001221519 -0.001584887
300996 996.000000 17758100000996000 0.699999988 0.706129691 -0.001498555 0.004170790
300997 997.000000 17758100000997000 0.699999988 0.706446629 0.003153600 0.023009823
300998 998.000000 17758100000998000 0.699999988 0.706208881 -0.012363805 0.008688725
300999 999.000000 17758100000999000 0.699999988 0.706329567 -0.001804592 0.040004519
301000 1000.000000 17758100001000000 0.699999988 0.706117119 0.010744015 -0.023659075
301001 1001.000000 17758100001001000 0.699999988 0.705699010 -0.004346964 -0.013150219
301002 1002.000000 17758100001002000 0.699999988 0.706101014 0.004568480 -0.009620850
301003 1003.000000 17758100001003000 0.699999988 0.706275603 -0.016549592 -0.007765337
301004 1004.000000 17758100001004000 0.699999988 0.706031450 -0.007181990 0.006491233
301005 1005.000000 17758100001005000 0.699999988 0.706328998 0.003514020 -0.043016284
301006 1006.000000 17758100001006000 0.699999988 0.706124380 -0.004355925 0.053171879
301007 1007.000000 17758100001007000 0.699999988 0.705829919 -0.001652685 0.012474219
301008 1008.000000 17758100001008000 0.699999988 0.706106059 0.000258863 -0.021979658
301009 1009.000000 17758100001009000 0.699999988 0.705967362 -0.012054531 0.021971823
301010 1010.000000 17758100001010000 0.699999988 0.706084499 -0.007600559 0.010616144
301011 1011.000000 17758100001011000 0.699999988 0.706079019 -0.000019973 -0.006918625
301012 1012.000000 17758100001012000 0.699999988 0.705858567 0.000696132 0.024593736
301013 1013.000000 17758100001013000 0.699999988 0.705637208 -0.001000111 -0.005405185
301014 1014.000000 17758100001014000 0.699999988 0.705978392 -0.011597267 0.037991927
301015 1015.000000 17758100001015000 0.699999988 0.706040425 0.005084961 -0.030699802
301016 1016.000000 17758100001016000 0.699999988 0.705594550 0.003034287 0.051050464
301017 1017.000000 17758100001017000 0.699999988 0.705766200 -0.003603802 0.022194839
301018 1018.000000 17758100001018000 0.699999988 0.705927716 -0.011976939 0.013594655
301019 1019.000000 17758100001019000 0.699999988 0.706128068 0.001650212 -0.009517583
301020 1020.000000 17758100001020000 0.699999988 0.706015933 0.010024545 0.001645514
301021 1021.000000 17758100001021000 0.699999988 0.705950602 -0.005165319 0.010776181
301022 1022.000000 17758100001022000 0.699999988 0.706226197 -0.008125465 -0.004877559
301023 1023.000000 17758100001023000 0.699999988 0.705862367 -0.009182422 0.031245182
301024 1024.000000 17758100001024000 0.699999988 0.706035555 -0.003603673 0.035103525
301025 1025.000000 17758100001025000 0.699999988 0.705809616 -0.002615868 -0.027489018
301026 1026.000000 17758100001026000 0.699999988 0.705878062 0.001096993 0.006467741
301027 1027.000000 17758100001027000 0.699999988 0.706079048 -0.003193336 -0.010755376
301028 1028.000000 17758100001028000 0.699999988 0.705764080 -0.005342235 -0.044522816
301029 1029.000000 17758100001029000 0.699999988 0.705965043 -0.003155976 0.014191704
301030 1030.000000 17758100001030000 0.699999988 0.706079747 0.003848780 0.006148058
301031 1031.000000 17758100001031000 0.699999988 0.706034023 -0.003958836 0.011400096
301032 1032.000000 17758100001032000 0.699999988 0.706045020 0.008301971 0.005664760
301033 1033.000000 17758100001033000 0.699999988 0.705751670 0.002792131 -0.003735874
301034 1034.000000 17758100001034000 0.699999988 0.705898482 -0.003551006 -0.002536969
301035 1035.000000 17758100001035000 0.699999988 0.706049804 0.004655875 -0.015984263
301036 1036.000000 17758100001036000 0.699999988 0.705854669 -0.000743231 0.022490437
301037 1037.000000 17758100001037000 0.699999988 0.705976732 0.000190024 0.024688053
301038 1038.000000 17758100001038000 0.699999988 0.706096465 0.001561057 -0.003106014
301039 1039.000000 17758100001039000 0.699999988 0.705854178 0.003655164 -0.009713480
301040 1040.000000 17758100001040000 0.699999988 0.705520101 -0.001919699 -0.000327506
301041 1041.000000 17758100001041000 0.699999988 0.706019996 0.002743912 -0.003467620
301042 1042.000000 17758100001042000 0.699999988 0.705706270 -0.005232219 0.016123222
301043 1043.000000 17758100001043000 0.699999988 0.705997686 0.001094252 -0.040774471
301044 1044.000000 17758100001044000 0.699999988 0.705755495 0.002756461 -0.028329971
301045 1045.000000 17758100001045000 0.699999988 0.706030032 -0.008915626 0.019937862
301046 1046.000000 17758100001046000 0.699999988 0.705846813 -0.002150374 -0.020834439
301047 1047.000000 17758100001047000 0.699999988 0.705949454 -0.000131451 0.029289928
301048 1048.000000 17758100001048000 0.699999988 0.706601252 0.000935643 0.021592527
301049 1049.000000 17758100001049000 0.699999988 0.706052781 0.009138047 -0.019235380
301050 1050.000000 17758100001050000 0.699999988 0.705946215 0.000171156 0.016291708
301051 1051.000000 17758100001051000 0.699999988 0.705862190 -0.000126741 -0.006823328
301052 1052.000000 17758100001052000 0.699999988 0.705799277 0.002998073 0.013901959
301053 1053.000000 17758100001053000 0.699999988 0.705762818 -0.011962474 -0.011958864
301054 1054.000000 17758100001054000 0.699999988 0.705871163 0.008713494 -0.000077919
301055 1055.000000 17758100001055000 0.699999988 0.705661560 0.000539937 -0.026686484
301056 1056.000000 17758100001056000 0.699999988 0.705942955 0.001404480 -0.033143034
301057 1057.000000 17758100001057000 0.699999988 0.705798246 0.001910462 -0.016884080
301058 1058.000000 17758100001058000 0.699999988 0.705794124 0.004377207 -0.043411871
301059 1059.000000 17758100001059000 0.699999988 0.706015527 0.001168548 0.004892711
301060 1060.000000 17758100001060000 0.699999988 0.706203893 -0.004728692 -0.033696615
301061 1061.000000 17758100001061000 0.699999988 0.705819766 -0.000577885 0.031377070
301062 1062.000000 17758100001062000 0.699999988 0.706034059 0.007613409 0.020154671
301063 1063.000000 17758100001063000 0.699999988 0.706332861 -0.000803873 0.026682476
301064 1064.000000 17758100001064000 0.699999988 0.705764039 -0.003957234 0.003278237
301065 1065.000000 17758100001065000 0.699999988 0.705649204 0.006004713 -0.006336728
301066 1066.000000 17758100001066000 0.699999988 0.706186270 -0.002994149 -0.007901501
301067 1067.000000 17758100001067000 0.699999988 0.705792865 0.001806468 0.013730409
301068 1068.000000 17758100001068000 0.699999988 0.706026150 -0.002823431 -0.015583038
301069 1069.000000 17758100001069000 0.699999988 0.705841709 -0.001497676 0.022506991
301070 1070.000000 17758100001070000 0.699999988 0.705774495 -0.005953241 0.011085893
301071 1071.000000 17758100001071000 0.699999988 0.705564329 -0.000395605 0.012008885
301072 1072.000000 17758100001072000 0.699999988 0.706014188 -0.004427855 0.011647852
301073 1073.000000 17758100001073000 0.699999988 0.706247915 0.001613626 -0.003608921
301074 1074.000000 17758100001074000 0.699999988 0.705883256 0.003272067 -0.005539992
301075 1075.000000 17758100001075000 0.699999988 0.705880818 -0.008473005 0.022192868
301076 1076.000000 17758100001076000 0.699999988 0.705733368 0.004487248 0.005255149
301077 1077.000000 17758100001077000 0.699999988 0.705972423 -0.003066247 0.018541647
301078 1078.000000 17758100001078000 0.699999988 0.705934694 -0.005758391 -0.007222269
301079 1079.000000 17758100001079000 0.699999988 0.706148189 -0.000853313 0.042481757
301080 1080.000000 17758100001080000 0.699999988 0.705924777 -0.002977218 0.018885396
301081 1081.000000 17758100001081000 0.699999988 0.705733999 -0.007280139 0.023476316
301082 1082.000000 17758100001082000 0.699999988 0.705608157 0.005766057 -0.004098387
301083 1083.000000 17758100001083000 0.699999988 0.705983445 -0.000755750 0.017068623
301084 1084.000000 17758100001084000 0.699999988 0.705828423 0.002686685 -0.001274801
301085 1085.000000 17758100001085000 0.699999988 0.706041793 0.000853021 0.006949995
301086 1086.000000 17758100001086000 0.699999988 0.705806285 0.003932261 0.013105131
301087 1087.000000 17758100001087000 0.699999988 0.706241716 -0.002035663 0.000967232
301088 1088.000000 17758100001088000 0.699999988 0.705596827 -0.004723644 0.015740894
301089 1089.000000 17758100001089000 0.699999988 0.705508987 -0.002837111 -0.011715192
301090 1090.000000 17758100001090000 0.699999988 0.706133104 -0.002203537 0.015527687
301091 1091.000000 17758100001091000 0.699999988 0.705965242 -0.003354628 -0.031240218
301092 1092.000000 17758100001092000 0.699999988 0.705975443 -0.007661328 0.007242730
301093 1093.000000 17758100001093000 0.699999988 0.705698643 0.006539086 0.002819463
301094 1094.000000 17758100001094000 0.699999988 0.706032939 -0.002833775 0.003243658
301095 1095.000000 17758100001095000 0.699999988 0.705994542 -0.000381986 0.027001005
301096 1096.000000 17758100001096000 0.699999988 0.706120090 -0.000492172 -0.010417054
301097 1097.000000 17758100001097000 0.699999988 0.706155824 0.005495054 0.018950297
301098 1098.000000 17758100001098000 0.699999988 0.705997795 0.003803310 0.001645313
301099 1099.000000 17758100001099000 0.699999988 0.705915889 0.004824899 0.025764428
301100 1100.000000 17758100001100000 0.699999988 0.705546089 -0.008216032 0.016917192
301101 1101.000000 17758100001101000 0.699999988 0.705946140 0.002221017 -0.016984059
301102 1102.000000 17758100001102000 0.699999988 0.706345372 0.002879429 0.014811232
301103 1103.000000 17758100001103000 0.699999988 0.706002616 -0.002838686 0.015833691
301104 1104.000000 17758100001104000 0.699999988 0.705979944 0.009273639 0.034674010
301105 1105.000000 17758100001105000 0.699999988 0.706164414 0.006695948 -0.008395076
301106 1106.000000 17758100001106000 0.699999988 0.705634910 -0.003556523 -0.004859111
301107 1107.000000 17758100001107000 0.699999988 0.705973187 -0.002936231 -0.023814467
301108 1108.000000 17758100001108000 0.699999988 0.705855949 -0.004912333 0.011792595
301109 1109.000000 17758100001109000 0.699999988 0.706037343 0.001601985 0.030641194
301110 1110.000000 17758100001110000 0.699999988 0.706119366 -0.001311362 -0.013008689
301111 1111.000000 17758100001111000 0.699999988 0.705616872 -0.003352187 -0.027835755
301112 1112.000000 17758100001112000 0.699999988 0.705960767 -0.013503772 0.019178357
301113 1113.000000 17758100001113000 0.699999988 0.705971472 0.000659657 -0.012236774
301114 1114.000000 17758100001114000 0.699999988 0.705939299 -0.002831392 -0.013755423
301115 1115.000000 17758100001115000 0.699999988 0.705813300 0.005636540 0.007658669
301116 1116.000000 17758100001116000 0.699999988 0.706118391 0.004332760 0.060743580
301117 1117.000000 17758100001117000 0.699999988 0.705722669 0.002448515 -0.020689218
301118 1118.000000 17758100001118000 0.699999988 0.706157025 -0.001261684 -0.016966888
301119 1119.000000 17758100001119000 0.699999988 0.706167554 0.011580867 0.018762985
301120 1120.000000 17758100001120000 0.699999988 0.706087213 -0.002380020 0.022864473
301121 1121.000000 17758100001121000 0.699999988 0.705848468 0.005968612 0.023362100
301122 1122.000000 17758100001122000 0.699999988 0.705738470 0.002317143 0.001156254
301123 1123.000000 17758100001123000 0.699999988 0.705796992 0.001490753 -0.003313373
301124 1124.000000 17758100001124000 0.699999988 0.706180358 0.000061158 0.010222461
301125 1125.000000 17758100001125000 0.699999988 0.706231725 0.004065495 0.023075508
301126 1126.000000 17758100001126000 0.699999988 0.706113560 0.002665431 -0.001144006
301127 1127.000000 17758100001127000 0.699999988 0.705620823 -0.001846891 -0.013363695
301128 1128.000000 17758100001128000 0.699999988 0.706126249 -0.006539290 0.007757087
301129 1129.000000 17758100001129000 0.699999988 0.705853157 -0.010009296 -0.001159406
301130 1130.000000 17758100001130000 0.699999988 0.705710448 0.002026740 0.049392668
301131 1131.000000 17758100001131000 0.699999988 0.706057561 0.003414174 -0.024423575
301132 1132.000000 17758100001132000 0.699999988 0.706173008 0.006735814 0.008660057
301133 1133.000000 17758100001133000 0.699999988 0.705754637 0.002394776 0.017094151
301134 1134.000000 17758100001134000 0.699999988 0.705723767 0.003722097 -0.008924139
301135 1135.000000 17758100001135000 0.699999988 0.706335619 -0.003619154 -0.021834518
301136 1136.000000 17758100001136000 0.699999988 0.706031069 -0.007027494 0.035888893
301137 1137.000000 17758100001137000 0.699999988 0.705914702 0.002128119 0.020711445
301138 1138.000000 17758100001138000 0.699999988 0.705996555 0.011596243 -0.012122164
301139 1139.000000 17758100001139000 0.699999988 0.706016690 0.002433318 0.001650812
301140 1140.000000 17758100001140000 0.699999988 0.705906700 -0.000100755 -0.019630783
301141 1141.000000 17758100001141000 0.699999988 0.705949201 -0.007070903 -0.013248712
301142 1142.000000 17758100001142000 0.699999988 0.705602700 -0.004737415 0.025633201
301143 1143.000000 17758100001143000 0.699999988 0.705772697 -0.006030634 -0.016530429
301144 1144.000000 17758100001144000 0.699999988 0.705864348 0.004829009 0.005245811
301145 1145.000000 17758100001145000 0.699999988 0.706240705 0.001695766 -0.032833104
301146 1146.000000 17758100001146000 0.699999988 0.705874357 -0.002403386 -0.013830483
301147 1147.000000 17758100001147000 0.699999988 0.706059682 0.005458635 0.015582621
301148 1148.000000 17758100001148000 0.699999988 0.705501380 0.003973867 0.002189581
301149 1149.000000 17758100001149000 0.699999988 0.705892762 -0.008810405 0.019890172
301150 1150.000000 17758100001150000 0.699999988 0.705905437 -0.000585782 -0.012832890
301151 1151.000000 17758100001151000 0.699999988 0.705583531 -0.000708783 -0.020615186
301152 1152.000000 17758100001152000 0.699999988 0.706136982 -0.008161097 0.025844218
301153 1153.000000 17758100001153000 0.699999988 0.705909802 -0.003416483 0.018705183
301154 1154.000000 17758100001154000 0.699999988 0.706129848 0.000892187 -0.005468591
301155 1155.000000 17758100001155000 0.699999988 0.705900820 0.001906747 -0.012159194
301156 1156.000000 17758100001156000 0.699999988 0.706222485 0.001827314 0.002039203
301157 1157.000000 17758100001157000 0.699999988 0.705492363 0.011226286 0.003931157
301158 1158.000000 17758100001158000 0.699999988 0.705840341 0.003613891 0.001125496
301159 1159.000000 17758100001159000 0.699999988 0.705800453 0.004336267 -0.000572070
301160 1160.000000 17758100001160000 0.699999988 0.705870901 0.001590064 -0.013762423
301161 1161.000000 17758100001161000 0.699999988 0.705994869 0.001064360 -0.017749345
301162 1162.000000 17758100001162000 0.699999988 0.706060896 0.003742059 0.053354092
301163 1163.000000 17758100001163000 0.699999988 0.705952404 0.002968388 -0.030140915
301164 1164.000000 17758100001164000 0.699999988 0.705827603 -0.000121710 -0.008218798
301165 1165.000000 17758100001165000 0.699999988 0.705915990 0.000813655 -0.013036383
301166 1166.000000 17758100001166000 0.699999988 0.705881920 -0.006441015 0.020215245
301167 1167.000000 17758100001167000 0.699999988 0.705763739 -0.001413180 -0.001301951
301168 1168.000000 17758100001168000 0.699999988 0.706071570 -0.010485852 -0.021289099
301169 1169.000000 17758100001169000 0.699999988 0.705890715 -0.004656139 -0.002473622
301170 1170.000000 17758100001170000 0.699999988 0.706023022 0.000485008 -0.032164006
301171 1171.000000 17758100001171000 0.699999988 0.706162500 0.008344062 -0.016609942
301172 1172.000000 17758100001172000 0.699999988 0.706051661 0.002211852 0.016641533
301173 1173.000000 17758100001173000 0.699999988 0.706257171 -0.005439046 0.002226779
301174 1174.000000 17758100001174000 0.699999988 0.706017045 0.002802702 -0.060282685
301175 1175.000000 17758100001175000 0.699999988 0.705798028 -0.001313409 0.005358110
301176 1176.000000 17758100001176000 0.699999988 0.706060086 0.002632844 0.006445458
301177 1177.000000 17758100001177000 0.699999988 0.705935892 0.007604623 0.009011172
301178 1178.000000 17758100001178000 0.699999988 0.706249518 0.007815836 -0.002856766
301179 1179.000000 17758100001179000 0.699999988 0.706104049 0.002534244 -0.005616234
301180 1180.000000 17758100001180000 0.699999988 0.705995043 0.005143623 -0.016862481
301181 1181.000000 17758100001181000 0.699999988 0.705668894 -0.006355781 -0.012764896
301182 1182.000000 17758100001182000 0.699999988 0.706022871 -0.001033822 0.006241912
301183 1183.000000 17758100001183000 0.699999988 0.705798437 -0.009271082 0.022276693
301184 1184.000000 17758100001184000 0.699999988 0.705928438 0.003776580 -0.008768775
301185 1185.000000 17758100001185000 0.699999988 0.706080892 -0.000374679 -0.002843304
301186 1186.000000 17758100001186000 0.699999988 0.706154531 -0.004289195 0.008801249
301187 1187.000000 17758100001187000 0.699999988 0.705699999 0.008612371 -0.007888475
301188 1188.000000 17758100001188000 0.699999988 0.706194827 -0.002159561 -0.020155486
301189 1189.000000 17758100001189000 0.699999988 0.705926432 0.003288749 -0.004730004
301190 1190.000000 17758100001190000 0.699999988 0.705866857 -0.002358423 -0.010343473
301191 1191.000000 17758100001191000 0.699999988 0.705872374 0.005028488 -0.033237312
301192 1192.000000 17758100001192000 0.699999988 0.705859553 0.008127584 0.031156257
301193 1193.000000 17758100001193000 0.699999988 0.705685877 -0.007314231 0.000278849
301194 1194.000000 17758100001194000 0.699999988 0.706018618 0.001887845 0.020664919
301195 1195.000000 17758100001195000 0.699999988 0.706026051 -0.006740564 -0.028166535
301196 1196.000000 17758100001196000 0.699999988 0.706282895 0.002305582 -0.009152195
301197 1197.000000 17758100001197000 0.699999988 0.705772950 -0.003063662 -0.010056834
301198 1198.000000 17758100001198000 0.699999988 0.705934390 -0.005814595 -0.032557378
301199 1199.000000 17758100001199000 0.699999988 0.705732532 0.001845321 -0.007464173
301200 1200.000000 17758100001200000 0.699999988 0.705952396 0.001836372 0.021315560
301201 1201.000000 17758100001201000 0.699999988 0.706019659 -0.002774639 -0.026863672
301202 1202.000000 17758100001202000 0.699999988 0.705801942 -0.000123140 0.002089995
301203 1203.000000 17758100001203000 0.699999988 0.705674790 0.006098666 -0.009571825
301204 1204.000000 17758100001204000 0.699999988 0.705919796 -0.006012570 0.020295378
301205 1205.000000 17758100001205000 0.699999988 0.706114418 -0.005684898 -0.021969721
301206 1206.000000 17758100001206000 0.699999988 0.705857943 -0.005071462 -0.021266745
301207 1207.000000 17758100001207000 0.699999988 0.705822412 -0.002685292 0.002370416
301208 1208.000000 17758100001208000 0.699999988 0.706011193 -0.000311727 -0.027554327
301209 1209.000000 17758100001209000 0.699999988 0.705781013 -0.002982004 -0.002661405
301210 1210.000000 17758100001210000 0.699999988 0.706022051 -0.004669198 0.000162915
301211 1211.000000 17758100001211000 0.699999988 0.706303010 -0.001558838 -0.005764723
301212 1212.000000 17758100001212000 0.699999988 0.705799099 0.004490887 -0.031717720
301213 1213.000000 17758100001213000 0.699999988 0.705762019 0.003384907 0.039008625
301214 1214.000000 17758100001214000 0.699999988 0.705941417 0.006598569 0.025802719
301215 1215.000000 17758100001215000 0.699999988 0.705844675 -0.012836765 0.015708315
301216 1216.000000 17758100001216000 0.699999988 0.705956766 0.007902679 -0.008240714
301217 1217.000000 17758100001217000 0.699999988 0.705811825 0.008971262 0.005896301
301218 1218.000000 17758100001218000 0.699999988 0.706061670 -0.001711051 -0.006572293
301219 1219.000000 17758100001219000 0.699999988 0.705852055 -0.004529147 -0.002538514
301220 1220.000000 17758100001220000 0.699999988 0.706042300 -0.001583113 -0.043026773
301221 1221.000000 17758100001221000 0.699999988 0.706152281 -0.000198999 -0.036336550
301222 1222.000000 17758100001222000 0.699999988 0.705797140 -0.000247308 -0.024722379
301223 1223.000000 17758100001223000 0.699999988 0.705914848 -0.004197714 0.008712978
301224 1224.000000 17758100001224000 0.699999988 0.705981950 0.005826318 -0.023268847
301225 1225.000000 17758100001225000 0.699999988 0.706090397 0.000218206 -0.021651473
301226 1226.000000 17758100001226000 0.699999988 0.705599048 -0.007124485 -0.007288975
301227 1227.000000 17758100001227000 0.699999988 0.705898229 0.013351216 -0.024063885
301228 1228.000000 17758100001228000 0.699999988 0.706045412 -0.008090186 0.011810555
301229 1229.000000 17758100001229000 0.699999988 0.705836806 0.005494828 0.000144208
301230 1230.000000 17758100001230000 0.699999988 0.705692876 -0.004493075 -0.022447919
301231 1231.000000 17758100001231000 0.699999988 0.705604768 0.008205335 -0.006402762
301232 1232.000000 17758100001232000 0.699999988 0.706037548 0.001846172 -0.009081576
301233 1233.000000 17758100001233000 0.699999988 0.705870950 -0.000319539 -0.001251825
301234 1234.000000 17758100001234000 0.699999988 0.706064057 -0.005511384 -0.011635417
301235 1235.000000 17758100001235000 0.699999988 0.705365982 -0.007560061 -0.050998100
301236 1236.000000 17758100001236000 0.699999988 0.705884380 0.011527158 -0.036430180
301237 1237.000000 17758100001237000 0.699999988 0.706091176 0.011733793 -0.010565208
301238 1238.000000 17758100001238000 0.699999988 0.705913307 0.009176031 -0.005093260
301239 1239.000000 17758100001239000 0.699999988 0.706020926 0.007182252 -0.029677858
301240 1240.000000 17758100001240000 0.699999988 0.705674606 -0.010890527 -0.047891175
301241 1241.000000 17758100001241000 0.699999988 0.706037238 -0.001268803 0.017510590
301242 1242.000000 17758100001242000 0.699999988 0.705885997 -0.001712512 -0.027199310
301243 1243.000000 17758100001243000 0.699999988 0.705607533 -0.007758465 -0.008939765
301244 1244.000000 17758100001244000 0.699999988 0.706089454 0.004513765 -0.014940448
301245 1245.000000 17758100001245000 0.699999988 0.705694212 -0.000233857 0.012198742
301246 1246.000000 17758100001246000 0.699999988 0.705835621 0.001475843 0.018828465
301247 1247.000000 17758100001247000 0.699999988 0.705914610 -0.007504629 -0.018040521
301248 1248.000000 17758100001248000 0.699999988 0.705707387 -0.001676040 0.032664685
301249 1249.000000 17758100001249000 0.699999988 0.706075776 0.001008160 -0.039690407
301250 1250.000000 17758100001250000 0.699999988 0.706140586 -0.003274504 -0.037092451
301251 1251.000000 17758100001251000 0.699999988 0.705904537 0.004060779 -0.048304090
301252 1252.000000 17758100001252000 0.699999988 0.706173545 0.000588435 0.033192603
301253 1253.000000 17758100001253000 0.699999988 0.705969811 0.002388578 0.044284071
301254 1254.000000 17758100001254000 0.699999988 0.706266664 -0.004187372 -0.034472394
301255 1255.000000 17758100001255000 0.699999988 0.705648651 0.001953081 0.023080852
301256 1256.000000 17758100001256000 0.699999988 0.705575118 0.004195568 -0.013651724
301257 1257.000000 17758100001257000 0.699999988 0.706375923 -0.002218948 0.003360519
301258 1258.000000 17758100001258000 0.699999988 0.706102987 0.010839601 0.006525042
301259 1259.000000 17758100001259000 0.699999988 0.705857807 -0.005107756 0.007119252
301260 1260.000000 17758100001260000 0.699999988 0.706162258 -0.002648142 0.013912233
301261 1261.000000 17758100001261000 0.699999988 0.705590046 -0.008530840 0.007688875
301262 1262.000000 17758100001262000 0.699999988 0.705839511 0.008591514 0.019302695
301263 1263.000000 17758100001263000 0.699999988 0.705920520 -0.000035636 0.024157084
301264 1264.000000 17758100001264000 0.699999988 0.706302255 0.004585919 0.006178099
301265 1265.000000 17758100001265000 0.699999988 0.706159791 -0.003454498 -0.004502986
301266 1266.000000 17758100001266000 0.699999988 0.706001696 -0.002358121 0.005533047
301267 1267.000000 17758100001267000 0.699999988 0.705982050 0.004834172 -0.022370550
301268 1268.000000 17758100001268000 0.699999988 0.706341952 -0.002667928 0.008185142
301269 1269.000000 17758100001269000 0.699999988 0.706014837 -0.002500969 -0.021103158
301270 1270.000000 17758100001270000 0.699999988 0.705933997 -0.002980945 0.000030187
301271 1271.000000 17758100001271000 0.699999988 0.705618446 0.003141698 -0.019762418
301272 1272.000000 17758100001272000 0.699999988 0.705728993 0.000228532 -0.003659132
301273 1273.000000 17758100001273000 0.699999988 0.705732208 0.000051396 0.010835522
301274 1274.000000 17758100001274000 0.699999988 0.705921660 -0.003676208 0.008183739
301275 1275.000000 17758100001275000 0.699999988 0.705799010 0.001757228 0.021642550
301276 1276.000000 17758100001276000 0.699999988 0.706025294 -0.003278992 -0.009726021
301277 1277.000000 17758100001277000 0.699999988 0.706029391 -0.000874211 0.003918660
301278 1278.000000 17758100001278000 0.699999988 0.705714667 0.003133288 0.015336106
301279 1279.000000 17758100001279000 0.699999988 0.706096434 0.000860465 -0.015192104
301280 1280.000000 17758100001280000 0.699999988 0.705747850 0.007258099 -0.009137829
301281 1281.000000 17758100001281000 0.699999988 0.705742353 -0.002066227 -0.004298579
301282 1282.000000 17758100001282000 0.699999988 0.705949823 -0.002647032 -0.014942362
301283 1283.000000 17758100001283000 0.699999988 0.705799191 -0.005247177 -0.019877895
301284 1284.000000 17758100001284000 0.699999988 0.706001743 0.003028991 -0.004543535
301285 1285.000000 17758100001285000 0.699999988 0.705855880 0.003763094 0.007767165
301286 1286.000000 17758100001286000 0.699999988 0.705812708 -0.004108953 -0.001071656
301287 1287.000000 17758100001287000 0.699999988 0.705958929 -0.010560771 0.012503705
301288 1288.000000 17758100001288000 0.699999988 0.706009691 0.002382748 0.009922075
301289 1289.000000 17758100001289000 0.699999988 0.705955326 0.002008498 -0.049973823
301290 1290.000000 17758100001290000 0.699999988 0.705813481 0.000244426 -0.003521878
301291 1291.000000 17758100001291000 0.699999988 0.706143605 -0.010983100 0.006632858
301292 1292.000000 17758100001292000 0.699999988 0.705811669 -0.001567891 0.038234238
301293 1293.000000 17758100001293000 0.699999988 0.706026440 0.005083510 0.015401358
301294 1294.000000 17758100001294000 0.699999988 0.705965039 0.001203789 -0.021819657
301295 1295.000000 17758100001295000 0.699999988 0.706047855 -0.008055004 -0.030441497
301296 1296.000000 17758100001296000 0.699999988 0.705923275 -0.000179260 -0.029956613
301297 1297.000000 17758100001297000 0.699999988 0.705536052 0.008717850 0.003212771
301298 1298.000000 17758100001298000 0.699999988 0.705918688 0.002678200 0.014723094
301299 1299.000000 17758100001299000 0.699999988 0.705636405 -0.001943154 -0.001901689
301300 1300.000000 17758100001300000 0.699999988 0.705850968 0.001672803 0.004774790
301301 1301.000000 17758100001301000 0.699999988 0.706004440 0.007301987 0.020088230
301302 1302.000000 17758100001302000 0.699999988 0.706043554 0.001178552 -0.029360761
301303 1303.000000 17758100001303000 0.699999988 0.706093840 -0.004670835 -0.027584051
301304 1304.000000 17758100001304000 0.699999988 0.705740368 -0.004289490 0.011488905
301305 1305.000000 17758100001305000 0.699999988 0.705928205 0.000055697 0.008589577
301306 1306.000000 17758100001306000 0.699999988 0.706126371 0.007812961 0.002768708
301307 1307.000000 17758100001307000 0.699999988 0.705938745 0.002117954 0.014712433
301308 1308.000000 17758100001308000 0.699999988 0.706171963 -0.009713178 -0.007095799
301309 1309.000000 17758100001309000 0.699999988 0.706127866 0.006382724 -0.024225235
301310 1310.000000 17758100001310000 0.699999988 0.705955825 -0.001840833 -0.002263882
301311 1311.000000 17758100001311000 0.699999988 0.705981731 0.007073696 -0.018065198
301312 1312.000000 17758100001312000 0.699999988 0.705929409 -0.000244491 0.000484556
301313 1313.000000 17758100001313000 0.699999988 0.706069828 -0.005724245 -0.034810532
301314 1314.000000 17758100001314000 0.699999988 0.706320332 -0.000921275 -0.024934757
301315 1315.000000 17758100001315000 0.699999988 0.705861012 0.004101132 -0.018698287
301316 1316.000000 17758100001316000 0.699999988 0.705647515 -0.012917314 -0.017180663
301317 1317.000000 17758100001317000 0.699999988 0.705996756 -0.008147325 -0.003192637
301318 1318.000000 17758100001318000 0.699999988 0.706093744 -0.002195509 0.003905513
301319 1319.000000 17758100001319000 0.699999988 0.705742401 -0.000982411 0.001767437
301320 1320.000000 17758100001320000 0.699999988 0.705912092 0.000049728 0.021319696
301321 1321.000000 17758100001321000 0.699999988 0.705673394 -0.007771580 0.030636581
301322 1322.000000 17758100001322000 0.699999988 0.706032950 -0.002150179 0.016513533
301323 1323.000000 17758100001323000 0.699999988 0.705941857 0.003303128 -0.039169812
301324 1324.000000 17758100001324000 0.699999988 0.706046173 -0.002102413 -0.001505740
301325 1325.000000 17758100001325000 0.699999988 0.705983927 0.000876936 0.008764646
301326 1326.000000 17758100001326000 0.699999988 0.705954854 -0.005881521 0.003080383
301327 1327.000000 17758100001327000 0.699999988 0.705690772 -0.004118374 -0.016368674
301328 1328.000000 17758100001328000 0.699999988 0.705952966 -0.000123900 -0.016640328
301329 1329.000000 17758100001329000 0.699999988 0.706124341 0.004009543 0.003337515
301330 1330.000000 17758100001330000 0.699999988 0.706029681 -0.001918052 -0.001777016
301331 1331.000000 17758100001331000 0.699999988 0.706041155 -0.001164158 -0.035902729
301332 1332.000000 17758100001332000 0.699999988 0.706195333 0.002749711 0.027914995
301333 1333.000000 17758100001333000 0.699999988 0.705940401 0.002397259 -0.020949871
301334 1334.000000 17758100001334000 0.699999988 0.705918023 -0.000998840 0.012276072
301335 1335.000000 17758100001335000 0.699999988 0.706317060 -0.006551711 -0.001437582
301336 1336.000000 17758100001336000 0.699999988 0.705943507 -0.001801257 0.023991805
301337 1337.000000 17758100001337000 0.699999988 0.705576205 -0.007063064 0.028528636
301338 1338.000000 17758100001338000 0.699999988 0.706112199 0.000995285 0.016555100
301339 1339.000000 17758100001339000 0.699999988 0.705928256 0.002718012 -0.013862281
301340 1340.000000 17758100001340000 0.699999988 0.706149441 -0.001318542 0.016496488
301341 1341.000000 17758100001341000 0.699999988 0.705813922 0.000287901 0.010417589
301342 1342.000000 17758100001342000 0.699999988 0.705725006 -0.004410310 -0.001152719
301343 1343.000000 17758100001343000 0.699999988 0.705976974 -0.001720131 -0.006745004
301344 1344.000000 17758100001344000 0.699999988 0.706027591 -0.004316396 -0.008170364
301345 1345.000000 17758100001345000 0.699999988 0.705798044 0.000884021 -0.000476954
301346 1346.000000 17758100001346000 0.699999988 0.706224615 -0.000413586 -0.005565101
301347 1347.000000 17758100001347000 0.699999988 0.706062400 -0.004565644 0.006421308
301348 1348.000000 17758100001348000 0.699999988 0.705589393 -0.000152227 0.004322240
301349 1349.000000 17758100001349000 0.699999988 0.705997170 -0.001378219 -0.047784431
301350 1350.000000 17758100001350000 0.699999988 0.706328342 -0.001855016 0.010621734
301351 1351.000000 17758100001351000 0.699999988 0.705814460 -0.009247832 0.035120916
301352 1352.000000 17758100001352000 0.699999988 0.705987330 0.008783174 0.032648836
301353 1353.000000 17758100001353000 0.699999988 0.705879238 -0.002507334 -0.006035861
301354 1354.000000 17758100001354000 0.699999988 0.705901662 -0.003820759 0.030685197
301355 1355.000000 17758100001355000 0.699999988 0.706017475 -0.008392837 -0.024831094
301356 1356.000000 17758100001356000 0.699999988 0.705942676 0.002298913 0.011964815
301357 1357.000000 17758100001357000 0.699999988 0.705860133 -0.003816085 -0.005991148
301358 1358.000000 17758100001358000 0.699999988 0.706096263 -0.009246061 0.003299752
301359 1359.000000 17758100001359000 0.699999988 0.706200295 -0.005796301 0.007046518
301360 1360.000000 17758100001360000 0.699999988 0.706005290 0.002223201 -0.020156274
301361 1361.000000 17758100001361000 0.699999988 0.705917255 -0.001869523 0.000324691
301362 1362.000000 17758100001362000 0.699999988 0.705684980 0.000781322 0.011883921
301363 1363.000000 17758100001363000 0.699999988 0.706137905 -0.000236772 0.025546251
301364 1364.000000 17758100001364000 0.699999988 0.706202732 0.005195689 0.013835531
301365 1365.000000 17758100001365000 0.699999988 0.705734812 -0.009064265 -0.025902563
301366 1366.000000 17758100001366000 0.699999988 0.705489969 -0.008154806 -0.028081425
301367 1367.000000 17758100001367000 0.699999988 0.705582122 -0.002101302 0.029300233
301368 1368.000000 17758100001368000 0.699999988 0.705782469 -0.000360391 0.003188867
301369 1369.000000 17758100001369000 0.699999988 0.705971980 -0.003139854 0.007861889
301370 1370.000000 17758100001370000 0.699999988 0.705986916 -0.008537379 -0.016045161
301371 1371.000000 17758100001371000 0.699999988 0.705845385 -0.002994775 -0.016318703
301372 1372.000000 17758100001372000 0.699999988 0.706064700 0.001495493 -0.016983872
301373 1373.000000 17758100001373000 0.699999988 0.705902185 0.005261255 0.008805984
301374 1374.000000 17758100001374000 0.699999988 0.705822804 -0.001353016 0.005835696
301375 1375.000000 17758100001375000 0.699999988 0.705993916 0.003058472 0.010413806
301376 1376.000000 17758100001376000 0.699999988 0.706222080 -0.002326467 -0.001024851
301377 1377.000000 17758100001377000 0.699999988 0.705911606 0.007807201 -0.030528036
301378 1378.000000 17758100001378000 0.699999988 0.706097764 0.001500902 -0.020674115
301379 1379.000000 17758100001379000 0.699999988 0.706227820 -0.006441236 -0.010732339
301380 1380.000000 17758100001380000 0.699999988 0.705911967 0.002076449 -0.014874022
301381 1381.000000 17758100001381000 0.699999988 0.705990809 -0.000820065 -0.022241300
301382 1382.000000 17758100001382000 0.699999988 0.705830808 0.002499925 0.009054094
301383 1383.000000 17758100001383000 0.699999988 0.706289687 -0.005095063 0.002953243
301384 1384.000000 17758100001384000 0.699999988 0.705910014 -0.002543857 -0.043639742
301385 1385.000000 17758100001385000 0.699999988 0.706059266 -0.002724772 -0.029605594
301386 1386.000000 17758100001386000 0.699999988 0.706039041 -0.002825597 0.021698535
301387 1387.000000 17758100001387000 0.699999988 0.705798816 -0.002669567 0.018383690
301388 1388.000000 17758100001388000 0.699999988 0.706280892 -0.002237534 -0.006149744
301389 1389.000000 17758100001389000 0.699999988 0.705898658 -0.001019030 -0.026152860
301390 1390.000000 17758100001390000 0.699999988 0.705951838 0.000838575 0.012390246
301391 1391.000000 17758100001391000 0.699999988 0.705617498 -0.000678629 0.012611696
301392 1392.000000 17758100001392000 0.699999988 0.705728456 0.001621115 0.021106295
301393 1393.000000 17758100001393000 0.699999988 0.705606190 0.004418530 0.015133189
301394 1394.000000 17758100001394000 0.699999988 0.705696008 -0.003625237 0.022031610
301395 1395.000000 17758100001395000 0.699999988 0.706133734 0.005982095 0.000872748
301396 1396.000000 17758100001396000 0.699999988 0.705984187 -0.003693792 0.019907894
301397 1397.000000 17758100001397000 0.699999988 0.705829813 0.002460878 -0.033812658
301398 1398.000000 17758100001398000 0.699999988 0.705635412 -0.001749929 -0.004518982
301399 1399.000000 17758100001399000 0.699999988 0.706022157 0.002501903 0.008409053
301400 1400.000000 17758100001400000 0.699999988 0.705964036 -0.003398838 0.000156464
301401 1401.000000 17758100001401000 0.699999988 0.705896810 -0.008757168 0.020075151
301402 1402.000000 17758100001402000 0.699999988 0.705794948 -0.009762229 0.026140565
301403 1403.000000 17758100001403000 0.699999988 0.705670171 0.000490885 -0.044846948
301404 1404.000000 17758100001404000 0.699999988 0.705538708 -0.000525540 0.001573816
301405 1405.000000 17758100001405000 0.699999988 0.705802165 0.002732285 -0.022980147
301406 1406.000000 17758100001406000 0.699999988 0.705469527 0.002842375 0.020695797
301407 1407.000000 17758100001407000 0.699999988 0.705859659 -0.007157935 0.011995816
301408 1408.000000 17758100001408000 0.699999988 0.706171230 -0.002041818 -0.014388040
301409 1409.000000 17758100001409000 0.699999988 0.705571176 0.002155492 -0.005101334
301410 1410.000000 17758100001410000 0.699999988 0.706162977 -0.003945528 0.017019523
301411 1411.000000 17758100001411000 0.699999988 0.705480376 0.000976532 -0.003846637
301412 1412.000000 17758100001412000 0.699999988 0.705853979 -0.004467144 -0.007126619
301413 1413.000000 17758100001413000 0.699999988 0.706138060 0.001235522 -0.007967927
301414 1414.000000 17758100001414000 0.699999988 0.706177162 -0.000315943 -0.017809188
301415 1415.000000 17758100001415000 0.699999988 0.706245546 -0.006800175 0.016347175
301416 1416.000000 17758100001416000 0.699999988 0.706311358 0.002604464 -0.012864177
301417 1417.000000 17758100001417000 0.699999988 0.705995839 -0.001568975 0.010321958
301418 1418.000000 17758100001418000 0.699999988 0.706176152 0.002143703 -0.004375101
301419 1419.000000 17758100001419000 0.699999988 0.705904556 0.010003954 -0.047569074
301420 1420.000000 17758100001420000 0.699999988 0.705604019 0.008218829 0.010476947
301421 1421.000000 17758100001421000 0.699999988 0.706044382 -0.003067564 0.014333101
301422 1422.000000 17758100001422000 0.699999988 0.705887244 0.002291832 -0.008292309
301423 1423.000000 17758100001423000 0.699999988 0.705928635 0.001624998 0.032713858
301424 1424.000000 17758100001424000 0.699999988 0.705786356 0.000512359 0.004565662
301425 1425.000000 17758100001425000 0.699999988 0.706003235 0.008186726 -0.002429114
301426 1426.000000 17758100001426000 0.699999988 0.705784765 -0.000275699 0.020885637
301427 1427.000000 17758100001427000 0.699999988 0.706102786 0.005111422 -0.006993131
301428 1428.000000 17758100001428000 0.699999988 0.705826754 -0.008145495 0.003231384
301429 1429.000000 17758100001429000 0.699999988 0.705822482 -0.006702344 -0.017174266
301430 1430.000000 17758100001430000 0.699999988 0.705982364 -0.007374553 0.016378432
301431 1431.000000 17758100001431000 0.699999988 0.705906369 -0.010139688 0.003397994
301432 1432.000000 17758100001432000 0.699999988 0.705762152 -0.002473044 -0.007239278
301433 1433.000000 17758100001433000 0.699999988 0.705841577 -0.005286985 0.017415997
301434 1434.000000 17758100001434000 0.699999988 0.706146354 -0.002621873 0.013250337
301435 1435.000000 17758100001435000 0.699999988 0.705736259 0.001247129 -0.005107351
301436 1436.000000 17758100001436000 0.699999988 0.705761518 -0.005518439 -0.014618851
301437 1437.000000 17758100001437000 0.699999988 0.705968154 0.003485972 0.012612001
301438 1438.000000 17758100001438000 0.699999988 0.705327902 -0.007480780 -0.024188116
301439 1439.000000 17758100001439000 0.699999988 0.705824167 -0.009683726 -0.013631054
301440 1440.000000 17758100001440000 0.699999988 0.705913024 -0.000810879 -0.011645704
301441 1441.000000 17758100001441000 0.699999988 0.705781341 -0.008621466 0.002637351
301442 1442.000000 17758100001442000 0.699999988 0.705709965 0.000399890 -0.008260335
301443 1443.000000 17758100001443000 0.699999988 0.705746874 -0.001490285 -0.011610786
301444 1444.000000 17758100001444000 0.699999988 0.705742655 -0.002118235 0.017168000
301445 1445.000000 17758100001445000 0.699999988 0.705773889 0.005745206 -0.004368501
301446 1446.000000 17758100001446000 0.699999988 0.705907185 -0.004341077 -0.004397170
301447 1447.000000 17758100001447000 0.699999988 0.705966113 0.002185288 -0.015090773
301448 1448.000000 17758100001448000 0.699999988 0.705970956 -0.001436826 -0.011075209
301449 1449.000000 17758100001449000 0.699999988 0.705929659 0.004886073 -0.026264063
301450 1450.000000 17758100001450000 0.699999988 0.705911010 0.005168433 0.005207932
301451 1451.000000 17758100001451000 0.699999988 0.705866376 -0.008199795 0.019475994
301452 1452.000000 17758100001452000 0.699999988 0.705654009 -0.002599460 0.016535430
301453 1453.000000 17758100001453000 0.699999988 0.706249805 -0.000406731 0.011309448
301454 1454.000000 17758100001454000 0.699999988 0.705747325 -0.009846690 0.034898674
301455 1455.000000 17758100001455000 0.699999988 0.705747890 -0.001966719 0.031340731
301456 1456.000000 17758100001456000 0.699999988 0.705751427 -0.006524692 0.000864874
301457 1457.000000 17758100001457000 0.699999988 0.705628242 -0.005473667 -0.020035189
301458 1458.000000 17758100001458000 0.699999988 0.705679757 0.004816687 0.019662799
301459 1459.000000 17758100001459000 0.699999988 0.705971649 0.002113452 0.006145264
301460 1460.000000 17758100001460000 0.699999988 0.705826685 0.008678521 0.028158340
301461 1461.000000 17758100001461000 0.699999988 0.705775241 -0.004478906 -0.011512554
301462 1462.000000 17758100001462000 0.699999988 0.705842948 -0.001025270 0.003792328
301463 1463.000000 17758100001463000 0.699999988 0.705613882 0.004436108 -0.001561219
301464 1464.000000 17758100001464000 0.699999988 0.705828588 0.002809889 0.015480076
301465 1465.000000 17758100001465000 0.699999988 0.705907147 0.001011714 -0.015995691
301466 1466.000000 17758100001466000 0.699999988 0.705559697 0.002746802 0.029330032
301467 1467.000000 17758100001467000 0.699999988 0.705683667 0.003202424 -0.041838068
301468 1468.000000 17758100001468000 0.699999988 0.706063273 -0.001640503 -0.012816679
301469 1469.000000 17758100001469000 0.699999988 0.706107622 -0.002759829 -0.002576913
301470 1470.000000 17758100001470000 0.699999988 0.705730293 -0.003978629 -0.017962997
301471 1471.000000 17758100001471000 0.699999988 0.705702477 0.006603326 -0.036778158
301472 1472.000000 17758100001472000 0.699999988 0.705957618 0.000035940 0.044940486
301473 1473.000000 17758100001473000 0.699999988 0.705881635 -0.001280571 -0.022031456
301474 1474.000000 17758100001474000 0.699999988 0.705884391 0.004476903 -0.008086774
301475 1475.000000 17758100001475000 0.699999988 0.705885222 -0.007840154 0.036986764
301476 1476.000000 17758100001476000 0.699999988 0.705443347 -0.007933752 0.020399864
301477 1477.000000 17758100001477000 0.699999988 0.705514035 0.002791379 -0.032853662
301478 1478.000000 17758100001478000 0.699999988 0.705576280 0.004780371 -0.000386896
301479 1479.000000 17758100001479000 0.699999988 0.705691601 -0.006889757 -0.021355586
301480 1480.000000 17758100001480000 0.699999988 0.705659188 0.003815588 0.003144625
301481 1481.000000 17758100001481000 0.699999988 0.705637977 0.006263743 0.004316398
301482 1482.000000 17758100001482000 0.699999988 0.706145343 0.003670529 -0.030857356
301483 1483.000000 17758100001483000 0.699999988 0.706013411 -0.006356768 0.010536514
301484 1484.000000 17758100001484000 0.699999988 0.705845213 -0.004265887 -0.017699990
301485 1485.000000 17758100001485000 0.699999988 0.705399642 0.004064275 0.013945183
301486 1486.000000 17758100001486000 0.699999988 0.705841844 -0.004190544 0.028776282
301487 1487.000000 17758100001487000 0.699999988 0.705625292 -0.003171453 -0.006901868
301488 1488.000000 17758100001488000 0.699999988 0.705755499 0.000056251 -0.004404857
301489 1489.000000 17758100001489000 0.699999988 0.705759626 -0.006313106 0.009812954
301490 1490.000000 17758100001490000 0.699999988 0.706068160 0.000933335 0.019076032
301491 1491.000000 17758100001491000 0.699999988 0.705764918 0.000317725 0.000382216
301492 1492.000000 17758100001492000 0.699999988 0.705860101 -0.003391448 0.027086851
301493 1493.000000 17758100001493000 0.699999988 0.705933639 -0.006625962 0.018573803
301494 1494.000000 17758100001494000 0.699999988 0.705393755 -0.011066038 -0.009134778
301495 1495.000000 17758100001495000 0.699999988 0.706033249 -0.001835632 -0.019312575
301496 1496.000000 17758100001496000 0.699999988 0.706334546 -0.007576149 0.024287388
301497 1497.000000 17758100001497000 0.699999988 0.705747100 0.002292320 -0.004849659
301498 1498.000000 17758100001498000 0.699999988 0.705446848 0.001541495 0.016408193
301499 1499.000000 17758100001499000 0.699999988 0.705760303 -0.007581642 0.015225025
301500 1500.000000 17758100001500000 0.699999988 0.705725667 -0.000769973 0.026157042
301501 1501.000000 17758100001501000 0.699999988 0.705834355 0.005477437 0.044289056
301502 1502.000000 17758100001502000 0.699999988 0.705879502 -0.003096151 -0.010557993
301503 1503.000000 17758100001503000 0.699999988 0.705667530 0.000604257 -0.011395854
301504 1504.000000 17758100001504000 0.699999988 0.705988149 0.001604378 0.041543440
301505 1505.000000 17758100001505000 0.699999988 0.705176524 -0.008172901 0.003161859
301506 1506.000000 17758100001506000 0.699999988 0.705801408 -0.005296278 -0.035312081
301507 1507.000000 17758100001507000 0.699999988 0.705897687 0.001996934 0.005866090
301508 1508.000000 17758100001508000 0.699999988 0.706063942 0.004256447 0.012177254
301509 1509.000000 17758100001509000 0.699999988 0.706062374 0.000756975 -0.006677842
301510 1510.000000 17758100001510000 0.699999988 0.706086944 -0.000582696 -0.022247968
301511 1511.000000 17758100001511000 0.699999988 0.705947177 0.002767649 0.024214210
301512 1512.000000 17758100001512000 0.699999988 0.705491688 -0.007555366 -0.001222382
301513 1513.000000 17758100001513000 0.699999988 0.705763199 -0.007688788 -0.015743612
301514 1514.000000 17758100001514000 0.699999988 0.705711749 -0.004163914 -0.020892208
301515 1515.000000 17758100001515000 0.699999988 0.705769849 0.002843857 -0.034452161
301516 1516.000000 17758100001516000 0.699999988 0.705411079 -0.001257646 -0.028405533
301517 1517.000000 17758100001517000 0.699999988 0.706143542 0.007919262 -0.016328353
301518 1518.000000 17758100001518000 0.699999988 0.705460335 0.000839303 0.035057606
301519 1519.000000 17758100001519000 0.699999988 0.705998632 -0.001507516 -0.009292943
301520 1520.000000 17758100001520000 0.699999988 0.705700855 0.004363128 0.004939578
301521 1521.000000 17758100001521000 0.699999988 0.706089870 0.000058340 0.020666420
301522 1522.000000 17758100001522000 0.699999988 0.705714920 0.005035123 0.021864176
301523 1523.000000 17758100001523000 0.699999988 0.705694142 0.005776514 -0.009017403
301524 1524.000000 17758100001524000 0.699999988 0.705843735 0.002654358 0.024000347
301525 1525.000000 17758100001525000 0.699999988 0.705776969 0.001151040 -0.025755226
301526 1526.000000 17758100001526000 0.699999988 0.705511185 0.002150991 -0.015043664
301527 1527.000000 17758100001527000 0.699999988 0.705574993 0.001692526 0.008520341
301528 1528.000000 17758100001528000 0.699999988 0.705703462 0.000702518 -0.018674829
301529 1529.000000 17758100001529000 0.699999988 0.705712345 -0.003367343 -0.023637294
301530 1530.000000 17758100001530000 0.699999988 0.705767928 -0.006996430 0.012182387
301531 1531.000000 17758100001531000 0.699999988 0.705840864 0.002820062 -0.008416887
301532 1532.000000 17758100001532000 0.699999988 0.705436245 0.001132707 0.014224933
301533 1533.000000 17758100001533000 0.699999988 0.705605620 -0.005976575 -0.005282523
301534 1534.000000 17758100001534000 0.699999988 0.706083492 -0.001432978 0.024153113
301535 1535.000000 17758100001535000 0.699999988 0.705581914 -0.005911127 0.006648813
301536 1536.000000 17758100001536000 0.699999988 0.705525930 0.000322868 -0.014254382
301537 1537.000000 17758100001537000 0.699999988 0.705845177 -0.001266374 -0.014021511
301538 1538.000000 17758100001538000 0.699999988 0.705824350 -0.002604476 0.027048315
301539 1539.000000 17758100001539000 0.699999988 0.705708548 -0.001388663 -0.027044154
301540 1540.000000 17758100001540000 0.699999988 0.705857762 -0.001073721 -0.001746926
301541 1541.000000 17758100001541000 0.699999988 0.705980778 0.006619157 0.008049157
301542 1542.000000 17758100001542000 0.699999988 0.705916565 0.000225372 -0.005769684
301543 1543.000000 17758100001543000 0.699999988 0.705797602 -0.000294943 0.034814081
301544 1544.000000 17758100001544000 0.699999988 0.705853866 -0.002124416 -0.043799128
301545 1545.000000 17758100001545000 0.699999988 0.705894937 0.002526474 -0.002947524
301546 1546.000000 17758100001546000 0.699999988 0.705515056 0.002301171 -0.029588177
301547 1547.000000 17758100001547000 0.699999988 0.705872899 0.000784561 0.006808156
301548 1548.000000 17758100001548000 0.699999988 0.705597797 0.003194061 0.003306557
301549 1549.000000 17758100001549000 0.699999988 0.705688999 -0.010919210 -0.045870544
301550 1550.000000 17758100001550000 0.699999988 0.705860705 -0.003012023 0.039298416
301551 1551.000000 17758100001551000 0.699999988 0.705928453 0.002769568 0.024255269
301552 1552.000000 17758100001552000 0.699999988 0.705692220 0.000169193 0.017735239
301553 1553.000000 17758100001553000 0.699999988 0.705790367 0.001325125 -0.005962932
301554 1554.000000 17758100001554000 0.699999988 0.705857282 -0.005460680 -0.015647474
301555 1555.000000 17758100001555000 0.699999988 0.705549384 -0.006310739 0.036796755
301556 1556.000000 17758100001556000 0.699999988 0.705671185 0.001599548 0.001516469
301557 1557.000000 17758100001557000 0.699999988 0.705946803 0.002479950 0.002663523
301558 1558.000000 17758100001558000 0.699999988 0.706013814 -0.007673719 0.003529826
301559 1559.000000 17758100001559000 0.699999988 0.705180610 -0.014864058 0.020697954
301560 1560.000000 17758100001560000 0.699999988 0.705666518 0.003949825 0.001347294
301561 1561.000000 17758100001561000 0.699999988 0.705819470 0.007143629 -0.013139959
301562 1562.000000 17758100001562000 0.699999988 0.705867035 0.002408319 0.023354331
301563 1563.000000 17758100001563000 0.699999988 0.705884607 -0.001585472 -0.003516693
301564 1564.000000 17758100001564000 0.699999988 0.705876448 -0.005795313 0.000996052
301565 1565.000000 17758100001565000 0.699999988 0.705578746 -0.002335574 0.025784219
301566 1566.000000 17758100001566000 0.699999988 0.705829955 -0.000108810 -0.006067497
301567 1567.000000 17758100001567000 0.699999988 0.705706385 -0.001051852 0.049341241
301568 1568.000000 17758100001568000 0.699999988 0.705411692 -0.006430271 0.001997503
301569 1569.000000 17758100001569000 0.699999988 0.705747995 -0.000078655 -0.012995101
301570 1570.000000 17758100001570000 0.699999988 0.705850349 0.001325763 0.019504520
301571 1571.000000 17758100001571000 0.699999988 0.705796442 -0.005534803 -0.030073689
301572 1572.000000 17758100001572000 0.699999988 0.705703049 0.001228354 0.003108712
301573 1573.000000 17758100001573000 0.699999988 0.705869621 -0.004689953 -0.005122634
301574 1574.000000 17758100001574000 0.699999988 0.705700754 -0.000727704 0.024357761
301575 1575.000000 17758100001575000 0.699999988 0.705547521 0.006671657 -0.028524964
301576 1576.000000 17758100001576000 0.699999988 0.706103270 -0.001199662 0.004858523
301577 1577.000000 17758100001577000 0.699999988 0.705334334 0.004188183 0.011304330
301578 1578.000000 17758100001578000 0.699999988 0.705782183 0.000238685 0.004591337
301579 1579.000000 17758100001579000 0.699999988 0.705546849 0.005017622 -0.002626601
301580 1580.000000 17758100001580000 0.699999988 0.705667489 0.005243619 0.024698574
301581 1581.000000 17758100001581000 0.699999988 0.705563563 0.010041674 0.028966670
301582 1582.000000 17758100001582000 0.699999988 0.705644428 -0.001857733 -0.011744837
301583 1583.000000 17758100001583000 0.699999988 0.705955338 0.004708742 0.035590917
301584 1584.000000 17758100001584000 0.699999988 0.705437479 0.000989417 0.008043473
301585 1585.000000 17758100001585000 0.699999988 0.705754453 -0.008350738 0.002894036
301586 1586.000000 17758100001586000 0.699999988 0.705550590 -0.000122088 -0.005653990
301587 1587.000000 17758100001587000 0.699999988 0.705909852 0.000544179 -0.006859314
301588 1588.000000 17758100001588000 0.699999988 0.705780461 -0.001330685 -0.034327435
301589 1589.000000 17758100001589000 0.699999988 0.705925627 0.000168803 0.014587125
301590 1590.000000 17758100001590000 0.699999988 0.705535655 0.000888176 -0.022003922
301591 1591.000000 17758100001591000 0.699999988 0.705765268 0.002561711 0.044153935
301592 1592.000000 17758100001592000 0.699999988 0.705735655 0.007888645 0.027455282
301593 1593.000000 17758100001593000 0.699999988 0.705258858 0.004398979 -0.011929716
301594 1594.000000 17758100001594000 0.699999988 0.705860810 -0.004002423 -0.040557648
301595 1595.000000 17758100001595000 0.699999988 0.705701296 -0.006257533 0.004327641
301596 1596.000000 17758100001596000 0.699999988 0.705944655 -0.003385961 0.013229770
301597 1597.000000 17758100001597000 0.699999988 0.705448364 -0.000512993 -0.035359747
301598 1598.000000 17758100001598000 0.699999988 0.705746131 -0.002616354 -0.011163274
301599 1599.000000 17758100001599000 0.699999988 0.705826744 0.009163862 0.003814338
301600 1600.000000 17758100001600000 0.699999988 0.705666561 0.002810725 0.017885423
301601 1601.000000 17758100001601000 0.699999988 0.705642555 0.001485473 0.030683413
301602 1602.000000 17758100001602000 0.699999988 0.705851431 0.004354923 0.012238179
301603 1603.000000 17758100001603000 0.699999988 0.705671683 0.001206037 -0.003496189
301604 1604.000000 17758100001604000 0.699999988 0.705287399 0.007035630 0.014486367
301605 1605.000000 17758100001605000 0.699999988 0.705813841 0.004338394 -0.008560195
301606 1606.000000 17758100001606000 0.699999988 0.705536034 0.004668426 0.020891673
301607 1607.000000 17758100001607000 0.699999988 0.705933775 -0.001415323 0.021443960
301608 1608.000000 17758100001608000 0.699999988 0.705683843 -0.000960228 -0.000066472
301609 1609.000000 17758100001609000 0.699999988 0.705657617 0.003784077 0.000292000
301610 1610.000000 17758100001610000 0.699999988 0.705834514 -0.001876730 0.011648280
301611 1611.000000 17758100001611000 0.699999988 0.705806712 -0.000158246 -0.002064377
301612 1612.000000 17758100001612000 0.699999988 0.705698578 0.009236046 0.006956398
301613 1613.000000 17758100001613000 0.699999988 0.705516757 0.004446146 0.002029642
301614 1614.000000 17758100001614000 0.699999988 0.705514247 0.001989908 -0.008566563
301615 1615.000000 17758100001615000 0.699999988 0.705417912 -0.001894166 0.023390391
301616 1616.000000 17758100001616000 0.699999988 0.705583790 0.001117343 -0.019713420
301617 1617.000000 17758100001617000 0.699999988 0.706099730 -0.006620613 -0.006670735
301618 1618.000000 17758100001618000 0.699999988 0.705754494 0.000997316 -0.027523165
301619 1619.000000 17758100001619000 0.699999988 0.705812691 -0.000391242 0.007431752
301620 1620.000000 17758100001620000 0.699999988 0.705678141 -0.008729280 -0.002672772
301621 1621.000000 17758100001621000 0.699999988 0.705526646 0.001744318 0.023711319
301622 1622.000000 17758100001622000 0.699999988 0.705792489 -0.005387698 0.009458514
301623 1623.000000 17758100001623000 0.699999988 0.705556322 -0.006891279 0.024667320
301624 1624.000000 17758100001624000 0.699999988 0.705569250 -0.007041094 -0.007463499
301625 1625.000000 17758100001625000 0.699999988 0.705566216 0.003472947 -0.032835519
301626 1626.000000 17758100001626000 0.699999988 0.705625708 -0.001290678 -0.019867439
301627 1627.000000 17758100001627000 0.699999988 0.705651139 0.004236041 0.052883992
301628 1628.000000 17758100001628000 0.699999988 0.705844772 -0.006491532 0.040870539
301629 1629.000000 17758100001629000 0.699999988 0.705853385 -0.007304541 0.004148680
301630 1630.000000 17758100001630000 0.699999988 0.705661548 0.003447253 0.001769747
301631 1631.000000 17758100001631000 0.699999988 0.706059313 -0.002283162 0.000447362
301632 1632.000000 17758100001632000 0.699999988 0.705926550 -0.003315803 0.015478351
301633 1633.000000 17758100001633000 0.699999988 0.705643873 0.000235563 0.016663551
301634 1634.000000 17758100001634000 0.699999988 0.705510791 -0.009988721 0.010362947
301635 1635.000000 17758100001635000 0.699999988 0.705760814 -0.007574435 0.000984917
301636 1636.000000 17758100001636000 0.699999988 0.705869046 0.004016616 -0.039275688
301637 1637.000000 17758100001637000 0.699999988 0.705645083 -0.008096840 -0.015657758
301638 1638.000000 17758100001638000 0.699999988 0.705858228 0.007784471 0.004650524
301639 1639.000000 17758100001639000 0.699999988 0.705699653 -0.008054026 0.012617886
301640 1640.000000 17758100001640000 0.699999988 0.705442377 0.000881184 -0.012606898
301641 1641.000000 17758100001641000 0.699999988 0.705457309 -0.011979418 -0.006356031
301642 1642.000000 17758100001642000 0.699999988 0.705664967 -0.001921737 -0.029295555
301643 1643.000000 17758100001643000 0.699999988 0.705705490 0.005737178 -0.011330753
301644 1644.000000 17758100001644000 0.699999988 0.705741779 -0.000771960 -0.006134735
301645 1645.000000 17758100001645000 0.699999988 0.705404299 0.011315035 0.030969656
301646 1646.000000 17758100001646000 0.699999988 0.705531180 0.002019406 0.005653911
301647 1647.000000 17758100001647000 0.699999988 0.705865930 -0.007979088 -0.045132429
301648 1648.000000 17758100001648000 0.699999988 0.705616697 -0.003371884 0.048161904
301649 1649.000000 17758100001649000 0.699999988 0.705570716 0.006067243 0.014836872
301650 1650.000000 17758100001650000 0.699999988 0.705661040 -0.004312239 -0.009311317
301651 1651.000000 17758100001651000 0.699999988 0.705492431 -0.008672467 -0.018694748
301652 1652.000000 17758100001652000 0.699999988 0.705537043 -0.012537268 0.001492358
301653 1653.000000 17758100001653000 0.699999988 0.705960941 -0.003666288 -0.041802050
301654 1654.000000 17758100001654000 0.699999988 0.705952510 -0.004657672 0.002088038
301655 1655.000000 17758100001655000 0.699999988 0.705704736 0.000832513 -0.000586830
301656 1656.000000 17758100001656000 0.699999988 0.705727940 0.000724815 0.002095009
301657 1657.000000 17758100001657000 0.699999988 0.705637171 -0.002116794 0.001476500
301658 1658.000000 17758100001658000 0.699999988 0.705802021 -0.000627516 -0.004760147
301659 1659.000000 17758100001659000 0.699999988 0.705652519 -0.008217122 -0.009918698
301660 1660.000000 17758100001660000 0.699999988 0.705426254 0.006109526 0.019362221
301661 1661.000000 17758100001661000 0.699999988 0.706048462 -0.001785861 -0.033397107
301662 1662.000000 17758100001662000 0.699999988 0.705877983 0.000424734 -0.031037327
301663 1663.000000 17758100001663000 0.699999988 0.705721441 -0.007681555 0.001439642
301664 1664.000000 17758100001664000 0.699999988 0.706000355 -0.009006581 -0.041190015
301665 1665.000000 17758100001665000 0.699999988 0.705627766 0.002524970 -0.003543212
301666 1666.000000 17758100001666000 0.699999988 0.705796662 0.005577468 0.007505954
301667 1667.000000 17758100001667000 0.699999988 0.705672349 0.009728746 -0.023148523
301668 1668.000000 17758100001668000 0.699999988 0.705800145 -0.008060306 -0.013789439
301669 1669.000000 17758100001669000 0.699999988 0.705958292 0.004427545 -0.014078132
301670 1670.000000 17758100001670000 0.699999988 0.706003273 -0.003447133 0.011788557
301671 1671.000000 17758100001671000 0.699999988 0.706062936 0.002850632 -0.000969243
301672 1672.000000 17758100001672000 0.699999988 0.705689452 -0.004788525 -0.022909864
301673 1673.000000 17758100001673000 0.699999988 0.705754899 0.008232232 -0.000392132
301674 1674.000000 17758100001674000 0.699999988 0.706116381 -0.003249288 0.002483352
301675 1675.000000 17758100001675000 0.699999988 0.705610269 -0.007918063 -0.005421012
301676 1676.000000 17758100001676000 0.699999988 0.705761670 -0.005542892 -0.017543675
301677 1677.000000 17758100001677000 0.699999988 0.705636785 0.006633850 0.000268478
301678 1678.000000 17758100001678000 0.699999988 0.705524556 0.006300781 -0.015661145
301679 1679.000000 17758100001679000 0.699999988 0.705516374 -0.004123898 0.006490781
301680 1680.000000 17758100001680000 0.699999988 0.705538954 -0.000495971 -0.014540397
301681 1681.000000 17758100001681000 0.699999988 0.705580556 0.002353593 -0.021807322
301682 1682.000000 17758100001682000 0.699999988 0.705910117 -0.002736000 -0.009688761
301683 1683.000000 17758100001683000 0.699999988 0.705608951 0.004254908 -0.000334709
301684 1684.000000 17758100001684000 0.699999988 0.705723719 -0.001231394 -0.029097471
301685 1685.000000 17758100001685000 0.699999988 0.705881146 -0.003892556 0.016750454
301686 1686.000000 17758100001686000 0.699999988 0.705456950 -0.002056579 -0.003981909
301687 1687.000000 17758100001687000 0.699999988 0.705727505 -0.003949622 0.004616422
301688 1688.000000 17758100001688000 0.699999988 0.705840341 0.002604930 -0.018808650
301689 1689.000000 17758100001689000 0.699999988 0.705697398 0.011565558 -0.008859878
301690 1690.000000 17758100001690000 0.699999988 0.705892138 0.002837361 -0.015581716
301691 1691.000000 17758100001691000 0.699999988 0.705522890 0.000146209 0.040538043
301692 1692.000000 17758100001692000 0.699999988 0.706156935 0.002487469 -0.013000040
301693 1693.000000 17758100001693000 0.699999988 0.705373522 -0.003104649 0.000411854
301694 1694.000000 17758100001694000 0.699999988 0.705672860 0.001566246 0.003450054
301695 1695.000000 17758100001695000 0.699999988 0.705961065 -0.006129276 -0.002889558
301696 1696.000000 17758100001696000 0.699999988 0.705609982 0.000608269 0.006458883
301697 1697.000000 17758100001697000 0.699999988 0.705700740 -0.003385751 0.005537949
301698 1698.000000 17758100001698000 0.699999988 0.705348258 0.002848358 0.008087443
301699 1699.000000 17758100001699000 0.699999988 0.705415677 0.007113805 0.015083053
301700 1700.000000 17758100001700000 0.699999988 0.705866882 -0.007311403 0.001523522
301701 1701.000000 17758100001701000 0.699999988 0.705534062 0.000910549 0.005389571
301702 1702.000000 17758100001702000 0.699999988 0.705672388 -0.002360317 -0.019257138
301703 1703.000000 17758100001703000 0.699999988 0.705623323 0.000164909 -0.007529245
301704 1704.000000 17758100001704000 0.699999988 0.705832742 0.004865081 0.023393702
301705 1705.000000 17758100001705000 0.699999988 0.705661336 0.006263254 0.003013440
301706 1706.000000 17758100001706000 0.699999988 0.705160977 -0.005876435 0.014736722
301707 1707.000000 17758100001707000 0.699999988 0.705339138 -0.001823283 0.039827132
301708 1708.000000 17758100001708000 0.699999988 0.705931097 -0.007369159 0.001755969
301709 1709.000000 17758100001709000 0.699999988 0.705558668 0.004991375 -0.027980880
301710 1710.000000 17758100001710000 0.699999988 0.705453256 -0.007671891 0.000329953
301711 1711.000000 17758100001711000 0.699999988 0.705916466 -0.002392257 0.015773453
301712 1712.000000 17758100001712000 0.699999988 0.705777235 -0.004656025 -0.015184974
301713 1713.000000 17758100001713000 0.699999988 0.705631067 0.001975702 -0.005519704
301714 1714.000000 17758100001714000 0.699999988 0.705917872 -0.001606670 -0.028917909
301715 1715.000000 17758100001715000 0.699999988 0.705366469 -0.004566825 0.016189411
301716 1716.000000 17758100001716000 0.699999988 0.705571730 0.003106458 -0.009276589
301717 1717.000000 17758100001717000 0.699999988 0.705410766 0.000641023 0.020482750
301718 1718.000000 17758100001718000 0.699999988 0.705871662 0.001144919 -0.008994864
301719 1719.000000 17758100001719000 0.699999988 0.705850995 0.001142816 0.007651391
301720 1720.000000 17758100001720000 0.699999988 0.705817048 -0.000213971 0.008682859
301721 1721.000000 17758100001721000 0.699999988 0.705595441 0.003917579 -0.021292212
301722 1722.000000 17758100001722000 0.699999988 0.705478160 -0.000457847 -0.031053498
301723 1723.000000 17758100001723000 0.699999988 0.705685574 0.001256488 -0.007058787
301724 1724.000000 17758100001724000 0.699999988 0.706033339 -0.003330385 -0.001658886
301725 1725.000000 17758100001725000 0.699999988 0.706068259 -0.001148589 -0.010162098
301726 1726.000000 17758100001726000 0.699999988 0.705716397 -0.007554702 -0.039604134
301727 1727.000000 17758100001727000 0.699999988 0.705504520 -0.001976293 0.033449945
301728 1728.000000 17758100001728000 0.699999988 0.705306655 0.003368940 -0.000411586
301729 1729.000000 17758100001729000 0.699999988 0.705584830 0.003259798 -0.027666343
301730 1730.000000 17758100001730000 0.699999988 0.705853828 -0.003333203 0.007966655
301731 1731.000000 17758100001731000 0.699999988 0.705836437 -0.000392227 -0.026505526
301732 1732.000000 17758100001732000 0.699999988 0.705664463 -0.001570407 -0.013249412
301733 1733.000000 17758100001733000 0.699999988 0.705697052 0.002812953 -0.032796830
301734 1734.000000 17758100001734000 0.699999988 0.705946100 -0.004940126 0.065991922
301735 1735.000000 17758100001735000 0.699999988 0.705766054 -0.000483260 -0.015431999
301736 1736.000000 17758100001736000 0.699999988 0.705803025 -0.001600082 0.004071740
301737 1737.000000 17758100001737000 0.699999988 0.705514901 0.004257787 0.000468806
301738 1738.000000 17758100001738000 0.699999988 0.705842877 0.002252809 0.006100791
301739 1739.000000 17758100001739000 0.699999988 0.705678034 0.006398038 -0.007930533
301740 1740.000000 17758100001740000 0.699999988 0.705510025 0.002785321 -0.002804192
301741 1741.000000 17758100001741000 0.699999988 0.705380796 -0.002724760 0.019789374
301742 1742.000000 17758100001742000 0.699999988 0.705804495 -0.001938375 0.020592733
301743 1743.000000 17758100001743000 0.699999988 0.705608842 0.005695227 -0.021616363
301744 1744.000000 17758100001744000 0.699999988 0.705772928 -0.010618246 0.015035614
301745 1745.000000 17758100001745000 0.699999988 0.705750573 0.005679740 -0.005375764
301746 1746.000000 17758100001746000 0.699999988 0.705537476 -0.003297829 0.007118387
301747 1747.000000 17758100001747000 0.699999988 0.705827281 0.000443444 0.005089476
301748 1748.000000 17758100001748000 0.699999988 0.705811716 -0.009204669 -0.013715436
301749 1749.000000 17758100001749000 0.699999988 0.705184116 -0.004631731 -0.001068576
301750 1750.000000 17758100001750000 0.699999988 0.705631226 0.012687107 0.005649432
301751 1751.000000 17758100001751000 0.699999988 0.705715191 -0.005710882 0.017853007
301752 1752.000000 17758100001752000 0.699999988 0.705551467 -0.002089356 0.004391479
301753 1753.000000 17758100001753000 0.699999988 0.705361796 -0.007318529 0.017120132
301754 1754.000000 17758100001754000 0.699999988 0.705641907 0.000964407 -0.006053588
301755 1755.000000 17758100001755000 0.699999988 0.705726679 -0.006543435 0.005665237
301756 1756.000000 17758100001756000 0.699999988 0.705826696 -0.009063849 0.019635136
301757 1757.000000 17758100001757000 0.699999988 0.705468003 -0.002489979 0.011947846
301758 1758.000000 17758100001758000 0.699999988 0.705574679 0.000124039 0.014765201
301759 1759.000000 17758100001759000 0.699999988 0.705902649 0.001561461 -0.005279241
301760 1760.000000 17758100001760000 0.699999988 0.705607158 0.005799557 0.016883903
301761 1761.000000 17758100001761000 0.699999988 0.705510232 0.001686145 -0.005936819
301762 1762.000000 17758100001762000 0.699999988 0.705807739 -0.003368678 -0.031040837
301763 1763.000000 17758100001763000 0.699999988 0.705615063 0.000109317 0.003930412
301764 1764.000000 17758100001764000 0.699999988 0.705406593 -0.005486925 0.015543808
301765 1765.000000 17758100001765000 0.699999988 0.705383639 -0.005326382 -0.025301685
301766 1766.000000 17758100001766000 0.699999988 0.705781220 -0.007343589 0.051562307
301767 1767.000000 17758100001767000 0.699999988 0.705495865 -0.001987837 -0.014231355
301768 1768.000000 17758100001768000 0.699999988 0.705718619 -0.000966839 0.027351106
301769 1769.000000 17758100001769000 0.699999988 0.705497676 -0.001116843 0.039149197
301770 1770.000000 17758100001770000 0.699999988 0.705485025 -0.002966592 0.002644525
301771 1771.000000 17758100001771000 0.699999988 0.705629673 0.007811474 -0.020212446
301772 1772.000000 17758100001772000 0.699999988 0.705529827 -0.004815188 -0.022478331
301773 1773.000000 17758100001773000 0.699999988 0.705482720 0.008228585 0.029316132
301774 1774.000000 17758100001774000 0.699999988 0.705867608 -0.002864450 -0.025366145
301775 1775.000000 17758100001775000 0.699999988 0.705793996 -0.003463088 0.016463970
301776 1776.000000 17758100001776000 0.699999988 0.705610183 -0.001398275 -0.005861661
301777 1777.000000 17758100001777000 0.699999988 0.705959734 0.000414880 0.013182087
301778 1778.000000 17758100001778000 0.699999988 0.705749966 -0.009555665 -0.040897759
301779 1779.000000 17758100001779000 0.699999988 0.705824056 0.006338421 -0.004155566
301780 1780.000000 17758100001780000 0.699999988 0.705478401 -0.003517298 -0.032363341
301781 1781.000000 17758100001781000 0.699999988 0.705392103 0.004823794 -0.010945958
301782 1782.000000 17758100001782000 0.699999988 0.705633710 0.009787053 -0.000744700
301783 1783.000000 17758100001783000 0.699999988 0.705547249 -0.000277568 0.002062673
301784 1784.000000 17758100001784000 0.699999988 0.705831230 0.004901228 0.036515438
301785 1785.000000 17758100001785000 0.699999988 0.705538148 -0.000538098 0.011467861
301786 1786.000000 17758100001786000 0.699999988 0.705581902 -0.004025479 0.012691225
301787 1787.000000 17758100001787000 0.699999988 0.705616626 0.002482837 -0.012952788
301788 1788.000000 17758100001788000 0.699999988 0.705379990 -0.012139800 -0.017777920
301789 1789.000000 17758100001789000 0.699999988 0.705654394 0.002331870 -0.020894226
301790 1790.000000 17758100001790000 0.699999988 0.705590850 0.005328838 -0.011060915
301791 1791.000000 17758100001791000 0.699999988 0.705871017 0.004997192 -0.014334428
301792 1792.000000 17758100001792000 0.699999988 0.705795899 -0.004746709 0.023866759
301793 1793.000000 17758100001793000 0.699999988 0.705614343 0.010399679 -0.039255901
301794 1794.000000 17758100001794000 0.699999988 0.705606769 -0.006113579 -0.004475329
301795 1795.000000 17758100001795000 0.699999988 0.705909513 0.002953990 0.038948725
301796 1796.000000 17758100001796000 0.699999988 0.705555234 -0.006078340 -0.004100318
301797 1797.000000 17758100001797000 0.699999988 0.705497135 -0.010730238 0.023100498
301798 1798.000000 17758100001798000 0.699999988 0.705875039 0.001398366 -0.009128737
301799 1799.000000 17758100001799000 0.699999988 0.705866336 -0.007567521 -0.008761137
301800 1800.000000 17758100001800000 0.699999988 0.705628170 0.007707039 0.010775422
301801 1801.000000 17758100001801000 0.699999988 0.705594892 0.005218907 -0.028635900
301802 1802.000000 17758100001802000 0.699999988 0.705739239 -0.007650206 -0.017431311
301803 1803.000000 17758100001803000 0.699999988 0.706021650 -0.006721990 -0.046193394
301804 1804.000000 17758100001804000 0.699999988 0.705534360 0.003326553 0.008621298
301805 1805.000000 17758100001805000 0.699999988 0.705872746 0.005612557 0.034203034
301806 1806.000000 17758100001806000 0.699999988 0.705569771 -0.003214910 0.030014761
301807 1807.000000 17758100001807000 0.699999988 0.705716406 0.003047977 0.022772051
301808 1808.000000 17758100001808000 0.699999988 0.705801840 0.008849085 -0.014159639
301809 1809.000000 17758100001809000 0.699999988 0.705691305 0.006322183 0.003239319
301810 1810.000000 17758100001810000 0.699999988 0.705544549 0.005943570 0.020235621
301811 1811.000000 17758100001811000 0.699999988 0.705607079 -0.003762310 -0.039591753
301812 1812.000000 17758100001812000 0.699999988 0.705841337 0.001502394 0.002135991
301813 1813.000000 17758100001813000 0.699999988 0.705515517 0.000059078 -0.002291928
301814 1814.000000 17758100001814000 0.699999988 0.705139464 0.004822615 -0.006124603
301815 1815.000000 17758100001815000 0.699999988 0.705845565 -0.000488196 -0.007059159
301816 1816.000000 17758100001816000 0.699999988 0.705930087 -0.002970164 0.007625748
301817 1817.000000 17758100001817000 0.699999988 0.705280985 0.000999962 0.007392266
301818 1818.000000 17758100001818000 0.699999988 0.706000821 -0.007669953 -0.009793406
301819 1819.000000 17758100001819000 0.699999988 0.705700118 -0.001895058 -0.022129306
301820 1820.000000 17758100001820000 0.699999988 0.705771005 0.005485070 0.020175999
301821 1821.000000 17758100001821000 0.699999988 0.705429119 -0.011107936 0.013197459
301822 1822.000000 17758100001822000 0.699999988 0.705371896 0.005695604 0.011253696
301823 1823.000000 17758100001823000 0.699999988 0.705865162 -0.002773254 -0.006651865
301824 1824.000000 17758100001824000 0.699999988 0.705578181 0.001764184 0.014873303
301825 1825.000000 17758100001825000 0.699999988 0.705290183 -0.002214601 -0.026453506
301826 1826.000000 17758100001826000 0.699999988 0.705475853 -0.003278177 -0.004272864
301827 1827.000000 17758100001827000 0.699999988 0.705369545 -0.003579078 -0.006665647
301828 1828.000000 17758100001828000 0.699999988 0.705883427 0.001928155 0.022976577
301829 1829.000000 17758100001829000 0.699999988 0.705367594 0.010613472 -0.014691688
301830 1830.000000 17758100001830000 0.699999988 0.705727740 0.001405463 -0.009356035
301831 1831.000000 17758100001831000 0.699999988 0.705706725 0.001471237 -0.002914255
301832 1832.000000 17758100001832000 0.699999988 0.705580497 -0.006910055 -0.001934186
301833 1833.000000 17758100001833000 0.699999988 0.705662597 0.006231956 -0.046676904
301834 1834.000000 17758100001834000 0.699999988 0.705671232 0.000726970 0.016981180
301835 1835.000000 17758100001835000 0.699999988 0.705257252 -0.007110571 0.008835982
301836 1836.000000 17758100001836000 0.699999988 0.705586176 0.001655021 -0.019458000
301837 1837.000000 17758100001837000 0.699999988 0.705367950 0.003307369 0.009804874
301838 1838.000000 17758100001838000 0.699999988 0.705533728 0.008204928 -0.002324883
301839 1839.000000 17758100001839000 0.699999988 0.705210297 0.002350079 0.012450011
301840 1840.000000 17758100001840000 0.699999988 0.705818098 0.002215113 0.040192388
301841 1841.000000 17758100001841000 0.699999988 0.705681829 0.006355642 -0.021018491
301842 1842.000000 17758100001842000 0.699999988 0.705393102 -0.001389064 -0.011057217
301843 1843.000000 17758100001843000 0.699999988 0.705659820 -0.001648294 0.004186290
301844 1844.000000 17758100001844000 0.699999988 0.705376966 0.000002301 0.015280758
301845 1845.000000 17758100001845000 0.699999988 0.705643268 -0.000986411 -0.036529481
301846 1846.000000 17758100001846000 0.699999988 0.705572294 0.000175640 -0.012152111
301847 1847.000000 17758100001847000 0.699999988 0.705728438 -0.003196168 -0.005410209
301848 1848.000000 17758100001848000 0.699999988 0.705518610 -0.004772587 -0.013903407
301849 1849.000000 17758100001849000 0.699999988 0.705674235 0.005485611 -0.026682758
301850 1850.000000 17758100001850000 0.699999988 0.705355361 -0.002021551 -0.037549949
301851 1851.000000 17758100001851000 0.699999988 0.705052642 -0.003030165 0.014567505
301852 1852.000000 17758100001852000 0.699999988 0.705294932 -0.002705881 -0.026052967
301853 1853.000000 17758100001853000 0.699999988 0.705711778 -0.001051110 -0.018125611
301854 1854.000000 17758100001854000 0.699999988 0.706009021 0.007822173 0.006673206
301855 1855.000000 17758100001855000 0.699999988 0.705572551 0.005362419 -0.028727278
301856 1856.000000 17758100001856000 0.699999988 0.705647531 -0.001408259 0.016720644
301857 1857.000000 17758100001857000 0.699999988 0.705732989 0.003237284 -0.036966700
301858 1858.000000 17758100001858000 0.699999988 0.705441134 0.005855828 -0.003842731
301859 1859.000000 17758100001859000 0.699999988 0.705669580 -0.001246889 -0.003269051
301860 1860.000000 17758100001860000 0.699999988 0.705678048 -0.000402676 0.008267578
301861 1861.000000 17758100001861000 0.699999988 0.705521363 0.000466939 0.017870449
301862 1862.000000 17758100001862000 0.699999988 0.705756479 0.000546630 -0.024930698
301863 1863.000000 17758100001863000 0.699999988 0.705257391 -0.003821561 0.048632542
301864 1864.000000 17758100001864000 0.699999988 0.705716215 -0.006075688 0.027743779
301865 1865.000000 17758100001865000 0.699999988 0.705473325 -0.003187633 -0.026301097
301866 1866.000000 17758100001866000 0.699999988 0.705184172 0.001501519 -0.003204195
301867 1867.000000 17758100001867000 0.699999988 0.706102968 -0.000920359 0.001225968
301868 1868.000000 17758100001868000 0.699999988 0.705663705 0.008779032 -0.027812759
301869 1869.000000 17758100001869000 0.699999988 0.705589460 -0.002582914 -0.005162550
301870 1870.000000 17758100001870000 0.699999988 0.705619970 -0.001599487 0.022790827
301871 1871.000000 17758100001871000 0.699999988 0.705358622 -0.006738548 0.000069881
301872 1872.000000 17758100001872000 0.699999988 0.705484152 -0.007146774 -0.001551291
301873 1873.000000 17758100001873000 0.699999988 0.705430656 -0.003145105 0.000064958
301874 1874.000000 17758100001874000 0.699999988 0.705686812 -0.002763843 -0.028622739
301875 1875.000000 17758100001875000 0.699999988 0.705461699 0.001801863 -0.007499320
301876 1876.000000 17758100001876000 0.699999988 0.705719023 0.004878969 -0.029893297
301877 1877.000000 17758100001877000 0.699999988 0.705718845 -0.000381437 0.011479350
301878 1878.000000 17758100001878000 0.699999988 0.705530142 -0.002574409 -0.014957140
301879 1879.000000 17758100001879000 0.699999988 0.705430780 0.002053976 0.018760459
301880 1880.000000 17758100001880000 0.699999988 0.705646064 -0.003891072 0.012265399
301881 1881.000000 17758100001881000 0.699999988 0.705502052 0.006987002 -0.006790941
301882 1882.000000 17758100001882000 0.699999988 0.705920337 -0.006898312 0.002486938
301883 1883.000000 17758100001883000 0.699999988 0.705803184 0.002523901 0.001459364
301884 1884.000000 17758100001884000 0.699999988 0.705609474 -0.004745828 0.034377741
301885 1885.000000 17758100001885000 0.699999988 0.705457666 -0.003302751 -0.012015157
301886 1886.000000 17758100001886000 0.699999988 0.705812264 -0.001964368 0.017485374
301887 1887.000000 17758100001887000 0.699999988 0.705760534 -0.004390665 0.000417293
301888 1888.000000 17758100001888000 0.699999988 0.705659307 0.002317479 0.009937174
301889 1889.000000 17758100001889000 0.699999988 0.705845997 0.003371682 0.014622270
301890 1890.000000 17758100001890000 0.699999988 0.705610269 0.006178043 0.005882280
301891 1891.000000 17758100001891000 0.699999988 0.705377802 0.003972235 0.029158795
301892 1892.000000 17758100001892000 0.699999988 0.705644823 -0.005696381 -0.014964600
301893 1893.000000 17758100001893000 0.699999988 0.705805310 -0.004133450 0.007868768
301894 1894.000000 17758100001894000 0.699999988 0.705374190 -0.003515931 -0.025585819
301895 1895.000000 17758100001895000 0.699999988 0.705644581 0.000173147 -0.039213932
301896 1896.000000 17758100001896000 0.699999988 0.705705073 -0.006626522 0.003474011
301897 1897.000000 17758100001897000 0.699999988 0.705334573 -0.001295150 0.000568448
301898 1898.000000 17758100001898000 0.699999988 0.705640930 -0.001030288 0.027997040
301899 1899.000000 17758100001899000 0.699999988 0.705789903 0.002311349 -0.023964133
301900 1900.000000 17758100001900000 0.699999988 0.705523785 -0.004845362 -0.009671536
301901 1901.000000 17758100001901000 0.699999988 0.705811486 0.003968885 -0.014316728
301902 1902.000000 17758100001902000 0.699999988 0.705170024 -0.001995151 0.010641532
301903 1903.000000 17758100001903000 0.699999988 0.705448566 0.005066297 0.002918879
301904 1904.000000 17758100001904000 0.699999988 0.705773802 0.001959024 -0.014371233
301905 1905.000000 17758100001905000 0.699999988 0.705754611 0.006562124 -0.008867454
301906 1906.000000 17758100001906000 0.699999988 0.705714444 -0.010929076 0.011893375
301907 1907.000000 17758100001907000 0.699999988 0.705394592 0.008644289 -0.025486656
301908 1908.000000 17758100001908000 0.699999988 0.705600880 -0.000134232 0.000267192
301909 1909.000000 17758100001909000 0.699999988 0.705690152 -0.002505635 -0.026879113
301910 1910.000000 17758100001910000 0.699999988 0.705874889 -0.000269096 -0.006222678
301911 1911.000000 17758100001911000 0.699999988 0.705273794 0.002029152 0.008673374
301912 1912.000000 17758100001912000 0.699999988 0.705196557 -0.003164170 -0.020319911
301913 1913.000000 17758100001913000 0.699999988 0.705606309 0.002185302 -0.026148728
301914 1914.000000 17758100001914000 0.699999988 0.705763539 -0.005903963 0.007167992
301915 1915.000000 17758100001915000 0.699999988 0.705396400 -0.010917551 0.011557025
301916 1916.000000 17758100001916000 0.699999988 0.705438345 -0.007238030 0.026581793
301917 1917.000000 17758100001917000 0.699999988 0.705322370 0.000520507 0.017889161
301918 1918.000000 17758100001918000 0.699999988 0.705574483 0.001941524 0.015102343
301919 1919.000000 17758100001919000 0.699999988 0.705717430 -0.004602198 -0.005797755
301920 1920.000000 17758100001920000 0.699999988 0.705833958 0.003088760 -0.000270617
301921 1921.000000 17758100001921000 0.699999988 0.705552202 -0.000814847 -0.016523342
301922 1922.000000 17758100001922000 0.699999988 0.705362805 -0.002345378 -0.005694095
301923 1923.000000 17758100001923000 0.699999988 0.705688432 0.002174141 -0.001886058
301924 1924.000000 17758100001924000 0.699999988 0.705524160 -0.005165574 0.010307577
301925 1925.000000 17758100001925000 0.699999988 0.705668437 0.001857373 -0.013204617
301926 1926.000000 17758100001926000 0.699999988 0.705389664 -0.000981482 0.020785062
301927 1927.000000 17758100001927000 0.699999988 0.705469274 0.007738254 0.033884413
301928 1928.000000 17758100001928000 0.699999988 0.705623329 -0.002262545 -0.026926308
301929 1929.000000 17758100001929000 0.699999988 0.705361223 0.009191058 -0.018469286
301930 1930.000000 17758100001930000 0.699999988 0.705489383 -0.002907945 0.023164964
301931 1931.000000 17758100001931000 0.699999988 0.705375279 0.008169451 -0.007816604
301932 1932.000000 17758100001932000 0.699999988 0.705565651 -0.001358314 0.004039681
301933 1933.000000 17758100001933000 0.699999988 0.705950333 0.003590420 -0.003339109
301934 1934.000000 17758100001934000 0.699999988 0.705424351 0.000187706 -0.006829735
301935 1935.000000 17758100001935000 0.699999988 0.705395737 0.003779344 0.012682170
301936 1936.000000 17758100001936000 0.699999988 0.705731926 0.001956062 0.020308139
301937 1937.000000 17758100001937000 0.699999988 0.705434698 0.007134018 0.010044731
301938 1938.000000 17758100001938000 0.699999988 0.705575695 0.002699156 0.006397398
301939 1939.000000 17758100001939000 0.699999988 0.705331551 -0.002375789 0.012648427
301940 1940.000000 17758100001940000 0.699999988 0.705577220 0.001355535 0.029320450
301941 1941.000000 17758100001941000 0.699999988 0.705864876 -0.006147793 -0.019559790
301942 1942.000000 17758100001942000 0.699999988 0.705672691 0.002630726 -0.003971156
301943 1943.000000 17758100001943000 0.699999988 0.705517884 -0.006377568 0.034980884
301944 1944.000000 17758100001944000 0.699999988 0.705750359 0.001900213 0.042859377
301945 1945.000000 17758100001945000 0.699999988 0.705738459 -0.001185614 -0.006821110
301946 1946.000000 17758100001946000 0.699999988 0.705301398 0.002105386 0.016630185
301947 1947.000000 17758100001947000 0.699999988 0.705907016 -0.003517066 -0.015000396
301948 1948.000000 17758100001948000 0.699999988 0.705588681 0.008115869 0.033188762
301949 1949.000000 17758100001949000 0.699999988 0.705427619 -0.001502217 0.032685284
301950 1950.000000 17758100001950000 0.699999988 0.705700473 0.009001293 0.004210375
301951 1951.000000 17758100001951000 0.699999988 0.705288717 0.003688037 -0.034854062
301952 1952.000000 17758100001952000 0.699999988 0.705734358 -0.001194630 -0.010802209
301953 1953.000000 17758100001953000 0.699999988 0.705409831 -0.001472026 0.016931546
301954 1954.000000 17758100001954000 0.699999988 0.705611367 -0.003055501 0.016187435
301955 1955.000000 17758100001955000 0.699999988 0.705558483 0.003707604 0.026328714
301956 1956.000000 17758100001956000 0.699999988 0.705420415 -0.001859351 -0.043067343
301957 1957.000000 17758100001957000 0.699999988 0.705661680 -0.003524343 0.013754178
301958 1958.000000 17758100001958000 0.699999988 0.705381262 0.009667141 -0.013835882
301959 1959.000000 17758100001959000 0.699999988 0.705466543 0.000588310 0.012411738
301960 1960.000000 17758100001960000 0.699999988 0.705574666 0.002601351 -0.023715802
301961 1961.000000 17758100001961000 0.699999988 0.705163514 -0.000039620 -0.037592993
301962 1962.000000 17758100001962000 0.699999988 0.705303974 0.008579040 -0.011544280
301963 1963.000000 17758100001963000 0.699999988 0.705019087 -0.000231589 -0.009949660
301964 1964.000000 17758100001964000 0.699999988 0.705537235 0.004148950 -0.019985257
301965 1965.000000 17758100001965000 0.699999988 0.705399189 -0.001648164 -0.005564924
301966 1966.000000 17758100001966000 0.699999988 0.705630976 0.002467627 -0.017870534
301967 1967.000000 17758100001967000 0.699999988 0.705556084 0.000687184 -0.012508165
301968 1968.000000 17758100001968000 0.699999988 0.705521513 0.002634360 -0.011430488
301969 1969.000000 17758100001969000 0.699999988 0.705470576 -0.002983960 0.010745891
301970 1970.000000 17758100001970000 0.699999988 0.705360637 0.004145107 0.015170323
301971 1971.000000 17758100001971000 0.699999988 0.705173031 0.001748184 0.017411315
301972 1972.000000 17758100001972000 0.699999988 0.705395729 -0.004068782 0.026903562
301973 1973.000000 17758100001973000 0.699999988 0.705525741 0.000449134 0.009787575
301974 1974.000000 17758100001974000 0.699999988 0.705460226 0.006647944 0.012196130
301975 1975.000000 17758100001975000 0.699999988 0.705794598 0.002652795 -0.001631611
301976 1976.000000 17758100001976000 0.699999988 0.705453388 0.001222468 0.017961074
301977 1977.000000 17758100001977000 0.699999988 0.705515528 0.001013418 0.012223393
301978 1978.000000 17758100001978000 0.699999988 0.705426396 0.002251916 0.002723884
301979 1979.000000 17758100001979000 0.699999988 0.705502892 0.009362818 0.010488329
301980 1980.000000 17758100001980000 0.699999988 0.705272404 -0.006016092 -0.016987466
301981 1981.000000 17758100001981000 0.699999988 0.705439574 -0.006359336 -0.015611911
301982 1982.000000 17758100001982000 0.699999988 0.705662160 -0.002452847 0.003331263
301983 1983.000000 17758100001983000 0.699999988 0.705601084 0.002519371 0.004972137
301984 1984.000000 17758100001984000 0.699999988 0.705678361 -0.006781424 0.001298344
301985 1985.000000 17758100001985000 0.699999988 0.705613927 0.001041225 0.011177139
301986 1986.000000 17758100001986000 0.699999988 0.705487107 -0.001025752 0.026458352
301987 1987.000000 17758100001987000 0.699999988 0.705864967 0.002043372 -0.005190210
301988 1988.000000 17758100001988000 0.699999988 0.705735886 0.000911128 -0.018050920
301989 1989.000000 17758100001989000 0.699999988 0.705459609 -0.009581556 0.016673980
301990 1990.000000 17758100001990000 0.699999988 0.705514548 -0.003712719 0.003485472
301991 1991.000000 17758100001991000 0.699999988 0.705744226 -0.000207467 0.004190055
301992 1992.000000 17758100001992000 0.699999988 0.705876299 -0.003337480 -0.009248205
301993 1993.000000 17758100001993000 0.699999988 0.705592571 -0.003309812 -0.013480358
301994 1994.000000 17758100001994000 0.699999988 0.705567466 0.012290778 0.015083834
301995 1995.000000 17758100001995000 0.699999988 0.705556144 0.009042084 0.000002983
301996 1996.000000 17758100001996000 0.699999988 0.705683115 -0.007769153 0.016791538
301997 1997.000000 17758100001997000 0.699999988 0.705568135 -0.003942690 -0.027624079
301998 1998.000000 17758100001998000 0.699999988 0.705527985 -0.002262195 -0.005690879
301999 1999.000000 17758100001999000 0.699999988 0.705432537 -0.000609370 -0.002923702
302000 2000.000000 17758100002000000 -0.400000006 0.705197413 -0.001322223 -0.008059686
302001 2001.000000 17758100002001000 -0.400000006 0.705303285 0.001235329 0.008592291
302002 2002.000000 17758100002002000 -0.400000006 0.705543417 -0.007614888 -5.155480715
302003 2003.000000 17758100002003000 -0.400000006 0.705302061 -0.184433945 -5.197424371
302004 2004.000000 17758100002004000 -0.400000006 0.704649154 -0.362745950 -5.219182304
302005 2005.000000 17758100002005000 -0.400000006 0.704222794 -0.552308116 -5.194336343
302006 2006.000000 17758100002006000 -0.400000006 0.703775676 -0.721395231 -5.153008809
302007 2007.000000 17758100002007000 -0.400000006 0.702583504 -0.927758017 -5.224784642
302008 2008.000000 17758100002008000 -0.400000006 0.701575155 -1.097894123 -5.226223490
302009 2009.000000 17758100002009000 -0.400000006 0.700427373 -1.286490984 -5.217472172
302010 2010.000000 17758100002010000 -0.400000006 0.698751512 -1.466672285 -5.192209612
302011 2011.000000 17758100002011000 -0.400000006 0.697294445 -1.656353583 -5.188653653
302012 2012.000000 17758100002012000 -0.400000006 0.695547873 -1.832669249 -5.221682417
302013 2013.000000 17758100002013000 -0.400000006 0.693409376 -2.012854718 -5.234373833
302014 2014.000000 17758100002014000 -0.400000006 0.691162958 -2.196545545 -5.210444459
302015 2015.000000 17758100002015000 -0.400000006 0.688476008 -2.387111501 -5.167265401
302016 2016.000000 17758100002016000 -0.400000006 0.686131785 -2.568083016 -5.193466501
302017 2017.000000 17758100002017000 -0.400000006 0.683279325 -2.740419952 -5.161939580
302018 2018.000000 17758100002018000 -0.400000006 0.680623281 -2.931471425 -5.184267616
302019 2019.000000 17758100002019000 -0.400000006 0.677532933 -3.114787088 -5.205935518
302020 2020.000000 17758100002020000 -0.400000006 0.674338599 -3.289192027 -5.214291809
302021 2021.000000 17758100002021000 -0.400000006 0.670836937 -3.466729085 -5.231769416
302022 2022.000000 17758100002022000 -0.400000006 0.667513508 -3.662253536 -5.207710790
302023 2023.000000 17758100002023000 -0.400000006 0.663200875 -3.836347183 -5.183857621
302024 2024.000000 17758100002024000 -0.400000006 0.659301982 -4.013318999 -5.194311554
302025 2025.000000 17758100002025000 -0.400000006 0.654557142 -4.204554391 -5.182520266
302026 2026.000000 17758100002026000 -0.400000006 0.650659724 -4.383809049 -5.159945536
302027 2027.000000 17758100002027000 -0.400000006 0.645994790 -4.559424727 -5.195240830
302028 2028.000000 17758100002028000 -0.400000006 0.641361983 -4.740977757 -5.166251237
302029 2029.000000 17758100002029000 -0.400000006 0.636840868 -4.926148892 -5.240945696
302030 2030.000000 17758100002030000 -0.400000006 0.631398193 -5.104502924 -5.217861422
302031 2031.000000 17758100002031000 -0.400000006 0.626026353 -5.284329661 -5.192542604
302032 2032.000000 17758100002032000 -0.400000006 0.620712073 -5.462505790 -5.159481197
302033 2033.000000 17758100002033000 -0.400000006 0.614795761 -5.641026647 -5.178629994
302034 2034.000000 17758100002034000 -0.400000006 0.608867253 -5.813993220 -5.199068685
302035 2035.000000 17758100002035000 -0.400000006 0.603164570 -5.989193548 -5.207999950
302036 2036.000000 17758100002036000 -0.400000006 0.597070557 -6.166555321 -5.161528605
302037 2037.000000 17758100002037000 -0.400000006 0.590455781 -6.360585707 -5.226200545
302038 2038.000000 17758100002038000 -0.400000006 0.584226835 -6.535297991 -5.229219446
302039 2039.000000 17758100002039000 -0.400000006 0.577451360 -6.708200871 -4.975790486
302040 2040.000000 17758100002040000 -0.400000006 0.570103551 -6.883597987 -4.756900321
302041 2041.000000 17758100002041000 -0.400000006 0.563448877 -7.035951334 -4.554361981
302042 2042.000000 17758100002042000 -0.400000006 0.556139555 -7.203045794 -4.372105221
302043 2043.000000 17758100002043000 -0.400000006 0.549039841 -7.348883537 -4.146023978
302044 2044.000000 17758100002044000 -0.400000006 0.541279312 -7.494173638 -3.926304057
302045 2045.000000 17758100002045000 -0.400000006 0.533835497 -7.623162983 -3.737753511
302046 2046.000000 17758100002046000 -0.400000006 0.525839644 -7.751335503 -3.543299674
302047 2047.000000 17758100002047000 -0.400000006 0.517930478 -7.865434559 -3.368975789
302048 2048.000000 17758100002048000 -0.400000006 0.510064961 -7.981535235 -3.169598840
302049 2049.000000 17758100002049000 -0.400000006 0.502000377 -8.081028705 -2.998729560
302050 2050.000000 17758100002050000 -0.400000006 0.493714176 -8.179912776 -2.815165209
302051 2051.000000 17758100002051000 -0.400000006 0.485944720 -8.276060248 -2.672178088
302052 2052.000000 17758100002052000 -0.400000006 0.476904761 -8.380881578 -2.513991358
302053 2053.000000 17758100002053000 -0.400000006 0.469196161 -8.438827736 -2.352560805
302054 2054.000000 17758100002054000 -0.400000006 0.460086608 -8.525864693 -2.169828827
302055 2055.000000 17758100002055000 -0.400000006 0.451520373 -8.595898471 -2.043561726
302056 2056.000000 17758100002056000 -0.400000006 0.442942981 -8.653339443 -1.901514659
302057 2057.000000 17758100002057000 -0.400000006 0.434112574 -8.724443500 -1.763330573
302058 2058.000000 17758100002058000 -0.400000006 0.425679081 -8.772946421 -1.589184376
302059 2059.000000 17758100002059000 -0.400000006 0.417119605 -8.822711852 -1.480354404
302060 2060.000000 17758100002060000 -0.400000006 0.407960812 -8.855133742 -1.289829589
302061 2061.000000 17758100002061000 -0.400000006 0.398745456 -8.896436650 -1.178966815
302062 2062.000000 17758100002062000 -0.400000006 0.390179781 -8.938529710 -1.060140605
302063 2063.000000 17758100002063000 -0.400000006 0.380715533 -8.966165614 -0.943830570
302064 2064.000000 17758100002064000 -0.400000006 0.372047987 -8.994023438 -0.804971426
302065 2065.000000 17758100002065000 -0.400000006 0.362986571 -9.015574103 -0.712442758
302066 2066.000000 17758100002066000 -0.400000006 0.353913083 -9.034024046 -0.606854841
302067 2067.000000 17758100002067000 -0.400000006 0.344719310 -9.036625716 -0.497061162
302068 2068.000000 17758100002068000 -0.400000006 0.336160416 -9.044317277 -0.385095925
302069 2069.000000 17758100002069000 -0.400000006 0.326504198 -9.055978081 -0.258965655
302070 2070.000000 17758100002070000 -0.400000006 0.317615993 -9.054080888 -0.136065782
302071 2071.000000 17758100002071000 -0.400000006 0.308756671 -9.056610015 -0.084777588
302072 2072.000000 17758100002072000 -0.400000006 0.299971588 -9.044812439 0.030283678
302073 2073.000000 17758100002073000 -0.400000006 0.290782802 -9.036283010 0.110928947
302074 2074.000000 17758100002074000 -0.400000006 0.281416012 -9.024631895 0.213323416
302075 2075.000000 17758100002075000 -0.400000006 0.272221101 -9.012194656 0.281273321
302076 2076.000000 17758100002076000 -0.400000006 0.263441483 -8.996194110 0.366509205
302077 2077.000000 17758100002077000 -0.400000006 0.254556354 -8.976781341 0.449335612
302078 2078.000000 17758100002078000 -0.400000006 0.245448901 -8.959517491 0.537517789
302079 2079.000000 17758100002079000 -0.400000006 0.236654588 -8.912998790 0.574814790
302080 2080.000000 17758100002080000 -0.400000006 0.227767043 -8.897728556 0.692360951
302081 2081.000000 17758100002081000 -0.400000006 0.218976117 -8.864820929 0.736920336
302082 2082.000000 17758100002082000 -0.400000006 0.210079590 -8.830884791 0.813403037
302083 2083.000000 17758100002083000 -0.400000006 0.201802989 -8.785501995 0.917298751
302084 2084.000000 17758100002084000 -0.400000006 0.192720462 -8.749772008 0.953719841
302085 2085.000000 17758100002085000 -0.400000006 0.183922258 -8.717775907 1.040277999
302086 2086.000000 17758100002086000 -0.400000006 0.175380462 -8.663448132 1.063178787
302087 2087.000000 17758100002087000 -0.400000006 0.166514984 -8.624290319 1.115988019
302088 2088.000000 17758100002088000 -0.400000006 0.158177126 -8.579015744 1.167324760
302089 2089.000000 17758100002089000 -0.400000006 0.149935198 -8.530028144 1.215825272
302090 2090.000000 17758100002090000 -0.400000006 0.141420930 -8.475383571 1.299832582
302091 2091.000000 17758100002091000 -0.400000006 0.132966314 -8.428980274 1.287985454
302092 2092.000000 17758100002092000 -0.400000006 0.124282435 -8.370127667 1.387525505
302093 2093.000000 17758100002093000 -0.400000006 0.116276811 -8.314578602 1.381576484
302094 2094.000000 17758100002094000 -0.400000006 0.107583215 -8.261310040 1.443839999
302095 2095.000000 17758100002095000 -0.400000006 0.099640014 -8.204370379 1.508470218
302096 2096.000000 17758100002096000 -0.400000006 0.091320755 -8.136571843 1.551321812
302097 2097.000000 17758100002097000 -0.400000006 0.083269974 -8.088815864 1.548853715
302098 2098.000000 17758100002098000 -0.400000006 0.075333191 -8.011806755 1.533659294
302099 2099.000000 17758100002099000 -0.400000006 0.067379294 -7.951303587 1.641036063
302100 2100.000000 17758100002100000 -0.400000006 0.060144780 -7.886738936 1.681302185
302101 2101.000000 17758100002101000 -0.400000006 0.051675969 -7.827695619 1.708555509
302102 2102.000000 17758100002102000 -0.400000006 0.043784503 -7.753831334 1.723616619
302103 2103.000000 17758100002103000 -0.400000006 0.036600016 -7.676461316 1.729516102
302104 2104.000000 17758100002104000 -0.400000006 0.028506085 -7.619378228 1.754721245
302105 2105.000000 17758100002105000 -0.400000006 0.021041273 -7.542854528 1.741797520
302106 2106.000000 17758100002106000 -0.400000006 0.013769780 -7.483472160 1.798433335
302107 2107.000000 17758100002107000 -0.400000006 0.006517040 -7.409460650 1.817698201
302108 2108.000000 17758100002108000 -0.400000006 -0.001229204 -7.336980677 1.816188899
302109 2109.000000 17758100002109000 -0.400000006 -0.008213818 -7.259492741 1.862667096
302110 2110.000000 17758100002110000 -0.400000006 -0.015732545 -7.193864176 1.896146053
302111 2111.000000 17758100002111000 -0.400000006 -0.023131872 -7.124451454 1.888830904
302112 2112.000000 17758100002112000 -0.400000006 -0.029831698 -7.046137442 1.910126907
302113 2113.000000 17758100002113000 -0.400000006 -0.036571348 -6.973184707 1.945417026
302114 2114.000000 17758100002114000 -0.400000006 -0.043579735 -6.898175274 1.885240435
302115 2115.000000 17758100002115000 -0.400000006 -0.050451007 -6.816677190 1.962608264
302116 2116.000000 17758100002116000 -0.400000006 -0.057105390 -6.753028873 1.955338667
302117 2117.000000 17758100002117000 -0.400000006 -0.063816173 -6.672493940 1.961084319
302118 2118.000000 17758100002118000 -0.400000006 -0.070477308 -6.594087113 1.959435416
302119 2119.000000 17758100002119000 -0.400000006 -0.077541157 -6.521117859 1.982038739
302120 2120.000000 17758100002120000 -0.400000006 -0.083287937 -6.447828907 1.991720115
302121 2121.000000 17758100002121000 -0.400000006 -0.089818845 -6.375997927 1.996401524
302122 2122.000000 17758100002122000 -0.400000006 -0.096248873 -6.295667114 1.963810631
302123 2123.000000 17758100002123000 -0.400000006 -0.102391775 -6.221903250 1.988775386
302124 2124.000000 17758100002124000 -0.400000006 -0.108753686 -6.146531036 1.987011356
302125 2125.000000 17758100002125000 -0.400000006 -0.114668563 -6.056857756 1.980792090
302126 2126.000000 17758100002126000 -0.400000006 -0.120256430 -5.986367615 2.036516605
302127 2127.000000 17758100002127000 -0.400000006 -0.126368458 -5.914090858 1.989708850
302128 2128.000000 17758100002128000 -0.400000006 -0.132547219 -5.833474827 1.994788863
302129 2129.000000 17758100002129000 -0.400000006 -0.137960858 -5.759190258 1.997704460
302130 2130.000000 17758100002130000 -0.400000006 -0.143949926 -5.687664570 1.985030354
302131 2131.000000 17758100002131000 -0.400000006 -0.149335244 -5.616912839 1.969718952
302132 2132.000000 17758100002132000 -0.400000006 -0.154849721 -5.531593830 1.984785288
302133 2133.000000 17758100002133000 -0.400000006 -0.160269175 -5.457021781 2.022145866
302134 2134.000000 17758100002134000 -0.400000006 -0.165825157 -5.383913963 1.992687574
302135 2135.000000 17758100002135000 -0.400000006 -0.171364188 -5.311216658 1.967075591
302136 2136.000000 17758100002136000 -0.400000006 -0.176134274 -5.226867682 1.953107183
302137 2137.000000 17758100002137000 -0.400000006 -0.181204106 -5.161367691 1.974702181
302138 2138.000000 17758100002138000 -0.400000006 -0.186772323 -5.088774481 1.925917181
302139 2139.000000 17758100002139000 -0.400000006 -0.191615894 -5.018437710 1.941476423
302140 2140.000000 17758100002140000 -0.400000006 -0.196410646 -4.947330827 1.926920641
302141 2141.000000 17758100002141000 -0.400000006 -0.201227385 -4.864035042 1.900553764
302142 2142.000000 17758100002142000 -0.400000006 -0.205928448 -4.791818094 1.906515504
302143 2143.000000 17758100002143000 -0.400000006 -0.210956025 -4.723545448 1.924005407
302144 2144.000000 17758100002144000 -0.400000006 -0.215464316 -4.649230435 1.896858576
302145 2145.000000 17758100002145000 -0.400000006 -0.220418476 -4.583906053 1.893965691
302146 2146.000000 17758100002146000 -0.400000006 -0.224872195 -4.512104840 1.874048961
302147 2147.000000 17758100002147000 -0.400000006 -0.229018302 -4.439205350 1.881733927
302148 2148.000000 17758100002148000 -0.400000006 -0.233425047 -4.368104810 1.848437238
302149 2149.000000 17758100002149000 -0.400000006 -0.238046696 -4.301659188 1.835637879
302150 2150.000000 17758100002150000 -0.400000006 -0.241887229 -4.228354445 1.818796600
302151 2151.000000 17758100002151000 -0.400000006 -0.246536084 -4.166437648 1.778517376
302152 2152.000000 17758100002152000 -0.400000006 -0.250398894 -4.080279019 1.779768036
302153 2153.000000 17758100002153000 -0.400000006 -0.254118308 -4.022363835 1.809827304
302154 2154.000000 17758100002154000 -0.400000006 -0.258253508 -3.964344118 1.767351545
302155 2155.000000 17758100002155000 -0.400000006 -0.261764431 -3.896321879 1.750667101
302156 2156.000000 17758100002156000 -0.400000006 -0.266040848 -3.825737051 1.737123215
302157 2157.000000 17758100002157000 -0.400000006 -0.269712299 -3.757859163 1.729260268
302158 2158.000000 17758100002158000 -0.400000006 -0.273415452 -3.703106728 1.726834646
302159 2159.000000 17758100002159000 -0.400000006 -0.276805093 -3.631457886 1.670543468
302160 2160.000000 17758100002160000 -0.400000006 -0.280686469 -3.572105038 1.694542664
302161 2161.000000 17758100002161000 -0.400000006 -0.283917131 -3.504891791 1.706828575
302162 2162.000000 17758100002162000 -0.400000006 -0.287875564 -3.441258334 1.632616555
302163 2163.000000 17758100002163000 -0.400000006 -0.291066809 -3.379960281 1.649657914
302164 2164.000000 17758100002164000 -0.400000006 -0.294261648 -3.321972864 1.575180407
302165 2165.000000 17758100002165000 -0.400000006 -0.297385240 -3.260358188 1.611456509
302166 2166.000000 17758100002166000 -0.400000006 -0.300406006 -3.192050764 1.578105931
302167 2167.000000 17758100002167000 -0.400000006 -0.304047636 -3.143729219 1.572232703
302168 2168.000000 17758100002168000 -0.400000006 -0.307164462 -3.090930697 1.541205444
302169 2169.000000 17758100002169000 -0.400000006 -0.309551293 -3.036911363 1.541400998
302170 2170.000000 17758100002170000 -0.400000006 -0.312738080 -2.967191542 1.518624239
302171 2171.000000 17758100002171000 -0.400000006 -0.315624979 -2.903024834 1.495681698
302172 2172.000000 17758100002172000 -0.400000006 -0.318786868 -2.862191915 1.482569134
302173 2173.000000 17758100002173000 -0.400000006 -0.321444539 -2.800907924 1.466474191
302174 2174.000000 17758100002174000 -0.400000006 -0.324139598 -2.750704370 1.468171850
302175 2175.000000 17758100002175000 -0.400000006 -0.326626007 -2.692525290 1.445353231
302176 2176.000000 17758100002176000 -0.400000006 -0.329576131 -2.644886569 1.451769293
302177 2177.000000 17758100002177000 -0.400000006 -0.332136111 -2.586849137 1.369445224
302178 2178.000000 17758100002178000 -0.400000006 -0.334818725 -2.539147152 1.371747145
302179 2179.000000 17758100002179000 -0.400000006 -0.336886573 -2.485755062 1.377559890
302180 2180.000000 17758100002180000 -0.400000006 -0.339656250 -2.432200888 1.375886483
302181 2181.000000 17758100002181000 -0.400000006 -0.341802289 -2.385213027 1.331987135
302182 2182.000000 17758100002182000 -0.400000006 -0.344460246 -2.333228223 1.375976997
302183 2183.000000 17758100002183000 -0.400000006 -0.346280702 -2.278652634 1.291950307
302184 2184.000000 17758100002184000 -0.400000006 -0.348443882 -2.231274068 1.300387571
302185 2185.000000 17758100002185000 -0.400000006 -0.351187548 -2.184595111 1.266357146
302186 2186.000000 17758100002186000 -0.400000006 -0.353035284 -2.133828930 1.239930952
302187 2187.000000 17758100002187000 -0.400000006 -0.355236172 -2.102604511 1.247451165
302188 2188.000000 17758100002188000 -0.400000006 -0.357768097 -2.053761172 1.224469291
302189 2189.000000 17758100002189000 -0.400000006 -0.359191250 -2.008863174 1.221578364
302190 2190.000000 17758100002190000 -0.400000006 -0.361212179 -1.959431805 1.167067791
302191 2191.000000 17758100002191000 -0.400000006 -0.363548762 -1.906619463 1.196909212
302192 2192.000000 17758100002192000 -0.400000006 -0.365050310 -1.867273255 1.157655221
302193 2193.000000 17758100002193000 -0.400000006 -0.366902261 -1.832564283 1.104608943
302194 2194.000000 17758100002194000 -0.400000006 -0.368430668 -1.790237721 1.150154887
302195 2195.000000 17758100002195000 -0.400000006 -0.370571758 -1.746677622 1.107889485
302196 2196.000000 17758100002196000 -0.400000006 -0.372308464 -1.710089329 1.143777995
302197 2197.000000 17758100002197000 -0.400000006 -0.373691511 -1.668332660 1.084594101
302198 2198.000000 17758100002198000 -0.400000006 -0.375351937 -1.625220166 1.043259862
302199 2199.000000 17758100002199000 -0.400000006 -0.377200685 -1.579958431 1.035759297
302200 2200.000000 17758100002200000 -0.400000006 -0.378593668 -1.554945934 1.019750296
302201 2201.000000 17758100002201000 -0.400000006 -0.380130481 -1.506793566 1.012172032
302202 2202.000000 17758100002202000 -0.400000006 -0.381404512 -1.476364173 1.015354122
302203 2203.000000 17758100002203000 -0.400000006 -0.382672677 -1.421567411 0.991185751
302204 2204.000000 17758100002204000 -0.400000006 -0.384542204 -1.396266045 0.984708491
302205 2205.000000 17758100002205000 -0.400000006 -0.385855557 -1.369851335 0.947558510
302206 2206.000000 17758100002206000 -0.400000006 -0.387151601 -1.338195738 0.941488611
302207 2207.000000 17758100002207000 -0.400000006 -0.388670422 -1.296891802 0.949133303
302208 2208.000000 17758100002208000 -0.400000006 -0.389685531 -1.259577292 0.873263841
302209 2209.000000 17758100002209000 -0.400000006 -0.391191918 -1.228793857 0.901605581
302210 2210.000000 17758100002210000 -0.400000006 -0.391785311 -1.194279177 0.841280597
302211 2211.000000 17758100002211000 -0.400000006 -0.393342612 -1.172789465 0.840315506
302212 2212.000000 17758100002212000 -0.400000006 -0.394309398 -1.134554542 0.812137384
302213 2213.000000 17758100002213000 -0.400000006 -0.395437203 -1.099915141 0.830953969
302214 2214.000000 17758100002214000 -0.400000006 -0.396772841 -1.071373158 0.821445142
302215 2215.000000 17758100002215000 -0.400000006 -0.397453054 -1.046574275 0.812875131
302216 2216.000000 17758100002216000 -0.400000006 -0.398387478 -1.011723974 0.763192287
302217 2217.000000 17758100002217000 -0.400000006 -0.399782566 -0.987305385 0.778754080
302218 2218.000000 17758100002218000 -0.400000006 -0.400385017 -0.953849332 0.796006513
302219 2219.000000 17758100002219000 -0.400000006 -0.401652215 -0.932480915 0.744950079
302220 2220.000000 17758100002220000 -0.400000006 -0.402305027 -0.904049718 0.729927928
302221 2221.000000 17758100002221000 -0.400000006 -0.403192175 -0.865972251 0.742237548
302222 2222.000000 17758100002222000 -0.400000006 -0.403793237 -0.840820803 0.696505871
302223 2223.000000 17758100002223000 -0.400000006 -0.404877741 -0.827550221 0.688936586
302224 2224.000000 17758100002224000 -0.400000006 -0.405904820 -0.793677782 0.671411274
302225 2225.000000 17758100002225000 -0.400000006 -0.406258964 -0.768942585 0.658157433
302226 2226.000000 17758100002226000 -0.400000006 -0.407377465 -0.745962460 0.661580936
302227 2227.000000 17758100002227000 -0.400000006 -0.407751622 -0.722163854 0.642500471
302228 2228.000000 17758100002228000 -0.400000006 -0.408520225 -0.700013919 0.597369147
302229 2229.000000 17758100002229000 -0.400000006 -0.409202081 -0.668912278 0.620131528
302230 2230.000000 17758100002230000 -0.400000006 -0.409951078 -0.658075340 0.604702555
302231 2231.000000 17758100002231000 -0.400000006 -0.410857190 -0.628941260 0.591829610
302232 2232.000000 17758100002232000 -0.400000006 -0.411320778 -0.599078906 0.599202054
302233 2233.000000 17758100002233000 -0.400000006 -0.411800840 -0.594088259 0.557745868
302234 2234.000000 17758100002234000 -0.400000006 -0.412322761 -0.565822923 0.579971235
302235 2235.000000 17758100002235000 -0.400000006 -0.413000524 -0.544416825 0.571291849
302236 2236.000000 17758100002236000 -0.400000006 -0.413487682 -0.524833907 0.516895553
302237 2237.000000 17758100002237000 -0.400000006 -0.413979270 -0.499592741 0.547530548
302238 2238.000000 17758100002238000 -0.400000006 -0.414477920 -0.487902257 0.557450140
302239 2239.000000 17758100002239000 -0.400000006 -0.415003086 -0.465398956 0.506470746
302240 2240.000000 17758100002240000 -0.400000006 -0.415500656 -0.454760095 0.515291923
302241 2241.000000 17758100002241000 -0.400000006 -0.415732484 -0.441934787 0.514787981
302242 2242.000000 17758100002242000 -0.400000006 -0.416377625 -0.409580343 0.468478325
302243 2243.000000 17758100002243000 -0.400000006 -0.416375447 -0.400066055 0.480995796
302244 2244.000000 17758100002244000 -0.400000006 -0.417110998 -0.385322206 0.440603264
302245 2245.000000 17758100002245000 -0.400000006 -0.417242895 -0.361847271 0.462675711
302246 2246.000000 17758100002246000 -0.400000006 -0.417557255 -0.347029416 0.404835966
302247 2247.000000 17758100002247000 -0.400000006 -0.417978582 -0.330946822 0.411749325
302248 2248.000000 17758100002248000 -0.400000006 -0.418752213 -0.324866858 0.429223257
302249 2249.000000 17758100002249000 -0.400000006 -0.418932816 -0.301635685 0.377659942
302250 2250.000000 17758100002250000 -0.400000006 -0.419012775 -0.288638125 0.374635817
302251 2251.000000 17758100002251000 -0.400000006 -0.419470391 -0.278958737 0.380117099
302252 2252.000000 17758100002252000 -0.400000006 -0.418972116 -0.262821311 0.344929062
302253 2253.000000 17758100002253000 -0.400000006 -0.419493364 -0.237287275 0.361937790
302254 2254.000000 17758100002254000 -0.400000006 -0.420033609 -0.244600285 0.329692852
302255 2255.000000 17758100002255000 -0.400000006 -0.419994408 -0.218575259 0.374577749
302256 2256.000000 17758100002256000 -0.400000006 -0.420585927 -0.221533331 0.335134488
302257 2257.000000 17758100002257000 -0.400000006 -0.420712961 -0.201751904 0.357164976
302258 2258.000000 17758100002258000 -0.400000006 -0.420739864 -0.193526851 0.309553332
302259 2259.000000 17758100002259000 -0.400000006 -0.420753789 -0.171786412 0.308304113
302260 2260.000000 17758100002260000 -0.400000006 -0.421286762 -0.159662786 0.342952117
302261 2261.000000 17758100002261000 -0.400000006 -0.421354957 -0.155995796 0.317886761
302262 2262.000000 17758100002262000 -0.400000006 -0.421390752 -0.141537315 0.314202958
302263 2263.000000 17758100002263000 -0.400000006 -0.421733946 -0.128439038 0.295402721
302264 2264.000000 17758100002264000 -0.400000006 -0.421794003 -0.126885142 0.282457366
302265 2265.000000 17758100002265000 -0.400000006 -0.421496609 -0.112499778 0.266831097
302266 2266.000000 17758100002266000 -0.400000006 -0.421723726 -0.098611920 0.272509087
302267 2267.000000 17758100002267000 -0.400000006 -0.421880099 -0.087851262 0.269303908
302268 2268.000000 17758100002268000 -0.400000006 -0.421988102 -0.083939170 0.233120118
302269 2269.000000 17758100002269000 -0.400000006 -0.422044620 -0.075024395 0.197102811
302270 2270.000000 17758100002270000 -0.400000006 -0.421932954 -0.059028679 0.217611743
302271 2271.000000 17758100002271000 -0.400000006 -0.422294323 -0.050653485 0.204712500
302272 2272.000000 17758100002272000 -0.400000006 -0.422400550 -0.050012120 0.251434655
302273 2273.000000 17758100002273000 -0.400000006 -0.422305724 -0.037431217 0.209148666
302274 2274.000000 17758100002274000 -0.400000006 -0.422510273 -0.029864189 0.215746260
302275 2275.000000 17758100002275000 -0.400000006 -0.422578106 -0.024287780 0.210525930
302276 2276.000000 17758100002276000 -0.400000006 -0.422030589 -0.021224822 0.185433360
302277 2277.000000 17758100002277000 -0.400000006 -0.422393478 -0.008874898 0.180173783
302278 2278.000000 17758100002278000 -0.400000006 -0.422359253 0.001849096 0.158979233
302279 2279.000000 17758100002279000 -0.400000006 -0.422269121 0.001908736 0.184328722
302280 2280.000000 17758100002280000 -0.400000006 -0.422411691 0.003045626 0.162347286
302281 2281.000000 17758100002281000 -0.400000006 -0.422631481 0.018629853 0.164542115
302282 2282.000000 17758100002282000 -0.400000006 -0.422011012 0.013301256 0.184339229
302283 2283.000000 17758100002283000 -0.400000006 -0.422425237 0.028508977 0.179068532
302284 2284.000000 17758100002284000 -0.400000006 -0.422677291 0.039131165 0.186499619
302285 2285.000000 17758100002285000 -0.400000006 -0.422482358 0.037794516 0.093827415
302286 2286.000000 17758100002286000 -0.400000006 -0.422591935 0.041727745 0.187264035
302287 2287.000000 17758100002287000 -0.400000006 -0.421999293 0.047206454 0.146514164
302288 2288.000000 17758100002288000 -0.400000006 -0.422088356 0.053277543 0.116615462
302289 2289.000000 17758100002289000 -0.400000006 -0.422129058 0.058533470 0.157234614
302290 2290.000000 17758100002290000 -0.400000006 -0.422240371 0.057686055 0.152472025
302291 2291.000000 17758100002291000 -0.400000006 -0.421924091 0.069273872 0.100344789
302292 2292.000000 17758100002292000 -0.400000006 -0.421913497 0.070538844 0.063463132
302293 2293.000000 17758100002293000 -0.400000006 -0.422034938 0.086081366 0.097892960
302294 2294.000000 17758100002294000 -0.400000006 -0.421689580 0.074315084 0.070164081
302295 2295.000000 17758100002295000 -0.400000006 -0.421678711 0.082081021 0.096887091
302296 2296.000000 17758100002296000 -0.400000006 -0.421496051 0.090356900 0.110863118
302297 2297.000000 17758100002297000 -0.400000006 -0.421249671 0.079588543 0.108930135
302298 2298.000000 17758100002298000 -0.400000006 -0.420960901 0.086628535 0.101366778
302299 2299.000000 17758100002299000 -0.400000006 -0.421367319 0.101637939 0.092681235
302300 2300.000000 17758100002300000 -0.400000006 -0.421043131 0.098524957 0.122152052
302301 2301.000000 17758100002301000 -0.400000006 -0.421245386 0.094261727 0.082573155
302302 2302.000000 17758100002302000 -0.400000006 -0.420704792 0.105540188 0.042896882
302303 2303.000000 17758100002303000 -0.400000006 -0.420783852 0.101309548 0.077392881
302304 2304.000000 17758100002304000 -0.400000006 -0.420847110 0.121493339 0.049026432
302305 2305.000000 17758100002305000 -0.400000006 -0.420387585 0.119441337 0.032375132
302306 2306.000000 17758100002306000 -0.400000006 -0.420518943 0.121401524 0.046280315
302307 2307.000000 17758100002307000 -0.400000006 -0.420285382 0.120897717 0.063262021
302308 2308.000000 17758100002308000 -0.400000006 -0.420438440 0.116909338 0.057124879
302309 2309.000000 17758100002309000 -0.400000006 -0.420301312 0.123863236 0.034297420
302310 2310.000000 17758100002310000 -0.400000006 -0.419925566 0.124512863 0.078138799
302311 2311.000000 17758100002311000 -0.400000006 -0.419503320 0.121420600 0.067372171
302312 2312.000000 17758100002312000 -0.400000006 -0.419517840 0.120367861 0.054466451
302313 2313.000000 17758100002313000 -0.400000006 -0.419325362 0.129932344 0.031674417
302314 2314.000000 17758100002314000 -0.400000006 -0.419268136 0.125325196 0.032397263
302315 2315.000000 17758100002315000 -0.400000006 -0.419324281 0.132777434 0.038382706
302316 2316.000000 17758100002316000 -0.400000006 -0.418937748 0.136995177 0.019213937
302317 2317.000000 17758100002317000 -0.400000006 -0.419157763 0.139765587 0.026641939
302318 2318.000000 17758100002318000 -0.400000006 -0.418971224 0.135360931 0.031177207
302319 2319.000000 17758100002319000 -0.400000006 -0.418730121 0.135106432 0.028086432
302320 2320.000000 17758100002320000 -0.400000006 -0.418715240 0.135716081 0.020143715
302321 2321.000000 17758100002321000 -0.400000006 -0.418453979 0.125542034 0.019077112
302322 2322.000000 17758100002322000 -0.400000006 -0.418485982 0.140507301 -0.002517196
302323 2323.000000 17758100002323000 -0.400000006 -0.418274279 0.140360068 -0.004507521
302324 2324.000000 17758100002324000 -0.400000006 -0.418301907 0.149192691 0.008898203
302325 2325.000000 17758100002325000 -0.400000006 -0.418110803 0.144971342 -0.013808885
302326 2326.000000 17758100002326000 -0.400000006 -0.417715789 0.142437824 -0.033737592
302327 2327.000000 17758100002327000 -0.400000006 -0.417802437 0.146520935 -0.007088748
302328 2328.000000 17758100002328000 -0.400000006 -0.417259283 0.141342376 0.000958466
302329 2329.000000 17758100002329000 -0.400000006 -0.417217781 0.146896376 0.007799210
302330 2330.000000 17758100002330000 -0.400000006 -0.417389643 0.142111444 0.044699286
302331 2331.000000 17758100002331000 -0.400000006 -0.417307677 0.141572332 -0.004783138
302332 2332.000000 17758100002332000 -0.400000006 -0.417155673 0.146655283 0.012023781
302333 2333.000000 17758100002333000 -0.400000006 -0.416769493 0.143126054 -0.019982887
302334 2334.000000 17758100002334000 -0.400000006 -0.416380978 0.149594527 0.004050047
302335 2335.000000 17758100002335000 -0.400000006 -0.416844339 0.142269161 0.003382659
302336 2336.000000 17758100002336000 -0.400000006 -0.416401981 0.137799149 -0.032884394
302337 2337.000000 17758100002337000 -0.400000006 -0.416199949 0.137214659 0.012993988
302338 2338.000000 17758100002338000 -0.400000006 -0.416376644 0.141675596 0.007530435
302339 2339.000000 17758100002339000 -0.400000006 -0.416031102 0.137444180 0.038098479
302340 2340.000000 17758100002340000 -0.400000006 -0.415613426 0.141802783 0.003915043
302341 2341.000000 17758100002341000 -0.400000006 -0.415682886 0.140453869 -0.025056926
302342 2342.000000 17758100002342000 -0.400000006 -0.415335657 0.142807383 0.009792356
302343 2343.000000 17758100002343000 -0.400000006 -0.415453656 0.142968196 0.040366109
302344 2344.000000 17758100002344000 -0.400000006 -0.414959581 0.137619647 -0.027481884
302345 2345.000000 17758100002345000 -0.400000006 -0.415467973 0.138580312 -0.030683645
302346 2346.000000 17758100002346000 -0.400000006 -0.415197345 0.136688387 0.017660479
302347 2347.000000 17758100002347000 -0.400000006 -0.414984108 0.139073384 -0.015533945
302348 2348.000000 17758100002348000 -0.400000006 -0.414823139 0.139840441 -0.008425601
302349 2349.000000 17758100002349000 -0.400000006 -0.414521639 0.133891680 -0.031671968
302350 2350.000000 17758100002350000 -0.400000006 -0.414975220 0.135674425 -0.018163864
302351 2351.000000 17758100002351000 -0.400000006 -0.414228424 0.133296263 -0.008153125
302352 2352.000000 17758100002352000 -0.400000006 -0.414494314 0.133300635 -0.015530802
302353 2353.000000 17758100002353000 -0.400000006 -0.413877188 0.131316668 -0.029618099
302354 2354.000000 17758100002354000 -0.400000006 -0.413978836 0.131733808 0.008862195
302355 2355.000000 17758100002355000 -0.400000006 -0.414155611 0.119163565 0.006454079
302356 2356.000000 17758100002356000 -0.400000006 -0.413491971 0.119116917 -0.002657116
302357 2357.000000 17758100002357000 -0.400000006 -0.413362711 0.124869896 -0.007844908
302358 2358.000000 17758100002358000 -0.400000006 -0.413290651 0.125279401 -0.011303844
302359 2359.000000 17758100002359000 -0.400000006 -0.413226616 0.119853500 -0.016238627
302360 2360.000000 17758100002360000 -0.400000006 -0.413037529 0.123412501 -0.020206282
302361 2361.000000 17758100002361000 -0.400000006 -0.413170860 0.132110871 0.002391860
302362 2362.000000 17758100002362000 -0.400000006 -0.412910705 0.124816236 -0.022251652
302363 2363.000000 17758100002363000 -0.400000006 -0.413298806 0.119575110 -0.027429962
302364 2364.000000 17758100002364000 -0.400000006 -0.412999007 0.122486369 -0.015052231
302365 2365.000000 17758100002365000 -0.400000006 -0.412639321 0.115802055 -0.042420379
302366 2366.000000 17758100002366000 -0.400000006 -0.412631418 0.112450436 -0.042404991
302367 2367.000000 17758100002367000 -0.400000006 -0.412077011 0.124609038 -0.014634719
302368 2368.000000 17758100002368000 -0.400000006 -0.412216141 0.105229956 -0.040174582
302369 2369.000000 17758100002369000 -0.400000006 -0.412229884 0.112791563 -0.038419755
302370 2370.000000 17758100002370000 -0.400000006 -0.411860518 0.113590196 -0.058163022
302371 2371.000000 17758100002371000 -0.400000006 -0.411995146 0.110987093 -0.017858220
302372 2372.000000 17758100002372000 -0.400000006 -0.411382541 0.112398031 -0.023277315
302373 2373.000000 17758100002373000 -0.400000006 -0.411594676 0.109835391 -0.028190394
302374 2374.000000 17758100002374000 -0.400000006 -0.411637141 0.109912932 -0.044487401
302375 2375.000000 17758100002375000 -0.400000006 -0.411443772 0.119221300 -0.002741107
302376 2376.000000 17758100002376000 -0.400000006 -0.411070219 0.105990962 -0.032628353
302377 2377.000000 17758100002377000 -0.400000006 -0.411355671 0.110412569 -0.076488394
302378 2378.000000 17758100002378000 -0.400000006 -0.411069452 0.114024401 -0.039500183
302379 2379.000000 17758100002379000 -0.400000006 -0.411046185 0.095564293 -0.048159988
302380 2380.000000 17758100002380000 -0.400000006 -0.410595208 0.103095287 -0.068454495
302381 2381.000000 17758100002381000 -0.400000006 -0.410479771 0.100900758 -0.055550172
302382 2382.000000 17758100002382000 -0.400000006 -0.410530093 0.094759195 -0.023551727
302383 2383.000000 17758100002383000 -0.400000006 -0.410625039 0.090184966 -0.034372576
302384 2384.000000 17758100002384000 -0.400000006 -0.410205352 0.102092545 -0.027621420
302385 2385.000000 17758100002385000 -0.400000006 -0.410671866 0.103030694 -0.059638842
302386 2386.000000 17758100002386000 -0.400000006 -0.410440016 0.091760028 -0.039388632
302387 2387.000000 17758100002387000 -0.400000006 -0.410144730 0.095841970 -0.041750331
302388 2388.000000 17758100002388000 -0.400000006 -0.410286009 0.094923876 -0.032727933
302389 2389.000000 17758100002389000 -0.400000006 -0.409891385 0.098529748 0.005746008
302390 2390.000000 17758100002390000 -0.400000006 -0.409752042 0.091877843 -0.023237718
302391 2391.000000 17758100002391000 -0.400000006 -0.409679411 0.100531294 -0.004405112
302392 2392.000000 17758100002392000 -0.400000006 -0.409933385 0.087633905 -0.001589797
302393 2393.000000 17758100002393000 -0.400000006 -0.409853176 0.081644344 -0.017818001
302394 2394.000000 17758100002394000 -0.400000006 -0.409635044 0.093854820 -0.017438361
302395 2395.000000 17758100002395000 -0.400000006 -0.409409552 0.085886248 -0.038427157
302396 2396.000000 17758100002396000 -0.400000006 -0.409441982 0.092149238 -0.053816225
302397 2397.000000 17758100002397000 -0.400000006 -0.409020461 0.075654748 -0.029223255
302398 2398.000000 17758100002398000 -0.400000006 -0.409164467 0.086542355 -0.034672232
302399 2399.000000 17758100002399000 -0.400000006 -0.409174099 0.080391147 -0.047690087
302400 2400.000000 17758100002400000 -0.400000006 -0.408750971 0.082830290 -0.047163154
302401 2401.000000 17758100002401000 -0.400000006 -0.408368752 0.082316283 0.004057302
302402 2402.000000 17758100002402000 -0.400000006 -0.408748266 0.080812087 -0.012788977
302403 2403.000000 17758100002403000 -0.400000006 -0.408914619 0.080374043 -0.033819864
302404 2404.000000 17758100002404000 -0.400000006 -0.408732095 0.080421717 0.009415722
302405 2405.000000 17758100002405000 -0.400000006 -0.408746936 0.071223331 -0.020720995
302406 2406.000000 17758100002406000 -0.400000006 -0.408404194 0.066542630 -0.043897986
302407 2407.000000 17758100002407000 -0.400000006 -0.408348765 0.065335233 -0.021707427
302408 2408.000000 17758100002408000 -0.400000006 -0.408170881 0.059574212 -0.008156242
302409 2409.000000 17758100002409000 -0.400000006 -0.408226343 0.071756155 -0.008678483
302410 2410.000000 17758100002410000 -0.400000006 -0.408429129 0.067748094 -0.047082397
302411 2411.000000 17758100002411000 -0.400000006 -0.408222266 0.073015279 -0.018676583
302412 2412.000000 17758100002412000 -0.400000006 -0.408214309 0.072103383 -0.052995411
302413 2413.000000 17758100002413000 -0.400000006 -0.408256955 0.066516488 -0.025240113
302414 2414.000000 17758100002414000 -0.400000006 -0.407929948 0.064386811 -0.036510521
302415 2415.000000 17758100002415000 -0.400000006 -0.407863047 0.064761258 -0.021714790
302416 2416.000000 17758100002416000 -0.400000006 -0.407615247 0.061935853 -0.041354097
302417 2417.000000 17758100002417000 -0.400000006 -0.408214216 0.062960976 -0.031426895
302418 2418.000000 17758100002418000 -0.400000006 -0.407511579 0.063039458 -0.016281581
302419 2419.000000 17758100002419000 -0.400000006 -0.407902721 0.063679941 -0.039201764
302420 2420.000000 17758100002420000 -0.400000006 -0.407488451 0.060792228 -0.019971035
302421 2421.000000 17758100002421000 -0.400000006 -0.407439708 0.063076713 -0.057355151
302422 2422.000000 17758100002422000 -0.400000006 -0.407031911 0.057904545 -0.011300969
302423 2423.000000 17758100002423000 -0.400000006 -0.407426872 0.051346132 -0.045132461
302424 2424.000000 17758100002424000 -0.400000006 -0.407227378 0.053756299 -0.021259068
302425 2425.000000 17758100002425000 -0.400000006 -0.407426738 0.052153281 -0.039929411
302426 2426.000000 17758100002426000 -0.400000006 -0.407546463 0.055818479 0.019948857
302427 2427.000000 17758100002427000 -0.400000006 -0.407678052 0.050712747 0.006604802
302428 2428.000000 17758100002428000 -0.400000006 -0.407468704 0.049812107 -0.005040843
302429 2429.000000 17758100002429000 -0.400000006 -0.407201339 0.052454894 -0.024452353
302430 2430.000000 17758100002430000 -0.400000006 -0.407232542 0.051831823 0.009922708
302431 2431.000000 17758100002431000 -0.400000006 -0.407152805 0.052163312 -0.032161404
302432 2432.000000 17758100002432000 -0.400000006 -0.406880525 0.049424624 -0.016425489
302433 2433.000000 17758100002433000 -0.400000006 -0.407097663 0.044479744 -0.025291057
302434 2434.000000 17758100002434000 -0.400000006 -0.406756631 0.047912305 -0.026399860
302435 2435.000000 17758100002435000 -0.400000006 -0.406637583 0.045277596 -0.045849298
302436 2436.000000 17758100002436000 -0.400000006 -0.407211324 0.038612848 0.015520221
302437 2437.000000 17758100002437000 -0.400000006 -0.406689036 0.057600532 -0.014112042
302438 2438.000000 17758100002438000 -0.400000006 -0.406956508 0.044305647 -0.034621951
302439 2439.000000 17758100002439000 -0.400000006 -0.406839225 0.042609986 -0.040572333
302440 2440.000000 17758100002440000 -0.400000006 -0.406628543 0.034972626 -0.054671341
302441 2441.000000 17758100002441000 -0.400000006 -0.406449136 0.039734241 -0.053963581
302442 2442.000000 17758100002442000 -0.400000006 -0.406637205 0.042182680 -0.022445960
302443 2443.000000 17758100002443000 -0.400000006 -0.406483039 0.035485125 0.016828055
302444 2444.000000 17758100002444000 -0.400000006 -0.406413231 0.033228933 0.001092805
302445 2445.000000 17758100002445000 -0.400000006 -0.406297350 0.033149965 -0.011886354
302446 2446.000000 17758100002446000 -0.400000006 -0.406060933 0.032833280 0.007636756
302447 2447.000000 17758100002447000 -0.400000006 -0.406163287 0.033315531 -0.015582248
302448 2448.000000 17758100002448000 -0.400000006 -0.406288876 0.039901991 -0.003768558
302449 2449.000000 17758100002449000 -0.400000006 -0.406008590 0.038334168 -0.075654298
302450 2450.000000 17758100002450000 -0.400000006 -0.406096200 0.026367892 -0.004705094
302451 2451.000000 17758100002451000 -0.400000006 -0.406083229 0.025273361 -0.018304630
302452 2452.000000 17758100002452000 -0.400000006 -0.406431685 0.036500975 0.005623583
302453 2453.000000 17758100002453000 -0.400000006 -0.406158440 0.033152919 -0.011827416
302454 2454.000000 17758100002454000 -0.400000006 -0.406113860 0.033895516 -0.006580626
302455 2455.000000 17758100002455000 -0.400000006 -0.406008855 0.018698401 -0.024378975
302456 2456.000000 17758100002456000 -0.400000006 -0.405910443 0.020742687 -0.016323799
302457 2457.000000 17758100002457000 -0.400000006 -0.405979852 0.017102636 0.003960675
302458 2458.000000 17758100002458000 -0.400000006 -0.406095053 0.030710864 -0.031810605
302459 2459.000000 17758100002459000 -0.400000006 -0.406050174 0.023362695 0.005355146
302460 2460.000000 17758100002460000 -0.400000006 -0.406002552 0.016704471 0.000612326
302461 2461.000000 17758100002461000 -0.400000006 -0.405510875 0.023243816 0.001767621
302462 2462.000000 17758100002462000 -0.400000006 -0.406156589 0.027244043 -0.029416966
302463 2463.000000 17758100002463000 -0.400000006 -0.405744309 0.026610393 0.020196391
302464 2464.000000 17758100002464000 -0.400000006 -0.405900740 0.014016263 -0.007241439
302465 2465.000000 17758100002465000 -0.400000006 -0.405885434 0.016535293 0.032433411
302466 2466.000000 17758100002466000 -0.400000006 -0.406064553 0.024684643 -0.006251458
302467 2467.000000 17758100002467000 -0.400000006 -0.405650262 0.030856229 0.009034137
302468 2468.000000 17758100002468000 -0.400000006 -0.405985805 0.022712854 -0.024804057
302469 2469.000000 17758100002469000 -0.400000006 -0.405422690 0.025330734 -0.012528851
302470 2470.000000 17758100002470000 -0.400000006 -0.405711576 0.018743124 -0.017215090
302471 2471.000000 17758100002471000 -0.400000006 -0.405514368 0.013578222 -0.013734389
302472 2472.000000 17758100002472000 -0.400000006 -0.405909593 0.007350888 -0.009005865
302473 2473.000000 17758100002473000 -0.400000006 -0.405801654 0.015356524 -0.039663473
302474 2474.000000 17758100002474000 -0.400000006 -0.405903096 0.022128000 -0.028458445
302475 2475.000000 17758100002475000 -0.400000006 -0.405546103 0.023880666 -0.007714270
302476 2476.000000 17758100002476000 -0.400000006 -0.405577416 0.026350444 -0.000934645
302477 2477.000000 17758100002477000 -0.400000006 -0.405642502 0.012604437 -0.006870803
302478 2478.000000 17758100002478000 -0.400000006 -0.405468845 0.015675039 -0.025867039
302479 2479.000000 17758100002479000 -0.400000006 -0.405414009 0.014665136 -0.021209732
302480 2480.000000 17758100002480000 -0.400000006 -0.405027189 0.014984109 -0.012359219
302481 2481.000000 17758100002481000 -0.400000006 -0.405417482 0.022077479 -0.012945774
302482 2482.000000 17758100002482000 -0.400000006 -0.405725968 0.016631783 -0.032516645
302483 2483.000000 17758100002483000 -0.400000006 -0.405430248 0.017727660 -0.011675421
302484 2484.000000 17758100002484000 -0.400000006 -0.405327661 0.011437232 0.015462244
302485 2485.000000 17758100002485000 -0.400000006 -0.405631969 0.014579342 0.011891931
302486 2486.000000 17758100002486000 -0.400000006 -0.405295567 0.016353016 -0.023156057
302487 2487.000000 17758100002487000 -0.400000006 -0.405360054 0.013454030 0.016334799
302488 2488.000000 17758100002488000 -0.400000006 -0.405539111 0.018419240 -0.003364475
302489 2489.000000 17758100002489000 -0.400000006 -0.405567352 0.018350765 -0.009459561
302490 2490.000000 17758100002490000 -0.400000006 -0.405664499 0.012776705 -0.019020678
302491 2491.000000 17758100002491000 -0.400000006 -0.405494800 0.002241817 -0.013444259
302492 2492.000000 17758100002492000 -0.400000006 -0.405464613 0.015832274 -0.008715481
302493 2493.000000 17758100002493000 -0.400000006 -0.405469577 0.013093558 -0.014937180
302494 2494.000000 17758100002494000 -0.400000006 -0.405222021 0.013564394 -0.027207266
302495 2495.000000 17758100002495000 -0.400000006 -0.405148665 0.009139169 0.024434413
302496 2496.000000 17758100002496000 -0.400000006 -0.405513075 0.008887145 0.042652426
302497 2497.000000 17758100002497000 -0.400000006 -0.405315574 0.003523765 0.009130636
302498 2498.000000 17758100002498000 -0.400000006 -0.405652921 0.013421770 -0.004380463
302499 2499.000000 17758100002499000 -0.400000006 -0.405238687 0.014126975 -0.026434121
302500 2500.000000 17758100002500000 -0.400000006 -0.405009310 0.008005476 0.001081781
302501 2501.000000 17758100002501000 -0.400000006 -0.405155794 0.000649978 -0.020895665
302502 2502.000000 17758100002502000 -0.400000006 -0.404836828 0.005176805 -0.022859103
302503 2503.000000 17758100002503000 -0.400000006 -0.405014755 0.004919711 -0.015015252
302504 2504.000000 17758100002504000 -0.400000006 -0.405154894 0.013696633 0.020283760
302505 2505.000000 17758100002505000 -0.400000006 -0.405247384 -0.000104042 -0.019283500
302506 2506.000000 17758100002506000 -0.400000006 -0.405334432 0.011832973 0.002893317
302507 2507.000000 17758100002507000 -0.400000006 -0.405454151 0.011037668 -0.005121419
302508 2508.000000 17758100002508000 -0.400000006 -0.405093797 0.008671279 -0.008975699
302509 2509.000000 17758100002509000 -0.400000006 -0.405227519 -0.002945121 -0.005422975
302510 2510.000000 17758100002510000 -0.400000006 -0.405499749 0.010101793 -0.024337520
302511 2511.000000 17758100002511000 -0.400000006 -0.405080292 0.001195418 -0.036289606
302512 2512.000000 17758100002512000 -0.400000006 -0.405520479 -0.003282779 0.008812779
302513 2513.000000 17758100002513000 -0.400000006 -0.405384727 0.004881069 -0.028615511
302514 2514.000000 17758100002514000 -0.400000006 -0.405110670 0.004271326 -0.013050648
302515 2515.000000 17758100002515000 -0.400000006 -0.405649936 -0.000554941 0.012517966
302516 2516.000000 17758100002516000 -0.400000006 -0.405364118 0.008495697 0.003513635
302517 2517.000000 17758100002517000 -0.400000006 -0.405129407 0.009134225 -0.016712242
302518 2518.000000 17758100002518000 -0.400000006 -0.405119801 0.002787155 -0.006170190
302519 2519.000000 17758100002519000 -0.400000006 -0.405097320 -0.002106783 -0.011854493
302520 2520.000000 17758100002520000 -0.400000006 -0.405263316 0.001405052 -0.005875725
302521 2521.000000 17758100002521000 -0.400000006 -0.405203775 0.000289940 -0.015875026
302522 2522.000000 17758100002522000 -0.400000006 -0.405342834 -0.000011686 0.003283162
302523 2523.000000 17758100002523000 -0.400000006 -0.405452092 0.000714273 0.013105212
302524 2524.000000 17758100002524000 -0.400000006 -0.404862230 0.002580446 -0.010543859
302525 2525.000000 17758100002525000 -0.400000006 -0.404802442 -0.006064635 0.007939369
302526 2526.000000 17758100002526000 -0.400000006 -0.405158683 0.004762012 0.045789316
302527 2527.000000 17758100002527000 -0.400000006 -0.405014142 0.005697727 0.024375177
302528 2528.000000 17758100002528000 -0.400000006 -0.405208789 0.007891288 -0.006639492
302529 2529.000000 17758100002529000 -0.400000006 -0.405591646 0.001130075 0.006353525
302530 2530.000000 17758100002530000 -0.400000006 -0.405051422 -0.001237014 0.004080613
302531 2531.000000 17758100002531000 -0.400000006 -0.405052353 0.000579056 -0.006559516
302532 2532.000000 17758100002532000 -0.400000006 -0.405259111 -0.002986775 -0.004619259
302533 2533.000000 17758100002533000 -0.400000006 -0.405368554 -0.003031704 -0.038235565
302534 2534.000000 17758100002534000 -0.400000006 -0.405012464 0.006119670 -0.004756357
302535 2535.000000 17758100002535000 -0.400000006 -0.405265692 0.010860957 0.019549497
302536 2536.000000 17758100002536000 -0.400000006 -0.405119851 -0.002151688 -0.004529002
302537 2537.000000 17758100002537000 -0.400000006 -0.404841168 0.001906749 0.023953143
302538 2538.000000 17758100002538000 -0.400000006 -0.405058212 0.001816766 0.045248800
302539 2539.000000 17758100002539000 -0.400000006 -0.405318989 -0.001748539 0.001231699
302540 2540.000000 17758100002540000 -0.400000006 -0.405041361 -0.002929164 0.013502921
302541 2541.000000 17758100002541000 -0.400000006 -0.404976006 0.001563772 0.008511630
302542 2542.000000 17758100002542000 -0.400000006 -0.405287567 0.002658535 0.011825565
302543 2543.000000 17758100002543000 -0.400000006 -0.405418678 -0.000198245 0.027691635
302544 2544.000000 17758100002544000 -0.400000006 -0.404954549 0.009409876 -0.052764647
302545 2545.000000 17758100002545000 -0.400000006 -0.405028672 0.000753800 -0.001273290
302546 2546.000000 17758100002546000 -0.400000006 -0.405272081 -0.005255645 0.012571418
302547 2547.000000 17758100002547000 -0.400000006 -0.405444510 0.003425953 -0.004239596
302548 2548.000000 17758100002548000 -0.400000006 -0.405398744 0.010042154 -0.003821769
302549 2549.000000 17758100002549000 -0.400000006 -0.405114927 0.002280251 0.021999159
302550 2550.000000 17758100002550000 -0.400000006 -0.405102813 0.004276110 0.007150609
302551 2551.000000 17758100002551000 -0.400000006 -0.405392743 0.004666641 -0.026339335
302552 2552.000000 17758100002552000 -0.400000006 -0.405114398 0.005364138 0.005439675
302553 2553.000000 17758100002553000 -0.400000006 -0.405049804 0.006509184 -0.010987628
302554 2554.000000 17758100002554000 -0.400000006 -0.405168315 -0.006870387 -0.023397200
302555 2555.000000 17758100002555000 -0.400000006 -0.405361786 -0.002299487 -0.046715518
302556 2556.000000 17758100002556000 -0.400000006 -0.405227597 -0.000507812 -0.010737248
302557 2557.000000 17758100002557000 -0.400000006 -0.404676101 -0.003426351 0.004361205
302558 2558.000000 17758100002558000 -0.400000006 -0.405232362 0.001925936 -0.009791975
302559 2559.000000 17758100002559000 -0.400000006 -0.405055538 -0.001417582 -0.012705898
302560 2560.000000 17758100002560000 -0.400000006 -0.405378831 0.002082056 -0.020525508
302561 2561.000000 17758100002561000 -0.400000006 -0.405242973 -0.004097387 0.008606135
302562 2562.000000 17758100002562000 -0.400000006 -0.404799432 0.000738223 -0.000574295
302563 2563.000000 17758100002563000 -0.400000006 -0.405353800 0.002425846 -0.003721731
302564 2564.000000 17758100002564000 -0.400000006 -0.405319233 -0.001976515 -0.032375930
302565 2565.000000 17758100002565000 -0.400000006 -0.405083642 0.003004822 -0.001158275
302566 2566.000000 17758100002566000 -0.400000006 -0.405117325 0.006485871 -0.045561625
302567 2567.000000 17758100002567000 -0.400000006 -0.405404777 -0.002423175 0.026262783
302568 2568.000000 17758100002568000 -0.400000006 -0.405182755 0.000387074 -0.019558703
302569 2569.000000 17758100002569000 -0.400000006 -0.405013834 0.007631191 0.003413063
302570 2570.000000 17758100002570000 -0.400000006 -0.405198713 0.001001336 0.008908159
302571 2571.000000 17758100002571000 -0.400000006 -0.405142780 -0.004570303 0.003151639
302572 2572.000000 17758100002572000 -0.400000006 -0.405142985 -0.000445027 -0.005484935
302573 2573.000000 17758100002573000 -0.400000006 -0.404922320 0.002487136 -0.005434216
302574 2574.000000 17758100002574000 -0.400000006 -0.404897069 0.001965875 -0.012374983
302575 2575.000000 17758100002575000 -0.400000006 -0.405118876 -0.003972463 0.005079573
302576 2576.000000 17758100002576000 -0.400000006 -0.405257318 0.000259612 0.009402473
302577 2577.000000 17758100002577000 -0.400000006 -0.404903134 -0.003398578 0.003168982
302578 2578.000000 17758100002578000 -0.400000006 -0.404917138 0.005522070 0.007103839
302579 2579.000000 17758100002579000 -0.400000006 -0.405283107 -0.000773843 -0.046043458
302580 2580.000000 17758100002580000 -0.400000006 -0.405266146 -0.003917810 0.059342284
302581 2581.000000 17758100002581000 -0.400000006 -0.405591907 0.004246277 0.047116505
302582 2582.000000 17758100002582000 -0.400000006 -0.405222804 -0.000251799 -0.017072840
302583 2583.000000 17758100002583000 -0.400000006 -0.405286016 -0.007690818 -0.003804243
302584 2584.000000 17758100002584000 -0.400000006 -0.404964114 0.004964281 -0.008654471
302585 2585.000000 17758100002585000 -0.400000006 -0.405111452 0.003980617 0.000108432
302586 2586.000000 17758100002586000 -0.400000006 -0.405300015 0.003172948 -0.005251264
302587 2587.000000 17758100002587000 -0.400000006 -0.405102168 0.009486457 0.007336830
302588 2588.000000 17758100002588000 -0.400000006 -0.404882877 -0.005414515 0.004430623
302589 2589.000000 17758100002589000 -0.400000006 -0.405049373 0.001614838 -0.004619950
302590 2590.000000 17758100002590000 -0.400000006 -0.405147385 0.002900387 -0.006694732
302591 2591.000000 17758100002591000 -0.400000006 -0.404989814 -0.001330460 0.001796399
302592 2592.000000 17758100002592000 -0.400000006 -0.405130824 0.009622995 0.026899850
302593 2593.000000 17758100002593000 -0.400000006 -0.405023523 -0.010524911 0.020559532
302594 2594.000000 17758100002594000 -0.400000006 -0.405236661 -0.000587193 -0.029693187
302595 2595.000000 17758100002595000 -0.400000006 -0.405530572 -0.001414010 0.006727069
302596 2596.000000 17758100002596000 -0.400000006 -0.405159636 -0.003122667 -0.046101425
302597 2597.000000 17758100002597000 -0.400000006 -0.405331077 -0.004601871 -0.013122738
302598 2598.000000 17758100002598000 -0.400000006 -0.405296730 0.003299110 -0.018275676
302599 2599.000000 17758100002599000 -0.400000006 -0.405408301 0.000274024 0.005051030
302600 2600.000000 17758100002600000 -0.400000006 -0.405150510 0.004318234 0.012255044
302601 2601.000000 17758100002601000 -0.400000006 -0.405050801 0.003488885 -0.011958152
302602 2602.000000 17758100002602000 -0.400000006 -0.405032855 0.004393097 -0.011308263
302603 2603.000000 17758100002603000 -0.400000006 -0.405177614 0.003810642 0.020674485
302604 2604.000000 17758100002604000 -0.400000006 -0.405241292 -0.005192329 0.016191097
302605 2605.000000 17758100002605000 -0.400000006 -0.405501743 -0.000027877 0.005084661
302606 2606.000000 17758100002606000 -0.400000006 -0.405444759 -0.009562566 0.003815630
302607 2607.000000 17758100002607000 -0.400000006 -0.405147959 -0.000347463 -0.023109102
302608 2608.000000 17758100002608000 -0.400000006 -0.405305796 0.005181811 -0.020123379
302609 2609.000000 17758100002609000 -0.400000006 -0.405290011 0.000005668 -0.030114469
302610 2610.000000 17758100002610000 -0.400000006 -0.405291641 -0.008004934 -0.025346365
302611 2611.000000 17758100002611000 -0.400000006 -0.405234321 -0.005103142 -0.029251620
302612 2612.000000 17758100002612000 -0.400000006 -0.405155682 -0.000006972 0.009544164
302613 2613.000000 17758100002613000 -0.400000006 -0.405407544 -0.009873199 -0.018647507
302614 2614.000000 17758100002614000 -0.400000006 -0.405285187 0.003594502 0.008883657
302615 2615.000000 17758100002615000 -0.400000006 -0.405379882 -0.007068403 -0.011293384
302616 2616.000000 17758100002616000 -0.400000006 -0.404992220 0.011162575 0.024199942
302617 2617.000000 17758100002617000 -0.400000006 -0.404922690 -0.002434500 -0.003050358
302618 2618.000000 17758100002618000 -0.400000006 -0.405214334 -0.008064232 0.000190584
302619 2619.000000 17758100002619000 -0.400000006 -0.405199526 -0.010455922 0.008761665
302620 2620.000000 17758100002620000 -0.400000006 -0.405272215 -0.007462679 0.037490168
302621 2621.000000 17758100002621000 -0.400000006 -0.405646982 0.004741166 0.037911570
302622 2622.000000 17758100002622000 -0.400000006 -0.405478338 -0.003838432 0.022974825
302623 2623.000000 17758100002623000 -0.400000006 -0.405090714 -0.010922275 0.036638735
302624 2624.000000 17758100002624000 -0.400000006 -0.405292196 -0.012378217 -0.028439802
302625 2625.000000 17758100002625000 -0.400000006 -0.405431654 0.002061717 0.020546473
302626 2626.000000 17758100002626000 -0.400000006 -0.405430825 -0.012125951 0.031500574
302627 2627.000000 17758100002627000 -0.400000006 -0.405085025 0.001287359 0.051010923
302628 2628.000000 17758100002628000 -0.400000006 -0.405366698 -0.005205222 -0.004733325
302629 2629.000000 17758100002629000 -0.400000006 -0.405465951 0.003457866 -0.004008042
302630 2630.000000 17758100002630000 -0.400000006 -0.405467894 0.005469959 -0.016108624
302631 2631.000000 17758100002631000 -0.400000006 -0.405058889 -0.005834539 0.001581645
302632 2632.000000 17758100002632000 -0.400000006 -0.405306731 -0.005673134 0.021186235
302633 2633.000000 17758100002633000 -0.400000006 -0.405287235 -0.000852078 0.023021622
302634 2634.000000 17758100002634000 -0.400000006 -0.405250631 -0.004793240 0.042277859
302635 2635.000000 17758100002635000 -0.400000006 -0.405215121 -0.008904931 0.025621498
302636 2636.000000 17758100002636000 -0.400000006 -0.405012838 -0.003985558 -0.046285742
302637 2637.000000 17758100002637000 -0.400000006 -0.405538275 0.008497069 -0.029057205
302638 2638.000000 17758100002638000 -0.400000006 -0.405382323 0.005131028 0.031403707
302639 2639.000000 17758100002639000 -0.400000006 -0.405336014 0.000883768 0.023216170
302640 2640.000000 17758100002640000 -0.400000006 -0.405182034 -0.005373769 0.014338065
302641 2641.000000 17758100002641000 -0.400000006 -0.404961594 -0.000988135 -0.024466739
302642 2642.000000 17758100002642000 -0.400000006 -0.405223333 0.003707416 -0.026054468
302643 2643.000000 17758100002643000 -0.400000006 -0.405189721 -0.001617520 0.036078334
302644 2644.000000 17758100002644000 -0.400000006 -0.405330164 -0.007400933 -0.027138156
302645 2645.000000 17758100002645000 -0.400000006 -0.405326085 0.002670719 0.007862921
302646 2646.000000 17758100002646000 -0.400000006 -0.405438030 -0.004047294 -0.023218278
302647 2647.000000 17758100002647000 -0.400000006 -0.405168875 -0.005123736 -0.008878958
302648 2648.000000 17758100002648000 -0.400000006 -0.405262466 -0.003773202 -0.015192512
302649 2649.000000 17758100002649000 -0.400000006 -0.405303180 0.002790057 -0.020416505
302650 2650.000000 17758100002650000 -0.400000006 -0.405085971 -0.004550013 -0.031341035
302651 2651.000000 17758100002651000 -0.400000006 -0.405143893 -0.005516320 0.002945710
302652 2652.000000 17758100002652000 -0.400000006 -0.405111344 0.000659066 0.006040859
302653 2653.000000 17758100002653000 -0.400000006 -0.405231942 -0.007870556 -0.005236463
302654 2654.000000 17758100002654000 -0.400000006 -0.404997841 0.002992738 -0.003047080
302655 2655.000000 17758100002655000 -0.400000006 -0.405254850 -0.000634580 -0.010391818
302656 2656.000000 17758100002656000 -0.400000006 -0.405559214 -0.007865850 0.017765232
302657 2657.000000 17758100002657000 -0.400000006 -0.405415472 0.003762458 -0.008615019
302658 2658.000000 17758100002658000 -0.400000006 -0.405498382 0.000032857 -0.029534974
302659 2659.000000 17758100002659000 -0.400000006 -0.405409443 -0.004231478 0.000810693
302660 2660.000000 17758100002660000 -0.400000006 -0.405180733 -0.010037779 0.012904405
302661 2661.000000 17758100002661000 -0.400000006 -0.405439627 -0.001852308 0.014002199
302662 2662.000000 17758100002662000 -0.400000006 -0.404994957 0.009120192 0.011685634
302663 2663.000000 17758100002663000 -0.400000006 -0.405551295 0.003763903 0.009846976
302664 2664.000000 17758100002664000 -0.400000006 -0.405371613 -0.007002045 0.002786542
302665 2665.000000 17758100002665000 -0.400000006 -0.404930927 0.004298340 -0.000814447
302666 2666.000000 17758100002666000 -0.400000006 -0.405303370 -0.002315772 0.032495737
302667 2667.000000 17758100002667000 -0.400000006 -0.405267792 0.004320171 -0.003816581
302668 2668.000000 17758100002668000 -0.400000006 -0.405044633 -0.002103740 0.004453549
302669 2669.000000 17758100002669000 -0.400000006 -0.405050443 -0.004033579 -0.021151586
302670 2670.000000 17758100002670000 -0.400000006 -0.405359743 0.001228840 0.012855926
302671 2671.000000 17758100002671000 -0.400000006 -0.405366764 0.004409856 -0.005246204
302672 2672.000000 17758100002672000 -0.400000006 -0.404785152 -0.000014636 -0.026059437
302673 2673.000000 17758100002673000 -0.400000006 -0.405222338 0.002387555 -0.033086900
302674 2674.000000 17758100002674000 -0.400000006 -0.405362045 -0.003071334 -0.016384014
302675 2675.000000 17758100002675000 -0.400000006 -0.405255966 -0.004130640 -0.027242986
302676 2676.000000 17758100002676000 -0.400000006 -0.405378158 -0.001003358 -0.012095001
302677 2677.000000 17758100002677000 -0.400000006 -0.405061190 0.003110603 -0.053490879
302678 2678.000000 17758100002678000 -0.400000006 -0.404955893 -0.001944217 -0.012123958
302679 2679.000000 17758100002679000 -0.400000006 -0.405256374 0.003860537 0.019330078
302680 2680.000000 17758100002680000 -0.400000006 -0.405240460 -0.002757605 -0.007715456
302681 2681.000000 17758100002681000 -0.400000006 -0.405275706 -0.002548788 0.032561901
302682 2682.000000 17758100002682000 -0.400000006 -0.405033806 0.001199381 -0.023227782
302683 2683.000000 17758100002683000 -0.400000006 -0.405146922 -0.000349780 0.008483817
302684 2684.000000 17758100002684000 -0.400000006 -0.404919476 -0.006782353 0.004840386
302685 2685.000000 17758100002685000 -0.400000006 -0.405358476 0.000241926 0.026080248
302686 2686.000000 17758100002686000 -0.400000006 -0.405180081 -0.000821717 0.010394166
302687 2687.000000 17758100002687000 -0.400000006 -0.405576935 -0.000362052 -0.009261627
302688 2688.000000 17758100002688000 -0.400000006 -0.405014233 -0.005359223 -0.037365713
302689 2689.000000 17758100002689000 -0.400000006 -0.405212642 0.003638920 0.021091164
302690 2690.000000 17758100002690000 -0.400000006 -0.405181924 -0.001039182 0.024537072
302691 2691.000000 17758100002691000 -0.400000006 -0.405202086 0.003018248 0.015123385
302692 2692.000000 17758100002692000 -0.400000006 -0.405359507 0.004860645 -0.008415093
302693 2693.000000 17758100002693000 -0.400000006 -0.405480942 0.001533707 0.066621040
302694 2694.000000 17758100002694000 -0.400000006 -0.405097197 -0.006665606 -0.024123632
302695 2695.000000 17758100002695000 -0.400000006 -0.405162289 0.002138250 -0.008343970
302696 2696.000000 17758100002696000 -0.400000006 -0.405065949 -0.011329513 -0.013894363
302697 2697.000000 17758100002697000 -0.400000006 -0.405171520 0.000473203 -0.002276051
302698 2698.000000 17758100002698000 -0.400000006 -0.405501406 -0.001456777 -0.009064314
302699 2699.000000 17758100002699000 -0.400000006 -0.405515577 -0.005502720 0.008382367
302700 2700.000000 17758100002700000 -0.400000006 -0.405434899 0.003528334 0.000449195
302701 2701.000000 17758100002701000 -0.400000006 -0.405191672 0.001721347 0.026997793
302702 2702.000000 17758100002702000 -0.400000006 -0.405263515 -0.003292360 -0.000601684
302703 2703.000000 17758100002703000 -0.400000006 -0.404888423 0.009031482 -0.012684712
302704 2704.000000 17758100002704000 -0.400000006 -0.405008608 -0.000531294 -0.011807872
302705 2705.000000 17758100002705000 -0.400000006 -0.405368330 -0.006617952 0.004206003
302706 2706.000000 17758100002706000 -0.400000006 -0.405329536 -0.007854570 0.027629436
302707 2707.000000 17758100002707000 -0.400000006 -0.405364316 -0.002855223 0.012826258
302708 2708.000000 17758100002708000 -0.400000006 -0.404724667 0.007317308 0.005705200
302709 2709.000000 17758100002709000 -0.400000006 -0.405364497 -0.007213893 -0.014273566
302710 2710.000000 17758100002710000 -0.400000006 -0.405634507 0.009923290 -0.009065475
302711 2711.000000 17758100002711000 -0.400000006 -0.405090588 -0.002083075 0.018813346
302712 2712.000000 17758100002712000 -0.400000006 -0.405146213 0.002989456 0.001513351
302713 2713.000000 17758100002713000 -0.400000006 -0.405362141 -0.000262139 0.001709410
302714 2714.000000 17758100002714000 -0.400000006 -0.405459706 -0.006399085 0.012763181
302715 2715.000000 17758100002715000 -0.400000006 -0.405350690 -0.004630966 0.011536882
302716 2716.000000 17758100002716000 -0.400000006 -0.405258875 0.001089242 -0.024813272
302717 2717.000000 17758100002717000 -0.400000006 -0.405007919 0.000292333 -0.011652774
302718 2718.000000 17758100002718000 -0.400000006 -0.405637085 0.008666717 0.006300716
302719 2719.000000 17758100002719000 -0.400000006 -0.405147501 0.002098484 -0.001838143
302720 2720.000000 17758100002720000 -0.400000006 -0.405225536 -0.003028813 0.018926492
302721 2721.000000 17758100002721000 -0.400000006 -0.405276172 0.001093883 -0.028081110
302722 2722.000000 17758100002722000 -0.400000006 -0.405229569 0.001647994 -0.002584688
302723 2723.000000 17758100002723000 -0.400000006 -0.405547269 0.001829474 -0.013594838
302724 2724.000000 17758100002724000 -0.400000006 -0.405037258 -0.002218806 0.021821445
302725 2725.000000 17758100002725000 -0.400000006 -0.405331931 0.002961254 0.011943951
302726 2726.000000 17758100002726000 -0.400000006 -0.404835737 -0.002632203 -0.014055371
302727 2727.000000 17758100002727000 -0.400000006 -0.405383640 0.001430964 -0.008221253
302728 2728.000000 17758100002728000 -0.400000006 -0.404874565 -0.007984698 0.018513226
302729 2729.000000 17758100002729000 -0.400000006 -0.405001146 -0.000177516 0.008229822
302730 2730.000000 17758100002730000 -0.400000006 -0.405129250 -0.011498018 0.008797381
302731 2731.000000 17758100002731000 -0.400000006 -0.404975056 -0.009156004 0.028262876
302732 2732.000000 17758100002732000 -0.400000006 -0.405134757 0.000171276 -0.028112384
302733 2733.000000 17758100002733000 -0.400000006 -0.405062084 0.007740466 -0.018894940
302734 2734.000000 17758100002734000 -0.400000006 -0.405175704 0.005651352 0.044019253
302735 2735.000000 17758100002735000 -0.400000006 -0.405421239 -0.000208329 -0.020718060
302736 2736.000000 17758100002736000 -0.400000006 -0.405342914 -0.000928754 0.018681561
302737 2737.000000 17758100002737000 -0.400000006 -0.405233345 -0.002574125 0.008591787
302738 2738.000000 17758100002738000 -0.400000006 -0.405261645 0.000562979 0.022941408
302739 2739.000000 17758100002739000 -0.400000006 -0.405081407 0.001107947 -0.039260910
302740 2740.000000 17758100002740000 -0.400000006 -0.405340050 -0.007070120 -0.003096971
302741 2741.000000 17758100002741000 -0.400000006 -0.405054872 -0.005298915 0.039305066
302742 2742.000000 17758100002742000 -0.400000006 -0.405260954 -0.004579200 -0.028578605
302743 2743.000000 17758100002743000 -0.400000006 -0.404977117 0.002649834 0.024498210
302744 2744.000000 17758100002744000 -0.400000006 -0.405135487 -0.011379795 -0.003962533
302745 2745.000000 17758100002745000 -0.400000006 -0.405295632 0.004996775 -0.004715332
302746 2746.000000 17758100002746000 -0.400000006 -0.405247625 0.003334628 0.006481702
302747 2747.000000 17758100002747000 -0.400000006 -0.405312142 0.009686639 -0.045914912
302748 2748.000000 17758100002748000 -0.400000006 -0.404869315 0.003150802 0.006009980
302749 2749.000000 17758100002749000 -0.400000006 -0.405302104 -0.002073439 0.013453074
302750 2750.000000 17758100002750000 -0.400000006 -0.405094735 0.006538187 -0.001158169
302751 2751.000000 17758100002751000 -0.400000006 -0.405155153 0.004682458 0.037407182
302752 2752.000000 17758100002752000 -0.400000006 -0.405099061 -0.001826104 0.014009265
302753 2753.000000 17758100002753000 -0.400000006 -0.405259838 -0.000077500 0.012812998
302754 2754.000000 17758100002754000 -0.400000006 -0.405780939 -0.012380506 0.029019263
302755 2755.000000 17758100002755000 -0.400000006 -0.405394902 -0.002970764 0.014999169
302756 2756.000000 17758100002756000 -0.400000006 -0.405261898 -0.006103702 -0.000498429
302757 2757.000000 17758100002757000 -0.400000006 -0.405210991 0.008152057 0.018170388
302758 2758.000000 17758100002758000 -0.400000006 -0.405288722 -0.003247884 -0.003297130
302759 2759.000000 17758100002759000 -0.400000006 -0.405458725 -0.001159825 -0.025344658
302760 2760.000000 17758100002760000 -0.400000006 -0.405123104 0.005022589 -0.006630047
302761 2761.000000 17758100002761000 -0.400000006 -0.405799296 -0.009074626 0.014828952
302762 2762.000000 17758100002762000 -0.400000006 -0.405242941 0.000529637 -0.014727289
302763 2763.000000 17758100002763000 -0.400000006 -0.405057150 0.003690396 -0.016507562
302764 2764.000000 17758100002764000 -0.400000006 -0.405101395 -0.000455215 -0.008148110
302765 2765.000000 17758100002765000 -0.400000006 -0.404718186 -0.001504305 0.028286304
302766 2766.000000 17758100002766000 -0.400000006 -0.405135962 -0.004376813 0.015764596
302767 2767.000000 17758100002767000 -0.400000006 -0.404978483 -0.001756793 -0.007760709
302768 2768.000000 17758100002768000 -0.400000006 -0.405199816 0.004452630 0.013391876
302769 2769.000000 17758100002769000 -0.400000006 -0.405262660 -0.000290954 0.006860571
302770 2770.000000 17758100002770000 -0.400000006 -0.405223874 -0.006464982 -0.017451282
302771 2771.000000 17758100002771000 -0.400000006 -0.405441816 -0.006999135 0.053451799
302772 2772.000000 17758100002772000 -0.400000006 -0.405094677 -0.000969249 -0.032260701
302773 2773.000000 17758100002773000 -0.400000006 -0.405408201 -0.004578694 0.011143190
302774 2774.000000 17758100002774000 -0.400000006 -0.405503467 0.003344376 -0.004168607
302775 2775.000000 17758100002775000 -0.400000006 -0.405378490 0.004802711 0.007710398
302776 2776.000000 17758100002776000 -0.400000006 -0.405186312 0.004902816 0.000416580
302777 2777.000000 17758100002777000 -0.400000006 -0.405111828 -0.001773790 0.003133632
302778 2778.000000 17758100002778000 -0.400000006 -0.405253169 0.001172059 0.026985784
302779 2779.000000 17758100002779000 -0.400000006 -0.405188329 -0.000312438 -0.033257180
302780 2780.000000 17758100002780000 -0.400000006 -0.405529310 0.006434444 -0.000503516
302781 2781.000000 17758100002781000 -0.400000006 -0.405162284 0.001274844 -0.016073516
302782 2782.000000 17758100002782000 -0.400000006 -0.405399000 -0.005657675 -0.014770278
302783 2783.000000 17758100002783000 -0.400000006 -0.405457134 -0.001117427 0.027586084
302784 2784.000000 17758100002784000 -0.400000006 -0.405403755 0.000715345 0.039172745
302785 2785.000000 17758100002785000 -0.400000006 -0.405028787 -0.005371538 -0.013627516
302786 2786.000000 17758100002786000 -0.400000006 -0.404907981 0.008613511 -0.038200146
302787 2787.000000 17758100002787000 -0.400000006 -0.405354732 0.008769250 -0.025277925
302788 2788.000000 17758100002788000 -0.400000006 -0.405075114 0.006365700 -0.019296293
302789 2789.000000 17758100002789000 -0.400000006 -0.405194854 0.000637361 0.011488081
302790 2790.000000 17758100002790000 -0.400000006 -0.405145820 0.002785516 -0.011672401
302791 2791.000000 17758100002791000 -0.400000006 -0.405210893 0.000353770 -0.014486491
302792 2792.000000 17758100002792000 -0.400000006 -0.405428718 -0.003572547 0.043931019
302793 2793.000000 17758100002793000 -0.400000006 -0.405223638 0.004839137 -0.005134799
302794 2794.000000 17758100002794000 -0.400000006 -0.405504220 0.010670306 -0.036888863
302795 2795.000000 17758100002795000 -0.400000006 -0.405380355 -0.002562384 -0.004741060
302796 2796.000000 17758100002796000 -0.400000006 -0.405360822 -0.003597104 -0.005867423
302797 2797.000000 17758100002797000 -0.400000006 -0.405086927 0.000147079 0.016736566
302798 2798.000000 17758100002798000 -0.400000006 -0.405027573 0.003225813 0.021691739
302799 2799.000000 17758100002799000 -0.400000006 -0.405154803 -0.002429193 -0.000338897
302800 2800.000000 17758100002800000 -0.400000006 -0.405126086 0.000433286 0.040927575
302801 2801.000000 17758100002801000 -0.400000006 -0.404832445 -0.010482915 0.028121083
302802 2802.000000 17758100002802000 -0.400000006 -0.404853412 0.001438202 0.000846308
302803 2803.000000 17758100002803000 -0.400000006 -0.405028177 -0.007928145 -0.007268889
302804 2804.000000 17758100002804000 -0.400000006 -0.405152054 -0.004988655 0.011208180
302805 2805.000000 17758100002805000 -0.400000006 -0.404935255 0.000941256 -0.028831663
302806 2806.000000 17758100002806000 -0.400000006 -0.405002541 0.000518605 0.003923581
302807 2807.000000 17758100002807000 -0.400000006 -0.405072926 -0.008935088 0.000276292
302808 2808.000000 17758100002808000 -0.400000006 -0.405225700 0.007862822 0.005555909
302809 2809.000000 17758100002809000 -0.400000006 -0.405094056 0.005277442 -0.002568614
302810 2810.000000 17758100002810000 -0.400000006 -0.405245502 0.000650256 0.016220568
302811 2811.000000 17758100002811000 -0.400000006 -0.405237614 -0.002098275 -0.033617167
302812 2812.000000 17758100002812000 -0.400000006 -0.405387722 0.003659202 -0.006133980
302813 2813.000000 17758100002813000 -0.400000006 -0.405195810 0.003090707 -0.032981918
302814 2814.000000 17758100002814000 -0.400000006 -0.405185630 -0.001729878 0.000680838
302815 2815.000000 17758100002815000 -0.400000006 -0.405400448 -0.005242774 -0.069174142
302816 2816.000000 17758100002816000 -0.400000006 -0.405424946 -0.001355249 0.012588511
302817 2817.000000 17758100002817000 -0.400000006 -0.405469134 0.004588055 -0.014456195
302818 2818.000000 17758100002818000 -0.400000006 -0.405520071 -0.004307072 0.020317376
302819 2819.000000 17758100002819000 -0.400000006 -0.405434504 0.008323311 -0.013430588
302820 2820.000000 17758100002820000 -0.400000006 -0.404902746 -0.004344216 -0.002385386
302821 2821.000000 17758100002821000 -0.400000006 -0.405074730 0.006757455 0.028167163
302822 2822.000000 17758100002822000 -0.400000006 -0.405364869 -0.004710016 0.002183818
302823 2823.000000 17758100002823000 -0.400000006 -0.405633606 -0.003828240 -0.014873528
302824 2824.000000 17758100002824000 -0.400000006 -0.405496863 0.000493905 0.009124310
302825 2825.000000 17758100002825000 -0.400000006 -0.405091011 0.002358842 -0.002332251
302826 2826.000000 17758100002826000 -0.400000006 -0.405046150 0.001877701 -0.015760829
302827 2827.000000 17758100002827000 -0.400000006 -0.405141899 -0.002552271 0.001970392
302828 2828.000000 17758100002828000 -0.400000006 -0.405375209 0.001303098 0.015458638
302829 2829.000000 17758100002829000 -0.400000006 -0.405083184 0.002360851 -0.024198971
302830 2830.000000 17758100002830000 -0.400000006 -0.405101175 -0.011417613 -0.011818472
302831 2831.000000 17758100002831000 -0.400000006 -0.405284956 0.000210543 0.014267666
302832 2832.000000 17758100002832000 -0.400000006 -0.405018494 -0.012798720 0.004823455
302833 2833.000000 17758100002833000 -0.400000006 -0.405331871 0.005507997 -0.015042145
302834 2834.000000 17758100002834000 -0.400000006 -0.404719989 0.000264046 -0.016239675
302835 2835.000000 17758100002835000 -0.400000006 -0.405327986 -0.000353334 0.036577278
302836 2836.000000 17758100002836000 -0.400000006 -0.404911462 0.005095926 0.002957692
302837 2837.000000 17758100002837000 -0.400000006 -0.405371711 -0.003342610 0.013059213
302838 2838.000000 17758100002838000 -0.400000006 -0.405353698 0.006583374 0.004577441
302839 2839.000000 17758100002839000 -0.400000006 -0.405218881 -0.000834418 0.022706451
302840 2840.000000 17758100002840000 -0.400000006 -0.405112964 -0.000768939 -0.003148275
302841 2841.000000 17758100002841000 -0.400000006 -0.405455361 0.003026327 0.017747285
302842 2842.000000 17758100002842000 -0.400000006 -0.405360903 0.001820950 -0.008586047
302843 2843.000000 17758100002843000 -0.400000006 -0.405167333 0.001512956 -0.013705428
302844 2844.000000 17758100002844000 -0.400000006 -0.405216510 0.001501848 -0.028051217
302845 2845.000000 17758100002845000 -0.400000006 -0.405203146 0.000735672 -0.010855136
302846 2846.000000 17758100002846000 -0.400000006 -0.405466670 -0.002148590 0.009136351
302847 2847.000000 17758100002847000 -0.400000006 -0.405302476 -0.008873127 0.007209148
302848 2848.000000 17758100002848000 -0.400000006 -0.405311929 0.005315439 -0.007081830
302849 2849.000000 17758100002849000 -0.400000006 -0.405157684 0.002948768 -0.018995954
302850 2850.000000 17758100002850000 -0.400000006 -0.405339219 -0.002768687 0.021968289
302851 2851.000000 17758100002851000 -0.400000006 -0.405310047 0.002282614 -0.002868640
302852 2852.000000 17758100002852000 -0.400000006 -0.405317880 -0.000122990 0.040834883
302853 2853.000000 17758100002853000 -0.400000006 -0.405108299 0.000724853 -0.009243963
302854 2854.000000 17758100002854000 -0.400000006 -0.405105093 0.000738975 -0.013031881
302855 2855.000000 17758100002855000 -0.400000006 -0.405462803 -0.004871146 0.014901280
302856 2856.000000 17758100002856000 -0.400000006 -0.405422682 0.008611784 -0.026735038
302857 2857.000000 17758100002857000 -0.400000006 -0.405659944 0.000333216 0.025752866
302858 2858.000000 17758100002858000 -0.400000006 -0.405035742 0.006846669 -0.000217223
302859 2859.000000 17758100002859000 -0.400000006 -0.404902356 -0.004328511 0.013803062
302860 2860.000000 17758100002860000 -0.400000006 -0.404851448 -0.003012111 -0.018346125
302861 2861.000000 17758100002861000 -0.400000006 -0.405413254 -0.001166666 -0.013022220
302862 2862.000000 17758100002862000 -0.400000006 -0.404856150 -0.002104905 -0.004426445
302863 2863.000000 17758100002863000 -0.400000006 -0.404891797 0.006150748 0.031568236
302864 2864.000000 17758100002864000 -0.400000006 -0.405218360 0.000042420 -0.009554757
302865 2865.000000 17758100002865000 -0.400000006 -0.405497706 0.000066859 0.014516620
302866 2866.000000 17758100002866000 -0.400000006 -0.405557968 0.003245779 0.002938083
302867 2867.000000 17758100002867000 -0.400000006 -0.405356012 0.001671970 0.042539231
302868 2868.000000 17758100002868000 -0.400000006 -0.405363890 0.003355524 -0.020578628
302869 2869.000000 17758100002869000 -0.400000006 -0.405058034 0.002433843 0.004907317
302870 2870.000000 17758100002870000 -0.400000006 -0.405345333 -0.001656143 0.025428291
302871 2871.000000 17758100002871000 -0.400000006 -0.405422420 -0.001545724 0.023586290
302872 2872.000000 17758100002872000 -0.400000006 -0.405493113 -0.009755037 0.013725584
302873 2873.000000 17758100002873000 -0.400000006 -0.404728413 -0.007292370 -0.000383529
302874 2874.000000 17758100002874000 -0.400000006 -0.405029769 0.004204640 0.015038774
302875 2875.000000 17758100002875000 -0.400000006 -0.405728563 0.000779304 -0.007309906
302876 2876.000000 17758100002876000 -0.400000006 -0.405366940 -0.005088414 -0.007729782
302877 2877.000000 17758100002877000 -0.400000006 -0.405493605 0.007202291 0.011366801
302878 2878.000000 17758100002878000 -0.400000006 -0.404992388 0.001295525 -0.003736539
302879 2879.000000 17758100002879000 -0.400000006 -0.405397254 0.011676378 0.020470465
302880 2880.000000 17758100002880000 -0.400000006 -0.405354226 0.000401137 -0.035625415
302881 2881.000000 17758100002881000 -0.400000006 -0.405196138 -0.005344797 0.014286725
302882 2882.000000 17758100002882000 -0.400000006 -0.405269354 0.008149410 -0.017098908
302883 2883.000000 17758100002883000 -0.400000006 -0.405244106 0.005335046 0.035080233
302884 2884.000000 17758100002884000 -0.400000006 -0.405156523 -0.004190987 -0.032875851
302885 2885.000000 17758100002885000 -0.400000006 -0.405207395 -0.000910069 -0.002756635
302886 2886.000000 17758100002886000 -0.400000006 -0.405106265 -0.004886273 0.028237593
302887 2887.000000 17758100002887000 -0.400000006 -0.405254357 -0.006515842 -0.030350940
302888 2888.000000 17758100002888000 -0.400000006 -0.405124540 -0.002178146 -0.040215787
302889 2889.000000 17758100002889000 -0.400000006 -0.404847237 -0.003526660 -0.020381744
302890 2890.000000 17758100002890000 -0.400000006 -0.405137049 -0.001000517 0.031107578
302891 2891.000000 17758100002891000 -0.400000006 -0.405256078 0.004194093 -0.001869213
302892 2892.000000 17758100002892000 -0.400000006 -0.405343409 0.005057044 0.027132924
302893 2893.000000 17758100002893000 -0.400000006 -0.404938562 0.006808069 0.004589050
302894 2894.000000 17758100002894000 -0.400000006 -0.405193944 0.001336063 -0.022239592
302895 2895.000000 17758100002895000 -0.400000006 -0.405229938 0.003112812 -0.011817773
302896 2896.000000 17758100002896000 -0.400000006 -0.405340293 0.003443637 -0.035569159
302897 2897.000000 17758100002897000 -0.400000006 -0.405031392 0.002781793 0.005912203
302898 2898.000000 17758100002898000 -0.400000006 -0.405195081 -0.006009201 0.010600155
302899 2899.000000 17758100002899000 -0.400000006 -0.405243937 -0.005875199 0.031629705
302900 2900.000000 17758100002900000 -0.400000006 -0.405186127 -0.001499096 0.004225442
302901 2901.000000 17758100002901000 -0.400000006 -0.405320838 0.005729088 0.014209307
302902 2902.000000 17758100002902000 -0.400000006 -0.404989213 -0.005672657 -0.019768704
302903 2903.000000 17758100002903000 -0.400000006 -0.405183607 -0.000369966 0.010813209
302904 2904.000000 17758100002904000 -0.400000006 -0.405074476 -0.000493584 0.004602987
302905 2905.000000 17758100002905000 -0.400000006 -0.404906554 0.001842266 0.026575935
302906 2906.000000 17758100002906000 -0.400000006 -0.405162743 0.003321891 0.019684607
302907 2907.000000 17758100002907000 -0.400000006 -0.405345836 0.004266703 -0.005164422
302908 2908.000000 17758100002908000 -0.400000006 -0.405253483 -0.003552885 0.016978912
302909 2909.000000 17758100002909000 -0.400000006 -0.405430739 0.007755577 0.023832236
302910 2910.000000 17758100002910000 -0.400000006 -0.405185001 0.005697227 -0.017741345
302911 2911.000000 17758100002911000 -0.400000006 -0.405107887 0.003594989 -0.039164129
302912 2912.000000 17758100002912000 -0.400000006 -0.405159934 -0.002445571 0.012526229
302913 2913.000000 17758100002913000 -0.400000006 -0.405067006 -0.009687345 -0.004221316
302914 2914.000000 17758100002914000 -0.400000006 -0.405428122 0.005462032 -0.031232813
302915 2915.000000 17758100002915000 -0.400000006 -0.405145241 0.003781413 -0.001858950
302916 2916.000000 17758100002916000 -0.400000006 -0.405071409 -0.003832153 -0.003769649
302917 2917.000000 17758100002917000 -0.400000006 -0.405245764 -0.003156137 -0.066940050
302918 2918.000000 17758100002918000 -0.400000006 -0.405360602 -0.001649218 -0.021109917
302919 2919.000000 17758100002919000 -0.400000006 -0.405289902 -0.000454739 0.023901433
302920 2920.000000 17758100002920000 -0.400000006 -0.405229326 -0.002346451 0.000946930
302921 2921.000000 17758100002921000 -0.400000006 -0.405511087 -0.007462626 0.028321306
302922 2922.000000 17758100002922000 -0.400000006 -0.405024328 -0.000947089 0.034279969
302923 2923.000000 17758100002923000 -0.400000006 -0.405041942 -0.000802985 0.017782924
302924 2924.000000 17758100002924000 -0.400000006 -0.405170656 0.009558476 -0.010418406
302925 2925.000000 17758100002925000 -0.400000006 -0.405174536 -0.016903196 0.010182678
302926 2926.000000 17758100002926000 -0.400000006 -0.405489027 0.002101869 -0.029461769
302927 2927.000000 17758100002927000 -0.400000006 -0.405168031 -0.002887697 -0.009203876
302928 2928.000000 17758100002928000 -0.400000006 -0.405207113 -0.002481494 -0.002892770
302929 2929.000000 17758100002929000 -0.400000006 -0.405383676 0.003173062 -0.000720129
302930 2930.000000 17758100002930000 -0.400000006 -0.404932436 -0.002267422 0.007536568
302931 2931.000000 17758100002931000 -0.400000006 -0.405105217 -0.001831717 -0.012442745
302932 2932.000000 17758100002932000 -0.400000006 -0.405104837 0.007350005 -0.003492649
302933 2933.000000 17758100002933000 -0.400000006 -0.405185471 0.000198008 0.002056840
302934 2934.000000 17758100002934000 -0.400000006 -0.405035715 0.007541490 0.004899447
302935 2935.000000 17758100002935000 -0.400000006 -0.405504566 -0.000383734 0.013120442
302936 2936.000000 17758100002936000 -0.400000006 -0.405029291 0.002945686 0.005602008
302937 2937.000000 17758100002937000 -0.400000006 -0.405088210 0.001997550 0.007850401
302938 2938.000000 17758100002938000 -0.400000006 -0.405215863 -0.001093785 0.005746541
302939 2939.000000 17758100002939000 -0.400000006 -0.405342260 -0.006193142 -0.012823102
302940 2940.000000 17758100002940000 -0.400000006 -0.405267454 -0.003523361 0.012967911
302941 2941.000000 17758100002941000 -0.400000006 -0.405032832 -0.001091703 0.022436631
302942 2942.000000 17758100002942000 -0.400000006 -0.405300964 -0.003020067 0.037137876
302943 2943.000000 17758100002943000 -0.400000006 -0.405655257 -0.005471740 -0.018802570
302944 2944.000000 17758100002944000 -0.400000006 -0.405224098 -0.000116479 0.010220346
302945 2945.000000 17758100002945000 -0.400000006 -0.405372054 0.000065221 -0.024994466
302946 2946.000000 17758100002946000 -0.400000006 -0.405481684 0.010541178 -0.018303507
302947 2947.000000 17758100002947000 -0.400000006 -0.405184050 0.000207547 -0.011393072
302948 2948.000000 17758100002948000 -0.400000006 -0.405218627 0.001091123 0.005695230
302949 2949.000000 17758100002949000 -0.400000006 -0.405218670 0.005969699 0.014391247
302950 2950.000000 17758100002950000 -0.400000006 -0.405065136 0.006339192 -0.027949535
302951 2951.000000 17758100002951000 -0.400000006 -0.405256593 -0.008024574 -0.002165707
302952 2952.000000 17758100002952000 -0.400000006 -0.404953772 0.000874955 0.024569664
302953 2953.000000 17758100002953000 -0.400000006 -0.405451150 0.007140904 0.001164075
302954 2954.000000 17758100002954000 -0.400000006 -0.405274300 -0.008963256 0.011348399
302955 2955.000000 17758100002955000 -0.400000006 -0.405036074 0.013590802 -0.017342249
302956 2956.000000 17758100002956000 -0.400000006 -0.405424743 0.002700098 0.039344762
302957 2957.000000 17758100002957000 -0.400000006 -0.405074230 -0.000154902 0.011088465
302958 2958.000000 17758100002958000 -0.400000006 -0.405033337 0.004368607 -0.016665122
302959 2959.000000 17758100002959000 -0.400000006 -0.405234741 -0.005319387 -0.012016056
302960 2960.000000 17758100002960000 -0.400000006 -0.405112781 -0.007273203 -0.027519687
302961 2961.000000 17758100002961000 -0.400000006 -0.405152461 -0.007708959 -0.000346827
302962 2962.000000 17758100002962000 -0.400000006 -0.405553875 0.005035146 0.019257479
302963 2963.000000 17758100002963000 -0.400000006 -0.405447222 0.004409155 -0.005115041
302964 2964.000000 17758100002964000 -0.400000006 -0.404951133 0.006308185 -0.047363542
302965 2965.000000 17758100002965000 -0.400000006 -0.405028422 -0.005519971 0.000791891
302966 2966.000000 17758100002966000 -0.400000006 -0.405635381 -0.006261484 -0.015765034
302967 2967.000000 17758100002967000 -0.400000006 -0.405705575 -0.001037055 -0.046250947
302968 2968.000000 17758100002968000 -0.400000006 -0.405088592 0.009371256 0.024613145
302969 2969.000000 17758100002969000 -0.400000006 -0.405136582 -0.007708920 -0.035626097
302970 2970.000000 17758100002970000 -0.400000006 -0.405058646 -0.012648866 -0.006660957
302971 2971.000000 17758100002971000 -0.400000006 -0.405728818 0.000351768 0.036992854
302972 2972.000000 17758100002972000 -0.400000006 -0.405477409 0.001464275 0.010725643
302973 2973.000000 17758100002973000 -0.400000006 -0.405217987 -0.000023493 -0.016597280
302974 2974.000000 17758100002974000 -0.400000006 -0.404951147 -0.005678367 0.007291958
302975 2975.000000 17758100002975000 -0.400000006 -0.404762684 -0.003435744 -0.020625265
302976 2976.000000 17758100002976000 -0.400000006 -0.405127958 -0.001743100 0.017862400
302977 2977.000000 17758100002977000 -0.400000006 -0.405475707 -0.004044416 -0.044044412
302978 2978.000000 17758100002978000 -0.400000006 -0.405133048 0.009185410 -0.005646825
302979 2979.000000 17758100002979000 -0.400000006 -0.405410371 0.007280337 -0.011532017
302980 2980.000000 17758100002980000 -0.400000006 -0.405187645 0.003005800 0.000043499
302981 2981.000000 17758100002981000 -0.400000006 -0.405172236 -0.006823715 -0.054188445
302982 2982.000000 17758100002982000 -0.400000006 -0.404994359 0.013476260 -0.039980952
302983 2983.000000 17758100002983000 -0.400000006 -0.405366395 -0.009528382 -0.022968047
302984 2984.000000 17758100002984000 -0.400000006 -0.404893177 -0.004100480 0.022706026
302985 2985.000000 17758100002985000 -0.400000006 -0.404782389 -0.000713448 0.031018543
302986 2986.000000 17758100002986000 -0.400000006 -0.405126272 0.009775769 0.025932831
302987 2987.000000 17758100002987000 -0.400000006 -0.405099456 0.003697953 0.002572016
302988 2988.000000 17758100002988000 -0.400000006 -0.404894903 0.008237013 0.012600144
302989 2989.000000 17758100002989000 -0.400000006 -0.405318991 0.008529951 -0.006378961
302990 2990.000000 17758100002990000 -0.400000006 -0.405006404 -0.001086317 0.026000970
302991 2991.000000 17758100002991000 -0.400000006 -0.405324343 0.002822014 -0.002483047
302992 2992.000000 17758100002992000 -0.400000006 -0.405471368 0.002086337 -0.007161834
302993 2993.000000 17758100002993000 -0.400000006 -0.405186154 0.002031439 0.035613270
302994 2994.000000 17758100002994000 -0.400000006 -0.405358501 -0.002906729 -0.015977919
302995 2995.000000 17758100002995000 -0.400000006 -0.405304065 0.002462517 -0.037014115
302996 2996.000000 17758100002996000 -0.400000006 -0.405230830 0.001422731 -0.001277099
302997 2997.000000 17758100002997000 -0.400000006 -0.405309777 -0.007896961 -0.024002946
302998 2998.000000 17758100002998000 -0.400000006 -0.405133954 0.007773618 0.018895994
302999 2999.000000 17758100002999000 -0.400000006 -0.405079913 -0.003393446 0.005863200
303000 3000.000000 17758100003000000 -0.400000006 -0.405539152 0.002944994 0.000360054
303001 3001.000000 17758100003001000 -0.400000006 -0.405012929 0.001662876 -0.004448132
303002 3002.000000 17758100003002000 -0.400000006 -0.405281214 -0.004750297 0.009111505
303003 3003.000000 17758100003003000 -0.400000006 -0.405442415 -0.004319570 -0.010475558
303004 3004.000000 17758100003004000 -0.400000006 -0.405297899 -0.001030281 -0.016144492
303005 3005.000000 17758100003005000 -0.400000006 -0.404729179 -0.005217869 0.024407425
303006 3006.000000 17758100003006000 -0.400000006 -0.405161886 0.007661478 -0.000357292
303007 3007.000000 17758100003007000 -0.400000006 -0.405198182 -0.000018374 0.014542937
303008 3008.000000 17758100003008000 -0.400000006 -0.405327898 -0.011732049 -0.017681666
303009 3009.000000 17758100003009000 -0.400000006 -0.405063744 0.000505025 -0.002240983
303010 3010.000000 17758100003010000 -0.400000006 -0.405089883 0.003750635 -0.041787227
303011 3011.000000 17758100003011000 -0.400000006 -0.405419418 -0.008045345 0.003705199
303012 3012.000000 17758100003012000 -0.400000006 -0.405212334 0.008188591 -0.019875136
303013 3013.000000 17758100003013000 -0.400000006 -0.404643933 0.000542628 -0.016529113
303014 3014.000000 17758100003014000 -0.400000006 -0.405121637 -0.004650548 -0.070633467
303015 3015.000000 17758100003015000 -0.400000006 -0.405092982 0.003640366 0.015309475
303016 3016.000000 17758100003016000 -0.400000006 -0.404805498 -0.000118679 0.008081983
303017 3017.000000 17758100003017000 -0.400000006 -0.404880573 0.002509201 0.009095550
303018 3018.000000 17758100003018000 -0.400000006 -0.405367677 -0.002670225 0.005509269
303019 3019.000000 17758100003019000 -0.400000006 -0.405594399 0.000876288 -0.003614938
303020 3020.000000 17758100003020000 -0.400000006 -0.405193673 0.001486755 0.031303779
303021 3021.000000 17758100003021000 -0.400000006 -0.404980683 0.004436571 -0.011070009
303022 3022.000000 17758100003022000 -0.400000006 -0.405268270 -0.008608409 -0.003623640
303023 3023.000000 17758100003023000 -0.400000006 -0.405150026 -0.001803482 -0.002724777
303024 3024.000000 17758100003024000 -0.400000006 -0.405247222 0.006597625 -0.019954736
303025 3025.000000 17758100003025000 -0.400000006 -0.405078489 -0.003989234 0.020298587
303026 3026.000000 17758100003026000 -0.400000006 -0.405200360 -0.002434880 0.003788164
303027 3027.000000 17758100003027000 -0.400000006 -0.404965279 -0.001036201 0.062115465
303028 3028.000000 17758100003028000 -0.400000006 -0.405039860 0.002783220 0.015077264
303029 3029.000000 17758100003029000 -0.400000006 -0.405234001 -0.002220452 -0.003451953
303030 3030.000000 17758100003030000 -0.400000006 -0.405182292 0.003866756 0.009946813
303031 3031.000000 17758100003031000 -0.400000006 -0.405168448 -0.000734520 -0.007743455
303032 3032.000000 17758100003032000 -0.400000006 -0.405067475 -0.002185520 0.008053796
303033 3033.000000 17758100003033000 -0.400000006 -0.404794260 0.003561730 -0.052041687
303034 3034.000000 17758100003034000 -0.400000006 -0.405161861 -0.002639416 0.028195904
303035 3035.000000 17758100003035000 -0.400000006 -0.405326763 -0.015950102 0.021723726
303036 3036.000000 17758100003036000 -0.400000006 -0.405316667 0.007375216 -0.008141049
303037 3037.000000 17758100003037000 -0.400000006 -0.404979319 0.004339145 -0.000352828
303038 3038.000000 17758100003038000 -0.400000006 -0.405197320 -0.000253105 0.004705837
303039 3039.000000 17758100003039000 -0.400000006 -0.405019863 0.002672589 0.012537059
303040 3040.000000 17758100003040000 -0.400000006 -0.405075667 0.002732553 0.039549780
303041 3041.000000 17758100003041000 -0.400000006 -0.405272462 -0.003445095 0.025833562
303042 3042.000000 17758100003042000 -0.400000006 -0.405100959 -0.010034042 -0.013973259
303043 3043.000000 17758100003043000 -0.400000006 -0.405161643 -0.000622881 -0.028429888
303044 3044.000000 17758100003044000 -0.400000006 -0.404935491 0.000866158 0.004390854
303045 3045.000000 17758100003045000 -0.400000006 -0.405066709 0.000036919 0.010032321
303046 3046.000000 17758100003046000 -0.400000006 -0.404719763 -0.002503027 0.001065968
303047 3047.000000 17758100003047000 -0.400000006 -0.405133959 -0.008281669 -0.006193280
303048 3048.000000 17758100003048000 -0.400000006 -0.405316654 0.000881352 0.019477468
303049 3049.000000 17758100003049000 -0.400000006 -0.405224505 0.007074267 -0.020970504
303050 3050.000000 17758100003050000 -0.400000006 -0.404880345 -0.002480475 -0.055028818
303051 3051.000000 17758100003051000 -0.400000006 -0.405176082 -0.000016715 0.005097885
303052 3052.000000 17758100003052000 -0.400000006 -0.404995689 -0.001483583 -0.001857820
303053 3053.000000 17758100003053000 -0.400000006 -0.404984477 -0.007273145 0.006109029
303054 3054.000000 17758100003054000 -0.400000006 -0.405098816 -0.000112867 0.005414552
303055 3055.000000 17758100003055000 -0.400000006 -0.405118766 -0.006500718 -0.004087797
303056 3056.000000 17758100003056000 -0.400000006 -0.405125039 -0.001204279 -0.000842117
303057 3057.000000 17758100003057000 -0.400000006 -0.405228622 0.009427097 -0.020466531
303058 3058.000000 17758100003058000 -0.400000006 -0.405093146 -0.003055852 0.012865138
303059 3059.000000 17758100003059000 -0.400000006 -0.404716845 0.001056840 -0.002424572
303060 3060.000000 17758100003060000 -0.400000006 -0.405110634 0.006174933 -0.011139805
303061 3061.000000 17758100003061000 -0.400000006 -0.405476187 -0.007789007 0.003680527
303062 3062.000000 17758100003062000 -0.400000006 -0.404975240 -0.000873057 0.000154563
303063 3063.000000 17758100003063000 -0.400000006 -0.405040162 -0.004289772 0.024781047
303064 3064.000000 17758100003064000 -0.400000006 -0.404926654 0.003510070 -0.009052244
303065 3065.000000 17758100003065000 -0.400000006 -0.404871948 0.006088880 -0.015621372
303066 3066.000000 17758100003066000 -0.400000006 -0.405416882 -0.004373983 0.000694105
303067 3067.000000 17758100003067000 -0.400000006 -0.405327179 -0.010322789 -0.020422306
303068 3068.000000 17758100003068000 -0.400000006 -0.405130275 0.008454428 0.021684345
303069 3069.000000 17758100003069000 -0.400000006 -0.405328178 0.007235428 0.010654443
303070 3070.000000 17758100003070000 -0.400000006 -0.405373551 -0.003050208 -0.017087328
303071 3071.000000 17758100003071000 -0.400000006 -0.404696720 -0.002584978 -0.036846629
303072 3072.000000 17758100003072000 -0.400000006 -0.405223410 -0.009383438 -0.018084439
303073 3073.000000 17758100003073000 -0.400000006 -0.405027017 -0.002058869 -0.009354126
303074 3074.000000 17758100003074000 -0.400000006 -0.405240669 -0.003291972 -0.014032579
303075 3075.000000 17758100003075000 -0.400000006 -0.404987861 0.002738074 -0.009948152
303076 3076.000000 17758100003076000 -0.400000006 -0.405347352 0.004779740 -0.034479898
303077 3077.000000 17758100003077000 -0.400000006 -0.405465901 -0.002706909 -0.000384157
303078 3078.000000 17758100003078000 -0.400000006 -0.404936019 0.002840005 0.009318749
303079 3079.000000 17758100003079000 -0.400000006 -0.405042729 -0.000501789 0.021517320
303080 3080.000000 17758100003080000 -0.400000006 -0.405441404 0.008626675 0.005873507
303081 3081.000000 17758100003081000 -0.400000006 -0.405118964 0.003086911 0.005288510
303082 3082.000000 17758100003082000 -0.400000006 -0.405215348 -0.001773605 -0.022490181
303083 3083.000000 17758100003083000 -0.400000006 -0.405090280 0.011802511 0.021572817
303084 3084.000000 17758100003084000 -0.400000006 -0.405023849 0.005055458 -0.029054164
303085 3085.000000 17758100003085000 -0.400000006 -0.405003789 -0.002562807 -0.014008172
303086 3086.000000 17758100003086000 -0.400000006 -0.405049352 0.007052964 -0.013288507
303087 3087.000000 17758100003087000 -0.400000006 -0.404882284 0.008053754 -0.010051480
303088 3088.000000 17758100003088000 -0.400000006 -0.405239682 -0.000722063 -0.039259580
303089 3089.000000 17758100003089000 -0.400000006 -0.405150951 0.007480172 0.002433633
303090 3090.000000 17758100003090000 -0.400000006 -0.404997574 0.009132430 0.007606612
303091 3091.000000 17758100003091000 -0.400000006 -0.405289370 0.005691152 0.028442196
303092 3092.000000 17758100003092000 -0.400000006 -0.405298333 -0.003008207 -0.020283970
303093 3093.000000 17758100003093000 -0.400000006 -0.404877188 -0.005035191 0.021822291
303094 3094.000000 17758100003094000 -0.400000006 -0.405245791 0.003307626 -0.019051098
303095 3095.000000 17758100003095000 -0.400000006 -0.405518026 -0.005691948 0.040796399
303096 3096.000000 17758100003096000 -0.400000006 -0.405127695 -0.004861220 0.005010625
303097 3097.000000 17758100003097000 -0.400000006 -0.405534085 -0.006397534 0.022801512
303098 3098.000000 17758100003098000 -0.400000006 -0.405267151 -0.004416642 0.016786633
303099 3099.000000 17758100003099000 -0.400000006 -0.405502741 0.006612778 -0.061204250
303100 3100.000000 17758100003100000 -0.400000006 -0.405476716 0.005526656 -0.001980228
303101 3101.000000 17758100003101000 -0.400000006 -0.405065069 0.004498585 -0.010435305
303102 3102.000000 17758100003102000 -0.400000006 -0.405085294 0.006533497 0.016803990
303103 3103.000000 17758100003103000 -0.400000006 -0.404998418 0.002545126 0.024903239
303104 3104.000000 17758100003104000 -0.400000006 -0.404689276 -0.000023633 -0.009866170
303105 3105.000000 17758100003105000 -0.400000006 -0.405031882 0.004563048 0.014859596
303106 3106.000000 17758100003106000 -0.400000006 -0.405158674 0.012214502 -0.003493816
303107 3107.000000 17758100003107000 -0.400000006 -0.405133934 0.002083237 0.058657100
303108 3108.000000 17758100003108000 -0.400000006 -0.405158356 -0.001504686 0.021432966
303109 3109.000000 17758100003109000 -0.400000006 -0.405113032 0.001965376 -0.051389393
303110 3110.000000 17758100003110000 -0.400000006 -0.405203902 0.003224539 -0.003653444
303111 3111.000000 17758100003111000 -0.400000006 -0.405246124 0.004797773 0.018924952
303112 3112.000000 17758100003112000 -0.400000006 -0.405440540 -0.005350579 -0.009303459
303113 3113.000000 17758100003113000 -0.400000006 -0.404835768 -0.002705892 -0.001099503
303114 3114.000000 17758100003114000 -0.400000006 -0.405018320 0.001102036 -0.003406190
303115 3115.000000 17758100003115000 -0.400000006 -0.405481050 -0.002914264 0.012023881
303116 3116.000000 17758100003116000 -0.400000006 -0.404990357 0.007411633 -0.014820008
303117 3117.000000 17758100003117000 -0.400000006 -0.405058747 -0.002305251 0.043956542
303118 3118.000000 17758100003118000 -0.400000006 -0.405137417 -0.004550986 -0.030602396
303119 3119.000000 17758100003119000 -0.400000006 -0.404686752 0.007986181 0.004306495
303120 3120.000000 17758100003120000 -0.400000006 -0.404799980 0.003331036 -0.012275810
303121 3121.000000 17758100003121000 -0.400000006 -0.405121040 -0.002440377 -0.013340681
303122 3122.000000 17758100003122000 -0.400000006 -0.405059960 0.002752214 -0.012658788
303123 3123.000000 17758100003123000 -0.400000006 -0.404991970 0.004718407 0.013069747
303124 3124.000000 17758100003124000 -0.400000006 -0.404929144 -0.004916951 0.002493447
303125 3125.000000 17758100003125000 -0.400000006 -0.405274227 0.001369097 -0.017006009
303126 3126.000000 17758100003126000 -0.400000006 -0.405103530 0.005739661 0.023015010
303127 3127.000000 17758100003127000 -0.400000006 -0.405296443 0.002876892 -0.025708496
303128 3128.000000 17758100003128000 -0.400000006 -0.405299137 -0.000270265 0.009932824
303129 3129.000000 17758100003129000 -0.400000006 -0.405016832 0.000200948 -0.015092721
303130 3130.000000 17758100003130000 -0.400000006 -0.404899527 0.000314207 -0.014109047
303131 3131.000000 17758100003131000 -0.400000006 -0.404789923 -0.007992248 -0.013512161
303132 3132.000000 17758100003132000 -0.400000006 -0.405002986 -0.000509930 0.005537369
303133 3133.000000 17758100003133000 -0.400000006 -0.405233897 -0.007125088 -0.029634698
303134 3134.000000 17758100003134000 -0.400000006 -0.404902021 -0.002213413 0.012047823
303135 3135.000000 17758100003135000 -0.400000006 -0.405097058 -0.005170237 -0.008281873
303136 3136.000000 17758100003136000 -0.400000006 -0.405432391 -0.001152924 0.021632700
303137 3137.000000 17758100003137000 -0.400000006 -0.405019613 0.001506105 0.008964749
303138 3138.000000 17758100003138000 -0.400000006 -0.405199946 0.006506575 0.001204752
303139 3139.000000 17758100003139000 -0.400000006 -0.405214518 -0.003983934 -0.030287398
303140 3140.000000 17758100003140000 -0.400000006 -0.405575003 -0.006354091 -0.027616573
303141 3141.000000 17758100003141000 -0.400000006 -0.404991524 -0.001312730 0.035342927
303142 3142.000000 17758100003142000 -0.400000006 -0.405005108 0.009086066 -0.046845889
303143 3143.000000 17758100003143000 -0.400000006 -0.405286592 0.003228279 0.004875865
303144 3144.000000 17758100003144000 -0.400000006 -0.405209918 -0.001157324 0.016064771
303145 3145.000000 17758100003145000 -0.400000006 -0.405052987 0.001281932 0.009274872
303146 3146.000000 17758100003146000 -0.400000006 -0.405171351 -0.001961035 -0.018340829
303147 3147.000000 17758100003147000 -0.400000006 -0.405051527 0.006424298 -0.004076137
303148 3148.000000 17758100003148000 -0.400000006 -0.405229455 0.002028406 -0.000566848
303149 3149.000000 17758100003149000 -0.400000006 -0.405030783 0.002582849 0.030567543
303150 3150.000000 17758100003150000 -0.400000006 -0.405150469 0.003798213 0.019064687
303151 3151.000000 17758100003151000 -0.400000006 -0.405008412 -0.000138644 -0.016746252
303152 3152.000000 17758100003152000 -0.400000006 -0.405157392 0.003485302 0.002179693
303153 3153.000000 17758100003153000 -0.400000006 -0.405120155 -0.000370784 -0.002931956
303154 3154.000000 17758100003154000 -0.400000006 -0.405336655 -0.004758048 0.006093303
303155 3155.000000 17758100003155000 -0.400000006 -0.405095545 -0.001874572 0.021512108
303156 3156.000000 17758100003156000 -0.400000006 -0.405112203 -0.002812296 0.001115223
303157 3157.000000 17758100003157000 -0.400000006 -0.404727209 -0.007330197 0.013488426
303158 3158.000000 17758100003158000 -0.400000006 -0.405143547 0.004570764 -0.036537795
303159 3159.000000 17758100003159000 -0.400000006 -0.404780630 -0.000873436 0.019531952
303160 3160.000000 17758100003160000 -0.400000006 -0.405373730 0.007192379 -0.002895961
303161 3161.000000 17758100003161000 -0.400000006 -0.404797429 -0.009007528 -0.022702323
303162 3162.000000 17758100003162000 -0.400000006 -0.405298027 0.003586792 0.010920702
303163 3163.000000 17758100003163000 -0.400000006 -0.404660031 0.008764323 0.021917286
303164 3164.000000 17758100003164000 -0.400000006 -0.405223784 0.001054333 0.008198236
303165 3165.000000 17758100003165000 -0.400000006 -0.405023129 0.012899267 -0.002597956
303166 3166.000000 17758100003166000 -0.400000006 -0.405018120 0.000191158 -0.016437171
303167 3167.000000 17758100003167000 -0.400000006 -0.404749958 -0.003844671 0.008592156
303168 3168.000000 17758100003168000 -0.400000006 -0.404581696 0.002993615 -0.035418551
303169 3169.000000 17758100003169000 -0.400000006 -0.405010387 -0.000070736 -0.017053268
303170 3170.000000 17758100003170000 -0.400000006 -0.405222705 -0.003254226 0.009226381
303171 3171.000000 17758100003171000 -0.400000006 -0.405330209 -0.003826743 -0.015104037
303172 3172.000000 17758100003172000 -0.400000006 -0.405261267 -0.000172917 -0.040292481
303173 3173.000000 17758100003173000 -0.400000006 -0.405171535 -0.001665502 0.035419831
303174 3174.000000 17758100003174000 -0.400000006 -0.405004621 0.003163225 0.068957561
303175 3175.000000 17758100003175000 -0.400000006 -0.404924737 -0.002861903 0.017884132
303176 3176.000000 17758100003176000 -0.400000006 -0.405530010 -0.009522547 0.026296338
303177 3177.000000 17758100003177000 -0.400000006 -0.404937629 0.003053741 -0.007108848
303178 3178.000000 17758100003178000 -0.400000006 -0.405162638 -0.004002587 0.013410959
303179 3179.000000 17758100003179000 -0.400000006 -0.404703331 0.000692110 -0.019310325
303180 3180.000000 17758100003180000 -0.400000006 -0.405212202 0.000468546 0.004521754
303181 3181.000000 17758100003181000 -0.400000006 -0.404904405 0.000117594 0.019677282
303182 3182.000000 17758100003182000 -0.400000006 -0.405145685 0.006794617 0.029041064
303183 3183.000000 17758100003183000 -0.400000006 -0.404999309 0.008528157 -0.002362619
303184 3184.000000 17758100003184000 -0.400000006 -0.404948027 0.001316156 -0.018631528
303185 3185.000000 17758100003185000 -0.400000006 -0.405044327 -0.001495779 -0.007356708
303186 3186.000000 17758100003186000 -0.400000006 -0.404994558 -0.004218313 -0.041465297
303187 3187.000000 17758100003187000 -0.400000006 -0.405110203 0.005449865 -0.037144165
303188 3188.000000 17758100003188000 -0.400000006 -0.405341390 -0.004517182 -0.012660612
303189 3189.000000 17758100003189000 -0.400000006 -0.405036702 0.002219975 -0.027509269
303190 3190.000000 17758100003190000 -0.400000006 -0.404977353 0.003439108 0.017287318
303191 3191.000000 17758100003191000 -0.400000006 -0.405253888 0.003886737 -0.023084332
303192 3192.000000 17758100003192000 -0.400000006 -0.404765857 0.004562691 -0.007296871
303193 3193.000000 17758100003193000 -0.400000006 -0.405058385 0.004620860 0.016760464
303194 3194.000000 17758100003194000 -0.400000006 -0.405106197 0.001898067 0.017182481
303195 3195.000000 17758100003195000 -0.400000006 -0.405123812 -0.001416744 0.004879487
303196 3196.000000 17758100003196000 -0.400000006 -0.405023503 0.008294447 -0.002437334
303197 3197.000000 17758100003197000 -0.400000006 -0.404976607 0.002795233 -0.010448576
303198 3198.000000 17758100003198000 -0.400000006 -0.405103547 -0.003168862 -0.018261800
303199 3199.000000 17758100003199000 -0.400000006 -0.405110020 -0.007707843 -0.029285286
303200 3200.000000 17758100003200000 -0.400000006 -0.404955476 0.010234351 -0.001343804
303201 3201.000000 17758100003201000 -0.400000006 -0.405064148 0.011177396 -0.012150617
303202 3202.000000 17758100003202000 -0.400000006 -0.405078533 0.009771438 0.019180812
303203 3203.000000 17758100003203000 -0.400000006 -0.405030724 0.005693388 0.008940438
303204 3204.000000 17758100003204000 -0.400000006 -0.404696213 -0.003669277 -0.005087750
303205 3205.000000 17758100003205000 -0.400000006 -0.404825884 0.000133407 0.024002878
303206 3206.000000 17758100003206000 -0.400000006 -0.404883163 -0.010784023 0.011855452
303207 3207.000000 17758100003207000 -0.400000006 -0.404771172 0.002434581 -0.015909159
303208 3208.000000 17758100003208000 -0.400000006 -0.404829146 0.002908393 -0.020535692
303209 3209.000000 17758100003209000 -0.400000006 -0.405432946 0.000896008 0.018890747
303210 3210.000000 17758100003210000 -0.400000006 -0.404961917 0.002819185 0.026226025
303211 3211.000000 17758100003211000 -0.400000006 -0.405347829 -0.001454288 0.020751095
303212 3212.000000 17758100003212000 -0.400000006 -0.405012128 0.000614088 -0.031927893
303213 3213.000000 17758100003213000 -0.400000006 -0.405064014 -0.005534441 -0.026217491
303214 3214.000000 17758100003214000 -0.400000006 -0.404797387 -0.000855161 0.004433852
303215 3215.000000 17758100003215000 -0.400000006 -0.404891957 0.001278365 -0.018303098
303216 3216.000000 17758100003216000 -0.400000006 -0.404508642 -0.004298449 -0.028468388
303217 3217.000000 17758100003217000 -0.400000006 -0.405297542 -0.006373319 -0.001057812
303218 3218.000000 17758100003218000 -0.400000006 -0.404908824 -0.005373416 0.017948878
303219 3219.000000 17758100003219000 -0.400000006 -0.405030262 0.009183589 -0.013498911
303220 3220.000000 17758100003220000 -0.400000006 -0.404796910 -0.000087096 -0.005311208
303221 3221.000000 17758100003221000 -0.400000006 -0.404646928 0.000931721 0.003052596
303222 3222.000000 17758100003222000 -0.400000006 -0.404990958 0.002341664 -0.016306457
303223 3223.000000 17758100003223000 -0.400000006 -0.405144775 -0.004031304 0.029512587
303224 3224.000000 17758100003224000 -0.400000006 -0.404613407 0.004875221 0.005030223
303225 3225.000000 17758100003225000 -0.400000006 -0.405198217 0.001019330 0.005412696
303226 3226.000000 17758100003226000 -0.400000006 -0.405112608 0.000803816 -0.024765615
303227 3227.000000 17758100003227000 -0.400000006 -0.404644784 -0.007374176 -0.007879211
303228 3228.000000 17758100003228000 -0.400000006 -0.404945370 0.002624576 -0.008560644
303229 3229.000000 17758100003229000 -0.400000006 -0.404408191 -0.003556771 0.054181910
303230 3230.000000 17758100003230000 -0.400000006 -0.405372069 0.006335235 0.022624313
303231 3231.000000 17758100003231000 -0.400000006 -0.405712276 -0.000470016 -0.044078555
303232 3232.000000 17758100003232000 -0.400000006 -0.405089317 -0.000963318 -0.012838836
303233 3233.000000 17758100003233000 -0.400000006 -0.405262705 -0.001407452 0.052627829
303234 3234.000000 17758100003234000 -0.400000006 -0.404928808 0.001584687 -0.014618736
303235 3235.000000 17758100003235000 -0.400000006 -0.404921749 -0.009926868 0.001937597
303236 3236.000000 17758100003236000 -0.400000006 -0.405046605 0.000327099 -0.006398077
303237 3237.000000 17758100003237000 -0.400000006 -0.405173408 0.002875393 -0.002901255
303238 3238.000000 17758100003238000 -0.400000006 -0.404811072 0.001796805 -0.009223149
303239 3239.000000 17758100003239000 -0.400000006 -0.405276655 -0.003381631 0.009570492
303240 3240.000000 17758100003240000 -0.400000006 -0.404953100 0.005981724 -0.000410939
303241 3241.000000 17758100003241000 -0.400000006 -0.404914618 0.007109249 -0.009022790
303242 3242.000000 17758100003242000 -0.400000006 -0.404797176 -0.005459004 0.031338247
303243 3243.000000 17758100003243000 -0.400000006 -0.405025151 -0.005631913 -0.009996287
303244 3244.000000 17758100003244000 -0.400000006 -0.405044540 -0.002254267 0.037769913
303245 3245.000000 17758100003245000 -0.400000006 -0.405161061 0.008431743 -0.003290885
303246 3246.000000 17758100003246000 -0.400000006 -0.405165597 0.001262684 -0.033785979
303247 3247.000000 17758100003247000 -0.400000006 -0.404709622 -0.003285983 0.013300857
303248 3248.000000 17758100003248000 -0.400000006 -0.405226956 0.004521323 -0.001698007
303249 3249.000000 17758100003249000 -0.400000006 -0.405088823 0.001758752 0.019901651
303250 3250.000000 17758100003250000 -0.400000006 -0.405175988 -0.003092772 -0.005045861
303251 3251.000000 17758100003251000 -0.400000006 -0.404617928 -0.006856517 -0.025540290
303252 3252.000000 17758100003252000 -0.400000006 -0.405055677 0.004224775 0.013784378
303253 3253.000000 17758100003253000 -0.400000006 -0.404751078 -0.001412774 0.005002577
303254 3254.000000 17758100003254000 -0.400000006 -0.404959489 -0.001689687 0.027487234
303255 3255.000000 17758100003255000 -0.400000006 -0.404600317 -0.005282991 0.011104584
303256 3256.000000 17758100003256000 -0.400000006 -0.405127633 -0.012124551 0.004310627
303257 3257.000000 17758100003257000 -0.400000006 -0.405074426 -0.002723834 0.015166257
303258 3258.000000 17758100003258000 -0.400000006 -0.404905617 -0.002094772 0.026027376
303259 3259.000000 17758100003259000 -0.400000006 -0.404989498 0.000518548 0.013761292
303260 3260.000000 17758100003260000 -0.400000006 -0.405161702 0.005996485 -0.006278836
303261 3261.000000 17758100003261000 -0.400000006 -0.405307022 0.007174489 0.017382834
303262 3262.000000 17758100003262000 -0.400000006 -0.405142145 -0.003799058 -0.015687825
303263 3263.000000 17758100003263000 -0.400000006 -0.405104619 -0.001506107 -0.007838772
303264 3264.000000 17758100003264000 -0.400000006 -0.404818170 0.003081168 -0.011752974
303265 3265.000000 17758100003265000 -0.400000006 -0.405055611 0.001530423 0.006813084
303266 3266.000000 17758100003266000 -0.400000006 -0.405036822 -0.004329312 0.003374336
303267 3267.000000 17758100003267000 -0.400000006 -0.405017924 0.002449184 0.027557067
303268 3268.000000 17758100003268000 -0.400000006 -0.405100957 0.006750607 0.022301611
303269 3269.000000 17758100003269000 -0.400000006 -0.404796557 -0.001578720 -0.006243040
303270 3270.000000 17758100003270000 -0.400000006 -0.404651556 -0.001453455 -0.001914758
303271 3271.000000 17758100003271000 -0.400000006 -0.404571826 -0.002978213 0.014247357
303272 3272.000000 17758100003272000 -0.400000006 -0.405248467 -0.001765326 -0.000012820
303273 3273.000000 17758100003273000 -0.400000006 -0.404952294 0.002938700 -0.025279229
303274 3274.000000 17758100003274000 -0.400000006 -0.404565721 0.005064367 0.018720795
303275 3275.000000 17758100003275000 -0.400000006 -0.404951358 -0.002712163 0.011944373
303276 3276.000000 17758100003276000 -0.400000006 -0.405144263 0.005822023 0.007356331
303277 3277.000000 17758100003277000 -0.400000006 -0.404887243 -0.008597827 0.011808324
303278 3278.000000 17758100003278000 -0.400000006 -0.405279976 -0.001197040 0.012979213
303279 3279.000000 17758100003279000 -0.400000006 -0.405147220 0.004618099 -0.050386846
303280 3280.000000 17758100003280000 -0.400000006 -0.405158969 0.012070555 -0.029501436
303281 3281.000000 17758100003281000 -0.400000006 -0.405206549 -0.010157976 0.033262852
303282 3282.000000 17758100003282000 -0.400000006 -0.405243309 0.016160056 0.013560440
303283 3283.000000 17758100003283000 -0.400000006 -0.405254570 0.001898098 -0.010909543
303284 3284.000000 17758100003284000 -0.400000006 -0.404849665 0.004968386 -0.018887941
303285 3285.000000 17758100003285000 -0.400000006 -0.405077813 0.010459029 0.008043483
303286 3286.000000 17758100003286000 -0.400000006 -0.405452939 0.007687846 0.023686474
303287 3287.000000 17758100003287000 -0.400000006 -0.405063380 0.004721448 0.012128786
303288 3288.000000 17758100003288000 -0.400000006 -0.404875638 0.008863668 0.018961525
303289 3289.000000 17758100003289000 -0.400000006 -0.405145597 0.001156186 -0.008419922
303290 3290.000000 17758100003290000 -0.400000006 -0.404979365 0.001758737 0.005724018
303291 3291.000000 17758100003291000 -0.400000006 -0.405097282 -0.001600171 -0.026965179
303292 3292.000000 17758100003292000 -0.400000006 -0.404991766 0.002154663 -0.008111457
303293 3293.000000 17758100003293000 -0.400000006 -0.405081447 0.003283686 0.003982582
303294 3294.000000 17758100003294000 -0.400000006 -0.404416130 -0.003922549 0.007580516
303295 3295.000000 17758100003295000 -0.400000006 -0.404857114 0.005863565 0.006091693
303296 3296.000000 17758100003296000 -0.400000006 -0.405111542 -0.003969153 0.034863203
303297 3297.000000 17758100003297000 -0.400000006 -0.404723486 0.000638871 0.018367824
303298 3298.000000 17758100003298000 -0.400000006 -0.405120814 0.005514372 -0.005676118
303299 3299.000000 17758100003299000 -0.400000006 -0.405251353 0.002036511 0.034255208
303300 3300.000000 17758100003300000 -0.400000006 -0.404959395 -0.005118830 -0.000341406
303301 3301.000000 17758100003301000 -0.400000006 -0.405033811 -0.003287250 -0.008080572
303302 3302.000000 17758100003302000 -0.400000006 -0.404543912 0.000098380 0.024597889
303303 3303.000000 17758100003303000 -0.400000006 -0.405150454 0.004988955 -0.026826157
303304 3304.000000 17758100003304000 -0.400000006 -0.405004522 -0.001637578 0.043872240
303305 3305.000000 17758100003305000 -0.400000006 -0.404535149 0.008461002 0.011259199
303306 3306.000000 17758100003306000 -0.400000006 -0.404856764 0.003446129 0.027480653
303307 3307.000000 17758100003307000 -0.400000006 -0.404924213 -0.002610678 0.014375952
303308 3308.000000 17758100003308000 -0.400000006 -0.404982083 0.000754852 -0.007770335
303309 3309.000000 17758100003309000 -0.400000006 -0.405065214 -0.005186950 -0.019773901
303310 3310.000000 17758100003310000 -0.400000006 -0.404844205 0.004711925 0.015114723
303311 3311.000000 17758100003311000 -0.400000006 -0.405313029 0.005882354 -0.015443316
303312 3312.000000 17758100003312000 -0.400000006 -0.405075927 0.011340971 0.021792850
303313 3313.000000 17758100003313000 -0.400000006 -0.405294222 0.000393126 0.005922314
303314 3314.000000 17758100003314000 -0.400000006 -0.404624479 -0.001436240 0.003104236
303315 3315.000000 17758100003315000 -0.400000006 -0.404962075 0.001226602 0.006812407
303316 3316.000000 17758100003316000 -0.400000006 -0.405267997 0.003696066 -0.016732569
303317 3317.000000 17758100003317000 -0.400000006 -0.405136589 0.000957008 0.023403064
303318 3318.000000 17758100003318000 -0.400000006 -0.405065860 -0.001157262 -0.000502458
303319 3319.000000 17758100003319000 -0.400000006 -0.405235289 -0.003510547 -0.011409477
303320 3320.000000 17758100003320000 -0.400000006 -0.404868529 0.004955199 -0.000402713
303321 3321.000000 17758100003321000 -0.400000006 -0.405096524 0.000081067 -0.024723957
303322 3322.000000 17758100003322000 -0.400000006 -0.405254060 -0.006768989 0.006374435
303323 3323.000000 17758100003323000 -0.400000006 -0.404598141 -0.004521430 0.001771800
303324 3324.000000 17758100003324000 -0.400000006 -0.405028827 -0.000431668 -0.007099857
303325 3325.000000 17758100003325000 -0.400000006 -0.405163750 0.001185702 0.016748671
303326 3326.000000 17758100003326000 -0.400000006 -0.404913364 -0.001999415 -0.009372493
303327 3327.000000 17758100003327000 -0.400000006 -0.404972817 0.008032119 -0.015985332
303328 3328.000000 17758100003328000 -0.400000006 -0.404728680 -0.004560972 -0.008449937
303329 3329.000000 17758100003329000 -0.400000006 -0.405057216 -0.003266385 -0.011201711
303330 3330.000000 17758100003330000 -0.400000006 -0.404287519 0.007397060 0.027253747
303331 3331.000000 17758100003331000 -0.400000006 -0.405140815 0.008524432 -0.013384855
303332 3332.000000 17758100003332000 -0.400000006 -0.404637116 0.005945166 -0.009326076
303333 3333.000000 17758100003333000 -0.400000006 -0.404949141 0.001703044 0.007347039
303334 3334.000000 17758100003334000 -0.400000006 -0.405064455 0.002832470 0.027278785
303335 3335.000000 17758100003335000 -0.400000006 -0.405213405 0.000643372 0.006158404
303336 3336.000000 17758100003336000 -0.400000006 -0.405037825 0.001604333 -0.017732031
303337 3337.000000 17758100003337000 -0.400000006 -0.404852594 0.012863955 -0.000380704
303338 3338.000000 17758100003338000 -0.400000006 -0.404646949 -0.004950940 0.044542928
303339 3339.000000 17758100003339000 -0.400000006 -0.405095833 -0.000443595 0.051027952
303340 3340.000000 17758100003340000 -0.400000006 -0.405000220 -0.011375827 -0.022301629
303341 3341.000000 17758100003341000 -0.400000006 -0.404591974 0.004142627 0.001592531
303342 3342.000000 17758100003342000 -0.400000006 -0.404945654 0.006446317 -0.031388196
303343 3343.000000 17758100003343000 -0.400000006 -0.404518600 -0.008236689 -0.029309415
303344 3344.000000 17758100003344000 -0.400000006 -0.404983016 0.003953995 0.007983675
303345 3345.000000 17758100003345000 -0.400000006 -0.404880335 -0.005517024 0.024076328
303346 3346.000000 17758100003346000 -0.400000006 -0.404954679 0.000421954 0.013631019
303347 3347.000000 17758100003347000 -0.400000006 -0.404843312 0.011688954 -0.032139575
303348 3348.000000 17758100003348000 -0.400000006 -0.405281098 0.000198495 -0.017540098
303349 3349.000000 17758100003349000 -0.400000006 -0.404971192 0.006217686 0.006609250
303350 3350.000000 17758100003350000 -0.400000006 -0.404903285 -0.006230980 0.007762227
303351 3351.000000 17758100003351000 -0.400000006 -0.404813344 0.000628860 -0.007334581
303352 3352.000000 17758100003352000 -0.400000006 -0.404923718 0.002625889 0.003673291
303353 3353.000000 17758100003353000 -0.400000006 -0.405066095 0.018459580 -0.010996639
303354 3354.000000 17758100003354000 -0.400000006 -0.405008362 -0.006082169 0.000192577
303355 3355.000000 17758100003355000 -0.400000006 -0.404801084 0.009442799 0.012944426
303356 3356.000000 17758100003356000 -0.400000006 -0.404713465 0.002806920 0.018711417
303357 3357.000000 17758100003357000 -0.400000006 -0.404917352 -0.000245530 -0.010184687
303358 3358.000000 17758100003358000 -0.400000006 -0.404954030 0.003858329 0.018423381
303359 3359.000000 17758100003359000 -0.400000006 -0.404927176 0.001614040 0.013773032
303360 3360.000000 17758100003360000 -0.400000006 -0.405165917 0.001445162 -0.024838575
303361 3361.000000 17758100003361000 -0.400000006 -0.404985542 0.002390384 0.024454927
303362 3362.000000 17758100003362000 -0.400000006 -0.404802045 0.006056560 -0.010892663
303363 3363.000000 17758100003363000 -0.400000006 -0.405137486 -0.001407678 0.026754415
303364 3364.000000 17758100003364000 -0.400000006 -0.404691126 0.000976454 0.031258442
303365 3365.000000 17758100003365000 -0.400000006 -0.405126634 0.003534799 -0.008722302
303366 3366.000000 17758100003366000 -0.400000006 -0.405026673 0.005172091 -0.020713379
303367 3367.000000 17758100003367000 -0.400000006 -0.404880933 0.004920393 -0.028993080
303368 3368.000000 17758100003368000 -0.400000006 -0.405077332 0.004463248 -0.005410201
303369 3369.000000 17758100003369000 -0.400000006 -0.405088367 0.002459918 0.004052786
303370 3370.000000 17758100003370000 -0.400000006 -0.405164968 -0.004041072 -0.011818910
303371 3371.000000 17758100003371000 -0.400000006 -0.404767841 0.000832183 0.005892862
303372 3372.000000 17758100003372000 -0.400000006 -0.404862088 -0.004519188 -0.009242586
303373 3373.000000 17758100003373000 -0.400000006 -0.405213043 0.003357786 0.032205975
303374 3374.000000 17758100003374000 -0.400000006 -0.404676885 -0.001659748 0.061712513
303375 3375.000000 17758100003375000 -0.400000006 -0.404643174 -0.000479554 0.001178663
303376 3376.000000 17758100003376000 -0.400000006 -0.404808100 0.005360577 0.007346651
303377 3377.000000 17758100003377000 -0.400000006 -0.405145117 -0.003587225 -0.017858761
303378 3378.000000 17758100003378000 -0.400000006 -0.405249716 -0.000472995 0.010616002
303379 3379.000000 17758100003379000 -0.400000006 -0.405021101 0.009740130 0.038517428
303380 3380.000000 17758100003380000 -0.400000006 -0.404675062 0.007091088 -0.008560452
303381 3381.000000 17758100003381000 -0.400000006 -0.404923681 -0.004176693 -0.023662465
303382 3382.000000 17758100003382000 -0.400000006 -0.405095192 0.001538668 -0.019768163
303383 3383.000000 17758100003383000 -0.400000006 -0.404962538 -0.002574499 0.005552642
303384 3384.000000 17758100003384000 -0.400000006 -0.404819478 0.004012787 -0.012388550
303385 3385.000000 17758100003385000 -0.400000006 -0.405075084 0.003967778 -0.003036084
303386 3386.000000 17758100003386000 -0.400000006 -0.404605112 -0.004579850 -0.004265626
303387 3387.000000 17758100003387000 -0.400000006 -0.405047527 -0.003423137 -0.016855065
303388 3388.000000 17758100003388000 -0.400000006 -0.404533818 0.006741341 -0.003471891
303389 3389.000000 17758100003389000 -0.400000006 -0.405174891 -0.013568302 0.007570374
303390 3390.000000 17758100003390000 -0.400000006 -0.405021004 -0.000422518 0.019622577
303391 3391.000000 17758100003391000 -0.400000006 -0.404843835 0.004516056 -0.017435219
303392 3392.000000 17758100003392000 -0.400000006 -0.404593538 0.000532691 0.008806322
303393 3393.000000 17758100003393000 -0.400000006 -0.404585401 -0.003195960 0.002363092
303394 3394.000000 17758100003394000 -0.400000006 -0.404876723 -0.001165591 -0.010922497
303395 3395.000000 17758100003395000 -0.400000006 -0.404507832 0.002492838 0.011862616
303396 3396.000000 17758100003396000 -0.400000006 -0.404554860 0.000658109 0.006762899
303397 3397.000000 17758100003397000 -0.400000006 -0.404926157 -0.000801003 -0.024006692
303398 3398.000000 17758100003398000 -0.400000006 -0.405140101 0.002593261 -0.021781277
303399 3399.000000 17758100003399000 -0.400000006 -0.405320695 -0.000353758 -0.013791701
303400 3400.000000 17758100003400000 -0.400000006 -0.404469372 -0.000718205 0.003723976
303401 3401.000000 17758100003401000 -0.400000006 -0.404988299 -0.001750221 -0.011066761
303402 3402.000000 17758100003402000 -0.400000006 -0.405175197 0.001331261 0.010773544
303403 3403.000000 17758100003403000 -0.400000006 -0.405164367 -0.002127981 -0.007914487
303404 3404.000000 17758100003404000 -0.400000006 -0.404906858 -0.001766694 0.017061186
303405 3405.000000 17758100003405000 -0.400000006 -0.405203700 -0.004083250 0.016737854
303406 3406.000000 17758100003406000 -0.400000006 -0.404934516 0.005646445 0.004065037
303407 3407.000000 17758100003407000 -0.400000006 -0.405162613 -0.008769609 -0.003650426
303408 3408.000000 17758100003408000 -0.400000006 -0.405231918 0.002699432 0.012291150
303409 3409.000000 17758100003409000 -0.400000006 -0.405302504 -0.000463513 0.020759506
303410 3410.000000 17758100003410000 -0.400000006 -0.404736427 -0.000048404 0.011728326
303411 3411.000000 17758100003411000 -0.400000006 -0.404703971 -0.002419511 0.011108127
303412 3412.000000 17758100003412000 -0.400000006 -0.404615364 -0.000262486 0.050526500
303413 3413.000000 17758100003413000 -0.400000006 -0.405017611 0.001116548 0.024185543
303414 3414.000000 17758100003414000 -0.400000006 -0.405012367 0.014528138 -0.015588958
303415 3415.000000 17758100003415000 -0.400000006 -0.404837229 0.006100113 0.002510461
303416 3416.000000 17758100003416000 -0.400000006 -0.404460183 0.004729793 -0.003257807
303417 3417.000000 17758100003417000 -0.400000006 -0.404945925 0.002943173 -0.005027100
303418 3418.000000 17758100003418000 -0.400000006 -0.404662637 -0.001501007 0.011435002
303419 3419.000000 17758100003419000 -0.400000006 -0.405092684 0.001672105 0.029450488
303420 3420.000000 17758100003420000 -0.400000006 -0.404987699 -0.002336878 -0.005515292
303421 3421.000000 17758100003421000 -0.400000006 -0.404759974 0.010498905 -0.006805949
303422 3422.000000 17758100003422000 -0.400000006 -0.404898755 0.000168375 -0.001943026
303423 3423.000000 17758100003423000 -0.400000006 -0.405283421 -0.010915239 0.001725631
303424 3424.000000 17758100003424000 -0.400000006 -0.405154948 -0.000301113 -0.036894969
303425 3425.000000 17758100003425000 -0.400000006 -0.405049794 -0.000159046 0.024547162
303426 3426.000000 17758100003426000 -0.400000006 -0.404940901 0.001735456 -0.003994708
303427 3427.000000 17758100003427000 -0.400000006 -0.404626020 -0.006291217 -0.021276171
303428 3428.000000 17758100003428000 -0.400000006 -0.404983549 -0.008323390 0.003754153
303429 3429.000000 17758100003429000 -0.400000006 -0.405127536 0.007487915 0.040011342
303430 3430.000000 17758100003430000 -0.400000006 -0.404780560 -0.001480317 -0.019517690
303431 3431.000000 17758100003431000 -0.400000006 -0.404591617 0.007058739 -0.006841143
303432 3432.000000 17758100003432000 -0.400000006 -0.404505656 -0.004709067 0.012110954
303433 3433.000000 17758100003433000 -0.400000006 -0.404761177 0.010830511 -0.006798341
303434 3434.000000 17758100003434000 -0.400000006 -0.404755377 0.001449112 -0.008395337
303435 3435.000000 17758100003435000 -0.400000006 -0.404985258 0.005538895 0.004382006
303436 3436.000000 17758100003436000 -0.400000006 -0.404580082 -0.002538821 -0.006860227
303437 3437.000000 17758100003437000 -0.400000006 -0.404617634 -0.005370353 0.020393575
303438 3438.000000 17758100003438000 -0.400000006 -0.404792534 0.005860215 -0.006972731
303439 3439.000000 17758100003439000 -0.400000006 -0.404950936 0.001377728 0.015730148
303440 3440.000000 17758100003440000 -0.400000006 -0.405072382 -0.000053821 0.036629710
303441 3441.000000 17758100003441000 -0.400000006 -0.405073746 0.002128853 0.017394958
303442 3442.000000 17758100003442000 -0.400000006 -0.404952988 0.001406783 -0.005891692
303443 3443.000000 17758100003443000 -0.400000006 -0.405401951 -0.000714100 -0.019565960
303444 3444.000000 17758100003444000 -0.400000006 -0.404949445 -0.005483143 -0.003098363
303445 3445.000000 17758100003445000 -0.400000006 -0.404832665 -0.002971842 -0.025617821
303446 3446.000000 17758100003446000 -0.400000006 -0.404991061 0.003566270 -0.022045245
303447 3447.000000 17758100003447000 -0.400000006 -0.405131443 0.003943615 -0.004409461
303448 3448.000000 17758100003448000 -0.400000006 -0.404792609 0.004621047 -0.036144730
303449 3449.000000 17758100003449000 -0.400000006 -0.404788476 -0.005786462 0.022182336
303450 3450.000000 17758100003450000 -0.400000006 -0.404959128 0.005368922 0.020875012
303451 3451.000000 17758100003451000 -0.400000006 -0.404866353 0.004306271 -0.001527203
303452 3452.000000 17758100003452000 -0.400000006 -0.404789728 -0.000033036 0.000390084
303453 3453.000000 17758100003453000 -0.400000006 -0.404899932 0.008144053 0.002168713
303454 3454.000000 17758100003454000 -0.400000006 -0.404567544 -0.000016088 0.007627796
303455 3455.000000 17758100003455000 -0.400000006 -0.404744374 0.009820644 -0.015714458
303456 3456.000000 17758100003456000 -0.400000006 -0.404855522 -0.004283249 0.032973034
303457 3457.000000 17758100003457000 -0.400000006 -0.405161182 -0.006252236 0.026066526
303458 3458.000000 17758100003458000 -0.400000006 -0.405041988 0.008915564 0.016108462
303459 3459.000000 17758100003459000 -0.400000006 -0.404739845 0.002322163 -0.012967837
303460 3460.000000 17758100003460000 -0.400000006 -0.404822346 0.001543296 0.027881173
303461 3461.000000 17758100003461000 -0.400000006 -0.404822768 0.002123035 -0.021495724
303462 3462.000000 17758100003462000 -0.400000006 -0.404961331 -0.005289890 0.013126354
303463 3463.000000 17758100003463000 -0.400000006 -0.404894316 -0.001770737 0.007657461
303464 3464.000000 17758100003464000 -0.400000006 -0.405086840 -0.005233881 -0.004639110
303465 3465.000000 17758100003465000 -0.400000006 -0.405067237 0.008500356 0.008496625
303466 3466.000000 17758100003466000 -0.400000006 -0.404872944 0.006671632 -0.022083727
303467 3467.000000 17758100003467000 -0.400000006 -0.405114270 -0.004476099 -0.028219118
303468 3468.000000 17758100003468000 -0.400000006 -0.404853278 -0.013080467 0.021169081
303469 3469.000000 17758100003469000 -0.400000006 -0.404913020 0.000500281 0.000741503
303470 3470.000000 17758100003470000 -0.400000006 -0.404688301 -0.008410676 0.022626171
303471 3471.000000 17758100003471000 -0.400000006 -0.404975868 0.008280556 0.006849639
303472 3472.000000 17758100003472000 -0.400000006 -0.405047089 -0.000011474 0.022383352
303473 3473.000000 17758100003473000 -0.400000006 -0.404842887 0.005121512 0.027666758
303474 3474.000000 17758100003474000 -0.400000006 -0.404169307 -0.002836981 0.008293667
303475 3475.000000 17758100003475000 -0.400000006 -0.404922516 -0.002907410 -0.017740722
303476 3476.000000 17758100003476000 -0.400000006 -0.404791995 -0.008168585 0.022231700
303477 3477.000000 17758100003477000 -0.400000006 -0.404851737 -0.001941990 -0.033071937
303478 3478.000000 17758100003478000 -0.400000006 -0.404878059 0.001663140 0.033279883
303479 3479.000000 17758100003479000 -0.400000006 -0.404781535 0.006173361 -0.007001829
303480 3480.000000 17758100003480000 -0.400000006 -0.404771854 -0.003400432 0.001066620
303481 3481.000000 17758100003481000 -0.400000006 -0.404911839 -0.003211363 0.021005289
303482 3482.000000 17758100003482000 -0.400000006 -0.404980422 0.003554397 -0.013965418
303483 3483.000000 17758100003483000 -0.400000006 -0.404917480 0.003887295 -0.007338238
303484 3484.000000 17758100003484000 -0.400000006 -0.405002056 -0.006594375 0.000709285
303485 3485.000000 17758100003485000 -0.400000006 -0.404881867 0.008257492 -0.015286890
303486 3486.000000 17758100003486000 -0.400000006 -0.405028203 -0.000154465 -0.006590118
303487 3487.000000 17758100003487000 -0.400000006 -0.404588839 -0.000424151 0.016528102
303488 3488.000000 17758100003488000 -0.400000006 -0.404952093 0.008028373 -0.006208386
303489 3489.000000 17758100003489000 -0.400000006 -0.405022624 -0.004106057 -0.007301820
303490 3490.000000 17758100003490000 -0.400000006 -0.405043082 0.002481441 -0.008872751
303491 3491.000000 17758100003491000 -0.400000006 -0.404725522 -0.005130024 0.007847591
303492 3492.000000 17758100003492000 -0.400000006 -0.405050107 -0.001709127 0.017460188
303493 3493.000000 17758100003493000 -0.400000006 -0.404904115 0.008057293 0.000668963
303494 3494.000000 17758100003494000 -0.400000006 -0.404981800 -0.001797159 -0.005446326
303495 3495.000000 17758100003495000 -0.400000006 -0.404649916 -0.001929573 0.022975439
303496 3496.000000 17758100003496000 -0.400000006 -0.404804941 0.008222690 0.032620015
303497 3497.000000 17758100003497000 -0.400000006 -0.405084575 0.001194516 -0.017389008
303498 3498.000000 17758100003498000 -0.400000006 -0.405087566 0.004162377 0.022919835
303499 3499.000000 17758100003499000 -0.400000006 -0.405141786 -0.004979095 0.036124115
303500 3500.000000 17758100003500000 0.200000003 -0.404794449 -0.001988038 0.029261146
303501 3501.000000 17758100003501000 0.200000003 -0.405041617 0.006534691 0.004865987
303502 3502.000000 17758100003502000 0.200000003 -0.404974957 0.003124926 5.224245321
303503 3503.000000 17758100003503000 0.200000003 -0.404438866 0.182185571 5.164794402
303504 3504.000000 17758100003504000 0.200000003 -0.404015608 0.362677136 5.180091303
303505 3505.000000 17758100003505000 0.200000003 -0.403696375 0.551857722 5.206809798
303506 3506.000000 17758100003506000 0.200000003 -0.403015810 0.730570665 5.137599767
303507 3507.000000 17758100003507000 0.200000003 -0.401957278 0.910223980 5.241277462
303508 3508.000000 17758100003508000 0.200000003 -0.400700097 1.095431853 5.195406934
303509 3509.000000 17758100003509000 0.200000003 -0.399770000 1.280816758 5.218783722
303510 3510.000000 17758100003510000 0.200000003 -0.398221470 1.471360086 5.182223059
303511 3511.000000 17758100003511000 0.200000003 -0.396260347 1.660132774 5.103021616
303512 3512.000000 17758100003512000 0.200000003 -0.394950533 1.831763753 4.892289216
303513 3513.000000 17758100003513000 0.200000003 -0.392696106 2.009325512 4.794611363
303514 3514.000000 17758100003514000 0.200000003 -0.390332455 2.176651852 4.602612527
303515 3515.000000 17758100003515000 0.200000003 -0.388371361 2.346463361 4.410621465
303516 3516.000000 17758100003516000 0.200000003 -0.385877422 2.489263058 4.299192556
303517 3517.000000 17758100003517000 0.200000003 -0.383278856 2.638089038 4.102292796
303518 3518.000000 17758100003518000 0.200000003 -0.380700848 2.773346423 3.963431926
303519 3519.000000 17758100003519000 0.200000003 -0.377590187 2.918420420 3.814177291
303520 3520.000000 17758100003520000 0.200000003 -0.374877963 3.047666259 3.651898891
303521 3521.000000 17758100003521000 0.200000003 -0.371068686 3.179280429 3.516202449
303522 3522.000000 17758100003522000 0.200000003 -0.367821712 3.305152314 3.394233329
303523 3523.000000 17758100003523000 0.200000003 -0.364471294 3.427707457 3.232604766
303524 3524.000000 17758100003524000 0.200000003 -0.361119688 3.528549032 3.124981512
303525 3525.000000 17758100003525000 0.200000003 -0.357259752 3.639433127 2.963169123
303526 3526.000000 17758100003526000 0.200000003 -0.353925471 3.737262976 2.838603999
303527 3527.000000 17758100003527000 0.200000003 -0.349926885 3.846462449 2.722955296
303528 3528.000000 17758100003528000 0.200000003 -0.345739095 3.930445498 2.634352373
303529 3529.000000 17758100003529000 0.200000003 -0.341721860 4.020746641 2.493141400
303530 3530.000000 17758100003530000 0.200000003 -0.337716438 4.101590948 2.375142246
303531 3531.000000 17758100003531000 0.200000003 -0.333818373 4.177455553 2.217789614
303532 3532.000000 17758100003532000 0.200000003 -0.329567620 4.260188973 2.173439006
303533 3533.000000 17758100003533000 0.200000003 -0.325100519 4.332265535 2.045501101
303534 3534.000000 17758100003534000 0.200000003 -0.320627696 4.405698849 1.926222213
303535 3535.000000 17758100003535000 0.200000003 -0.316174841 4.466693198 1.835364711
303536 3536.000000 17758100003536000 0.200000003 -0.311553610 4.522864854 1.760255846
303537 3537.000000 17758100003537000 0.200000003 -0.306874458 4.587572717 1.619675171
303538 3538.000000 17758100003538000 0.200000003 -0.302082273 4.632737347 1.512663670
303539 3539.000000 17758100003539000 0.200000003 -0.297401653 4.684923067 1.427034783
303540 3540.000000 17758100003540000 0.200000003 -0.293135032 4.743353356 1.347666278
303541 3541.000000 17758100003541000 0.200000003 -0.287676378 4.782022857 1.254454443
303542 3542.000000 17758100003542000 0.200000003 -0.283576411 4.821374953 1.148480167
303543 3543.000000 17758100003543000 0.200000003 -0.278626044 4.855016711 1.075851110
303544 3544.000000 17758100003544000 0.200000003 -0.273565681 4.890339860 0.995995748
303545 3545.000000 17758100003545000 0.200000003 -0.268677817 4.927985107 0.900755174
303546 3546.000000 17758100003546000 0.200000003 -0.263835388 4.947569686 0.855496125
303547 3547.000000 17758100003547000 0.200000003 -0.258963041 4.967190790 0.777187118
303548 3548.000000 17758100003548000 0.200000003 -0.253792959 4.992340520 0.665351947
303549 3549.000000 17758100003549000 0.200000003 -0.248562155 5.020283893 0.607687209
303550 3550.000000 17758100003550000 0.200000003 -0.244012197 5.039421474 0.566343435
303551 3551.000000 17758100003551000 0.200000003 -0.238571503 5.044851608 0.479071328
303552 3552.000000 17758100003552000 0.200000003 -0.233664005 5.062937059 0.450107106
303553 3553.000000 17758100003553000 0.200000003 -0.228416101 5.076728297 0.398737553
303554 3554.000000 17758100003554000 0.200000003 -0.223284381 5.079694557 0.311854777
303555 3555.000000 17758100003555000 0.200000003 -0.218232499 5.088219682 0.263832289
303556 3556.000000 17758100003556000 0.200000003 -0.212963512 5.081894639 0.153981364
303557 3557.000000 17758100003557000 0.200000003 -0.208588460 5.090086942 0.103216821
303558 3558.000000 17758100003558000 0.200000003 -0.203066900 5.094243758 0.087596428
303559 3559.000000 17758100003559000 0.200000003 -0.197810368 5.095850408 -0.015521897
303560 3560.000000 17758100003560000 0.200000003 -0.192680592 5.081492116 -0.026883554
303561 3561.000000 17758100003561000 0.200000003 -0.187801594 5.074426139 -0.101068270
303562 3562.000000 17758100003562000 0.200000003 -0.182553673 5.065239400 -0.104233755
303563 3563.000000 17758100003563000 0.200000003 -0.177071678 5.055429810 -0.173244106
303564 3564.000000 17758100003564000 0.200000003 -0.172376354 5.051087492 -0.224252854
303565 3565.000000 17758100003565000 0.200000003 -0.167691467 5.039861559 -0.305632143
303566 3566.000000 17758100003566000 0.200000003 -0.162417826 5.021685849 -0.319117683
303567 3567.000000 17758100003567000 0.200000003 -0.157066717 5.008628699 -0.377286267
303568 3568.000000 17758100003568000 0.200000003 -0.152191836 4.991548867 -0.401015697
303569 3569.000000 17758100003569000 0.200000003 -0.147534838 4.972944128 -0.457321775
303570 3570.000000 17758100003570000 0.200000003 -0.142687855 4.949159540 -0.482649842
303571 3571.000000 17758100003571000 0.200000003 -0.137702327 4.930169110 -0.532677699
303572 3572.000000 17758100003572000 0.200000003 -0.132781370 4.913671899 -0.536455135
303573 3573.000000 17758100003573000 0.200000003 -0.128091302 4.882048676 -0.592801640
303574 3574.000000 17758100003574000 0.200000003 -0.123003876 4.856804887 -0.598181588
303575 3575.000000 17758100003575000 0.200000003 -0.118124837 4.823027761 -0.625050852
303576 3576.000000 17758100003576000 0.200000003 -0.113230851 4.803900838 -0.636969940
303577 3577.000000 17758100003577000 0.200000003 -0.108638298 4.771011505 -0.704852785
303578 3578.000000 17758100003578000 0.200000003 -0.103613845 4.748316574 -0.733298584
303579 3579.000000 17758100003579000 0.200000003 -0.099162471 4.720633920 -0.734020627
303580 3580.000000 17758100003580000 0.200000003 -0.094410445 4.684804128 -0.766428455
303581 3581.000000 17758100003581000 0.200000003 -0.090093839 4.656501104 -0.826832773
303582 3582.000000 17758100003582000 0.200000003 -0.085276657 4.622025803 -0.854044451
303583 3583.000000 17758100003583000 0.200000003 -0.080699350 4.592652908 -0.834896377
303584 3584.000000 17758100003584000 0.200000003 -0.075816475 4.556888161 -0.871086471
303585 3585.000000 17758100003585000 0.200000003 -0.071763881 4.509588172 -0.890517549
303586 3586.000000 17758100003586000 0.200000003 -0.067062001 4.475898709 -0.864032288
303587 3587.000000 17758100003587000 0.200000003 -0.062507797 4.445680445 -0.944759997
303588 3588.000000 17758100003588000 0.200000003 -0.058407018 4.414291384 -0.954140152
303589 3589.000000 17758100003589000 0.200000003 -0.053908618 4.385728378 -0.958664019
303590 3590.000000 17758100003590000 0.200000003 -0.049612835 4.342211165 -1.009650257
303591 3591.000000 17758100003591000 0.200000003 -0.044991024 4.294543823 -0.985008075
303592 3592.000000 17758100003592000 0.200000003 -0.041191831 4.256481892 -0.999671266
303593 3593.000000 17758100003593000 0.200000003 -0.036701254 4.215350644 -1.019521860
303594 3594.000000 17758100003594000 0.200000003 -0.032406601 4.192587658 -1.026084731
303595 3595.000000 17758100003595000 0.200000003 -0.028766245 4.141737844 -1.020057553
303596 3596.000000 17758100003596000 0.200000003 -0.024054011 4.103627100 -1.038221657
303597 3597.000000 17758100003597000 0.200000003 -0.020235604 4.062783978 -1.061448923
303598 3598.000000 17758100003598000 0.200000003 -0.016081535 4.012379384 -1.069142602
303599 3599.000000 17758100003599000 0.200000003 -0.012266958 3.974705388 -1.098899318
303600 3600.000000 17758100003600000 0.200000003 -0.008153319 3.936314204 -1.101225294
303601 3601.000000 17758100003601000 0.200000003 -0.004343137 3.892259403 -1.052941977
303602 3602.000000 17758100003602000 0.200000003 -0.000358254 3.847031639 -1.110962162
303603 3603.000000 17758100003603000 0.200000003 0.002963444 3.806063062 -1.083871267
303604 3604.000000 17758100003604000 0.200000003 0.007026170 3.770239294 -1.100525515
303605 3605.000000 17758100003605000 0.200000003 0.010978591 3.731546090 -1.100315489
303606 3606.000000 17758100003606000 0.200000003 0.014562689 3.674125237 -1.104158176
303607 3607.000000 17758100003607000 0.200000003 0.018048546 3.638008266 -1.121232698
303608 3608.000000 17758100003608000 0.200000003 0.021655469 3.603245919 -1.124626458
303609 3609.000000 17758100003609000 0.200000003 0.025347607 3.560905068 -1.129034665
303610 3610.000000 17758100003610000 0.200000003 0.028859243 3.505093822 -1.131584071
303611 3611.000000 17758100003611000 0.200000003 0.032160036 3.468301645 -1.157756707
303612 3612.000000 17758100003612000 0.200000003 0.035856507 3.425072170 -1.130650814
303613 3613.000000 17758100003613000 0.200000003 0.038615788 3.373020722 -1.142877207
303614 3614.000000 17758100003614000 0.200000003 0.042523427 3.336505466 -1.148953926
303615 3615.000000 17758100003615000 0.200000003 0.045833989 3.298641109 -1.115037764
303616 3616.000000 17758100003616000 0.200000003 0.049174255 3.266261151 -1.123502260
303617 3617.000000 17758100003617000 0.200000003 0.052338419 3.215620853 -1.128083046
303618 3618.000000 17758100003618000 0.200000003 0.055155717 3.173151315 -1.103142516
303619 3619.000000 17758100003619000 0.200000003 0.058406849 3.115682517 -1.132555126
303620 3620.000000 17758100003620000 0.200000003 0.061893762 3.090515327 -1.139701882
303621 3621.000000 17758100003621000 0.200000003 0.064869543 3.040354898 -1.129575792
303622 3622.000000 17758100003622000 0.200000003 0.067501421 3.004171383 -1.100081661
303623 3623.000000 17758100003623000 0.200000003 0.070658683 2.958907526 -1.124164682
303624 3624.000000 17758100003624000 0.200000003 0.073737513 2.913280750 -1.080815579
303625 3625.000000 17758100003625000 0.200000003 0.076459680 2.887548861 -1.076563165
303626 3626.000000 17758100003626000 0.200000003 0.079350330 2.840103802 -1.092760675
303627 3627.000000 17758100003627000 0.200000003 0.082074636 2.791331216 -1.114456618
303628 3628.000000 17758100003628000 0.200000003 0.084795509 2.746985955 -1.078823405
303629 3629.000000 17758100003629000 0.200000003 0.087659879 2.710919864 -1.049256657
303630 3630.000000 17758100003630000 0.200000003 0.089990586 2.667791598 -1.083320971
303631 3631.000000 17758100003631000 0.200000003 0.092518110 2.633118675 -1.092791777
303632 3632.000000 17758100003632000 0.200000003 0.095422881 2.593358251 -1.090547837
303633 3633.000000 17758100003633000 0.200000003 0.098103180 2.550272269 -1.065252053
303634 3634.000000 17758100003634000 0.200000003 0.100329105 2.512619469 -1.119001862
303635 3635.000000 17758100003635000 0.200000003 0.103165621 2.479148089 -1.043966865
303636 3636.000000 17758100003636000 0.200000003 0.105508869 2.433294977 -1.012433860
303637 3637.000000 17758100003637000 0.200000003 0.107265095 2.391625027 -1.017392179
303638 3638.000000 17758100003638000 0.200000003 0.110070130 2.355532330 -0.998895930
303639 3639.000000 17758100003639000 0.200000003 0.112495044 2.320827818 -0.979636020
303640 3640.000000 17758100003640000 0.200000003 0.114511184 2.271575719 -1.007493618
303641 3641.000000 17758100003641000 0.200000003 0.116725141 2.246607377 -0.989612889
303642 3642.000000 17758100003642000 0.200000003 0.118975673 2.206553863 -0.986729850
303643 3643.000000 17758100003643000 0.200000003 0.120996922 2.168248820 -0.981167384
303644 3644.000000 17758100003644000 0.200000003 0.122881315 2.133859502 -0.973052496
303645 3645.000000 17758100003645000 0.200000003 0.125660090 2.084737120 -0.966817453
303646 3646.000000 17758100003646000 0.200000003 0.127691738 2.055402243 -0.981471569
303647 3647.000000 17758100003647000 0.200000003 0.129295651 2.021714064 -0.929126473
303648 3648.000000 17758100003648000 0.200000003 0.131496280 1.987774789 -0.965204279
303649 3649.000000 17758100003649000 0.200000003 0.133317129 1.947723148 -0.915183672
303650 3650.000000 17758100003650000 0.200000003 0.135390566 1.919369487 -0.916674576
303651 3651.000000 17758100003651000 0.200000003 0.137654915 1.876604115 -0.887010149
303652 3652.000000 17758100003652000 0.200000003 0.139222270 1.848329193 -0.881325346
303653 3653.000000 17758100003653000 0.200000003 0.140832392 1.814790085 -0.902359802
303654 3654.000000 17758100003654000 0.200000003 0.142937828 1.775728739 -0.880178485
303655 3655.000000 17758100003655000 0.200000003 0.144450618 1.742174029 -0.900405532
303656 3656.000000 17758100003656000 0.200000003 0.146067575 1.708474325 -0.877025781
303657 3657.000000 17758100003657000 0.200000003 0.147533013 1.671968124 -0.818439983
303658 3658.000000 17758100003658000 0.200000003 0.149443541 1.652132672 -0.875079277
303659 3659.000000 17758100003659000 0.200000003 0.151059295 1.616948953 -0.829381819
303660 3660.000000 17758100003660000 0.200000003 0.152924903 1.587410362 -0.845716124
303661 3661.000000 17758100003661000 0.200000003 0.154250980 1.565305865 -0.840246362
303662 3662.000000 17758100003662000 0.200000003 0.156240883 1.520520830 -0.832032594
303663 3663.000000 17758100003663000 0.200000003 0.157188393 1.498185474 -0.810647142
303664 3664.000000 17758100003664000 0.200000003 0.158729476 1.465747104 -0.797516297
303665 3665.000000 17758100003665000 0.200000003 0.160136785 1.436727722 -0.806206341
303666 3666.000000 17758100003666000 0.200000003 0.161488250 1.410702136 -0.803509292
303667 3667.000000 17758100003667000 0.200000003 0.162917602 1.361497858 -0.751979014
303668 3668.000000 17758100003668000 0.200000003 0.164176238 1.346346951 -0.740152139
303669 3669.000000 17758100003669000 0.200000003 0.165439875 1.325140819 -0.751810692
303670 3670.000000 17758100003670000 0.200000003 0.166727537 1.302056108 -0.762615753
303671 3671.000000 17758100003671000 0.200000003 0.168110826 1.272762857 -0.733506604
303672 3672.000000 17758100003672000 0.200000003 0.169358058 1.241721036 -0.700452892
303673 3673.000000 17758100003673000 0.200000003 0.170717403 1.209578642 -0.701188327
303674 3674.000000 17758100003674000 0.200000003 0.171546019 1.192479162 -0.668948940
303675 3675.000000 17758100003675000 0.200000003 0.172979104 1.162991163 -0.696253571
303676 3676.000000 17758100003676000 0.200000003 0.173997066 1.134510156 -0.692459392
303677 3677.000000 17758100003677000 0.200000003 0.175381441 1.100191751 -0.707479074
303678 3678.000000 17758100003678000 0.200000003 0.175911301 1.076921943 -0.652049607
303679 3679.000000 17758100003679000 0.200000003 0.177321576 1.061343505 -0.651634677
303680 3680.000000 17758100003680000 0.200000003 0.178629945 1.033788470 -0.655736989
303681 3681.000000 17758100003681000 0.200000003 0.179322296 1.005756614 -0.620368652
303682 3682.000000 17758100003682000 0.200000003 0.180377092 0.993163683 -0.637767954
303683 3683.000000 17758100003683000 0.200000003 0.181500729 0.967196269 -0.634002273
303684 3684.000000 17758100003684000 0.200000003 0.182050422 0.935407018 -0.641375360
303685 3685.000000 17758100003685000 0.200000003 0.183805896 0.920633592 -0.633925447
303686 3686.000000 17758100003686000 0.200000003 0.184639925 0.902669654 -0.604777923
303687 3687.000000 17758100003687000 0.200000003 0.185196184 0.884845790 -0.608604480
303688 3688.000000 17758100003688000 0.200000003 0.185624492 0.850033318 -0.562481484
303689 3689.000000 17758100003689000 0.200000003 0.186418779 0.831527736 -0.575249682
303690 3690.000000 17758100003690000 0.200000003 0.188061302 0.808582497 -0.565852854
303691 3691.000000 17758100003691000 0.200000003 0.188457591 0.795001237 -0.576931496
303692 3692.000000 17758100003692000 0.200000003 0.188721461 0.770650183 -0.472544060
303693 3693.000000 17758100003693000 0.200000003 0.189725941 0.749276237 -0.545025494
303694 3694.000000 17758100003694000 0.200000003 0.190720012 0.729705415 -0.547122637
303695 3695.000000 17758100003695000 0.200000003 0.191447609 0.711543395 -0.520944319
303696 3696.000000 17758100003696000 0.200000003 0.191788866 0.692253028 -0.523331679
303697 3697.000000 17758100003697000 0.200000003 0.192731788 0.689102024 -0.484422994
303698 3698.000000 17758100003698000 0.200000003 0.193460898 0.662596219 -0.473308772
303699 3699.000000 17758100003699000 0.200000003 0.194095569 0.643422347 -0.485406243
303700 3700.000000 17758100003700000 0.200000003 0.194705166 0.619915795 -0.484614576
303701 3701.000000 17758100003701000 0.200000003 0.195563807 0.615593499 -0.444445454
303702 3702.000000 17758100003702000 0.200000003 0.195863231 0.585410704 -0.458484123
303703 3703.000000 17758100003703000 0.200000003 0.196439986 0.572842296 -0.403870086
303704 3704.000000 17758100003704000 0.200000003 0.196981807 0.549505548 -0.470537338
303705 3705.000000 17758100003705000 0.200000003 0.197662418 0.542069183 -0.429018143
303706 3706.000000 17758100003706000 0.200000003 0.197788844 0.530786403 -0.409177741
303707 3707.000000 17758100003707000 0.200000003 0.198526335 0.507264782 -0.404044459
303708 3708.000000 17758100003708000 0.200000003 0.198941321 0.486566278 -0.407285128
303709 3709.000000 17758100003709000 0.200000003 0.199742861 0.476236484 -0.390931946
303710 3710.000000 17758100003710000 0.200000003 0.199547421 0.454325552 -0.382698464
303711 3711.000000 17758100003711000 0.200000003 0.200585464 0.457439907 -0.379490604
303712 3712.000000 17758100003712000 0.200000003 0.201234643 0.441601439 -0.358836525
303713 3713.000000 17758100003713000 0.200000003 0.201679012 0.433869488 -0.389840465
303714 3714.000000 17758100003714000 0.200000003 0.202077060 0.411775883 -0.346661118
303715 3715.000000 17758100003715000 0.200000003 0.201940408 0.399758268 -0.378021504
303716 3716.000000 17758100003716000 0.200000003 0.202371713 0.389202865 -0.368798269
303717 3717.000000 17758100003717000 0.200000003 0.203034685 0.380044517 -0.331600286
303718 3718.000000 17758100003718000 0.200000003 0.203075223 0.349659837 -0.303216995
303719 3719.000000 17758100003719000 0.200000003 0.203816042 0.352941940 -0.335368826
303720 3720.000000 17758100003720000 0.200000003 0.203780217 0.328457727 -0.313231914
303721 3721.000000 17758100003721000 0.200000003 0.204142229 0.318935277 -0.338418733
303722 3722.000000 17758100003722000 0.200000003 0.204455951 0.315693005 -0.317875120
303723 3723.000000 17758100003723000 0.200000003 0.204807074 0.304078147 -0.314986981
303724 3724.000000 17758100003724000 0.200000003 0.205211033 0.289464666 -0.298664685
303725 3725.000000 17758100003725000 0.200000003 0.205441081 0.277061652 -0.288708163
303726 3726.000000 17758100003726000 0.200000003 0.205795551 0.266705296 -0.240605575
303727 3727.000000 17758100003727000 0.200000003 0.205912336 0.259327977 -0.283816520
303728 3728.000000 17758100003728000 0.200000003 0.206357149 0.243124572 -0.288483580
303729 3729.000000 17758100003729000 0.200000003 0.206692098 0.239365513 -0.286695638
303730 3730.000000 17758100003730000 0.200000003 0.206762342 0.224561022 -0.285222018
303731 3731.000000 17758100003731000 0.200000003 0.206866769 0.218778426 -0.188460620
303732 3732.000000 17758100003732000 0.200000003 0.206831193 0.191565593 -0.240571290
303733 3733.000000 17758100003733000 0.200000003 0.207425147 0.202955197 -0.224853598
303734 3734.000000 17758100003734000 0.200000003 0.207644082 0.185137730 -0.209305550
303735 3735.000000 17758100003735000 0.200000003 0.207811358 0.182804955 -0.227655137
303736 3736.000000 17758100003736000 0.200000003 0.207655591 0.176872962 -0.245136401
303737 3737.000000 17758100003737000 0.200000003 0.208147352 0.164073402 -0.233784016
303738 3738.000000 17758100003738000 0.200000003 0.208089269 0.153219442 -0.241910049
303739 3739.000000 17758100003739000 0.200000003 0.208101474 0.150546270 -0.190619933
303740 3740.000000 17758100003740000 0.200000003 0.208230122 0.137437363 -0.214664212
303741 3741.000000 17758100003741000 0.200000003 0.208297227 0.138395748 -0.219943609
303742 3742.000000 17758100003742000 0.200000003 0.208498461 0.123100220 -0.211653992
303743 3743.000000 17758100003743000 0.200000003 0.208925807 0.117246506 -0.203237570
303744 3744.000000 17758100003744000 0.200000003 0.208788229 0.116499648 -0.176609844
303745 3745.000000 17758100003745000 0.200000003 0.209326397 0.115315827 -0.168349298
303746 3746.000000 17758100003746000 0.200000003 0.209322588 0.095734130 -0.150898783
303747 3747.000000 17758100003747000 0.200000003 0.209231891 0.094345986 -0.148874141
303748 3748.000000 17758100003748000 0.200000003 0.209469439 0.090909820 -0.159045000
303749 3749.000000 17758100003749000 0.200000003 0.209527778 0.089804245 -0.191265832
303750 3750.000000 17758100003750000 0.200000003 0.209158397 0.082271415 -0.166030746
303751 3751.000000 17758100003751000 0.200000003 0.209244347 0.062177836 -0.155846032
303752 3752.000000 17758100003752000 0.200000003 0.209648216 0.060571247 -0.146890198
303753 3753.000000 17758100003753000 0.200000003 0.209918650 0.055555072 -0.191073535
303754 3754.000000 17758100003754000 0.200000003 0.209471313 0.058818937 -0.161100708
303755 3755.000000 17758100003755000 0.200000003 0.209938801 0.047941674 -0.165725044
303756 3756.000000 17758100003756000 0.200000003 0.209802098 0.037458914 -0.092428154
303757 3757.000000 17758100003757000 0.200000003 0.209856863 0.027909091 -0.147532495
303758 3758.000000 17758100003758000 0.200000003 0.209811699 0.030383378 -0.123958325
303759 3759.000000 17758100003759000 0.200000003 0.210050657 0.023701902 -0.111655176
303760 3760.000000 17758100003760000 0.200000003 0.209961008 0.027564895 -0.156586707
303761 3761.000000 17758100003761000 0.200000003 0.209711081 0.029461673 -0.111709536
303762 3762.000000 17758100003762000 0.200000003 0.209869672 0.005561824 -0.113236084
303763 3763.000000 17758100003763000 0.200000003 0.209748565 0.008818911 -0.122344392
303764 3764.000000 17758100003764000 0.200000003 0.210194239 0.010915991 -0.120118710
303765 3765.000000 17758100003765000 0.200000003 0.210010627 0.000124704 -0.099713468
303766 3766.000000 17758100003766000 0.200000003 0.209913298 0.001720493 -0.058257369
303767 3767.000000 17758100003767000 0.200000003 0.210092787 0.000217270 -0.066688822
303768 3768.000000 17758100003768000 0.200000003 0.209815900 -0.014942951 -0.085756612
303769 3769.000000 17758100003769000 0.200000003 0.209934967 -0.008772467 -0.092339043
303770 3770.000000 17758100003770000 0.200000003 0.210222304 -0.008277322 -0.059129813
303771 3771.000000 17758100003771000 0.200000003 0.210123063 -0.018643594 -0.085699166
303772 3772.000000 17758100003772000 0.200000003 0.209956534 -0.026815604 -0.067495532
303773 3773.000000 17758100003773000 0.200000003 0.209656879 -0.017166962 -0.088141356
303774 3774.000000 17758100003774000 0.200000003 0.210030121 -0.030368694 -0.068820082
303775 3775.000000 17758100003775000 0.200000003 0.209310709 -0.032629624 -0.044374343
303776 3776.000000 17758100003776000 0.200000003 0.209886726 -0.022251530 -0.063508948
303777 3777.000000 17758100003777000 0.200000003 0.209532146 -0.038583117 -0.080373217
303778 3778.000000 17758100003778000 0.200000003 0.209736376 -0.045159781 -0.071412009
303779 3779.000000 17758100003779000 0.200000003 0.209962641 -0.042627086 -0.102184727
303780 3780.000000 17758100003780000 0.200000003 0.209953374 -0.045262686 -0.053356789
303781 3781.000000 17758100003781000 0.200000003 0.209468395 -0.041066325 -0.068213910
303782 3782.000000 17758100003782000 0.200000003 0.209598772 -0.047238956 -0.112244932
303783 3783.000000 17758100003783000 0.200000003 0.209879904 -0.053432963 -0.059672978
303784 3784.000000 17758100003784000 0.200000003 0.209481700 -0.068451511 -0.048068984
303785 3785.000000 17758100003785000 0.200000003 0.209957262 -0.050718045 -0.027649176
303786 3786.000000 17758100003786000 0.200000003 0.209258244 -0.056728193 -0.044722962
303787 3787.000000 17758100003787000 0.200000003 0.209202058 -0.050440559 -0.094410797
303788 3788.000000 17758100003788000 0.200000003 0.209306439 -0.059308684 -0.051098706
303789 3789.000000 17758100003789000 0.200000003 0.208962691 -0.053396909 -0.032529474
303790 3790.000000 17758100003790000 0.200000003 0.208792527 -0.055155116 -0.073812312
303791 3791.000000 17758100003791000 0.200000003 0.209214093 -0.063190960 -0.049178510
303792 3792.000000 17758100003792000 0.200000003 0.209113801 -0.062845040 -0.023128145
303793 3793.000000 17758100003793000 0.200000003 0.209097935 -0.063563556 -0.040034634
303794 3794.000000 17758100003794000 0.200000003 0.209081292 -0.071465999 -0.058256544
303795 3795.000000 17758100003795000 0.200000003 0.208732794 -0.061941226 -0.022292408
303796 3796.000000 17758100003796000 0.200000003 0.208954069 -0.067417478 -0.015916366
303797 3797.000000 17758100003797000 0.200000003 0.208494406 -0.070190985 -0.043192383
303798 3798.000000 17758100003798000 0.200000003 0.208770742 -0.065613540 0.012672931
303799 3799.000000 17758100003799000 0.200000003 0.208157309 -0.078277053 -0.023092988
303800 3800.000000 17758100003800000 0.200000003 0.208166074 -0.072436503 -0.046336177
303801 3801.000000 17758100003801000 0.200000003 0.208776114 -0.074775604 -0.054672474
303802 3802.000000 17758100003802000 0.200000003 0.208442670 -0.073529145 -0.030904054
303803 3803.000000 17758100003803000 0.200000003 0.208275173 -0.071622564 -0.006620209
303804 3804.000000 17758100003804000 0.200000003 0.208086459 -0.080903007 -0.031787969
303805 3805.000000 17758100003805000 0.200000003 0.207899323 -0.071652753 -0.016199489
303806 3806.000000 17758100003806000 0.200000003 0.208244137 -0.074857755 0.015858442
303807 3807.000000 17758100003807000 0.200000003 0.207799254 -0.078545362 -0.008973602
303808 3808.000000 17758100003808000 0.200000003 0.208193807 -0.086811343 0.018288386
303809 3809.000000 17758100003809000 0.200000003 0.207899788 -0.070536790 -0.015529879
303810 3810.000000 17758100003810000 0.200000003 0.207618393 -0.067527288 -0.006551691
303811 3811.000000 17758100003811000 0.200000003 0.207452618 -0.082846668 -0.005844734
303812 3812.000000 17758100003812000 0.200000003 0.207395653 -0.075937215 -0.011263688
303813 3813.000000 17758100003813000 0.200000003 0.207493687 -0.079786080 0.014646486
303814 3814.000000 17758100003814000 0.200000003 0.207795723 -0.079062403 -0.020323633
303815 3815.000000 17758100003815000 0.200000003 0.207393442 -0.076470556 0.012641157
303816 3816.000000 17758100003816000 0.200000003 0.207540098 -0.078345315 0.031017655
303817 3817.000000 17758100003817000 0.200000003 0.207319740 -0.068902095 0.014592107
303818 3818.000000 17758100003818000 0.200000003 0.207072581 -0.074648834 0.006408840
303819 3819.000000 17758100003819000 0.200000003 0.206810019 -0.080413050 0.014709123
303820 3820.000000 17758100003820000 0.200000003 0.207181634 -0.088160799 0.004132411
303821 3821.000000 17758100003821000 0.200000003 0.206536955 -0.075610958 -0.013632279
303822 3822.000000 17758100003822000 0.200000003 0.207178877 -0.075198468 0.034304897
303823 3823.000000 17758100003823000 0.200000003 0.206906234 -0.084913871 -0.006861063
303824 3824.000000 17758100003824000 0.200000003 0.206767820 -0.081822825 -0.021660508
303825 3825.000000 17758100003825000 0.200000003 0.206842014 -0.078185658 0.017206228
303826 3826.000000 17758100003826000 0.200000003 0.206839760 -0.080299513 0.043326947
303827 3827.000000 17758100003827000 0.200000003 0.206534242 -0.071297215 0.019533142
303828 3828.000000 17758100003828000 0.200000003 0.206074023 -0.076286147 -0.023725051
303829 3829.000000 17758100003829000 0.200000003 0.206549897 -0.081198190 0.002839433
303830 3830.000000 17758100003830000 0.200000003 0.206458904 -0.070712835 0.003194046
303831 3831.000000 17758100003831000 0.200000003 0.206103532 -0.081929577 -0.002774712
303832 3832.000000 17758100003832000 0.200000003 0.206283925 -0.078732936 0.005564474
303833 3833.000000 17758100003833000 0.200000003 0.205919752 -0.086711678 0.022249012
303834 3834.000000 17758100003834000 0.200000003 0.205530698 -0.079206279 0.031320200
303835 3835.000000 17758100003835000 0.200000003 0.205575904 -0.078552335 0.002983713
303836 3836.000000 17758100003836000 0.200000003 0.205875455 -0.077515944 0.021863725
303837 3837.000000 17758100003837000 0.200000003 0.205816350 -0.064717308 -0.033463646
303838 3838.000000 17758100003838000 0.200000003 0.205575354 -0.077719085 0.017355980
303839 3839.000000 17758100003839000 0.200000003 0.205429709 -0.071365393 -0.005041079
303840 3840.000000 17758100003840000 0.200000003 0.205404848 -0.079449021 0.012914756
303841 3841.000000 17758100003841000 0.200000003 0.205188855 -0.069677620 -0.013884155
303842 3842.000000 17758100003842000 0.200000003 0.204968262 -0.069907851 0.006314329
303843 3843.000000 17758100003843000 0.200000003 0.205385252 -0.083163309 -0.015253360
303844 3844.000000 17758100003844000 0.200000003 0.205182743 -0.074042748 0.011990199
303845 3845.000000 17758100003845000 0.200000003 0.205316616 -0.072407117 0.033276682
303846 3846.000000 17758100003846000 0.200000003 0.205196270 -0.066669113 -0.003906851
303847 3847.000000 17758100003847000 0.200000003 0.204937876 -0.072144747 -0.004809400
303848 3848.000000 17758100003848000 0.200000003 0.204918814 -0.066230729 0.001323657
303849 3849.000000 17758100003849000 0.200000003 0.204414493 -0.073613020 0.004543359
303850 3850.000000 17758100003850000 0.200000003 0.204438835 -0.072189765 0.038319532
303851 3851.000000 17758100003851000 0.200000003 0.204584610 -0.071732685 0.018849491
303852 3852.000000 17758100003852000 0.200000003 0.204422572 -0.067905805 0.025844633
303853 3853.000000 17758100003853000 0.200000003 0.204494106 -0.069737673 0.020669985
303854 3854.000000 17758100003854000 0.200000003 0.204474867 -0.061155465 0.003739287
303855 3855.000000 17758100003855000 0.200000003 0.204223054 -0.056496982 -0.000357871
303856 3856.000000 17758100003856000 0.200000003 0.204474511 -0.060347937 0.016142655
303857 3857.000000 17758100003857000 0.200000003 0.204513922 -0.065802688 0.035850863
303858 3858.000000 17758100003858000 0.200000003 0.204128875 -0.070516745 0.016860761
303859 3859.000000 17758100003859000 0.200000003 0.203906748 -0.063106945 0.003964818
303860 3860.000000 17758100003860000 0.200000003 0.204358129 -0.062556718 -0.014561118
303861 3861.000000 17758100003861000 0.200000003 0.203939105 -0.060216705 0.034281937
303862 3862.000000 17758100003862000 0.200000003 0.203979881 -0.070280198 -0.025151863
303863 3863.000000 17758100003863000 0.200000003 0.203923059 -0.057103861 0.012386623
303864 3864.000000 17758100003864000 0.200000003 0.203911488 -0.050687126 0.017466084
303865 3865.000000 17758100003865000 0.200000003 0.203920788 -0.062927708 0.011387726
303866 3866.000000 17758100003866000 0.200000003 0.203874984 -0.057430961 -0.026151175
303867 3867.000000 17758100003867000 0.200000003 0.203434054 -0.050626642 0.024215007
303868 3868.000000 17758100003868000 0.200000003 0.203611547 -0.056327402 -0.034923243
303869 3869.000000 17758100003869000 0.200000003 0.203513512 -0.056664733 0.037219486
303870 3870.000000 17758100003870000 0.200000003 0.203383888 -0.058091011 -0.018293432
303871 3871.000000 17758100003871000 0.200000003 0.203076748 -0.047504269 0.001112567
303872 3872.000000 17758100003872000 0.200000003 0.203107472 -0.059047410 0.045516012
303873 3873.000000 17758100003873000 0.200000003 0.203492619 -0.055231428 0.027354858
303874 3874.000000 17758100003874000 0.200000003 0.203276014 -0.046928025 -0.010426110
303875 3875.000000 17758100003875000 0.200000003 0.203317937 -0.050252285 0.017554203
303876 3876.000000 17758100003876000 0.200000003 0.203177688 -0.050512925 0.045424106
303877 3877.000000 17758100003877000 0.200000003 0.202930222 -0.051737747 0.019213363
303878 3878.000000 17758100003878000 0.200000003 0.203026345 -0.057599485 0.039936459
303879 3879.000000 17758100003879000 0.200000003 0.203250766 -0.051081041 0.013115584
303880 3880.000000 17758100003880000 0.200000003 0.202679915 -0.050394848 0.030274566
303881 3881.000000 17758100003881000 0.200000003 0.202930818 -0.053026084 0.036178427
303882 3882.000000 17758100003882000 0.200000003 0.202812830 -0.047847354 0.010987772
303883 3883.000000 17758100003883000 0.200000003 0.202833350 -0.043323785 0.031554836
303884 3884.000000 17758100003884000 0.200000003 0.202625955 -0.045791005 0.065597375
303885 3885.000000 17758100003885000 0.200000003 0.202641914 -0.048824612 -0.039875709
303886 3886.000000 17758100003886000 0.200000003 0.202454330 -0.044031592 0.019518342
303887 3887.000000 17758100003887000 0.200000003 0.202454438 -0.049122721 0.027608110
303888 3888.000000 17758100003888000 0.200000003 0.202683898 -0.044789627 -0.014459540
303889 3889.000000 17758100003889000 0.200000003 0.202637185 -0.047975503 -0.000037184
303890 3890.000000 17758100003890000 0.200000003 0.202494782 -0.035845158 0.044930649
303891 3891.000000 17758100003891000 0.200000003 0.202319588 -0.047425019 0.007018694
303892 3892.000000 17758100003892000 0.200000003 0.201856726 -0.040192128 0.030628415
303893 3893.000000 17758100003893000 0.200000003 0.202467176 -0.044295089 0.053414896
303894 3894.000000 17758100003894000 0.200000003 0.201965162 -0.038770795 0.025848568
303895 3895.000000 17758100003895000 0.200000003 0.202084723 -0.035499371 0.009023379
303896 3896.000000 17758100003896000 0.200000003 0.201865681 -0.041674054 -0.002406640
303897 3897.000000 17758100003897000 0.200000003 0.202286355 -0.039041597 0.031435034
303898 3898.000000 17758100003898000 0.200000003 0.201680563 -0.029803892 0.000650928
303899 3899.000000 17758100003899000 0.200000003 0.201958393 -0.040396012 -0.013103194
303900 3900.000000 17758100003900000 0.200000003 0.202342138 -0.036230782 0.034199472
303901 3901.000000 17758100003901000 0.200000003 0.202122366 -0.030524267 -0.018556168
303902 3902.000000 17758100003902000 0.200000003 0.202039084 -0.036003281 0.035375939
303903 3903.000000 17758100003903000 0.200000003 0.201720675 -0.042494272 0.063973702
303904 3904.000000 17758100003904000 0.200000003 0.201871991 -0.031686598 0.023131326
303905 3905.000000 17758100003905000 0.200000003 0.201817740 -0.036375941 0.012706629
303906 3906.000000 17758100003906000 0.200000003 0.202020234 -0.027566930 0.010046476
303907 3907.000000 17758100003907000 0.200000003 0.201786457 -0.034921459 0.022192436
303908 3908.000000 17758100003908000 0.200000003 0.201779043 -0.031583949 0.004817462
303909 3909.000000 17758100003909000 0.200000003 0.201554352 -0.031584866 0.018175944
303910 3910.000000 17758100003910000 0.200000003 0.201383969 -0.032491303 -0.001149999
303911 3911.000000 17758100003911000 0.200000003 0.201866129 -0.028426921 0.010870271
303912 3912.000000 17758100003912000 0.200000003 0.201567660 -0.028111838 0.031820331
303913 3913.000000 17758100003913000 0.200000003 0.201610240 -0.026306865 -0.012546682
303914 3914.000000 17758100003914000 0.200000003 0.201576026 -0.034627547 0.001079167
303915 3915.000000 17758100003915000 0.200000003 0.201466996 -0.025494380 0.006126312
303916 3916.000000 17758100003916000 0.200000003 0.201783980 -0.031973188 -0.009376084
303917 3917.000000 17758100003917000 0.200000003 0.201754853 -0.028343691 0.007750623
303918 3918.000000 17758100003918000 0.200000003 0.201566769 -0.029279557 0.048274049
303919 3919.000000 17758100003919000 0.200000003 0.201546527 -0.024423342 -0.000769770
303920 3920.000000 17758100003920000 0.200000003 0.201179899 -0.026509923 0.034435070
303921 3921.000000 17758100003921000 0.200000003 0.201549386 -0.020404437 0.019356117
303922 3922.000000 17758100003922000 0.200000003 0.201458311 -0.025942124 -0.006369741
303923 3923.000000 17758100003923000 0.200000003 0.201387486 -0.026719924 -0.026102460
303924 3924.000000 17758100003924000 0.200000003 0.201498107 -0.020060748 0.019278583
303925 3925.000000 17758100003925000 0.200000003 0.200979659 -0.019971517 0.009302088
303926 3926.000000 17758100003926000 0.200000003 0.201073525 -0.029386973 -0.020142618
303927 3927.000000 17758100003927000 0.200000003 0.201123879 -0.017331278 0.013515324
303928 3928.000000 17758100003928000 0.200000003 0.201246971 -0.014209394 -0.000363027
303929 3929.000000 17758100003929000 0.200000003 0.201025098 -0.019719504 -0.027149919
303930 3930.000000 17758100003930000 0.200000003 0.201018835 -0.018088139 0.022038283
303931 3931.000000 17758100003931000 0.200000003 0.201122611 -0.023656397 0.029050774
303932 3932.000000 17758100003932000 0.200000003 0.201117113 -0.013067292 0.012327608
303933 3933.000000 17758100003933000 0.200000003 0.201080553 -0.029720849 0.007441677
303934 3934.000000 17758100003934000 0.200000003 0.201019241 -0.022990067 -0.024320130
303935 3935.000000 17758100003935000 0.200000003 0.201114766 -0.020677293 0.028735733
303936 3936.000000 17758100003936000 0.200000003 0.200825821 -0.015590516 0.046846156
303937 3937.000000 17758100003937000 0.200000003 0.200938385 -0.012026096 0.004325918
303938 3938.000000 17758100003938000 0.200000003 0.201076624 -0.020621986 0.039872537
303939 3939.000000 17758100003939000 0.200000003 0.200939130 -0.019236644 0.002885380
303940 3940.000000 17758100003940000 0.200000003 0.201359972 -0.017629867 0.039071366
303941 3941.000000 17758100003941000 0.200000003 0.200879897 -0.018958946 0.016116475
303942 3942.000000 17758100003942000 0.200000003 0.201350244 -0.020370545 0.042356988
303943 3943.000000 17758100003943000 0.200000003 0.201088733 -0.021433512 0.020309047
303944 3944.000000 17758100003944000 0.200000003 0.201007329 -0.013189992 0.002501635
303945 3945.000000 17758100003945000 0.200000003 0.201013212 -0.015333078 -0.016457291
303946 3946.000000 17758100003946000 0.200000003 0.201006486 -0.015310690 0.000808974
303947 3947.000000 17758100003947000 0.200000003 0.200799062 -0.014240820 -0.000845667
303948 3948.000000 17758100003948000 0.200000003 0.201193512 -0.022981361 -0.012476906
303949 3949.000000 17758100003949000 0.200000003 0.201024431 -0.007457950 0.032407974
303950 3950.000000 17758100003950000 0.200000003 0.201118283 -0.008654494 -0.014724890
303951 3951.000000 17758100003951000 0.200000003 0.200682542 -0.007379425 -0.020449713
303952 3952.000000 17758100003952000 0.200000003 0.200702522 -0.008997861 0.008853239
303953 3953.000000 17758100003953000 0.200000003 0.201028385 -0.018665895 -0.009954935
303954 3954.000000 17758100003954000 0.200000003 0.200676216 -0.005390091 0.045689704
303955 3955.000000 17758100003955000 0.200000003 0.201005215 -0.007761401 -0.015269033
303956 3956.000000 17758100003956000 0.200000003 0.200718516 -0.015097647 0.023349512
303957 3957.000000 17758100003957000 0.200000003 0.200836704 -0.008331412 0.002053270
303958 3958.000000 17758100003958000 0.200000003 0.200635953 -0.006112003 -0.007696348
303959 3959.000000 17758100003959000 0.200000003 0.200615049 -0.002334252 0.029386770
303960 3960.000000 17758100003960000 0.200000003 0.200688320 -0.009292841 0.005937170
303961 3961.000000 17758100003961000 0.200000003 0.200421028 -0.015941368 0.027111324
303962 3962.000000 17758100003962000 0.200000003 0.200986094 -0.012041213 -0.034078134
303963 3963.000000 17758100003963000 0.200000003 0.200602332 -0.012006440 -0.036427729
303964 3964.000000 17758100003964000 0.200000003 0.200542482 -0.011343600 0.036560936
303965 3965.000000 17758100003965000 0.200000003 0.200529082 -0.016462472 0.034053096
303966 3966.000000 17758100003966000 0.200000003 0.200959353 -0.013693270 0.011622219
303967 3967.000000 17758100003967000 0.200000003 0.200532478 -0.007356394 -0.007633820
303968 3968.000000 17758100003968000 0.200000003 0.200742182 0.001128223 -0.030148308
303969 3969.000000 17758100003969000 0.200000003 0.200719708 -0.005988786 -0.013885915
303970 3970.000000 17758100003970000 0.200000003 0.200639869 -0.008336109 -0.003577048
303971 3971.000000 17758100003971000 0.200000003 0.200457817 -0.011208102 0.001262629
303972 3972.000000 17758100003972000 0.200000003 0.200536497 -0.011196034 -0.023563392
303973 3973.000000 17758100003973000 0.200000003 0.200646979 0.000796158 -0.006405087
303974 3974.000000 17758100003974000 0.200000003 0.200685391 -0.003795556 -0.023300086
303975 3975.000000 17758100003975000 0.200000003 0.200709885 -0.010363612 0.020580339
303976 3976.000000 17758100003976000 0.200000003 0.200238416 -0.006934601 -0.006306067
303977 3977.000000 17758100003977000 0.200000003 0.200652748 -0.011860064 0.009169767
303978 3978.000000 17758100003978000 0.200000003 0.200499166 -0.011971392 0.018135882
303979 3979.000000 17758100003979000 0.200000003 0.200904977 -0.010644151 0.006706454
303980 3980.000000 17758100003980000 0.200000003 0.200548555 0.004633662 0.004055866
303981 3981.000000 17758100003981000 0.200000003 0.200476476 -0.000514651 -0.008866183
303982 3982.000000 17758100003982000 0.200000003 0.200618711 -0.007628230 0.014025732
303983 3983.000000 17758100003983000 0.200000003 0.200518194 -0.011827821 0.009134429
303984 3984.000000 17758100003984000 0.200000003 0.200492970 -0.002530135 0.037792416
303985 3985.000000 17758100003985000 0.200000003 0.200772180 0.001874462 0.000111761
303986 3986.000000 17758100003986000 0.200000003 0.200436224 -0.007796942 0.014706140
303987 3987.000000 17758100003987000 0.200000003 0.200683206 0.000016596 0.012317501
303988 3988.000000 17758100003988000 0.200000003 0.200496237 -0.013836449 -0.030005052
303989 3989.000000 17758100003989000 0.200000003 0.200686179 0.000475484 -0.009668946
303990 3990.000000 17758100003990000 0.200000003 0.200963163 -0.007094372 0.021008547
303991 3991.000000 17758100003991000 0.200000003 0.200736964 -0.012764578 0.032407836
303992 3992.000000 17758100003992000 0.200000003 0.200236238 -0.010062834 -0.008829538
303993 3993.000000 17758100003993000 0.200000003 0.200502020 -0.006006034 0.021139990
303994 3994.000000 17758100003994000 0.200000003 0.200378380 -0.005869610 -0.004165964
303995 3995.000000 17758100003995000 0.200000003 0.200347414 -0.007561963 0.020496047
303996 3996.000000 17758100003996000 0.200000003 0.200324076 0.008750692 0.023003952
303997 3997.000000 17758100003997000 0.200000003 0.200556739 -0.010499880 -0.034534652
303998 3998.000000 17758100003998000 0.200000003 0.200621401 -0.003762538 -0.013695022
303999 3999.000000 17758100003999000 0.200000003 0.200103423 0.001535521 0.003531442
304000 4000.000000 17758100004000000 0.200000003 0.200510376 -0.003827000 0.032279512
304001 4001.000000 17758100004001000 0.200000003 0.200780802 0.001652007 -0.002028694
304002 4002.000000 17758100004002000 0.200000003 0.200193837 0.002932244 0.026575776
304003 4003.000000 17758100004003000 0.200000003 0.200834388 -0.006334852 -0.003653321
304004 4004.000000 17758100004004000 0.200000003 0.200596763 0.000133185 0.006223559
304005 4005.000000 17758100004005000 0.200000003 0.200290556 -0.007656479 -0.034576371
304006 4006.000000 17758100004006000 0.200000003 0.200152670 -0.002666678 -0.033662502
304007 4007.000000 17758100004007000 0.200000003 0.200633139 0.001142468 0.044305224
304008 4008.000000 17758100004008000 0.200000003 0.200393673 -0.003677146 0.007197354
304009 4009.000000 17758100004009000 0.200000003 0.200606044 0.002651969 -0.016423197
304010 4010.000000 17758100004010000 0.200000003 0.200256409 0.002143946 -0.028822128
304011 4011.000000 17758100004011000 0.200000003 0.200733812 0.001005147 -0.003049996
304012 4012.000000 17758100004012000 0.200000003 0.200815585 0.001426471 0.031964090
304013 4013.000000 17758100004013000 0.200000003 0.200464674 -0.003120767 -0.037223909
304014 4014.000000 17758100004014000 0.200000003 0.200485198 -0.001608279 -0.000933423
304015 4015.000000 17758100004015000 0.200000003 0.200630076 -0.004779512 0.035186050
304016 4016.000000 17758100004016000 0.200000003 0.200525396 -0.005000861 0.016839736
304017 4017.000000 17758100004017000 0.200000003 0.200429899 -0.002411867 0.024173787
304018 4018.000000 17758100004018000 0.200000003 0.200734545 0.000980296 0.010341895
304019 4019.000000 17758100004019000 0.200000003 0.200534663 0.006422541 -0.010781188
304020 4020.000000 17758100004020000 0.200000003 0.199993958 0.005046416 0.005115944
304021 4021.000000 17758100004021000 0.200000003 0.200601256 -0.008386619 0.013723663
304022 4022.000000 17758100004022000 0.200000003 0.200485700 -0.000548071 -0.043128924
304023 4023.000000 17758100004023000 0.200000003 0.200666259 -0.008535195 0.008613084
304024 4024.000000 17758100004024000 0.200000003 0.200449665 0.007025210 0.033114021
304025 4025.000000 17758100004025000 0.200000003 0.200225159 0.001313377 0.015564994
304026 4026.000000 17758100004026000 0.200000003 0.200178959 0.000658664 0.004100847
304027 4027.000000 17758100004027000 0.200000003 0.200118056 -0.001982011 0.014248508
304028 4028.000000 17758100004028000 0.200000003 0.200341166 -0.006130127 0.052621471
304029 4029.000000 17758100004029000 0.200000003 0.200217921 0.005594331 -0.023814825
304030 4030.000000 17758100004030000 0.200000003 0.200447750 -0.002021401 0.021198856
304031 4031.000000 17758100004031000 0.200000003 0.200393735 -0.004621597 -0.014982208
304032 4032.000000 17758100004032000 0.200000003 0.200455721 0.003016575 0.000863359
304033 4033.000000 17758100004033000 0.200000003 0.200729944 -0.001313079 -0.032517744
304034 4034.000000 17758100004034000 0.200000003 0.200534732 -0.000025807 0.017646165
304035 4035.000000 17758100004035000 0.200000003 0.200843433 0.007203168 0.001928495
304036 4036.000000 17758100004036000 0.200000003 0.200411134 0.007185076 -0.025302043
304037 4037.000000 17758100004037000 0.200000003 0.200619989 -0.005886633 -0.000350529
304038 4038.000000 17758100004038000 0.200000003 0.200409639 0.001081259 0.002485013
304039 4039.000000 17758100004039000 0.200000003 0.200037173 0.004245577 -0.015344597
304040 4040.000000 17758100004040000 0.200000003 0.200408360 0.001313673 -0.001310037
304041 4041.000000 17758100004041000 0.200000003 0.200419015 -0.004534990 -0.014181634
304042 4042.000000 17758100004042000 0.200000003 0.200575571 -0.003814906 0.017943691
304043 4043.000000 17758100004043000 0.200000003 0.200336601 -0.004127378 -0.012625630
304044 4044.000000 17758100004044000 0.200000003 0.200549315 -0.003052871 -0.024431025
304045 4045.000000 17758100004045000 0.200000003 0.201023122 -0.001416719 -0.009227913
304046 4046.000000 17758100004046000 0.200000003 0.200802613 0.001812764 -0.004830090
304047 4047.000000 17758100004047000 0.200000003 0.200208962 0.000717360 -0.011887807
304048 4048.000000 17758100004048000 0.200000003 0.200497795 0.011546968 -0.020773912
304049 4049.000000 17758100004049000 0.200000003 0.200498784 0.000477134 0.029129225
304050 4050.000000 17758100004050000 0.200000003 0.200489045 -0.007412752 0.064931628
304051 4051.000000 17758100004051000 0.200000003 0.200277756 0.005850246 0.027943890
304052 4052.000000 17758100004052000 0.200000003 0.200065494 -0.000134286 -0.000605612
304053 4053.000000 17758100004053000 0.200000003 0.200584025 -0.001849161 0.011014922
304054 4054.000000 17758100004054000 0.200000003 0.200524035 -0.001074785 -0.013006665
304055 4055.000000 17758100004055000 0.200000003 0.200248236 0.002022981 0.040364888
304056 4056.000000 17758100004056000 0.200000003 0.200476389 0.011583847 0.021860428
304057 4057.000000 17758100004057000 0.200000003 0.200337467 0.004614391 0.008254019
304058 4058.000000 17758100004058000 0.200000003 0.200451595 0.002418574 0.013820319
304059 4059.000000 17758100004059000 0.200000003 0.200128063 0.005755960 -0.004209190
304060 4060.000000 17758100004060000 0.200000003 0.200750195 -0.002375288 -0.013912250
304061 4061.000000 17758100004061000 0.200000003 0.200211362 0.006139087 -0.003381507
304062 4062.000000 17758100004062000 0.200000003 0.200520867 -0.000729511 -0.022571792
304063 4063.000000 17758100004063000 0.200000003 0.200741187 -0.002060297 -0.007556496
304064 4064.000000 17758100004064000 0.200000003 0.200358135 0.001915855 0.009235850
304065 4065.000000 17758100004065000 0.200000003 0.200801048 -0.001134564 0.006463373
304066 4066.000000 17758100004066000 0.200000003 0.200548180 0.004591803 0.023887868
304067 4067.000000 17758100004067000 0.200000003 0.200343864 -0.001547714 0.005357726
304068 4068.000000 17758100004068000 0.200000003 0.200097228 -0.002122021 0.031531779
304069 4069.000000 17758100004069000 0.200000003 0.200166802 0.000681488 -0.029127998
304070 4070.000000 17758100004070000 0.200000003 0.200469032 -0.000081970 -0.018258064
304071 4071.000000 17758100004071000 0.200000003 0.200403860 -0.002110596 -0.010439206
304072 4072.000000 17758100004072000 0.200000003 0.200224056 0.001566787 0.008841959
304073 4073.000000 17758100004073000 0.200000003 0.200357569 -0.000286675 -0.019306211
304074 4074.000000 17758100004074000 0.200000003 0.200353765 -0.003912050 -0.008504556
304075 4075.000000 17758100004075000 0.200000003 0.200244845 0.000397591 -0.026360933
304076 4076.000000 17758100004076000 0.200000003 0.200175280 0.008463855 -0.019510554
304077 4077.000000 17758100004077000 0.200000003 0.200512952 -0.004058324 -0.021448916
304078 4078.000000 17758100004078000 0.200000003 0.200500079 -0.002392933 -0.021117267
304079 4079.000000 17758100004079000 0.200000003 0.200366459 0.003943738 -0.014524254
304080 4080.000000 17758100004080000 0.200000003 0.200446451 -0.004342254 -0.003937115
304081 4081.000000 17758100004081000 0.200000003 0.200546424 0.002653623 0.019518899
304082 4082.000000 17758100004082000 0.200000003 0.200762444 -0.002420061 0.024783263
304083 4083.000000 17758100004083000 0.200000003 0.200667850 0.002031820 -0.021282857
304084 4084.000000 17758100004084000 0.200000003 0.200477147 -0.000066924 -0.021936285
304085 4085.000000 17758100004085000 0.200000003 0.200523658 0.004968882 -0.005391208
304086 4086.000000 17758100004086000 0.200000003 0.200343576 0.001733607 -0.000120232
304087 4087.000000 17758100004087000 0.200000003 0.200677059 0.000293020 -0.015999187
304088 4088.000000 17758100004088000 0.200000003 0.200315592 -0.001400894 0.013105242
304089 4089.000000 17758100004089000 0.200000003 0.200530585 -0.001345804 -0.003078767
304090 4090.000000 17758100004090000 0.200000003 0.200698537 -0.003747893 0.009789306
304091 4091.000000 17758100004091000 0.200000003 0.200600856 -0.009993254 0.014466014
304092 4092.000000 17758100004092000 0.200000003 0.200291546 0.006455361 0.006663793
304093 4093.000000 17758100004093000 0.200000003 0.200520114 -0.000805989 -0.017268028
304094 4094.000000 17758100004094000 0.200000003 0.200704208 0.003627632 -0.002119150
304095 4095.000000 17758100004095000 0.200000003 0.200349984 0.000284280 -0.002321436
304096 4096.000000 17758100004096000 0.200000003 0.200741469 -0.003295213 -0.032176877
304097 4097.000000 17758100004097000 0.200000003 0.200812410 -0.008616848 0.053954840
304098 4098.000000 17758100004098000 0.200000003 0.200472372 0.005861606 -0.020629295
304099 4099.000000 17758100004099000 0.200000003 0.200354382 0.000512966 -0.013914314
304100 4100.000000 17758100004100000 0.200000003 0.200137458 -0.003654853 -0.001176733
304101 4101.000000 17758100004101000 0.200000003 0.200689179 0.006835617 -0.003689559
304102 4102.000000 17758100004102000 0.200000003 0.200654787 -0.000991882 -0.025696818
304103 4103.000000 17758100004103000 0.200000003 0.200530557 -0.006487296 0.006598438
304104 4104.000000 17758100004104000 0.200000003 0.200383435 -0.003195413 -0.021761952
304105 4105.000000 17758100004105000 0.200000003 0.200225361 -0.000704376 0.022471193
304106 4106.000000 17758100004106000 0.200000003 0.200699828 0.008091492 0.017277334
304107 4107.000000 17758100004107000 0.200000003 0.200668278 0.002092755 0.019498765
304108 4108.000000 17758100004108000 0.200000003 0.200435857 -0.002534042 0.006746933
304109 4109.000000 17758100004109000 0.200000003 0.200660185 0.007458860 0.000336661
304110 4110.000000 17758100004110000 0.200000003 0.200181974 0.008124742 -0.022920392
304111 4111.000000 17758100004111000 0.200000003 0.200494321 0.005689266 -0.024080221
304112 4112.000000 17758100004112000 0.200000003 0.200670536 0.000612291 -0.017410119
304113 4113.000000 17758100004113000 0.200000003 0.200065382 0.000548446 0.011832195
304114 4114.000000 17758100004114000 0.200000003 0.200742584 -0.003573996 0.022078365
304115 4115.000000 17758100004115000 0.200000003 0.200521899 0.004148697 -0.005687250
304116 4116.000000 17758100004116000 0.200000003 0.200291976 -0.000678483 -0.019861837
304117 4117.000000 17758100004117000 0.200000003 0.200568207 -0.001285173 0.020759569
304118 4118.000000 17758100004118000 0.200000003 0.200592724 0.001241979 -0.001699089
304119 4119.000000 17758100004119000 0.200000003 0.200333569 0.000140793 -0.031037703
304120 4120.000000 17758100004120000 0.200000003 0.200378296 0.002575552 -0.000339768
304121 4121.000000 17758100004121000 0.200000003 0.200439323 0.004982731 -0.031763060
304122 4122.000000 17758100004122000 0.200000003 0.200389087 0.008381915 -0.021018769
304123 4123.000000 17758100004123000 0.200000003 0.200454070 0.007624135 -0.027780283
304124 4124.000000 17758100004124000 0.200000003 0.200660624 -0.002137468 0.002321925
304125 4125.000000 17758100004125000 0.200000003 0.200556335 -0.002983312 0.023838277
304126 4126.000000 17758100004126000 0.200000003 0.200571801 0.000360728 0.022795812
304127 4127.000000 17758100004127000 0.200000003 0.200439995 -0.002730386 0.007295417
304128 4128.000000 17758100004128000 0.200000003 0.200665446 -0.004381111 -0.040847120
304129 4129.000000 17758100004129000 0.200000003 0.200219750 0.004592523 -0.025852844
304130 4130.000000 17758100004130000 0.200000003 0.200684090 -0.002892877 0.012153066
304131 4131.000000 17758100004131000 0.200000003 0.200640618 -0.002314587 0.018726108
304132 4132.000000 17758100004132000 0.200000003 0.200473240 0.002366619 -0.017258851
304133 4133.000000 17758100004133000 0.200000003 0.200405733 0.001716344 -0.008381679
304134 4134.000000 17758100004134000 0.200000003 0.200314543 -0.007628025 0.004393644
304135 4135.000000 17758100004135000 0.200000003 0.200548902 0.005824313 -0.010972965
304136 4136.000000 17758100004136000 0.200000003 0.200528798 0.004532423 0.032317314
304137 4137.000000 17758100004137000 0.200000003 0.200490251 0.004964905 0.014012923
304138 4138.000000 17758100004138000 0.200000003 0.200421942 0.002524780 -0.038276154
304139 4139.000000 17758100004139000 0.200000003 0.200777639 -0.002101616 0.000383817
304140 4140.000000 17758100004140000 0.200000003 0.200845632 -0.004931607 -0.017072221
304141 4141.000000 17758100004141000 0.200000003 0.200598196 0.011914121 0.012011367
304142 4142.000000 17758100004142000 0.200000003 0.200377841 0.005916057 -0.035494447
304143 4143.000000 17758100004143000 0.200000003 0.200168767 0.000678626 0.012164004
304144 4144.000000 17758100004144000 0.200000003 0.200646714 -0.004233895 -0.019785706
304145 4145.000000 17758100004145000 0.200000003 0.200380543 0.001077531 0.065800272
304146 4146.000000 17758100004146000 0.200000003 0.200203182 0.000159470 -0.008121309
304147 4147.000000 17758100004147000 0.200000003 0.200224792 0.004065867 -0.011936533
304148 4148.000000 17758100004148000 0.200000003 0.200610910 -0.002207637 -0.019682648
304149 4149.000000 17758100004149000 0.200000003 0.200398169 -0.005197273 -0.010555889
304150 4150.000000 17758100004150000 0.200000003 0.200531653 0.005516572 0.006171508
304151 4151.000000 17758100004151000 0.200000003 0.200205370 0.001407408 -0.005830036
304152 4152.000000 17758100004152000 0.200000003 0.200416643 -0.001852518 -0.009456947
304153 4153.000000 17758100004153000 0.200000003 0.200572839 0.002654098 -0.010070430
304154 4154.000000 17758100004154000 0.200000003 0.200487116 0.005028047 -0.009899587
304155 4155.000000 17758100004155000 0.200000003 0.200540813 -0.000878038 0.027913055
304156 4156.000000 17758100004156000 0.200000003 0.200200324 0.001286706 -0.011176724
304157 4157.000000 17758100004157000 0.200000003 0.200423215 0.001690789 0.007546633
304158 4158.000000 17758100004158000 0.200000003 0.200372490 0.000677355 -0.033246897
304159 4159.000000 17758100004159000 0.200000003 0.200639184 0.007608255 0.008701544
304160 4160.000000 17758100004160000 0.200000003 0.200512131 -0.002853133 0.013025673
304161 4161.000000 17758100004161000 0.200000003 0.200288558 0.001763491 -0.022435303
304162 4162.000000 17758100004162000 0.200000003 0.200455635 -0.008123561 0.003830762
304163 4163.000000 17758100004163000 0.200000003 0.200173181 0.005957412 0.000518648
304164 4164.000000 17758100004164000 0.200000003 0.200436836 -0.004735135 -0.034920071
304165 4165.000000 17758100004165000 0.200000003 0.200416393 -0.004288683 -0.012542672
304166 4166.000000 17758100004166000 0.200000003 0.200591577 -0.000826299 -0.014944136
304167 4167.000000 17758100004167000 0.200000003 0.200676568 -0.005196966 -0.013239324
304168 4168.000000 17758100004168000 0.200000003 0.200406263 -0.006642828 -0.026449713
304169 4169.000000 17758100004169000 0.200000003 0.200475453 0.003686596 0.002681445
304170 4170.000000 17758100004170000 0.200000003 0.200481783 0.002719135 -0.002196642
304171 4171.000000 17758100004171000 0.200000003 0.200129663 -0.009173540 0.017559609
304172 4172.000000 17758100004172000 0.200000003 0.200590880 0.013772314 -0.014966485
304173 4173.000000 17758100004173000 0.200000003 0.200416033 -0.001572313 0.008537954
304174 4174.000000 17758100004174000 0.200000003 0.200576652 0.005363319 0.021618769
304175 4175.000000 17758100004175000 0.200000003 0.200426712 -0.001098862 -0.003973527
304176 4176.000000 17758100004176000 0.200000003 0.200388607 0.001680721 0.007187855
304177 4177.000000 17758100004177000 0.200000003 0.200537547 -0.005364460 -0.029375800
304178 4178.000000 17758100004178000 0.200000003 0.200637115 0.001236942 0.008505650
304179 4179.000000 17758100004179000 0.200000003 0.200553727 0.010320409 -0.014563518
304180 4180.000000 17758100004180000 0.200000003 0.200504932 -0.000510071 -0.016520018
304181 4181.000000 17758100004181000 0.200000003 0.200397402 0.000857521 -0.019516971
304182 4182.000000 17758100004182000 0.200000003 0.200511097 -0.003398690 0.033486250
304183 4183.000000 17758100004183000 0.200000003 0.200561450 0.002320687 -0.016384566
304184 4184.000000 17758100004184000 0.200000003 0.200435960 -0.000601993 -0.006625175
304185 4185.000000 17758100004185000 0.200000003 0.200507627 -0.000415224 0.020373334
304186 4186.000000 17758100004186000 0.200000003 0.200556794 0.013116208 0.005721886
304187 4187.000000 17758100004187000 0.200000003 0.200411118 0.009224868 0.034288170
304188 4188.000000 17758100004188000 0.200000003 0.200398018 -0.000955570 -0.008257567
304189 4189.000000 17758100004189000 0.200000003 0.200633019 -0.005537177 -0.025163555
304190 4190.000000 17758100004190000 0.200000003 0.200671539 0.007867312 0.034668824
304191 4191.000000 17758100004191000 0.200000003 0.200476531 0.001583566 0.007238270
304192 4192.000000 17758100004192000 0.200000003 0.200377410 -0.001766445 0.016882457
304193 4193.000000 17758100004193000 0.200000003 0.200513168 0.001547276 -0.014465278
304194 4194.000000 17758100004194000 0.200000003 0.200438531 0.002911758 -0.002575571
304195 4195.000000 17758100004195000 0.200000003 0.200316579 -0.004630002 0.002152911
304196 4196.000000 17758100004196000 0.200000003 0.200541048 -0.004885267 -0.021756429
304197 4197.000000 17758100004197000 0.200000003 0.200536718 0.001972224 -0.003122058
304198 4198.000000 17758100004198000 0.200000003 0.200685605 -0.003991096 0.009224656
304199 4199.000000 17758100004199000 0.200000003 0.200435494 0.003652410 0.023658735
304200 4200.000000 17758100004200000 0.200000003 0.200683341 -0.000579747 -0.010316382
304201 4201.000000 17758100004201000 0.200000003 0.200390368 -0.005348783 -0.026456596
304202 4202.000000 17758100004202000 0.200000003 0.200095677 -0.007681973 -0.016268632
304203 4203.000000 17758100004203000 0.200000003 0.200739883 0.005221118 -0.005785358
304204 4204.000000 17758100004204000 0.200000003 0.200435067 -0.004716507 -0.001698898
304205 4205.000000 17758100004205000 0.200000003 0.200535429 0.005068090 0.017140464
304206 4206.000000 17758100004206000 0.200000003 0.200648867 -0.005073894 0.039003128
304207 4207.000000 17758100004207000 0.200000003 0.200740496 -0.003530566 0.036887428
304208 4208.000000 17758100004208000 0.200000003 0.200892844 -0.001885183 -0.020500432
304209 4209.000000 17758100004209000 0.200000003 0.200608843 -0.002928612 0.008485650
304210 4210.000000 17758100004210000 0.200000003 0.200510750 0.004055674 0.015177352
304211 4211.000000 17758100004211000 0.200000003 0.200455690 0.001265987 0.001924661
304212 4212.000000 17758100004212000 0.200000003 0.200788054 0.004976918 -0.005580857
304213 4213.000000 17758100004213000 0.200000003 0.200436227 0.000476710 -0.010360335
304214 4214.000000 17758100004214000 0.200000003 0.200414829 0.006373158 0.025131103
304215 4215.000000 17758100004215000 0.200000003 0.200847601 -0.001980646 -0.024563427
304216 4216.000000 17758100004216000 0.200000003 0.200522288 -0.001872887 0.005808438
304217 4217.000000 17758100004217000 0.200000003 0.200592783 -0.001939841 0.009723365
304218 4218.000000 17758100004218000 0.200000003 0.200143330 0.003339709 0.009282759
304219 4219.000000 17758100004219000 0.200000003 0.200435316 0.000544685 0.004211909
304220 4220.000000 17758100004220000 0.200000003 0.200612998 -0.001885987 0.019821988
304221 4221.000000 17758100004221000 0.200000003 0.200108373 -0.000235017 0.007057238
304222 4222.000000 17758100004222000 0.200000003 0.200446911 0.000899942 0.028358735
304223 4223.000000 17758100004223000 0.200000003 0.200417832 -0.002075439 0.003672389
304224 4224.000000 17758100004224000 0.200000003 0.200289884 -0.000843734 -0.008852073
304225 4225.000000 17758100004225000 0.200000003 0.200161762 0.005919866 0.033000002
304226 4226.000000 17758100004226000 0.200000003 0.200475873 0.005345287 0.030034078
304227 4227.000000 17758100004227000 0.200000003 0.200281020 0.006342892 -0.014004947
304228 4228.000000 17758100004228000 0.200000003 0.200400498 0.005943777 -0.006836104
304229 4229.000000 17758100004229000 0.200000003 0.200383170 -0.008681379 -0.008139047
304230 4230.000000 17758100004230000 0.200000003 0.200502421 -0.007327004 -0.007035431
304231 4231.000000 17758100004231000 0.200000003 0.200577062 0.000365515 0.002504175
304232 4232.000000 17758100004232000 0.200000003 0.200281762 -0.007290659 0.015409444
304233 4233.000000 17758100004233000 0.200000003 0.200310421 0.001102215 -0.007123318
304234 4234.000000 17758100004234000 0.200000003 0.200418372 0.003102370 0.013087347
304235 4235.000000 17758100004235000 0.200000003 0.200492832 0.002482047 0.024138547
304236 4236.000000 17758100004236000 0.200000003 0.200373530 0.002165332 0.009382705
304237 4237.000000 17758100004237000 0.200000003 0.200763062 0.003242353 0.013069550
304238 4238.000000 17758100004238000 0.200000003 0.200567650 -0.002211326 0.004895410
304239 4239.000000 17758100004239000 0.200000003 0.200844527 -0.003688396 0.029423591
304240 4240.000000 17758100004240000 0.200000003 0.200876243 -0.002497948 0.035501624
304241 4241.000000 17758100004241000 0.200000003 0.200354078 -0.003792924 0.022637345
304242 4242.000000 17758100004242000 0.200000003 0.200918179 -0.004347495 -0.003013663
304243 4243.000000 17758100004243000 0.200000003 0.200375917 0.004279378 0.063106766
304244 4244.000000 17758100004244000 0.200000003 0.200589762 0.000589440 0.000718849
304245 4245.000000 17758100004245000 0.200000003 0.200282653 0.004040826 -0.016279018
304246 4246.000000 17758100004246000 0.200000003 0.200285907 0.000141464 -0.007731215
304247 4247.000000 17758100004247000 0.200000003 0.200372696 -0.002561343 0.002094438
304248 4248.000000 17758100004248000 0.200000003 0.200648574 0.003451138 -0.022081991
304249 4249.000000 17758100004249000 0.200000003 0.200266183 0.002493625 0.001259451
304250 4250.000000 17758100004250000 0.200000003 0.200534888 -0.006050659 0.006821801
304251 4251.000000 17758100004251000 0.200000003 0.200552961 0.001849676 0.009170809
304252 4252.000000 17758100004252000 0.200000003 0.200503922 -0.005620730 0.021842975
304253 4253.000000 17758100004253000 0.200000003 0.200327734 0.001441717 -0.004605453
304254 4254.000000 17758100004254000 0.200000003 0.200206329 0.000272920 -0.008339217
304255 4255.000000 17758100004255000 0.200000003 0.200488919 0.005146512 -0.010111022
304256 4256.000000 17758100004256000 0.200000003 0.200302616 0.002018214 0.009585502
304257 4257.000000 17758100004257000 0.200000003 0.200183590 -0.006175546 0.002943241
304258 4258.000000 17758100004258000 0.200000003 0.200538595 -0.005909256 0.052945395
304259 4259.000000 17758100004259000 0.200000003 0.200647897 -0.010899176 -0.008611544
304260 4260.000000 17758100004260000 0.200000003 0.200427968 0.006048354 -0.040698953
304261 4261.000000 17758100004261000 0.200000003 0.200302483 0.003866908 -0.025436917
304262 4262.000000 17758100004262000 0.200000003 0.200631828 0.001253229 0.004852857
304263 4263.000000 17758100004263000 0.200000003 0.200617039 -0.009276069 0.040967031
304264 4264.000000 17758100004264000 0.200000003 0.200324583 0.000763255 0.010380578
304265 4265.000000 17758100004265000 0.200000003 0.200854279 -0.005934237 -0.015298352
304266 4266.000000 17758100004266000 0.200000003 0.200289114 -0.002610556 0.001072839
304267 4267.000000 17758100004267000 0.200000003 0.200469612 -0.003978538 0.004026987
304268 4268.000000 17758100004268000 0.200000003 0.200524092 0.001582241 0.022661514
304269 4269.000000 17758100004269000 0.200000003 0.200197230 0.006866116 0.004830193
304270 4270.000000 17758100004270000 0.200000003 0.200834540 -0.011288290 -0.007531427
304271 4271.000000 17758100004271000 0.200000003 0.200817410 -0.005524007 -0.023778785
304272 4272.000000 17758100004272000 0.200000003 0.200452685 -0.006496825 0.009591140
304273 4273.000000 17758100004273000 0.200000003 0.200496630 0.010465865 0.006825538
304274 4274.000000 17758100004274000 0.200000003 0.200604709 -0.002268711 0.012436427
304275 4275.000000 17758100004275000 0.200000003 0.200382750 -0.005696474 -0.006946106
304276 4276.000000 17758100004276000 0.200000003 0.200301418 -0.004899593 -0.006533200
304277 4277.000000 17758100004277000 0.200000003 0.200672148 0.001145889 0.007872329
304278 4278.000000 17758100004278000 0.200000003 0.200406047 -0.000004280 0.013234077
304279 4279.000000 17758100004279000 0.200000003 0.200275454 0.011577096 -0.021615819
304280 4280.000000 17758100004280000 0.200000003 0.200489200 0.000450603 -0.028652642
304281 4281.000000 17758100004281000 0.200000003 0.200275177 0.003789281 -0.013776835
304282 4282.000000 17758100004282000 0.200000003 0.200567812 -0.005542871 0.015234217
304283 4283.000000 17758100004283000 0.200000003 0.200501629 -0.000410019 -0.013112830
304284 4284.000000 17758100004284000 0.200000003 0.200600174 0.005311556 0.002767130
304285 4285.000000 17758100004285000 0.200000003 0.200537661 0.002871483 -0.030740988
304286 4286.000000 17758100004286000 0.200000003 0.200533802 -0.000300772 0.015871279
304287 4287.000000 17758100004287000 0.200000003 0.200542729 0.009742650 0.014170046
304288 4288.000000 17758100004288000 0.200000003 0.200579977 0.006303786 -0.007699023
304289 4289.000000 17758100004289000 0.200000003 0.200709757 0.009993998 0.021634567
304290 4290.000000 17758100004290000 0.200000003 0.200206504 -0.003798426 -0.017251606
304291 4291.000000 17758100004291000 0.200000003 0.200129288 0.007307893 -0.036731467
304292 4292.000000 17758100004292000 0.200000003 0.200335184 0.003807409 0.014608176
304293 4293.000000 17758100004293000 0.200000003 0.200870237 0.001176386 -0.020592882
304294 4294.000000 17758100004294000 0.200000003 0.200766759 0.001627069 -0.026303246
304295 4295.000000 17758100004295000 0.200000003 0.200251393 -0.011217541 -0.004839717
304296 4296.000000 17758100004296000 0.200000003 0.200269385 0.000251039 0.001745747
304297 4297.000000 17758100004297000 0.200000003 0.200430683 0.001323791 0.010291213
304298 4298.000000 17758100004298000 0.200000003 0.200005521 -0.006593831 -0.010363240
304299 4299.000000 17758100004299000 0.200000003 0.200105696 -0.001806916 0.016620866
304300 4300.000000 17758100004300000 0.200000003 0.200511822 -0.000483512 0.037330278
304301 4301.000000 17758100004301000 0.200000003 0.200436313 -0.008402199 -0.018649971
304302 4302.000000 17758100004302000 0.200000003 0.200565047 0.004792094 0.029438478
304303 4303.000000 17758100004303000 0.200000003 0.200274955 0.001229523 -0.005069050
304304 4304.000000 17758100004304000 0.200000003 0.200767841 0.001704025 -0.050096049
304305 4305.000000 17758100004305000 0.200000003 0.200485260 0.015050226 -0.021215328
304306 4306.000000 17758100004306000 0.200000003 0.200470907 -0.001797390 -0.015419717
304307 4307.000000 17758100004307000 0.200000003 0.200719134 0.009732694 0.029162445
304308 4308.000000 17758100004308000 0.200000003 0.200380048 0.004714027 -0.012753633
304309 4309.000000 17758100004309000 0.200000003 0.200799481 0.008945884 0.025029529
304310 4310.000000 17758100004310000 0.200000003 0.200433668 -0.002724769 0.003719840
304311 4311.000000 17758100004311000 0.200000003 0.200316447 -0.009273161 -0.054386043
304312 4312.000000 17758100004312000 0.200000003 0.200587662 -0.004638927 0.054888985
304313 4313.000000 17758100004313000 0.200000003 0.200533049 -0.005952606 0.007585972
304314 4314.000000 17758100004314000 0.200000003 0.200783397 0.003568141 0.036851838
304315 4315.000000 17758100004315000 0.200000003 0.200804469 0.002232848 0.005799484
304316 4316.000000 17758100004316000 0.200000003 0.200335131 -0.003265086 0.004474910
304317 4317.000000 17758100004317000 0.200000003 0.200147438 -0.003650715 0.010645216
304318 4318.000000 17758100004318000 0.200000003 0.200382389 0.011244611 0.003049139
304319 4319.000000 17758100004319000 0.200000003 0.200634681 -0.010126679 0.011764321
304320 4320.000000 17758100004320000 0.200000003 0.200587150 0.013904427 -0.012911073
304321 4321.000000 17758100004321000 0.200000003 0.200451777 -0.001096742 -0.016622758
304322 4322.000000 17758100004322000 0.200000003 0.200520880 0.002271203 0.028389643
304323 4323.000000 17758100004323000 0.200000003 0.200437347 -0.004565117 -0.006630042
304324 4324.000000 17758100004324000 0.200000003 0.200626485 -0.002490505 -0.042108255
304325 4325.000000 17758100004325000 0.200000003 0.200137784 0.004883506 -0.006973312
304326 4326.000000 17758100004326000 0.200000003 0.200511215 -0.005493893 -0.001320603
304327 4327.000000 17758100004327000 0.200000003 0.200713412 -0.005991490 0.012660323
304328 4328.000000 17758100004328000 0.200000003 0.200466979 -0.001602912 0.020656563
304329 4329.000000 17758100004329000 0.200000003 0.200425031 -0.000685116 -0.011685242
304330 4330.000000 17758100004330000 0.200000003 0.200652109 0.003854607 0.035973961
304331 4331.000000 17758100004331000 0.200000003 0.200487853 0.006220275 -0.001857155
304332 4332.000000 17758100004332000 0.200000003 0.200648949 -0.005147450 -0.000313162
304333 4333.000000 17758100004333000 0.200000003 0.200310275 -0.009448197 0.016211256
304334 4334.000000 17758100004334000 0.200000003 0.200770629 0.002909745 -0.018487664
304335 4335.000000 17758100004335000 0.200000003 0.200471351 0.010647622 -0.010251379
304336 4336.000000 17758100004336000 0.200000003 0.200665601 -0.003841187 -0.007434663
304337 4337.000000 17758100004337000 0.200000003 0.200821251 -0.000848585 0.019123291
304338 4338.000000 17758100004338000 0.200000003 0.200703353 0.004280266 0.007299303
304339 4339.000000 17758100004339000 0.200000003 0.200241095 -0.004949084 -0.016853212
304340 4340.000000 17758100004340000 0.200000003 0.200303611 0.001381199 -0.011958130
304341 4341.000000 17758100004341000 0.200000003 0.200774187 -0.001150255 -0.047559612
304342 4342.000000 17758100004342000 0.200000003 0.200548380 0.002727615 -0.016035679
304343 4343.000000 17758100004343000 0.200000003 0.200332547 0.006311257 0.012683971
304344 4344.000000 17758100004344000 0.200000003 0.200326304 -0.000072259 -0.018791123
304345 4345.000000 17758100004345000 0.200000003 0.200478871 0.007355875 0.032770385
304346 4346.000000 17758100004346000 0.200000003 0.200447317 0.000635764 0.024326157
304347 4347.000000 17758100004347000 0.200000003 0.200551189 0.013927688 -0.019707449
304348 4348.000000 17758100004348000 0.200000003 0.200109478 0.000861418 -0.022752699
304349 4349.000000 17758100004349000 0.200000003 0.200241511 0.004382413 0.007684645
304350 4350.000000 17758100004350000 0.200000003 0.200531231 -0.002195536 -0.018175052
304351 4351.000000 17758100004351000 0.200000003 0.200755836 0.010220910 -0.037739306
304352 4352.000000 17758100004352000 0.200000003 0.200350592 0.000262767 0.047042806
304353 4353.000000 17758100004353000 0.200000003 0.200290980 -0.004426071 -0.018211673
304354 4354.000000 17758100004354000 0.200000003 0.200902153 0.000302063 -0.004546539
304355 4355.000000 17758100004355000 0.200000003 0.200513815 0.000222354 -0.017036655
304356 4356.000000 17758100004356000 0.200000003 0.200526859 -0.013998599 -0.009385667
304357 4357.000000 17758100004357000 0.200000003 0.200818350 -0.002413148 0.012567441
304358 4358.000000 17758100004358000 0.200000003 0.200372574 0.001657174 0.047833795
304359 4359.000000 17758100004359000 0.200000003 0.200696212 -0.004201258 -0.009142830
304360 4360.000000 17758100004360000 0.200000003 0.200781597 0.005742484 0.025363402
304361 4361.000000 17758100004361000 0.200000003 0.200674839 -0.000194715 -0.005842972
304362 4362.000000 17758100004362000 0.200000003 0.200557388 -0.002605549 -0.026079609
304363 4363.000000 17758100004363000 0.200000003 0.200638398 -0.004260631 0.007810897
304364 4364.000000 17758100004364000 0.200000003 0.200647814 0.000371680 0.016467991
304365 4365.000000 17758100004365000 0.200000003 0.199684419 0.003727850 -0.006671878
304366 4366.000000 17758100004366000 0.200000003 0.200571232 -0.001921368 0.019558968
304367 4367.000000 17758100004367000 0.200000003 0.200422283 0.000959889 -0.008917161
304368 4368.000000 17758100004368000 0.200000003 0.200511141 0.007047431 0.002265934
304369 4369.000000 17758100004369000 0.200000003 0.200402615 -0.000760242 0.016077385
304370 4370.000000 17758100004370000 0.200000003 0.200415230 -0.000485228 -0.001088127
304371 4371.000000 17758100004371000 0.200000003 0.200631331 0.001057106 -0.038283489
304372 4372.000000 17758100004372000 0.200000003 0.200515595 -0.002940147 0.009203971
304373 4373.000000 17758100004373000 0.200000003 0.200726914 -0.000946213 0.016191979
304374 4374.000000 17758100004374000 0.200000003 0.200417770 0.005560549 0.022997990
304375 4375.000000 17758100004375000 0.200000003 0.200343488 0.005443099 0.007118361
304376 4376.000000 17758100004376000 0.200000003 0.200704190 -0.004255453 0.016755812
304377 4377.000000 17758100004377000 0.200000003 0.200331180 -0.002672161 -0.009508739
304378 4378.000000 17758100004378000 0.200000003 0.200391011 0.009941497 0.008459648
304379 4379.000000 17758100004379000 0.200000003 0.200830028 0.003708966 0.012628538
304380 4380.000000 17758100004380000 0.200000003 0.200261908 0.014912728 -0.005255584
304381 4381.000000 17758100004381000 0.200000003 0.200197111 -0.000412861 0.014734832
304382 4382.000000 17758100004382000 0.200000003 0.200677909 -0.009832466 -0.017987287
304383 4383.000000 17758100004383000 0.200000003 0.200346299 0.001419739 0.036722348
304384 4384.000000 17758100004384000 0.200000003 0.200667399 0.005023025 0.014424509
304385 4385.000000 17758100004385000 0.200000003 0.200745175 -0.000053043 -0.010029231
304386 4386.000000 17758100004386000 0.200000003 0.200509683 -0.009464364 0.006284178
304387 4387.000000 17758100004387000 0.200000003 0.200480683 -0.000219163 0.015263186
304388 4388.000000 17758100004388000 0.200000003 0.200339767 0.000979618 -0.031505971
304389 4389.000000 17758100004389000 0.200000003 0.200593100 -0.002246159 0.027013846
304390 4390.000000 17758100004390000 0.200000003 0.200099676 -0.000828499 -0.004357160
304391 4391.000000 17758100004391000 0.200000003 0.200037929 0.008739637 -0.018032996
304392 4392.000000 17758100004392000 0.200000003 0.200792281 -0.006476049 0.046304572
304393 4393.000000 17758100004393000 0.200000003 0.200133030 -0.006497406 -0.001390341
304394 4394.000000 17758100004394000 0.200000003 0.200779795 0.008495686 0.000632230
304395 4395.000000 17758100004395000 0.200000003 0.200869851 0.008102637 -0.028133162
304396 4396.000000 17758100004396000 0.200000003 0.200159152 0.004624929 0.024247533
304397 4397.000000 17758100004397000 0.200000003 0.200522537 -0.004924958 0.003320722
304398 4398.000000 17758100004398000 0.200000003 0.200472928 0.001677805 0.038368370
304399 4399.000000 17758100004399000 0.200000003 0.200233762 -0.010631453 0.011852577
304400 4400.000000 17758100004400000 0.200000003 0.200497672 0.002453307 -0.014065769
304401 4401.000000 17758100004401000 0.200000003 0.200456957 0.000038894 -0.010476183
304402 4402.000000 17758100004402000 0.200000003 0.200392600 -0.003894603 0.001616909
304403 4403.000000 17758100004403000 0.200000003 0.200362721 -0.002108132 0.005116415
304404 4404.000000 17758100004404000 0.200000003 0.200284831 0.001381713 0.000051497
304405 4405.000000 17758100004405000 0.200000003 0.200449391 -0.003501030 -0.008684360
304406 4406.000000 17758100004406000 0.200000003 0.200276968 -0.001259008 0.045504046
304407 4407.000000 17758100004407000 0.200000003 0.200651340 0.006699352 -0.003904092
304408 4408.000000 17758100004408000 0.200000003 0.200386389 0.001699701 -0.029622135
304409 4409.000000 17758100004409000 0.200000003 0.200437666 0.005760327 0.011963678
304410 4410.000000 17758100004410000 0.200000003 0.200853988 0.003105753 0.028934968
304411 4411.000000 17758100004411000 0.200000003 0.200580743 -0.007031443 0.016310322
304412 4412.000000 17758100004412000 0.200000003 0.200369041 -0.006200392 0.019929060
304413 4413.000000 17758100004413000 0.200000003 0.200277251 -0.001108503 0.019423888
304414 4414.000000 17758100004414000 0.200000003 0.200488383 0.001101797 -0.004203808
304415 4415.000000 17758100004415000 0.200000003 0.200447623 0.010273089 0.022791578
304416 4416.000000 17758100004416000 0.200000003 0.200697149 0.005257404 -0.007888538
304417 4417.000000 17758100004417000 0.200000003 0.200491310 -0.001992961 -0.039429789
304418 4418.000000 17758100004418000 0.200000003 0.200581240 0.000426692 -0.041380045
304419 4419.000000 17758100004419000 0.200000003 0.200339897 -0.002125939 0.021709136
304420 4420.000000 17758100004420000 0.200000003 0.200453130 -0.003511262 0.023034316
304421 4421.000000 17758100004421000 0.200000003 0.199932048 -0.003897519 -0.043545752
304422 4422.000000 17758100004422000 0.200000003 0.200415648 0.000828155 -0.032834129
304423 4423.000000 17758100004423000 0.200000003 0.200484423 -0.010065543 -0.011565733
304424 4424.000000 17758100004424000 0.200000003 0.200452895 0.001997232 -0.014426769
304425 4425.000000 17758100004425000 0.200000003 0.200542567 -0.004335607 0.007830938
304426 4426.000000 17758100004426000 0.200000003 0.200762172 0.002012692 -0.005220996
304427 4427.000000 17758100004427000 0.200000003 0.200258124 0.004837399 0.038611733
304428 4428.000000 17758100004428000 0.200000003 0.200465432 -0.002564806 -0.025749386
304429 4429.000000 17758100004429000 0.200000003 0.200660727 0.004063092 -0.001297985
304430 4430.000000 17758100004430000 0.200000003 0.200115606 0.002992012 0.011206587
304431 4431.000000 17758100004431000 0.200000003 0.200489108 0.006903928 -0.030104876
304432 4432.000000 17758100004432000 0.200000003 0.200714953 -0.008538516 0.005748949
304433 4433.000000 17758100004433000 0.200000003 0.200234920 0.001217618 0.000729181
304434 4434.000000 17758100004434000 0.200000003 0.200776536 0.005329570 -0.021233478
304435 4435.000000 17758100004435000 0.200000003 0.200495889 -0.006566870 0.015719017
304436 4436.000000 17758100004436000 0.200000003 0.200267438 0.002343501 0.003110507
304437 4437.000000 17758100004437000 0.200000003 0.200592166 -0.000840319 -0.010289400
304438 4438.000000 17758100004438000 0.200000003 0.200593938 -0.007602838 -0.007207819
304439 4439.000000 17758100004439000 0.200000003 0.200507684 -0.001288069 -0.003930534
304440 4440.000000 17758100004440000 0.200000003 0.200421116 -0.001181674 0.000790664
304441 4441.000000 17758100004441000 0.200000003 0.200961840 -0.005464523 0.005326987
304442 4442.000000 17758100004442000 0.200000003 0.200407623 -0.004834841 -0.013477994
304443 4443.000000 17758100004443000 0.200000003 0.200266262 0.001606489 0.015102582
304444 4444.000000 17758100004444000 0.200000003 0.200414125 0.006128284 -0.041032875
304445 4445.000000 17758100004445000 0.200000003 0.200493104 -0.001840632 0.012564296
304446 4446.000000 17758100004446000 0.200000003 0.200452970 0.001580184 0.003379713
304447 4447.000000 17758100004447000 0.200000003 0.200594434 -0.003818414 -0.027181374
304448 4448.000000 17758100004448000 0.200000003 0.200285361 0.004763321 0.020784527
304449 4449.000000 17758100004449000 0.200000003 0.200378792 -0.007478888 0.021335321
304450 4450.000000 17758100004450000 0.200000003 0.200543122 0.005245406 0.003269033
304451 4451.000000 17758100004451000 0.200000003 0.200456840 -0.006954608 -0.045720820
304452 4452.000000 17758100004452000 0.200000003 0.200735728 0.004636290 0.025736536
304453 4453.000000 17758100004453000 0.200000003 0.200506229 -0.012901845 0.009516839
304454 4454.000000 17758100004454000 0.200000003 0.200545572 0.001086740 0.010136016
304455 4455.000000 17758100004455000 0.200000003 0.200739117 -0.002048263 0.023271154
304456 4456.000000 17758100004456000 0.200000003 0.200297369 -0.001036276 -0.033962857
304457 4457.000000 17758100004457000 0.200000003 0.200759784 0.000375506 0.000950808
304458 4458.000000 17758100004458000 0.200000003 0.200622525 0.010183872 -0.017707795
304459 4459.000000 17758100004459000 0.200000003 0.200716120 0.004379017 -0.013797698
304460 4460.000000 17758100004460000 0.200000003 0.200399909 0.003316198 0.019323415
304461 4461.000000 17758100004461000 0.200000003 0.200152217 0.002875450 0.030108809
304462 4462.000000 17758100004462000 0.200000003 0.200190117 0.000877883 -0.011320777
304463 4463.000000 17758100004463000 0.200000003 0.200302575 -0.003177284 -0.018163660
304464 4464.000000 17758100004464000 0.200000003 0.200203485 -0.005407349 -0.025588831
304465 4465.000000 17758100004465000 0.200000003 0.200653511 -0.006203628 -0.006473195
304466 4466.000000 17758100004466000 0.200000003 0.200640286 -0.001018356 0.024057553
304467 4467.000000 17758100004467000 0.200000003 0.200326198 -0.003124947 0.046828043
304468 4468.000000 17758100004468000 0.200000003 0.200415731 -0.001796363 -0.010154782
304469 4469.000000 17758100004469000 0.200000003 0.200508666 0.002862373 0.015182606
304470 4470.000000 17758100004470000 0.200000003 0.200462798 -0.005215790 0.019815088
304471 4471.000000 17758100004471000 0.200000003 0.200233600 -0.002842490 0.017990630
304472 4472.000000 17758100004472000 0.200000003 0.200374375 -0.000526281 0.004704964
304473 4473.000000 17758100004473000 0.200000003 0.200516250 0.004552828 -0.004512788
304474 4474.000000 17758100004474000 0.200000003 0.200914944 -0.001271410 -0.001110782
304475 4475.000000 17758100004475000 0.200000003 0.200357031 0.000665476 -0.008553720
304476 4476.000000 17758100004476000 0.200000003 0.200608609 -0.008193199 -0.010613125
304477 4477.000000 17758100004477000 0.200000003 0.200594733 -0.000273151 -0.010776217
304478 4478.000000 17758100004478000 0.200000003 0.200720505 -0.002850171 0.011179206
304479 4479.000000 17758100004479000 0.200000003 0.199879893 -0.005919964 0.011941478
304480 4480.000000 17758100004480000 0.200000003 0.200375790 0.000275526 0.001876336
304481 4481.000000 17758100004481000 0.200000003 0.200677079 -0.008003632 0.026185484
304482 4482.000000 17758100004482000 0.200000003 0.200321481 -0.017036459 -0.013839751
304483 4483.000000 17758100004483000 0.200000003 0.200196063 -0.004183506 0.024984756
304484 4484.000000 17758100004484000 0.200000003 0.200256081 -0.004960230 0.021735911
304485 4485.000000 17758100004485000 0.200000003 0.200105304 -0.003767129 -0.005216875
304486 4486.000000 17758100004486000 0.200000003 0.200289874 0.000371492 -0.005403232
304487 4487.000000 17758100004487000 0.200000003 0.200444885 -0.004562118 -0.030230609
304488 4488.000000 17758100004488000 0.200000003 0.200389417 0.000599560 0.015905554
304489 4489.000000 17758100004489000 0.200000003 0.200394766 0.008364442 0.006553018
304490 4490.000000 17758100004490000 0.200000003 0.200552694 -0.010958678 -0.014981211
304491 4491.000000 17758100004491000 0.200000003 0.200335469 0.009585186 -0.004307995
304492 4492.000000 17758100004492000 0.200000003 0.200403559 0.002679068 -0.028985649
304493 4493.000000 17758100004493000 0.200000003 0.200108690 0.006895025 -0.022760350
304494 4494.000000 17758100004494000 0.200000003 0.200735903 -0.001438220 -0.024408388
304495 4495.000000 17758100004495000 0.200000003 0.200630503 0.006668911 -0.024487798
304496 4496.000000 17758100004496000 0.200000003 0.200618586 0.002199701 0.017084923
304497 4497.000000 17758100004497000 0.200000003 0.200442067 0.002374763 -0.021514083
304498 4498.000000 17758100004498000 0.200000003 0.200607088 0.006780007 0.000309301
304499 4499.000000 17758100004499000 0.200000003 0.200611994 -0.004802845 0.007219985
304500 4500.000000 17758100004500000 0.200000003 0.200459008 0.002298493 0.022554524
304501 4501.000000 17758100004501000 0.200000003 0.200170969 -0.002978947 0.005373577
304502 4502.000000 17758100004502000 0.200000003 0.200660086 -0.003627820 -0.029409699
304503 4503.000000 17758100004503000 0.200000003 0.200307924 -0.000201169 0.051610602
304504 4504.000000 17758100004504000 0.200000003 0.200291363 0.000815181 0.041011793
304505 4505.000000 17758100004505000 0.200000003 0.200444184 0.005764335 0.017330994
304506 4506.000000 17758100004506000 0.200000003 0.200179232 0.002577085 0.009510056
304507 4507.000000 17758100004507000 0.200000003 0.200351360 0.009897080 0.010999057
304508 4508.000000 17758100004508000 0.200000003 0.200526611 0.006259852 0.004170723
304509 4509.000000 17758100004509000 0.200000003 0.200200332 -0.004907116 0.012987683
304510 4510.000000 17758100004510000 0.200000003 0.200553193 -0.000819363 -0.009260195
304511 4511.000000 17758100004511000 0.200000003 0.200494671 -0.003420502 0.023149401
304512 4512.000000 17758100004512000 0.200000003 0.200235885 0.003397441 0.002641479
304513 4513.000000 17758100004513000 0.200000003 0.200538200 -0.007870068 0.013942329
304514 4514.000000 17758100004514000 0.200000003 0.200189496 0.001257058 -0.003210616
304515 4515.000000 17758100004515000 0.200000003 0.200778871 0.008810031 0.017244348
304516 4516.000000 17758100004516000 0.200000003 0.200279199 0.004038029 -0.040604424
304517 4517.000000 17758100004517000 0.200000003 0.200675895 -0.006788628 0.008967178
304518 4518.000000 17758100004518000 0.200000003 0.200583412 0.003665972 0.001555254
304519 4519.000000 17758100004519000 0.200000003 0.200165664 -0.001444344 0.009531515
304520 4520.000000 17758100004520000 0.200000003 0.200248105 0.002318533 0.022642909
304521 4521.000000 17758100004521000 0.200000003 0.200137460 0.000157037 -0.013211560
304522 4522.000000 17758100004522000 0.200000003 0.200090681 -0.006324293 -0.005456420
304523 4523.000000 17758100004523000 0.200000003 0.200469157 0.002565812 0.013775510
304524 4524.000000 17758100004524000 0.200000003 0.200915067 0.004055235 0.025429839
304525 4525.000000 17758100004525000 0.200000003 0.200498574 0.000522045 0.008520115
304526 4526.000000 17758100004526000 0.200000003 0.200494320 0.000335751 0.012003524
304527 4527.000000 17758100004527000 0.200000003 0.200491979 -0.010492969 -0.009873181
304528 4528.000000 17758100004528000 0.200000003 0.200459932 0.004494391 0.021601730
304529 4529.000000 17758100004529000 0.200000003 0.200714211 0.004235897 -0.014409980
304530 4530.000000 17758100004530000 0.200000003 0.200217777 -0.005568137 -0.005241157
304531 4531.000000 17758100004531000 0.200000003 0.200465272 0.008217722 0.010403455
304532 4532.000000 17758100004532000 0.200000003 0.200827507 -0.001799157 0.008651819
304533 4533.000000 17758100004533000 0.200000003 0.200304008 0.005259080 0.025391289
304534 4534.000000 17758100004534000 0.200000003 0.200541269 0.002230745 0.002880239
304535 4535.000000 17758100004535000 0.200000003 0.200095252 -0.000098194 0.020365655
304536 4536.000000 17758100004536000 0.200000003 0.200418765 -0.008805021 -0.010795076
304537 4537.000000 17758100004537000 0.200000003 0.200429211 0.004438251 0.028668065
304538 4538.000000 17758100004538000 0.200000003 0.200255118 0.003256882 0.035407998
304539 4539.000000 17758100004539000 0.200000003 0.200408930 -0.003661122 -0.010194390
304540 4540.000000 17758100004540000 0.200000003 0.200614788 0.002557330 -0.016760653
304541 4541.000000 17758100004541000 0.200000003 0.200443243 0.008013622 0.005998188
304542 4542.000000 17758100004542000 0.200000003 0.200408862 0.002796884 -0.013625596
304543 4543.000000 17758100004543000 0.200000003 0.200481846 -0.000244392 0.006915186
304544 4544.000000 17758100004544000 0.200000003 0.200597991 -0.009572069 0.029732418
304545 4545.000000 17758100004545000 0.200000003 0.200419441 -0.004616979 0.010776723
304546 4546.000000 17758100004546000 0.200000003 0.200652438 0.004047378 -0.028696437
304547 4547.000000 17758100004547000 0.200000003 0.200678849 -0.003527546 0.016022259
304548 4548.000000 17758100004548000 0.200000003 0.200249867 0.007452672 -0.024438413
304549 4549.000000 17758100004549000 0.200000003 0.200435499 -0.003549168 0.010940933
304550 4550.000000 17758100004550000 0.200000003 0.200697281 -0.006964630 0.001566652
304551 4551.000000 17758100004551000 0.200000003 0.200676191 -0.006043172 -0.022282020
304552 4552.000000 17758100004552000 0.200000003 0.200310976 0.005726642 0.012400293
304553 4553.000000 17758100004553000 0.200000003 0.200493886 -0.002814568 0.019654220
304554 4554.000000 17758100004554000 0.200000003 0.200487541 -0.003595496 -0.023090636
304555 4555.000000 17758100004555000 0.200000003 0.200167538 0.004223106 -0.010412041
304556 4556.000000 17758100004556000 0.200000003 0.200486067 0.003955681 0.017776510
304557 4557.000000 17758100004557000 0.200000003 0.200296902 -0.000005651 -0.035831635
304558 4558.000000 17758100004558000 0.200000003 0.200239280 0.006015585 0.001530737
304559 4559.000000 17758100004559000 0.200000003 0.200304611 -0.001809232 -0.019419647
304560 4560.000000 17758100004560000 0.200000003 0.200576475 0.003951053 0.023338564
304561 4561.000000 17758100004561000 0.200000003 0.200352499 0.000548509 0.001333001
304562 4562.000000 17758100004562000 0.200000003 0.200731711 -0.002164411 0.011043993
304563 4563.000000 17758100004563000 0.200000003 0.200351859 0.001178862 -0.004934137
304564 4564.000000 17758100004564000 0.200000003 0.200518025 -0.003030202 -0.005810478
304565 4565.000000 17758100004565000 0.200000003 0.200423867 0.006278536 0.004787337
304566 4566.000000 17758100004566000 0.200000003 0.200276825 -0.004624864 -0.003512875
304567 4567.000000 17758100004567000 0.200000003 0.200618961 -0.004198052 -0.001366014
304568 4568.000000 17758100004568000 0.200000003 0.200429746 -0.001963980 -0.002206375
304569 4569.000000 17758100004569000 0.200000003 0.200636045 -0.005919237 -0.010805764
304570 4570.000000 17758100004570000 0.200000003 0.200635116 -0.000005694 -0.003669052
304571 4571.000000 17758100004571000 0.200000003 0.200343572 -0.000892666 -0.001007270
304572 4572.000000 17758100004572000 0.200000003 0.200549742 0.002224528 0.018390533
304573 4573.000000 17758100004573000 0.200000003 0.200393020 -0.005417728 0.008338208
304574 4574.000000 17758100004574000 0.200000003 0.200744399 0.005909000 0.008660722
304575 4575.000000 17758100004575000 0.200000003 0.200277210 0.003056152 0.008659574
304576 4576.000000 17758100004576000 0.200000003 0.200443611 0.003741418 -0.003075020
304577 4577.000000 17758100004577000 0.200000003 0.200567950 0.006619425 -0.032305891
304578 4578.000000 17758100004578000 0.200000003 0.201167238 0.002502465 0.014433068
304579 4579.000000 17758100004579000 0.200000003 0.200223549 -0.004543348 0.022699064
304580 4580.000000 17758100004580000 0.200000003 0.200508148 0.002652942 -0.027263473
304581 4581.000000 17758100004581000 0.200000003 0.200453774 -0.000042538 -0.009563946
304582 4582.000000 17758100004582000 0.200000003 0.200958810 0.007748571 -0.028205538
304583 4583.000000 17758100004583000 0.200000003 0.200871385 -0.004409494 0.027037282
304584 4584.000000 17758100004584000 0.200000003 0.200199617 0.004948591 -0.026272208
304585 4585.000000 17758100004585000 0.200000003 0.200359313 -0.003598527 -0.018854933
304586 4586.000000 17758100004586000 0.200000003 0.200397586 0.006285578 0.041754208
304587 4587.000000 17758100004587000 0.200000003 0.200574846 0.005964841 0.009474534
304588 4588.000000 17758100004588000 0.200000003 0.200605840 0.006000628 -0.004902338
304589 4589.000000 17758100004589000 0.200000003 0.200814077 -0.008538249 0.005616746
304590 4590.000000 17758100004590000 0.200000003 0.200342202 0.007556876 0.005778539
304591 4591.000000 17758100004591000 0.200000003 0.200268893 -0.009792809 0.011013573
304592 4592.000000 17758100004592000 0.200000003 0.200507025 -0.000490986 -0.007045403
304593 4593.000000 17758100004593000 0.200000003 0.200229006 -0.003336631 -0.032427373
304594 4594.000000 17758100004594000 0.200000003 0.200459369 -0.010963674 0.008454281
304595 4595.000000 17758100004595000 0.200000003 0.200652959 -0.001159069 -0.006607733
304596 4596.000000 17758100004596000 0.200000003 0.200621844 -0.007624594 0.003882809
304597 4597.000000 17758100004597000 0.200000003 0.200633592 -0.006710380 -0.005624982
304598 4598.000000 17758100004598000 0.200000003 0.200545912 0.012135506 -0.045429187
304599 4599.000000 17758100004599000 0.200000003 0.200581130 -0.002854661 0.020722813
304600 4600.000000 17758100004600000 0.200000003 0.200515412 0.007861956 0.010625345
304601 4601.000000 17758100004601000 0.200000003 0.200344297 -0.003319413 -0.006457456
304602 4602.000000 17758100004602000 0.200000003 0.200514568 -0.000195643 0.018652674
304603 4603.000000 17758100004603000 0.200000003 0.200437320 -0.003934164 -0.001280102
304604 4604.000000 17758100004604000 0.200000003 0.200648071 0.006714520 -0.013111764
304605 4605.000000 17758100004605000 0.200000003 0.200776881 0.005345392 -0.007582278
304606 4606.000000 17758100004606000 0.200000003 0.200804875 -0.008491862 0.002355092
304607 4607.000000 17758100004607000 0.200000003 0.200792155 0.002368904 0.009401542
304608 4608.000000 17758100004608000 0.200000003 0.200348969 0.002855073 0.034002073
304609 4609.000000 17758100004609000 0.200000003 0.200184919 -0.006738324 0.000023822
304610 4610.000000 17758100004610000 0.200000003 0.200177557 0.001066377 -0.029886949
304611 4611.000000 17758100004611000 0.200000003 0.200535925 0.009503940 -0.003127368
304612 4612.000000 17758100004612000 0.200000003 0.200543527 0.007088357 0.012393902
304613 4613.000000 17758100004613000 0.200000003 0.200133953 -0.001349866 -0.006405599
304614 4614.000000 17758100004614000 0.200000003 0.200186540 -0.005144608 0.064219333
304615 4615.000000 17758100004615000 0.200000003 0.200270222 -0.004169421 -0.000197487
304616 4616.000000 17758100004616000 0.200000003 0.200254957 0.003086684 -0.016530226
304617 4617.000000 17758100004617000 0.200000003 0.200607594 0.006529275 0.006911790
304618 4618.000000 17758100004618000 0.200000003 0.200598657 -0.005050747 -0.007206855
304619 4619.000000 17758100004619000 0.200000003 0.200106666 0.002446468 0.006293050
304620 4620.000000 17758100004620000 0.200000003 0.201072159 -0.003908751 0.014562176
304621 4621.000000 17758100004621000 0.200000003 0.200511836 -0.000473304 -0.009466898
304622 4622.000000 17758100004622000 0.200000003 0.200360984 -0.002811520 -0.023747316
304623 4623.000000 17758100004623000 0.200000003 0.200296518 0.000089363 -0.029844260
304624 4624.000000 17758100004624000 0.200000003 0.200494119 -0.009420756 -0.000103576
304625 4625.000000 17758100004625000 0.200000003 0.200718795 -0.006429633 0.014118700
304626 4626.000000 17758100004626000 0.200000003 0.200787919 0.000394130 0.001234295
304627 4627.000000 17758100004627000 0.200000003 0.200484835 0.005344341 -0.014492328
304628 4628.000000 17758100004628000 0.200000003 0.200459356 0.006332417 0.031475234
304629 4629.000000 17758100004629000 0.200000003 0.200510049 -0.001647354 -0.000919537
304630 4630.000000 17758100004630000 0.200000003 0.200596952 -0.008087064 0.001804475
304631 4631.000000 17758100004631000 0.200000003 0.200347402 -0.002139134 0.005008661
304632 4632.000000 17758100004632000 0.200000003 0.200767520 -0.004198210 0.027747118
304633 4633.000000 17758100004633000 0.200000003 0.200526118 -0.002485421 0.013708364
304634 4634.000000 17758100004634000 0.200000003 0.200269559 0.002437006 -0.031018570
304635 4635.000000 17758100004635000 0.200000003 0.200344375 0.003919717 0.004087438
304636 4636.000000 17758100004636000 0.200000003 0.200642887 0.000771822 -0.009555136
304637 4637.000000 17758100004637000 0.200000003 0.200528054 -0.007781156 -0.025215865
304638 4638.000000 17758100004638000 0.200000003 0.200461184 -0.002582303 0.001287308
304639 4639.000000 17758100004639000 0.200000003 0.200553377 0.001820515 0.006241890
304640 4640.000000 17758100004640000 0.200000003 0.200314501 -0.000549754 0.025748334
304641 4641.000000 17758100004641000 0.200000003 0.200626801 -0.005381701 0.017546765
304642 4642.000000 17758100004642000 0.200000003 0.200729417 0.003558363 0.020629478
304643 4643.000000 17758100004643000 0.200000003 0.200584298 -0.001309337 -0.008926389
304644 4644.000000 17758100004644000 0.200000003 0.200337999 0.012403515 -0.007970332
304645 4645.000000 17758100004645000 0.200000003 0.200108680 0.001152421 -0.002507994
304646 4646.000000 17758100004646000 0.200000003 0.200381187 -0.001351650 -0.004964801
304647 4647.000000 17758100004647000 0.200000003 0.200524502 -0.000203854 0.007419243
304648 4648.000000 17758100004648000 0.200000003 0.200474440 0.003815501 0.000159844
304649 4649.000000 17758100004649000 0.200000003 0.200613158 0.004531957 -0.017810617
304650 4650.000000 17758100004650000 0.200000003 0.200720956 0.005974862 0.037788871
304651 4651.000000 17758100004651000 0.200000003 0.200733532 0.007540116 -0.037696493
304652 4652.000000 17758100004652000 0.200000003 0.200642528 0.010136440 0.024895040
304653 4653.000000 17758100004653000 0.200000003 0.200980211 -0.003166126 0.000640992
304654 4654.000000 17758100004654000 0.200000003 0.200336758 -0.001165983 -0.023798249
304655 4655.000000 17758100004655000 0.200000003 0.200607741 0.005376671 -0.020540434
304656 4656.000000 17758100004656000 0.200000003 0.200723970 -0.004566606 -0.007132737
304657 4657.000000 17758100004657000 0.200000003 0.200524152 -0.003196424 0.034139449
304658 4658.000000 17758100004658000 0.200000003 0.200804668 -0.000870042 0.034234008
304659 4659.000000 17758100004659000 0.200000003 0.200645240 0.004966146 0.015711618
304660 4660.000000 17758100004660000 0.200000003 0.200574395 -0.002850596 -0.014419327
304661 4661.000000 17758100004661000 0.200000003 0.200427136 0.003046241 0.003527229
304662 4662.000000 17758100004662000 0.200000003 0.200039911 -0.001906378 -0.006801183
304663 4663.000000 17758100004663000 0.200000003 0.200351841 0.008745172 0.028686677
304664 4664.000000 17758100004664000 0.200000003 0.200653413 -0.002039095 -0.000716555
304665 4665.000000 17758100004665000 0.200000003 0.200581191 -0.002096673 0.009302671
304666 4666.000000 17758100004666000 0.200000003 0.200501953 0.010536709 -0.037436379
304667 4667.000000 17758100004667000 0.200000003 0.200483320 0.006465883 -0.011514738
304668 4668.000000 17758100004668000 0.200000003 0.200363014 -0.001681937 0.011821303
304669 4669.000000 17758100004669000 0.200000003 0.200192770 0.000699064 0.026558418
304670 4670.000000 17758100004670000 0.200000003 0.200325772 0.005097552 -0.031650857
304671 4671.000000 17758100004671000 0.200000003 0.200224679 0.010104798 -0.035283595
304672 4672.000000 17758100004672000 0.200000003 0.200639205 -0.001131752 -0.012258773
304673 4673.000000 17758100004673000 0.200000003 0.200293835 0.006887160 0.004105371
304674 4674.000000 17758100004674000 0.200000003 0.200583281 0.000153892 0.019760652
304675 4675.000000 17758100004675000 0.200000003 0.200449328 0.001657239 -0.012639939
304676 4676.000000 17758100004676000 0.200000003 0.200396515 0.000740587 0.000694755
304677 4677.000000 17758100004677000 0.200000003 0.200411616 -0.001313119 -0.028345598
304678 4678.000000 17758100004678000 0.200000003 0.200360994 -0.003813591 0.040034039
304679 4679.000000 17758100004679000 0.200000003 0.200909532 0.000921408 -0.060410498
304680 4680.000000 17758100004680000 0.200000003 0.200365592 -0.004134125 0.019988444
304681 4681.000000 17758100004681000 0.200000003 0.200785551 0.003333484 -0.001938735
304682 4682.000000 17758100004682000 0.200000003 0.200154828 0.004230456 0.015773376
304683 4683.000000 17758100004683000 0.200000003 0.200316704 0.000504637 -0.010088888
304684 4684.000000 17758100004684000 0.200000003 0.200104738 0.000096143 -0.012498891
304685 4685.000000 17758100004685000 0.200000003 0.200803907 0.006882171 0.024471813
304686 4686.000000 17758100004686000 0.200000003 0.200343158 0.001735822 -0.014598264
304687 4687.000000 17758100004687000 0.200000003 0.200497780 -0.001090661 -0.040969542
304688 4688.000000 17758100004688000 0.200000003 0.200147591 -0.007076189 -0.009090277
304689 4689.000000 17758100004689000 0.200000003 0.200238594 0.009183617 0.024522541
304690 4690.000000 17758100004690000 0.200000003 0.200468193 0.001971554 0.008990401
304691 4691.000000 17758100004691000 0.200000003 0.200307507 -0.007826379 -0.004997595
304692 4692.000000 17758100004692000 0.200000003 0.200467297 0.000067130 0.002045139
304693 4693.000000 17758100004693000 0.200000003 0.200426975 -0.008489713 -0.020039570
304694 4694.000000 17758100004694000 0.200000003 0.200232267 -0.001606823 0.016405685
304695 4695.000000 17758100004695000 0.200000003 0.200183039 0.000127261 -0.001483879
304696 4696.000000 17758100004696000 0.200000003 0.200529114 0.000238478 0.013472893
304697 4697.000000 17758100004697000 0.200000003 0.200453514 -0.001724940 -0.011572673
304698 4698.000000 17758100004698000 0.200000003 0.200241912 -0.001799454 0.019830772
304699 4699.000000 17758100004699000 0.200000003 0.200261099 0.008567381 -0.007254178
304700 4700.000000 17758100004700000 0.200000003 0.200405819 0.007149145 -0.028209335
304701 4701.000000 17758100004701000 0.200000003 0.200987305 -0.005479219 -0.003722795
304702 4702.000000 17758100004702000 0.200000003 0.200742312 0.000026511 0.005960662
304703 4703.000000 17758100004703000 0.200000003 0.200566907 -0.000011656 0.005286344
304704 4704.000000 17758100004704000 0.200000003 0.200628087 0.001685537 0.005681329
304705 4705.000000 17758100004705000 0.200000003 0.200829938 0.000133711 -0.021621473
304706 4706.000000 17758100004706000 0.200000003 0.200670429 -0.006189646 0.001730385
304707 4707.000000 17758100004707000 0.200000003 0.200524080 -0.008324488 0.011856171
304708 4708.000000 17758100004708000 0.200000003 0.200286248 0.004541016 -0.001043183
304709 4709.000000 17758100004709000 0.200000003 0.200590181 -0.000725027 0.011461009
304710 4710.000000 17758100004710000 0.200000003 0.200073140 0.003854371 0.020786318
304711 4711.000000 17758100004711000 0.200000003 0.200295095 0.004441626 0.048487107
304712 4712.000000 17758100004712000 0.200000003 0.200514841 0.009016587 0.004518322
304713 4713.000000 17758100004713000 0.200000003 0.200380095 0.005928234 0.015669692
304714 4714.000000 17758100004714000 0.200000003 0.200343503 0.006494919 0.015377136
304715 4715.000000 17758100004715000 0.200000003 0.200663768 0.000317742 -0.027851330
304716 4716.000000 17758100004716000 0.200000003 0.200382835 0.004280677 0.012537510
304717 4717.000000 17758100004717000 0.200000003 0.200415914 -0.001181030 0.007954580
304718 4718.000000 17758100004718000 0.200000003 0.200663274 0.000329573 -0.006748285
304719 4719.000000 17758100004719000 0.200000003 0.200394667 -0.005343754 0.033031963
304720 4720.000000 17758100004720000 0.200000003 0.200797784 0.010214087 -0.012222679
304721 4721.000000 17758100004721000 0.200000003 0.200390899 -0.001385103 -0.021274292
304722 4722.000000 17758100004722000 0.200000003 0.200344124 -0.004812694 0.027806004
304723 4723.000000 17758100004723000 0.200000003 0.200716781 -0.000277190 -0.025077789
304724 4724.000000 17758100004724000 0.200000003 0.200250625 -0.008198564 0.010275309
304725 4725.000000 17758100004725000 0.200000003 0.200370245 -0.000085451 -0.002303944
304726 4726.000000 17758100004726000 0.200000003 0.200458368 0.004434833 0.016743305
304727 4727.000000 17758100004727000 0.200000003 0.200588959 -0.006509394 0.007722345
304728 4728.000000 17758100004728000 0.200000003 0.200475400 -0.003899831 -0.017539953
304729 4729.000000 17758100004729000 0.200000003 0.200448088 0.007549863 -0.026744465
304730 4730.000000 17758100004730000 0.200000003 0.200473403 0.004616240 -0.021265815
304731 4731.000000 17758100004731000 0.200000003 0.200425554 0.000878409 -0.025902080
304732 4732.000000 17758100004732000 0.200000003 0.200765677 -0.002900287 -0.015237134
304733 4733.000000 17758100004733000 0.200000003 0.200623948 -0.001947789 0.000588803
304734 4734.000000 17758100004734000 0.200000003 0.200248109 0.003048660 -0.011297953
304735 4735.000000 17758100004735000 0.200000003 0.200631349 -0.012946394 -0.039515280
304736 4736.000000 17758100004736000 0.200000003 0.200418856 0.005023578 0.001631595
304737 4737.000000 17758100004737000 0.200000003 0.200288043 -0.004599053 0.056092655
304738 4738.000000 17758100004738000 0.200000003 0.200315685 0.000607479 -0.009841468
304739 4739.000000 17758100004739000 0.200000003 0.200699225 0.003820431 0.014028632
304740 4740.000000 17758100004740000 0.200000003 0.200275616 -0.003557092 -0.016716322
304741 4741.000000 17758100004741000 0.200000003 0.200560366 -0.003495243 0.021806097
304742 4742.000000 17758100004742000 0.200000003 0.200202790 -0.002954365 -0.005941764
304743 4743.000000 17758100004743000 0.200000003 0.200211141 -0.011749584 0.007487290
304744 4744.000000 17758100004744000 0.200000003 0.200488780 0.003990925 0.006371450
304745 4745.000000 17758100004745000 0.200000003 0.200609674 -0.004604813 -0.029588763
304746 4746.000000 17758100004746000 0.200000003 0.200780602 0.004664194 -0.018311653
304747 4747.000000 17758100004747000 0.200000003 0.200774552 -0.000739855 0.034852574
304748 4748.000000 17758100004748000 0.200000003 0.200137968 0.003836322 -0.023202383
304749 4749.000000 17758100004749000 0.200000003 0.200353360 0.000447984 -0.003953820
304750 4750.000000 17758100004750000 0.200000003 0.200347531 0.002954690 -0.029238291
304751 4751.000000 17758100004751000 0.200000003 0.200737967 -0.003669199 0.003337151
304752 4752.000000 17758100004752000 0.200000003 0.200423293 -0.005221253 -0.003615053
304753 4753.000000 17758100004753000 0.200000003 0.200373578 0.001222235 -0.007754956
304754 4754.000000 17758100004754000 0.200000003 0.200237744 -0.004912272 -0.036315438
304755 4755.000000 17758100004755000 0.200000003 0.200368953 0.001107120 -0.006769364
304756 4756.000000 17758100004756000 0.200000003 0.200438062 -0.009587818 -0.009700819
304757 4757.000000 17758100004757000 0.200000003 0.200395834 0.002056181 0.027695751
304758 4758.000000 17758100004758000 0.200000003 0.200345700 -0.001639450 -0.011445188
304759 4759.000000 17758100004759000 0.200000003 0.200309959 0.003639212 0.032276793
304760 4760.000000 17758100004760000 0.200000003 0.200423155 0.002415326 -0.001784469
304761 4761.000000 17758100004761000 0.200000003 0.200397750 -0.005872117 -0.020496516
304762 4762.000000 17758100004762000 0.200000003 0.200522960 -0.004588618 -0.022079454
304763 4763.000000 17758100004763000 0.200000003 0.200589238 -0.001615597 -0.016319936
304764 4764.000000 17758100004764000 0.200000003 0.200450499 -0.004336352 -0.001174380
304765 4765.000000 17758100004765000 0.200000003 0.200540878 -0.005961082 -0.031538284
304766 4766.000000 17758100004766000 0.200000003 0.200553959 0.000772304 -0.009674088
304767 4767.000000 17758100004767000 0.200000003 0.200346503 -0.005923472 -0.005809171
304768 4768.000000 17758100004768000 0.200000003 0.200406966 -0.001515295 0.012317812
304769 4769.000000 17758100004769000 0.200000003 0.200930028 0.003005177 -0.028825293
304770 4770.000000 17758100004770000 0.200000003 0.200642159 -0.005958037 -0.022134817
304771 4771.000000 17758100004771000 0.200000003 0.200579297 0.000079565 0.019969232
304772 4772.000000 17758100004772000 0.200000003 0.200351755 0.008715397 -0.013019517
304773 4773.000000 17758100004773000 0.200000003 0.200271836 -0.001902620 0.021721829
304774 4774.000000 17758100004774000 0.200000003 0.200632875 -0.003364272 -0.014725771
304775 4775.000000 17758100004775000 0.200000003 0.200786180 0.001202847 -0.002128355
304776 4776.000000 17758100004776000 0.200000003 0.200400478 0.001151704 -0.015553309
304777 4777.000000 17758100004777000 0.200000003 0.200614068 0.003652899 -0.030682993
304778 4778.000000 17758100004778000 0.200000003 0.200224053 -0.004040656 0.013957516
304779 4779.000000 17758100004779000 0.200000003 0.200517558 -0.002620482 -0.027314240
304780 4780.000000 17758100004780000 0.200000003 0.200420435 -0.004405031 -0.018147384
304781 4781.000000 17758100004781000 0.200000003 0.200199700 -0.007626327 0.022335112
304782 4782.000000 17758100004782000 0.200000003 0.200525539 0.003187711 0.015519044
304783 4783.000000 17758100004783000 0.200000003 0.200503732 -0.006277522 0.030899036
304784 4784.000000 17758100004784000 0.200000003 0.200667335 -0.001079724 0.021677460
304785 4785.000000 17758100004785000 0.200000003 0.200294705 -0.004986633 0.010986341
304786 4786.000000 17758100004786000 0.200000003 0.200298041 -0.002082409 -0.066430061
304787 4787.000000 17758100004787000 0.200000003 0.200378745 0.008162087 -0.014304780
304788 4788.000000 17758100004788000 0.200000003 0.200465957 -0.000084278 0.028037820
304789 4789.000000 17758100004789000 0.200000003 0.200516889 -0.006922261 -0.034258913
304790 4790.000000 17758100004790000 0.200000003 0.200436578 -0.007987269 0.018023955
304791 4791.000000 17758100004791000 0.200000003 0.200517742 -0.000370740 0.007254169
304792 4792.000000 17758100004792000 0.200000003 0.200122826 0.002353508 0.001032251
304793 4793.000000 17758100004793000 0.200000003 0.200119665 -0.000174911 -0.020691605
304794 4794.000000 17758100004794000 0.200000003 0.200343279 0.009180527 -0.033419110
304795 4795.000000 17758100004795000 0.200000003 0.200663616 -0.004704573 0.013600946
304796 4796.000000 17758100004796000 0.200000003 0.200967226 -0.002658577 -0.025320901
304797 4797.000000 17758100004797000 0.200000003 0.200290289 0.001481182 0.002022980
304798 4798.000000 17758100004798000 0.200000003 0.200634880 -0.000746478 -0.010983998
304799 4799.000000 17758100004799000 0.200000003 0.200153948 -0.001222679 0.033666073
304800 4800.000000 17758100004800000 0.200000003 0.200568599 0.001122232 -0.019436834
304801 4801.000000 17758100004801000 0.200000003 0.200325949 0.001271104 0.032583691
304802 4802.000000 17758100004802000 0.200000003 0.200454144 -0.003941700 0.019311448
304803 4803.000000 17758100004803000 0.200000003 0.200158673 -0.000747192 -0.011039558
304804 4804.000000 17758100004804000 0.200000003 0.200379739 0.004411047 -0.017897936
304805 4805.000000 17758100004805000 0.200000003 0.200627530 0.011002058 -0.002775734
304806 4806.000000 17758100004806000 0.200000003 0.200363325 -0.000313510 -0.006136485
304807 4807.000000 17758100004807000 0.200000003 0.200496739 0.001217060 0.029266772
304808 4808.000000 17758100004808000 0.200000003 0.200469882 0.004498124 -0.008417373
304809 4809.000000 17758100004809000 0.200000003 0.200587574 -0.004031917 0.019340881
304810 4810.000000 17758100004810000 0.200000003 0.200593506 0.003629372 -0.009144554
304811 4811.000000 17758100004811000 0.200000003 0.200458894 0.005608558 -0.006513103
304812 4812.000000 17758100004812000 0.200000003 0.200514710 0.002019056 0.005141753
304813 4813.000000 17758100004813000 0.200000003 0.200465117 0.011413835 -0.000469887
304814 4814.000000 17758100004814000 0.200000003 0.200564798 0.000652113 0.004257610
304815 4815.000000 17758100004815000 0.200000003 0.200797399 0.003068644 0.007190986
304816 4816.000000 17758100004816000 0.200000003 0.199767356 0.008461512 0.003980164
304817 4817.000000 17758100004817000 0.200000003 0.200198546 -0.008536744 0.028930437
304818 4818.000000 17758100004818000 0.200000003 0.200539467 -0.003572296 -0.002591963
304819 4819.000000 17758100004819000 0.200000003 0.200318764 -0.000254142 0.027400952
304820 4820.000000 17758100004820000 0.200000003 0.200305725 -0.005520472 0.015126442
304821 4821.000000 17758100004821000 0.200000003 0.200583076 -0.001267015 0.012881916
304822 4822.000000 17758100004822000 0.200000003 0.200435779 -0.000010523 -0.032494224
304823 4823.000000 17758100004823000 0.200000003 0.200777956 -0.001749077 0.026690013
304824 4824.000000 17758100004824000 0.200000003 0.200859391 0.006467465 0.007733963
304825 4825.000000 17758100004825000 0.200000003 0.200347837 -0.004097868 0.007819318
304826 4826.000000 17758100004826000 0.200000003 0.200330701 0.003969624 0.006698277
304827 4827.000000 17758100004827000 0.200000003 0.200471755 -0.001431091 -0.016248696
304828 4828.000000 17758100004828000 0.200000003 0.200483822 -0.002979028 -0.003246844
304829 4829.000000 17758100004829000 0.200000003 0.200286480 0.001271298 0.007593887
304830 4830.000000 17758100004830000 0.200000003 0.200286833 0.007214782 0.004073680
304831 4831.000000 17758100004831000 0.200000003 0.200277641 0.005551613 -0.008438507
304832 4832.000000 17758100004832000 0.200000003 0.200251977 0.008900641 0.007371893
304833 4833.000000 17758100004833000 0.200000003 0.200332662 0.000045500 0.010194159
304834 4834.000000 17758100004834000 0.200000003 0.200634454 0.003676013 0.021358685
304835 4835.000000 17758100004835000 0.200000003 0.200471564 0.002727697 -0.030941820
304836 4836.000000 17758100004836000 0.200000003 0.200561155 0.002201860 -0.026276224
304837 4837.000000 17758100004837000 0.200000003 0.200403301 -0.006610150 0.024688120
304838 4838.000000 17758100004838000 0.200000003 0.200602045 -0.014064834 -0.025139550
304839 4839.000000 17758100004839000 0.200000003 0.200092904 0.006982593 0.025479039
304840 4840.000000 17758100004840000 0.200000003 0.200289407 0.001082431 0.013701872
304841 4841.000000 17758100004841000 0.200000003 0.200471668 -0.013784529 0.009890204
304842 4842.000000 17758100004842000 0.200000003 0.200573850 0.010962364 0.001935718
304843 4843.000000 17758100004843000 0.200000003 0.200371985 -0.003808384 0.001864219
304844 4844.000000 17758100004844000 0.200000003 0.200482858 0.000318427 -0.032351631
304845 4845.000000 17758100004845000 0.200000003 0.200239921 0.003397096 0.026347263
304846 4846.000000 17758100004846000 0.200000003 0.200302612 0.002667884 0.019154551
304847 4847.000000 17758100004847000 0.200000003 0.200653145 0.003009607 -0.023926226
304848 4848.000000 17758100004848000 0.200000003 0.200154742 -0.005352727 0.017943398
304849 4849.000000 17758100004849000 0.200000003 0.200788510 -0.002201806 -0.022008641
304850 4850.000000 17758100004850000 0.200000003 0.200306772 -0.007511321 -0.017368035
304851 4851.000000 17758100004851000 0.200000003 0.200646978 0.004102099 -0.003197253
304852 4852.000000 17758100004852000 0.200000003 0.200357014 0.004443794 0.013175671
304853 4853.000000 17758100004853000 0.200000003 0.200386690 -0.001133037 -0.002805275
304854 4854.000000 17758100004854000 0.200000003 0.200608568 -0.003104150 -0.014704513
304855 4855.000000 17758100004855000 0.200000003 0.200455536 -0.003455223 -0.022156741
304856 4856.000000 17758100004856000 0.200000003 0.200630845 -0.003950546 -0.018490316
304857 4857.000000 17758100004857000 0.200000003 0.200882679 0.000295480 0.010494482
304858 4858.000000 17758100004858000 0.200000003 0.200679473 -0.001823097 0.034970278
304859 4859.000000 17758100004859000 0.200000003 0.200553223 -0.001548112 0.017293116
304860 4860.000000 17758100004860000 0.200000003 0.200791795 0.002850233 -0.009440287
304861 4861.000000 17758100004861000 0.200000003 0.200532551 0.000225839 -0.013176489
304862 4862.000000 17758100004862000 0.200000003 0.200189112 -0.000168939 0.005058202
304863 4863.000000 17758100004863000 0.200000003 0.200386614 0.004244877 -0.023242318
304864 4864.000000 17758100004864000 0.200000003 0.200816180 0.004780556 -0.037675054
304865 4865.000000 17758100004865000 0.200000003 0.200335569 0.001788464 -0.047517010
304866 4866.000000 17758100004866000 0.200000003 0.200641686 0.005783268 -0.001499518
304867 4867.000000 17758100004867000 0.200000003 0.200329790 -0.003320597 -0.000024645
304868 4868.000000 17758100004868000 0.200000003 0.200188030 0.010120500 0.018379454
304869 4869.000000 17758100004869000 0.200000003 0.200377937 -0.001558713 0.031923156
304870 4870.000000 17758100004870000 0.200000003 0.200348789 -0.003002977 0.030690201
304871 4871.000000 17758100004871000 0.200000003 0.200626991 0.003728861 0.010249461
304872 4872.000000 17758100004872000 0.200000003 0.200393949 -0.004471051 -0.008414009
304873 4873.000000 17758100004873000 0.200000003 0.200430188 0.001029171 0.014545736
304874 4874.000000 17758100004874000 0.200000003 0.200383396 0.008433725 0.003074448
304875 4875.000000 17758100004875000 0.200000003 0.200522000 0.003941366 0.006905658
304876 4876.000000 17758100004876000 0.200000003 0.200652651 0.000535126 -0.029189361
304877 4877.000000 17758100004877000 0.200000003 0.200586719 0.001155567 -0.002675562
304878 4878.000000 17758100004878000 0.200000003 0.200192079 -0.000228928 0.025167174
304879 4879.000000 17758100004879000 0.200000003 0.200020516 0.002596275 -0.005164931
304880 4880.000000 17758100004880000 0.200000003 0.200788970 -0.000149372 -0.015700927
304881 4881.000000 17758100004881000 0.200000003 0.200448665 -0.000400500 0.009084268
304882 4882.000000 17758100004882000 0.200000003 0.200750287 -0.001751557 0.000502344
304883 4883.000000 17758100004883000 0.200000003 0.200634047 0.001442550 -0.025049886
304884 4884.000000 17758100004884000 0.200000003 0.200076746 -0.004814883 -0.031537157
304885 4885.000000 17758100004885000 0.200000003 0.200382526 0.001894891 0.017057126
304886 4886.000000 17758100004886000 0.200000003 0.200522698 0.001899052 0.013987865
304887 4887.000000 17758100004887000 0.200000003 0.200401391 0.003803801 0.047785996
304888 4888.000000 17758100004888000 0.200000003 0.200728823 -0.003025887 0.003752285
304889 4889.000000 17758100004889000 0.200000003 0.200066603 -0.004213403 -0.009496319
304890 4890.000000 17758100004890000 0.200000003 0.200346485 0.000879320 -0.002679239
304891 4891.000000 17758100004891000 0.200000003 0.200656372 -0.001001256 -0.018868479
304892 4892.000000 17758100004892000 0.200000003 0.200600223 -0.002002699 0.000839441
304893 4893.000000 17758100004893000 0.200000003 0.200799495 0.006637765 -0.037821304
304894 4894.000000 17758100004894000 0.200000003 0.200614364 -0.006356427 -0.026833856
304895 4895.000000 17758100004895000 0.200000003 0.200714959 -0.002224193 -0.020174004
304896 4896.000000 17758100004896000 0.200000003 0.200184365 0.000185890 -0.029459425
304897 4897.000000 17758100004897000 0.200000003 0.200703094 -0.003968802 -0.026077956
304898 4898.000000 17758100004898000 0.200000003 0.200160846 -0.003414753 -0.033683380
304899 4899.000000 17758100004899000 0.200000003 0.200637888 0.005477381 0.005578989
304900 4900.000000 17758100004900000 0.200000003 0.200446626 -0.000065583 -0.001086888
304901 4901.000000 17758100004901000 0.200000003 0.200382117 -0.000263423 0.007316027
304902 4902.000000 17758100004902000 0.200000003 0.200411585 -0.007192607 0.011557887
304903 4903.000000 17758100004903000 0.200000003 0.200604145 -0.003449430 -0.008686583
304904 4904.000000 17758100004904000 0.200000003 0.200467724 -0.000597683 -0.009029398
304905 4905.000000 17758100004905000 0.200000003 0.200923957 -0.003208004 0.015967944
304906 4906.000000 17758100004906000 0.200000003 0.200275151 -0.001874820 -0.008861624
304907 4907.000000 17758100004907000 0.200000003 0.200698470 -0.001844848 -0.005116982
304908 4908.000000 17758100004908000 0.200000003 0.200246102 0.000810989 -0.017397223
304909 4909.000000 17758100004909000 0.200000003 0.200339595 -0.003819747 0.037885111
304910 4910.000000 17758100004910000 0.200000003 0.200482359 -0.001541671 -0.000412854
304911 4911.000000 17758100004911000 0.200000003 0.200647246 -0.001713201 0.054516257
304912 4912.000000 17758100004912000 0.200000003 0.200407723 0.001926959 0.014346826
304913 4913.000000 17758100004913000 0.200000003 0.200624637 0.005448911 -0.019349838
304914 4914.000000 17758100004914000 0.200000003 0.200206183 -0.006351962 0.004792093
304915 4915.000000 17758100004915000 0.200000003 0.200101864 -0.002239522 -0.026326266
304916 4916.000000 17758100004916000 0.200000003 0.200281803 0.000506152 0.008856841
304917 4917.000000 17758100004917000 0.200000003 0.200142918 -0.012812551 0.028497602
304918 4918.000000 17758100004918000 0.200000003 0.200698708 0.001330255 -0.011619084
304919 4919.000000 17758100004919000 0.200000003 0.200254711 0.000746427 -0.002104148
304920 4920.000000 17758100004920000 0.200000003 0.200302778 -0.000252952 -0.005359413
304921 4921.000000 17758100004921000 0.200000003 0.200328908 0.000059435 -0.017589080
304922 4922.000000 17758100004922000 0.200000003 0.200248783 -0.000380786 0.010729970
304923 4923.000000 17758100004923000 0.200000003 0.200433245 -0.003606898 -0.005479372
304924 4924.000000 17758100004924000 0.200000003 0.200511817 -0.001564402 0.021129440
304925 4925.000000 17758100004925000 0.200000003 0.200543513 0.003337377 0.007881036
304926 4926.000000 17758100004926000 0.200000003 0.200517722 -0.000726622 -0.031271893
304927 4927.000000 17758100004927000 0.200000003 0.200457282 -0.001131137 -0.009471174
304928 4928.000000 17758100004928000 0.200000003 0.200559477 0.000046865 -0.005584239
304929 4929.000000 17758100004929000 0.200000003 0.200593180 -0.004282920 -0.027537976
304930 4930.000000 17758100004930000 0.200000003 0.200347504 0.001415432 0.003972199
304931 4931.000000 17758100004931000 0.200000003 0.200547185 -0.001611572 -0.003246188
304932 4932.000000 17758100004932000 0.200000003 0.200284513 0.000028980 -0.005265393
304933 4933.000000 17758100004933000 0.200000003 0.200506483 0.001490926 -0.010293503
304934 4934.000000 17758100004934000 0.200000003 0.200188422 0.003598523 -0.017248192
304935 4935.000000 17758100004935000 0.200000003 0.200475103 0.009081082 -0.019891945
304936 4936.000000 17758100004936000 0.200000003 0.200561252 0.002727086 0.013978495
304937 4937.000000 17758100004937000 0.200000003 0.200328447 0.003412641 0.000317386
304938 4938.000000 17758100004938000 0.200000003 0.200171432 0.003858699 -0.004695405
304939 4939.000000 17758100004939000 0.200000003 0.200626894 -0.010770411 0.042958162
304940 4940.000000 17758100004940000 0.200000003 0.200562441 0.002452753 0.043731220
304941 4941.000000 17758100004941000 0.200000003 0.200392370 0.009589891 0.004300599
304942 4942.000000 17758100004942000 0.200000003 0.200420367 -0.007580833 0.002896919
304943 4943.000000 17758100004943000 0.200000003 0.200267888 -0.001907337 -0.002179988
304944 4944.000000 17758100004944000 0.200000003 0.200361437 0.007349528 0.032078782
304945 4945.000000 17758100004945000 0.200000003 0.200136584 0.007955085 0.000380372
304946 4946.000000 17758100004946000 0.200000003 0.200947724 -0.005123901 -0.022105332
304947 4947.000000 17758100004947000 0.200000003 0.200562853 0.000171109 -0.001684840
304948 4948.000000 17758100004948000 0.200000003 0.200262515 -0.002639626 -0.000698964
304949 4949.000000 17758100004949000 0.200000003 0.200335061 -0.005501134 0.002497496
304950 4950.000000 17758100004950000 0.200000003 0.200483653 -0.002362211 0.053802345
304951 4951.000000 17758100004951000 0.200000003 0.200318435 0.001840612 0.005097381
304952 4952.000000 17758100004952000 0.200000003 0.200205941 -0.006843203 0.001272474
304953 4953.000000 17758100004953000 0.200000003 0.200420243 0.004578781 0.017093850
304954 4954.000000 17758100004954000 0.200000003 0.200651557 -0.002291516 -0.030981050
304955 4955.000000 17758100004955000 0.200000003 0.200407654 -0.002666911 0.005701757
304956 4956.000000 17758100004956000 0.200000003 0.200254270 0.000130367 -0.008798019
304957 4957.000000 17758100004957000 0.200000003 0.200454101 0.003656565 -0.014683974
304958 4958.000000 17758100004958000 0.200000003 0.200378140 -0.014944473 0.016513667
304959 4959.000000 17758100004959000 0.200000003 0.200706782 0.002887035 -0.009410474
304960 4960.000000 17758100004960000 0.200000003 0.200233555 -0.000731684 0.003520347
304961 4961.000000 17758100004961000 0.200000003 0.200559739 -0.004048238 -0.007180573
304962 4962.000000 17758100004962000 0.200000003 0.200510836 0.007992287 0.002170679
304963 4963.000000 17758100004963000 0.200000003 0.200168106 0.006305564 -0.031481069
304964 4964.000000 17758100004964000 0.200000003 0.200275390 0.003590410 -0.000448376
304965 4965.000000 17758100004965000 0.200000003 0.200429468 0.001013093 0.003127539
304966 4966.000000 17758100004966000 0.200000003 0.200698284 -0.001909639 -0.001511640
304967 4967.000000 17758100004967000 0.200000003 0.200352144 0.003645593 0.024137656
304968 4968.000000 17758100004968000 0.200000003 0.200867317 0.002593253 -0.016637995
304969 4969.000000 17758100004969000 0.200000003 0.200579533 0.006992784 -0.023343266
304970 4970.000000 17758100004970000 0.200000003 0.200638622 0.009867801 0.003434460
304971 4971.000000 17758100004971000 0.200000003 0.200717903 0.000061112 -0.010629645
304972 4972.000000 17758100004972000 0.200000003 0.200565714 -0.002984574 -0.011087135
304973 4973.000000 17758100004973000 0.200000003 0.200230168 0.001309737 -0.038779373
304974 4974.000000 17758100004974000 0.200000003 0.200548498 -0.003819374 -0.012097072
304975 4975.000000 17758100004975000 0.200000003 0.200735693 -0.001565940 0.022776246
304976 4976.000000 17758100004976000 0.200000003 0.200526691 0.001511489 0.018584827
304977 4977.000000 17758100004977000 0.200000003 0.200319739 -0.001812547 0.004219801
304978 4978.000000 17758100004978000 0.200000003 0.200699876 -0.000069045 -0.014605734
304979 4979.000000 17758100004979000 0.200000003 0.200555288 0.003672299 0.002204817
304980 4980.000000 17758100004980000 0.200000003 0.200524110 0.005500539 -0.016883081
304981 4981.000000 17758100004981000 0.200000003 0.200475634 0.004683661 0.000835322
304982 4982.000000 17758100004982000 0.200000003 0.200268823 -0.006378241 0.012113475
304983 4983.000000 17758100004983000 0.200000003 0.200808610 0.002121688 -0.003223868
304984 4984.000000 17758100004984000 0.200000003 0.200093095 0.005622990 0.030177913
304985 4985.000000 17758100004985000 0.200000003 0.200342953 -0.008033794 0.036642795
304986 4986.000000 17758100004986000 0.200000003 0.200341229 0.003109908 0.019187282
304987 4987.000000 17758100004987000 0.200000003 0.200635295 -0.005421751 0.016402509
304988 4988.000000 17758100004988000 0.200000003 0.200344446 -0.005050072 0.020069727
304989 4989.000000 17758100004989000 0.200000003 0.200674228 0.002564098 -0.000857939
304990 4990.000000 17758100004990000 0.200000003 0.200726977 -0.000132052 -0.007380910
304991 4991.000000 17758100004991000 0.200000003 0.200669150 0.002602151 0.003005868
304992 4992.000000 17758100004992000 0.200000003 0.200020929 -0.008494356 -0.039734856
304993 4993.000000 17758100004993000 0.200000003 0.200707992 -0.013615082 0.003000255
304994 4994.000000 17758100004994000 0.200000003 0.200552645 0.005968225 0.013196791
304995 4995.000000 17758100004995000 0.200000003 0.200394831 0.002222510 0.000694445
304996 4996.000000 17758100004996000 0.200000003 0.200481371 0.010287422 0.012792689
304997 4997.000000 17758100004997000 0.200000003 0.200565913 -0.004426544 -0.003501931
304998 4998.000000 17758100004998000 0.200000003 0.200004682 -0.001042811 -0.020606259
304999 4999.000000 17758100004999000 0.200000003 0.200631730 0.003514301 -0.032405959
