# SYNTHETIC PLACEHOLDER — replace with real WMX3 CoreMotion Data Log
CYCLE TIME SYSTEM_TIME CMDPOS0 FBKPOS0 FBKVEL0 FBKTRQ0
10000 0.000000 17758100000000000 0.001570794 0.000025146 0.004260143 0.030529614
10001 1.000000 17758100000001000 0.003161992 -0.000025793 0.002272849 -0.009637903
10002 2.000000 17758100000002000 0.004773578 0.000129950 0.000653116 0.017009724
10003 3.000000 17758100000003000 0.006405532 0.000024673 0.006718514 -0.016374160
10004 4.000000 17758100000004000 0.008057836 -0.000100405 0.009462078 0.070223370
10005 5.000000 17758100000005000 0.009730469 0.000083897 0.001019960 0.062609482
10006 6.000000 17758100000006000 0.011423408 0.000279638 0.005457530 0.094004251
10007 7.000000 17758100000007000 0.013136629 0.000218509 0.010789988 0.127517829
10008 8.000000 17758100000008000 0.014870107 -0.000097832 0.022133243 0.144249198
10009 9.000000 17758100000009000 0.016623815 -0.000192214 0.019952316 0.138982503
10010 10.000000 17758100000010000 0.018397725 -0.000041146 0.023818586 0.172267816
10011 11.000000 17758100000011000 0.020191807 0.000119638 0.037885638 0.156950570
10012 12.000000 17758100000012000 0.022006029 -0.000320013 0.032432318 0.207988844
10013 13.000000 17758100000013000 0.023840358 0.000141132 0.044790452 0.219002525
10014 14.000000 17758100000014000 0.025694759 -0.000017606 0.043304205 0.218856585
10015 15.000000 17758100000015000 0.027569195 0.000139097 0.054459507 0.212710125
10016 16.000000 17758100000016000 0.029463627 0.000238452 0.066327662 0.238824570
10017 17.000000 17758100000017000 0.031378015 0.000354055 0.066429218 0.264768337
10018 18.000000 17758100000018000 0.033312316 0.000578381 0.075449180 0.276715067
10019 19.000000 17758100000019000 0.035266487 0.000792487 0.087272093 0.275482761
10020 20.000000 17758100000020000 0.037240479 0.000655848 0.105068197 0.303924134
10021 21.000000 17758100000021000 0.039234246 0.001062499 0.099396678 0.330229987
10022 22.000000 17758100000022000 0.041247736 0.000774332 0.115195196 0.311944765
10023 23.000000 17758100000023000 0.043280896 0.001106774 0.134057143 0.322792774
10024 24.000000 17758100000024000 0.045333672 0.001357615 0.129471817 0.335638325
10025 25.000000 17758100000025000 0.047406006 0.001347926 0.161660403 0.368395267
10026 26.000000 17758100000026000 0.049497838 0.001344772 0.165170011 0.395341784
10027 27.000000 17758100000027000 0.051609108 0.001486009 0.186906652 0.416394593
10028 28.000000 17758100000028000 0.053739749 0.001768601 0.185052961 0.408991200
10029 29.000000 17758100000029000 0.055889697 0.002107256 0.207208531 0.404032521
10030 30.000000 17758100000030000 0.058058881 0.002078001 0.213451802 0.399991075
10031 31.000000 17758100000031000 0.060247229 0.002468786 0.232120617 0.445450978
10032 32.000000 17758100000032000 0.062454667 0.002723802 0.241327559 0.448841086
10033 33.000000 17758100000033000 0.064681119 0.003123507 0.256514572 0.449515321
10034 34.000000 17758100000034000 0.066926503 0.003332951 0.266096390 0.497022184
10035 35.000000 17758100000035000 0.069190738 0.003651082 0.275815021 0.458645226
10036 36.000000 17758100000036000 0.071473737 0.003754847 0.305324999 0.495975042
10037 37.000000 17758100000037000 0.073775414 0.004181212 0.333337842 0.470685001
10038 38.000000 17758100000038000 0.076095676 0.004701664 0.336269486 0.509095986
10039 39.000000 17758100000039000 0.078434429 0.005197785 0.351797441 0.521037454
10040 40.000000 17758100000040000 0.080791576 0.005018290 0.373451719 0.495360905
10041 41.000000 17758100000041000 0.083167017 0.005960937 0.384698070 0.575216055
10042 42.000000 17758100000042000 0.085560648 0.006332682 0.402782784 0.559942191
10043 43.000000 17758100000043000 0.087972363 0.006642686 0.416606714 0.510780743
10044 44.000000 17758100000044000 0.090402051 0.006980040 0.436082525 0.554807200
10045 45.000000 17758100000045000 0.092849600 0.007323140 0.464163707 0.569941251
10046 46.000000 17758100000046000 0.095314892 0.008154586 0.472798846 0.585875401
10047 47.000000 17758100000047000 0.097797809 0.008750600 0.496577292 0.562643466
10048 48.000000 17758100000048000 0.100298225 0.009233168 0.512445554 0.563230410
10049 49.000000 17758100000049000 0.102816015 0.009669095 0.528886241 0.570553325
10050 50.000000 17758100000050000 0.105351048 0.010029926 0.553928882 0.578987758
10051 51.000000 17758100000051000 0.107903189 0.010288504 0.575851342 0.593127089
10052 52.000000 17758100000052000 0.110472300 0.011120529 0.585139396 0.594093612
10053 53.000000 17758100000053000 0.113058241 0.011863685 0.612714640 0.615156555
10054 54.000000 17758100000054000 0.115660865 0.012105585 0.634797841 0.596248393
10055 55.000000 17758100000055000 0.118280023 0.013093216 0.649403803 0.615265790
10056 56.000000 17758100000056000 0.120915562 0.013771333 0.670769597 0.629603258
10057 57.000000 17758100000057000 0.123567324 0.014516130 0.691585560 0.645444219
10058 58.000000 17758100000058000 0.126235149 0.014852204 0.713123648 0.652736713
10059 59.000000 17758100000059000 0.128918871 0.015689483 0.727157347 0.664244036
10060 60.000000 17758100000060000 0.131618320 0.016488165 0.751049425 0.644046364
10061 61.000000 17758100000061000 0.134333324 0.017116086 0.776662090 0.643977944
10062 62.000000 17758100000062000 0.137063703 0.018493608 0.791894763 0.650979734
10063 63.000000 17758100000063000 0.139809276 0.018863456 0.816471550 0.635392957
10064 64.000000 17758100000064000 0.142569856 0.019866669 0.837873013 0.642963827
10065 65.000000 17758100000065000 0.145345252 0.020608840 0.855781557 0.630293054
10066 66.000000 17758100000066000 0.148135269 0.021858476 0.881892479 0.646127173
10067 67.000000 17758100000067000 0.150939706 0.022708728 0.909411984 0.671236277
10068 68.000000 17758100000068000 0.153758359 0.023495940 0.920648253 0.705256436
10069 69.000000 17758100000069000 0.156591020 0.023875009 0.943363446 0.693843657
10070 70.000000 17758100000070000 0.159437473 0.025294469 0.967549210 0.680987964
10071 71.000000 17758100000071000 0.162297500 0.026411139 0.984301891 0.666127977
10072 72.000000 17758100000072000 0.165170878 0.027487590 1.009386834 0.705251712
10073 73.000000 17758100000073000 0.168057379 0.028197737 1.027102641 0.696803679
10074 74.000000 17758100000074000 0.170956768 0.029742425 1.047371980 0.684488229
10075 75.000000 17758100000075000 0.173868809 0.030192881 1.080619524 0.708670423
10076 76.000000 17758100000076000 0.176793258 0.031425899 1.105422660 0.669647836
10077 77.000000 17758100000077000 0.179729866 0.032868784 1.132254878 0.697609135
10078 78.000000 17758100000078000 0.182678380 0.033837533 1.145140982 0.710541884
10079 79.000000 17758100000079000 0.185638543 0.035396556 1.173133532 0.663732061
10080 80.000000 17758100000080000 0.188610089 0.036224578 1.189321670 0.692129360
10081 81.000000 17758100000081000 0.191592750 0.037273495 1.209586683 0.694218962
10082 82.000000 17758100000082000 0.194586252 0.038560363 1.238969208 0.667295104
10083 83.000000 17758100000083000 0.197590315 0.039675890 1.256986113 0.701544918
10084 84.000000 17758100000084000 0.200604654 0.040919334 1.284043575 0.695971641
10085 85.000000 17758100000085000 0.203628979 0.042604219 1.304727830 0.686005357
10086 86.000000 17758100000086000 0.206662993 0.043920149 1.320899936 0.686319326
10087 87.000000 17758100000087000 0.209706395 0.045411118 1.342784052 0.726978728
10088 88.000000 17758100000088000 0.212758877 0.046372072 1.365609121 0.681186494
10089 89.000000 17758100000089000 0.215820128 0.048254092 1.389978357 0.725452545
10090 90.000000 17758100000090000 0.218889828 0.049274538 1.420280513 0.697823122
10091 91.000000 17758100000091000 0.221967653 0.051085082 1.437624145 0.712420222
10092 92.000000 17758100000092000 0.225053273 0.052144248 1.467716221 0.690325940
10093 93.000000 17758100000093000 0.228146352 0.053566694 1.485714220 0.720312647
10094 94.000000 17758100000094000 0.231246550 0.055269082 1.504443330 0.686625131
10095 95.000000 17758100000095000 0.234353517 0.056953053 1.523355033 0.716380713
10096 96.000000 17758100000096000 0.237466901 0.058328860 1.540070378 0.720156348
10097 97.000000 17758100000097000 0.240586343 0.059751655 1.577525789 0.676376543
10098 98.000000 17758100000098000 0.243711476 0.061194769 1.600774977 0.708656990
10099 99.000000 17758100000099000 0.246841930 0.062799053 1.615176922 0.679740755
10100 100.000000 17758100000100000 0.249977327 0.064818261 1.647115123 0.713791515
10101 101.000000 17758100000101000 0.253117283 0.066576000 1.660006823 0.704490469
10102 102.000000 17758100000102000 0.256261409 0.068027413 1.682094802 0.676496317
10103 103.000000 17758100000103000 0.259409309 0.069549421 1.709723910 0.688475096
10104 104.000000 17758100000104000 0.262560580 0.071664650 1.725808809 0.689248205
10105 105.000000 17758100000105000 0.265714814 0.072981348 1.745113775 0.655429085
10106 106.000000 17758100000106000 0.268871597 0.074863745 1.767139365 0.716209295
10107 107.000000 17758100000107000 0.272030507 0.076920944 1.781792321 0.675006799
10108 108.000000 17758100000108000 0.275191119 0.078158447 1.811346743 0.690186108
10109 109.000000 17758100000109000 0.278352997 0.080518734 1.832885717 0.696985821
10110 110.000000 17758100000110000 0.281515703 0.082179261 1.860219727 0.646951080
10111 111.000000 17758100000111000 0.284678790 0.084192600 1.878372632 0.640217185
10112 112.000000 17758100000112000 0.287841806 0.086051665 1.892333863 0.638063756
10113 113.000000 17758100000113000 0.291004291 0.088024076 1.920882015 0.673276541
10114 114.000000 17758100000114000 0.294165781 0.090060003 1.938978961 0.650862295
10115 115.000000 17758100000115000 0.297325804 0.091727537 1.965875871 0.671355501
10116 116.000000 17758100000116000 0.300483881 0.094141850 1.982960889 0.666500253
10117 117.000000 17758100000117000 0.303639528 0.096001572 1.998183083 0.642853336
10118 118.000000 17758100000118000 0.306792254 0.098043917 2.024035379 0.670656902
10119 119.000000 17758100000119000 0.309941562 0.100146928 2.036918993 0.642745265
10120 120.000000 17758100000120000 0.313086946 0.102130075 2.053804207 0.615181846
10121 121.000000 17758100000121000 0.316227898 0.104219631 2.079469747 0.643729377
10122 122.000000 17758100000122000 0.319363900 0.106163689 2.100542087 0.613825070
10123 123.000000 17758100000123000 0.322494428 0.107980306 2.122318799 0.629069379
10124 124.000000 17758100000124000 0.325618954 0.110374905 2.136109572 0.600962321
10125 125.000000 17758100000125000 0.328736941 0.112403255 2.155535342 0.626547364
10126 126.000000 17758100000126000 0.331847845 0.114446667 2.177682499 0.602375449
10127 127.000000 17758100000127000 0.334951119 0.116975589 2.192323416 0.596127132
10128 128.000000 17758100000128000 0.338046207 0.119021320 2.219179727 0.582890308
10129 129.000000 17758100000129000 0.341132547 0.121158446 2.221949359 0.625429952
10130 130.000000 17758100000130000 0.344209570 0.123403237 2.241102332 0.580170116
10131 131.000000 17758100000131000 0.347276702 0.125930810 2.263908889 0.607206825
10132 132.000000 17758100000132000 0.350333363 0.128231794 2.288477617 0.510522196
10133 133.000000 17758100000133000 0.353378964 0.130724933 2.299918547 0.565423439
10134 134.000000 17758100000134000 0.356412914 0.132775266 2.310830783 0.553283121
10135 135.000000 17758100000135000 0.359434611 0.135321026 2.338495957 0.558848276
10136 136.000000 17758100000136000 0.362443450 0.137744514 2.345776849 0.562774618
10137 137.000000 17758100000137000 0.365438818 0.140062053 2.374373245 0.516574160
10138 138.000000 17758100000138000 0.368420099 0.141743249 2.388808115 0.578122020
10139 139.000000 17758100000139000 0.371386667 0.144862430 2.407902671 0.545289772
10140 140.000000 17758100000140000 0.374337892 0.147100841 2.422496114 0.523697008
10141 141.000000 17758100000141000 0.377273137 0.149549496 2.437307536 0.510224534
10142 142.000000 17758100000142000 0.380191761 0.151986175 2.450764356 0.508139935
10143 143.000000 17758100000143000 0.383093115 0.154450763 2.460738679 0.476800061
10144 144.000000 17758100000144000 0.385976545 0.156915219 2.476622734 0.481468482
10145 145.000000 17758100000145000 0.388841391 0.159271266 2.491776671 0.472683857
10146 146.000000 17758100000146000 0.391686988 0.161468740 2.507004991 0.460676630
10147 147.000000 17758100000147000 0.394512664 0.164347338 2.517364303 0.479557517
10148 148.000000 17758100000148000 0.397317743 0.166742183 2.530158626 0.448613583
10149 149.000000 17758100000149000 0.400101543 0.169666256 2.554388252 0.456294425
10150 150.000000 17758100000150000 0.402863375 0.171952952 2.554623672 0.459695393
10151 151.000000 17758100000151000 0.405602547 0.174600771 2.578776091 0.445150170
10152 152.000000 17758100000152000 0.408318360 0.177000132 2.596158914 0.448498607
10153 153.000000 17758100000153000 0.411010111 0.179666214 2.593195768 0.409089460
10154 154.000000 17758100000154000 0.413677090 0.182376313 2.617228704 0.412640527
10155 155.000000 17758100000155000 0.416318586 0.184703508 2.621388929 0.380942871
10156 156.000000 17758100000156000 0.418933877 0.187694054 2.640658815 0.364330391
10157 157.000000 17758100000157000 0.421522242 0.190257077 2.641569419 0.380826354
10158 158.000000 17758100000158000 0.424082953 0.192696252 2.661579834 0.371068459
10159 159.000000 17758100000159000 0.426615275 0.195119239 2.662060323 0.350610259
10160 160.000000 17758100000160000 0.429118473 0.198377044 2.669015513 0.358293646
10161 161.000000 17758100000161000 0.431591805 0.200900195 2.694125058 0.322832383
10162 162.000000 17758100000162000 0.434034524 0.203548362 2.690486507 0.297971823
10163 163.000000 17758100000163000 0.436445882 0.206310814 2.697325857 0.290351068
10164 164.000000 17758100000164000 0.438825122 0.209433695 2.712527707 0.303615124
10165 165.000000 17758100000165000 0.441171489 0.211781108 2.719098466 0.303774772
10166 166.000000 17758100000166000 0.443484219 0.214537003 2.734573081 0.305916733
10167 167.000000 17758100000167000 0.445762549 0.216958461 2.731874380 0.280363032
10168 168.000000 17758100000168000 0.448005708 0.220328751 2.741228902 0.249006468
10169 169.000000 17758100000169000 0.450212925 0.222933014 2.754194503 0.232781013
10170 170.000000 17758100000170000 0.452383425 0.225719588 2.753088974 0.198996755
10171 171.000000 17758100000171000 0.454516429 0.228278486 2.767916400 0.221321854
10172 172.000000 17758100000172000 0.456611156 0.231220694 2.773784853 0.244908239
10173 173.000000 17758100000173000 0.458666822 0.233885225 2.783606345 0.198240814
10174 174.000000 17758100000174000 0.460682641 0.236712219 2.789044564 0.203460654
10175 175.000000 17758100000175000 0.462657823 0.239342143 2.779381721 0.188094465
10176 176.000000 17758100000176000 0.464591578 0.241864842 2.783460831 0.180172796
10177 177.000000 17758100000177000 0.466483113 0.245156050 2.786097517 0.174599677
10178 178.000000 17758100000178000 0.468331633 0.247357151 2.793782515 0.165769171
10179 179.000000 17758100000179000 0.470136340 0.250492806 2.796011874 0.126744523
10180 180.000000 17758100000180000 0.471896438 0.253298863 2.797899098 0.073385185
10181 181.000000 17758100000181000 0.473611126 0.255932077 2.795144317 0.121484112
10182 182.000000 17758100000182000 0.475279605 0.259065616 2.808850665 0.092922484
10183 183.000000 17758100000183000 0.476901072 0.261706281 2.795950381 0.078701847
10184 184.000000 17758100000184000 0.478474727 0.264462895 2.801235219 0.066021182
10185 185.000000 17758100000185000 0.479999767 0.267458278 2.808029291 0.037620588
10186 186.000000 17758100000186000 0.481475389 0.270062677 2.806805941 0.003888133
10187 187.000000 17758100000187000 0.482900791 0.273238638 2.801809243 0.007720443
10188 188.000000 17758100000188000 0.484275169 0.275832670 2.806306235 0.029519618
10189 189.000000 17758100000189000 0.485597723 0.278467292 2.798122254 -0.009839911
10190 190.000000 17758100000190000 0.486867651 0.280970820 2.807427228 -0.021232020
10191 191.000000 17758100000191000 0.488084153 0.283892894 2.800016746 -0.041634555
10192 192.000000 17758100000192000 0.489246429 0.287163365 2.787797537 -0.034246806
10193 193.000000 17758100000193000 0.490353682 0.289723676 2.792101209 -0.086231704
10194 194.000000 17758100000194000 0.491405116 0.292460739 2.782485779 -0.078193488
10195 195.000000 17758100000195000 0.492399936 0.295624872 2.780769925 -0.108300462
10196 196.000000 17758100000196000 0.493337351 0.297813275 2.779715165 -0.095582921
10197 197.000000 17758100000197000 0.494216570 0.300720504 2.763708823 -0.150153283
10198 198.000000 17758100000198000 0.495036808 0.303504661 2.768581274 -0.109942489
10199 199.000000 17758100000199000 0.495797279 0.306471194 2.753414475 -0.151042429
10200 200.000000 17758100000200000 0.496497205 0.308968636 2.752883297 -0.151998918
10201 201.000000 17758100000201000 0.497135807 0.311718208 2.741758297 -0.182248891
10202 202.000000 17758100000202000 0.497712313 0.314251006 2.728381420 -0.238041547
10203 203.000000 17758100000203000 0.498225953 0.317440080 2.715394195 -0.221664517
10204 204.000000 17758100000204000 0.498675963 0.320168135 2.706571336 -0.232471877
10205 205.000000 17758100000205000 0.499061583 0.322614285 2.704131034 -0.245871224
10206 206.000000 17758100000206000 0.499382058 0.325434272 2.686604774 -0.278122025
10207 207.000000 17758100000207000 0.499636639 0.327823943 2.678404916 -0.269582830
10208 208.000000 17758100000208000 0.499824581 0.330657265 2.667917894 -0.325859042
10209 209.000000 17758100000209000 0.499945148 0.333684065 2.653647677 -0.333271192
10210 210.000000 17758100000210000 0.499997606 0.336079594 2.641749259 -0.330792597
10211 211.000000 17758100000211000 0.499981232 0.339145052 2.633574314 -0.377864056
10212 212.000000 17758100000212000 0.499895306 0.341142065 2.622106424 -0.411578222
10213 213.000000 17758100000213000 0.499739119 0.344017453 2.604233967 -0.357552681
10214 214.000000 17758100000214000 0.499511968 0.346448987 2.589925469 -0.407543867
10215 215.000000 17758100000215000 0.499213156 0.349172149 2.573578012 -0.467196152
10216 216.000000 17758100000216000 0.498841997 0.351612050 2.552323237 -0.443983532
10217 217.000000 17758100000217000 0.498397813 0.354038771 2.538453767 -0.475163539
10218 218.000000 17758100000218000 0.497879934 0.356497423 2.511480506 -0.499048665
10219 219.000000 17758100000219000 0.497287700 0.359785879 2.502137286 -0.519527118
10220 220.000000 17758100000220000 0.496620462 0.361640124 2.480781780 -0.528242029
10221 221.000000 17758100000221000 0.495877579 0.363715751 2.469681308 -0.532232735
10222 222.000000 17758100000222000 0.495058420 0.366432825 2.434159701 -0.573838842
10223 223.000000 17758100000223000 0.494162368 0.369120933 2.417434477 -0.583935063
10224 224.000000 17758100000224000 0.493188814 0.371286824 2.412891738 -0.594947435
10225 225.000000 17758100000225000 0.492137162 0.374038482 2.383254040 -0.614110992
10226 226.000000 17758100000226000 0.491006827 0.376323908 2.363947007 -0.662483925
10227 227.000000 17758100000227000 0.489797239 0.378426810 2.329910254 -0.685466130
10228 228.000000 17758100000228000 0.488507836 0.380672872 2.302769532 -0.693204935
10229 229.000000 17758100000229000 0.487138073 0.382851955 2.287997095 -0.726088433
10230 230.000000 17758100000230000 0.485687416 0.385173398 2.261291424 -0.759362162
10231 231.000000 17758100000231000 0.484155348 0.387253520 2.237473457 -0.739370143
10232 232.000000 17758100000232000 0.482541363 0.389997410 2.216101360 -0.744537139
10233 233.000000 17758100000233000 0.480844970 0.392255992 2.185607457 -0.780996141
10234 234.000000 17758100000234000 0.479065694 0.393840289 2.145916569 -0.825025876
10235 235.000000 17758100000235000 0.477203077 0.395980503 2.122768093 -0.884030035
10236 236.000000 17758100000236000 0.475256673 0.397959462 2.085297838 -0.845762409
10237 237.000000 17758100000237000 0.473226055 0.400187066 2.069420957 -0.865571177
10238 238.000000 17758100000238000 0.471110812 0.401794962 2.034057626 -0.919126224
10239 239.000000 17758100000239000 0.468910549 0.404193202 1.999068864 -0.878926419
10240 240.000000 17758100000240000 0.466624891 0.406654848 1.975598815 -0.911606739
10241 241.000000 17758100000241000 0.464253478 0.408267863 1.935991162 -0.944339321
10242 242.000000 17758100000242000 0.461795969 0.410416484 1.913613972 -0.942759984
10243 243.000000 17758100000243000 0.459252043 0.412022727 1.878548886 -1.000618793
10244 244.000000 17758100000244000 0.456621396 0.414313335 1.851862984 -0.999298564
10245 245.000000 17758100000245000 0.453903746 0.415806798 1.801987462 -1.032407486
10246 246.000000 17758100000246000 0.451098828 0.417460693 1.774919423 -1.049488573
10247 247.000000 17758100000247000 0.448206400 0.419781447 1.731621871 -1.019777367
10248 248.000000 17758100000248000 0.445226238 0.420903012 1.690921449 -1.077462386
10249 249.000000 17758100000249000 0.442158142 0.422382996 1.668629927 -1.142321965
10250 250.000000 17758100000250000 0.439001931 0.424288690 1.615763700 -1.142414260
10251 251.000000 17758100000251000 0.435757447 0.425822687 1.590390466 -1.137193592
10252 252.000000 17758100000252000 0.432424555 0.427586257 1.540761624 -1.206557136
10253 253.000000 17758100000253000 0.429003141 0.428690941 1.505898296 -1.217969602
10254 254.000000 17758100000254000 0.425493116 0.430497568 1.459214343 -1.236730427
10255 255.000000 17758100000255000 0.421894414 0.431926927 1.415894527 -1.244308118
10256 256.000000 17758100000256000 0.418206991 0.433000363 1.373008580 -1.237644911
10257 257.000000 17758100000257000 0.414430830 0.434501157 1.332513364 -1.265015555
10258 258.000000 17758100000258000 0.410565938 0.435593394 1.292262216 -1.295818756
10259 259.000000 17758100000259000 0.406612347 0.437475516 1.253814285 -1.312467761
10260 260.000000 17758100000260000 0.402570114 0.438067454 1.197959628 -1.316133024
10261 261.000000 17758100000261000 0.398439321 0.439274057 1.156538829 -1.390068198
10262 262.000000 17758100000262000 0.394220080 0.440261730 1.108868195 -1.381085584
10263 263.000000 17758100000263000 0.389912525 0.441469050 1.062964916 -1.394542874
10264 264.000000 17758100000264000 0.385516821 0.442553001 1.010798066 -1.427689963
10265 265.000000 17758100000265000 0.381033158 0.443675534 0.960896191 -1.454607663
10266 266.000000 17758100000266000 0.376461755 0.444318923 0.916701759 -1.438476259
10267 267.000000 17758100000267000 0.371802859 0.445273527 0.869497256 -1.482853340
10268 268.000000 17758100000268000 0.367056744 0.445847037 0.831664955 -1.478618723
10269 269.000000 17758100000269000 0.362223716 0.446733844 0.776486258 -1.499047115
10270 270.000000 17758100000270000 0.357304107 0.448168215 0.715700531 -1.555689481
10271 271.000000 17758100000271000 0.352298280 0.448491146 0.659363505 -1.562375481
10272 272.000000 17758100000272000 0.347206630 0.448739944 0.604788479 -1.587817259
10273 273.000000 17758100000273000 0.342029578 0.449188974 0.564942321 -1.603449108
10274 274.000000 17758100000274000 0.336767580 0.449767857 0.512530209 -1.628973467
10275 275.000000 17758100000275000 0.331421119 0.450410826 0.462581069 -1.663362915
10276 276.000000 17758100000276000 0.325990713 0.450819405 0.395977013 -1.701006130
10277 277.000000 17758100000277000 0.320476908 0.451005390 0.343742566 -1.706305881
10278 278.000000 17758100000278000 0.314880285 0.451182662 0.284005982 -1.699908225
10279 279.000000 17758100000279000 0.309201455 0.451953513 0.236192249 -1.697147598
10280 280.000000 17758100000280000 0.303441062 0.451931215 0.176491523 -1.753122299
10281 281.000000 17758100000281000 0.297599783 0.451880017 0.110194500 -1.750305005
10282 282.000000 17758100000282000 0.291678328 0.451966529 0.056576379 -1.758902270
10283 283.000000 17758100000283000 0.285677441 0.451901596 -0.008148989 -1.789407913
10284 284.000000 17758100000284000 0.279597899 0.451357708 -0.062020066 -1.830087729
10285 285.000000 17758100000285000 0.273440511 0.451845532 -0.129608942 -1.828208650
10286 286.000000 17758100000286000 0.267206122 0.451425275 -0.182029161 -1.826470429
10287 287.000000 17758100000287000 0.260895611 0.451194856 -0.238041730 -1.850321017
10288 288.000000 17758100000288000 0.254509891 0.450961836 -0.299186248 -1.837395473
10289 289.000000 17758100000289000 0.248049911 0.450868857 -0.373700986 -1.840520872
10290 290.000000 17758100000290000 0.241516652 0.450058302 -0.429737362 -1.862303330
10291 291.000000 17758100000291000 0.234911133 0.449512592 -0.499635410 -1.915786148
10292 292.000000 17758100000292000 0.228234405 0.449371009 -0.550936345 -1.888524312
10293 293.000000 17758100000293000 0.221487559 0.448773637 -0.618254677 -1.963466109
10294 294.000000 17758100000294000 0.214671717 0.447746328 -0.690308533 -1.949188280
10295 295.000000 17758100000295000 0.207788038 0.447301185 -0.753983927 -1.959969025
10296 296.000000 17758100000296000 0.200837719 0.446315762 -0.811829929 -1.987690272
10297 297.000000 17758100000297000 0.193821989 0.445554106 -0.888745436 -2.002704275
10298 298.000000 17758100000298000 0.186742115 0.444295372 -0.945938592 -2.013206356
10299 299.000000 17758100000299000 0.179599402 0.443701430 -1.010896593 -2.008742049
10300 300.000000 17758100000300000 0.172395187 0.442696003 -1.082810291 -2.031862112
10301 301.000000 17758100000301000 0.165130847 0.441436092 -1.148010658 -2.040784306
10302 302.000000 17758100000302000 0.157807792 0.440206139 -1.213759974 -2.038297007
10303 303.000000 17758100000303000 0.150427470 0.438057920 -1.279194490 -2.104906466
10304 304.000000 17758100000304000 0.142991365 0.437514217 -1.356528675 -2.082276947
10305 305.000000 17758100000305000 0.135500997 0.436038203 -1.421611818 -2.094991242
10306 306.000000 17758100000306000 0.127957922 0.434526270 -1.483618265 -2.138420387
10307 307.000000 17758100000307000 0.120363733 0.432872840 -1.569786662 -2.117437155
10308 308.000000 17758100000308000 0.112720059 0.431383924 -1.621211627 -2.128011018
10309 309.000000 17758100000309000 0.105028563 0.429759522 -1.689068189 -2.149936830
10310 310.000000 17758100000310000 0.097290947 0.427858703 -1.756156942 -2.141598198
10311 311.000000 17758100000311000 0.089508946 0.425983032 -1.847555244 -2.164341620
10312 312.000000 17758100000312000 0.081684333 0.424415551 -1.908380848 -2.166274203
10313 313.000000 17758100000313000 0.073818914 0.421971917 -1.979848800 -2.147246027
10314 314.000000 17758100000314000 0.065914534 0.420351692 -2.040062839 -2.185615944
10315 315.000000 17758100000315000 0.057973070 0.418062823 -2.114855411 -2.200608952
10316 316.000000 17758100000316000 0.049996436 0.415677380 -2.184091550 -2.164272309
10317 317.000000 17758100000317000 0.041986579 0.413519888 -2.256690716 -2.165770417
10318 318.000000 17758100000318000 0.033945481 0.411062241 -2.339252874 -2.189652762
10319 319.000000 17758100000319000 0.025875160 0.408978262 -2.400896285 -2.211322977
10320 320.000000 17758100000320000 0.017777667 0.406438402 -2.485327798 -2.235209120
10321 321.000000 17758100000321000 0.009655085 0.403711510 -2.543731858 -2.213465101
10322 322.000000 17758100000322000 0.001509533 0.400984947 -2.616480110 -2.179937272
10323 323.000000 17758100000323000 -0.006656838 0.398576670 -2.689956788 -2.202889515
10324 324.000000 17758100000324000 -0.014841845 0.395947185 -2.759435116 -2.173643266
10325 325.000000 17758100000325000 -0.023043271 0.392900767 -2.828611782 -2.216012009
10326 326.000000 17758100000326000 -0.031258869 0.390103505 -2.907618480 -2.223367174
10327 327.000000 17758100000327000 -0.039486359 0.386969463 -2.973387948 -2.240409021
10328 328.000000 17758100000328000 -0.047723431 0.384011610 -3.039296240 -2.247686218
10329 329.000000 17758100000329000 -0.055967744 0.380821950 -3.115900471 -2.253843365
10330 330.000000 17758100000330000 -0.064216926 0.377749958 -3.187913193 -2.232807362
10331 331.000000 17758100000331000 -0.072468578 0.374129089 -3.260191275 -2.163500531
10332 332.000000 17758100000332000 -0.080720268 0.371228876 -3.337503312 -2.174143010
10333 333.000000 17758100000333000 -0.088969540 0.367652325 -3.394589109 -2.186579217
10334 334.000000 17758100000334000 -0.097213907 0.364297795 -3.474311895 -2.179208503
10335 335.000000 17758100000335000 -0.105450855 0.360615469 -3.542345777 -2.151692890
10336 336.000000 17758100000336000 -0.113677845 0.357134995 -3.614092500 -2.147662996
10337 337.000000 17758100000337000 -0.121892311 0.353174035 -3.684167718 -2.177082807
10338 338.000000 17758100000338000 -0.130091660 0.349874475 -3.754839712 -2.160012915
10339 339.000000 17758100000339000 -0.138273278 0.345474860 -3.824602503 -2.162962823
10340 340.000000 17758100000340000 -0.146434524 0.341717773 -3.885276737 -2.141294215
10341 341.000000 17758100000341000 -0.154572734 0.338014320 -3.951610160 -2.100883396
10342 342.000000 17758100000342000 -0.162685224 0.334233194 -4.025349710 -2.113817418
10343 343.000000 17758100000343000 -0.170769287 0.329901978 -4.100054275 -2.109542002
10344 344.000000 17758100000344000 -0.178822193 0.325635204 -4.161900499 -2.109432038
10345 345.000000 17758100000345000 -0.186841196 0.321171355 -4.217307472 -2.108094143
10346 346.000000 17758100000346000 -0.194823528 0.317123335 -4.293214171 -2.032780124
10347 347.000000 17758100000347000 -0.202766404 0.312796968 -4.361622316 -2.065354579
10348 348.000000 17758100000348000 -0.210667022 0.308713085 -4.430081966 -2.043268192
10349 349.000000 17758100000349000 -0.218522563 0.304008603 -4.488131330 -1.995157729
10350 350.000000 17758100000350000 -0.226330192 0.299023343 -4.556201914 -1.968569501
10351 351.000000 17758100000351000 -0.234087061 0.295115873 -4.612211464 -1.991126989
10352 352.000000 17758100000352000 -0.241790308 0.289949868 -4.676202262 -1.942480666
10353 353.000000 17758100000353000 -0.249437058 0.285108985 -4.741421627 -1.893932959
10354 354.000000 17758100000354000 -0.257024425 0.280774157 -4.805300095 -1.891756265
10355 355.000000 17758100000355000 -0.264549514 0.275602582 -4.863968787 -1.914598950
10356 356.000000 17758100000356000 -0.272009420 0.270612133 -4.925347421 -1.861451997
10357 357.000000 17758100000357000 -0.279401228 0.265742935 -4.987608999 -1.876562584
10358 358.000000 17758100000358000 -0.286722020 0.260822980 -5.038531041 -1.842210958
10359 359.000000 17758100000359000 -0.293968869 0.255749558 -5.103583844 -1.808578069
10360 360.000000 17758100000360000 -0.301138845 0.250115608 -5.162908722 -1.806758749
10361 361.000000 17758100000361000 -0.308229016 0.245573851 -5.224886212 -1.794443341
10362 362.000000 17758100000362000 -0.315236444 0.240091645 -5.272957809 -1.750358477
10363 363.000000 17758100000363000 -0.322158195 0.234500072 -5.334034450 -1.692800670
10364 364.000000 17758100000364000 -0.328991331 0.229032265 -5.376105448 -1.671437591
10365 365.000000 17758100000365000 -0.335732919 0.223569678 -5.436547928 -1.647762456
10366 366.000000 17758100000366000 -0.342380029 0.218304023 -5.488710863 -1.632268082
10367 367.000000 17758100000367000 -0.348929733 0.212615005 -5.546067163 -1.590383728
10368 368.000000 17758100000368000 -0.355379112 0.207007304 -5.582942252 -1.569171812
10369 369.000000 17758100000369000 -0.361725251 0.201689682 -5.634356648 -1.540499315
10370 370.000000 17758100000370000 -0.367965246 0.195920067 -5.676777083 -1.522710237
10371 371.000000 17758100000371000 -0.374096202 0.190041634 -5.731241152 -1.488730531
10372 372.000000 17758100000372000 -0.380115236 0.184495612 -5.766675143 -1.449842136
10373 373.000000 17758100000373000 -0.386019478 0.178806419 -5.812123497 -1.386204440
10374 374.000000 17758100000374000 -0.391806071 0.172455384 -5.850458019 -1.353470631
10375 375.000000 17758100000375000 -0.397472177 0.166653346 -5.902557286 -1.310330272
10376 376.000000 17758100000376000 -0.403014971 0.161021853 -5.935025403 -1.351367079
10377 377.000000 17758100000377000 -0.408431652 0.154997326 -5.983876746 -1.254236936
10378 378.000000 17758100000378000 -0.413719435 0.148881237 -6.017105963 -1.228349380
10379 379.000000 17758100000379000 -0.418875561 0.143014219 -6.055336101 -1.236235121
10380 380.000000 17758100000380000 -0.423897291 0.136474748 -6.082393216 -1.151181920
10381 381.000000 17758100000381000 -0.428781913 0.130273392 -6.120979812 -1.085749640
10382 382.000000 17758100000382000 -0.433526742 0.124240323 -6.145796036 -1.056774598
10383 383.000000 17758100000383000 -0.438129122 0.118251514 -6.184620501 -1.017054367
10384 384.000000 17758100000384000 -0.442586426 0.111851582 -6.215310346 -0.971182442
10385 385.000000 17758100000385000 -0.446896058 0.105669017 -6.244661630 -0.917642633
10386 386.000000 17758100000386000 -0.451055458 0.099300478 -6.269605814 -0.890015254
10387 387.000000 17758100000387000 -0.455062097 0.093075272 -6.299698582 -0.844314238
10388 388.000000 17758100000388000 -0.458913488 0.086678668 -6.325053214 -0.806257576
10389 389.000000 17758100000389000 -0.462607177 0.080611334 -6.344435594 -0.715647640
10390 390.000000 17758100000390000 -0.466140754 0.074334552 -6.364056073 -0.684640165
10391 391.000000 17758100000391000 -0.469511848 0.067698331 -6.383697021 -0.669634276
10392 392.000000 17758100000392000 -0.472718133 0.061354550 -6.387476301 -0.623503820
10393 393.000000 17758100000393000 -0.475757329 0.054865755 -6.414915271 -0.534012977
10394 394.000000 17758100000394000 -0.478627199 0.048660205 -6.429456698 -0.493491527
10395 395.000000 17758100000395000 -0.481325559 0.042131477 -6.433969132 -0.473246714
10396 396.000000 17758100000396000 -0.483850274 0.035981628 -6.446331907 -0.428332177
10397 397.000000 17758100000397000 -0.486199258 0.028983976 -6.463337692 -0.379656472
10398 398.000000 17758100000398000 -0.488370482 0.022808730 -6.462535591 -0.267107778
10399 399.000000 17758100000399000 -0.490361971 0.016352833 -6.467092116 -0.213102444
10400 400.000000 17758100000400000 -0.492171808 0.009716177 -6.479892389 -0.165128679
10401 401.000000 17758100000401000 -0.493798134 0.003427429 -6.478198121 -0.140612348
10402 402.000000 17758100000402000 -0.495239150 -0.003454486 -6.473902307 -0.090012477
10403 403.000000 17758100000403000 -0.496493120 -0.009218650 -6.471066749 -0.032682157
10404 404.000000 17758100000404000 -0.497558372 -0.016382726 -6.475585871 -0.012065961
10405 405.000000 17758100000405000 -0.498433299 -0.022396671 -6.460289633 0.113890273
10406 406.000000 17758100000406000 -0.499116360 -0.029263701 -6.456072406 0.170362591
10407 407.000000 17758100000407000 -0.499606086 -0.035258775 -6.454010469 0.197759508
10408 408.000000 17758100000408000 -0.499901075 -0.042004102 -6.439366259 0.248817995
10409 409.000000 17758100000409000 -0.499999999 -0.048320453 -6.415778538 0.341382099
10410 410.000000 17758100000410000 -0.499901605 -0.054751311 -6.407848279 0.374468525
10411 411.000000 17758100000411000 -0.499604713 -0.060934580 -6.402173024 0.450645441
10412 412.000000 17758100000412000 -0.499108220 -0.067592721 -6.379867520 0.476079682
10413 413.000000 17758100000413000 -0.498411104 -0.074474497 -6.345065924 0.598585035
10414 414.000000 17758100000414000 -0.497512420 -0.080362697 -6.329870890 0.613322387
10415 415.000000 17758100000415000 -0.496411307 -0.086478550 -6.303738065 0.632317933
10416 416.000000 17758100000416000 -0.495106986 -0.092880970 -6.283394712 0.759749610
10417 417.000000 17758100000417000 -0.493598763 -0.098887453 -6.240822051 0.832776155
10418 418.000000 17758100000418000 -0.491886030 -0.105055832 -6.218034492 0.858120537
10419 419.000000 17758100000419000 -0.489968267 -0.111472836 -6.187386179 0.968674984
10420 420.000000 17758100000420000 -0.487845041 -0.117890465 -6.149856274 1.022865801
10421 421.000000 17758100000421000 -0.485516013 -0.123427787 -6.097015274 1.066829405
10422 422.000000 17758100000422000 -0.482980932 -0.129560880 -6.072701228 1.115470941
10423 423.000000 17758100000423000 -0.480239643 -0.135868917 -6.029708380 1.198763214
10424 424.000000 17758100000424000 -0.477292083 -0.141375691 -5.995417770 1.244383669
10425 425.000000 17758100000425000 -0.474138286 -0.147810005 -5.946015692 1.320136630
10426 426.000000 17758100000426000 -0.470778382 -0.153863090 -5.904732683 1.360530089
10427 427.000000 17758100000427000 -0.467212601 -0.159512775 -5.841137006 1.426958741
10428 428.000000 17758100000428000 -0.463441270 -0.165060394 -5.797759171 1.493524345
10429 429.000000 17758100000429000 -0.459464817 -0.171204184 -5.742971909 1.576524776
10430 430.000000 17758100000430000 -0.455283772 -0.176311509 -5.684418341 1.611062746
10431 431.000000 17758100000431000 -0.450898766 -0.182508379 -5.625487758 1.663501603
10432 432.000000 17758100000432000 -0.446310535 -0.187705710 -5.557209492 1.769489577
10433 433.000000 17758100000433000 -0.441519919 -0.193293383 -5.505554452 1.791525952
10434 434.000000 17758100000434000 -0.436527863 -0.198874887 -5.436507929 1.902954940
10435 435.000000 17758100000435000 -0.431335418 -0.204003846 -5.379439435 1.927413434
10436 436.000000 17758100000436000 -0.425943743 -0.209827840 -5.312890564 1.980172382
10437 437.000000 17758100000437000 -0.420354102 -0.214494332 -5.241520006 2.038636238
10438 438.000000 17758100000438000 -0.414567871 -0.219944563 -5.166264469 2.122728375
10439 439.000000 17758100000439000 -0.408586534 -0.225132308 -5.090697337 2.176594127
10440 440.000000 17758100000440000 -0.402411682 -0.229890000 -5.010733502 2.224670932
10441 441.000000 17758100000441000 -0.396045019 -0.234765921 -4.933455958 2.319433839
10442 442.000000 17758100000442000 -0.389488359 -0.239682093 -4.860961688 2.363060777
10443 443.000000 17758100000443000 -0.382743628 -0.244212435 -4.774794892 2.423368347
10444 444.000000 17758100000444000 -0.375812862 -0.249088656 -4.687065078 2.493649131
10445 445.000000 17758100000445000 -0.368698209 -0.253654853 -4.613422343 2.561063743
10446 446.000000 17758100000446000 -0.361401929 -0.258538633 -4.522484174 2.616766479
10447 447.000000 17758100000447000 -0.353926396 -0.262838964 -4.435954528 2.652555442
10448 448.000000 17758100000448000 -0.346274094 -0.267085907 -4.335177126 2.713404078
10449 449.000000 17758100000449000 -0.338447620 -0.271447035 -4.245109684 2.798465182
10450 450.000000 17758100000450000 -0.330449685 -0.275533103 -4.154298164 2.794237223
10451 451.000000 17758100000451000 -0.322283111 -0.279561295 -4.050546439 2.899573829
10452 452.000000 17758100000452000 -0.313950830 -0.283432137 -3.956248330 2.952567026
10453 453.000000 17758100000453000 -0.305455891 -0.287475404 -3.849150913 2.973968749
10454 454.000000 17758100000454000 -0.296801450 -0.291277005 -3.752953328 3.007063703
10455 455.000000 17758100000455000 -0.287990777 -0.295020870 -3.646512494 3.098390422
10456 456.000000 17758100000456000 -0.279027250 -0.298576245 -3.549626943 3.136816361
10457 457.000000 17758100000457000 -0.269914361 -0.301598961 -3.433290472 3.205047892
10458 458.000000 17758100000458000 -0.260655709 -0.305177159 -3.328707687 3.202807927
10459 459.000000 17758100000459000 -0.251255003 -0.308219341 -3.224948889 3.311894160
10460 460.000000 17758100000460000 -0.241716059 -0.311740829 -3.113670044 3.372812780
10461 461.000000 17758100000461000 -0.232042802 -0.314860220 -2.996089054 3.368253434
10462 462.000000 17758100000462000 -0.222239264 -0.317558746 -2.872426127 3.412362650
10463 463.000000 17758100000463000 -0.212309581 -0.319879625 -2.770612855 3.511968936
10464 464.000000 17758100000464000 -0.202257994 -0.322537609 -2.636402394 3.535539922
10465 465.000000 17758100000465000 -0.192088847 -0.325208000 -2.524039887 3.566155247
10466 466.000000 17758100000466000 -0.181806587 -0.327837565 -2.401552702 3.625441304
10467 467.000000 17758100000467000 -0.171415762 -0.329984272 -2.277209526 3.637941688
10468 468.000000 17758100000468000 -0.160921018 -0.332175649 -2.161934463 3.671393537
10469 469.000000 17758100000469000 -0.150327099 -0.334218862 -2.033907949 3.752790899
10470 470.000000 17758100000470000 -0.139638847 -0.336559473 -1.909106650 3.749968877
10471 471.000000 17758100000471000 -0.128861198 -0.338011725 -1.784812441 3.803750449
10472 472.000000 17758100000472000 -0.117999180 -0.339532429 -1.649992235 3.814023078
10473 473.000000 17758100000473000 -0.107057914 -0.340716762 -1.525024383 3.819195760
10474 474.000000 17758100000474000 -0.096042607 -0.342383899 -1.392234761 3.907101809
10475 475.000000 17758100000475000 -0.084958558 -0.343401307 -1.261147559 3.938722463
10476 476.000000 17758100000476000 -0.073811146 -0.344894204 -1.131980376 3.929062302
10477 477.000000 17758100000477000 -0.062605838 -0.345867686 -0.997811527 4.017931395
10478 478.000000 17758100000478000 -0.051348179 -0.347465622 -0.874196551 4.033308703
10479 479.000000 17758100000479000 -0.040043791 -0.347327818 -0.741279133 4.009253997
10480 480.000000 17758100000480000 -0.028698376 -0.347911254 -0.592935486 4.039947163
10481 481.000000 17758100000481000 -0.017317707 -0.348132956 -0.466919558 4.076136648
10482 482.000000 17758100000482000 -0.005907628 -0.348912346 -0.326017274 4.090050285
10483 483.000000 17758100000483000 0.005525949 -0.348989163 -0.187504112 4.083148418
10484 484.000000 17758100000484000 0.016977045 -0.349205337 -0.054399201 4.118343990
10485 485.000000 17758100000485000 0.028439618 -0.349218539 0.084971447 4.133628017
10486 486.000000 17758100000486000 0.039907569 -0.348907458 0.212393175 4.091294006
10487 487.000000 17758100000487000 0.051374741 -0.348477550 0.349718762 4.149509556
10488 488.000000 17758100000488000 0.062834921 -0.347643101 0.488571069 4.161039960
10489 489.000000 17758100000489000 0.074281850 -0.347281133 0.629568845 4.144962984
10490 490.000000 17758100000490000 0.085709217 -0.346668698 0.757956383 4.163489324
10491 491.000000 17758100000491000 0.097110670 -0.345572796 0.907393746 4.187019271
10492 492.000000 17758100000492000 0.108479816 -0.344509807 1.038579623 4.156551879
10493 493.000000 17758100000493000 0.119810224 -0.343502376 1.191186211 4.134925405
10494 494.000000 17758100000494000 0.131095431 -0.341814038 1.326601928 4.136678126
10495 495.000000 17758100000495000 0.142328944 -0.340957865 1.464914816 4.159573301
10496 496.000000 17758100000496000 0.153504242 -0.339022639 1.590588171 4.182343381
10497 497.000000 17758100000497000 0.164614783 -0.337109173 1.735780938 4.178130380
10498 498.000000 17758100000498000 0.175654007 -0.335635038 1.882099783 4.106297591
10499 499.000000 17758100000499000 0.186615338 -0.333283653 2.007892941 4.109817859
10500 500.000000 17758100000500000 0.197492191 -0.330949740 2.151862438 4.105447818
10501 501.000000 17758100000501000 0.208277972 -0.328834488 2.278668146 4.103084396
10502 502.000000 17758100000502000 0.218966087 -0.326845273 2.417219563 4.062045360
10503 503.000000 17758100000503000 0.229549943 -0.324100728 2.565384167 4.060772127
10504 504.000000 17758100000504000 0.240022951 -0.321023111 2.688879037 4.006206079
10505 505.000000 17758100000505000 0.250378535 -0.318391857 2.824629270 3.976118384
10506 506.000000 17758100000506000 0.260610132 -0.315503841 2.949411309 3.958283379
10507 507.000000 17758100000507000 0.270711197 -0.312333350 3.072595222 3.952282576
10508 508.000000 17758100000508000 0.280675211 -0.309067551 3.202563574 3.920870438
10509 509.000000 17758100000509000 0.290495681 -0.306015206 3.342402302 3.870696898
10510 510.000000 17758100000510000 0.300166146 -0.302466120 3.466990575 3.832368961
10511 511.000000 17758100000511000 0.309680183 -0.298788009 3.598737026 3.822484732
10512 512.000000 17758100000512000 0.319031410 -0.295209272 3.713717655 3.758438986
10513 513.000000 17758100000513000 0.328213491 -0.291287827 3.841115792 3.714703639
10514 514.000000 17758100000514000 0.337220141 -0.287040446 3.957627972 3.704615781
10515 515.000000 17758100000515000 0.346045132 -0.283412246 4.084660261 3.631386045
10516 516.000000 17758100000516000 0.354682294 -0.278633397 4.189550018 3.557390974
10517 517.000000 17758100000517000 0.363125524 -0.274325935 4.317099414 3.551919153
10518 518.000000 17758100000518000 0.371368787 -0.270612380 4.427686512 3.517846906
10519 519.000000 17758100000519000 0.379406125 -0.265752387 4.544872863 3.432940842
10520 520.000000 17758100000520000 0.387231657 -0.260998614 4.662116540 3.391362231
10521 521.000000 17758100000521000 0.394839587 -0.256452713 4.768559724 3.327767440
10522 522.000000 17758100000522000 0.402224211 -0.251574555 4.877327169 3.296944875
10523 523.000000 17758100000523000 0.409379915 -0.246494137 4.975718365 3.164184973
10524 524.000000 17758100000524000 0.416301186 -0.241215779 5.069680309 3.126656689
10525 525.000000 17758100000525000 0.422982614 -0.236281693 5.178557451 3.084652219
10526 526.000000 17758100000526000 0.429418898 -0.230531030 5.284372597 3.006797617
10527 527.000000 17758100000527000 0.435604849 -0.225458772 5.373760783 2.949566654
10528 528.000000 17758100000528000 0.441535399 -0.220063534 5.475608163 2.859015619
10529 529.000000 17758100000529000 0.447205599 -0.214187732 5.556231936 2.795333068
10530 530.000000 17758100000530000 0.452610632 -0.208697724 5.653823704 2.719161272
10531 531.000000 17758100000531000 0.457745809 -0.203007929 5.747855087 2.648162797
10532 532.000000 17758100000532000 0.462606581 -0.197322868 5.827654022 2.565943077
10533 533.000000 17758100000533000 0.467188541 -0.190987454 5.902139647 2.478551328
10534 534.000000 17758100000534000 0.471487426 -0.185203015 5.988273042 2.401213240
10535 535.000000 17758100000535000 0.475499126 -0.179345506 6.059888738 2.326787169
10536 536.000000 17758100000536000 0.479219685 -0.173486900 6.130242036 2.213160366
10537 537.000000 17758100000537000 0.482645310 -0.166893621 6.208870859 2.114169479
10538 538.000000 17758100000538000 0.485772369 -0.160926804 6.272053157 2.066718034
10539 539.000000 17758100000539000 0.488597400 -0.154707209 6.324233571 1.933596283
10540 540.000000 17758100000540000 0.491117115 -0.148025017 6.391625532 1.868243715
10541 541.000000 17758100000541000 0.493328402 -0.141460391 6.460213677 1.808494653
10542 542.000000 17758100000542000 0.495228332 -0.134753195 6.506415139 1.678020975
10543 543.000000 17758100000543000 0.496814159 -0.128394946 6.568157946 1.582567710
10544 544.000000 17758100000544000 0.498083329 -0.121683974 6.610024395 1.518239744
10545 545.000000 17758100000545000 0.499033480 -0.115439415 6.655684019 1.363373821
10546 546.000000 17758100000546000 0.499662449 -0.108506477 6.683943294 1.276271787
10547 547.000000 17758100000547000 0.499968271 -0.101746922 6.727815877 1.190931421
10548 548.000000 17758100000548000 0.499949189 -0.094834613 6.772242110 1.080800325
10549 549.000000 17758100000549000 0.499603651 -0.088188123 6.802590450 0.967705263
10550 550.000000 17758100000550000 0.498930318 -0.081227278 6.824222810 0.812174725
10551 551.000000 17758100000551000 0.497928065 -0.074641716 6.843898372 0.740292998
10552 552.000000 17758100000552000 0.496595987 -0.067601668 6.863128329 0.649866544
10553 553.000000 17758100000553000 0.494933396 -0.060705871 6.883052429 0.538709697
10554 554.000000 17758100000554000 0.492939831 -0.054141219 6.897043405 0.415748121
10555 555.000000 17758100000555000 0.490615057 -0.046949073 6.902179195 0.320908065
10556 556.000000 17758100000556000 0.487959066 -0.040135348 6.908036236 0.191576468
10557 557.000000 17758100000557000 0.484972085 -0.033537071 6.917854285 0.131923355
10558 558.000000 17758100000558000 0.481654572 -0.026051162 6.919748097 -0.016299359
10559 559.000000 17758100000559000 0.478007222 -0.019407157 6.910130524 -0.146253979
10560 560.000000 17758100000560000 0.474030970 -0.012606320 6.899526332 -0.264527893
10561 561.000000 17758100000561000 0.469726988 -0.005625250 6.892884781 -0.353137117
10562 562.000000 17758100000562000 0.465096692 0.001347234 6.863372392 -0.463672186
10563 563.000000 17758100000563000 0.460141740 0.008470087 6.848098321 -0.582319035
10564 564.000000 17758100000564000 0.454864036 0.014959958 6.822653161 -0.688493769
10565 565.000000 17758100000565000 0.449265728 0.021884187 6.793941247 -0.871960772
10566 566.000000 17758100000566000 0.443349212 0.028829092 6.759872163 -0.932301920
10567 567.000000 17758100000567000 0.437117131 0.035390056 6.733970613 -1.027488782
10568 568.000000 17758100000568000 0.430572378 0.042186518 6.692416971 -1.140768872
10569 569.000000 17758100000569000 0.423718092 0.048523648 6.644987798 -1.275452714
10570 570.000000 17758100000570000 0.416557663 0.055372199 6.606695218 -1.407861514
10571 571.000000 17758100000571000 0.409094728 0.061754534 6.540668945 -1.521295023
10572 572.000000 17758100000572000 0.401333177 0.068474479 6.492527258 -1.594569627
10573 573.000000 17758100000573000 0.393277142 0.074493914 6.430346817 -1.743753624
10574 574.000000 17758100000574000 0.384931010 0.080911561 6.381233015 -1.857933122
10575 575.000000 17758100000575000 0.376299410 0.087628165 6.306044181 -2.014492961
10576 576.000000 17758100000576000 0.367387220 0.093572538 6.238891337 -2.100297952
10577 577.000000 17758100000577000 0.358199561 0.099704006 6.162275891 -2.196762954
10578 578.000000 17758100000578000 0.348741801 0.105878415 6.092598540 -2.301748143
10579 579.000000 17758100000579000 0.339019545 0.111731540 6.009278237 -2.400800621
10580 580.000000 17758100000580000 0.329038643 0.118058212 5.924815223 -2.506271541
10581 581.000000 17758100000581000 0.318805180 0.123376668 5.835459131 -2.604694690
10582 582.000000 17758100000582000 0.308325479 0.129339825 5.747740234 -2.720315253
10583 583.000000 17758100000583000 0.297606094 0.135088067 5.651303139 -2.832729306
10584 584.000000 17758100000584000 0.286653812 0.140548380 5.553698563 -2.935756010
10585 585.000000 17758100000585000 0.275475645 0.145857869 5.441918191 -3.013569333
10586 586.000000 17758100000586000 0.264078833 0.151188831 5.350281247 -3.127197710
10587 587.000000 17758100000587000 0.252470832 0.156683587 5.241461536 -3.271501466
10588 588.000000 17758100000588000 0.240659320 0.161517011 5.128066296 -3.337047734
10589 589.000000 17758100000589000 0.228652187 0.166862350 5.008591449 -3.423879379
10590 590.000000 17758100000590000 0.216457531 0.171320546 4.892490702 -3.514871286
10591 591.000000 17758100000591000 0.204083655 0.176285865 4.766135220 -3.650094989
10592 592.000000 17758100000592000 0.191539066 0.181051810 4.645295547 -3.712591682
10593 593.000000 17758100000593000 0.178832461 0.185315071 4.530971357 -3.787044992
10594 594.000000 17758100000594000 0.165972733 0.190087246 4.390782080 -3.898357823
10595 595.000000 17758100000595000 0.152968957 0.194212082 4.256207277 -3.977452652
10596 596.000000 17758100000596000 0.139830390 0.198132382 4.125304670 -4.061838551
10597 597.000000 17758100000597000 0.126566460 0.202021850 3.985453328 -4.114956281
10598 598.000000 17758100000598000 0.113186767 0.205858186 3.840391318 -4.228865928
10599 599.000000 17758100000599000 0.099701070 0.209884330 3.705317732 -4.302007386
10600 600.000000 17758100000600000 0.086119287 0.213200320 3.555441240 -4.380921884
10601 601.000000 17758100000601000 0.072451481 0.216568692 3.410301034 -4.384108589
10602 602.000000 17758100000602000 0.058707862 0.220055573 3.266133384 -4.480655359
10603 603.000000 17758100000603000 0.044898772 0.223665492 3.109551153 -4.557692988
10604 604.000000 17758100000604000 0.031034681 0.226219626 2.960894578 -4.613948296
10605 605.000000 17758100000605000 0.017126183 0.229114826 2.800866363 -4.630953157
10606 606.000000 17758100000606000 0.003183983 0.231645034 2.636961473 -4.731927196
10607 607.000000 17758100000607000 -0.010781110 0.234239683 2.476834863 -4.755014266
10608 608.000000 17758100000608000 -0.024758188 0.236133745 2.319756307 -4.855054951
10609 609.000000 17758100000609000 -0.038736253 0.238472637 2.151260933 -4.911163781
10610 610.000000 17758100000610000 -0.052704228 0.240603027 1.994316114 -4.938706629
10611 611.000000 17758100000611000 -0.066650963 0.242373459 1.833818052 -4.967690184
10612 612.000000 17758100000612000 -0.080565245 0.243997933 1.658244012 -4.998670367
10613 613.000000 17758100000613000 -0.094435805 0.245394301 1.490596825 -5.047126358
10614 614.000000 17758100000614000 -0.108251330 0.246797771 1.331564780 -5.053372368
10615 615.000000 17758100000615000 -0.122000469 0.247846468 1.156330701 -5.081013438
10616 616.000000 17758100000616000 -0.135671846 0.248497884 0.983830120 -5.090228726
10617 617.000000 17758100000617000 -0.149254065 0.249552676 0.814188824 -5.157067593
10618 618.000000 17758100000618000 -0.162735724 0.250523807 0.638013119 -5.190722315
10619 619.000000 17758100000619000 -0.176105422 0.251204532 0.472326721 -5.173961763
10620 620.000000 17758100000620000 -0.189351770 0.251547239 0.296138794 -5.199747978
10621 621.000000 17758100000621000 -0.202463399 0.251322040 0.106432043 -5.192688801
10622 622.000000 17758100000622000 -0.215428974 0.251426142 -0.051389942 -5.217212603
10623 623.000000 17758100000623000 -0.228237201 0.251200507 -0.226508723 -5.188133040
10624 624.000000 17758100000624000 -0.240876837 0.250478665 -0.409330114 -5.177099739
10625 625.000000 17758100000625000 -0.253336704 0.249702761 -0.569033041 -5.173326602
10626 626.000000 17758100000626000 -0.265605694 0.249301174 -0.747578341 -5.160326284
10627 627.000000 17758100000627000 -0.277672784 0.248023125 -0.922189928 -5.149350169
10628 628.000000 17758100000628000 -0.289527046 0.247220680 -1.101219748 -5.143675876
10629 629.000000 17758100000629000 -0.301157654 0.246144697 -1.261664921 -5.155643754
10630 630.000000 17758100000630000 -0.312553899 0.244307639 -1.431369159 -5.107970863
10631 631.000000 17758100000631000 -0.323705197 0.242997862 -1.597111483 -5.056945002
10632 632.000000 17758100000632000 -0.334601100 0.241471458 -1.766691500 -5.010890907
10633 633.000000 17758100000633000 -0.345231307 0.239361363 -1.934477436 -5.024926795
10634 634.000000 17758100000634000 -0.355585677 0.237294070 -2.103259686 -4.911947826
10635 635.000000 17758100000635000 -0.365654234 0.235107944 -2.264545059 -4.900965065
10636 636.000000 17758100000636000 -0.375427183 0.232848263 -2.422110652 -4.830458246
10637 637.000000 17758100000637000 -0.384894918 0.229946857 -2.593503883 -4.815648357
10638 638.000000 17758100000638000 -0.394048032 0.227419080 -2.745921669 -4.716661241
10639 639.000000 17758100000639000 -0.402877330 0.224260669 -2.899686657 -4.699850645
10640 640.000000 17758100000640000 -0.411373837 0.221110425 -3.054035983 -4.577107418
10641 641.000000 17758100000641000 -0.419528810 0.218076862 -3.202364236 -4.561095973
10642 642.000000 17758100000642000 -0.427333745 0.214537426 -3.346213972 -4.449309730
10643 643.000000 17758100000643000 -0.434780393 0.211041578 -3.503956120 -4.406365961
10644 644.000000 17758100000644000 -0.441860762 0.207387821 -3.647992072 -4.311783940
10645 645.000000 17758100000645000 -0.448567136 0.203261723 -3.790513363 -4.221255940
10646 646.000000 17758100000646000 -0.454892076 0.199814454 -3.938097801 -4.142322278
10647 647.000000 17758100000647000 -0.460828436 0.195477204 -4.057347445 -4.062106209
10648 648.000000 17758100000648000 -0.466369369 0.191512261 -4.194565507 -3.984917095
10649 649.000000 17758100000649000 -0.471508336 0.187497767 -4.322397652 -3.863346275
10650 650.000000 17758100000650000 -0.476239119 0.182651240 -4.452140386 -3.765687295
10651 651.000000 17758100000651000 -0.480555825 0.178071697 -4.571042021 -3.693877927
10652 652.000000 17758100000652000 -0.484452896 0.173758046 -4.695975546 -3.572663095
10653 653.000000 17758100000653000 -0.487925120 0.168783805 -4.807174465 -3.486920838
10654 654.000000 17758100000654000 -0.490967636 0.163946952 -4.925962744 -3.346161631
10655 655.000000 17758100000655000 -0.493575943 0.158649316 -5.025167393 -3.244275433
10656 656.000000 17758100000656000 -0.495745909 0.153734246 -5.141483112 -3.136873313
10657 657.000000 17758100000657000 -0.497473774 0.148211172 -5.232683193 -3.019993637
10658 658.000000 17758100000658000 -0.498756164 0.142880602 -5.331247120 -2.854092854
10659 659.000000 17758100000659000 -0.499590092 0.137710253 -5.420632737 -2.761429058
10660 660.000000 17758100000660000 -0.499972967 0.131958586 -5.514018246 -2.611022490
10661 661.000000 17758100000661000 -0.499902600 0.126635344 -5.599811938 -2.532653431
10662 662.000000 17758100000662000 -0.499377208 0.121284755 -5.678125896 -2.340584905
10663 663.000000 17758100000663000 -0.498395425 0.114719023 -5.751517332 -2.229005850
10664 664.000000 17758100000664000 -0.496956298 0.109085561 -5.820911312 -2.053532234
10665 665.000000 17758100000665000 -0.495059301 0.103574341 -5.890416966 -1.954077255
10666 666.000000 17758100000666000 -0.492704335 0.097374883 -5.947881510 -1.772996408
10667 667.000000 17758100000667000 -0.489891733 0.091633758 -6.011574409 -1.656429241
10668 668.000000 17758100000668000 -0.486622260 0.085146057 -6.055387908 -1.521994110
10669 669.000000 17758100000669000 -0.482897125 0.079314645 -6.100574655 -1.342714953
10670 670.000000 17758100000670000 -0.478717974 0.073077295 -6.131184961 -1.196214737
10671 671.000000 17758100000671000 -0.474086901 0.066958227 -6.169312452 -1.071863990
10672 672.000000 17758100000672000 -0.469006442 0.060787881 -6.202350220 -0.901496253
10673 673.000000 17758100000673000 -0.463479585 0.054242992 -6.230825128 -0.778229117
10674 674.000000 17758100000674000 -0.457509762 0.048016446 -6.255867712 -0.616216798
10675 675.000000 17758100000675000 -0.451100861 0.042239492 -6.280072838 -0.446261918
10676 676.000000 17758100000676000 -0.444257213 0.035735923 -6.284025304 -0.263301399
10677 677.000000 17758100000677000 -0.436983605 0.029410647 -6.289947339 -0.177043931
10678 678.000000 17758100000678000 -0.429285270 0.023092338 -6.291859791 -0.010600814
10679 679.000000 17758100000679000 -0.421167888 0.016889146 -6.278803704 0.142125091
10680 680.000000 17758100000680000 -0.412637589 0.010313487 -6.274410958 0.294789722
10681 681.000000 17758100000681000 -0.403700944 0.004087105 -6.261675762 0.510875506
10682 682.000000 17758100000682000 -0.394364968 -0.001689303 -6.245305317 0.639295040
10683 683.000000 17758100000683000 -0.384637115 -0.008131170 -6.204317025 0.791791656
10684 684.000000 17758100000684000 -0.374525273 -0.014171451 -6.175195980 0.976525562
10685 685.000000 17758100000685000 -0.364037761 -0.020606368 -6.143941103 1.135409529
10686 686.000000 17758100000686000 -0.353183327 -0.026312046 -6.099973379 1.293379750
10687 687.000000 17758100000687000 -0.341971139 -0.032573734 -6.055894103 1.470118377
10688 688.000000 17758100000688000 -0.330410782 -0.038550020 -5.999747426 1.576377532
10689 689.000000 17758100000689000 -0.318512249 -0.044482955 -5.944742371 1.739458888
10690 690.000000 17758100000690000 -0.306285941 -0.050636392 -5.886451924 1.885636328
10691 691.000000 17758100000691000 -0.293742651 -0.056667228 -5.820129478 2.071149968
10692 692.000000 17758100000692000 -0.280893565 -0.062253934 -5.751193232 2.195226963
10693 693.000000 17758100000693000 -0.267750247 -0.067380592 -5.669416994 2.338538680
10694 694.000000 17758100000694000 -0.254324634 -0.073032223 -5.579900199 2.500124683
10695 695.000000 17758100000695000 -0.240629029 -0.078860496 -5.507598754 2.642746569
10696 696.000000 17758100000696000 -0.226676085 -0.084258512 -5.404736774 2.800573997
10697 697.000000 17758100000697000 -0.212478803 -0.089301525 -5.308373216 2.943261547
10698 698.000000 17758100000698000 -0.198050513 -0.094752161 -5.212674821 3.060193639
10699 699.000000 17758100000699000 -0.183404872 -0.100082373 -5.111916739 3.193564996
10700 700.000000 17758100000700000 -0.168555845 -0.104563388 -4.996997413 3.320519718
10701 701.000000 17758100000701000 -0.153517696 -0.109600580 -4.882517826 3.458329681
10702 702.000000 17758100000702000 -0.138304978 -0.114960056 -4.757939015 3.638449694
10703 703.000000 17758100000703000 -0.122932514 -0.119157248 -4.635317237 3.721996037
10704 704.000000 17758100000704000 -0.107415392 -0.123576659 -4.512175559 3.828116667
10705 705.000000 17758100000705000 -0.091768944 -0.127888885 -4.376812102 3.984655846
10706 706.000000 17758100000706000 -0.076008735 -0.132199524 -4.248911789 4.071212380
10707 707.000000 17758100000707000 -0.060150548 -0.136463237 -4.105932299 4.136843261
10708 708.000000 17758100000708000 -0.044210371 -0.140323038 -3.958211023 4.289802713
10709 709.000000 17758100000709000 -0.028204377 -0.144058842 -3.819522379 4.397738688
10710 710.000000 17758100000710000 -0.012148914 -0.147840054 -3.669030100 4.528696028
10711 711.000000 17758100000711000 0.003939516 -0.151376941 -3.522860542 4.629989174
10712 712.000000 17758100000712000 0.020044272 -0.154412565 -3.361362899 4.707608443
10713 713.000000 17758100000713000 0.036148587 -0.158054041 -3.199323500 4.809388003
10714 714.000000 17758100000714000 0.052235591 -0.160974807 -3.042565225 4.856537665
10715 715.000000 17758100000715000 0.068288327 -0.164187092 -2.868632251 4.931772741
10716 716.000000 17758100000716000 0.084289763 -0.166381750 -2.705832852 5.020720633
10717 717.000000 17758100000717000 0.100222820 -0.168864149 -2.539458455 5.095139785
10718 718.000000 17758100000718000 0.116070379 -0.171288451 -2.363597378 5.165915458
10719 719.000000 17758100000719000 0.131815311 -0.173409346 -2.188566058 5.220222125
10720 720.000000 17758100000720000 0.147440485 -0.175523906 -2.012925804 5.284293414
10721 721.000000 17758100000721000 0.162928796 -0.177385372 -1.846756511 5.341309948
10722 722.000000 17758100000722000 0.178263176 -0.179021951 -1.666345128 5.367707888
10723 723.000000 17758100000723000 0.193426620 -0.180652659 -1.482334879 5.435059397
10724 724.000000 17758100000724000 0.208402203 -0.181662314 -1.304432058 5.454531453
10725 725.000000 17758100000725000 0.223173096 -0.183087684 -1.108131959 5.482473637
10726 726.000000 17758100000726000 0.237722593 -0.184244698 -0.943640707 5.514625210
10727 727.000000 17758100000727000 0.252034123 -0.184532052 -0.748762232 5.564092590
10728 728.000000 17758100000728000 0.266091276 -0.184896593 -0.572063061 5.572245758
10729 729.000000 17758100000729000 0.279877818 -0.185838028 -0.384660862 5.576621660
10730 730.000000 17758100000730000 0.293377714 -0.185859905 -0.187111103 5.568297603
10731 731.000000 17758100000731000 0.306575147 -0.185984535 -0.008451423 5.532703670
10732 732.000000 17758100000732000 0.319454538 -0.185745867 0.178299991 5.567228536
10733 733.000000 17758100000733000 0.332000563 -0.185297599 0.365297463 5.530411295
10734 734.000000 17758100000734000 0.344198177 -0.185007532 0.545294727 5.528924270
10735 735.000000 17758100000735000 0.356032630 -0.184083024 0.734645577 5.506721444
10736 736.000000 17758100000736000 0.367489490 -0.183405874 0.917854754 5.476646976
10737 737.000000 17758100000737000 0.378554658 -0.182129437 1.096937090 5.440679885
10738 738.000000 17758100000738000 0.389214389 -0.180975305 1.275907302 5.396199596
10739 739.000000 17758100000739000 0.399455311 -0.179492808 1.458162803 5.383129960
10740 740.000000 17758100000740000 0.409264445 -0.177990127 1.639643457 5.315274106
10741 741.000000 17758100000741000 0.418629220 -0.175591470 1.810035374 5.258064723
10742 742.000000 17758100000742000 0.427537493 -0.173748754 1.984385487 5.203453911
10743 743.000000 17758100000743000 0.435977568 -0.172077474 2.149952281 5.135324726
10744 744.000000 17758100000744000 0.443938210 -0.169487305 2.330436801 5.053258060
10745 745.000000 17758100000745000 0.451408665 -0.167009048 2.489862973 4.963739639
10746 746.000000 17758100000746000 0.458378676 -0.164355929 2.661864312 4.904294708
10747 747.000000 17758100000747000 0.464838497 -0.161688533 2.821212759 4.819359387
10748 748.000000 17758100000748000 0.470778912 -0.158271384 2.983262822 4.707136321
10749 749.000000 17758100000749000 0.476191248 -0.155369449 3.134136003 4.638915803
10750 750.000000 17758100000750000 0.481067393 -0.151912937 3.279296417 4.491261672
10751 751.000000 17758100000751000 0.485399804 -0.148469344 3.443616433 4.415884024
10752 752.000000 17758100000752000 0.489181528 -0.144723283 3.582556887 4.237436635
10753 753.000000 17758100000753000 0.492406210 -0.141644430 3.717017785 4.178511062
10754 754.000000 17758100000754000 0.495068108 -0.137080265 3.850175147 4.062241783
10755 755.000000 17758100000755000 0.497162106 -0.133188356 3.980608687 3.900369125
10756 756.000000 17758100000756000 0.498683720 -0.129213578 4.121726839 3.772995996
10757 757.000000 17758100000757000 0.499629116 -0.124613940 4.236411133 3.643947988
10758 758.000000 17758100000758000 0.499995115 -0.120693137 4.358232902 3.490720881
10759 759.000000 17758100000759000 0.499779205 -0.116099064 4.475080063 3.385013397
10760 760.000000 17758100000760000 0.498979545 -0.111830888 4.581764446 3.258747807
10761 761.000000 17758100000761000 0.497594980 -0.106771796 4.687256085 3.057639917
10762 762.000000 17758100000762000 0.495625042 -0.102181308 4.783205451 2.926608100
10763 763.000000 17758100000763000 0.493069960 -0.097427300 4.881481207 2.742173449
10764 764.000000 17758100000764000 0.489930663 -0.091947182 4.971680055 2.539490848
10765 765.000000 17758100000765000 0.486208785 -0.087381824 5.049275238 2.417537794
10766 766.000000 17758100000766000 0.481906672 -0.082191722 5.129152761 2.267199315
10767 767.000000 17758100000767000 0.477027379 -0.077033570 5.197733858 2.076617429
10768 768.000000 17758100000768000 0.471574679 -0.071879595 5.267062779 1.915906853
10769 769.000000 17758100000769000 0.465553058 -0.066296099 5.332894238 1.758110746
10770 770.000000 17758100000770000 0.458967722 -0.060874011 5.382613888 1.543248946
10771 771.000000 17758100000771000 0.451824589 -0.055521580 5.427485330 1.395429262
10772 772.000000 17758100000772000 0.444130292 -0.050592786 5.471540833 1.199249851
10773 773.000000 17758100000773000 0.435892178 -0.044410834 5.502945917 1.020811800
10774 774.000000 17758100000774000 0.427118301 -0.039143940 5.537262548 0.858995047
10775 775.000000 17758100000775000 0.417817420 -0.033754501 5.569133130 0.651081990
10776 776.000000 17758100000776000 0.407998991 -0.027810036 5.588403020 0.440418493
10777 777.000000 17758100000777000 0.397673167 -0.022225951 5.583536039 0.276238365
10778 778.000000 17758100000778000 0.386850783 -0.016949620 5.601172351 0.083621171
10779 779.000000 17758100000779000 0.375543355 -0.010649963 5.597680163 -0.106319366
10780 780.000000 17758100000780000 0.363763066 -0.005797091 5.580871228 -0.310438951
10781 781.000000 17758100000781000 0.351522760 -0.000326068 5.577853011 -0.474593574
10782 782.000000 17758100000782000 0.338835925 0.005345497 5.557746929 -0.638104072
10783 783.000000 17758100000783000 0.325716690 0.011390092 5.532878654 -0.907607431
10784 784.000000 17758100000784000 0.312179805 0.016567881 5.490863202 -1.033251512
10785 785.000000 17758100000785000 0.298240630 0.021987024 5.456001899 -1.206083889
10786 786.000000 17758100000786000 0.283915120 0.027462426 5.415614290 -1.406621289
10787 787.000000 17758100000787000 0.269219810 0.032717815 5.354298883 -1.600270108
10788 788.000000 17758100000788000 0.254171795 0.038004092 5.312476581 -1.811799777
10789 789.000000 17758100000789000 0.238788720 0.043255549 5.243452810 -1.984046208
10790 790.000000 17758100000790000 0.223088754 0.048697658 5.169957613 -2.137888248
10791 791.000000 17758100000791000 0.207090574 0.053857115 5.103704792 -2.357009654
10792 792.000000 17758100000792000 0.190813345 0.058457774 5.021824928 -2.504073304
10793 793.000000 17758100000793000 0.174276699 0.063645428 4.926923914 -2.663003987
10794 794.000000 17758100000794000 0.157500714 0.068591343 4.831488345 -2.849433993
10795 795.000000 17758100000795000 0.140505889 0.072955213 4.741794093 -3.016313122
10796 796.000000 17758100000796000 0.123313121 0.077705155 4.647757899 -3.187189075
10797 797.000000 17758100000797000 0.105943686 0.082123031 4.526245793 -3.353835640
10798 798.000000 17758100000798000 0.088419205 0.086483026 4.408824289 -3.458466601
10799 799.000000 17758100000799000 0.070761627 0.091052669 4.285533309 -3.624859891
10800 800.000000 17758100000800000 0.052993198 0.095051621 4.170490661 -3.779488830
10801 801.000000 17758100000801000 0.035136434 0.099362245 4.030871773 -3.945722371
10802 802.000000 17758100000802000 0.017214096 0.103133218 3.906258059 -4.082765192
10803 803.000000 17758100000803000 -0.000750840 0.106986064 3.767050336 -4.195635412
10804 804.000000 17758100000804000 -0.018735213 0.110466473 3.622652668 -4.329868846
10805 805.000000 17758100000805000 -0.036715704 0.113872032 3.472841131 -4.491252174
10806 806.000000 17758100000806000 -0.054668865 0.117303647 3.333196880 -4.589904215
10807 807.000000 17758100000807000 -0.072571154 0.120488293 3.167907660 -4.707461509
10808 808.000000 17758100000808000 -0.090398961 0.123356680 3.017777937 -4.842045430
10809 809.000000 17758100000809000 -0.108128643 0.126429255 2.849203871 -4.915024990
10810 810.000000 17758100000810000 -0.125736552 0.129173527 2.687153056 -5.009545223
10811 811.000000 17758100000811000 -0.143199068 0.131567162 2.509080494 -5.115191855
10812 812.000000 17758100000812000 -0.160492633 0.134217711 2.342087902 -5.205969790
10813 813.000000 17758100000813000 -0.177593781 0.135913415 2.165194230 -5.233252149
10814 814.000000 17758100000814000 -0.194479172 0.138131772 1.986801242 -5.347903290
10815 815.000000 17758100000815000 -0.211125624 0.139754266 1.802344706 -5.409395456
10816 816.000000 17758100000816000 -0.227510147 0.141509803 1.627463990 -5.477109683
10817 817.000000 17758100000817000 -0.243609974 0.142740393 1.454675654 -5.538540587
10818 818.000000 17758100000818000 -0.259402594 0.144387930 1.267611266 -5.548215294
10819 819.000000 17758100000819000 -0.274865789 0.145272218 1.071485632 -5.591135565
10820 820.000000 17758100000820000 -0.289977659 0.146359996 0.894304801 -5.653228432
10821 821.000000 17758100000821000 -0.304716663 0.146564331 0.696988233 -5.665999525
10822 822.000000 17758100000822000 -0.319061646 0.147225621 0.502805063 -5.694110135
10823 823.000000 17758100000823000 -0.332991873 0.147462877 0.316816429 -5.703926664
10824 824.000000 17758100000824000 -0.346487061 0.147662124 0.129717801 -5.681614837
10825 825.000000 17758100000825000 -0.359527412 0.147567182 -0.058963817 -5.704959042
10826 826.000000 17758100000826000 -0.372093641 0.147429081 -0.251460413 -5.689458296
10827 827.000000 17758100000827000 -0.384167009 0.147008024 -0.441524952 -5.658162320
10828 828.000000 17758100000828000 -0.395729355 0.146373092 -0.627026289 -5.642455199
10829 829.000000 17758100000829000 -0.406763123 0.145452483 -0.817001729 -5.598357385
10830 830.000000 17758100000830000 -0.417251391 0.144597092 -1.009006838 -5.549465175
10831 831.000000 17758100000831000 -0.427177904 0.143545900 -1.189438543 -5.511009555
10832 832.000000 17758100000832000 -0.436527097 0.141818343 -1.371902073 -5.431712909
10833 833.000000 17758100000833000 -0.445284125 0.140445798 -1.555390405 -5.402406848
10834 834.000000 17758100000834000 -0.453434889 0.138698575 -1.729945082 -5.326672864
10835 835.000000 17758100000835000 -0.460966062 0.136898192 -1.908094045 -5.233434454
10836 836.000000 17758100000836000 -0.467865113 0.134708880 -2.086032882 -5.206360426
10837 837.000000 17758100000837000 -0.474120332 0.132464524 -2.247523812 -5.107575754
10838 838.000000 17758100000838000 -0.479720852 0.129847418 -2.423906065 -4.995084058
10839 839.000000 17758100000839000 -0.484656671 0.127463241 -2.585467631 -4.878439115
10840 840.000000 17758100000840000 -0.488918675 0.124526623 -2.748443131 -4.760612933
10841 841.000000 17758100000841000 -0.492498655 0.121908839 -2.908971786 -4.681139503
10842 842.000000 17758100000842000 -0.495389328 0.118726322 -3.055930307 -4.533630714
10843 843.000000 17758100000843000 -0.497584351 0.115546956 -3.206740548 -4.417580206
10844 844.000000 17758100000844000 -0.499078342 0.112007911 -3.349161781 -4.296439060
10845 845.000000 17758100000845000 -0.499866892 0.108853792 -3.483526502 -4.141175016
10846 846.000000 17758100000846000 -0.499946581 0.105202900 -3.628220899 -3.987936307
10847 847.000000 17758100000847000 -0.499314987 0.101477618 -3.760116946 -3.856037778
10848 848.000000 17758100000848000 -0.497970700 0.097866289 -3.898806677 -3.667355902
10849 849.000000 17758100000849000 -0.495913331 0.093405762 -4.001854510 -3.564644701
10850 850.000000 17758100000850000 -0.493143521 0.089537856 -4.122371752 -3.346836963
10851 851.000000 17758100000851000 -0.489662945 0.085044429 -4.231689256 -3.159363107
10852 852.000000 17758100000852000 -0.485474321 0.080816952 -4.333887028 -2.995668324
10853 853.000000 17758100000853000 -0.480581410 0.076383032 -4.425878945 -2.829772845
10854 854.000000 17758100000854000 -0.474989024 0.071843703 -4.520522512 -2.661943232
10855 855.000000 17758100000855000 -0.468703019 0.067318484 -4.605208694 -2.454335538
10856 856.000000 17758100000856000 -0.461730301 0.062443683 -4.683892533 -2.260583257
10857 857.000000 17758100000857000 -0.454078821 0.057758363 -4.754427971 -2.088351649
10858 858.000000 17758100000858000 -0.445757568 0.053037603 -4.821223571 -1.850516680
10859 859.000000 17758100000859000 -0.436776570 0.048401818 -4.881883820 -1.640160648
10860 860.000000 17758100000860000 -0.427146881 0.042953600 -4.935525217 -1.461350792
10861 861.000000 17758100000861000 -0.416880574 0.037785649 -4.970480617 -1.239792499
10862 862.000000 17758100000862000 -0.405990732 0.033036772 -5.010851737 -1.016490523
10863 863.000000 17758100000863000 -0.394491433 0.028107192 -5.044564853 -0.797933886
10864 864.000000 17758100000864000 -0.382397738 0.023055773 -5.071730067 -0.632197091
10865 865.000000 17758100000865000 -0.369725675 0.017953839 -5.076788066 -0.377446283
10866 866.000000 17758100000866000 -0.356492224 0.013076741 -5.097230142 -0.176450116
10867 867.000000 17758100000867000 -0.342715295 0.007937504 -5.094535006 0.035079738
10868 868.000000 17758100000868000 -0.328413708 0.002639037 -5.099407145 0.290552422
10869 869.000000 17758100000869000 -0.313607175 -0.002526765 -5.076347236 0.461418172
10870 870.000000 17758100000870000 -0.298316271 -0.007564984 -5.059441505 0.633576154
10871 871.000000 17758100000871000 -0.282562414 -0.012604004 -5.041348534 0.907744697
10872 872.000000 17758100000872000 -0.266367835 -0.017581736 -5.003456516 1.100299931
10873 873.000000 17758100000873000 -0.249755551 -0.022814848 -4.968832507 1.315996293
10874 874.000000 17758100000874000 -0.232749336 -0.027509017 -4.918080574 1.506874946
10875 875.000000 17758100000875000 -0.215373689 -0.032364084 -4.868711152 1.738706569
10876 876.000000 17758100000876000 -0.197653803 -0.037118079 -4.800242919 1.971255666
10877 877.000000 17758100000877000 -0.179615528 -0.041864420 -4.728183415 2.167278996
10878 878.000000 17758100000878000 -0.161285339 -0.046337723 -4.661825390 2.346108470
10879 879.000000 17758100000879000 -0.142690298 -0.051155740 -4.579172269 2.541834026
10880 880.000000 17758100000880000 -0.123858018 -0.055626411 -4.487779353 2.761747969
10881 881.000000 17758100000881000 -0.104816620 -0.059825342 -4.403941807 2.947501879
10882 882.000000 17758100000882000 -0.085594696 -0.064275218 -4.293809135 3.149142324
10883 883.000000 17758100000883000 -0.066221268 -0.068372522 -4.190030264 3.295687554
10884 884.000000 17758100000884000 -0.046725743 -0.072356825 -4.074733986 3.485329149
10885 885.000000 17758100000885000 -0.027137873 -0.076362534 -3.969898751 3.654168253
10886 886.000000 17758100000886000 -0.007487706 -0.080228789 -3.837278430 3.823142905
10887 887.000000 17758100000887000 0.012194453 -0.084020147 -3.703716078 3.979156157
10888 888.000000 17758100000888000 0.031878096 -0.087411326 -3.563059264 4.149973236
10889 889.000000 17758100000889000 0.051532549 -0.090939102 -3.433148531 4.316605452
10890 890.000000 17758100000890000 0.071127030 -0.094356403 -3.287939931 4.427056228
10891 891.000000 17758100000891000 0.090630688 -0.097416783 -3.132814613 4.594119797
10892 892.000000 17758100000892000 0.110012659 -0.100606888 -2.979267130 4.693831754
10893 893.000000 17758100000893000 0.129242109 -0.103373368 -2.816637636 4.861113458
10894 894.000000 17758100000894000 0.148288289 -0.106212511 -2.658772788 4.959903244
10895 895.000000 17758100000895000 0.167120581 -0.108460037 -2.487865980 5.043802862
10896 896.000000 17758100000896000 0.185708549 -0.110374721 -2.322974483 5.126292218
10897 897.000000 17758100000897000 0.204021992 -0.112897226 -2.143899948 5.253691700
10898 898.000000 17758100000898000 0.222030989 -0.114595753 -1.962905328 5.373696676
10899 899.000000 17758100000899000 0.239705955 -0.116541703 -1.790769751 5.406472888
10900 900.000000 17758100000900000 0.257017688 -0.118286730 -1.608163078 5.504176096
10901 901.000000 17758100000901000 0.273937421 -0.119300148 -1.414255348 5.557679292
10902 902.000000 17758100000902000 0.290436868 -0.120686118 -1.239102238 5.619207243
10903 903.000000 17758100000903000 0.306488278 -0.122199517 -1.052040693 5.675780876
10904 904.000000 17758100000904000 0.322064485 -0.122497880 -0.865165892 5.699534964
10905 905.000000 17758100000905000 0.337138950 -0.123587364 -0.670594022 5.750876344
10906 906.000000 17758100000906000 0.351685814 -0.123882613 -0.475329876 5.767046317
10907 907.000000 17758100000907000 0.365679946 -0.123995837 -0.284867721 5.756679442
10908 908.000000 17758100000908000 0.379096985 -0.124279388 -0.079207700 5.804512713
10909 909.000000 17758100000909000 0.391913392 -0.123893131 0.098277723 5.767781241
10910 910.000000 17758100000910000 0.404106488 -0.123670019 0.289792944 5.732522431
10911 911.000000 17758100000911000 0.415654502 -0.123651467 0.485439201 5.758573397
10912 912.000000 17758100000912000 0.426536611 -0.122753768 0.682499681 5.727050126
10913 913.000000 17758100000913000 0.436732984 -0.121736632 0.863850014 5.667394941
10914 914.000000 17758100000914000 0.446224819 -0.120853893 1.054827317 5.651334151
10915 915.000000 17758100000915000 0.454994386 -0.119541866 1.241098431 5.530600338
10916 916.000000 17758100000916000 0.463025058 -0.117914333 1.422037561 5.498491965
10917 917.000000 17758100000917000 0.470301351 -0.116404954 1.605607286 5.376565477
10918 918.000000 17758100000918000 0.476808958 -0.114867461 1.778957244 5.349103361
10919 919.000000 17758100000919000 0.482534779 -0.112687401 1.948229085 5.236805077
10920 920.000000 17758100000920000 0.487466952 -0.110710952 2.131471193 5.141096388
10921 921.000000 17758100000921000 0.491594885 -0.108528421 2.307376764 4.994462860
10922 922.000000 17758100000922000 0.494909278 -0.106042763 2.468225461 4.892478106
10923 923.000000 17758100000923000 0.497402151 -0.103129268 2.624737564 4.768528500
10924 924.000000 17758100000924000 0.499066866 -0.100405042 2.785705186 4.631511950
10925 925.000000 17758100000925000 0.499898148 -0.097458513 2.946114384 4.493526378
10926 926.000000 17758100000926000 0.499892100 -0.094601254 3.082528548 4.360748786
10927 927.000000 17758100000927000 0.499046226 -0.091178509 3.230471650 4.219473905
10928 928.000000 17758100000928000 0.497359440 -0.087981464 3.368035546 4.052306285
10929 929.000000 17758100000929000 0.494832078 -0.084459735 3.503936962 3.870880007
10930 930.000000 17758100000930000 0.491465909 -0.080681768 3.622387127 3.657157061
10931 931.000000 17758100000931000 0.487264141 -0.077179530 3.751641254 3.493906703
10932 932.000000 17758100000932000 0.482231426 -0.072909083 3.857526932 3.277860381
10933 933.000000 17758100000933000 0.476373862 -0.068577969 3.971060384 3.122764689
10934 934.000000 17758100000934000 0.469698991 -0.064914842 4.073926580 2.950409066
10935 935.000000 17758100000935000 0.462215798 -0.061052011 4.171685793 2.725071452
10936 936.000000 17758100000936000 0.453934703 -0.056646925 4.259517493 2.513358844
10937 937.000000 17758100000937000 0.444867556 -0.052572481 4.326377418 2.292576531
10938 938.000000 17758100000938000 0.435027623 -0.047932238 4.411860762 2.061334769
10939 939.000000 17758100000939000 0.424429574 -0.043284475 4.463144068 1.891738797
10940 940.000000 17758100000940000 0.413089468 -0.038738600 4.526799970 1.651878066
10941 941.000000 17758100000941000 0.401024733 -0.034482193 4.581954410 1.390920617
10942 942.000000 17758100000942000 0.388254144 -0.029591824 4.617573770 1.162381113
10943 943.000000 17758100000943000 0.374797802 -0.024760313 4.660365957 0.925203548
10944 944.000000 17758100000944000 0.360677105 -0.019952410 4.690621603 0.721873636
10945 945.000000 17758100000945000 0.345914720 -0.015735133 4.712796476 0.462727371
10946 946.000000 17758100000946000 0.330534553 -0.011046934 4.720008399 0.221669996
10947 947.000000 17758100000947000 0.314561713 -0.006137798 4.731635826 0.036278200
10948 948.000000 17758100000948000 0.298022474 -0.002012264 4.722278760 -0.250069374
10949 949.000000 17758100000949000 0.280944243 0.003177890 4.714931939 -0.457072155
10950 950.000000 17758100000950000 0.263355511 0.007921447 4.696598477 -0.739527688
10951 951.000000 17758100000951000 0.245285814 0.012548233 4.673711760 -0.959217459
10952 952.000000 17758100000952000 0.226765687 0.016952855 4.629021697 -1.192662570
10953 953.000000 17758100000953000 0.207826613 0.021807317 4.589619939 -1.400846524
10954 954.000000 17758100000954000 0.188500977 0.026237434 4.535853074 -1.660494278
10955 955.000000 17758100000955000 0.168822011 0.031022452 4.477303512 -1.853996862
10956 956.000000 17758100000956000 0.148823740 0.035099755 4.408302621 -2.115273758
10957 957.000000 17758100000957000 0.128540928 0.039566303 4.344315109 -2.333190087
10958 958.000000 17758100000958000 0.108009017 0.043834979 4.254060469 -2.526726257
10959 959.000000 17758100000959000 0.087264070 0.048166123 4.164957491 -2.782565661
10960 960.000000 17758100000960000 0.066342709 0.051619630 4.075384830 -2.970415223
10961 961.000000 17758100000961000 0.045282049 0.056035119 3.971685652 -3.185100380
10962 962.000000 17758100000962000 0.024119638 0.060121065 3.877324515 -3.374925677
10963 963.000000 17758100000963000 0.002893391 0.063647583 3.752079805 -3.557435128
10964 964.000000 17758100000964000 -0.018358482 0.067043793 3.640286763 -3.752356864
10965 965.000000 17758100000965000 -0.039597536 0.070916050 3.494503640 -3.915774399
10966 966.000000 17758100000966000 -0.060785170 0.074285931 3.364281492 -4.098696060
10967 967.000000 17758100000967000 -0.081882687 0.077392914 3.235196921 -4.294532386
10968 968.000000 17758100000968000 -0.102851371 0.080298513 3.080295343 -4.438439918
10969 969.000000 17758100000969000 -0.123652558 0.083315564 2.929842219 -4.603676981
10970 970.000000 17758100000970000 -0.144247706 0.086178919 2.780628773 -4.765033795
10971 971.000000 17758100000971000 -0.164598468 0.088684533 2.614468502 -4.890341978
10972 972.000000 17758100000972000 -0.184666763 0.090929103 2.449980542 -5.000136834
10973 973.000000 17758100000973000 -0.204414853 0.093444114 2.288698808 -5.169854524
10974 974.000000 17758100000974000 -0.223805413 0.095697892 2.110845779 -5.234246336
10975 975.000000 17758100000975000 -0.242801600 0.097544929 1.936793946 -5.320044218
10976 976.000000 17758100000976000 -0.261367133 0.099387872 1.762378592 -5.430282457
10977 977.000000 17758100000977000 -0.279466358 0.100993929 1.580441181 -5.540674750
10978 978.000000 17758100000978000 -0.297064322 0.102545636 1.393415009 -5.567614353
10979 979.000000 17758100000979000 -0.314126844 0.104008790 1.211677461 -5.652518763
10980 980.000000 17758100000980000 -0.330620583 0.104726669 1.010468131 -5.684386707
10981 981.000000 17758100000981000 -0.346513108 0.105120650 0.816595427 -5.765740265
10982 982.000000 17758100000982000 -0.361772963 0.105498934 0.637899814 -5.759319217
10983 983.000000 17758100000983000 -0.376369736 0.106446857 0.437323685 -5.827031923
10984 984.000000 17758100000984000 -0.390274124 0.106721441 0.240093498 -5.799968702
10985 985.000000 17758100000985000 -0.403457993 0.106521906 0.036466913 -5.855123983
10986 986.000000 17758100000986000 -0.415894439 0.106661583 -0.141792322 -5.803206192
10987 987.000000 17758100000987000 -0.427557854 0.106112880 -0.336657238 -5.782385189
10988 988.000000 17758100000988000 -0.438423975 0.105812863 -0.537549847 -5.779425525
10989 989.000000 17758100000989000 -0.448469945 0.104941375 -0.723856713 -5.707825113
10990 990.000000 17758100000990000 -0.457674365 0.104169691 -0.911637803 -5.680157564
10991 991.000000 17758100000991000 -0.466017344 0.102636669 -1.111559450 -5.624791851
10992 992.000000 17758100000992000 -0.473480547 0.101606287 -1.287559252 -5.541288376
10993 993.000000 17758100000993000 -0.480047241 0.100189009 -1.474132948 -5.457005852
10994 994.000000 17758100000994000 -0.485702338 0.098277430 -1.660847186 -5.327814963
10995 995.000000 17758100000995000 -0.490432437 0.097104673 -1.836193209 -5.228980621
10996 996.000000 17758100000996000 -0.494225857 0.094611501 -2.010604157 -5.130158368
10997 997.000000 17758100000997000 -0.497072673 0.092818594 -2.182519829 -5.047562408
10998 998.000000 17758100000998000 -0.498964747 0.090062340 -2.347138656 -4.908180549
10999 999.000000 17758100000999000 -0.499895756 0.087641975 -2.516687088 -4.789965083
11000 1000.000000 17758100001000000 -0.499861215 0.085260452 -2.665200313 -4.637203145
11001 1001.000000 17758100001001000 -0.498858499 0.082268162 -2.807232934 -4.440655043
11002 1002.000000 17758100001002000 -0.496886858 0.079282928 -2.961151925 -4.283762698
11003 1003.000000 17758100001003000 -0.493947433 0.076193883 -3.107302925 -4.154831508
11004 1004.000000 17758100001004000 -0.490043266 0.072628621 -3.236454003 -3.909978657
11005 1005.000000 17758100001005000 -0.485179303 0.069456272 -3.364384750 -3.724562000
11006 1006.000000 17758100001006000 -0.479362402 0.065852833 -3.487576024 -3.521313512
11007 1007.000000 17758100001007000 -0.472601327 0.062477822 -3.600341526 -3.328981602
11008 1008.000000 17758100001008000 -0.464906745 0.058614933 -3.719587657 -3.158416629
11009 1009.000000 17758100001009000 -0.456291216 0.054898611 -3.811229672 -2.889935443
11010 1010.000000 17758100001010000 -0.446769182 0.050981262 -3.916605119 -2.672820836
11011 1011.000000 17758100001011000 -0.436356949 0.046991853 -3.996769982 -2.434034756
11012 1012.000000 17758100001012000 -0.425072666 0.042915372 -4.084783514 -2.217391889
11013 1013.000000 17758100001013000 -0.412936302 0.038643665 -4.146909472 -2.001845827
11014 1014.000000 17758100001014000 -0.399969617 0.034351761 -4.220189040 -1.728198553
11015 1015.000000 17758100001015000 -0.386196128 0.030162829 -4.265917201 -1.485267619
11016 1016.000000 17758100001016000 -0.371641075 0.026196090 -4.299624647 -1.238461755
11017 1017.000000 17758100001017000 -0.356331381 0.021703967 -4.361507030 -0.999095755
11018 1018.000000 17758100001018000 -0.340295608 0.017363559 -4.382429704 -0.747591972
11019 1019.000000 17758100001019000 -0.323563909 0.013117356 -4.403784472 -0.525797692
11020 1020.000000 17758100001020000 -0.306167977 0.008187362 -4.418341351 -0.252810630
11021 1021.000000 17758100001021000 -0.288140993 0.004102382 -4.419829698 0.026591408
11022 1022.000000 17758100001022000 -0.269517564 -0.000633636 -4.425997282 0.235973685
11023 1023.000000 17758100001023000 -0.250333665 -0.004892071 -4.398542870 0.511389830
11024 1024.000000 17758100001024000 -0.230626570 -0.009113934 -4.383058980 0.794483355
11025 1025.000000 17758100001025000 -0.210434791 -0.013243945 -4.352576859 1.069831486
11026 1026.000000 17758100001026000 -0.189797998 -0.018041239 -4.318364500 1.328873049
11027 1027.000000 17758100001027000 -0.168756953 -0.022175287 -4.267367402 1.566929967
11028 1028.000000 17758100001028000 -0.147353428 -0.026141785 -4.223516661 1.820220083
11029 1029.000000 17758100001029000 -0.125630127 -0.030824631 -4.149063823 2.081436643
11030 1030.000000 17758100001030000 -0.103630603 -0.034536683 -4.085455729 2.343483425
11031 1031.000000 17758100001031000 -0.081399175 -0.038673992 -4.001442886 2.539029962
11032 1032.000000 17758100001032000 -0.058980841 -0.042704845 -3.912564960 2.754235314
11033 1033.000000 17758100001033000 -0.036421185 -0.046320598 -3.817812280 2.995482829
11034 1034.000000 17758100001034000 -0.013766290 -0.049950090 -3.714769462 3.187483662
11035 1035.000000 17758100001035000 0.008937355 -0.053861063 -3.607376748 3.425396799
11036 1036.000000 17758100001036000 0.031642952 -0.057095518 -3.499527487 3.655650799
11037 1037.000000 17758100001037000 0.054303487 -0.060506140 -3.363908564 3.863318730
11038 1038.000000 17758100001038000 0.076871831 -0.064028253 -3.237463264 4.052521363
11039 1039.000000 17758100001039000 0.099300832 -0.066571674 -3.101010008 4.225287434
11040 1040.000000 17758100001040000 0.121543419 -0.069624112 -2.966647633 4.422782118
11041 1041.000000 17758100001041000 0.143552703 -0.072825234 -2.811307877 4.596337719
11042 1042.000000 17758100001042000 0.165282070 -0.075427601 -2.654570232 4.741159047
11043 1043.000000 17758100001043000 0.186685286 -0.077653770 -2.495450087 4.867956412
11044 1044.000000 17758100001044000 0.207716599 -0.080240358 -2.332442501 5.012239334
11045 1045.000000 17758100001045000 0.228330834 -0.082673643 -2.158807575 5.154705032
11046 1046.000000 17758100001046000 0.248483497 -0.084087180 -1.996504930 5.259347704
11047 1047.000000 17758100001047000 0.268130870 -0.086109372 -1.820651073 5.398009735
11048 1048.000000 17758100001048000 0.287230111 -0.087363241 -1.643101046 5.530297676
11049 1049.000000 17758100001049000 0.305739353 -0.089122819 -1.448397477 5.562014239
11050 1050.000000 17758100001050000 0.323617795 -0.090419107 -1.260340115 5.694568423
11051 1051.000000 17758100001051000 0.340825799 -0.090956272 -1.072878452 5.695434587
11052 1052.000000 17758100001052000 0.357324983 -0.092448238 -0.881982350 5.771683358
11053 1053.000000 17758100001053000 0.373078309 -0.093294070 -0.700049116 5.810727488
11054 1054.000000 17758100001054000 0.388050170 -0.093553584 -0.493331745 5.844398846
11055 1055.000000 17758100001055000 0.402206482 -0.093672993 -0.302274836 5.868531282
11056 1056.000000 17758100001056000 0.415514759 -0.094238415 -0.096547106 5.846008725
11057 1057.000000 17758100001057000 0.427944198 -0.094096750 0.084070304 5.853785567
11058 1058.000000 17758100001058000 0.439465757 -0.093539651 0.279984984 5.886968863
11059 1059.000000 17758100001059000 0.450052225 -0.093789124 0.481712901 5.789027727
11060 1060.000000 17758100001060000 0.459678294 -0.092694926 0.663980085 5.781746757
11061 1061.000000 17758100001061000 0.468320629 -0.091452274 0.861064487 5.714441664
11062 1062.000000 17758100001062000 0.475957926 -0.090673895 1.061845518 5.662993347
11063 1063.000000 17758100001063000 0.482570976 -0.089639571 1.244470914 5.572342628
11064 1064.000000 17758100001064000 0.488142714 -0.087502196 1.424944132 5.452656657
11065 1065.000000 17758100001065000 0.492658278 -0.086560903 1.617441508 5.357296719
11066 1066.000000 17758100001066000 0.496105046 -0.084596932 1.788600256 5.280102951
11067 1067.000000 17758100001067000 0.498472685 -0.082606147 1.962017389 5.160886512
11068 1068.000000 17758100001068000 0.499753181 -0.080384479 2.127805068 5.019042250
11069 1069.000000 17758100001069000 0.499940880 -0.078179321 2.302198699 4.851076136
11070 1070.000000 17758100001070000 0.499032504 -0.075665723 2.447536800 4.701151685
11071 1071.000000 17758100001071000 0.497027181 -0.073027295 2.617026982 4.541166388
11072 1072.000000 17758100001072000 0.493926459 -0.070296218 2.764703032 4.332621410
11073 1073.000000 17758100001073000 0.489734317 -0.067357147 2.903289360 4.182273014
11074 1074.000000 17758100001074000 0.484457171 -0.064811653 3.050058001 3.937252147
11075 1075.000000 17758100001075000 0.478103875 -0.061077489 3.171551191 3.794038266
11076 1076.000000 17758100001076000 0.470685714 -0.058153094 3.295247895 3.544456410
11077 1077.000000 17758100001077000 0.462216397 -0.054895874 3.405404692 3.348139267
11078 1078.000000 17758100001078000 0.452712039 -0.050667887 3.516053117 3.116361701
11079 1079.000000 17758100001079000 0.442191140 -0.047581820 3.622520967 2.838122217
11080 1080.000000 17758100001080000 0.430674555 -0.043576152 3.715624037 2.627243837
11081 1081.000000 17758100001081000 0.418185466 -0.039969003 3.799267858 2.365607089
11082 1082.000000 17758100001082000 0.404749340 -0.036075811 3.875866389 2.132219996
11083 1083.000000 17758100001083000 0.390393887 -0.031900752 3.949049427 1.841591518
11084 1084.000000 17758100001084000 0.375149011 -0.028204870 4.001105107 1.625179329
11085 1085.000000 17758100001085000 0.359046751 -0.023867582 4.055004040 1.361480475
11086 1086.000000 17758100001086000 0.342121230 -0.019770916 4.087392272 1.065550103
11087 1087.000000 17758100001087000 0.324408580 -0.015486144 4.132279778 0.855679689
11088 1088.000000 17758100001088000 0.305946877 -0.011634375 4.150552209 0.501690553
11089 1089.000000 17758100001089000 0.286776066 -0.007191175 4.174718586 0.238248977
11090 1090.000000 17758100001090000 0.266937878 -0.002884152 4.175278673 -0.024962119
11091 1091.000000 17758100001091000 0.246475747 0.001257602 4.170889158 -0.305799957
11092 1092.000000 17758100001092000 0.225434720 0.005213187 4.146711112 -0.590401161
11093 1093.000000 17758100001093000 0.203861362 0.009319476 4.126182429 -0.828899775
11094 1094.000000 17758100001094000 0.181803661 0.013902023 4.101941283 -1.122880134
11095 1095.000000 17758100001095000 0.159310919 0.017840788 4.058946081 -1.410563092
11096 1096.000000 17758100001096000 0.136433655 0.021253972 4.010285017 -1.673670464
11097 1097.000000 17758100001097000 0.113223487 0.025546778 3.952918969 -1.981837616
11098 1098.000000 17758100001098000 0.089733023 0.029370239 3.883521732 -2.154185501
11099 1099.000000 17758100001099000 0.066015744 0.033076479 3.816528973 -2.466109298
11100 1100.000000 17758100001100000 0.042125884 0.036820769 3.730161424 -2.694527251
11101 1101.000000 17758100001101000 0.018118310 0.040523342 3.643577186 -2.937362046
11102 1102.000000 17758100001102000 -0.005951607 0.044148423 3.530121739 -3.189716773
11103 1103.000000 17758100001103000 -0.030028112 0.047431477 3.437362067 -3.425700101
11104 1104.000000 17758100001104000 -0.054055201 0.050766403 3.307960896 -3.660069501
11105 1105.000000 17758100001105000 -0.077976747 0.054164149 3.188249076 -3.900110887
11106 1106.000000 17758100001106000 -0.101736632 0.057005970 3.066464060 -4.043194098
11107 1107.000000 17758100001107000 -0.125278880 0.059970728 2.924741937 -4.249952499
11108 1108.000000 17758100001108000 -0.148547789 0.062835129 2.767645630 -4.463430939
11109 1109.000000 17758100001109000 -0.171488064 0.065588948 2.629501679 -4.624667823
11110 1110.000000 17758100001110000 -0.194044954 0.067976886 2.476864638 -4.803737664
11111 1111.000000 17758100001111000 -0.216164379 0.070114551 2.309845717 -4.964465044
11112 1112.000000 17758100001112000 -0.237793067 0.072221596 2.144239846 -5.106619516
11113 1113.000000 17758100001113000 -0.258878684 0.073904739 1.964615868 -5.215046136
11114 1114.000000 17758100001114000 -0.279369963 0.076001406 1.793372135 -5.355192953
11115 1115.000000 17758100001115000 -0.299216837 0.077349206 1.611187414 -5.493659076
11116 1116.000000 17758100001116000 -0.318370560 0.078782008 1.423487811 -5.553977253
11117 1117.000000 17758100001117000 -0.336783834 0.080360450 1.239508455 -5.671095290
11118 1118.000000 17758100001118000 -0.354410934 0.081264393 1.051936634 -5.716671395
11119 1119.000000 17758100001119000 -0.371207822 0.082241429 0.858279543 -5.776814077
11120 1120.000000 17758100001120000 -0.387132266 0.082690538 0.665103443 -5.897325195
11121 1121.000000 17758100001121000 -0.402143951 0.083530162 0.470508125 -5.862545165
11122 1122.000000 17758100001122000 -0.416204589 0.083596754 0.285007188 -5.901365388
11123 1123.000000 17758100001123000 -0.429278021 0.083887203 0.088936712 -5.895600927
11124 1124.000000 17758100001124000 -0.441330322 0.083669547 -0.102723781 -5.845699377
11125 1125.000000 17758100001125000 -0.452329890 0.083257056 -0.314680993 -5.851650194
11126 1126.000000 17758100001126000 -0.462247540 0.082622272 -0.504247053 -5.825591591
11127 1127.000000 17758100001127000 -0.471056588 0.082024409 -0.699266474 -5.816420731
11128 1128.000000 17758100001128000 -0.478732934 0.081291785 -0.894721135 -5.679457747
11129 1129.000000 17758100001129000 -0.485255130 0.080183980 -1.085703732 -5.637016699
11130 1130.000000 17758100001130000 -0.490604452 0.078536475 -1.264282349 -5.524043379
11131 1131.000000 17758100001131000 -0.494764960 0.077527895 -1.448003906 -5.440315725
11132 1132.000000 17758100001132000 -0.497723556 0.075646735 -1.622991702 -5.332688895
11133 1133.000000 17758100001133000 -0.499470028 0.074042935 -1.815246380 -5.226173564
11134 1134.000000 17758100001134000 -0.499997095 0.071758784 -1.974487102 -5.044146982
11135 1135.000000 17758100001135000 -0.499300444 0.069877135 -2.151311942 -4.918587207
11136 1136.000000 17758100001136000 -0.497378751 0.067279657 -2.315786014 -4.709652104
11137 1137.000000 17758100001137000 -0.494233709 0.064998026 -2.462357948 -4.525895063
11138 1138.000000 17758100001138000 -0.489870037 0.062295514 -2.617327977 -4.387673448
11139 1139.000000 17758100001139000 -0.484295487 0.059537140 -2.752717911 -4.193097647
11140 1140.000000 17758100001140000 -0.477520840 0.056582982 -2.906997134 -3.982281626
11141 1141.000000 17758100001141000 -0.469559900 0.053637608 -3.022197018 -3.754271466
11142 1142.000000 17758100001142000 -0.460429477 0.050169592 -3.155414706 -3.513039415
11143 1143.000000 17758100001143000 -0.450149358 0.047427506 -3.269196853 -3.291121147
11144 1144.000000 17758100001144000 -0.438742279 0.044072036 -3.382788058 -3.069253360
11145 1145.000000 17758100001145000 -0.426233881 0.040319952 -3.468175973 -2.772805583
11146 1146.000000 17758100001146000 -0.412652668 0.036571156 -3.563392751 -2.545609862
11147 1147.000000 17758100001147000 -0.398029946 0.033074878 -3.636634419 -2.273198813
11148 1148.000000 17758100001148000 -0.382399762 0.029678299 -3.714061744 -1.981568616
11149 1149.000000 17758100001149000 -0.365798834 0.025834992 -3.783762977 -1.728506374
11150 1150.000000 17758100001150000 -0.348266477 0.021816764 -3.838238854 -1.415383836
11151 1151.000000 17758100001151000 -0.329844510 0.018178489 -3.883408296 -1.121168732
11152 1152.000000 17758100001152000 -0.310577173 0.013877730 -3.919638286 -0.835113854
11153 1153.000000 17758100001153000 -0.290511023 0.010024916 -3.936081613 -0.536781875
11154 1154.000000 17758100001154000 -0.269694830 0.006287912 -3.959960029 -0.239345673
11155 1155.000000 17758100001155000 -0.248179467 0.002213242 -3.963619364 0.028635872
11156 1156.000000 17758100001156000 -0.226017791 -0.001842323 -3.956886663 0.313372163
11157 1157.000000 17758100001157000 -0.203264518 -0.006170363 -3.944835797 0.594822306
11158 1158.000000 17758100001158000 -0.179976096 -0.009453955 -3.919905960 0.929067171
11159 1159.000000 17758100001159000 -0.156210567 -0.013410809 -3.883849722 1.168444812
11160 1160.000000 17758100001160000 -0.132027430 -0.017668953 -3.842383595 1.504056477
11161 1161.000000 17758100001161000 -0.107487495 -0.020993042 -3.798260488 1.752420408
11162 1162.000000 17758100001162000 -0.082652732 -0.024847223 -3.731312525 2.047930396
11163 1163.000000 17758100001163000 -0.057586123 -0.028449059 -3.667906992 2.329416427
11164 1164.000000 17758100001164000 -0.032351497 -0.031896391 -3.582103563 2.558427174
11165 1165.000000 17758100001165000 -0.007013376 -0.035725226 -3.489660752 2.869777404
11166 1166.000000 17758100001166000 0.018363191 -0.038828868 -3.396095996 3.097203168
11167 1167.000000 17758100001167000 0.043712792 -0.042123194 -3.286198790 3.339607887
11168 1168.000000 17758100001168000 0.068969824 -0.045281896 -3.167246600 3.589486052
11169 1169.000000 17758100001169000 0.094068658 -0.048159168 -3.045141375 3.831384773
11170 1170.000000 17758100001170000 0.118943815 -0.051277073 -2.933445951 4.068561002
11171 1171.000000 17758100001171000 0.143530133 -0.054306591 -2.788885565 4.284343523
11172 1172.000000 17758100001172000 0.167762943 -0.056476097 -2.642137821 4.470748283
11173 1173.000000 17758100001173000 0.191578241 -0.059548167 -2.485620473 4.645162051
11174 1174.000000 17758100001174000 0.214912857 -0.061753386 -2.336083127 4.828564165
11175 1175.000000 17758100001175000 0.237704628 -0.064025244 -2.162843013 4.999006073
11176 1176.000000 17758100001176000 0.259892568 -0.065856356 -2.000397720 5.131030023
11177 1177.000000 17758100001177000 0.281417035 -0.067449766 -1.834839527 5.281862117
11178 1178.000000 17758100001178000 0.302219893 -0.069059445 -1.657171593 5.416474532
11179 1179.000000 17758100001179000 0.322244678 -0.070697364 -1.474933763 5.463662326
11180 1180.000000 17758100001180000 0.341436759 -0.072197633 -1.293953696 5.626500781
11181 1181.000000 17758100001181000 0.359743485 -0.073283621 -1.098526221 5.700279739
11182 1182.000000 17758100001182000 0.377114345 -0.074199430 -0.898907740 5.810643335
11183 1183.000000 17758100001183000 0.393501109 -0.074600677 -0.710345795 5.851863225
11184 1184.000000 17758100001184000 0.408857971 -0.075489854 -0.511250863 5.845529519
11185 1185.000000 17758100001185000 0.423141684 -0.075456590 -0.324005471 5.911605661
11186 1186.000000 17758100001186000 0.436311693 -0.075759925 -0.128043760 5.869794100
11187 1187.000000 17758100001187000 0.448330255 -0.075645682 0.071235205 5.938882078
11188 1188.000000 17758100001188000 0.459162556 -0.075107538 0.265681172 5.867588027
11189 1189.000000 17758100001189000 0.468776823 -0.075038684 0.476084628 5.847275442
11190 1190.000000 17758100001190000 0.477144427 -0.073950315 0.659538178 5.819209511
11191 1191.000000 17758100001191000 0.484239974 -0.073710767 0.858866277 5.717459453
11192 1192.000000 17758100001192000 0.490041394 -0.072549593 1.045848878 5.639947568
11193 1193.000000 17758100001193000 0.494530018 -0.071468499 1.229006937 5.529030897
11194 1194.000000 17758100001194000 0.497690649 -0.069886150 1.421109490 5.462848618
11195 1195.000000 17758100001195000 0.499511621 -0.068023841 1.599248257 5.351039695
11196 1196.000000 17758100001196000 0.499984849 -0.066220475 1.774295368 5.172378114
11197 1197.000000 17758100001197000 0.499105874 -0.064363055 1.943529768 5.005077756
11198 1198.000000 17758100001198000 0.496873893 -0.062261435 2.110934984 4.852065241
11199 1199.000000 17758100001199000 0.493291781 -0.060279721 2.272620164 4.664670965
11200 1200.000000 17758100001200000 0.488366103 -0.057886518 2.432572754 4.483765751
11201 1201.000000 17758100001201000 0.482107119 -0.054988913 2.570079810 4.274108446
11202 1202.000000 17758100001202000 0.474528773 -0.052068063 2.709815228 4.063239730
11203 1203.000000 17758100001203000 0.465648676 -0.049565112 2.839615037 3.830487698
11204 1204.000000 17758100001204000 0.455488080 -0.046775074 2.970329450 3.573571695
11205 1205.000000 17758100001205000 0.444071834 -0.043739551 3.090253675 3.305378365
11206 1206.000000 17758100001206000 0.431428340 -0.040371374 3.206662836 3.061530674
11207 1207.000000 17758100001207000 0.417589493 -0.036621153 3.292709604 2.812606887
11208 1208.000000 17758100001208000 0.402590608 -0.033588838 3.379367787 2.559171816
11209 1209.000000 17758100001209000 0.386470347 -0.030282707 3.469467124 2.248052606
11210 1210.000000 17758100001210000 0.369270623 -0.026651860 3.543816776 1.982425131
11211 1211.000000 17758100001211000 0.351036509 -0.023018171 3.604883154 1.662280919
11212 1212.000000 17758100001212000 0.331816120 -0.019206291 3.673437321 1.370799191
11213 1213.000000 17758100001213000 0.311660506 -0.015685785 3.691299184 1.076598366
11214 1214.000000 17758100001214000 0.290623515 -0.011992642 3.733514942 0.802782363
11215 1215.000000 17758100001215000 0.268761666 -0.008089822 3.759739341 0.462861795
11216 1216.000000 17758100001216000 0.246134000 -0.004183002 3.777724785 0.168162086
11217 1217.000000 17758100001217000 0.222801930 -0.000355102 3.782144106 -0.156040021
11218 1218.000000 17758100001218000 0.198829079 0.003382239 3.770896312 -0.466167132
11219 1219.000000 17758100001219000 0.174281116 0.006933387 3.755688764 -0.742168677
11220 1220.000000 17758100001220000 0.149225581 0.010410462 3.722963295 -1.059831428
11221 1221.000000 17758100001221000 0.123731701 0.014276000 3.677809877 -1.425958183
11222 1222.000000 17758100001222000 0.097870209 0.018130275 3.637772560 -1.659765213
11223 1223.000000 17758100001223000 0.071713147 0.021386033 3.573791456 -1.975501834
11224 1224.000000 17758100001224000 0.045333672 0.025214301 3.499586202 -2.290669145
11225 1225.000000 17758100001225000 0.018805849 0.028478866 3.428773616 -2.555346202
11226 1226.000000 17758100001226000 -0.007795546 0.031826136 3.343626612 -2.836999649
11227 1227.000000 17758100001227000 -0.034395246 0.035415594 3.248983401 -3.104984249
11228 1228.000000 17758100001228000 -0.060917695 0.038379025 3.143598341 -3.345143984
11229 1229.000000 17758100001229000 -0.087287271 0.041638714 3.029940631 -3.633043542
11230 1230.000000 17758100001230000 -0.113428496 0.044083641 2.914677614 -3.855951846
11231 1231.000000 17758100001231000 -0.139266256 0.047273894 2.777624372 -4.083465004
11232 1232.000000 17758100001232000 -0.164726021 0.049867577 2.639318200 -4.319665640
11233 1233.000000 17758100001233000 -0.189734054 0.051579256 2.499726753 -4.535501836
11234 1234.000000 17758100001234000 -0.214217640 0.054500692 2.345888184 -4.697172809
11235 1235.000000 17758100001235000 -0.238105289 0.057008015 2.177055991 -4.887833450
11236 1236.000000 17758100001236000 -0.261326959 0.058871521 2.018307433 -5.053639681
11237 1237.000000 17758100001237000 -0.283814258 0.060473538 1.841932473 -5.229140619
11238 1238.000000 17758100001238000 -0.305500659 0.062185601 1.670579865 -5.347088597
11239 1239.000000 17758100001239000 -0.326321696 0.063461777 1.497864388 -5.463285104
11240 1240.000000 17758100001240000 -0.346215166 0.065069658 1.306648109 -5.616372536
11241 1241.000000 17758100001241000 -0.365121324 0.065787985 1.116462174 -5.712186929
11242 1242.000000 17758100001242000 -0.382983065 0.066870947 0.920762392 -5.755856251
11243 1243.000000 17758100001243000 -0.399746109 0.068031887 0.736000745 -5.834954039
11244 1244.000000 17758100001244000 -0.415359171 0.068342693 0.538304126 -5.864283434
11245 1245.000000 17758100001245000 -0.429774133 0.068616184 0.346211959 -5.906755504
11246 1246.000000 17758100001246000 -0.442946195 0.068812214 0.148220055 -5.927339822
11247 1247.000000 17758100001247000 -0.454834030 0.069328488 -0.049419956 -5.923651103
11248 1248.000000 17758100001248000 -0.465399918 0.068736331 -0.244923406 -5.909098127
11249 1249.000000 17758100001249000 -0.474609883 0.067926675 -0.448199610 -5.857555927
11250 1250.000000 17758100001250000 -0.482433809 0.067772414 -0.635875090 -5.813174076
11251 1251.000000 17758100001251000 -0.488845547 0.066585298 -0.844317445 -5.751699725
11252 1252.000000 17758100001252000 -0.493823020 0.065724273 -1.020955349 -5.619719291
11253 1253.000000 17758100001253000 -0.497348304 0.064244641 -1.219731546 -5.550243106
11254 1254.000000 17758100001254000 -0.499407706 0.062776041 -1.407181864 -5.410060578
11255 1255.000000 17758100001255000 -0.499991827 0.061545817 -1.579282359 -5.310785060
11256 1256.000000 17758100001256000 -0.499095610 0.059478356 -1.754731058 -5.137870105
11257 1257.000000 17758100001257000 -0.496718382 0.057552659 -1.918651478 -4.974927787
11258 1258.000000 17758100001258000 -0.492863874 0.055801075 -2.091289262 -4.797758278
11259 1259.000000 17758100001259000 -0.487540240 0.053143672 -2.251451432 -4.584141062
11260 1260.000000 17758100001260000 -0.480760046 0.050695458 -2.396131909 -4.357600786
11261 1261.000000 17758100001261000 -0.472540266 0.048547295 -2.538620843 -4.150713676
11262 1262.000000 17758100001262000 -0.462902247 0.045368573 -2.681912861 -3.887965971
11263 1263.000000 17758100001263000 -0.451871669 0.042803694 -2.805881327 -3.666012264
11264 1264.000000 17758100001264000 -0.439478493 0.039953953 -2.932935294 -3.418426186
11265 1265.000000 17758100001265000 -0.425756889 0.036719301 -3.038085766 -3.128750229
11266 1266.000000 17758100001266000 -0.410745160 0.033623429 -3.141609252 -2.876105612
11267 1267.000000 17758100001267000 -0.394485642 0.030745220 -3.247339478 -2.603338231
11268 1268.000000 17758100001268000 -0.377024599 0.027351886 -3.316273001 -2.272813963
11269 1269.000000 17758100001269000 -0.358412105 0.023711685 -3.393521143 -2.006414927
11270 1270.000000 17758100001270000 -0.338701910 0.020550341 -3.461305157 -1.684791084
11271 1271.000000 17758100001271000 -0.317951295 0.017238396 -3.500506670 -1.390876868
11272 1272.000000 17758100001272000 -0.296220915 0.013125099 -3.550616433 -1.034286638
11273 1273.000000 17758100001273000 -0.273574635 0.009808424 -3.587636171 -0.750380961
11274 1274.000000 17758100001274000 -0.250079350 0.006584350 -3.610232038 -0.385804904
11275 1275.000000 17758100001275000 -0.225804791 0.002693135 -3.616815865 -0.076165217
11276 1276.000000 17758100001276000 -0.200823333 -0.000884675 -3.613964659 0.224632963
11277 1277.000000 17758100001277000 -0.175209785 -0.004694944 -3.606921729 0.546315644
11278 1278.000000 17758100001278000 -0.149041167 -0.008400563 -3.583240241 0.888741284
11279 1279.000000 17758100001279000 -0.122396491 -0.011566094 -3.558556440 1.228896784
11280 1280.000000 17758100001280000 -0.095356526 -0.015174896 -3.511944022 1.545948092
11281 1281.000000 17758100001281000 -0.068003553 -0.018773346 -3.452235787 1.894746548
11282 1282.000000 17758100001282000 -0.040421126 -0.022249643 -3.392949541 2.199714373
11283 1283.000000 17758100001283000 -0.012693812 -0.025825580 -3.316432501 2.449958643
11284 1284.000000 17758100001284000 0.015093060 -0.028680240 -3.236807386 2.751365130
11285 1285.000000 17758100001285000 0.042853662 -0.031991333 -3.135053269 3.009124352
11286 1286.000000 17758100001286000 0.070501935 -0.034917641 -3.041542453 3.298045253
11287 1287.000000 17758100001287000 0.097951849 -0.037682896 -2.929842297 3.553803498
11288 1288.000000 17758100001288000 0.125117680 -0.040457623 -2.811119460 3.841483831
11289 1289.000000 17758100001289000 0.151914270 -0.043152600 -2.673292263 4.079481813
11290 1290.000000 17758100001290000 0.178257306 -0.045382329 -2.537618186 4.335571371
11291 1291.000000 17758100001291000 0.204063579 -0.047991757 -2.387229298 4.542463865
11292 1292.000000 17758100001292000 0.229251260 -0.050612706 -2.241077384 4.720213473
11293 1293.000000 17758100001293000 0.253740157 -0.052706365 -2.087098790 4.929853457
11294 1294.000000 17758100001294000 0.277451980 -0.053990518 -1.913230664 5.076939309
11295 1295.000000 17758100001295000 0.300310595 -0.056330707 -1.746370083 5.273556086
11296 1296.000000 17758100001296000 0.322242276 -0.057771960 -1.568364919 5.415848452
11297 1297.000000 17758100001297000 0.343175954 -0.058797742 -1.378300338 5.517155177
11298 1298.000000 17758100001298000 0.363043448 -0.060001566 -1.195651777 5.663486258
11299 1299.000000 17758100001299000 0.381779702 -0.061364219 -1.010969660 5.757913615
11300 1300.000000 17758100001300000 0.399323007 -0.062121316 -0.816607914 5.859775475
11301 1301.000000 17758100001301000 0.415615209 -0.063118481 -0.627732904 5.868250175
11302 1302.000000 17758100001302000 0.430601921 -0.063398423 -0.432147502 5.931038373
11303 1303.000000 17758100001303000 0.444232705 -0.063517450 -0.224890822 5.943761629
11304 1304.000000 17758100001304000 0.456461264 -0.063474938 -0.023662740 5.982388031
11305 1305.000000 17758100001305000 0.467245601 -0.063369684 0.170774721 5.953970436
11306 1306.000000 17758100001306000 0.476548184 -0.062908246 0.361055868 5.909510875
11307 1307.000000 17758100001307000 0.484336083 -0.061937594 0.561933116 5.851138755
11308 1308.000000 17758100001308000 0.490581100 -0.061526335 0.756446206 5.761332749
11309 1309.000000 17758100001309000 0.495259888 -0.060608675 0.948474470 5.668692466
11310 1310.000000 17758100001310000 0.498354044 -0.059532523 1.130860833 5.544396460
11311 1311.000000 17758100001311000 0.499850199 -0.058244706 1.324877145 5.434421314
11312 1312.000000 17758100001312000 0.499740083 -0.056460436 1.502304515 5.305771226
11313 1313.000000 17758100001313000 0.498020579 -0.055226106 1.673551758 5.148313365
11314 1314.000000 17758100001314000 0.494693761 -0.053203359 1.840348783 4.967108520
11315 1315.000000 17758100001315000 0.489766909 -0.051383321 2.007978333 4.816003218
11316 1316.000000 17758100001316000 0.483252514 -0.048974694 2.168115968 4.591245538
11317 1317.000000 17758100001317000 0.475168264 -0.046645308 2.324133423 4.317534424
11318 1318.000000 17758100001318000 0.465537014 -0.044018551 2.470322419 4.106952219
11319 1319.000000 17758100001319000 0.454386733 -0.041361142 2.594167841 3.881857225
11320 1320.000000 17758100001320000 0.441750440 -0.038738973 2.732417172 3.610662565
11321 1321.000000 17758100001321000 0.427666126 -0.035699742 2.851356357 3.339570740
11322 1322.000000 17758100001322000 0.412176647 -0.032749991 2.952701164 3.029589708
11323 1323.000000 17758100001323000 0.395329613 -0.029948560 3.052210279 2.752264187
11324 1324.000000 17758100001324000 0.377177254 -0.026791223 3.155042138 2.505101039
11325 1325.000000 17758100001325000 0.357776269 -0.024027906 3.224033019 2.132460020
11326 1326.000000 17758100001326000 0.337187667 -0.020282293 3.297287081 1.808275192
11327 1327.000000 17758100001327000 0.315476580 -0.016994656 3.350932260 1.486286134
11328 1328.000000 17758100001328000 0.292712076 -0.013931106 3.398748724 1.157018802
11329 1329.000000 17758100001329000 0.268966943 -0.010242955 3.429307608 0.857700244
11330 1330.000000 17758100001330000 0.244317473 -0.006503123 3.460941035 0.481481626
11331 1331.000000 17758100001331000 0.218843221 -0.003466198 3.470251367 0.171564476
11332 1332.000000 17758100001332000 0.192626760 0.000519102 3.474145712 -0.178651769
11333 1333.000000 17758100001333000 0.165753419 0.003825897 3.472848112 -0.537126027
11334 1334.000000 17758100001334000 0.138311016 0.007135853 3.447821970 -0.883479928
11335 1335.000000 17758100001335000 0.110389572 0.010572581 3.430297400 -1.211604692
11336 1336.000000 17758100001336000 0.082081027 0.014144316 3.375961174 -1.515416368
11337 1337.000000 17758100001337000 0.053478939 0.017016080 3.328069824 -1.877401949
11338 1338.000000 17758100001338000 0.024678175 0.020970423 3.261753218 -2.108326022
11339 1339.000000 17758100001339000 -0.004225392 0.023584727 3.177819683 -2.473621359
11340 1340.000000 17758100001340000 -0.033135209 0.026694302 3.088703110 -2.782105979
11341 1341.000000 17758100001341000 -0.061954359 0.030096121 2.996196187 -3.072373742
11342 1342.000000 17758100001342000 -0.090585889 0.032909407 2.898416420 -3.376376311
11343 1343.000000 17758100001343000 -0.118933135 0.035801219 2.790107348 -3.639043810
11344 1344.000000 17758100001344000 -0.146900049 0.038406263 2.657677583 -3.922126459
11345 1345.000000 17758100001345000 -0.174391533 0.040800730 2.529145461 -4.146826331
11346 1346.000000 17758100001346000 -0.201313756 0.042857716 2.388369471 -4.450571585
11347 1347.000000 17758100001347000 -0.227574488 0.045257295 2.252095100 -4.633345997
11348 1348.000000 17758100001348000 -0.253083416 0.047474398 2.080084169 -4.870055658
11349 1349.000000 17758100001349000 -0.277752464 0.049351262 1.917368469 -5.051268882
11350 1350.000000 17758100001350000 -0.301496099 0.050694980 1.750530532 -5.191315325
11351 1351.000000 17758100001351000 -0.324231642 0.052890364 1.576587159 -5.354986116
11352 1352.000000 17758100001352000 -0.345879558 0.054423612 1.384345832 -5.520915520
11353 1353.000000 17758100001353000 -0.366363750 0.055581495 1.211177867 -5.643128135
11354 1354.000000 17758100001354000 -0.385611830 0.056107853 1.019713926 -5.750076361
11355 1355.000000 17758100001355000 -0.403555391 0.057229503 0.830114415 -5.817425466
11356 1356.000000 17758100001356000 -0.420130259 0.057353364 0.631424151 -5.888698944
11357 1357.000000 17758100001357000 -0.435276735 0.058556475 0.443821319 -5.955853412
11358 1358.000000 17758100001358000 -0.448939820 0.058072398 0.247191510 -5.960815197
11359 1359.000000 17758100001359000 -0.461069433 0.058585782 0.046041709 -5.944470762
11360 1360.000000 17758100001360000 -0.471620604 0.058580889 -0.150944677 -5.940596090
11361 1361.000000 17758100001361000 -0.480553656 0.058253371 -0.357723075 -5.897948998
11362 1362.000000 17758100001362000 -0.487834367 0.057514000 -0.554259348 -5.853165028
11363 1363.000000 17758100001363000 -0.493434118 0.056415535 -0.747625401 -5.763298837
11364 1364.000000 17758100001364000 -0.497330016 0.055743907 -0.933020234 -5.704401576
11365 1365.000000 17758100001365000 -0.499505005 0.054585288 -1.120484852 -5.584175599
11366 1366.000000 17758100001366000 -0.499947949 0.053402722 -1.305377778 -5.442877326
11367 1367.000000 17758100001367000 -0.498653708 0.052036584 -1.489179713 -5.254183401
11368 1368.000000 17758100001368000 -0.495623176 0.050306525 -1.663501740 -5.086236440
11369 1369.000000 17758100001369000 -0.490863312 0.048764435 -1.829881802 -4.910509079
11370 1370.000000 17758100001370000 -0.484387144 0.046475630 -2.000170480 -4.698271801
11371 1371.000000 17758100001371000 -0.476213753 0.044113239 -2.154210462 -4.482165786
11372 1372.000000 17758100001372000 -0.466368236 0.042216364 -2.298661425 -4.197495645
11373 1373.000000 17758100001373000 -0.454881643 0.039386630 -2.432990653 -4.003514405
11374 1374.000000 17758100001374000 -0.441790903 0.036933390 -2.569386368 -3.696304202
11375 1375.000000 17758100001375000 -0.427138716 0.034217940 -2.695393780 -3.449586822
11376 1376.000000 17758100001376000 -0.410973433 0.030914594 -2.811028421 -3.156362799
11377 1377.000000 17758100001377000 -0.393348912 0.028516552 -2.911341292 -2.874669762
11378 1378.000000 17758100001378000 -0.374324354 0.025513685 -3.019060885 -2.550631759
11379 1379.000000 17758100001379000 -0.353964118 0.022325628 -3.084650059 -2.208876512
11380 1380.000000 17758100001380000 -0.332337519 0.019179043 -3.157834923 -1.915300450
11381 1381.000000 17758100001381000 -0.309518602 0.015729171 -3.225513995 -1.562524759
11382 1382.000000 17758100001382000 -0.285585904 0.012731589 -3.269270540 -1.214470709
11383 1383.000000 17758100001383000 -0.260622197 0.009706483 -3.308888434 -0.877246232
11384 1384.000000 17758100001384000 -0.234714207 0.006034604 -3.340993770 -0.498474590
11385 1385.000000 17758100001385000 -0.207952329 0.002614857 -3.343924033 -0.146256157
11386 1386.000000 17758100001386000 -0.180430318 -0.000756210 -3.353074092 0.189107895
11387 1387.000000 17758100001387000 -0.152244969 -0.003576576 -3.350538594 0.556503667
11388 1388.000000 17758100001388000 -0.123495786 -0.007575991 -3.314096090 0.910359462
11389 1389.000000 17758100001389000 -0.094284633 -0.010428816 -3.293090394 1.241964700
11390 1390.000000 17758100001390000 -0.064715386 -0.013824707 -3.252543399 1.560987532
11391 1391.000000 17758100001391000 -0.034893558 -0.016656859 -3.190310716 1.965544585
11392 1392.000000 17758100001392000 -0.004925938 -0.019906435 -3.123192065 2.239138457
11393 1393.000000 17758100001393000 0.025079801 -0.023236560 -3.048635658 2.605950608
11394 1394.000000 17758100001394000 0.055015478 -0.026489185 -2.976531277 2.946127794
11395 1395.000000 17758100001395000 0.084772797 -0.028758277 -2.863588717 3.221549325
11396 1396.000000 17758100001396000 0.114243742 -0.031507104 -2.754879013 3.536613511
11397 1397.000000 17758100001397000 0.143320968 -0.034655649 -2.636490770 3.777006073
11398 1398.000000 17758100001398000 0.171898193 -0.036793700 -2.504961367 4.056087594
11399 1399.000000 17758100001399000 0.199870595 -0.039474215 -2.370068184 4.338086546
11400 1400.000000 17758100001400000 0.227135198 -0.041695458 -2.227368817 4.534407435
11401 1401.000000 17758100001401000 0.253591257 -0.043935200 -2.080426561 4.750473653
11402 1402.000000 17758100001402000 0.279140640 -0.045339488 -1.909349374 4.976584636
11403 1403.000000 17758100001403000 0.303688197 -0.047217421 -1.746828210 5.171349005
11404 1404.000000 17758100001404000 0.327142123 -0.048744994 -1.571441650 5.338901172
11405 1405.000000 17758100001405000 0.349414314 -0.049946762 -1.387562913 5.473679119
11406 1406.000000 17758100001406000 0.370420704 -0.051313097 -1.205312747 5.633798700
11407 1407.000000 17758100001407000 0.390081599 -0.052351421 -1.020560268 5.727603151
11408 1408.000000 17758100001408000 0.408321986 -0.053148362 -0.834365697 5.790951547
11409 1409.000000 17758100001409000 0.425071839 -0.054146498 -0.639610770 5.879898397
11410 1410.000000 17758100001410000 0.440266393 -0.054379144 -0.445164868 5.942146511
11411 1411.000000 17758100001411000 0.453846416 -0.054854004 -0.243273481 5.973156553
11412 1412.000000 17758100001412000 0.465758450 -0.054834313 -0.032688714 5.993286148
11413 1413.000000 17758100001413000 0.475955039 -0.054515326 0.156889508 5.933110626
11414 1414.000000 17758100001414000 0.484394933 -0.053928969 0.355461159 5.888787862
11415 1415.000000 17758100001415000 0.491043270 -0.053177258 0.552785813 5.859268434
11416 1416.000000 17758100001416000 0.495871739 -0.053058810 0.750011213 5.741416476
11417 1417.000000 17758100001417000 0.498858711 -0.051868150 0.944907376 5.663756516
11418 1418.000000 17758100001418000 0.499989356 -0.050789781 1.126173213 5.536993594
11419 1419.000000 17758100001419000 0.499255728 -0.049358928 1.315254573 5.418392339
11420 1420.000000 17758100001420000 0.496656829 -0.047857598 1.505817024 5.244642075
11421 1421.000000 17758100001421000 0.492198642 -0.046237825 1.651193403 5.065676099
11422 1422.000000 17758100001422000 0.485894144 -0.044672746 1.829472552 4.830424818
11423 1423.000000 17758100001423000 0.477763291 -0.042409010 1.991000547 4.593889872
11424 1424.000000 17758100001424000 0.467832970 -0.040165210 2.144439413 4.396296293
11425 1425.000000 17758100001425000 0.456136937 -0.038157215 2.290119717 4.142938672
11426 1426.000000 17758100001426000 0.442715715 -0.035233472 2.422148245 3.903951028
11427 1427.000000 17758100001427000 0.427616477 -0.033123451 2.568362510 3.575583088
11428 1428.000000 17758100001428000 0.410892896 -0.030532966 2.668764447 3.252992588
11429 1429.000000 17758100001429000 0.392604974 -0.027569017 2.779026090 2.965861971
11430 1430.000000 17758100001430000 0.372818840 -0.024804707 2.873996656 2.671199513
11431 1431.000000 17758100001431000 0.351606530 -0.022065107 2.964184969 2.311899157
11432 1432.000000 17758100001432000 0.329045739 -0.018760097 3.039462160 1.961500682
11433 1433.000000 17758100001433000 0.305219553 -0.015335040 3.102234350 1.623369720
11434 1434.000000 17758100001434000 0.280216154 -0.012100769 3.159977898 1.290431458
11435 1435.000000 17758100001435000 0.254128508 -0.009421424 3.192559195 0.889092197
11436 1436.000000 17758100001436000 0.227054031 -0.005905371 3.226639084 0.525708886
11437 1437.000000 17758100001437000 0.199094237 -0.002822140 3.230418953 0.196660125
11438 1438.000000 17758100001438000 0.170354368 0.000449893 3.246857434 -0.144228945
11439 1439.000000 17758100001439000 0.140943005 0.003880099 3.236210890 -0.553552835
11440 1440.000000 17758100001440000 0.110971667 0.007010085 3.215931673 -0.888661700
11441 1441.000000 17758100001441000 0.080554393 0.010050974 3.181141432 -1.295023793
11442 1442.000000 17758100001442000 0.049807318 0.012970166 3.134172742 -1.644403402
11443 1443.000000 17758100001443000 0.018848231 0.016010421 3.067580923 -2.015189639
11444 1444.000000 17758100001444000 -0.012203875 0.019233553 3.008306554 -2.316626559
11445 1445.000000 17758100001445000 -0.043229254 0.022242644 2.930308596 -2.675522607
11446 1446.000000 17758100001446000 -0.074107868 0.025119431 2.837033353 -2.975309267
11447 1447.000000 17758100001447000 -0.104719856 0.027914595 2.741485788 -3.282959795
11448 1448.000000 17758100001448000 -0.134945997 0.030581655 2.625682984 -3.606467829
11449 1449.000000 17758100001449000 -0.164668178 0.032410815 2.508382426 -3.871782577
11450 1450.000000 17758100001450000 -0.193769860 0.035446443 2.371365889 -4.187962976
11451 1451.000000 17758100001451000 -0.222136540 0.037290199 2.236233130 -4.387981667
11452 1452.000000 17758100001452000 -0.249656206 0.039807558 2.085483767 -4.679197889
11453 1453.000000 17758100001453000 -0.276219791 0.041580325 1.927450650 -4.892216730
11454 1454.000000 17758100001454000 -0.301721609 0.043403227 1.758513986 -5.100706161
11455 1455.000000 17758100001455000 -0.326059787 0.044762218 1.599789963 -5.272908466
11456 1456.000000 17758100001456000 -0.349136686 0.046343344 1.414540960 -5.456668638
11457 1457.000000 17758100001457000 -0.370859298 0.047147538 1.228016787 -5.566517782
11458 1458.000000 17758100001458000 -0.391139637 0.048787291 1.053950833 -5.699708965
11459 1459.000000 17758100001459000 -0.409895113 0.049358481 0.852178941 -5.744467674
11460 1460.000000 17758100001460000 -0.427048872 0.049569181 0.657896876 -5.870658563
11461 1461.000000 17758100001461000 -0.442530139 0.050765127 0.466641545 -5.927523424
11462 1462.000000 17758100001462000 -0.456274515 0.051155813 0.260463457 -5.943931661
11463 1463.000000 17758100001463000 -0.468224267 0.050713730 0.065176983 -5.990661673
11464 1464.000000 17758100001464000 -0.478328588 0.051000721 -0.139780459 -5.976104301
11465 1465.000000 17758100001465000 -0.486543827 0.050278808 -0.338917041 -5.930135861
11466 1466.000000 17758100001466000 -0.492833697 0.049448800 -0.526717872 -5.912630377
11467 1467.000000 17758100001467000 -0.497169454 0.049108817 -0.722760938 -5.768801217
11468 1468.000000 17758100001468000 -0.499530046 0.048331809 -0.907541420 -5.690046574
11469 1469.000000 17758100001469000 -0.499902227 0.047191080 -1.093189248 -5.511875153
11470 1470.000000 17758100001470000 -0.498280655 0.045898925 -1.284795681 -5.417841534
11471 1471.000000 17758100001471000 -0.494667939 0.044472553 -1.462880085 -5.215533526
11472 1472.000000 17758100001472000 -0.489074671 0.042818748 -1.643773171 -5.079622074
11473 1473.000000 17758100001473000 -0.481519419 0.040928075 -1.806428127 -4.859898592
11474 1474.000000 17758100001474000 -0.472028684 0.038887760 -1.962753862 -4.560587342
11475 1475.000000 17758100001475000 -0.460636836 0.036840405 -2.109559394 -4.310867925
11476 1476.000000 17758100001476000 -0.447386004 0.034566007 -2.254172502 -4.073585090
11477 1477.000000 17758100001477000 -0.432325948 0.032184820 -2.391781880 -3.758434257
11478 1478.000000 17758100001478000 -0.415513885 0.029509746 -2.516003147 -3.464598031
11479 1479.000000 17758100001479000 -0.397014297 0.026992700 -2.633213107 -3.117305980
11480 1480.000000 17758100001480000 -0.376898701 0.024385041 -2.739679897 -2.845931314
11481 1481.000000 17758100001481000 -0.355245386 0.021605312 -2.829702425 -2.495894746
11482 1482.000000 17758100001482000 -0.332139135 0.018624252 -2.906700632 -2.132018886
11483 1483.000000 17758100001483000 -0.307670898 0.015624422 -2.974795215 -1.785870999
11484 1484.000000 17758100001484000 -0.281937459 0.012734569 -3.034572147 -1.373514401
11485 1485.000000 17758100001485000 -0.255041061 0.009711724 -3.077403954 -1.027600284
11486 1486.000000 17758100001486000 -0.227089017 0.006573013 -3.102792988 -0.679695026
11487 1487.000000 17758100001487000 -0.198193293 0.002954728 -3.131208692 -0.263540203
11488 1488.000000 17758100001488000 -0.168470069 0.000073509 -3.141652653 0.075183790
11489 1489.000000 17758100001489000 -0.138039283 -0.002829569 -3.135846593 0.431883836
11490 1490.000000 17758100001490000 -0.107024157 -0.005985431 -3.127887125 0.855979870
11491 1491.000000 17758100001491000 -0.075550703 -0.009040287 -3.084955240 1.226133136
11492 1492.000000 17758100001492000 -0.043747217 -0.012158572 -3.044044832 1.583160620
11493 1493.000000 17758100001493000 -0.011743764 -0.015382482 -2.989111685 1.961603222
11494 1494.000000 17758100001494000 0.020328354 -0.017890636 -2.927822488 2.273818926
11495 1495.000000 17758100001495000 0.052337133 -0.021251646 -2.848618066 2.639836367
11496 1496.000000 17758100001496000 0.084150412 -0.023536837 -2.761315565 2.990099002
11497 1497.000000 17758100001497000 0.115636414 -0.026390043 -2.652569107 3.327535494
11498 1498.000000 17758100001498000 0.146664300 -0.029221838 -2.526328761 3.634005828
11499 1499.000000 17758100001499000 0.177104715 -0.031424532 -2.415764066 3.935386688
11500 1500.000000 17758100001500000 0.206830329 -0.033390183 -2.275426128 4.207276250
11501 1501.000000 17758100001501000 0.235716377 -0.035892608 -2.148016469 4.445124468
11502 1502.000000 17758100001502000 0.263641194 -0.038010700 -1.992901274 4.706103413
11503 1503.000000 17758100001503000 0.290486731 -0.039661554 -1.830091920 4.930494827
11504 1504.000000 17758100001504000 0.316139068 -0.041436743 -1.663295573 5.155154604
11505 1505.000000 17758100001505000 0.340488906 -0.043019925 -1.505493244 5.352096200
11506 1506.000000 17758100001506000 0.363432046 -0.044000253 -1.320365395 5.479597884
11507 1507.000000 17758100001507000 0.384869851 -0.045062030 -1.129007521 5.625317704
11508 1508.000000 17758100001508000 0.404709680 -0.046277288 -0.937050135 5.752210239
11509 1509.000000 17758100001509000 0.422865308 -0.046815072 -0.756299667 5.875479384
11510 1510.000000 17758100001510000 0.439257315 -0.047554628 -0.561447889 5.927345105
11511 1511.000000 17758100001511000 0.453813452 -0.047856969 -0.366980110 5.949428366
11512 1512.000000 17758100001512000 0.466468976 -0.047973148 -0.161608297 5.986381035
11513 1513.000000 17758100001513000 0.477166958 -0.047660421 0.035016395 5.955670229
11514 1514.000000 17758100001514000 0.485858556 -0.047619543 0.246531860 5.975483394
11515 1515.000000 17758100001515000 0.492503263 -0.047484690 0.443230585 5.919882211
11516 1516.000000 17758100001516000 0.497069107 -0.046549289 0.633358804 5.834567415
11517 1517.000000 17758100001517000 0.499532833 -0.045870814 0.832594586 5.702248531
11518 1518.000000 17758100001518000 0.499880033 -0.044904070 1.019527274 5.585288940
11519 1519.000000 17758100001519000 0.498105251 -0.043777441 1.201566601 5.419280418
11520 1520.000000 17758100001520000 0.494212043 -0.042233049 1.385336207 5.295850173
11521 1521.000000 17758100001521000 0.488213003 -0.040683662 1.559857521 5.061657601
11522 1522.000000 17758100001522000 0.480129748 -0.039028082 1.724113323 4.854722130
11523 1523.000000 17758100001523000 0.469992865 -0.037341418 1.881314015 4.621681262
11524 1524.000000 17758100001524000 0.457841819 -0.035367739 2.035769207 4.342443807
11525 1525.000000 17758100001525000 0.443724825 -0.032820083 2.181694865 4.087545481
11526 1526.000000 17758100001526000 0.427698675 -0.030494976 2.321782689 3.795308336
11527 1527.000000 17758100001527000 0.409828536 -0.027654365 2.436485823 3.464855721
11528 1528.000000 17758100001528000 0.390187703 -0.025572948 2.552982623 3.142833774
11529 1529.000000 17758100001529000 0.368857319 -0.022675906 2.663008355 2.798939907
11530 1530.000000 17758100001530000 0.345926062 -0.019892227 2.746419540 2.478777223
11531 1531.000000 17758100001531000 0.321489791 -0.017314402 2.833802671 2.116427050
11532 1532.000000 17758100001532000 0.295651165 -0.014389694 2.891993364 1.740379767
11533 1533.000000 17758100001533000 0.268519225 -0.011538225 2.951064454 1.365570676
11534 1534.000000 17758100001534000 0.240208956 -0.008101403 2.994615463 0.981191762
11535 1535.000000 17758100001535000 0.210840804 -0.005732112 3.033214644 0.586350015
11536 1536.000000 17758100001536000 0.180540184 -0.002395126 3.043673723 0.182590281
11537 1537.000000 17758100001537000 0.149436954 0.000937022 3.041133772 -0.189411442
11538 1538.000000 17758100001538000 0.117664865 0.003677141 3.032216523 -0.586258577
11539 1539.000000 17758100001539000 0.085360997 0.006601004 3.026353045 -0.976602147
11540 1540.000000 17758100001540000 0.052665177 0.009743354 2.984283171 -1.351502767
11541 1541.000000 17758100001541000 0.019719374 0.012736007 2.931565009 -1.762750678
11542 1542.000000 17758100001542000 -0.013332909 0.015617553 2.877651698 -2.158686812
11543 1543.000000 17758100001543000 -0.046347261 0.018361094 2.797309581 -2.486175308
11544 1544.000000 17758100001544000 -0.079178987 0.021170665 2.717794125 -2.828514145
11545 1545.000000 17758100001545000 -0.111683751 0.023829141 2.616187031 -3.178852551
11546 1546.000000 17758100001546000 -0.143718207 0.025930152 2.512175192 -3.492103137
11547 1547.000000 17758100001547000 -0.175140637 0.028468614 2.386931517 -3.827205255
11548 1548.000000 17758100001548000 -0.205811580 0.030982201 2.265801979 -4.105890962
11549 1549.000000 17758100001549000 -0.235594463 0.033031090 2.130360537 -4.399458481
11550 1550.000000 17758100001550000 -0.264356214 0.034957442 1.976252119 -4.657195139
11551 1551.000000 17758100001551000 -0.291967867 0.036865690 1.823625955 -4.902685578
11552 1552.000000 17758100001552000 -0.318305150 0.038577953 1.652526154 -5.082493530
11553 1553.000000 17758100001553000 -0.343249060 0.039700750 1.483550918 -5.273476048
11554 1554.000000 17758100001554000 -0.366686411 0.040933914 1.307934104 -5.490734630
11555 1555.000000 17758100001555000 -0.388510366 0.042071991 1.127597142 -5.677288478
11556 1556.000000 17758100001556000 -0.408620936 0.043609540 0.935421429 -5.781948658
11557 1557.000000 17758100001557000 -0.426925459 0.043769652 0.740246072 -5.842318291
11558 1558.000000 17758100001558000 -0.443339044 0.044480852 0.541495997 -5.909118686
11559 1559.000000 17758100001559000 -0.457784983 0.044840106 0.348742743 -5.977388407
11560 1560.000000 17758100001560000 -0.470195133 0.045233617 0.144401935 -5.999941023
11561 1561.000000 17758100001561000 -0.480510251 0.044630168 -0.045554640 -5.978293852
11562 1562.000000 17758100001562000 -0.488680305 0.044720966 -0.257935374 -5.934005802
11563 1563.000000 17758100001563000 -0.494664735 0.044524461 -0.446085903 -5.897252655
11564 1564.000000 17758100001564000 -0.498432677 0.043861198 -0.644603865 -5.818400936
11565 1565.000000 17758100001565000 -0.499963142 0.042883559 -0.837975742 -5.688190544
11566 1566.000000 17758100001566000 -0.499245153 0.041723657 -1.025993207 -5.549233854
11567 1567.000000 17758100001567000 -0.496277839 0.040916871 -1.207333079 -5.392766577
11568 1568.000000 17758100001568000 -0.491070481 0.038841277 -1.388118849 -5.235277801
11569 1569.000000 17758100001569000 -0.483642512 0.037809339 -1.569237686 -4.982313974
11570 1570.000000 17758100001570000 -0.474023474 0.035986474 -1.723039435 -4.774861945
11571 1571.000000 17758100001571000 -0.462252928 0.034116786 -1.891390062 -4.536670065
11572 1572.000000 17758100001572000 -0.448380314 0.032016059 -2.036860956 -4.243434567
11573 1573.000000 17758100001573000 -0.432464767 0.029828042 -2.173005125 -3.970697372
11574 1574.000000 17758100001574000 -0.414574897 0.027666907 -2.306861958 -3.633119970
11575 1575.000000 17758100001575000 -0.394788505 0.024823956 -2.430761478 -3.298181489
11576 1576.000000 17758100001576000 -0.373192278 0.022270127 -2.538828795 -2.982109816
11577 1577.000000 17758100001577000 -0.349881422 0.019919338 -2.634998732 -2.566499304
11578 1578.000000 17758100001578000 -0.324959267 0.017179155 -2.710834361 -2.254793765
11579 1579.000000 17758100001579000 -0.298536828 0.014410125 -2.798021002 -1.858163469
11580 1580.000000 17758100001580000 -0.270732327 0.011843598 -2.846635271 -1.496422113
11581 1581.000000 17758100001581000 -0.241670681 0.008510164 -2.906147919 -1.081335416
11582 1582.000000 17758100001582000 -0.211482956 0.005842368 -2.936564793 -0.708076555
11583 1583.000000 17758100001583000 -0.180305790 0.002813968 -2.952582022 -0.282739574
11584 1584.000000 17758100001584000 -0.148280788 0.000247699 -2.966617800 0.147807099
11585 1585.000000 17758100001585000 -0.115553889 -0.003462927 -2.957355948 0.493341631
11586 1586.000000 17758100001586000 -0.082274707 -0.006229288 -2.939099876 0.893122562
11587 1587.000000 17758100001587000 -0.048595860 -0.009116379 -2.909725970 1.303370575
11588 1588.000000 17758100001588000 -0.014672273 -0.011619927 -2.850809594 1.714107763
11589 1589.000000 17758100001589000 0.019339531 -0.014848109 -2.800947977 2.112355998
11590 1590.000000 17758100001590000 0.053282149 -0.017080882 -2.720654414 2.476635837
11591 1591.000000 17758100001591000 0.086998027 -0.019737002 -2.654768695 2.854938046
11592 1592.000000 17758100001592000 0.120330192 -0.022431378 -2.542467552 3.183749849
11593 1593.000000 17758100001593000 0.153122984 -0.024956979 -2.440047073 3.508615105
11594 1594.000000 17758100001594000 0.185222790 -0.027676559 -2.321525994 3.849131648
11595 1595.000000 17758100001595000 0.216478770 -0.029520059 -2.185584292 4.125877955
11596 1596.000000 17758100001596000 0.246743570 -0.031894056 -2.046881272 4.424553933
11597 1597.000000 17758100001597000 0.275874030 -0.033582759 -1.896088554 4.692957615
11598 1598.000000 17758100001598000 0.303731871 -0.035214097 -1.740349946 4.914137850
11599 1599.000000 17758100001599000 0.330184363 -0.036895161 -1.579925121 5.181358579
11600 1600.000000 17758100001600000 0.355104975 -0.038048867 -1.407872845 5.366427552
11601 1601.000000 17758100001601000 0.378373992 -0.039491050 -1.228778703 5.494455489
11602 1602.000000 17758100001602000 0.399879109 -0.040816076 -1.046966069 5.688586291
11603 1603.000000 17758100001603000 0.419515991 -0.041569730 -0.846311880 5.785314375
11604 1604.000000 17758100001604000 0.437188799 -0.042270222 -0.653721225 5.876453742
11605 1605.000000 17758100001605000 0.452810679 -0.042539854 -0.459494340 5.951400948
11606 1606.000000 17758100001606000 0.466304207 -0.042489543 -0.264530853 5.980432053
11607 1607.000000 17758100001607000 0.477601800 -0.042700652 -0.066703405 6.023975929
11608 1608.000000 17758100001608000 0.486646071 -0.042596712 0.135153138 5.962114203
11609 1609.000000 17758100001609000 0.493390151 -0.042585326 0.335251357 5.905146661
11610 1610.000000 17758100001610000 0.497797950 -0.041320564 0.536425303 5.840285556
11611 1611.000000 17758100001611000 0.499844376 -0.041071327 0.731942846 5.757545573
11612 1612.000000 17758100001612000 0.499515500 -0.039662231 0.912206844 5.580772744
11613 1613.000000 17758100001613000 0.496808668 -0.039212139 1.107389978 5.446264397
11614 1614.000000 17758100001614000 0.491732562 -0.037863683 1.289311065 5.262600523
11615 1615.000000 17758100001615000 0.484307202 -0.035766239 1.465468610 5.035682742
11616 1616.000000 17758100001616000 0.474563903 -0.034868841 1.627051971 4.843686324
11617 1617.000000 17758100001617000 0.462545165 -0.032777194 1.794106444 4.586792078
11618 1618.000000 17758100001618000 0.448304521 -0.030983671 1.943276832 4.325720527
11619 1619.000000 17758100001619000 0.431906322 -0.028991110 2.090142109 4.019745152
11620 1620.000000 17758100001620000 0.413425473 -0.026175899 2.222108412 3.685246914
11621 1621.000000 17758100001621000 0.392947118 -0.024466540 2.345863402 3.354487661
11622 1622.000000 17758100001622000 0.370566269 -0.021632948 2.460704543 3.040694981
11623 1623.000000 17758100001623000 0.346387389 -0.019039160 2.554810933 2.638301633
11624 1624.000000 17758100001624000 0.320523928 -0.016823063 2.642192585 2.295604094
11625 1625.000000 17758100001625000 0.293097810 -0.014286567 2.718268550 1.895821654
11626 1626.000000 17758100001626000 0.264238874 -0.011488418 2.770695740 1.482003934
11627 1627.000000 17758100001627000 0.234084285 -0.008469436 2.820254486 1.090101956
11628 1628.000000 17758100001628000 0.202777891 -0.005407825 2.857014862 0.660682165
11629 1629.000000 17758100001629000 0.170469555 -0.002507443 2.876212054 0.284368574
11630 1630.000000 17758100001630000 0.137314448 0.000272322 2.892711663 -0.186430546
11631 1631.000000 17758100001631000 0.103472319 0.003166695 2.877872852 -0.572608361
11632 1632.000000 17758100001632000 0.069106730 0.006239307 2.850631070 -0.999507000
11633 1633.000000 17758100001633000 0.034384276 0.009020229 2.813830928 -1.383147052
11634 1634.000000 17758100001634000 -0.000526217 0.011716214 2.787159187 -1.803514218
11635 1635.000000 17758100001635000 -0.035454510 0.014229323 2.712196654 -2.197558306
11636 1636.000000 17758100001636000 -0.070229781 0.017145792 2.642571221 -2.561685083
11637 1637.000000 17758100001637000 -0.104681457 0.019576658 2.553469314 -2.956668101
11638 1638.000000 17758100001638000 -0.138640055 0.021841250 2.459268991 -3.272214016
11639 1639.000000 17758100001639000 -0.171938019 0.024214265 2.338552554 -3.645011886
11640 1640.000000 17758100001640000 -0.204410553 0.026791321 2.204056056 -3.964882130
11641 1641.000000 17758100001641000 -0.235896445 0.028997027 2.076089820 -4.272314855
11642 1642.000000 17758100001642000 -0.266238877 0.030460704 1.937649966 -4.592089769
11643 1643.000000 17758100001643000 -0.295286214 0.031936700 1.782755345 -4.821862850
11644 1644.000000 17758100001644000 -0.322892782 0.034093805 1.627095928 -5.088359901
11645 1645.000000 17758100001645000 -0.348919608 0.035250140 1.452082195 -5.254098328
11646 1646.000000 17758100001646000 -0.373235136 0.036855235 1.287372421 -5.505772207
11647 1647.000000 17758100001647000 -0.395715914 0.037728779 1.092104613 -5.638539770
11648 1648.000000 17758100001648000 -0.416247237 0.039157151 0.909300352 -5.745212251
11649 1649.000000 17758100001649000 -0.434723755 0.039448612 0.707392190 -5.824606867
11650 1650.000000 17758100001650000 -0.451050035 0.040125930 0.524205456 -5.918918746
11651 1651.000000 17758100001651000 -0.465141076 0.040023362 0.313086465 -5.988033608
11652 1652.000000 17758100001652000 -0.476922776 0.039823865 0.121893826 -6.007948506
11653 1653.000000 17758100001653000 -0.486332349 0.040336063 -0.079560271 -5.980289950
11654 1654.000000 17758100001654000 -0.493318680 0.040083014 -0.284809528 -5.943839448
11655 1655.000000 17758100001655000 -0.497842635 0.039698142 -0.480921960 -5.911582472
11656 1656.000000 17758100001656000 -0.499877299 0.038771083 -0.670157301 -5.748133253
11657 1657.000000 17758100001657000 -0.499408165 0.037758987 -0.867849303 -5.635889879
11658 1658.000000 17758100001658000 -0.496433253 0.036644910 -1.049497245 -5.485191886
11659 1659.000000 17758100001659000 -0.490963178 0.035840763 -1.237266220 -5.312904883
11660 1660.000000 17758100001660000 -0.483021137 0.034461038 -1.409761260 -5.111689385
11661 1661.000000 17758100001661000 -0.472642852 0.032563515 -1.583400602 -4.851533928
11662 1662.000000 17758100001662000 -0.459876435 0.030891563 -1.737523479 -4.612009781
11663 1663.000000 17758100001663000 -0.444782198 0.028957633 -1.896077828 -4.322424788
11664 1664.000000 17758100001664000 -0.427432392 0.026687476 -2.042843679 -4.004333470
11665 1665.000000 17758100001665000 -0.407910896 0.024937004 -2.167920753 -3.678999369
11666 1666.000000 17758100001666000 -0.386312831 0.022775403 -2.285957708 -3.338807117
11667 1667.000000 17758100001667000 -0.362744127 0.020160463 -2.404446835 -2.979194634
11668 1668.000000 17758100001668000 -0.337321028 0.017421600 -2.499569171 -2.632037723
11669 1669.000000 17758100001669000 -0.310169539 0.015082038 -2.586190461 -2.263671031
11670 1670.000000 17758100001670000 -0.281424825 0.012737894 -2.651860047 -1.770965524
11671 1671.000000 17758100001671000 -0.251230557 0.010175424 -2.718914035 -1.411067269
11672 1672.000000 17758100001672000 -0.219738214 0.007042552 -2.764833705 -1.016642589
11673 1673.000000 17758100001673000 -0.187106340 0.004039057 -2.795413210 -0.554326354
11674 1674.000000 17758100001674000 -0.153499757 0.000990801 -2.804899259 -0.150333716
11675 1675.000000 17758100001675000 -0.119088751 -0.001733016 -2.812666804 0.297713252
11676 1676.000000 17758100001676000 -0.084048216 -0.004241913 -2.795927611 0.719394706
11677 1677.000000 17758100001677000 -0.048556776 -0.006953650 -2.775748806 1.114463387
11678 1678.000000 17758100001678000 -0.012795881 -0.009682423 -2.734888769 1.534359462
11679 1679.000000 17758100001679000 0.023051117 -0.012467689 -2.685869463 1.939115366
11680 1680.000000 17758100001680000 0.058799897 -0.015337850 -2.614710794 2.378640551
11681 1681.000000 17758100001681000 0.094266122 -0.017878090 -2.541346501 2.730044638
11682 1682.000000 17758100001682000 0.129266387 -0.019973524 -2.439572694 3.126654060
11683 1683.000000 17758100001683000 0.163619175 -0.022502274 -2.339426376 3.500451092
11684 1684.000000 17758100001684000 0.197145798 -0.024293060 -2.216506051 3.823990645
11685 1685.000000 17758100001685000 0.229671340 -0.026933487 -2.086989426 4.142065385
11686 1686.000000 17758100001686000 0.261025579 -0.028252338 -1.945248390 4.459964600
11687 1687.000000 17758100001687000 0.291043888 -0.030521563 -1.798992485 4.727812629
11688 1688.000000 17758100001688000 0.319568112 -0.031983426 -1.642089627 4.944366061
11689 1689.000000 17758100001689000 0.346447422 -0.033456173 -1.461652756 5.220361710
11690 1690.000000 17758100001690000 0.371539127 -0.034867796 -1.291587580 5.386020934
11691 1691.000000 17758100001691000 0.394709450 -0.036318727 -1.115123620 5.605838961
11692 1692.000000 17758100001692000 0.415834266 -0.036942726 -0.935327777 5.739996002
11693 1693.000000 17758100001693000 0.434799784 -0.037280442 -0.736248468 5.832703196
11694 1694.000000 17758100001694000 0.451503189 -0.038384535 -0.547947142 5.946540567
11695 1695.000000 17758100001695000 0.465853221 -0.038842281 -0.340840033 5.959014053
11696 1696.000000 17758100001696000 0.477770702 -0.038663476 -0.147311469 6.031793141
11697 1697.000000 17758100001697000 0.487188997 -0.038647923 0.053613406 5.964964383
11698 1698.000000 17758100001698000 0.494054417 -0.038569852 0.262800471 5.963835070
11699 1699.000000 17758100001699000 0.498326550 -0.038009157 0.459106677 5.891874915
11700 1700.000000 17758100001700000 0.499978528 -0.037306207 0.651044673 5.753575084
11701 1701.000000 17758100001701000 0.498997222 -0.036451392 0.839993118 5.692124245
11702 1702.000000 17758100001702000 0.495383366 -0.035307061 1.023225422 5.502494815
11703 1703.000000 17758100001703000 0.489151608 -0.033986536 1.216555784 5.277798263
11704 1704.000000 17758100001704000 0.480330485 -0.032662601 1.387618687 5.088176658
11705 1705.000000 17758100001705000 0.468962328 -0.031115076 1.556366827 4.854824288
11706 1706.000000 17758100001706000 0.455103091 -0.029130321 1.706864016 4.588790862
11707 1707.000000 17758100001707000 0.438822111 -0.027378832 1.862974250 4.296962179
11708 1708.000000 17758100001708000 0.420201784 -0.026170527 1.999957121 3.933929463
11709 1709.000000 17758100001709000 0.399337186 -0.023519835 2.141093536 3.623538214
11710 1710.000000 17758100001710000 0.376335610 -0.021502282 2.259636882 3.305311726
11711 1711.000000 17758100001711000 0.351316043 -0.018957081 2.358566816 2.906707766
11712 1712.000000 17758100001712000 0.324408580 -0.016202397 2.462347755 2.501626364
11713 1713.000000 17758100001713000 0.295753763 -0.013852351 2.540020691 2.108466671
11714 1714.000000 17758100001714000 0.265501880 -0.011284950 2.600641809 1.670601849
11715 1715.000000 17758100001715000 0.233812189 -0.008268575 2.669893011 1.256041299
11716 1716.000000 17758100001716000 0.200852104 -0.006125139 2.717126345 0.830720136
11717 1717.000000 17758100001717000 0.166796322 -0.003109679 2.730215385 0.387898213
11718 1718.000000 17758100001718000 0.131825918 -0.000236361 2.747918861 -0.020418987
11719 1719.000000 17758100001719000 0.096127391 0.002400235 2.741353369 -0.493797251
11720 1720.000000 17758100001720000 0.059891681 0.004886386 2.721588461 -0.896665888
11721 1721.000000 17758100001721000 0.023313158 0.007805750 2.701883766 -1.333576846
11722 1722.000000 17758100001722000 -0.013411421 0.010616224 2.638561538 -1.749449912
11723 1723.000000 17758100001723000 -0.050083959 0.013109750 2.586892170 -2.215044828
11724 1724.000000 17758100001724000 -0.086506090 0.015610739 2.502408250 -2.591393949
11725 1725.000000 17758100001725000 -0.122480255 0.018029509 2.415305387 -2.969853769
11726 1726.000000 17758100001726000 -0.157810773 0.020314854 2.323374575 -3.337677141
11727 1727.000000 17758100001727000 -0.192304914 0.022245930 2.201391585 -3.716603252
11728 1728.000000 17758100001728000 -0.225773957 0.024513495 2.081049438 -4.081136632
11729 1729.000000 17758100001729000 -0.258034237 0.026606248 1.942051938 -4.333314174
11730 1730.000000 17758100001730000 -0.288908158 0.027695168 1.799076753 -4.653335976
11731 1731.000000 17758100001731000 -0.318225192 0.030111096 1.637962744 -4.914391138
11732 1732.000000 17758100001732000 -0.345822838 0.031503552 1.478812157 -5.141961387
11733 1733.000000 17758100001733000 -0.371547536 0.032522557 1.298693376 -5.389566219
11734 1734.000000 17758100001734000 -0.395255549 0.033713406 1.123112012 -5.522941027
11735 1735.000000 17758100001735000 -0.416813782 0.034759158 0.935465785 -5.731345587
11736 1736.000000 17758100001736000 -0.436100559 0.035628841 0.740561635 -5.812497778
11737 1737.000000 17758100001737000 -0.453006335 0.036022602 0.544388704 -5.934363735
11738 1738.000000 17758100001738000 -0.467434341 0.036684193 0.350257625 -5.986848064
11739 1739.000000 17758100001739000 -0.479301169 0.036687112 0.141810804 -6.024010523
11740 1740.000000 17758100001740000 -0.488537283 0.036400762 -0.034857004 -6.005666218
11741 1741.000000 17758100001741000 -0.495087457 0.036217465 -0.241807641 -5.943820220
11742 1742.000000 17758100001742000 -0.498911131 0.035912220 -0.442862041 -5.909930348
11743 1743.000000 17758100001743000 -0.499982699 0.035371297 -0.632529255 -5.780757904
11744 1744.000000 17758100001744000 -0.498291700 0.034528077 -0.844627918 -5.649736444
11745 1745.000000 17758100001745000 -0.493842942 0.033351211 -1.017840853 -5.509209226
11746 1746.000000 17758100001746000 -0.486656526 0.032197192 -1.211322672 -5.304757084
11747 1747.000000 17758100001747000 -0.476767803 0.030783448 -1.377164025 -5.056521364
11748 1748.000000 17758100001748000 -0.464227226 0.029406329 -1.546851057 -4.824287244
11749 1749.000000 17758100001749000 -0.449100135 0.027339035 -1.713788580 -4.550649683
11750 1750.000000 17758100001750000 -0.431466445 0.025801580 -1.851955492 -4.185372453
11751 1751.000000 17758100001751000 -0.411420260 0.023315945 -1.988930503 -3.928032977
11752 1752.000000 17758100001752000 -0.389069399 0.021653824 -2.121451345 -3.538189653
11753 1753.000000 17758100001753000 -0.364534848 0.019375633 -2.238337290 -3.182563128
11754 1754.000000 17758100001754000 -0.337950132 0.016981125 -2.342369951 -2.775353739
11755 1755.000000 17758100001755000 -0.309460617 0.014120564 -2.440791974 -2.336425933
11756 1756.000000 17758100001756000 -0.279222737 0.012348942 -2.511767691 -1.950442968
11757 1757.000000 17758100001757000 -0.247403162 0.009640405 -2.571331173 -1.518009051
11758 1758.000000 17758100001758000 -0.214177898 0.006841902 -2.622402248 -1.069397983
11759 1759.000000 17758100001759000 -0.179731332 0.004270235 -2.650515704 -0.640657872
11760 1760.000000 17758100001760000 -0.144255226 0.001312720 -2.676926111 -0.163709819
11761 1761.000000 17758100001761000 -0.107947668 -0.001079477 -2.687056462 0.269878152
11762 1762.000000 17758100001762000 -0.071011971 -0.003542091 -2.670114822 0.717991737
11763 1763.000000 17758100001763000 -0.033655549 -0.006736620 -2.643635008 1.120697766
11764 1764.000000 17758100001764000 0.003911243 -0.008569262 -2.609156272 1.605412798
11765 1765.000000 17758100001765000 0.041476286 -0.011747343 -2.549140518 2.000365084
11766 1766.000000 17758100001766000 0.078826895 -0.013977669 -2.479097682 2.423131481
11767 1767.000000 17758100001767000 0.115751026 -0.016708706 -2.403260913 2.831965440
11768 1768.000000 17758100001768000 0.152038478 -0.018769427 -2.299991937 3.254505683
11769 1769.000000 17758100001769000 0.187482098 -0.021297099 -2.189729148 3.614325554
11770 1770.000000 17758100001770000 0.221878974 -0.023247383 -2.079205326 3.968204135
11771 1771.000000 17758100001771000 0.255031603 -0.025101415 -1.940253173 4.288278403
11772 1772.000000 17758100001772000 0.286749043 -0.026982934 -1.792199975 4.611909542
11773 1773.000000 17758100001773000 0.316848026 -0.028542007 -1.641452140 4.866542812
11774 1774.000000 17758100001774000 0.345154034 -0.029777152 -1.474698187 5.134797145
11775 1775.000000 17758100001775000 0.371502333 -0.031534761 -1.309245044 5.353710199
11776 1776.000000 17758100001776000 0.395738956 -0.032646554 -1.134292795 5.544897713
11777 1777.000000 17758100001777000 0.417721622 -0.033340795 -0.942165290 5.705375059
11778 1778.000000 17758100001778000 0.437320599 -0.034215330 -0.762146279 5.835328784
11779 1779.000000 17758100001779000 0.454419501 -0.034860828 -0.556212269 5.938432590
11780 1780.000000 17758100001780000 0.468916002 -0.034993487 -0.352345040 5.982401402
11781 1781.000000 17758100001781000 0.480722483 -0.035292857 -0.158151437 5.970718682
11782 1782.000000 17758100001782000 0.489766592 -0.035072739 0.037947817 5.994211100
11783 1783.000000 17758100001783000 0.495991719 -0.034907928 0.236921122 5.970183473
11784 1784.000000 17758100001784000 0.499357381 -0.034501484 0.438557264 5.899537679
11785 1785.000000 17758100001785000 0.499839518 -0.033840029 0.645191530 5.786321838
11786 1786.000000 17758100001786000 0.497430698 -0.032794491 0.831185655 5.655521616
11787 1787.000000 17758100001787000 0.492140214 -0.031721542 1.014211143 5.458000753
11788 1788.000000 17758100001788000 0.483994102 -0.030819903 1.194594100 5.258409755
11789 1789.000000 17758100001789000 0.473035047 -0.029622966 1.372028755 5.036129404
11790 1790.000000 17758100001790000 0.459322199 -0.028181577 1.546915252 4.771672726
11791 1791.000000 17758100001791000 0.442930892 -0.026630686 1.690294563 4.474251212
11792 1792.000000 17758100001792000 0.423952262 -0.024575985 1.839720337 4.160942382
11793 1793.000000 17758100001793000 0.402492776 -0.022530973 1.977623783 3.793153089
11794 1794.000000 17758100001794000 0.378673670 -0.020265149 2.105554281 3.424091123
11795 1795.000000 17758100001795000 0.352630291 -0.018411553 2.220849384 3.031204525
11796 1796.000000 17758100001796000 0.324511363 -0.015429901 2.329332513 2.693880325
11797 1797.000000 17758100001797000 0.294478157 -0.013096621 2.409981763 2.257322314
11798 1798.000000 17758100001798000 0.262703601 -0.010580911 2.471165300 1.791180117
11799 1799.000000 17758100001799000 0.229371304 -0.008394707 2.530894076 1.366789844
11800 1800.000000 17758100001800000 0.194674513 -0.005661884 2.580221444 0.920044437
11801 1801.000000 17758100001801000 0.158815019 -0.003290147 2.610274329 0.428428889
11802 1802.000000 17758100001802000 0.122001993 -0.000167373 2.625256749 -0.003805854
11803 1803.000000 17758100001803000 0.084450784 0.001901405 2.618023002 -0.446445279
11804 1804.000000 17758100001804000 0.046381669 0.004645313 2.602755548 -0.945653045
11805 1805.000000 17758100001805000 0.008018571 0.007604206 2.565703922 -1.353182336
11806 1806.000000 17758100001806000 -0.030412254 0.010341380 2.518796522 -1.818720698
11807 1807.000000 17758100001807000 -0.068683548 0.012286601 2.461158921 -2.259081089
11808 1808.000000 17758100001808000 -0.106568397 0.014606846 2.389698251 -2.708518596
11809 1809.000000 17758100001809000 -0.143841572 0.016482256 2.287527998 -3.048184719
11810 1810.000000 17758100001810000 -0.180280883 0.019515556 2.195154951 -3.482661956
11811 1811.000000 17758100001811000 -0.215668504 0.021307837 2.071440530 -3.860760486
11812 1812.000000 17758100001812000 -0.249792291 0.022812939 1.939176162 -4.195678430
11813 1813.000000 17758100001813000 -0.282447066 0.025166912 1.806517345 -4.488068012
11814 1814.000000 17758100001814000 -0.313435867 0.026767138 1.650262568 -4.843808080
11815 1815.000000 17758100001815000 -0.342571155 0.028064319 1.491752271 -5.035517804
11816 1816.000000 17758100001816000 -0.369675970 0.029344838 1.320248875 -5.346135026
11817 1817.000000 17758100001817000 -0.394585031 0.030746262 1.142950275 -5.504440668
11818 1818.000000 17758100001818000 -0.417145768 0.031606785 0.958815153 -5.683359110
11819 1819.000000 17758100001819000 -0.437219285 0.032427444 0.772719234 -5.775669660
11820 1820.000000 17758100001820000 -0.454681243 0.033151295 0.571776463 -5.893732068
11821 1821.000000 17758100001821000 -0.469422665 0.033523056 0.384804253 -5.981129390
11822 1822.000000 17758100001822000 -0.481350643 0.033615298 0.183269988 -5.987950816
11823 1823.000000 17758100001823000 -0.490388962 0.033558906 -0.017763879 -6.010004325
11824 1824.000000 17758100001824000 -0.496478620 0.032964881 -0.219334452 -5.949440713
11825 1825.000000 17758100001825000 -0.499578243 0.032577113 -0.419208362 -5.895248034
11826 1826.000000 17758100001826000 -0.499664408 0.032347232 -0.610436246 -5.777519639
11827 1827.000000 17758100001827000 -0.496731843 0.031503724 -0.804935959 -5.641324133
11828 1828.000000 17758100001828000 -0.490793533 0.030481063 -0.995537343 -5.448971980
11829 1829.000000 17758100001829000 -0.481880701 0.029367111 -1.176401415 -5.250712750
11830 1830.000000 17758100001830000 -0.470042691 0.027735500 -1.344815687 -5.008816206
11831 1831.000000 17758100001831000 -0.455346733 0.026440420 -1.510680310 -4.700568875
11832 1832.000000 17758100001832000 -0.437877601 0.024453900 -1.668463710 -4.435268134
11833 1833.000000 17758100001833000 -0.417737160 0.022841686 -1.823278396 -4.074370545
11834 1834.000000 17758100001834000 -0.395043807 0.021056977 -1.950715124 -3.762308200
11835 1835.000000 17758100001835000 -0.369931814 0.018653907 -2.083016685 -3.383653770
11836 1836.000000 17758100001836000 -0.342550559 0.016986949 -2.188418647 -2.966066759
11837 1837.000000 17758100001837000 -0.313063676 0.014532525 -2.287592360 -2.573045940
11838 1838.000000 17758100001838000 -0.281648101 0.012205659 -2.374637528 -2.133229791
11839 1839.000000 17758100001839000 -0.248493039 0.009445171 -2.440403850 -1.736497828
11840 1840.000000 17758100001840000 -0.213798846 0.006711292 -2.494297453 -1.240210748
11841 1841.000000 17758100001841000 -0.177775845 0.004311773 -2.538789690 -0.776406019
11842 1842.000000 17758100001842000 -0.140643065 0.002000430 -2.560645342 -0.254019573
11843 1843.000000 17758100001843000 -0.102626929 -0.000735284 -2.574269157 0.177208482
11844 1844.000000 17758100001844000 -0.063959883 -0.003097302 -2.549356655 0.640633944
11845 1845.000000 17758100001845000 -0.024878990 -0.005750447 -2.542784712 1.110187225
11846 1846.000000 17758100001846000 0.014375518 -0.008398816 -2.497950980 1.546940073
11847 1847.000000 17758100001847000 0.053561712 -0.010540436 -2.445758735 2.022928534
11848 1848.000000 17758100001848000 0.092437460 -0.012834474 -2.372341589 2.464013093
11849 1849.000000 17758100001849000 0.130761915 -0.015545383 -2.296597281 2.894708554
11850 1850.000000 17758100001850000 0.168297021 -0.017493250 -2.191647659 3.268459394
11851 1851.000000 17758100001851000 0.204808997 -0.019650092 -2.078858102 3.677933682
11852 1852.000000 17758100001852000 0.240069801 -0.021587342 -1.960383949 4.022890815
11853 1853.000000 17758100001853000 0.273858572 -0.023490754 -1.828036162 4.387070682
11854 1854.000000 17758100001854000 0.305963028 -0.025400003 -1.676405905 4.687296530
11855 1855.000000 17758100001855000 0.336180820 -0.026389926 -1.528114592 4.939253178
11856 1856.000000 17758100001856000 0.364320829 -0.028236419 -1.355040375 5.233003422
11857 1857.000000 17758100001857000 0.390204400 -0.029382899 -1.174484019 5.404459596
11858 1858.000000 17758100001858000 0.413666503 -0.030076574 -0.997986187 5.623081005
11859 1859.000000 17758100001859000 0.434556813 -0.030982789 -0.822120675 5.790566586
11860 1860.000000 17758100001860000 0.452740708 -0.031795852 -0.621468963 5.890486090
11861 1861.000000 17758100001861000 0.468100165 -0.032189234 -0.421284666 5.950952927
11862 1862.000000 17758100001862000 0.480534563 -0.032311231 -0.223812393 5.990360819
11863 1863.000000 17758100001863000 0.489961378 -0.032388326 -0.031135635 5.990022481
11864 1864.000000 17758100001864000 0.496316764 -0.031993407 0.172228151 6.004433319
11865 1865.000000 17758100001865000 0.499556027 -0.031977708 0.381815232 5.929419558
11866 1866.000000 17758100001866000 0.499653971 -0.031097363 0.575080430 5.785680481
11867 1867.000000 17758100001867000 0.496605130 -0.030095788 0.754958356 5.684293383
11868 1868.000000 17758100001868000 0.490423873 -0.029405100 0.961446929 5.504845500
11869 1869.000000 17758100001869000 0.481144384 -0.028484203 1.137670927 5.278611026
11870 1870.000000 17758100001870000 0.468820520 -0.027137249 1.313337638 4.987414002
11871 1871.000000 17758100001871000 0.453525534 -0.025503264 1.474145632 4.768203098
11872 1872.000000 17758100001872000 0.435351690 -0.023998835 1.640341945 4.450030691
11873 1873.000000 17758100001873000 0.414409738 -0.021842088 1.781366839 4.122883007
11874 1874.000000 17758100001874000 0.390828282 -0.020536428 1.919015493 3.697495815
11875 1875.000000 17758100001875000 0.364753022 -0.017796395 2.038389714 3.344021858
11876 1876.000000 17758100001876000 0.336345895 -0.016374470 2.143822716 2.952882391
11877 1877.000000 17758100001877000 0.305784096 -0.013726064 2.258170795 2.506470855
11878 1878.000000 17758100001878000 0.273259003 -0.011600229 2.328756555 2.131866806
11879 1879.000000 17758100001879000 0.238975010 -0.008817560 2.398094888 1.598631490
11880 1880.000000 17758100001880000 0.203148266 -0.006681799 2.454272649 1.170046520
11881 1881.000000 17758100001881000 0.166005331 -0.004262020 2.495108190 0.710394934
11882 1882.000000 17758100001882000 0.127781769 -0.001590673 2.509825258 0.241870349
11883 1883.000000 17758100001883000 0.088720666 0.000913051 2.520376652 -0.259500722
11884 1884.000000 17758100001884000 0.049071099 0.003115338 2.516209150 -0.741572334
11885 1885.000000 17758100001885000 0.009086557 0.006073557 2.482311486 -1.239321077
11886 1886.000000 17758100001886000 -0.030976674 0.007941867 2.434454687 -1.699596653
11887 1887.000000 17758100001887000 -0.070861145 0.011035299 2.385394781 -2.193618157
11888 1888.000000 17758100001888000 -0.110309905 0.013040396 2.302009711 -2.613447817
11889 1889.000000 17758100001889000 -0.149068156 0.015515421 2.216261013 -3.024629682
11890 1890.000000 17758100001890000 -0.186884905 0.017321003 2.119049617 -3.428841918
11891 1891.000000 17758100001891000 -0.223514603 0.019283169 2.002813390 -3.792623384
11892 1892.000000 17758100001892000 -0.258718746 0.021444429 1.864498261 -4.161950299
11893 1893.000000 17758100001893000 -0.292267453 0.022929200 1.742167824 -4.527312143
11894 1894.000000 17758100001894000 -0.323940977 0.024317058 1.583629106 -4.792326785
11895 1895.000000 17758100001895000 -0.353531175 0.026028227 1.425664940 -5.080604788
11896 1896.000000 17758100001896000 -0.380842897 0.027018749 1.248554901 -5.368065760
11897 1897.000000 17758100001897000 -0.405695299 0.028361594 1.077461644 -5.579447203
11898 1898.000000 17758100001898000 -0.427923076 0.029524657 0.881801457 -5.718865681
11899 1899.000000 17758100001899000 -0.447377587 0.030135152 0.693468835 -5.823977491
11900 1900.000000 17758100001900000 -0.463927891 0.030441403 0.498222722 -5.939291615
11901 1901.000000 17758100001901000 -0.477461658 0.030707836 0.303733532 -5.987863541
11902 1902.000000 17758100001902000 -0.487885973 0.030777369 0.092900141 -6.017383636
11903 1903.000000 17758100001903000 -0.495128009 0.030612897 -0.095958374 -5.999789609
11904 1904.000000 17758100001904000 -0.499135577 0.030511168 -0.301988602 -5.964505856
11905 1905.000000 17758100001905000 -0.499877543 0.029910231 -0.501236970 -5.847628474
11906 1906.000000 17758100001906000 -0.497344102 0.029172375 -0.691645897 -5.707772768
11907 1907.000000 17758100001907000 -0.491546920 0.028419491 -0.893033496 -5.577006439
11908 1908.000000 17758100001908000 -0.482519137 0.026894287 -1.064533029 -5.374599359
11909 1909.000000 17758100001909000 -0.470315216 0.026444510 -1.248942771 -5.139126871
11910 1910.000000 17758100001910000 -0.455010667 0.024765481 -1.411704942 -4.817961862
11911 1911.000000 17758100001911000 -0.436701623 0.022787254 -1.570857165 -4.491264614
11912 1912.000000 17758100001912000 -0.415504274 0.021366257 -1.707066716 -4.169742206
11913 1913.000000 17758100001913000 -0.391554171 0.019256719 -1.874031434 -3.804551405
11914 1914.000000 17758100001914000 -0.365005403 0.017388287 -1.990930980 -3.415758108
11915 1915.000000 17758100001915000 -0.336029636 0.015218137 -2.089221665 -3.020226058
11916 1916.000000 17758100001916000 -0.304815039 0.013417808 -2.202611094 -2.552304213
11917 1917.000000 17758100001917000 -0.271565097 0.010533327 -2.282945351 -2.109087040
11918 1918.000000 17758100001918000 -0.236497310 0.008495456 -2.352450029 -1.629971191
11919 1919.000000 17758100001919000 -0.199841798 0.005831734 -2.407947265 -1.146193420
11920 1920.000000 17758100001920000 -0.161839815 0.003714908 -2.432739073 -0.693750559
11921 1921.000000 17758100001921000 -0.122742183 0.001191293 -2.464164754 -0.229017498
11922 1922.000000 17758100001922000 -0.082807647 -0.001495990 -2.471669465 0.282117896
11923 1923.000000 17758100001923000 -0.042301185 -0.003385157 -2.451579508 0.770212964
11924 1924.000000 17758100001924000 -0.001492254 -0.005791572 -2.433561191 1.235860020
11925 1925.000000 17758100001925000 0.039346993 -0.008604850 -2.388355149 1.701167577
11926 1926.000000 17758100001926000 0.079943523 -0.010716152 -2.329491933 2.203515926
11927 1927.000000 17758100001927000 0.120025242 -0.013104156 -2.244685650 2.640129063
11928 1928.000000 17758100001928000 0.159322831 -0.015189944 -2.166454750 3.077871873
11929 1929.000000 17758100001929000 0.197571557 -0.016992464 -2.066897696 3.471255523
11930 1930.000000 17758100001930000 0.234513072 -0.019295218 -1.939316062 3.866607757
11931 1931.000000 17758100001931000 0.269897172 -0.020695097 -1.817091448 4.239619504
11932 1932.000000 17758100001932000 0.303483507 -0.022780617 -1.672896990 4.562989895
11933 1933.000000 17758100001933000 0.335043242 -0.024257456 -1.514283249 4.869593350
11934 1934.000000 17758100001934000 0.364360632 -0.025212899 -1.353739068 5.106029504
11935 1935.000000 17758100001935000 0.391234533 -0.026715014 -1.185555366 5.412242914
11936 1936.000000 17758100001936000 0.415479806 -0.028175192 -0.998873885 5.595542211
11937 1937.000000 17758100001937000 0.436928630 -0.028535427 -0.817271576 5.766857913
11938 1938.000000 17758100001938000 0.455431696 -0.029455818 -0.618407272 5.887598955
11939 1939.000000 17758100001939000 0.470859285 -0.029954431 -0.428336814 5.957911928
11940 1940.000000 17758100001940000 0.483102215 -0.030033554 -0.224963648 6.025440458
11941 1941.000000 17758100001941000 0.492072657 -0.029802776 -0.014031673 6.011403934
11942 1942.000000 17758100001942000 0.497704802 -0.029913617 0.172729503 6.000494969
11943 1943.000000 17758100001943000 0.499955391 -0.029594587 0.376701974 5.913380804
11944 1944.000000 17758100001944000 0.498804083 -0.028816768 0.578799385 5.802806892
11945 1945.000000 17758100001945000 0.494253673 -0.027893443 0.771972161 5.656837448
11946 1946.000000 17758100001946000 0.486330160 -0.027159546 0.957357054 5.448372710
11947 1947.000000 17758100001947000 0.475082640 -0.026146379 1.134964927 5.220958061
11948 1948.000000 17758100001948000 0.460583058 -0.025011163 1.314316999 4.923829927
11949 1949.000000 17758100001949000 0.442925791 -0.023259081 1.470762083 4.665354076
11950 1950.000000 17758100001950000 0.422227077 -0.021307973 1.637302767 4.332778998
11951 1951.000000 17758100001951000 0.398624298 -0.019506336 1.771133747 3.978358046
11952 1952.000000 17758100001952000 0.372275106 -0.017647763 1.893200194 3.541954540
11953 1953.000000 17758100001953000 0.343356410 -0.015821835 2.031270646 3.167678372
11954 1954.000000 17758100001954000 0.312063226 -0.013637874 2.120739224 2.726849116
11955 1955.000000 17758100001955000 0.278607396 -0.011197644 2.214778078 2.258373727
11956 1956.000000 17758100001956000 0.243216184 -0.009338005 2.291532174 1.796589774
11957 1957.000000 17758100001957000 0.206130765 -0.006745878 2.350756151 1.314224716
11958 1958.000000 17758100001958000 0.167604602 -0.004804732 2.384442875 0.822602021
11959 1959.000000 17758100001959000 0.127901737 -0.001879791 2.411655720 0.350449855
11960 1960.000000 17758100001960000 0.087295004 0.000317416 2.424305749 -0.160112685
11961 1961.000000 17758100001961000 0.046064163 0.002593285 2.431703856 -0.650315553
11962 1962.000000 17758100001962000 0.004493988 0.005372055 2.395429314 -1.144581149
11963 1963.000000 17758100001963000 -0.037127695 0.007348139 2.352693389 -1.651312329
11964 1964.000000 17758100001964000 -0.078511995 0.009693451 2.297750474 -2.127081345
11965 1965.000000 17758100001965000 -0.119370965 0.012398597 2.229114367 -2.599021812
11966 1966.000000 17758100001966000 -0.159419607 0.014018832 2.145736817 -3.016073877
11967 1967.000000 17758100001967000 -0.198377869 0.016131386 2.033948784 -3.470116344
11968 1968.000000 17758100001968000 -0.235972616 0.018044202 1.915190789 -3.832483994
11969 1969.000000 17758100001969000 -0.271939561 0.020126561 1.785782066 -4.202055889
11970 1970.000000 17758100001970000 -0.306025142 0.021249310 1.643974271 -4.561172573
11971 1971.000000 17758100001971000 -0.337988333 0.023360242 1.498123140 -4.895136095
11972 1972.000000 17758100001972000 -0.367602375 0.024391635 1.332631510 -5.145944025
11973 1973.000000 17758100001973000 -0.394656411 0.025534374 1.161007649 -5.400781096
11974 1974.000000 17758100001974000 -0.418957027 0.026395177 0.985525306 -5.584275695
11975 1975.000000 17758100001975000 -0.440329663 0.027334789 0.788251356 -5.782795709
11976 1976.000000 17758100001976000 -0.458619907 0.028254510 0.602044533 -5.886182265
11977 1977.000000 17758100001977000 -0.473694653 0.028402660 0.401977389 -6.003847992
11978 1978.000000 17758100001978000 -0.485443107 0.028373644 0.197803743 -5.986813897
11979 1979.000000 17758100001979000 -0.493777646 0.028490610 -0.002498556 -5.993071285
11980 1980.000000 17758100001980000 -0.498634518 0.028466902 -0.201648284 -5.969775902
11981 1981.000000 17758100001981000 -0.499974370 0.027977656 -0.398937962 -5.912569035
11982 1982.000000 17758100001982000 -0.497782608 0.027313265 -0.591116329 -5.763849996
11983 1983.000000 17758100001983000 -0.492069592 0.026697618 -0.782876675 -5.617991334
11984 1984.000000 17758100001984000 -0.482870639 0.025674375 -0.972950781 -5.420706065
11985 1985.000000 17758100001985000 -0.470245863 0.024232500 -1.148827121 -5.181240117
11986 1986.000000 17758100001986000 -0.454279830 0.022739592 -1.324125184 -4.894076447
11987 1987.000000 17758100001987000 -0.435081041 0.021735285 -1.485634891 -4.579332980
11988 1988.000000 17758100001988000 -0.412781242 0.020367946 -1.639345388 -4.191964991
11989 1989.000000 17758100001989000 -0.387534562 0.018053889 -1.768409504 -3.846065502
11990 1990.000000 17758100001990000 -0.359516496 0.016284363 -1.897299461 -3.440935855
11991 1991.000000 17758100001991000 -0.328922720 0.014564415 -2.021422910 -3.004900001
11992 1992.000000 17758100001992000 -0.295967766 0.012523422 -2.113748986 -2.552147468
11993 1993.000000 17758100001993000 -0.260883551 0.009986371 -2.200969786 -2.105037064
11994 1994.000000 17758100001994000 -0.223917778 0.007952705 -2.271698615 -1.615727698
11995 1995.000000 17758100001995000 -0.185332213 0.005530096 -2.319089802 -1.090080382
11996 1996.000000 17758100001996000 -0.145400861 0.002910335 -2.357567468 -0.622167916
11997 1997.000000 17758100001997000 -0.104408035 0.000240395 -2.376541805 -0.113453246
11998 1998.000000 17758100001998000 -0.062646357 -0.001916989 -2.380391970 0.378715442
11999 1999.000000 17758100001999000 -0.020414676 -0.004025464 -2.364673869 0.931201023
12000 2000.000000 17758100002000000 0.021984059 -0.006347736 -2.339036621 1.420643701
12001 2001.000000 17758100002001000 0.064244966 -0.008815730 -2.287006889 1.874560787
12002 2002.000000 17758100002002000 0.106063423 -0.011105617 -2.219204301 2.356082451
12003 2003.000000 17758100002003000 0.147137264 -0.013392175 -2.133640338 2.829559929
12004 2004.000000 17758100002004000 0.187168975 -0.015450173 -2.033971004 3.312341805
12005 2005.000000 17758100002005000 0.225867855 -0.017069870 -1.929540212 3.674948153
12006 2006.000000 17758100002006000 0.262952148 -0.019167259 -1.812796999 4.134529863
12007 2007.000000 17758100002007000 0.298151109 -0.020524796 -1.673111776 4.447976670
12008 2008.000000 17758100002008000 0.331207006 -0.022201478 -1.517964144 4.758277935
12009 2009.000000 17758100002009000 0.361877037 -0.023486987 -1.362341485 5.049022091
12010 2010.000000 17758100002010000 0.389935141 -0.024166587 -1.195406773 5.348259677
12011 2011.000000 17758100002011000 0.415173695 -0.025593437 -1.012967524 5.521092570
12012 2012.000000 17758100002012000 0.437405097 -0.026497529 -0.825801755 5.725480944
12013 2013.000000 17758100002013000 0.456463187 -0.027097627 -0.632088048 5.882707882
12014 2014.000000 17758100002014000 0.472204541 -0.027795743 -0.442675972 5.939337006
12015 2015.000000 17758100002015000 0.484509590 -0.027472056 -0.239581280 6.002016880
12016 2016.000000 17758100002016000 0.493283572 -0.027609038 -0.035541187 5.976318620
12017 2017.000000 17758100002017000 0.498457311 -0.027723690 0.164761705 6.015022648
12018 2018.000000 17758100002018000 0.499987807 -0.027210339 0.366772980 5.901702708
12019 2019.000000 17758100002019000 0.497858639 -0.026832361 0.560784791 5.808945946
12020 2020.000000 17758100002020000 0.492080177 -0.025867743 0.751607539 5.662205034
12021 2021.000000 17758100002021000 0.482689590 -0.025277221 0.949082637 5.442587071
12022 2022.000000 17758100002022000 0.469750667 -0.023836370 1.118523313 5.184421631
12023 2023.000000 17758100002023000 0.453353435 -0.022298713 1.299128680 4.903520007
12024 2024.000000 17758100002024000 0.433613584 -0.021056199 1.450910099 4.568859685
12025 2025.000000 17758100002025000 0.410671699 -0.019658058 1.611210850 4.232704912
12026 2026.000000 17758100002026000 0.384692308 -0.017604594 1.738236822 3.871416327
12027 2027.000000 17758100002027000 0.355862746 -0.015531730 1.876470782 3.454128831
12028 2028.000000 17758100002028000 0.324391845 -0.013789524 1.982878259 2.982276970
12029 2029.000000 17758100002029000 0.290508466 -0.011831357 2.083327740 2.571947248
12030 2030.000000 17758100002030000 0.254459863 -0.009842930 2.167020591 2.047363194
12031 2031.000000 17758100002031000 0.216509920 -0.007359623 2.232702421 1.549097948
12032 2032.000000 17758100002032000 0.176937243 -0.004775639 2.272856178 1.067890555
12033 2033.000000 17758100002033000 0.136033143 -0.003242765 2.330503288 0.571908596
12034 2034.000000 17758100002034000 0.094099513 -0.000306321 2.335688190 0.042895893
12035 2035.000000 17758100002035000 0.051446615 0.001865026 2.330336237 -0.526263747
12036 2036.000000 17758100002036000 0.008390800 0.004457746 2.325662378 -0.986969566
12037 2037.000000 17758100002037000 -0.034747829 0.006414299 2.293142143 -1.521861541
12038 2038.000000 17758100002038000 -0.077647796 0.008240254 2.232780189 -2.001631935
12039 2039.000000 17758100002039000 -0.119988645 0.011236168 2.163838476 -2.470852209
12040 2040.000000 17758100002040000 -0.161453340 0.012686626 2.074481425 -2.918518826
12041 2041.000000 17758100002041000 -0.201730649 0.015059511 1.982924300 -3.394613095
12042 2042.000000 17758100002042000 -0.240517490 0.016740520 1.861544972 -3.811041240
12043 2043.000000 17758100002043000 -0.277521235 0.018496510 1.747988074 -4.197466594
12044 2044.000000 17758100002044000 -0.312461935 0.020129262 1.596500997 -4.540627829
12045 2045.000000 17758100002045000 -0.345074471 0.021436945 1.447047539 -4.910153129
12046 2046.000000 17758100002046000 -0.375110585 0.022864176 1.276367322 -5.183755235
12047 2047.000000 17758100002047000 -0.402340816 0.023996007 1.104663890 -5.459817884
12048 2048.000000 17758100002048000 -0.426556280 0.025021071 0.928201109 -5.600126480
12049 2049.000000 17758100002049000 -0.447570319 0.025623849 0.732700866 -5.793548595
12050 2050.000000 17758100002050000 -0.465219977 0.026207047 0.548699773 -5.925960602
12051 2051.000000 17758100002051000 -0.479367315 0.026755783 0.342815140 -5.975710464
12052 2052.000000 17758100002052000 -0.489900530 0.026456438 0.148236661 -6.011698927
12053 2053.000000 17758100002053000 -0.496734891 0.026597469 -0.057986456 -6.001279796
12054 2054.000000 17758100002054000 -0.499813469 0.026425737 -0.248832774 -5.948717674
12055 2055.000000 17758100002055000 -0.499107658 0.026085092 -0.459305017 -5.873974070
12056 2056.000000 17758100002056000 -0.494617487 0.025218021 -0.647622728 -5.698749861
12057 2057.000000 17758100002057000 -0.486371715 0.024413119 -0.838061134 -5.510451351
12058 2058.000000 17758100002058000 -0.474427703 0.023302968 -1.030820621 -5.304738692
12059 2059.000000 17758100002059000 -0.458871074 0.022422721 -1.201258078 -5.029548049
12060 2060.000000 17758100002060000 -0.439815155 0.020746290 -1.363521945 -4.710382874
12061 2061.000000 17758100002061000 -0.417400199 0.019426988 -1.526069128 -4.387537796
12062 2062.000000 17758100002062000 -0.391792409 0.017604107 -1.666873129 -4.024515338
12063 2063.000000 17758100002063000 -0.363182749 0.015833054 -1.811200009 -3.584417823
12064 2064.000000 17758100002064000 -0.331785568 0.013666230 -1.915739809 -3.165214324
12065 2065.000000 17758100002065000 -0.297837035 0.011902314 -2.024643257 -2.705970962
12066 2066.000000 17758100002066000 -0.261593403 0.009776753 -2.114186139 -2.219654297
12067 2067.000000 17758100002067000 -0.223329109 0.007305347 -2.184617879 -1.733755369
12068 2068.000000 17758100002068000 -0.183334728 0.005217685 -2.238323701 -1.212560712
12069 2069.000000 17758100002069000 -0.141914793 0.003000114 -2.277687973 -0.722720556
12070 2070.000000 17758100002070000 -0.099385503 0.000489043 -2.294556142 -0.136226993
12071 2071.000000 17758100002071000 -0.056072324 -0.001748408 -2.295324433 0.369991494
12072 2072.000000 17758100002072000 -0.012307517 -0.003496887 -2.283618028 0.882584476
12073 2073.000000 17758100002073000 0.031572408 -0.006251196 -2.255611686 1.401398546
12074 2074.000000 17758100002074000 0.075229265 -0.008422249 -2.199628145 1.933700709
12075 2075.000000 17758100002075000 0.118325809 -0.010670199 -2.144901107 2.414990012
12076 2076.000000 17758100002076000 0.160528336 -0.012203724 -2.060308772 2.893729800
12077 2077.000000 17758100002077000 0.201509285 -0.014225954 -1.975350452 3.311576923
12078 2078.000000 17758100002078000 0.240949788 -0.016193555 -1.847725115 3.749523994
12079 2079.000000 17758100002079000 0.278542175 -0.017960989 -1.723232208 4.180923134
12080 2080.000000 17758100002080000 0.313992395 -0.019656685 -1.574809375 4.539064519
12081 2081.000000 17758100002081000 0.347022344 -0.021043372 -1.430578846 4.909379056
12082 2082.000000 17758100002082000 0.377372080 -0.022386249 -1.267993000 5.151847780
12083 2083.000000 17758100002083000 0.404801902 -0.023211738 -1.080501714 5.429503683
12084 2084.000000 17758100002084000 0.429094285 -0.024115604 -0.908560285 5.602201190
12085 2085.000000 17758100002085000 0.450055646 -0.024793873 -0.726300656 5.767389275
12086 2086.000000 17758100002086000 0.467517933 -0.025095168 -0.536427795 5.912430614
12087 2087.000000 17758100002087000 0.481340016 -0.025694237 -0.337440801 5.982846126
12088 2088.000000 17758100002088000 0.491408886 -0.025839269 -0.124903613 5.982831132
12089 2089.000000 17758100002089000 0.497640619 -0.025695852 0.069641514 6.003748298
12090 2090.000000 17758100002090000 0.499981136 -0.025935458 0.272114865 5.957106025
12091 2091.000000 17758100002091000 0.498406721 -0.025158116 0.469631747 5.848153221
12092 2092.000000 17758100002092000 0.492924304 -0.024798858 0.659350099 5.721067515
12093 2093.000000 17758100002093000 0.483571503 -0.023328757 0.849202455 5.502504628
12094 2094.000000 17758100002094000 0.470416436 -0.022707957 1.038743308 5.228324973
12095 2095.000000 17758100002095000 0.453557273 -0.021045354 1.207962200 4.990648978
12096 2096.000000 17758100002096000 0.433121569 -0.019813316 1.372560508 4.665015858
12097 2097.000000 17758100002097000 0.409265347 -0.018607566 1.527075468 4.280921309
12098 2098.000000 17758100002098000 0.382171963 -0.017158477 1.670923251 3.916008653
12099 2099.000000 17758100002099000 0.352050742 -0.015251809 1.806194668 3.490936664
12100 2100.000000 17758100002100000 0.319135414 -0.012905008 1.916090331 3.015769375
12101 2101.000000 17758100002101000 0.283682336 -0.011163119 2.018418021 2.546183921
12102 2102.000000 17758100002102000 0.245968541 -0.009297468 2.092368728 2.075582187
12103 2103.000000 17758100002103000 0.206289605 -0.006881304 2.159942659 1.516417870
12104 2104.000000 17758100002104000 0.164957365 -0.004282857 2.221196037 1.016821740
12105 2105.000000 17758100002105000 0.122297494 -0.002051964 2.249861112 0.464062430
12106 2106.000000 17758100002106000 0.078646956 -0.000205978 2.263959816 -0.075294189
12107 2107.000000 17758100002107000 0.034351367 0.002209697 2.258436763 -0.575177751
12108 2108.000000 17758100002108000 -0.010237735 0.004509172 2.246393191 -1.058923152
12109 2109.000000 17758100002109000 -0.054765669 0.006290744 2.201794686 -1.583220935
12110 2110.000000 17758100002110000 -0.098877430 0.008623939 2.141998931 -2.102131202
12111 2111.000000 17758100002111000 -0.142220522 0.010720402 2.068984182 -2.643064659
12112 2112.000000 17758100002112000 -0.184447782 0.012863867 1.980176937 -3.146797862
12113 2113.000000 17758100002113000 -0.225220176 0.014557473 1.880911408 -3.524461881
12114 2114.000000 17758100002114000 -0.264209536 0.016136564 1.759717405 -3.998893852
12115 2115.000000 17758100002115000 -0.301101226 0.018103494 1.625391359 -4.336502171
12116 2116.000000 17758100002116000 -0.335596707 0.019386098 1.485389161 -4.728349335
12117 2117.000000 17758100002117000 -0.367415987 0.020586296 1.319707340 -5.043001704
12118 2118.000000 17758100002118000 -0.396299927 0.021735258 1.148918207 -5.313617791
12119 2119.000000 17758100002119000 -0.422012394 0.022906188 0.973961127 -5.546705220
12120 2120.000000 17758100002120000 -0.444342232 0.024025742 0.787791534 -5.733571114
12121 2121.000000 17758100002121000 -0.463105047 0.024293470 0.584568445 -5.924809273
12122 2122.000000 17758100002122000 -0.478144774 0.024939285 0.391198491 -5.966566688
12123 2123.000000 17758100002123000 -0.489335031 0.024472055 0.200487128 -6.003884865
12124 2124.000000 17758100002124000 -0.496580232 0.024750040 0.000863414 -5.991028245
12125 2125.000000 17758100002125000 -0.499816460 0.024462667 -0.204724326 -5.986363519
12126 2126.000000 17758100002126000 -0.499012082 0.024256486 -0.405049058 -5.897578265
12127 2127.000000 17758100002127000 -0.494168110 0.023866551 -0.605420142 -5.728434543
12128 2128.000000 17758100002128000 -0.485318299 0.022813237 -0.789223470 -5.543993238
12129 2129.000000 17758100002129000 -0.472528970 0.021699016 -0.972956986 -5.309387859
12130 2130.000000 17758100002130000 -0.455898583 0.020986169 -1.147931376 -5.036573891
12131 2131.000000 17758100002131000 -0.435557031 0.019325608 -1.320538177 -4.740520931
12132 2132.000000 17758100002132000 -0.411664691 0.018057405 -1.477971061 -4.363952465
12133 2133.000000 17758100002133000 -0.384411206 0.016250213 -1.614722466 -3.995844573
12134 2134.000000 17758100002134000 -0.354014039 0.014735602 -1.751593304 -3.530224121
12135 2135.000000 17758100002135000 -0.320716782 0.012687336 -1.867558979 -3.126986338
12136 2136.000000 17758100002136000 -0.284787252 0.010953060 -1.978140210 -2.628120174
12137 2137.000000 17758100002137000 -0.246515380 0.008862377 -2.058227363 -2.178452836
12138 2138.000000 17758100002138000 -0.206210904 0.007057492 -2.118362633 -1.621297868
12139 2139.000000 17758100002139000 -0.164200901 0.004420501 -2.170012052 -1.066228623
12140 2140.000000 17758100002140000 -0.120827158 0.002030753 -2.211972508 -0.534324960
12141 2141.000000 17758100002141000 -0.076443416 -0.000233100 -2.224325665 0.009853704
12142 2142.000000 17758100002142000 -0.031412504 -0.002344840 -2.224152862 0.597029005
12143 2143.000000 17758100002143000 0.013896616 -0.004354455 -2.193736674 1.104913557
12144 2144.000000 17758100002144000 0.059111864 -0.006738060 -2.178542841 1.622726061
12145 2145.000000 17758100002145000 0.103861094 -0.008401212 -2.110088840 2.144835825
12146 2146.000000 17758100002146000 0.147775161 -0.010701338 -2.052756751 2.670420751
12147 2147.000000 17758100002147000 0.190490974 -0.012883229 -1.942681438 3.128530279
12148 2148.000000 17758100002148000 0.231654514 -0.014620941 -1.832662273 3.579632347
12149 2149.000000 17758100002149000 0.270923787 -0.016375586 -1.720097095 4.028966741
12150 2150.000000 17758100002150000 0.307971690 -0.017796775 -1.583752094 4.407708909
12151 2151.000000 17758100002151000 0.342488765 -0.019474005 -1.433938363 4.745283332
12152 2152.000000 17758100002152000 0.374185817 -0.020289257 -1.270719881 5.094472424
12153 2153.000000 17758100002153000 0.402796379 -0.021723402 -1.117147544 5.361699303
12154 2154.000000 17758100002154000 0.428078991 -0.022626802 -0.928933119 5.588024164
12155 2155.000000 17758100002155000 0.449819287 -0.023135058 -0.738763869 5.790330435
12156 2156.000000 17758100002156000 0.467831862 -0.024016823 -0.549357983 5.937955103
12157 2157.000000 17758100002157000 0.481961904 -0.024217496 -0.353392841 6.014356765
12158 2158.000000 17758100002158000 0.492086581 -0.024008709 -0.154426093 6.011972634
12159 2159.000000 17758100002159000 0.498116165 -0.024234753 0.048723816 5.994788599
12160 2160.000000 17758100002160000 0.499994884 -0.024008080 0.251325409 5.950006084
12161 2161.000000 17758100002161000 0.497701494 -0.023713284 0.454654538 5.887442827
12162 2162.000000 17758100002162000 0.491249565 -0.023173136 0.644221942 5.688833577
12163 2163.000000 17758100002163000 0.480687478 -0.021791378 0.828608134 5.483551995
12164 2164.000000 17758100002164000 0.466098125 -0.021157608 1.016198532 5.251438520
12165 2165.000000 17758100002165000 0.447598325 -0.019556578 1.194720404 4.957310475
12166 2166.000000 17758100002166000 0.425337949 -0.018719684 1.350564645 4.608341259
12167 2167.000000 17758100002167000 0.399498766 -0.016826154 1.505335857 4.239370349
12168 2168.000000 17758100002168000 0.370293013 -0.015472604 1.649475562 3.826966216
12169 2169.000000 17758100002169000 0.337961709 -0.013576560 1.768544983 3.370145514
12170 2170.000000 17758100002170000 0.302772709 -0.011533812 1.882016955 2.903074471
12171 2171.000000 17758100002171000 0.265018538 -0.009710764 1.978213177 2.424722231
12172 2172.000000 17758100002172000 0.225013997 -0.007581774 2.059330221 1.897021513
12173 2173.000000 17758100002173000 0.183093573 -0.005936688 2.108433533 1.363208804
12174 2174.000000 17758100002174000 0.139608681 -0.003554463 2.163002957 0.777793969
12175 2175.000000 17758100002175000 0.094924739 -0.000866200 2.185100584 0.254090597
12176 2176.000000 17758100002176000 0.049418120 0.000873213 2.193737604 -0.290587754
12177 2177.000000 17758100002177000 0.003473003 0.003165462 2.187689243 -0.883196233
12178 2178.000000 17758100002178000 -0.042521869 0.005221943 2.155568113 -1.382297655
12179 2179.000000 17758100002179000 -0.088176466 0.007235054 2.116038808 -1.931761866
12180 2180.000000 17758100002180000 -0.133102783 0.009099603 2.041604384 -2.442128164
12181 2181.000000 17758100002181000 -0.176918144 0.011126148 1.946310850 -2.955691874
12182 2182.000000 17758100002182000 -0.219248476 0.013547622 1.853571871 -3.455179703
12183 2183.000000 17758100002183000 -0.259731519 0.014936764 1.743363768 -3.877861019
12184 2184.000000 17758100002184000 -0.298019952 0.016326434 1.612110028 -4.263034656
12185 2185.000000 17758100002185000 -0.333784401 0.017851546 1.474458845 -4.672998724
12186 2186.000000 17758100002186000 -0.366716310 0.019519351 1.303068018 -4.969604460
12187 2187.000000 17758100002187000 -0.396530639 0.020300602 1.147504697 -5.286211962
12188 2188.000000 17758100002188000 -0.422968374 0.021333719 0.969404550 -5.537281822
12189 2189.000000 17758100002189000 -0.445798831 0.022019443 0.785054182 -5.721443386
12190 2190.000000 17758100002190000 -0.464821714 0.022583546 0.591647584 -5.857861072
12191 2191.000000 17758100002191000 -0.479868930 0.023561436 0.394953522 -5.980249989
12192 2192.000000 17758100002192000 -0.490806130 0.023400044 0.189423800 -5.982760313
12193 2193.000000 17758100002193000 -0.497533970 0.023360389 0.005492122 -6.029029117
12194 2194.000000 17758100002194000 -0.499989067 0.023100871 -0.208383590 -5.952089311
12195 2195.000000 17758100002195000 -0.498144664 0.022960765 -0.397899286 -5.878604960
12196 2196.000000 17758100002196000 -0.492010967 0.022231874 -0.599762855 -5.703325724
12197 2197.000000 17758100002197000 -0.481635173 0.021488771 -0.790104681 -5.509823563
12198 2198.000000 17758100002198000 -0.467101179 0.020484680 -0.963634660 -5.280494729
12199 2199.000000 17758100002199000 -0.448528964 0.019237572 -1.149247392 -4.948918231
12200 2200.000000 17758100002200000 -0.426073671 0.017899264 -1.307860214 -4.657074113
12201 2201.000000 17758100002201000 -0.399924367 0.016180918 -1.468119664 -4.254662940
12202 2202.000000 17758100002202000 -0.370302513 0.014820760 -1.605849533 -3.808734359
12203 2203.000000 17758100002203000 -0.337460141 0.013615729 -1.738060095 -3.431652249
12204 2204.000000 17758100002204000 -0.301677767 0.011086750 -1.853473819 -2.924218558
12205 2205.000000 17758100002205000 -0.263262037 0.009390854 -1.948247405 -2.386786818
12206 2206.000000 17758100002206000 -0.222543147 0.007433035 -2.020073923 -1.855936527
12207 2207.000000 17758100002207000 -0.179872041 0.005518710 -2.083683744 -1.386016628
12208 2208.000000 17758100002208000 -0.135617418 0.003681761 -2.128065692 -0.810040058
12209 2209.000000 17758100002209000 -0.090162580 0.000915602 -2.156132871 -0.240941727
12210 2210.000000 17758100002210000 -0.043902127 -0.001342255 -2.160660995 0.310188759
12211 2211.000000 17758100002211000 0.002761446 -0.003104483 -2.145209271 0.860188748
12212 2212.000000 17758100002212000 0.049421247 -0.005392824 -2.117960719 1.451434591
12213 2213.000000 17758100002213000 0.095669525 -0.007103876 -2.068681599 2.003311016
12214 2214.000000 17758100002214000 0.141101243 -0.009362643 -2.009547753 2.488186799
12215 2215.000000 17758100002215000 0.185317624 -0.011559452 -1.921072751 3.013973724
12216 2216.000000 17758100002216000 0.227929675 -0.013281746 -1.820140938 3.495556024
12217 2217.000000 17758100002217000 0.268561626 -0.014857477 -1.704051704 3.945054561
12218 2218.000000 17758100002218000 0.306854268 -0.016409762 -1.566562876 4.326490836
12219 2219.000000 17758100002219000 0.342468165 -0.018159042 -1.413265177 4.693935217
12220 2220.000000 17758100002220000 0.375086697 -0.019581506 -1.257704206 5.034647751
12221 2221.000000 17758100002221000 0.404418919 -0.020612987 -1.092849267 5.365189030
12222 2222.000000 17758100002222000 0.430202203 -0.021085961 -0.922057769 5.570994468
12223 2223.000000 17758100002223000 0.452204639 -0.021970825 -0.727756515 5.751376122
12224 2224.000000 17758100002224000 0.470227178 -0.022845217 -0.529878040 5.887258026
12225 2225.000000 17758100002225000 0.484105487 -0.022929125 -0.346124915 6.012564998
12226 2226.000000 17758100002226000 0.493711512 -0.023346840 -0.144451393 6.008674845
12227 2227.000000 17758100002227000 0.498954721 -0.022952461 0.046510228 5.982765910
12228 2228.000000 17758100002228000 0.499783015 -0.022813324 0.251866668 5.971878297
12229 2229.000000 17758100002229000 0.496183315 -0.022293769 0.467803298 5.826734711
12230 2230.000000 17758100002230000 0.488181789 -0.021546605 0.662197410 5.659086092
12231 2231.000000 17758100002231000 0.475843743 -0.020652257 0.844978511 5.442495736
12232 2232.000000 17758100002232000 0.459273158 -0.019654936 1.023996590 5.143934341
12233 2233.000000 17758100002233000 0.438611882 -0.018214714 1.191059721 4.846789671
12234 2234.000000 17758100002234000 0.414038484 -0.016637837 1.359260461 4.473983270
12235 2235.000000 17758100002235000 0.385766771 -0.015443513 1.503232084 4.105509661
12236 2236.000000 17758100002236000 0.354043988 -0.014011977 1.649830068 3.690482741
12237 2237.000000 17758100002237000 0.319148715 -0.012062702 1.765911938 3.229581063
12238 2238.000000 17758100002238000 0.281388470 -0.010492194 1.871605879 2.722409716
12239 2239.000000 17758100002239000 0.241097047 -0.008556796 1.956006452 2.205005654
12240 2240.000000 17758100002240000 0.198631608 -0.006539450 2.023348488 1.633324934
12241 2241.000000 17758100002241000 0.154369556 -0.004227069 2.085728818 1.100921213
12242 2242.000000 17758100002242000 0.108705211 -0.001923509 2.112381480 0.542473678
12243 2243.000000 17758100002243000 0.062046321 0.000403735 2.123544398 -0.094435548
12244 2244.000000 17758100002244000 0.014810443 0.002350636 2.133122612 -0.636128673
12245 2245.000000 17758100002245000 -0.032578781 0.004329941 2.108802202 -1.189120016
12246 2246.000000 17758100002246000 -0.079695418 0.006116286 2.063606302 -1.688819934
12247 2247.000000 17758100002247000 -0.126115072 0.008273298 2.006490548 -2.275172821
12248 2248.000000 17758100002248000 -0.171418713 0.010293210 1.939473996 -2.847473755
12249 2249.000000 17758100002249000 -0.215196472 0.011991904 1.820122563 -3.312187778
12250 2250.000000 17758100002250000 -0.257051372 0.014109644 1.720364691 -3.735465584
12251 2251.000000 17758100002251000 -0.296602949 0.015167264 1.596435671 -4.177694951
12252 2252.000000 17758100002252000 -0.333490745 0.016641792 1.452004848 -4.573200232
12253 2253.000000 17758100002253000 -0.367377630 0.018160153 1.295427622 -4.925105770
12254 2254.000000 17758100002254000 -0.397952928 0.019619544 1.141699924 -5.224716822
12255 2255.000000 17758100002255000 -0.424935310 0.019814034 0.969983808 -5.531466506
12256 2256.000000 17758100002256000 -0.448075434 0.020781553 0.779214210 -5.724651835
12257 2257.000000 17758100002257000 -0.467158313 0.021791383 0.589660415 -5.904683762
12258 2258.000000 17758100002258000 -0.482005362 0.021784721 0.383280104 -5.987072689
12259 2259.000000 17758100002259000 -0.492476140 0.022519286 0.185696684 -6.046388416
12260 2260.000000 17758100002260000 -0.498469739 0.021929994 -0.011274353 -5.984153733
12261 2261.000000 17758100002261000 -0.499925824 0.022095604 -0.208866656 -5.973968220
12262 2262.000000 17758100002262000 -0.496825303 0.021451142 -0.413621862 -5.844542574
12263 2263.000000 17758100002263000 -0.489190626 0.020952966 -0.600872404 -5.646173220
12264 2264.000000 17758100002264000 -0.477085705 0.019856411 -0.795528047 -5.481970082
12265 2265.000000 17758100002265000 -0.460615451 0.018762480 -0.975269762 -5.239418753
12266 2266.000000 17758100002266000 -0.439924941 0.018085571 -1.145203578 -4.902506614
12267 2267.000000 17758100002267000 -0.415198203 0.016508533 -1.312879113 -4.523930414
12268 2268.000000 17758100002268000 -0.386656651 0.014963857 -1.471162007 -4.133330939
12269 2269.000000 17758100002269000 -0.354557163 0.013322462 -1.610159356 -3.703517916
12270 2270.000000 17758100002270000 -0.319189826 0.011607875 -1.729621113 -3.279508448
12271 2271.000000 17758100002271000 -0.280875372 0.010254166 -1.833770944 -2.716443811
12272 2272.000000 17758100002272000 -0.239962318 0.007875729 -1.923493310 -2.221693657
12273 2273.000000 17758100002273000 -0.196823840 0.005956250 -1.997631069 -1.688812487
12274 2274.000000 17758100002274000 -0.151854408 0.004408637 -2.047966473 -1.088278387
12275 2275.000000 17758100002275000 -0.105466210 0.001844286 -2.084014053 -0.498828633
12276 2276.000000 17758100002276000 -0.058085403 -0.000170887 -2.097669290 0.044670810
12277 2277.000000 17758100002277000 -0.010148218 -0.002193379 -2.099338151 0.623843664
12278 2278.000000 17758100002278000 0.037903047 -0.004400626 -2.068821379 1.186207812
12279 2279.000000 17758100002279000 0.085624100 -0.006511846 -2.044208267 1.784864476
12280 2280.000000 17758100002280000 0.132572762 -0.008090810 -1.970639690 2.289823556
12281 2281.000000 17758100002281000 0.178313072 -0.010176397 -1.893339311 2.819283943
12282 2282.000000 17758100002282000 0.222419355 -0.012164007 -1.794741511 3.324288508
12283 2283.000000 17758100002283000 0.264480199 -0.014000318 -1.676210225 3.816957199
12284 2284.000000 17758100002284000 0.304102322 -0.015511819 -1.552404421 4.270651654
12285 2285.000000 17758100002285000 0.340914287 -0.016899744 -1.413447481 4.623340072
12286 2286.000000 17758100002286000 0.374570018 -0.018385064 -1.261096001 4.969342384
12287 2287.000000 17758100002287000 0.404752107 -0.018810992 -1.088535405 5.286649799
12288 2288.000000 17758100002288000 0.431174851 -0.019940091 -0.915810268 5.555842941
12289 2289.000000 17758100002289000 0.453587019 -0.020582309 -0.731268387 5.770721678
12290 2290.000000 17758100002290000 0.471774295 -0.021510241 -0.530967826 5.911271871
12291 2291.000000 17758100002291000 0.485561394 -0.021663092 -0.338194814 5.971642319
12292 2292.000000 17758100002292000 0.494813816 -0.021753469 -0.137288475 5.974958615
12293 2293.000000 17758100002293000 0.499439225 -0.021629616 0.060846709 5.982660389
12294 2294.000000 17758100002294000 0.499388444 -0.021425318 0.256518611 5.956114516
12295 2295.000000 17758100002295000 0.494656035 -0.021173957 0.448910649 5.839618963
12296 2296.000000 17758100002296000 0.485280489 -0.020053483 0.655644672 5.675396929
12297 2297.000000 17758100002297000 0.471343987 -0.019288841 0.844381358 5.407300310
12298 2298.000000 17758100002298000 0.452971758 -0.018395092 1.021977491 5.135143171
12299 2299.000000 17758100002299000 0.430331028 -0.017012547 1.185714238 4.814820233
12300 2300.000000 17758100002300000 0.403629571 -0.015627304 1.347733141 4.389588971
12301 2301.000000 17758100002301000 0.373113863 -0.014093809 1.496044854 3.982887077
12302 2302.000000 17758100002302000 0.339066880 -0.012711497 1.621288190 3.547687153
12303 2303.000000 17758100002303000 0.301805524 -0.011061775 1.744558810 3.045217331
12304 2304.000000 17758100002304000 0.261677734 -0.009249156 1.846631541 2.466112159
12305 2305.000000 17758100002305000 0.219059285 -0.007046399 1.928489501 1.951871952
12306 2306.000000 17758100002306000 0.174350312 -0.005371662 1.987370775 1.412064510
12307 2307.000000 17758100002307000 0.127971589 -0.003374887 2.037547196 0.837608510
12308 2308.000000 17758100002308000 0.080360602 -0.001015459 2.062358945 0.236846776
12309 2309.000000 17758100002309000 0.031967448 0.001051246 2.066678379 -0.312127813
12310 2310.000000 17758100002310000 -0.016749409 0.003134487 2.053781896 -0.923413696
12311 2311.000000 17758100002311000 -0.065327466 0.004865933 2.028202684 -1.464771402
12312 2312.000000 17758100002312000 -0.113304575 0.007073403 1.973731426 -2.065304169
12313 2313.000000 17758100002313000 -0.160223337 0.009103962 1.917801720 -2.627272352
12314 2314.000000 17758100002314000 -0.205635484 0.010644693 1.820341146 -3.126385305
12315 2315.000000 17758100002315000 -0.249106172 0.012401667 1.716055599 -3.599125935
12316 2316.000000 17758100002316000 -0.290218182 0.013988977 1.593051033 -4.087745039
12317 2317.000000 17758100002317000 -0.328575947 0.015809226 1.453544802 -4.420157111
12318 2318.000000 17758100002318000 -0.363809404 0.016992099 1.310570322 -4.890763709
12319 2319.000000 17758100002319000 -0.395577610 0.017687735 1.146536675 -5.175891499
12320 2320.000000 17758100002320000 -0.423572090 0.018622133 0.973463139 -5.421445331
12321 2321.000000 17758100002321000 -0.447519890 0.019844076 0.789869119 -5.679309838
12322 2322.000000 17758100002322000 -0.467186302 0.020269091 0.588696086 -5.873816499
12323 2323.000000 17758100002323000 -0.482377223 0.020820133 0.404765103 -6.020148372
12324 2324.000000 17758100002324000 -0.492941146 0.020969147 0.201266304 -6.002798660
12325 2325.000000 17758100002325000 -0.498770737 0.021120183 0.002383867 -5.971638484
12326 2326.000000 17758100002326000 -0.499803999 0.020395374 -0.192862589 -6.011436234
12327 2327.000000 17758100002327000 -0.496024998 0.020213799 -0.398566394 -5.860043397
12328 2328.000000 17758100002328000 -0.487464156 0.019780933 -0.598943788 -5.673668050
12329 2329.000000 17758100002329000 -0.474198089 0.018995281 -0.780022463 -5.461614853
12330 2330.000000 17758100002330000 -0.456349003 0.017794313 -0.954101252 -5.182221169
12331 2331.000000 17758100002331000 -0.434083644 0.016741324 -1.143564150 -4.874339116
12332 2332.000000 17758100002332000 -0.407611815 0.015430687 -1.297223404 -4.488185981
12333 2333.000000 17758100002333000 -0.377184472 0.014108766 -1.449847421 -4.101367862
12334 2334.000000 17758100002334000 -0.343091408 0.012656818 -1.576939300 -3.616367456
12335 2335.000000 17758100002335000 -0.305658557 0.010758726 -1.702861466 -3.135301140
12336 2336.000000 17758100002336000 -0.265244940 0.008977063 -1.812635973 -2.639873938
12337 2337.000000 17758100002337000 -0.222239264 0.006696932 -1.902062913 -2.057333385
12338 2338.000000 17758100002338000 -0.177056239 0.004944221 -1.952091217 -1.538784451
12339 2339.000000 17758100002339000 -0.130132611 0.003519290 -2.007853137 -0.914393179
12340 2340.000000 17758100002340000 -0.081922976 0.000769059 -2.040431088 -0.331094207
12341 2341.000000 17758100002341000 -0.032895401 -0.000660997 -2.046790597 0.276119672
12342 2342.000000 17758100002342000 0.016473101 -0.003028652 -2.035206193 0.854605812
12343 2343.000000 17758100002343000 0.065701207 -0.005366468 -2.008784749 1.475540920
12344 2344.000000 17758100002344000 0.114307970 -0.006637124 -1.955950121 2.028939102
12345 2345.000000 17758100002345000 0.161817522 -0.008557760 -1.882291340 2.580755658
12346 2346.000000 17758100002346000 0.207763750 -0.010713877 -1.804928559 3.097767030
12347 2347.000000 17758100002347000 0.251694886 -0.012133673 -1.688496274 3.614835421
12348 2348.000000 17758100002348000 0.293177978 -0.013950975 -1.575831508 4.085321710
12349 2349.000000 17758100002349000 0.331803195 -0.015305741 -1.434891866 4.486417087
12350 2350.000000 17758100002350000 0.367187910 -0.016568288 -1.278203329 4.848900103
12351 2351.000000 17758100002351000 0.398980548 -0.017770332 -1.127680295 5.187496115
12352 2352.000000 17758100002352000 0.426864125 -0.018567894 -0.948796510 5.483292812
12353 2353.000000 17758100002353000 0.450559474 -0.019361080 -0.763245709 5.668906160
12354 2354.000000 17758100002354000 0.469828101 -0.020117660 -0.570223586 5.872169977
12355 2355.000000 17758100002355000 0.484474654 -0.020332560 -0.382737541 5.985603556
12356 2356.000000 17758100002356000 0.494348974 -0.020674731 -0.171612285 5.995248761
12357 2357.000000 17758100002357000 0.499347711 -0.020522586 0.011568570 6.027974160
12358 2358.000000 17758100002358000 0.499415477 -0.020427473 0.222421605 5.971343620
12359 2359.000000 17758100002359000 0.494545532 -0.019888376 0.414887187 5.841301169
12360 2360.000000 17758100002360000 0.484779993 -0.018972661 0.614217782 5.664834614
12361 2361.000000 17758100002361000 0.470209555 -0.018619906 0.807616673 5.429015144
12362 2362.000000 17758100002362000 0.450972732 -0.017797489 0.982956693 5.110335531
12363 2363.000000 17758100002363000 0.427254620 -0.016030975 1.160148313 4.843098357
12364 2364.000000 17758100002364000 0.399285191 -0.014976954 1.315343360 4.429907321
12365 2365.000000 17758100002365000 0.367337138 -0.013704980 1.463808832 3.979252887
12366 2366.000000 17758100002366000 0.331723281 -0.012032502 1.594887024 3.491876259
12367 2367.000000 17758100002367000 0.292793573 -0.010457173 1.697537472 2.977217320
12368 2368.000000 17758100002368000 0.250931713 -0.008279834 1.815159053 2.461080787
12369 2369.000000 17758100002369000 0.206551420 -0.006436818 1.880287979 1.884756105
12370 2370.000000 17758100002370000 0.160092390 -0.004503748 1.951127412 1.309969246
12371 2371.000000 17758100002371000 0.112015976 -0.002592703 1.994352206 0.748218560
12372 2372.000000 17758100002372000 0.062800638 -0.001031183 2.007264112 0.116070798
12373 2373.000000 17758100002373000 0.012937205 0.001159768 2.017088819 -0.480999163
12374 2374.000000 17758100002374000 -0.037076002 0.003455038 1.998135284 -1.057568799
12375 2375.000000 17758100002375000 -0.086738147 0.004830866 1.959335859 -1.677876070
12376 2376.000000 17758100002376000 -0.135550893 0.007252821 1.908348930 -2.237800703
12377 2377.000000 17758100002377000 -0.183023410 0.008894516 1.832057785 -2.796368103
12378 2378.000000 17758100002378000 -0.228677331 0.010962959 1.737131352 -3.276289639
12379 2379.000000 17758100002379000 -0.272051595 0.012422176 1.626243877 -3.833730075
12380 2380.000000 17758100002380000 -0.312707133 0.014170718 1.490649465 -4.252935250
12381 2381.000000 17758100002381000 -0.350231361 0.015381187 1.356793629 -4.662675505
12382 2382.000000 17758100002382000 -0.384242403 0.016534877 1.192544828 -5.055716673
12383 2383.000000 17758100002383000 -0.414393039 0.017347707 1.028135938 -5.328671469
12384 2384.000000 17758100002384000 -0.440374305 0.018519654 0.848974139 -5.564686813
12385 2385.000000 17758100002385000 -0.461918724 0.019534699 0.657779817 -5.773761157
12386 2386.000000 17758100002386000 -0.478803131 0.019187855 0.473972826 -5.919724465
12387 2387.000000 17758100002387000 -0.490851052 0.019597999 0.280710873 -5.999421780
12388 2388.000000 17758100002388000 -0.497934631 0.020208183 0.071002765 -6.030207988
12389 2389.000000 17758100002389000 -0.499976058 0.019850293 -0.123956708 -5.991538492
12390 2390.000000 17758100002390000 -0.496948505 0.019361404 -0.331246725 -5.940717537
12391 2391.000000 17758100002391000 -0.488876540 0.019052711 -0.521507648 -5.758501078
12392 2392.000000 17758100002392000 -0.475836025 0.018247007 -0.707547134 -5.521423667
12393 2393.000000 17758100002393000 -0.457953489 0.017149980 -0.896218962 -5.281152192
12394 2394.000000 17758100002394000 -0.435404985 0.016071850 -1.080309147 -4.955766846
12395 2395.000000 17758100002395000 -0.408414436 0.015137556 -1.238489525 -4.592724367
12396 2396.000000 17758100002396000 -0.377251489 0.013644789 -1.392175055 -4.159266235
12397 2397.000000 17758100002397000 -0.342228893 0.012264113 -1.528919762 -3.702629810
12398 2398.000000 17758100002398000 -0.303699428 0.010530190 -1.639623198 -3.166275997
12399 2399.000000 17758100002399000 -0.262052412 0.008522728 -1.756691039 -2.624721125
12400 2400.000000 17758100002400000 -0.217709826 0.007109579 -1.844637278 -2.137763331
12401 2401.000000 17758100002401000 -0.171122084 0.004711279 -1.905440295 -1.489021285
12402 2402.000000 17758100002402000 -0.122763501 0.002847828 -1.961697323 -0.929369567
12403 2403.000000 17758100002403000 -0.073127498 0.000795920 -1.991467378 -0.264662384
12404 2404.000000 17758100002404000 -0.022721595 -0.001322061 -2.004649941 0.325771901
12405 2405.000000 17758100002405000 0.027937763 -0.002899512 -1.988783191 0.943160315
12406 2406.000000 17758100002406000 0.078330487 -0.005184439 -1.953058090 1.539484096
12407 2407.000000 17758100002407000 0.127938182 -0.007008234 -1.900893113 2.119596808
12408 2408.000000 17758100002408000 0.176249488 -0.008508618 -1.823509314 2.676273231
12409 2409.000000 17758100002409000 0.222765367 -0.010259483 -1.734463601 3.229419195
12410 2410.000000 17758100002410000 0.267004285 -0.012183960 -1.619713928 3.725590528
12411 2411.000000 17758100002411000 0.308507224 -0.013823560 -1.499638487 4.189580609
12412 2412.000000 17758100002412000 0.346842493 -0.014944813 -1.363493907 4.634028423
12413 2413.000000 17758100002413000 0.381610258 -0.016451321 -1.207242051 4.948347095
12414 2414.000000 17758100002414000 0.412446773 -0.017375016 -1.030077792 5.302414369
12415 2415.000000 17758100002415000 0.439028243 -0.018114403 -0.862881631 5.551091477
12416 2416.000000 17758100002416000 0.461074294 -0.018746281 -0.673702870 5.759901842
12417 2417.000000 17758100002417000 0.478350997 -0.019310471 -0.477663331 5.930175918
12418 2418.000000 17758100002418000 0.490673429 -0.019515291 -0.289362516 6.022226832
12419 2419.000000 17758100002419000 0.497907731 -0.019296420 -0.082523880 5.976511229
12420 2420.000000 17758100002420000 0.499972639 -0.019333951 0.115846548 5.993864143
12421 2421.000000 17758100002421000 0.496840483 -0.018870154 0.311806634 5.898287005
12422 2422.000000 17758100002422000 0.488537618 -0.018456255 0.517968475 5.731672904
12423 2423.000000 17758100002423000 0.475144304 -0.017886754 0.698050568 5.548477778
12424 2424.000000 17758100002424000 0.456794023 -0.017289218 0.885385640 5.279444273
12425 2425.000000 17758100002425000 0.433672231 -0.016251872 1.060223511 4.978475922
12426 2426.000000 17758100002426000 0.406014568 -0.014763000 1.219156990 4.540030376
12427 2427.000000 17758100002427000 0.374104539 -0.013463684 1.382390202 4.116981886
12428 2428.000000 17758100002428000 0.338270678 -0.012055208 1.512584859 3.640770130
12429 2429.000000 17758100002429000 0.298883237 -0.010151785 1.628388612 3.169831226
12430 2430.000000 17758100002430000 0.256350425 -0.008250529 1.735261739 2.581428589
12431 2431.000000 17758100002431000 0.211114233 -0.006684961 1.820140925 2.017520861
12432 2432.000000 17758100002432000 0.163645892 -0.004763645 1.897551045 1.434814879
12433 2433.000000 17758100002433000 0.114441005 -0.002952936 1.940449902 0.837815080
12434 2434.000000 17758100002434000 0.064014408 -0.001017414 1.969791987 0.224997786
12435 2435.000000 17758100002435000 0.012894808 0.001484500 1.970646179 -0.407961544
12436 2436.000000 17758100002436000 -0.038380744 0.002793315 1.957114237 -1.029934501
12437 2437.000000 17758100002437000 -0.089272486 0.004931919 1.914988860 -1.607989883
12438 2438.000000 17758100002438000 -0.139243627 0.006738906 1.867604387 -2.203486172
12439 2439.000000 17758100002439000 -0.187766020 0.008595571 1.787416635 -2.792076400
12440 2440.000000 17758100002440000 -0.234325765 0.010522295 1.697952402 -3.278519071
12441 2441.000000 17758100002441000 -0.278428675 0.012095722 1.583277752 -3.782861111
12442 2442.000000 17758100002442000 -0.319605561 0.013324715 1.450428190 -4.276402299
12443 2443.000000 17758100002443000 -0.357417265 0.014889739 1.319982184 -4.709788427
12444 2444.000000 17758100002444000 -0.391459398 0.015666782 1.153130595 -5.029963752
12445 2445.000000 17758100002445000 -0.421366721 0.016876894 0.996459443 -5.344033723
12446 2446.000000 17758100002446000 -0.446817130 0.017967594 0.806790478 -5.626678498
12447 2447.000000 17758100002447000 -0.467535195 0.018113919 0.618317381 -5.840040790
12448 2448.000000 17758100002448000 -0.483295220 0.018693548 0.426168430 -5.934661957
12449 2449.000000 17758100002449000 -0.493923774 0.019176261 0.227591009 -6.018137673
12450 2450.000000 17758100002450000 -0.499301689 0.018731921 0.027376237 -5.973652729
12451 2451.000000 17758100002451000 -0.499365476 0.018737137 -0.175822568 -6.002077713
12452 2452.000000 17758100002452000 -0.494108155 0.018285505 -0.373054387 -5.880724396
12453 2453.000000 17758100002453000 -0.483579489 0.017553695 -0.574950151 -5.689339256
12454 2454.000000 17758100002454000 -0.467885609 0.017097144 -0.766684335 -5.443637174
12455 2455.000000 17758100002455000 -0.447188035 0.015905448 -0.933056951 -5.204355416
12456 2456.000000 17758100002456000 -0.421702100 0.015292292 -1.110146510 -4.791001194
12457 2457.000000 17758100002457000 -0.391694798 0.013692965 -1.271797524 -4.397467430
12458 2458.000000 17758100002458000 -0.357482068 0.012228956 -1.425232056 -3.958236511
12459 2459.000000 17758100002459000 -0.319425535 0.010730973 -1.541610860 -3.451589902
12460 2460.000000 17758100002460000 -0.277928768 0.009081418 -1.661823218 -2.948518158
12461 2461.000000 17758100002461000 -0.233433051 0.007263143 -1.764340237 -2.352282772
12462 2462.000000 17758100002462000 -0.186412758 0.005479471 -1.836570726 -1.777397032
12463 2463.000000 17758100002463000 -0.137370332 0.003460688 -1.888391420 -1.129447686
12464 2464.000000 17758100002464000 -0.086830964 0.001546277 -1.928179785 -0.537247139
12465 2465.000000 17758100002465000 -0.035336996 -0.000194319 -1.939918351 0.116576989
12466 2466.000000 17758100002466000 0.016557878 -0.002668407 -1.958266915 0.712643074
12467 2467.000000 17758100002467000 0.068294551 -0.004317110 -1.910352541 1.317308465
12468 2468.000000 17758100002468000 0.119314526 -0.006025662 -1.872810109 1.990337657
12469 2469.000000 17758100002469000 0.169065949 -0.007763040 -1.802222976 2.512118705
12470 2470.000000 17758100002470000 0.217009596 -0.009628353 -1.720287369 3.048376366
12471 2471.000000 17758100002471000 0.262624743 -0.011137830 -1.611959985 3.572836328
12472 2472.000000 17758100002472000 0.305414851 -0.012728528 -1.489838874 4.084462383
12473 2473.000000 17758100002473000 0.344913020 -0.014386996 -1.350673256 4.546994632
12474 2474.000000 17758100002474000 0.380687131 -0.015031039 -1.203233519 4.891011380
12475 2475.000000 17758100002475000 0.412344631 -0.016204918 -1.035565603 5.291514536
12476 2476.000000 17758100002476000 0.439536910 -0.017313293 -0.860747379 5.575848472
12477 2477.000000 17758100002477000 0.461963206 -0.017504770 -0.681116288 5.844529649
12478 2478.000000 17758100002478000 0.479374013 -0.018149571 -0.485427257 5.959372813
12479 2479.000000 17758100002479000 0.491573935 -0.018697642 -0.281526340 6.016868910
12480 2480.000000 17758100002480000 0.498423966 -0.018438507 -0.097601877 6.008341738
12481 2481.000000 17758100002481000 0.499843159 -0.018439238 0.120325046 6.040747216
12482 2482.000000 17758100002482000 0.495809668 -0.018068566 0.312077883 5.909584631
12483 2483.000000 17758100002483000 0.486361150 -0.017844968 0.514769605 5.755074433
12484 2484.000000 17758100002484000 0.471594514 -0.017134817 0.700251177 5.541031802
12485 2485.000000 17758100002485000 0.451665026 -0.016303210 0.877613229 5.190879049
12486 2486.000000 17758100002486000 0.426784764 -0.015188231 1.050930098 4.873624333
12487 2487.000000 17758100002487000 0.397220455 -0.014321645 1.217771369 4.489757469
12488 2488.000000 17758100002488000 0.363290693 -0.012272395 1.362835389 4.030877328
12489 2489.000000 17758100002489000 0.325362592 -0.011221509 1.507779227 3.564270068
12490 2490.000000 17758100002490000 0.283847881 -0.009250402 1.613518736 3.053219581
12491 2491.000000 17758100002491000 0.239198502 -0.007903362 1.711380896 2.468933428
12492 2492.000000 17758100002492000 0.191901749 -0.005819069 1.805612700 1.862135461
12493 2493.000000 17758100002493000 0.142475001 -0.004218732 1.860983507 1.261825540
12494 2494.000000 17758100002494000 0.091460103 -0.002081644 1.897499260 0.605040531
12495 2495.000000 17758100002495000 0.039417460 -0.000475495 1.918546645 -0.002576398
12496 2496.000000 17758100002496000 -0.013080099 0.001646562 1.919406726 -0.680904435
12497 2497.000000 17758100002497000 -0.065453608 0.003794648 1.897209254 -1.249888542
12498 2498.000000 17758100002498000 -0.117124347 0.005559667 1.851995189 -1.902753033
12499 2499.000000 17758100002499000 -0.167520244 0.007341254 1.777125875 -2.464608369
12500 2500.000000 17758100002500000 -0.216082223 0.008841798 1.701814106 -3.040250944
12501 2501.000000 17758100002501000 -0.262270435 0.010178109 1.596783007 -3.545992459
12502 2502.000000 17758100002502000 -0.305570289 0.011922564 1.482438822 -4.090458102
12503 2503.000000 17758100002503000 -0.345498235 0.013346206 1.348815711 -4.519259362
12504 2504.000000 17758100002504000 -0.381607213 0.014940101 1.195341489 -4.895930559
12505 2505.000000 17758100002505000 -0.413491720 0.015789463 1.029768199 -5.241918710
12506 2506.000000 17758100002506000 -0.440792434 0.016594246 0.854217413 -5.562598990
12507 2507.000000 17758100002507000 -0.463200332 0.017084649 0.660206267 -5.754306785
12508 2508.000000 17758100002508000 -0.480460276 0.017532541 0.481048382 -5.901735457
12509 2509.000000 17758100002509000 -0.492373995 0.018085961 0.282866162 -6.013559447
12510 2510.000000 17758100002510000 -0.498802453 0.017962684 0.082431266 -5.979854505
12511 2511.000000 17758100002511000 -0.499667565 0.017848921 -0.119824463 -6.026965344
12512 2512.000000 17758100002512000 -0.494953228 0.017979156 -0.325371319 -5.919100011
12513 2513.000000 17758100002513000 -0.484705673 0.016881749 -0.519363317 -5.693852524
12514 2514.000000 17758100002514000 -0.469033114 0.016313422 -0.709897296 -5.501060415
12515 2515.000000 17758100002515000 -0.448104706 0.015428527 -0.895781905 -5.227207539
12516 2516.000000 17758100002516000 -0.422148812 0.014284043 -1.056718941 -4.831206065
12517 2517.000000 17758100002517000 -0.391450603 0.012906928 -1.223168443 -4.429196141
12518 2518.000000 17758100002518000 -0.356349011 0.012071495 -1.364144559 -3.958480239
12519 2519.000000 17758100002519000 -0.317233068 0.010030587 -1.499114466 -3.483472933
12520 2520.000000 17758100002520000 -0.274537666 0.008512765 -1.617517465 -2.932364785
12521 2521.000000 17758100002521000 -0.228738792 0.007030100 -1.716905176 -2.375042355
12522 2522.000000 17758100002522000 -0.180348277 0.004937280 -1.792272364 -1.745771527
12523 2523.000000 17758100002523000 -0.129908130 0.003304819 -1.852530658 -1.130899115
12524 2524.000000 17758100002524000 -0.077984505 0.001398181 -1.891147836 -0.482428656
12525 2525.000000 17758100002525000 -0.025161379 -0.000499542 -1.906581408 0.125634153
12526 2526.000000 17758100002526000 0.027965993 -0.002375717 -1.893980718 0.805087925
12527 2527.000000 17758100002527000 0.080797777 -0.004497385 -1.874325282 1.424933021
12528 2528.000000 17758100002528000 0.132736328 -0.006145054 -1.820346245 2.027215998
12529 2529.000000 17758100002529000 0.183192964 -0.007528666 -1.757542867 2.640811234
12530 2530.000000 17758100002530000 0.231594654 -0.009214436 -1.655552905 3.186573550
12531 2531.000000 17758100002531000 0.277390559 -0.011117549 -1.554795355 3.734783757
12532 2532.000000 17758100002532000 0.320058336 -0.012213575 -1.430264845 4.192640595
12533 2533.000000 17758100002533000 0.359110151 -0.013906566 -1.286777473 4.636872024
12534 2534.000000 17758100002534000 0.394098306 -0.015123775 -1.134440228 5.021619827
12535 2535.000000 17758100002535000 0.424620444 -0.016218409 -0.970764382 5.344360170
12536 2536.000000 17758100002536000 0.450324246 -0.016822245 -0.787039427 5.636370281
12537 2537.000000 17758100002537000 0.470911576 -0.017104238 -0.589229787 5.847376237
12538 2538.000000 17758100002538000 0.486142024 -0.017663061 -0.400241103 5.954320768
12539 2539.000000 17758100002539000 0.495835806 -0.017468034 -0.196745069 6.049002103
12540 2540.000000 17758100002540000 0.499875974 -0.017634748 0.010262862 5.998201476
12541 2541.000000 17758100002541000 0.498209920 -0.017675751 0.199016660 5.945847978
12542 2542.000000 17758100002542000 0.490850155 -0.017252584 0.396093399 5.820989836
12543 2543.000000 17758100002543000 0.477874332 -0.016659495 0.598031655 5.622034909
12544 2544.000000 17758100002544000 0.459424536 -0.015637081 0.779784558 5.383662346
12545 2545.000000 17758100002545000 0.435705829 -0.014955513 0.953065057 5.037879537
12546 2546.000000 17758100002546000 0.406984063 -0.013755558 1.119384101 4.658960130
12547 2547.000000 17758100002547000 0.373582995 -0.012618882 1.277368165 4.241712778
12548 2548.000000 17758100002548000 0.335880723 -0.010791049 1.422294291 3.753969626
12549 2549.000000 17758100002549000 0.294305483 -0.009575827 1.543089742 3.198263840
12550 2550.000000 17758100002550000 0.249330864 -0.007984517 1.648928505 2.627826664
12551 2551.000000 17758100002551000 0.201470470 -0.006421257 1.732068207 2.070912418
12552 2552.000000 17758100002552000 0.151272117 -0.004118944 1.802614919 1.420352330
12553 2553.000000 17758100002553000 0.099311608 -0.002579146 1.851751890 0.751467967
12554 2554.000000 17758100002554000 0.046186163 -0.000598435 1.867310181 0.170264845
12555 2555.000000 17758100002555000 -0.007492418 0.001213474 1.875731445 -0.510670532
12556 2556.000000 17758100002556000 -0.061104782 0.003120017 1.872554865 -1.149589843
12557 2557.000000 17758100002557000 -0.114031167 0.004582969 1.827669194 -1.798437169
12558 2558.000000 17758100002558000 -0.165658570 0.006584134 1.768038526 -2.400264641
12559 2559.000000 17758100002559000 -0.215387865 0.008205018 1.670417440 -2.970492755
12560 2560.000000 17758100002560000 -0.262640782 0.010437857 1.579780157 -3.526661648
12561 2561.000000 17758100002561000 -0.306866670 0.011733516 1.464365233 -4.005856884
12562 2562.000000 17758100002562000 -0.347548956 0.012878392 1.326363573 -4.471155448
12563 2563.000000 17758100002563000 -0.384211243 0.014464132 1.180331980 -4.937474837
12564 2564.000000 17758100002564000 -0.416422948 0.015234052 1.013789026 -5.274470073
12565 2565.000000 17758100002565000 -0.443804437 0.015545591 0.838834963 -5.551291754
12566 2566.000000 17758100002566000 -0.466031573 0.016207945 0.655617182 -5.783900340
12567 2567.000000 17758100002567000 -0.482839645 0.016976038 0.448809069 -5.916369967
12568 2568.000000 17758100002568000 -0.494026610 0.017167838 0.260971661 -5.963713325
12569 2569.000000 17758100002569000 -0.499455615 0.017283084 0.053224125 -6.021802609
12570 2570.000000 17758100002570000 -0.499056767 0.016934838 -0.138769949 -6.001848049
12571 2571.000000 17758100002571000 -0.492828131 0.017128055 -0.334304367 -5.915826216
12572 2572.000000 17758100002572000 -0.480835926 0.016151787 -0.537344228 -5.707096147
12573 2573.000000 17758100002573000 -0.463213935 0.015719390 -0.734633303 -5.430676062
12574 2574.000000 17758100002574000 -0.440162116 0.014879403 -0.914672518 -5.096276988
12575 2575.000000 17758100002575000 -0.411944430 0.013392185 -1.078523203 -4.741103507
12576 2576.000000 17758100002576000 -0.378885920 0.012388421 -1.239235954 -4.320528005
12577 2577.000000 17758100002577000 -0.341369049 0.011212382 -1.371335542 -3.847445285
12578 2578.000000 17758100002578000 -0.299829366 0.009679009 -1.507887250 -3.311172341
12579 2579.000000 17758100002579000 -0.254750520 0.007921917 -1.606573676 -2.743588984
12580 2580.000000 17758100002580000 -0.206658702 0.006153320 -1.706240102 -2.132301893
12581 2581.000000 17758100002581000 -0.156116557 0.004304628 -1.782062598 -1.493342285
12582 2582.000000 17758100002582000 -0.103716656 0.002716635 -1.814824702 -0.888624386
12583 2583.000000 17758100002583000 -0.050074581 0.000725532 -1.855444672 -0.260558561
12584 2584.000000 17758100002584000 0.004178270 -0.001226363 -1.852657950 0.444130864
12585 2585.000000 17758100002585000 0.058402104 -0.003190195 -1.837027736 1.102763754
12586 2586.000000 17758100002586000 0.111956271 -0.005173202 -1.807756320 1.707127433
12587 2587.000000 17758100002587000 0.164206835 -0.006685696 -1.744837733 2.338454251
12588 2588.000000 17758100002588000 0.214534098 -0.007947135 -1.664095704 2.954722478
12589 2589.000000 17758100002589000 0.262339974 -0.009986829 -1.563129031 3.483395579
12590 2590.000000 17758100002590000 0.307055140 -0.011470973 -1.453928428 4.016663053
12591 2591.000000 17758100002591000 0.348145859 -0.012708898 -1.323418810 4.498678230
12592 2592.000000 17758100002592000 0.385120414 -0.013871254 -1.162074309 4.912415965
12593 2593.000000 17758100002593000 0.417535059 -0.014944533 -1.001043496 5.241520160
12594 2594.000000 17758100002594000 0.444999416 -0.015532337 -0.837585942 5.588829921
12595 2595.000000 17758100002595000 0.467181265 -0.016238623 -0.637439299 5.777605743
12596 2596.000000 17758100002596000 0.483810649 -0.016516950 -0.456616837 5.950922710
12597 2597.000000 17758100002597000 0.494683257 -0.016884637 -0.253176709 5.990875084
12598 2598.000000 17758100002598000 0.499663025 -0.017018889 -0.054181822 6.028848942
12599 2599.000000 17758100002599000 0.498683948 -0.017328011 0.147409476 6.039113183
12600 2600.000000 17758100002600000 0.491751042 -0.016519279 0.348545109 5.886932275
12601 2601.000000 17758100002601000 0.478940477 -0.016144880 0.539807103 5.727931572
12602 2602.000000 17758100002602000 0.460398849 -0.015065066 0.738797412 5.419122233
12603 2603.000000 17758100002603000 0.436341609 -0.014351929 0.916811460 5.095282884
12604 2604.000000 17758100002604000 0.407050664 -0.013435781 1.086590599 4.683651602
12605 2605.000000 17758100002605000 0.372871170 -0.012152193 1.246108430 4.299564562
12606 2606.000000 17758100002606000 0.334207556 -0.010902660 1.387515598 3.760952786
12607 2607.000000 17758100002607000 0.291518828 -0.009265801 1.507120522 3.276185488
12608 2608.000000 17758100002608000 0.245313190 -0.007480371 1.613885057 2.649464327
12609 2609.000000 17758100002609000 0.196142069 -0.005607314 1.697525865 2.075699965
12610 2610.000000 17758100002610000 0.144593591 -0.003971747 1.769432397 1.430574212
12611 2611.000000 17758100002611000 0.091285592 -0.002100616 1.811705584 0.736395895
12612 2612.000000 17758100002612000 0.036858259 -0.000247155 1.828512057 0.087403765
12613 2613.000000 17758100002613000 -0.018033542 0.001349014 1.841403405 -0.554658116
12614 2614.000000 17758100002614000 -0.072728121 0.003523307 1.813817248 -1.204392639
12615 2615.000000 17758100002615000 -0.126564940 0.004739221 1.784326044 -1.846785154
12616 2616.000000 17758100002616000 -0.178892602 0.006747691 1.722743621 -2.492029746
12617 2617.000000 17758100002617000 -0.229076748 0.008247258 1.633201439 -3.100232958
12618 2618.000000 17758100002618000 -0.276507780 0.009485041 1.520553244 -3.627123995
12619 2619.000000 17758100002619000 -0.320608312 0.011613600 1.404153112 -4.157684674
12620 2620.000000 17758100002620000 -0.360840247 0.012146978 1.259656134 -4.639704561
12621 2621.000000 17758100002621000 -0.396711411 0.013794907 1.106784522 -5.022285547
12622 2622.000000 17758100002622000 -0.427781643 0.014958622 0.938468534 -5.340214626
12623 2623.000000 17758100002623000 -0.453668279 0.015323385 0.763430768 -5.634859811
12624 2624.000000 17758100002624000 -0.474050952 0.015916836 0.576424696 -5.857426814
12625 2625.000000 17758100002625000 -0.488675652 0.015941012 0.380497189 -5.984287424
12626 2626.000000 17758100002626000 -0.497357989 0.016452069 0.182819315 -6.000549720
12627 2627.000000 17758100002627000 -0.499985622 0.016773355 -0.023939638 -5.974045864
12628 2628.000000 17758100002628000 -0.496519813 0.016159899 -0.213208007 -5.977692159
12629 2629.000000 17758100002629000 -0.486996092 0.015651835 -0.412321047 -5.793897777
12630 2630.000000 17758100002630000 -0.471524014 0.014772372 -0.614255322 -5.580230464
12631 2631.000000 17758100002631000 -0.450286014 0.014695414 -0.795092943 -5.314354417
12632 2632.000000 17758100002632000 -0.423535361 0.013547142 -0.976712702 -4.966877523
12633 2633.000000 17758100002633000 -0.391593242 0.012266587 -1.141958503 -4.534107156
12634 2634.000000 17758100002634000 -0.354845009 0.011247413 -1.288402872 -4.064511857
12635 2635.000000 17758100002635000 -0.313735616 0.009510041 -1.417947061 -3.545564050
12636 2636.000000 17758100002636000 -0.268764316 0.008009596 -1.540987707 -3.006555548
12637 2637.000000 17758100002637000 -0.220478677 0.006863208 -1.636581273 -2.392378222
12638 2638.000000 17758100002638000 -0.169467978 0.004543028 -1.714668078 -1.764903586
12639 2639.000000 17758100002639000 -0.116356074 0.003007149 -1.779873023 -1.095511764
12640 2640.000000 17758100002640000 -0.061793811 0.001185273 -1.822738599 -0.435163014
12641 2641.000000 17758100002641000 -0.006451082 -0.000661573 -1.828777509 0.233231241
12642 2642.000000 17758100002642000 0.048991375 -0.002492186 -1.815417639 0.919081389
12643 2643.000000 17758100002643000 0.103850339 -0.004535639 -1.784899263 1.570801292
12644 2644.000000 17758100002644000 0.157448534 -0.006029276 -1.732235406 2.176645280
12645 2645.000000 17758100002645000 0.209123003 -0.007703109 -1.661915323 2.817383225
12646 2646.000000 17758100002646000 0.258233337 -0.009346284 -1.556776258 3.400285788
12647 2647.000000 17758100002647000 0.304169649 -0.010822976 -1.438546089 3.949069663
12648 2648.000000 17758100002648000 0.346360202 -0.012168504 -1.305067986 4.408569958
12649 2649.000000 17758100002649000 0.384278584 -0.013293915 -1.161063349 4.850056345
12650 2650.000000 17758100002650000 0.417450351 -0.014051738 -1.005349992 5.237743075
12651 2651.000000 17758100002651000 0.445459040 -0.014953128 -0.824247662 5.509548620
12652 2652.000000 17758100002652000 0.467951488 -0.015271349 -0.651288107 5.751748193
12653 2653.000000 17758100002653000 0.484642380 -0.015931092 -0.444901700 5.915673902
12654 2654.000000 17758100002654000 0.495317970 -0.016421856 -0.246723970 6.008790757
12655 2655.000000 17758100002655000 0.499838921 -0.016461587 -0.055248729 6.018379172
12656 2656.000000 17758100002656000 0.498142230 -0.016239244 0.150559467 6.011834810
12657 2657.000000 17758100002657000 0.490242209 -0.015925639 0.350568928 5.874025001
12658 2658.000000 17758100002658000 0.476230506 -0.015310331 0.545260872 5.641217879
12659 2659.000000 17758100002659000 0.456275157 -0.014189576 0.742264496 5.421888619
12660 2660.000000 17758100002660000 0.430618685 -0.013695473 0.913450617 5.082897223
12661 2661.000000 17758100002661000 0.399575263 -0.012557897 1.074753711 4.652755656
12662 2662.000000 17758100002662000 0.363526966 -0.011587337 1.229345233 4.183016017
12663 2663.000000 17758100002663000 0.322919167 -0.010274791 1.379940593 3.678635348
12664 2664.000000 17758100002664000 0.278255124 -0.008505646 1.488182699 3.108775881
12665 2665.000000 17758100002665000 0.230089820 -0.006962703 1.600248515 2.526688311
12666 2666.000000 17758100002666000 0.179023142 -0.005156548 1.674556746 1.894410487
12667 2667.000000 17758100002667000 0.125692462 -0.003181117 1.747229425 1.244406134
12668 2668.000000 17758100002668000 0.070764737 -0.001770067 1.783897802 0.574098508
12669 2669.000000 17758100002669000 0.014928200 -0.000002544 1.807372188 -0.125587890
12670 2670.000000 17758100002670000 -0.041116237 0.002127637 1.790142489 -0.806449788
12671 2671.000000 17758100002671000 -0.096663773 0.003615042 1.762759451 -1.453974604
12672 2672.000000 17758100002672000 -0.151014580 0.005434395 1.719227165 -2.095135906
12673 2673.000000 17758100002673000 -0.203482636 0.007051352 1.646784370 -2.732429492
12674 2674.000000 17758100002674000 -0.253404413 0.009006099 1.563792192 -3.359969339
12675 2675.000000 17758100002675000 -0.300147302 0.009740028 1.445816668 -3.860474546
12676 2676.000000 17758100002676000 -0.343117687 0.011229323 1.317058613 -4.355647622
12677 2677.000000 17758100002677000 -0.381768545 0.012694426 1.169224721 -4.778141892
12678 2678.000000 17758100002678000 -0.415606477 0.013806260 1.016657928 -5.175051771
12679 2679.000000 17758100002679000 -0.444198097 0.014204922 0.825428864 -5.493509016
12680 2680.000000 17758100002680000 -0.467175667 0.015299022 0.651553462 -5.753199166
12681 2681.000000 17758100002681000 -0.484241931 0.015429404 0.453462484 -5.927160096
12682 2682.000000 17758100002682000 -0.495174055 0.015640798 0.254201377 -6.013395466
12683 2683.000000 17758100002683000 -0.499826656 0.015722288 0.071680695 -5.984837465
12684 2684.000000 17758100002684000 -0.498133833 0.015781301 -0.131383231 -5.981209718
12685 2685.000000 17758100002685000 -0.490110215 0.015469768 -0.332750319 -5.818668434
12686 2686.000000 17758100002686000 -0.475850978 0.014664433 -0.537647435 -5.690547050
12687 2687.000000 17758100002687000 -0.455530831 0.014158213 -0.719873441 -5.340155091
12688 2688.000000 17758100002688000 -0.429401999 0.013138580 -0.899622863 -5.075829337
12689 2689.000000 17758100002689000 -0.397791203 0.011906308 -1.069964038 -4.651827903
12690 2690.000000 17758100002690000 -0.361095675 0.011258656 -1.221218840 -4.199669234
12691 2691.000000 17758100002691000 -0.319778272 0.009363445 -1.357660041 -3.655461106
12692 2692.000000 17758100002692000 -0.274361723 0.008092744 -1.480988385 -3.087561363
12693 2693.000000 17758100002693000 -0.225422101 0.006252153 -1.580661225 -2.504735443
12694 2694.000000 17758100002694000 -0.173581587 0.004729622 -1.663713768 -1.877796976
12695 2695.000000 17758100002695000 -0.119500618 0.003104069 -1.731297098 -1.207544648
12696 2696.000000 17758100002696000 -0.063869524 0.001349503 -1.765667734 -0.506265837
12697 2697.000000 17758100002697000 -0.007399751 -0.000672246 -1.790522423 0.109960058
12698 2698.000000 17758100002698000 0.049185212 -0.002269405 -1.785968426 0.820375873
12699 2699.000000 17758100002699000 0.105159098 -0.003923841 -1.742998515 1.525640543
12700 2700.000000 17758100002700000 0.159802180 -0.005393480 -1.700951036 2.201878864
12701 2701.000000 17758100002701000 0.212410549 -0.007153529 -1.621296293 2.809842816
12702 2702.000000 17758100002702000 0.262305205 -0.008626999 -1.531910502 3.387528562
12703 2703.000000 17758100002703000 0.308840872 -0.010129375 -1.414218773 3.945622373
12704 2704.000000 17758100002704000 0.351414388 -0.011671667 -1.275668791 4.433496464
12705 2705.000000 17758100002705000 0.389472599 -0.012737605 -1.127424633 4.874725423
12706 2706.000000 17758100002706000 0.422519618 -0.013461204 -0.971267765 5.221645463
12707 2707.000000 17758100002707000 0.450123373 -0.014575025 -0.792438729 5.534331207
12708 2708.000000 17758100002708000 0.471921354 -0.015271105 -0.610443527 5.775083767
12709 2709.000000 17758100002709000 0.487625474 -0.015471356 -0.413238087 5.962929946
12710 2710.000000 17758100002710000 0.497025984 -0.016043132 -0.221861641 5.984727925
12711 2711.000000 17758100002711000 0.499994389 -0.015852803 -0.012170499 6.004526800
12712 2712.000000 17758100002712000 0.496485316 -0.015741004 0.185250551 5.971592305
12713 2713.000000 17758100002713000 0.486537310 -0.015213023 0.378820649 5.819905631
12714 2714.000000 17758100002714000 0.470272546 -0.014291183 0.582763882 5.618571522
12715 2715.000000 17758100002715000 0.447895451 -0.013326200 0.761704163 5.300764125
12716 2716.000000 17758100002716000 0.419690252 -0.012731047 0.933868568 4.961066948
12717 2717.000000 17758100002717000 0.386017481 -0.011936909 1.104764760 4.527533559
12718 2718.000000 17758100002718000 0.347309474 -0.010343602 1.256255761 4.049979586
12719 2719.000000 17758100002719000 0.304064915 -0.009017034 1.392593073 3.505453616
12720 2720.000000 17758100002720000 0.256842508 -0.007717285 1.503617396 2.900614728
12721 2721.000000 17758100002721000 0.206253832 -0.005820253 1.605902102 2.302828928
12722 2722.000000 17758100002722000 0.152955498 -0.004417677 1.677585229 1.631383078
12723 2723.000000 17758100002723000 0.097640677 -0.002708036 1.725210207 0.989285633
12724 2724.000000 17758100002724000 0.041030135 -0.000821089 1.758688899 0.264317348
12725 2725.000000 17758100002725000 -0.016137129 0.001071923 1.774685890 -0.429746120
12726 2726.000000 17758100002726000 -0.073113513 0.002613305 1.743119666 -1.117744663
12727 2727.000000 17758100002727000 -0.129152579 0.004472019 1.720327531 -1.752608979
12728 2728.000000 17758100002728000 -0.183518849 0.005688582 1.650120653 -2.456248041
12729 2729.000000 17758100002729000 -0.235497473 0.007684296 1.575677103 -3.044915097
12730 2730.000000 17758100002730000 -0.284403672 0.008998874 1.466431021 -3.578991169
12731 2731.000000 17758100002731000 -0.329591805 0.010336850 1.351258229 -4.121698589
12732 2732.000000 17758100002732000 -0.370463959 0.011143686 1.210907392 -4.631148544
12733 2733.000000 17758100002733000 -0.406477927 0.012411165 1.042968921 -5.045552728
12734 2734.000000 17758100002734000 -0.437154495 0.013235051 0.874355822 -5.375239203
12735 2735.000000 17758100002735000 -0.462083903 0.014407854 0.700457485 -5.664985769
12736 2736.000000 17758100002736000 -0.480931428 0.014615250 0.507160591 -5.858319266
12737 2737.000000 17758100002737000 -0.493441981 0.015170756 0.311197287 -6.003352049
12738 2738.000000 17758100002738000 -0.499443679 0.015364119 0.120225695 -5.978709101
12739 2739.000000 17758100002739000 -0.498850316 0.015039222 -0.086593904 -6.013575496
12740 2740.000000 17758100002740000 -0.491662722 0.014659236 -0.287230248 -5.947017179
12741 2741.000000 17758100002741000 -0.477968964 0.014625992 -0.483512265 -5.725844409
12742 2742.000000 17758100002742000 -0.457943400 0.013764818 -0.677032431 -5.456126578
12743 2743.000000 17758100002743000 -0.431844581 0.012612766 -0.855921047 -5.132468535
12744 2744.000000 17758100002744000 -0.400012030 0.011931949 -1.027902557 -4.700627492
12745 2745.000000 17758100002745000 -0.362861943 0.010522966 -1.171745623 -4.229332980
12746 2746.000000 17758100002746000 -0.320881848 0.009427561 -1.314400734 -3.734175301
12747 2747.000000 17758100002747000 -0.274624307 0.008055218 -1.444219941 -3.156378403
12748 2748.000000 17758100002748000 -0.224699726 0.006177742 -1.542856599 -2.566965405
12749 2749.000000 17758100002749000 -0.171768382 0.004806938 -1.629129453 -1.902877709
12750 2750.000000 17758100002750000 -0.116531749 0.002411837 -1.695363104 -1.239556831
12751 2751.000000 17758100002751000 -0.059723253 0.001389638 -1.734055680 -0.528930361
12752 2752.000000 17758100002752000 -0.002098578 -0.000862081 -1.751026133 0.159595108
12753 2753.000000 17758100002753000 0.055574373 -0.001708318 -1.734876813 0.860352344
12754 2754.000000 17758100002754000 0.112525694 -0.003855829 -1.708200088 1.576800466
12755 2755.000000 17758100002755000 0.167993762 -0.005709667 -1.662239951 2.214194309
12756 2756.000000 17758100002756000 0.221235443 -0.006945544 -1.590243111 2.872524030
12757 2757.000000 17758100002757000 0.271536080 -0.008818160 -1.493648761 3.481828318
12758 2758.000000 17758100002758000 0.318219134 -0.010010489 -1.372404187 3.990619979
12759 2759.000000 17758100002759000 0.360655347 -0.011330036 -1.236053829 4.513470460
12760 2760.000000 17758100002760000 0.398271290 -0.012360713 -1.086222007 4.949653899
12761 2761.000000 17758100002761000 0.430557205 -0.013395409 -0.926907643 5.297077439
12762 2762.000000 17758100002762000 0.457074000 -0.013940784 -0.743784418 5.575689605
12763 2763.000000 17758100002763000 0.477459327 -0.014733730 -0.553306513 5.873780449
12764 2764.000000 17758100002764000 0.491432644 -0.014925626 -0.372589147 6.029946443
12765 2765.000000 17758100002765000 0.498799192 -0.014985018 -0.167919090 5.990763963
12766 2766.000000 17758100002766000 0.499452827 -0.015192295 0.032105356 6.028600769
12767 2767.000000 17758100002767000 0.493377671 -0.014668573 0.234898114 5.901307555
12768 2768.000000 17758100002768000 0.480648548 -0.014302923 0.434538893 5.796241062
12769 2769.000000 17758100002769000 0.461430195 -0.013831364 0.623968123 5.527083195
12770 2770.000000 17758100002770000 0.435975261 -0.013063613 0.811478537 5.168198197
12771 2771.000000 17758100002771000 0.404621109 -0.011986505 0.970083736 4.775198482
12772 2772.000000 17758100002772000 0.367785459 -0.010923968 1.143924133 4.333304714
12773 2773.000000 17758100002773000 0.325960936 -0.009649032 1.282832984 3.834517152
12774 2774.000000 17758100002774000 0.279708580 -0.008159325 1.421816839 3.261887311
12775 2775.000000 17758100002775000 0.229650411 -0.006654557 1.512611337 2.629490571
12776 2776.000000 17758100002776000 0.176461145 -0.004983483 1.600613176 1.998834281
12777 2777.000000 17758100002777000 0.120859167 -0.003048795 1.667460972 1.291604022
12778 2778.000000 17758100002778000 0.063596877 -0.001436163 1.720226618 0.588446795
12779 2779.000000 17758100002779000 0.005450555 0.000284537 1.725961836 -0.098929855
12780 2780.000000 17758100002780000 -0.052790140 0.001946633 1.729139139 -0.785607028
12781 2781.000000 17758100002781000 -0.110332886 0.003422908 1.705863540 -1.502543226
12782 2782.000000 17758100002782000 -0.166393478 0.004980900 1.650513516 -2.175651902
12783 2783.000000 17758100002783000 -0.220206538 0.006723368 1.568835191 -2.822369360
12784 2784.000000 17758100002784000 -0.271035996 0.008487039 1.480553629 -3.416475951
12785 2785.000000 17758100002785000 -0.318185209 0.009855535 1.365241322 -4.015819460
12786 2786.000000 17758100002786000 -0.361006569 0.010556384 1.230451037 -4.449879953
12787 2787.000000 17758100002787000 -0.398910478 0.011575108 1.077950559 -4.922905456
12788 2788.000000 17758100002788000 -0.431373547 0.013181812 0.920182645 -5.296750010
12789 2789.000000 17758100002789000 -0.457945922 0.013871238 0.740439764 -5.574768431
12790 2790.000000 17758100002790000 -0.478257628 0.014012771 0.556707738 -5.815892912
12791 2791.000000 17758100002791000 -0.492023827 0.014479456 0.361163605 -5.953831533
12792 2792.000000 17758100002792000 -0.499048940 0.014661860 0.152955054 -6.001532712
12793 2793.000000 17758100002793000 -0.499229542 0.014829356 -0.046156876 -6.000523431
12794 2794.000000 17758100002794000 -0.492556013 0.014268011 -0.234252527 -5.934333135
12795 2795.000000 17758100002795000 -0.479112894 0.014042905 -0.452048894 -5.792974521
12796 2796.000000 17758100002796000 -0.459077954 0.013346436 -0.626414222 -5.522668834
12797 2797.000000 17758100002797000 -0.432719976 0.012535906 -0.807916517 -5.174608570
12798 2798.000000 17758100002798000 -0.400395271 0.011698930 -0.987554349 -4.782941865
12799 2799.000000 17758100002799000 -0.362542985 0.010371700 -1.142814324 -4.273246028
12800 2800.000000 17758100002800000 -0.319679243 0.008798059 -1.272706167 -3.788328323
12801 2801.000000 17758100002801000 -0.272390213 0.007822255 -1.416725326 -3.168937533
12802 2802.000000 17758100002802000 -0.221324185 0.006026810 -1.511836247 -2.567598533
12803 2803.000000 17758100002803000 -0.167182759 0.004702173 -1.598529544 -1.899348238
12804 2804.000000 17758100002804000 -0.110711275 0.002912012 -1.666037405 -1.177258286
12805 2805.000000 17758100002805000 -0.052688608 0.000960947 -1.697264702 -0.503218995
12806 2806.000000 17758100002806000 0.006083544 -0.000510390 -1.714093166 0.234587233
12807 2807.000000 17758100002807000 0.064791706 -0.002398058 -1.712234237 0.913994922
12808 2808.000000 17758100002808000 0.122621883 -0.003894723 -1.671316296 1.627132180
12809 2809.000000 17758100002809000 0.178770850 -0.005652204 -1.624836999 2.278429070
12810 2810.000000 17758100002810000 0.232457337 -0.006914331 -1.545056028 2.900835766
12811 2811.000000 17758100002811000 0.282932931 -0.008704719 -1.444449069 3.523036675
12812 2812.000000 17758100002812000 0.329492572 -0.009962955 -1.317995873 4.083709130
12813 2813.000000 17758100002813000 0.371484461 -0.011219109 -1.182771392 4.592713386
12814 2814.000000 17758100002814000 0.408319267 -0.012273792 -1.030999495 5.027312302
12815 2815.000000 17758100002815000 0.439478493 -0.013036673 -0.868929169 5.401811879
12816 2816.000000 17758100002816000 0.464521874 -0.013627411 -0.681883876 5.663719047
12817 2817.000000 17758100002817000 0.483093711 -0.014055946 -0.506490142 5.886565612
12818 2818.000000 17758100002818000 0.494928041 -0.014459152 -0.305421228 5.991167764
12819 2819.000000 17758100002819000 0.499852573 -0.014661445 -0.095725474 6.018484060
12820 2820.000000 17758100002820000 0.497791318 -0.014783247 0.103073892 6.006709545
12821 2821.000000 17758100002821000 0.488765891 -0.013984073 0.306675046 5.917805520
12822 2822.000000 17758100002822000 0.472895439 -0.013778671 0.503211626 5.666466666
12823 2823.000000 17758100002823000 0.450395211 -0.012912243 0.684015792 5.423109374
12824 2824.000000 17758100002824000 0.421573770 -0.012340906 0.858997481 5.038502671
12825 2825.000000 17758100002825000 0.386828889 -0.010792962 1.024714046 4.625464273
12826 2826.000000 17758100002826000 0.346642180 -0.009772364 1.187728381 4.099600766
12827 2827.000000 17758100002827000 0.301572533 -0.008766889 1.324115024 3.569361628
12828 2828.000000 17758100002828000 0.252248441 -0.007080228 1.450918679 2.951480545
12829 2829.000000 17758100002829000 0.199359329 -0.005344413 1.535882453 2.294387306
12830 2830.000000 17758100002830000 0.143645989 -0.004035455 1.617636411 1.606518926
12831 2831.000000 17758100002831000 0.085890274 -0.002674299 1.677674181 0.959113871
12832 2832.000000 17758100002832000 0.026904166 -0.000546765 1.700342068 0.216176786
12833 2833.000000 17758100002833000 -0.032481598 0.001433217 1.713689320 -0.497622461
12834 2834.000000 17758100002834000 -0.091429217 0.002428144 1.690272838 -1.266043731
12835 2835.000000 17758100002835000 -0.149105639 0.004594687 1.638779702 -1.928050084
12836 2836.000000 17758100002836000 -0.204694353 0.005920426 1.571171248 -2.570658869
12837 2837.000000 17758100002837000 -0.257406975 0.007438954 1.491139875 -3.226461989
12838 2838.000000 17758100002838000 -0.306494484 0.008877635 1.386989631 -3.814667041
12839 2839.000000 17758100002839000 -0.351257918 0.010096273 1.252968393 -4.330962074
12840 2840.000000 17758100002840000 -0.391058409 0.011375617 1.115627176 -4.822588834
12841 2841.000000 17758100002841000 -0.425326388 0.011918482 0.950351173 -5.224451906
12842 2842.000000 17758100002842000 -0.453569834 0.012908232 0.773501239 -5.558397903
12843 2843.000000 17758100002843000 -0.475381453 0.013327167 0.588387207 -5.787895770
12844 2844.000000 17758100002844000 -0.490444666 0.013807491 0.394180975 -5.977684615
12845 2845.000000 17758100002845000 -0.498538336 0.014700450 0.195844679 -5.977425015
12846 2846.000000 17758100002846000 -0.499540136 0.013932916 -0.004492091 -6.029922958
12847 2847.000000 17758100002847000 -0.493428535 0.013988051 -0.201196199 -5.958656599
12848 2848.000000 17758100002848000 -0.480283342 0.013556963 -0.409072214 -5.784589033
12849 2849.000000 17758100002849000 -0.460284813 0.012516192 -0.598150754 -5.576983347
12850 2850.000000 17758100002850000 -0.433711315 0.011890854 -0.785164578 -5.215354250
12851 2851.000000 17758100002851000 -0.400935589 0.010803993 -0.962032754 -4.821620206
12852 2852.000000 17758100002852000 -0.362419643 0.010024080 -1.113034595 -4.348262632
12853 2853.000000 17758100002853000 -0.318708364 0.008535565 -1.269693605 -3.768509828
12854 2854.000000 17758100002854000 -0.270421911 0.007237291 -1.388971391 -3.195608344
12855 2855.000000 17758100002855000 -0.218247019 0.005622157 -1.490829835 -2.580058335
12856 2856.000000 17758100002856000 -0.162927311 0.004491759 -1.580458813 -1.912188749
12857 2857.000000 17758100002857000 -0.105252772 0.002842443 -1.634325469 -1.179774977
12858 2858.000000 17758100002858000 -0.046048522 0.001347714 -1.667828605 -0.482513770
12859 2859.000000 17758100002859000 0.013836949 -0.000671967 -1.688242471 0.262162986
12860 2860.000000 17758100002860000 0.073543919 -0.002166833 -1.683729867 0.995742881
12861 2861.000000 17758100002861000 0.132213771 -0.003732554 -1.639365636 1.685981700
12862 2862.000000 17758100002862000 0.189001350 -0.005126876 -1.583935482 2.358648902
12863 2863.000000 17758100002863000 0.243087165 -0.007302020 -1.513204079 2.992980301
12864 2864.000000 17758100002864000 0.293689261 -0.008619394 -1.401400959 3.631392960
12865 2865.000000 17758100002865000 0.340074580 -0.009936947 -1.283475716 4.196518790
12866 2866.000000 17758100002866000 0.381569657 -0.011161298 -1.142988440 4.620710140
12867 2867.000000 17758100002867000 0.417570486 -0.011727667 -0.988399704 5.103478954
12868 2868.000000 17758100002868000 0.447551411 -0.012540710 -0.818697960 5.465780599
12869 2869.000000 17758100002869000 0.471072913 -0.013599166 -0.637532993 5.682719470
12870 2870.000000 17758100002870000 0.487788175 -0.013978415 -0.441723347 5.934145048
12871 2871.000000 17758100002871000 0.497448320 -0.013942273 -0.246999588 5.973845982
12872 2872.000000 17758100002872000 0.499906254 -0.014146934 -0.045927788 6.010047865
12873 2873.000000 17758100002873000 0.495119036 -0.013846341 0.158878986 6.026025395
12874 2874.000000 17758100002874000 0.483148749 -0.013569818 0.354619646 5.814165724
12875 2875.000000 17758100002875000 0.464161849 -0.012773414 0.543724141 5.582138878
12876 2876.000000 17758100002876000 0.438426995 -0.012023111 0.732133035 5.277165424
12877 2877.000000 17758100002877000 0.406311383 -0.011701844 0.917053132 4.875790360
12878 2878.000000 17758100002878000 0.368275638 -0.009989738 1.082937262 4.389441877
12879 2879.000000 17758100002879000 0.324867334 -0.009135848 1.221154871 3.890527256
12880 2880.000000 17758100002880000 0.276713219 -0.007915958 1.348365823 3.278203862
12881 2881.000000 17758100002881000 0.224510269 -0.006109091 1.457464999 2.669826554
12882 2882.000000 17758100002882000 0.169015687 -0.004878260 1.548809509 1.962949396
12883 2883.000000 17758100002883000 0.111035994 -0.003321099 1.612763758 1.306939894
12884 2884.000000 17758100002884000 0.051415365 -0.001484174 1.666690511 0.559971102
12885 2885.000000 17758100002885000 -0.008976619 0.000529204 1.671419005 -0.199179557
12886 2886.000000 17758100002886000 -0.069257631 0.001558803 1.664806227 -0.913224409
12887 2887.000000 17758100002887000 -0.128545482 0.003348514 1.637185791 -1.602476749
12888 2888.000000 17758100002888000 -0.185971037 0.004797974 1.585075700 -2.310868615
12889 2889.000000 17758100002889000 -0.240690988 0.006396889 1.499506048 -2.942265479
12890 2890.000000 17758100002890000 -0.291900279 0.008009787 1.397958186 -3.571209051
12891 2891.000000 17758100002891000 -0.338844011 0.009056836 1.281517747 -4.160236064
12892 2892.000000 17758100002892000 -0.380828648 0.010525070 1.143196722 -4.624501833
12893 2893.000000 17758100002893000 -0.417232349 0.011470570 0.986147411 -5.105864170
12894 2894.000000 17758100002894000 -0.447514286 0.012410051 0.825488264 -5.460021983
12895 2895.000000 17758100002895000 -0.471222787 0.013283686 0.637215152 -5.717338645
12896 2896.000000 17758100002896000 -0.488002202 0.013144661 0.449294782 -5.898766322
12897 2897.000000 17758100002897000 -0.497598364 0.013491001 0.250677319 -6.008721131
12898 2898.000000 17758100002898000 -0.499862581 0.013510997 0.037067370 -6.013482333
12899 2899.000000 17758100002899000 -0.494754073 0.013386064 -0.158680175 -5.981880441
12900 2900.000000 17758100002900000 -0.482340829 0.013202118 -0.355951612 -5.843309440
12901 2901.000000 17758100002901000 -0.462798862 0.012691996 -0.549010626 -5.595228641
12902 2902.000000 17758100002902000 -0.436409855 0.011735244 -0.734374296 -5.256444908
12903 2903.000000 17758100002903000 -0.403557246 0.011191946 -0.915224193 -4.890379936
12904 2904.000000 17758100002904000 -0.364720789 0.009798730 -1.070074243 -4.407301625
12905 2905.000000 17758100002905000 -0.320469674 0.008611531 -1.223228634 -3.855209712
12906 2906.000000 17758100002906000 -0.271454298 0.007110648 -1.342952849 -3.239890873
12907 2907.000000 17758100002907000 -0.218396812 0.005968383 -1.447010470 -2.616994178
12908 2908.000000 17758100002908000 -0.162080565 0.004443889 -1.538674856 -1.954927067
12909 2909.000000 17758100002909000 -0.103338614 0.002691914 -1.601855175 -1.221528744
12910 2910.000000 17758100002910000 -0.043041461 0.000617798 -1.631597099 -0.490328712
12911 2911.000000 17758100002911000 0.017915809 -0.000658497 -1.657442036 0.219847742
12912 2912.000000 17758100002912000 0.078626790 -0.002139753 -1.651996829 0.995058884
12913 2913.000000 17758100002913000 0.138187232 -0.003956616 -1.619253714 1.660240862
12914 2914.000000 17758100002914000 0.195708516 -0.005449334 -1.559353948 2.413779042
12915 2915.000000 17758100002915000 0.250330945 -0.006803250 -1.473764845 3.044767356
12916 2916.000000 17758100002916000 0.301236644 -0.008642418 -1.376046394 3.636009755
12917 2917.000000 17758100002917000 0.347661865 -0.009368967 -1.244657403 4.252646166
12918 2918.000000 17758100002918000 0.388908532 -0.011014028 -1.110336923 4.724349154
12919 2919.000000 17758100002919000 0.424354825 -0.011565099 -0.954596757 5.137070624
12920 2920.000000 17758100002920000 0.453464672 -0.012245558 -0.779206787 5.503924785
12921 2921.000000 17758100002921000 0.475795968 -0.013053163 -0.590217244 5.762959222
12922 2922.000000 17758100002922000 0.491007421 -0.013258649 -0.400511879 5.935249607
12923 2923.000000 17758100002923000 0.498863903 -0.013453777 -0.197874821 6.016112860
12924 2924.000000 17758100002924000 0.499240227 -0.013659232 0.002235889 5.986830593
12925 2925.000000 17758100002925000 0.492123282 -0.013438098 0.209666756 5.974241758
12926 2926.000000 17758100002926000 0.477612491 -0.012794052 0.407790381 5.793283069
12927 2927.000000 17758100002927000 0.455918577 -0.012302485 0.593114921 5.517451246
12928 2928.000000 17758100002928000 0.427360655 -0.011468929 0.779540039 5.169792922
12929 2929.000000 17758100002929000 0.392361682 -0.010560121 0.947959070 4.720127998
12930 2930.000000 17758100002930000 0.351442322 -0.009651728 1.101203172 4.240552629
12931 2931.000000 17758100002931000 0.305213332 -0.008503816 1.250147144 3.683027965
12932 2932.000000 17758100002932000 0.254366558 -0.007129037 1.360067321 3.092430513
12933 2933.000000 17758100002933000 0.199664678 -0.005722709 1.484900390 2.426250836
12934 2934.000000 17758100002934000 0.141929855 -0.004308632 1.546116702 1.727379557
12935 2935.000000 17758100002935000 0.082031443 -0.002420194 1.602035965 0.974965020
12936 2936.000000 17758100002936000 0.020872957 -0.000845869 1.635340027 0.241165305
12937 2937.000000 17758100002937000 -0.040621526 0.000990734 1.641194912 -0.497274787
12938 2938.000000 17758100002938000 -0.101521311 0.002558043 1.615257588 -1.214757596
12939 2939.000000 17758100002939000 -0.160903171 0.004261855 1.591550386 -1.964791711
12940 2940.000000 17758100002940000 -0.217865361 0.005929671 1.512840000 -2.630171988
12941 2941.000000 17758100002941000 -0.271541356 0.006936412 1.422626490 -3.252585257
12942 2942.000000 17758100002942000 -0.321113082 0.008399855 1.313862415 -3.929689472
12943 2943.000000 17758100002943000 -0.365823463 0.009560345 1.188570876 -4.424532696
12944 2944.000000 17758100002944000 -0.404988068 0.010499696 1.044161373 -4.895032054
12945 2945.000000 17758100002945000 -0.438005694 0.011309346 0.874954397 -5.327715583
12946 2946.000000 17758100002946000 -0.464367709 0.012255819 0.705156505 -5.631119817
12947 2947.000000 17758100002947000 -0.483666015 0.012804421 0.514211586 -5.881554345
12948 2948.000000 17758100002948000 -0.495599503 0.013008280 0.311618068 -5.996360133
12949 2949.000000 17758100002949000 -0.499978890 0.013288025 0.106800626 -6.001915800
12950 2950.000000 17758100002950000 -0.496729871 0.013149659 -0.083485053 -6.009158631
12951 2951.000000 17758100002951000 -0.485894515 0.013001432 -0.287727809 -5.891094354
12952 2952.000000 17758100002952000 -0.467630894 0.012323231 -0.482631622 -5.655977621
12953 2953.000000 17758100002953000 -0.442210934 0.011671853 -0.670234786 -5.360635076
12954 2954.000000 17758100002954000 -0.410016513 0.011013527 -0.850752053 -4.972321669
12955 2955.000000 17758100002955000 -0.371533871 0.009685805 -1.018786959 -4.493743895
12956 2956.000000 17758100002956000 -0.327346397 0.008697521 -1.171618784 -4.007534430
12957 2957.000000 17758100002957000 -0.278125907 0.007505296 -1.291562230 -3.377826378
12958 2958.000000 17758100002958000 -0.224622545 0.006075938 -1.407722603 -2.751427263
12959 2959.000000 17758100002959000 -0.167653438 0.004560667 -1.497765254 -2.052574741
12960 2960.000000 17758100002960000 -0.108090302 0.002950959 -1.571490494 -1.321184847
12961 2961.000000 17758100002961000 -0.046846164 0.001157994 -1.608078818 -0.559083916
12962 2962.000000 17758100002962000 0.015138592 -0.000218650 -1.634681095 0.104129952
12963 2963.000000 17758100002963000 0.076910633 -0.002139458 -1.626968086 0.925921329
12964 2964.000000 17758100002964000 0.137518339 -0.003714712 -1.584153206 1.625125430
12965 2965.000000 17758100002965000 0.196026472 -0.005208930 -1.525715843 2.361080537
12966 2966.000000 17758100002966000 0.251530639 -0.006514210 -1.451863576 3.050481252
12967 2967.000000 17758100002967000 0.303171325 -0.007654861 -1.363529321 3.629323872
12968 2968.000000 17758100002968000 0.350147271 -0.008943797 -1.228378473 4.218523843
12969 2969.000000 17758100002969000 0.391727990 -0.010042676 -1.094726638 4.743527419
12970 2970.000000 17758100002970000 0.427265227 -0.011090133 -0.927410237 5.157622320
12971 2971.000000 17758100002971000 0.456203180 -0.011955440 -0.750811532 5.494512866
12972 2972.000000 17758100002972000 0.478087320 -0.012733579 -0.574077822 5.789577750
12973 2973.000000 17758100002973000 0.492571668 -0.013056875 -0.389045733 5.946386239
12974 2974.000000 17758100002974000 0.499424403 -0.013093249 -0.182438882 6.004427100
12975 2975.000000 17758100002975000 0.498531727 -0.012760643 0.013772567 6.003994029
12976 2976.000000 17758100002976000 0.489899902 -0.012767226 0.218688340 5.930642969
12977 2977.000000 17758100002977000 0.473655421 -0.012391066 0.415039887 5.763348294
12978 2978.000000 17758100002978000 0.450043328 -0.011740417 0.616457362 5.465319683
12979 2979.000000 17758100002979000 0.419423665 -0.011333805 0.779573026 5.119428255
12980 2980.000000 17758100002980000 0.382266143 -0.010237118 0.957271239 4.652749908
12981 2981.000000 17758100002981000 0.339143065 -0.008886405 1.113278177 4.133501833
12982 2982.000000 17758100002982000 0.290720650 -0.007532312 1.249168389 3.564249078
12983 2983.000000 17758100002983000 0.237748849 -0.006485242 1.369772985 2.950601279
12984 2984.000000 17758100002984000 0.181049835 -0.004788066 1.468656361 2.238004862
12985 2985.000000 17758100002985000 0.121505327 -0.003736109 1.549465824 1.544231804
12986 2986.000000 17758100002986000 0.060042949 -0.001669089 1.589553428 0.762571380
12987 2987.000000 17758100002987000 -0.002378177 0.000129815 1.604651075 0.029804825
12988 2988.000000 17758100002988000 -0.064782361 0.001417928 1.612847552 -0.724827357
12989 2989.000000 17758100002989000 -0.126192591 0.002922775 1.585717025 -1.481192094
12990 2990.000000 17758100002990000 -0.185645835 0.005118082 1.541972806 -2.187633779
12991 2991.000000 17758100002991000 -0.242208173 0.006055483 1.461277722 -2.890921015
12992 2992.000000 17758100002992000 -0.294989514 0.007687306 1.371329442 -3.523116250
12993 2993.000000 17758100002993000 -0.343157675 0.008526871 1.239023204 -4.122488827
12994 2994.000000 17758100002994000 -0.385951580 0.009526901 1.096290463 -4.669542414
12995 2995.000000 17758100002995000 -0.422693391 0.010410767 0.954841223 -5.099240050
12996 2996.000000 17758100002996000 -0.452799354 0.011697380 0.787556723 -5.483821697
12997 2997.000000 17758100002997000 -0.475789208 0.011765327 0.595467645 -5.792074550
12998 2998.000000 17758100002998000 -0.491293983 0.012104242 0.409021838 -5.924375860
12999 2999.000000 17758100002999000 -0.499062064 0.012588658 0.206663239 -6.007905187
13000 3000.000000 17758100003000000 -0.499062064 0.012641472 0.018094458 -6.005671821
13001 3001.000000 17758100003001000 -0.496562064 0.012471929 -0.187164249 -5.977406216
13002 3002.000000 17758100003002000 -0.494062064 0.011888038 -0.389483671 -5.814372787
13003 3003.000000 17758100003003000 -0.491562064 0.011391106 -0.582574667 -5.587279515
13004 3004.000000 17758100003004000 -0.489062064 0.010795025 -0.760971685 -5.345318106
13005 3005.000000 17758100003005000 -0.486562064 0.009449606 -0.946534868 -5.186635898
13006 3006.000000 17758100003006000 -0.484062064 0.008736617 -1.118018067 -4.970013742
13007 3007.000000 17758100003007000 -0.481562064 0.007554082 -1.283574916 -4.791173618
13008 3008.000000 17758100003008000 -0.479062064 0.006264969 -1.440068224 -4.585547397
13009 3009.000000 17758100003009000 -0.476562064 0.004486824 -1.582581647 -4.395096493
13010 3010.000000 17758100003010000 -0.474062064 0.002886757 -1.741754569 -4.187587780
13011 3011.000000 17758100003011000 -0.471562064 0.000835457 -1.876140842 -4.051755798
13012 3012.000000 17758100003012000 -0.469062064 -0.000939595 -2.018340554 -3.856633801
13013 3013.000000 17758100003013000 -0.466562064 -0.003354441 -2.139833267 -3.729821959
13014 3014.000000 17758100003014000 -0.464062064 -0.005226018 -2.271834975 -3.532103980
13015 3015.000000 17758100003015000 -0.461562064 -0.007903442 -2.372050731 -3.360117345
13016 3016.000000 17758100003016000 -0.459062064 -0.010625712 -2.485906130 -3.182030602
13017 3017.000000 17758100003017000 -0.456562064 -0.013073708 -2.595880204 -3.072480187
13018 3018.000000 17758100003018000 -0.454062064 -0.016155698 -2.702765548 -2.926902623
13019 3019.000000 17758100003019000 -0.451562064 -0.018357031 -2.780942847 -2.785938392
13020 3020.000000 17758100003020000 -0.449062064 -0.021535981 -2.872698071 -2.644690603
13021 3021.000000 17758100003021000 -0.446562064 -0.024202100 -2.972895317 -2.486630145
13022 3022.000000 17758100003022000 -0.444062064 -0.027054658 -3.051347487 -2.357836824
13023 3023.000000 17758100003023000 -0.441562064 -0.030618159 -3.126989607 -2.210162267
13024 3024.000000 17758100003024000 -0.439062064 -0.033807617 -3.197902310 -2.098987870
13025 3025.000000 17758100003025000 -0.436562064 -0.037107358 -3.263707026 -1.915945431
13026 3026.000000 17758100003026000 -0.434062064 -0.040326971 -3.323245724 -1.807709824
13027 3027.000000 17758100003027000 -0.431562064 -0.043341047 -3.388741118 -1.670729776
13028 3028.000000 17758100003028000 -0.429062064 -0.046964474 -3.432003452 -1.573971098
13029 3029.000000 17758100003029000 -0.426562064 -0.050660138 -3.487546422 -1.455468605
13030 3030.000000 17758100003030000 -0.424062064 -0.054029754 -3.533569454 -1.381017724
13031 3031.000000 17758100003031000 -0.421562064 -0.058229339 -3.568876950 -1.246228654
13032 3032.000000 17758100003032000 -0.419062064 -0.061407629 -3.608538572 -1.162561143
13033 3033.000000 17758100003033000 -0.416562064 -0.065648145 -3.649429138 -1.049052110
13034 3034.000000 17758100003034000 -0.414062064 -0.068538840 -3.683512336 -0.916991091
13035 3035.000000 17758100003035000 -0.411562064 -0.072907146 -3.707599562 -0.826420778
13036 3036.000000 17758100003036000 -0.409062064 -0.076098443 -3.736016317 -0.719720953
13037 3037.000000 17758100003037000 -0.406562064 -0.080144787 -3.750802077 -0.624034842
13038 3038.000000 17758100003038000 -0.404062064 -0.083227158 -3.781201977 -0.543010503
13039 3039.000000 17758100003039000 -0.401562064 -0.087782116 -3.792498441 -0.388199945
13040 3040.000000 17758100003040000 -0.399062064 -0.091397679 -3.804913244 -0.372668383
13041 3041.000000 17758100003041000 -0.396562064 -0.094805715 -3.813541397 -0.259912655
13042 3042.000000 17758100003042000 -0.394062064 -0.098874630 -3.818945978 -0.200391579
13043 3043.000000 17758100003043000 -0.391562064 -0.102745117 -3.825424537 -0.122344077
13044 3044.000000 17758100003044000 -0.389062064 -0.106657232 -3.831046182 -0.022196723
13045 3045.000000 17758100003045000 -0.386562064 -0.110415938 -3.823670347 0.053770756
13046 3046.000000 17758100003046000 -0.384062064 -0.114404765 -3.815443726 0.089616784
13047 3047.000000 17758100003047000 -0.381562064 -0.118102005 -3.825010941 0.168652721
13048 3048.000000 17758100003048000 -0.379062064 -0.121883360 -3.805086509 0.255938209
13049 3049.000000 17758100003049000 -0.376562064 -0.125523627 -3.794274421 0.309993535
13050 3050.000000 17758100003050000 -0.374062064 -0.129436011 -3.777448894 0.342115188
13051 3051.000000 17758100003051000 -0.371562064 -0.133050541 -3.770506439 0.425691442
13052 3052.000000 17758100003052000 -0.369062064 -0.137268028 -3.750671915 0.486607467
13053 3053.000000 17758100003053000 -0.366562064 -0.140420424 -3.728851227 0.536115865
13054 3054.000000 17758100003054000 -0.364062064 -0.144322181 -3.713334630 0.614809783
13055 3055.000000 17758100003055000 -0.361562064 -0.147774434 -3.690006962 0.633265582
13056 3056.000000 17758100003056000 -0.359062064 -0.151660178 -3.665846775 0.711092770
13057 3057.000000 17758100003057000 -0.356562064 -0.155425138 -3.644906470 0.799300783
13058 3058.000000 17758100003058000 -0.354062064 -0.158987139 -3.607621769 0.820199472
13059 3059.000000 17758100003059000 -0.351562064 -0.162827346 -3.579186757 0.828996357
13060 3060.000000 17758100003060000 -0.349062064 -0.166192354 -3.550120357 0.878036363
13061 3061.000000 17758100003061000 -0.346562064 -0.169628085 -3.522577142 0.935989646
13062 3062.000000 17758100003062000 -0.344062064 -0.173122975 -3.482738339 0.984349323
13063 3063.000000 17758100003063000 -0.341562064 -0.176926747 -3.448507293 1.030732358
13064 3064.000000 17758100003064000 -0.339062064 -0.179914571 -3.415992120 1.068102619
13065 3065.000000 17758100003065000 -0.336562064 -0.183589106 -3.382988036 1.098415776
13066 3066.000000 17758100003066000 -0.334062064 -0.186768359 -3.334717108 1.123045335
13067 3067.000000 17758100003067000 -0.331562064 -0.189852273 -3.297114557 1.133355476
13068 3068.000000 17758100003068000 -0.329062064 -0.193419931 -3.252619692 1.204398497
13069 3069.000000 17758100003069000 -0.326562064 -0.196517845 -3.220110525 1.246382256
13070 3070.000000 17758100003070000 -0.324062064 -0.199752026 -3.183711831 1.265055161
13071 3071.000000 17758100003071000 -0.321562064 -0.202683180 -3.125564232 1.322579465
13072 3072.000000 17758100003072000 -0.319062064 -0.206104112 -3.083423670 1.343438790
13073 3073.000000 17758100003073000 -0.316562064 -0.209220658 -3.042830114 1.350763051
13074 3074.000000 17758100003074000 -0.314062064 -0.212315548 -2.992895466 1.323395878
13075 3075.000000 17758100003075000 -0.311562064 -0.214408544 -2.945043993 1.375687747
13076 3076.000000 17758100003076000 -0.309062064 -0.217603230 -2.899121441 1.422301784
13077 3077.000000 17758100003077000 -0.306562064 -0.220261595 -2.843058074 1.412769332
13078 3078.000000 17758100003078000 -0.304062064 -0.223457191 -2.805820338 1.460021376
13079 3079.000000 17758100003079000 -0.301562064 -0.225905133 -2.757007341 1.467469261
13080 3080.000000 17758100003080000 -0.299062064 -0.228915482 -2.707999399 1.483400772
13081 3081.000000 17758100003081000 -0.296562064 -0.231724839 -2.644123486 1.484819002
13082 3082.000000 17758100003082000 -0.294062064 -0.233897258 -2.610286313 1.513766183
13083 3083.000000 17758100003083000 -0.291562064 -0.236667976 -2.541433049 1.557678203
13084 3084.000000 17758100003084000 -0.289062064 -0.239047209 -2.488495133 1.549330967
13085 3085.000000 17758100003085000 -0.286562064 -0.241452769 -2.438029143 1.556430338
13086 3086.000000 17758100003086000 -0.284062064 -0.243802552 -2.383845882 1.580695500
13087 3087.000000 17758100003087000 -0.281562064 -0.246294282 -2.326973966 1.557298646
13088 3088.000000 17758100003088000 -0.279062064 -0.248990806 -2.279705703 1.576122141
13089 3089.000000 17758100003089000 -0.276562064 -0.250989730 -2.223258319 1.591028323
13090 3090.000000 17758100003090000 -0.274062064 -0.252808035 -2.159457024 1.582934442
13091 3091.000000 17758100003091000 -0.271562064 -0.254646375 -2.116425194 1.609181974
13092 3092.000000 17758100003092000 -0.269062064 -0.257102849 -2.061468744 1.564369437
13093 3093.000000 17758100003093000 -0.266562064 -0.258825201 -2.001595840 1.574187448
13094 3094.000000 17758100003094000 -0.264062064 -0.261526964 -1.948992310 1.607235651
13095 3095.000000 17758100003095000 -0.261562064 -0.262649153 -1.895761743 1.606708185
13096 3096.000000 17758100003096000 -0.259062064 -0.265014821 -1.839490857 1.611415926
13097 3097.000000 17758100003097000 -0.256562064 -0.266775859 -1.788678588 1.628555400
13098 3098.000000 17758100003098000 -0.254062064 -0.268363500 -1.730106377 1.634704869
13099 3099.000000 17758100003099000 -0.251562064 -0.269919484 -1.670265661 1.633686695
13100 3100.000000 17758100003100000 -0.249062064 -0.271838574 -1.619044552 1.626451155
13101 3101.000000 17758100003101000 -0.246562064 -0.272964962 -1.570968819 1.624688010
13102 3102.000000 17758100003102000 -0.244062064 -0.274962796 -1.514920708 1.586971760
13103 3103.000000 17758100003103000 -0.241562064 -0.276102427 -1.463085876 1.598895896
13104 3104.000000 17758100003104000 -0.239062064 -0.277706897 -1.399142644 1.617273732
13105 3105.000000 17758100003105000 -0.236562064 -0.278833270 -1.340565463 1.624762113
13106 3106.000000 17758100003106000 -0.234062064 -0.280570736 -1.294391538 1.591012739
13107 3107.000000 17758100003107000 -0.231562064 -0.281599968 -1.229546865 1.605967948
13108 3108.000000 17758100003108000 -0.229062064 -0.282836594 -1.185224312 1.630178010
13109 3109.000000 17758100003109000 -0.226562064 -0.283533491 -1.136563121 1.634799945
13110 3110.000000 17758100003110000 -0.224062064 -0.285238155 -1.077956669 1.601671277
13111 3111.000000 17758100003111000 -0.221562064 -0.285465212 -1.019794355 1.561661062
13112 3112.000000 17758100003112000 -0.219062064 -0.286881846 -0.967324233 1.586697311
13113 3113.000000 17758100003113000 -0.216562064 -0.287655894 -0.914849033 1.547960191
13114 3114.000000 17758100003114000 -0.214062064 -0.289065155 -0.868943941 1.586977180
13115 3115.000000 17758100003115000 -0.211562064 -0.289524241 -0.807113473 1.554044145
13116 3116.000000 17758100003116000 -0.209062064 -0.289954180 -0.759803965 1.557291243
13117 3117.000000 17758100003117000 -0.206562064 -0.290526487 -0.711591937 1.539250883
13118 3118.000000 17758100003118000 -0.204062064 -0.291677868 -0.652079070 1.530663961
13119 3119.000000 17758100003119000 -0.201562064 -0.291854868 -0.600930009 1.551288518
13120 3120.000000 17758100003120000 -0.199062064 -0.292597073 -0.546224235 1.490428459
13121 3121.000000 17758100003121000 -0.196562064 -0.293003608 -0.501586340 1.503600009
13122 3122.000000 17758100003122000 -0.194062064 -0.293624075 -0.437421733 1.514015641
13123 3123.000000 17758100003123000 -0.191562064 -0.293678139 -0.394222591 1.507831489
13124 3124.000000 17758100003124000 -0.189062064 -0.294672556 -0.345896696 1.471498797
13125 3125.000000 17758100003125000 -0.186562064 -0.294503176 -0.308396792 1.442574973
13126 3126.000000 17758100003126000 -0.184062064 -0.294575865 -0.262533687 1.434696844
13127 3127.000000 17758100003127000 -0.181562064 -0.294932795 -0.203261219 1.444726583
13128 3128.000000 17758100003128000 -0.179062064 -0.295299074 -0.150907209 1.430809634
13129 3129.000000 17758100003129000 -0.176562064 -0.295245672 -0.101190898 1.413992388
13130 3130.000000 17758100003130000 -0.174062064 -0.295357039 -0.064909093 1.425811915
13131 3131.000000 17758100003131000 -0.171562064 -0.295477680 -0.004632918 1.390192258
13132 3132.000000 17758100003132000 -0.169062064 -0.295175548 0.026716591 1.359352999
13133 3133.000000 17758100003133000 -0.166562064 -0.295041760 0.075367330 1.351714968
13134 3134.000000 17758100003134000 -0.164062064 -0.295457703 0.121002320 1.338228203
13135 3135.000000 17758100003135000 -0.161562064 -0.294644000 0.173366694 1.332200510
13136 3136.000000 17758100003136000 -0.159062064 -0.294790768 0.212517150 1.334955435
13137 3137.000000 17758100003137000 -0.156562064 -0.294576459 0.264988232 1.304583307
13138 3138.000000 17758100003138000 -0.154062064 -0.294054414 0.298943076 1.292699706
13139 3139.000000 17758100003139000 -0.151562064 -0.294047195 0.353818187 1.291719387
13140 3140.000000 17758100003140000 -0.149062064 -0.293411288 0.389436648 1.260379763
13141 3141.000000 17758100003141000 -0.146562064 -0.293139177 0.428409492 1.318098500
13142 3142.000000 17758100003142000 -0.144062064 -0.292607470 0.473014642 1.263570915
13143 3143.000000 17758100003143000 -0.141562064 -0.292008312 0.518675335 1.271015281
13144 3144.000000 17758100003144000 -0.139062064 -0.291525844 0.552837319 1.208036206
13145 3145.000000 17758100003145000 -0.136562064 -0.290999457 0.592227473 1.220981320
13146 3146.000000 17758100003146000 -0.134062064 -0.290056442 0.641226722 1.208455735
13147 3147.000000 17758100003147000 -0.131562064 -0.289506795 0.682080470 1.209671574
13148 3148.000000 17758100003148000 -0.129062064 -0.288806600 0.721791119 1.173258100
13149 3149.000000 17758100003149000 -0.126562064 -0.287975736 0.747370970 1.122687955
13150 3150.000000 17758100003150000 -0.124062064 -0.287778680 0.793748522 1.146194182
13151 3151.000000 17758100003151000 -0.121562064 -0.286349355 0.832784301 1.126617125
13152 3152.000000 17758100003152000 -0.119062064 -0.285202983 0.859045772 1.102668811
13153 3153.000000 17758100003153000 -0.116562064 -0.284967660 0.905852431 1.075221677
13154 3154.000000 17758100003154000 -0.114062064 -0.283317343 0.943068838 1.117056286
13155 3155.000000 17758100003155000 -0.111562064 -0.283203333 0.985017875 1.086938821
13156 3156.000000 17758100003156000 -0.109062064 -0.281973856 1.005385415 1.068215280
13157 3157.000000 17758100003157000 -0.106562064 -0.280653712 1.045464694 1.039489335
13158 3158.000000 17758100003158000 -0.104062064 -0.279827962 1.093092585 1.039468477
13159 3159.000000 17758100003159000 -0.101562064 -0.278772390 1.109654488 1.059545698
13160 3160.000000 17758100003160000 -0.099062064 -0.277416287 1.144867152 1.047324307
13161 3161.000000 17758100003161000 -0.096562064 -0.276179029 1.177938910 0.996465834
13162 3162.000000 17758100003162000 -0.094062064 -0.274878703 1.205392640 0.959999164
13163 3163.000000 17758100003163000 -0.091562064 -0.273863148 1.249191580 0.951187466
13164 3164.000000 17758100003164000 -0.089062064 -0.272938007 1.288569179 0.962067932
13165 3165.000000 17758100003165000 -0.086562064 -0.271110276 1.310723358 0.955913118
13166 3166.000000 17758100003166000 -0.084062064 -0.269627617 1.342716031 0.943322968
13167 3167.000000 17758100003167000 -0.081562064 -0.268610700 1.361297859 0.947006925
13168 3168.000000 17758100003168000 -0.079062064 -0.266963164 1.396656683 0.907596537
13169 3169.000000 17758100003169000 -0.076562064 -0.265966012 1.423216219 0.906358477
13170 3170.000000 17758100003170000 -0.074062064 -0.264381908 1.449795983 0.869002026
13171 3171.000000 17758100003171000 -0.071562064 -0.262990475 1.475918304 0.879372726
13172 3172.000000 17758100003172000 -0.069062064 -0.261221870 1.515434735 0.857879849
13173 3173.000000 17758100003173000 -0.066562064 -0.259935848 1.534355785 0.866880471
13174 3174.000000 17758100003174000 -0.064062064 -0.257803766 1.569902203 0.821966939
13175 3175.000000 17758100003175000 -0.061562064 -0.256439487 1.595878497 0.790756135
13176 3176.000000 17758100003176000 -0.059062064 -0.254914089 1.620748030 0.819392690
13177 3177.000000 17758100003177000 -0.056562064 -0.253134824 1.639372570 0.738599963
13178 3178.000000 17758100003178000 -0.054062064 -0.251352430 1.677194814 0.777463447
13179 3179.000000 17758100003179000 -0.051562064 -0.249835315 1.698785299 0.784077134
13180 3180.000000 17758100003180000 -0.049062064 -0.248361142 1.727328207 0.726649357
13181 3181.000000 17758100003181000 -0.046562064 -0.246433189 1.749862458 0.728505369
13182 3182.000000 17758100003182000 -0.044062064 -0.244771188 1.768893471 0.783404870
13183 3183.000000 17758100003183000 -0.041562064 -0.242786372 1.797045866 0.709743953
13184 3184.000000 17758100003184000 -0.039062064 -0.241158957 1.814120406 0.716208631
13185 3185.000000 17758100003185000 -0.036562064 -0.239232509 1.833505001 0.705593110
13186 3186.000000 17758100003186000 -0.034062064 -0.237179911 1.853411467 0.672235662
13187 3187.000000 17758100003187000 -0.031562064 -0.235671413 1.878769434 0.670656151
13188 3188.000000 17758100003188000 -0.029062064 -0.233641881 1.899898967 0.663714135
13189 3189.000000 17758100003189000 -0.026562064 -0.231738977 1.911431584 0.677181268
13190 3190.000000 17758100003190000 -0.024062064 -0.229873853 1.941652392 0.606688329
13191 3191.000000 17758100003191000 -0.021562064 -0.227279875 1.966721763 0.636358283
13192 3192.000000 17758100003192000 -0.019062064 -0.225577949 1.977188975 0.602790973
13193 3193.000000 17758100003193000 -0.016562064 -0.223944561 2.010713067 0.625831180
13194 3194.000000 17758100003194000 -0.014062064 -0.221923460 2.013885363 0.584615559
13195 3195.000000 17758100003195000 -0.011562064 -0.219690524 2.038489043 0.569865555
13196 3196.000000 17758100003196000 -0.009062064 -0.217451203 2.060450336 0.566997836
13197 3197.000000 17758100003197000 -0.006562064 -0.215653019 2.078083230 0.557123193
13198 3198.000000 17758100003198000 -0.004062064 -0.213372707 2.092191112 0.570087317
13199 3199.000000 17758100003199000 -0.001562064 -0.211786314 2.107355101 0.537239681
13200 3200.000000 17758100003200000 0.000937936 -0.209233087 2.125878468 0.525187566
13201 3201.000000 17758100003201000 0.003437936 -0.206909669 2.132794749 0.503524953
13202 3202.000000 17758100003202000 0.005937936 -0.204987075 2.153480762 0.517434932
13203 3203.000000 17758100003203000 0.008437936 -0.202975851 2.166016681 0.492435766
13204 3204.000000 17758100003204000 0.010937936 -0.200440452 2.188867822 0.506482076
13205 3205.000000 17758100003205000 0.013437936 -0.198658359 2.209150025 0.475801698
13206 3206.000000 17758100003206000 0.015937936 -0.196302481 2.213223251 0.472181019
13207 3207.000000 17758100003207000 0.018437936 -0.193893297 2.230335210 0.463212114
13208 3208.000000 17758100003208000 0.020937936 -0.191953758 2.253367657 0.479258975
13209 3209.000000 17758100003209000 0.023437936 -0.188984337 2.257174870 0.395489831
13210 3210.000000 17758100003210000 0.025937936 -0.187281516 2.272542352 0.450112148
13211 3211.000000 17758100003211000 0.028437936 -0.185362076 2.285211471 0.446513929
13212 3212.000000 17758100003212000 0.030937936 -0.182441996 2.298460194 0.423589046
13213 3213.000000 17758100003213000 0.033437936 -0.180281068 2.300985361 0.398802479
13214 3214.000000 17758100003214000 0.035937936 -0.178039476 2.325842152 0.395085344
13215 3215.000000 17758100003215000 0.038437936 -0.175600252 2.336368663 0.388318935
13216 3216.000000 17758100003216000 0.040937936 -0.173225271 2.335577869 0.370466400
13217 3217.000000 17758100003217000 0.043437936 -0.171017904 2.365974829 0.370540515
13218 3218.000000 17758100003218000 0.045937936 -0.168491468 2.366761480 0.356205860
13219 3219.000000 17758100003219000 0.048437936 -0.166172747 2.371263842 0.362650852
13220 3220.000000 17758100003220000 0.050937936 -0.163671656 2.387988835 0.362657777
13221 3221.000000 17758100003221000 0.053437936 -0.161560169 2.402623814 0.326348632
13222 3222.000000 17758100003222000 0.055937936 -0.159131681 2.405439387 0.301780600
13223 3223.000000 17758100003223000 0.058437936 -0.156510488 2.421587133 0.351816396
13224 3224.000000 17758100003224000 0.060937936 -0.154067924 2.427157568 0.316491859
13225 3225.000000 17758100003225000 0.063437936 -0.151775726 2.441557203 0.329675519
13226 3226.000000 17758100003226000 0.065937936 -0.149305592 2.445884004 0.305654218
13227 3227.000000 17758100003227000 0.068437936 -0.146679160 2.457391211 0.284124630
13228 3228.000000 17758100003228000 0.070937936 -0.144576862 2.467529025 0.305260489
13229 3229.000000 17758100003229000 0.073437936 -0.142175097 2.473138333 0.277623262
13230 3230.000000 17758100003230000 0.075937936 -0.139296280 2.483177360 0.275135727
13231 3231.000000 17758100003231000 0.078437936 -0.136890465 2.487758294 0.237923845
13232 3232.000000 17758100003232000 0.080937936 -0.134613391 2.496945215 0.231593719
13233 3233.000000 17758100003233000 0.083437936 -0.132027302 2.509879202 0.288957058
13234 3234.000000 17758100003234000 0.085937936 -0.129612331 2.507382014 0.243438811
13235 3235.000000 17758100003235000 0.088437936 -0.127048255 2.519103968 0.240072754
13236 3236.000000 17758100003236000 0.090937936 -0.124155941 2.512183038 0.238691343
13237 3237.000000 17758100003237000 0.093437936 -0.121880497 2.529630997 0.246938057
13238 3238.000000 17758100003238000 0.095937936 -0.119576667 2.540344449 0.178081592
13239 3239.000000 17758100003239000 0.098437936 -0.116706915 2.544804386 0.292956059
13240 3240.000000 17758100003240000 0.100937936 -0.114157927 2.544337624 0.228641085
13241 3241.000000 17758100003241000 0.103437936 -0.111721595 2.554769094 0.253560896
13242 3242.000000 17758100003242000 0.105937936 -0.109163255 2.558939676 0.171333712
13243 3243.000000 17758100003243000 0.108437936 -0.106483379 2.568741977 0.203665921
13244 3244.000000 17758100003244000 0.110937936 -0.103859774 2.573404300 0.184877179
13245 3245.000000 17758100003245000 0.113437936 -0.101457780 2.571675925 0.207807615
13246 3246.000000 17758100003246000 0.115937936 -0.098970803 2.591597452 0.202291175
13247 3247.000000 17758100003247000 0.118437936 -0.096318272 2.580080781 0.173285279
13248 3248.000000 17758100003248000 0.120937936 -0.093487005 2.594565651 0.179267697
13249 3249.000000 17758100003249000 0.123437936 -0.090934255 2.592488488 0.169707465
13250 3250.000000 17758100003250000 0.125937936 -0.088574802 2.603014456 0.204741450
13251 3251.000000 17758100003251000 0.128437936 -0.085320005 2.610732191 0.184216259
13252 3252.000000 17758100003252000 0.130937936 -0.082779627 2.611596346 0.187348218
13253 3253.000000 17758100003253000 0.133437936 -0.080882195 2.611286386 0.155522142
13254 3254.000000 17758100003254000 0.135937936 -0.077852002 2.615493120 0.174929100
13255 3255.000000 17758100003255000 0.138437936 -0.075639990 2.615640504 0.176102548
13256 3256.000000 17758100003256000 0.140937936 -0.072811302 2.618960765 0.131021057
13257 3257.000000 17758100003257000 0.143437936 -0.069885560 2.629222871 0.162630614
13258 3258.000000 17758100003258000 0.145937936 -0.067414628 2.625887769 0.146078748
13259 3259.000000 17758100003259000 0.148437936 -0.065178350 2.632062234 0.175844576
13260 3260.000000 17758100003260000 0.150937936 -0.062203367 2.640010638 0.134276914
13261 3261.000000 17758100003261000 0.153437936 -0.060162180 2.637917282 0.126840351
13262 3262.000000 17758100003262000 0.155937936 -0.057350900 2.632917880 0.109506599
13263 3263.000000 17758100003263000 0.158437936 -0.054386247 2.635470260 0.143583927
13264 3264.000000 17758100003264000 0.160937936 -0.051915728 2.636154441 0.096179626
13265 3265.000000 17758100003265000 0.163437936 -0.048790213 2.639963963 0.111504513
13266 3266.000000 17758100003266000 0.165937936 -0.046431958 2.642964939 0.094816767
13267 3267.000000 17758100003267000 0.168437936 -0.043554119 2.651398871 0.067646335
13268 3268.000000 17758100003268000 0.170937936 -0.041135212 2.646362624 0.112265876
13269 3269.000000 17758100003269000 0.173437936 -0.038472135 2.650127271 0.112412856
13270 3270.000000 17758100003270000 0.175937936 -0.035817091 2.645211086 0.091602153
13271 3271.000000 17758100003271000 0.178437936 -0.032802393 2.651042583 0.120141522
13272 3272.000000 17758100003272000 0.180937936 -0.030214732 2.656346893 0.081894919
13273 3273.000000 17758100003273000 0.183437936 -0.028103140 2.659303612 0.127411280
13274 3274.000000 17758100003274000 0.185937936 -0.025271254 2.666087716 0.110862085
13275 3275.000000 17758100003275000 0.188437936 -0.022220733 2.660782548 0.074750299
13276 3276.000000 17758100003276000 0.190937936 -0.020196652 2.670216490 0.032385154
13277 3277.000000 17758100003277000 0.193437936 -0.016864180 2.653955362 0.075965245
13278 3278.000000 17758100003278000 0.195937936 -0.014440634 2.669687036 0.097799430
13279 3279.000000 17758100003279000 0.198437936 -0.012106323 2.663773189 0.100763514
13280 3280.000000 17758100003280000 0.200937936 -0.009680468 2.671351495 0.118011792
13281 3281.000000 17758100003281000 0.203437936 -0.006557272 2.673045575 0.084415807
13282 3282.000000 17758100003282000 0.205937936 -0.003553171 2.670324548 0.095819493
13283 3283.000000 17758100003283000 0.208437936 -0.001186871 2.663802454 0.064670585
13284 3284.000000 17758100003284000 0.210937936 0.001545610 2.669923520 0.034947862
13285 3285.000000 17758100003285000 0.213437936 0.004201065 2.673485829 0.058501827
13286 3286.000000 17758100003286000 0.215937936 0.006723876 2.665928661 0.074469276
13287 3287.000000 17758100003287000 0.218437936 0.009522069 2.672843347 0.056009275
13288 3288.000000 17758100003288000 0.220937936 0.011986914 2.674678463 0.033236227
13289 3289.000000 17758100003289000 0.223437936 0.014667827 2.670823362 0.062068533
13290 3290.000000 17758100003290000 0.225937936 0.017267840 2.664865570 0.065215185
13291 3291.000000 17758100003291000 0.228437936 0.020047959 2.666812660 0.048338798
13292 3292.000000 17758100003292000 0.230937936 0.022717999 2.669215244 0.063654560
13293 3293.000000 17758100003293000 0.233437936 0.025500354 2.674649086 0.044047036
13294 3294.000000 17758100003294000 0.235937936 0.028063903 2.669241840 0.034408422
13295 3295.000000 17758100003295000 0.238437936 0.030471366 2.665628025 0.069157206
13296 3296.000000 17758100003296000 0.240937936 0.033251370 2.675750671 0.061382482
13297 3297.000000 17758100003297000 0.243437936 0.036088234 2.672861919 0.038607167
13298 3298.000000 17758100003298000 0.245937936 0.038916714 2.674634580 0.046068846
13299 3299.000000 17758100003299000 0.248437936 0.041421693 2.661968925 0.077691491
13300 3300.000000 17758100003300000 0.250937936 0.044226057 2.662092230 0.061939048
13301 3301.000000 17758100003301000 0.253437936 0.046508051 2.670778721 -0.001892143
13302 3302.000000 17758100003302000 0.255937936 0.049721029 2.668387656 0.037476741
13303 3303.000000 17758100003303000 0.258437936 0.052057805 2.654765679 0.025934910
13304 3304.000000 17758100003304000 0.260937936 0.054655211 2.667414316 -0.000877975
13305 3305.000000 17758100003305000 0.263437936 0.057489882 2.661714145 -0.001820814
13306 3306.000000 17758100003306000 0.265937936 0.060237391 2.669928386 0.026526315
13307 3307.000000 17758100003307000 0.268437936 0.062766509 2.668318968 0.008178470
13308 3308.000000 17758100003308000 0.270937936 0.065607487 2.666106347 0.012793080
13309 3309.000000 17758100003309000 0.273437936 0.067785313 2.657268365 0.044071586
13310 3310.000000 17758100003310000 0.275937936 0.070780821 2.666843269 0.027697707
13311 3311.000000 17758100003311000 0.278437936 0.073634558 2.651143970 0.022794167
13312 3312.000000 17758100003312000 0.280937936 0.076218978 2.655757103 0.041486314
13313 3313.000000 17758100003313000 0.283437936 0.078726228 2.651021682 0.013886245
13314 3314.000000 17758100003314000 0.285937936 0.081507069 2.645236620 0.027937960
13315 3315.000000 17758100003315000 0.288437936 0.084451465 2.653368099 0.048097381
13316 3316.000000 17758100003316000 0.290937936 0.086531496 2.658182248 0.035400752
13317 3317.000000 17758100003317000 0.293437936 0.089466065 2.654164811 0.009805140
13318 3318.000000 17758100003318000 0.295937936 0.092094278 2.660814537 0.008484196
13319 3319.000000 17758100003319000 0.298437936 0.094863036 2.644510903 0.009489753
13320 3320.000000 17758100003320000 0.300937936 0.097148605 2.649722210 0.012838786
13321 3321.000000 17758100003321000 0.303437936 0.100349612 2.647759231 0.056838680
13322 3322.000000 17758100003322000 0.305937936 0.102854960 2.652780712 0.048716067
13323 3323.000000 17758100003323000 0.308437936 0.105794756 2.646838307 0.033101219
13324 3324.000000 17758100003324000 0.310937936 0.107996415 2.651817633 0.033553017
13325 3325.000000 17758100003325000 0.313437936 0.110508140 2.648610439 0.046864493
13326 3326.000000 17758100003326000 0.315937936 0.112916311 2.650229967 0.028481398
13327 3327.000000 17758100003327000 0.318437936 0.115827335 2.633631086 -0.007345941
13328 3328.000000 17758100003328000 0.320937936 0.118312916 2.644995059 0.035210300
13329 3329.000000 17758100003329000 0.323437936 0.120808309 2.639402910 0.001613886
13330 3330.000000 17758100003330000 0.325937936 0.123680033 2.642549001 0.032955986
13331 3331.000000 17758100003331000 0.328437936 0.126442533 2.637241489 0.033457401
13332 3332.000000 17758100003332000 0.330937936 0.129101913 2.644443823 0.047180731
13333 3333.000000 17758100003333000 0.333437936 0.132291561 2.635799579 0.011383678
13334 3334.000000 17758100003334000 0.335937936 0.134724578 2.642862124 0.001018681
13335 3335.000000 17758100003335000 0.338437936 0.137088907 2.638482096 0.023087806
13336 3336.000000 17758100003336000 0.340937936 0.139829597 2.634702103 0.046295927
13337 3337.000000 17758100003337000 0.343437936 0.142244703 2.635241726 -0.019877713
13338 3338.000000 17758100003338000 0.345937936 0.144870787 2.629346753 0.006124660
13339 3339.000000 17758100003339000 0.348437936 0.147685484 2.625196961 0.029898209
13340 3340.000000 17758100003340000 0.350937936 0.150194577 2.624091064 0.025657286
13341 3341.000000 17758100003341000 0.353437936 0.153166950 2.634404295 0.021451022
13342 3342.000000 17758100003342000 0.355937936 0.155625874 2.624318051 0.017954850
13343 3343.000000 17758100003343000 0.358437936 0.157895918 2.628630047 0.024831456
13344 3344.000000 17758100003344000 0.360937936 0.160431126 2.623756025 0.006763427
13345 3345.000000 17758100003345000 0.363437936 0.163386087 2.626273196 0.026167337
13346 3346.000000 17758100003346000 0.365937936 0.166219024 2.626221857 0.002192258
13347 3347.000000 17758100003347000 0.368437936 0.168391747 2.624184976 0.018997303
13348 3348.000000 17758100003348000 0.370937936 0.171036450 2.628443982 -0.012800555
13349 3349.000000 17758100003349000 0.373437936 0.174323153 2.613728155 -0.003647785
13350 3350.000000 17758100003350000 0.375937936 0.176467742 2.611263880 0.015251907
13351 3351.000000 17758100003351000 0.378437936 0.179013365 2.623887739 0.010159717
13352 3352.000000 17758100003352000 0.380937936 0.182194051 2.611899314 0.000298915
13353 3353.000000 17758100003353000 0.383437936 0.184253136 2.612969646 0.019626454
13354 3354.000000 17758100003354000 0.385937936 0.186700444 2.626572471 0.031303247
13355 3355.000000 17758100003355000 0.388437936 0.189556147 2.617703832 0.002722096
13356 3356.000000 17758100003356000 0.390937936 0.191901676 2.598184151 0.035630455
13357 3357.000000 17758100003357000 0.393437936 0.194445197 2.614705803 0.024526716
13358 3358.000000 17758100003358000 0.395937936 0.197564942 2.611112554 0.043475359
13359 3359.000000 17758100003359000 0.398437936 0.199868958 2.597965928 0.020665106
13360 3360.000000 17758100003360000 0.400937936 0.202685895 2.612473551 0.007288921
13361 3361.000000 17758100003361000 0.403437936 0.204972378 2.611466495 0.027936259
13362 3362.000000 17758100003362000 0.405937936 0.207750819 2.599942666 0.024329887
13363 3363.000000 17758100003363000 0.408437936 0.210156871 2.605706905 -0.005047197
13364 3364.000000 17758100003364000 0.410937936 0.212816821 2.606079201 0.004615892
13365 3365.000000 17758100003365000 0.413437936 0.215957424 2.596872860 0.032300970
13366 3366.000000 17758100003366000 0.415937936 0.218357743 2.598642450 -0.011208910
13367 3367.000000 17758100003367000 0.418437936 0.220943521 2.603248064 -0.013765391
13368 3368.000000 17758100003368000 0.420937936 0.223401201 2.601638231 0.044555895
13369 3369.000000 17758100003369000 0.423437936 0.225933085 2.596126930 -0.003540939
13370 3370.000000 17758100003370000 0.425937936 0.228593419 2.589586758 0.012349010
13371 3371.000000 17758100003371000 0.428437936 0.231107627 2.590340234 0.011924612
13372 3372.000000 17758100003372000 0.430937936 0.233890770 2.595821378 0.016380697
13373 3373.000000 17758100003373000 0.433437936 0.236361737 2.588835580 -0.010689978
13374 3374.000000 17758100003374000 0.435937936 0.239011870 2.598757489 -0.000239584
13375 3375.000000 17758100003375000 0.438437936 0.242098434 2.590073035 0.036130148
13376 3376.000000 17758100003376000 0.440937936 0.244152209 2.582630712 0.018361978
13377 3377.000000 17758100003377000 0.443437936 0.246523910 2.572367112 0.000834034
13378 3378.000000 17758100003378000 0.445937936 0.249647805 2.587803590 0.020103449
13379 3379.000000 17758100003379000 0.448437936 0.251709502 2.589795749 0.019901869
13380 3380.000000 17758100003380000 0.450937936 0.254294275 2.584352731 0.040282829
13381 3381.000000 17758100003381000 0.453437936 0.257448375 2.583143406 0.027401959
13382 3382.000000 17758100003382000 0.455937936 0.259758911 2.579708021 0.021061204
13383 3383.000000 17758100003383000 0.458437936 0.262050480 2.579245018 0.009233388
13384 3384.000000 17758100003384000 0.460937936 0.264854145 2.576458587 0.035459758
13385 3385.000000 17758100003385000 0.463437936 0.267698233 2.585717303 0.024082477
13386 3386.000000 17758100003386000 0.465937936 0.269813617 2.577561549 0.037584845
13387 3387.000000 17758100003387000 0.468437936 0.272616621 2.580254947 0.013260248
13388 3388.000000 17758100003388000 0.470937936 0.275640256 2.579836392 0.038103413
13389 3389.000000 17758100003389000 0.473437936 0.277703069 2.588595432 0.052653778
13390 3390.000000 17758100003390000 0.475937936 0.279970928 2.574865389 0.022665424
13391 3391.000000 17758100003391000 0.478437936 0.282803913 2.574971434 0.000657107
13392 3392.000000 17758100003392000 0.480937936 0.285398233 2.580229384 0.044940140
13393 3393.000000 17758100003393000 0.483437936 0.287923639 2.579033651 0.025778534
13394 3394.000000 17758100003394000 0.485937936 0.290950563 2.578857026 0.015400890
13395 3395.000000 17758100003395000 0.488437936 0.293214170 2.571258024 0.026019445
13396 3396.000000 17758100003396000 0.490937936 0.295750909 2.563275688 0.013273883
13397 3397.000000 17758100003397000 0.493437936 0.298424842 2.566759672 -0.030101124
13398 3398.000000 17758100003398000 0.495937936 0.300913755 2.556147147 0.065537453
13399 3399.000000 17758100003399000 0.498437936 0.303064833 2.560133878 0.065787978
13400 3400.000000 17758100003400000 0.500937936 0.306153958 2.578133752 0.056636686
13401 3401.000000 17758100003401000 0.500937936 0.308695184 2.571164018 0.043758040
13402 3402.000000 17758100003402000 0.500937936 0.311229451 2.563315665 0.029416855
13403 3403.000000 17758100003403000 0.500937936 0.313863718 2.561869717 0.015643056
13404 3404.000000 17758100003404000 0.500937936 0.316503375 2.558602251 -0.030670574
13405 3405.000000 17758100003405000 0.500937936 0.319118536 2.556027688 -0.048446834
13406 3406.000000 17758100003406000 0.500937936 0.321077714 2.558737428 -0.087483160
13407 3407.000000 17758100003407000 0.500937936 0.323798413 2.556624994 -0.142735353
13408 3408.000000 17758100003408000 0.500937936 0.326293323 2.546281407 -0.139621921
13409 3409.000000 17758100003409000 0.500937936 0.328946522 2.547001732 -0.225508525
13410 3410.000000 17758100003410000 0.500937936 0.331644995 2.521188725 -0.151855065
13411 3411.000000 17758100003411000 0.500937936 0.333740119 2.530696366 -0.187979865
13412 3412.000000 17758100003412000 0.500937936 0.336748320 2.526625207 -0.228675826
13413 3413.000000 17758100003413000 0.500937936 0.338819642 2.511192405 -0.279593863
13414 3414.000000 17758100003414000 0.500937936 0.341421639 2.494152106 -0.269545407
13415 3415.000000 17758100003415000 0.500937936 0.343863555 2.484877511 -0.305231889
13416 3416.000000 17758100003416000 0.500937936 0.346484645 2.469180939 -0.325910571
13417 3417.000000 17758100003417000 0.500937936 0.349111261 2.458947766 -0.375326374
13418 3418.000000 17758100003418000 0.500937936 0.351086637 2.442067031 -0.323357303
13419 3419.000000 17758100003419000 0.500937936 0.354248367 2.439083982 -0.367025202
13420 3420.000000 17758100003420000 0.500937936 0.356167171 2.421912392 -0.376055358
13421 3421.000000 17758100003421000 0.500937936 0.359202813 2.411742172 -0.398891570
13422 3422.000000 17758100003422000 0.500937936 0.360857245 2.398052273 -0.411406450
13423 3423.000000 17758100003423000 0.500937936 0.363717463 2.380751082 -0.409069192
13424 3424.000000 17758100003424000 0.500937936 0.366022531 2.359434890 -0.422759071
13425 3425.000000 17758100003425000 0.500937936 0.368209675 2.342923515 -0.487825742
13426 3426.000000 17758100003426000 0.500937936 0.370300855 2.331775184 -0.453978719
13427 3427.000000 17758100003427000 0.500937936 0.372807456 2.308664698 -0.470191820
13428 3428.000000 17758100003428000 0.500937936 0.375455422 2.298558692 -0.508973675
13429 3429.000000 17758100003429000 0.500937936 0.377647668 2.281594408 -0.512092113
13430 3430.000000 17758100003430000 0.500937936 0.379908408 2.260036316 -0.512315317
13431 3431.000000 17758100003431000 0.500937936 0.382276618 2.242371945 -0.506896348
13432 3432.000000 17758100003432000 0.500937936 0.384298420 2.221667837 -0.527818273
13433 3433.000000 17758100003433000 0.500937936 0.386392440 2.206800694 -0.495121939
13434 3434.000000 17758100003434000 0.500937936 0.388763698 2.182059202 -0.565091247
13435 3435.000000 17758100003435000 0.500937936 0.390893160 2.163908477 -0.548512946
13436 3436.000000 17758100003436000 0.500937936 0.393173805 2.155976906 -0.551265285
13437 3437.000000 17758100003437000 0.500937936 0.395118167 2.119599085 -0.556927940
13438 3438.000000 17758100003438000 0.500937936 0.397248837 2.102646620 -0.550779272
13439 3439.000000 17758100003439000 0.500937936 0.399412302 2.086217925 -0.615027892
13440 3440.000000 17758100003440000 0.500937936 0.401272321 2.060027433 -0.544202961
13441 3441.000000 17758100003441000 0.500937936 0.403096808 2.042783831 -0.624062582
13442 3442.000000 17758100003442000 0.500937936 0.405326883 2.021055225 -0.630950623
13443 3443.000000 17758100003443000 0.500937936 0.407352639 2.001028821 -0.601288430
13444 3444.000000 17758100003444000 0.500937936 0.409535695 1.980717371 -0.615502590
13445 3445.000000 17758100003445000 0.500937936 0.411396609 1.965589551 -0.576546293
13446 3446.000000 17758100003446000 0.500937936 0.413099968 1.938252125 -0.639005067
13447 3447.000000 17758100003447000 0.500937936 0.415158568 1.916155902 -0.600051664
13448 3448.000000 17758100003448000 0.500937936 0.416943049 1.895574197 -0.614151652
13449 3449.000000 17758100003449000 0.500937936 0.418772275 1.869676346 -0.612994665
13450 3450.000000 17758100003450000 0.500937936 0.420880207 1.855481376 -0.653414650
13451 3451.000000 17758100003451000 0.500937936 0.422332655 1.820989889 -0.639865547
13452 3452.000000 17758100003452000 0.500937936 0.424556360 1.801393491 -0.658971689
13453 3453.000000 17758100003453000 0.500937936 0.426054856 1.783217717 -0.664440194
13454 3454.000000 17758100003454000 0.500937936 0.427967496 1.757754587 -0.626691074
13455 3455.000000 17758100003455000 0.500937936 0.429536475 1.732491804 -0.617762480
13456 3456.000000 17758100003456000 0.500937936 0.431197117 1.710761879 -0.639114898
13457 3457.000000 17758100003457000 0.500937936 0.432894480 1.690572139 -0.664520895
13458 3458.000000 17758100003458000 0.500937936 0.434858166 1.662962649 -0.646800916
13459 3459.000000 17758100003459000 0.500937936 0.435996056 1.643025139 -0.610145587
13460 3460.000000 17758100003460000 0.500937936 0.437983408 1.622684316 -0.629295191
13461 3461.000000 17758100003461000 0.500937936 0.439433247 1.598358040 -0.620057121
13462 3462.000000 17758100003462000 0.500937936 0.441040570 1.584171495 -0.632816550
13463 3463.000000 17758100003463000 0.500937936 0.443064583 1.555014644 -0.605370870
13464 3464.000000 17758100003464000 0.500937936 0.444095620 1.539094336 -0.621941697
13465 3465.000000 17758100003465000 0.500937936 0.445602393 1.506287520 -0.638524424
13466 3466.000000 17758100003466000 0.500937936 0.446932607 1.492615733 -0.596810525
13467 3467.000000 17758100003467000 0.500937936 0.448338258 1.478363363 -0.607552558
13468 3468.000000 17758100003468000 0.500937936 0.450112639 1.445383152 -0.594691509
13469 3469.000000 17758100003469000 0.500937936 0.451450866 1.435486750 -0.632643305
13470 3470.000000 17758100003470000 0.500937936 0.453131602 1.414029507 -0.627705872
13471 3471.000000 17758100003471000 0.500937936 0.454418013 1.386055747 -0.612714675
13472 3472.000000 17758100003472000 0.500937936 0.455558208 1.361930919 -0.619328780
13473 3473.000000 17758100003473000 0.500937936 0.457375493 1.345216365 -0.619341735
13474 3474.000000 17758100003474000 0.500937936 0.458622145 1.309788777 -0.592780017
13475 3475.000000 17758100003475000 0.500937936 0.459705547 1.300414575 -0.596109648
13476 3476.000000 17758100003476000 0.500937936 0.461137133 1.283692906 -0.595852264
13477 3477.000000 17758100003477000 0.500937936 0.462580953 1.259783542 -0.608181149
13478 3478.000000 17758100003478000 0.500937936 0.463554492 1.236055382 -0.575221953
13479 3479.000000 17758100003479000 0.500937936 0.464583301 1.218905545 -0.568728396
13480 3480.000000 17758100003480000 0.500937936 0.465912803 1.194541372 -0.608703623
13481 3481.000000 17758100003481000 0.500937936 0.467100611 1.174303256 -0.586973301
13482 3482.000000 17758100003482000 0.500937936 0.468277894 1.158890701 -0.563266703
13483 3483.000000 17758100003483000 0.500937936 0.469588206 1.135908761 -0.546885073
13484 3484.000000 17758100003484000 0.500937936 0.470539537 1.115372737 -0.557294145
13485 3485.000000 17758100003485000 0.500937936 0.471243029 1.089844601 -0.500817708
13486 3486.000000 17758100003486000 0.500937936 0.472491408 1.084502357 -0.582354742
13487 3487.000000 17758100003487000 0.500937936 0.473497082 1.053416840 -0.556390470
13488 3488.000000 17758100003488000 0.500937936 0.474821124 1.035952118 -0.571720573
13489 3489.000000 17758100003489000 0.500937936 0.475717464 1.021803651 -0.553051222
13490 3490.000000 17758100003490000 0.500937936 0.476843976 1.001733445 -0.573880715
13491 3491.000000 17758100003491000 0.500937936 0.477658312 0.976873511 -0.545503345
13492 3492.000000 17758100003492000 0.500937936 0.478576903 0.962717892 -0.543161383
13493 3493.000000 17758100003493000 0.500937936 0.479873274 0.946007647 -0.498410236
13494 3494.000000 17758100003494000 0.500937936 0.480679646 0.935209917 -0.533849362
13495 3495.000000 17758100003495000 0.500937936 0.481462622 0.907453760 -0.497327539
13496 3496.000000 17758100003496000 0.500937936 0.482071709 0.889040737 -0.506278122
13497 3497.000000 17758100003497000 0.500937936 0.483023341 0.877394271 -0.507710252
13498 3498.000000 17758100003498000 0.500937936 0.483902895 0.856405980 -0.532999933
13499 3499.000000 17758100003499000 0.500937936 0.484969597 0.837348450 -0.510701321
13500 3500.000000 17758100003500000 0.500937936 0.485615280 0.827600229 -0.472359416
13501 3501.000000 17758100003501000 0.500937936 0.486829486 0.807680609 -0.444151404
13502 3502.000000 17758100003502000 0.500937936 0.487555959 0.791797990 -0.457005331
13503 3503.000000 17758100003503000 0.500937936 0.488150153 0.781129493 -0.426639939
13504 3504.000000 17758100003504000 0.500937936 0.488772334 0.759813475 -0.435852916
13505 3505.000000 17758100003505000 0.500937936 0.489585788 0.741380271 -0.466432031
13506 3506.000000 17758100003506000 0.500937936 0.490472417 0.720087737 -0.425114462
13507 3507.000000 17758100003507000 0.500937936 0.491130745 0.706129480 -0.406098644
13508 3508.000000 17758100003508000 0.500937936 0.491781060 0.694630572 -0.426242360
13509 3509.000000 17758100003509000 0.500937936 0.492739926 0.679364533 -0.452212108
13510 3510.000000 17758100003510000 0.500937936 0.493102278 0.660331231 -0.419808614
13511 3511.000000 17758100003511000 0.500937936 0.493796664 0.650005678 -0.391213633
13512 3512.000000 17758100003512000 0.500937936 0.494572567 0.635683600 -0.427742199
13513 3513.000000 17758100003513000 0.500937936 0.495139039 0.614877374 -0.400165366
13514 3514.000000 17758100003514000 0.500937936 0.495909968 0.605784911 -0.385508756
13515 3515.000000 17758100003515000 0.500937936 0.496190252 0.587048675 -0.383403377
13516 3516.000000 17758100003516000 0.500937936 0.496714063 0.572888521 -0.392683229
13517 3517.000000 17758100003517000 0.500937936 0.497568841 0.572846646 -0.383975545
13518 3518.000000 17758100003518000 0.500937936 0.498016819 0.556878364 -0.368821227
13519 3519.000000 17758100003519000 0.500937936 0.498690500 0.530376373 -0.373446796
13520 3520.000000 17758100003520000 0.500937936 0.499204239 0.521872987 -0.391516942
13521 3521.000000 17758100003521000 0.500937936 0.499716183 0.514209354 -0.350693533
13522 3522.000000 17758100003522000 0.500937936 0.499881993 0.499704293 -0.408731715
13523 3523.000000 17758100003523000 0.500937936 0.500547366 0.489478088 -0.374622379
13524 3524.000000 17758100003524000 0.500937936 0.500936244 0.477171115 -0.319744659
13525 3525.000000 17758100003525000 0.500937936 0.501416094 0.467218998 -0.367710301
13526 3526.000000 17758100003526000 0.500937936 0.501987568 0.445420148 -0.361251991
13527 3527.000000 17758100003527000 0.500937936 0.502707751 0.441155518 -0.342241132
13528 3528.000000 17758100003528000 0.500937936 0.503252378 0.431546009 -0.338381643
13529 3529.000000 17758100003529000 0.500937936 0.503088829 0.412143042 -0.293904127
13530 3530.000000 17758100003530000 0.500937936 0.503652764 0.408408429 -0.331684729
13531 3531.000000 17758100003531000 0.500937936 0.503896421 0.402273750 -0.320172215
13532 3532.000000 17758100003532000 0.500937936 0.504287149 0.382941427 -0.305328123
13533 3533.000000 17758100003533000 0.500937936 0.504764078 0.376409223 -0.269263389
13534 3534.000000 17758100003534000 0.500937936 0.504858335 0.364144812 -0.277940516
13535 3535.000000 17758100003535000 0.500937936 0.505608820 0.367778423 -0.276729243
13536 3536.000000 17758100003536000 0.500937936 0.505655496 0.349014072 -0.304293203
13537 3537.000000 17758100003537000 0.500937936 0.506180176 0.332660765 -0.301599697
13538 3538.000000 17758100003538000 0.500937936 0.506379831 0.315047405 -0.305061451
13539 3539.000000 17758100003539000 0.500937936 0.506990131 0.317099562 -0.262521096
13540 3540.000000 17758100003540000 0.500937936 0.507319584 0.303901280 -0.285139947
13541 3541.000000 17758100003541000 0.500937936 0.507576436 0.304813756 -0.271669088
13542 3542.000000 17758100003542000 0.500937936 0.507730363 0.295863359 -0.256897127
13543 3543.000000 17758100003543000 0.500937936 0.507698435 0.285262540 -0.220070853
13544 3544.000000 17758100003544000 0.500937936 0.508077566 0.271141306 -0.219173272
13545 3545.000000 17758100003545000 0.500937936 0.508638505 0.254259532 -0.244710393
13546 3546.000000 17758100003546000 0.500937936 0.508680115 0.257322016 -0.223628558
13547 3547.000000 17758100003547000 0.500937936 0.508981672 0.243668103 -0.275386133
13548 3548.000000 17758100003548000 0.500937936 0.509384271 0.242427501 -0.225165401
13549 3549.000000 17758100003549000 0.500937936 0.509931605 0.226076429 -0.250556639
13550 3550.000000 17758100003550000 0.500937936 0.509579699 0.211638956 -0.240437186
13551 3551.000000 17758100003551000 0.500937936 0.510027185 0.203046324 -0.246570459
13552 3552.000000 17758100003552000 0.500937936 0.510031159 0.198954750 -0.203211801
13553 3553.000000 17758100003553000 0.500937936 0.510117239 0.201908145 -0.180919408
13554 3554.000000 17758100003554000 0.500937936 0.510463419 0.182484004 -0.185657210
13555 3555.000000 17758100003555000 0.500937936 0.510664537 0.182605040 -0.231834793
13556 3556.000000 17758100003556000 0.500937936 0.510803768 0.172254898 -0.214345965
13557 3557.000000 17758100003557000 0.500937936 0.511161640 0.175774633 -0.192146870
13558 3558.000000 17758100003558000 0.500937936 0.511164375 0.162622617 -0.190206800
13559 3559.000000 17758100003559000 0.500937936 0.510965646 0.150947181 -0.186764327
13560 3560.000000 17758100003560000 0.500937936 0.511633031 0.150064295 -0.189467838
13561 3561.000000 17758100003561000 0.500937936 0.511766838 0.149525016 -0.198528276
13562 3562.000000 17758100003562000 0.500937936 0.511520673 0.138777793 -0.154116183
13563 3563.000000 17758100003563000 0.500937936 0.511803503 0.132332811 -0.190883642
13564 3564.000000 17758100003564000 0.500937936 0.511967480 0.117419658 -0.146266844
13565 3565.000000 17758100003565000 0.500937936 0.512318919 0.124353685 -0.159087297
13566 3566.000000 17758100003566000 0.500937936 0.512247054 0.114641544 -0.160120081
13567 3567.000000 17758100003567000 0.500937936 0.512595699 0.113122222 -0.138530814
13568 3568.000000 17758100003568000 0.500937936 0.512357039 0.101599679 -0.123478648
13569 3569.000000 17758100003569000 0.500937936 0.512776751 0.094864429 -0.136484406
13570 3570.000000 17758100003570000 0.500937936 0.512699278 0.099686213 -0.162703671
13571 3571.000000 17758100003571000 0.500937936 0.512712333 0.081898009 -0.145256312
13572 3572.000000 17758100003572000 0.500937936 0.513035949 0.078748515 -0.143445299
13573 3573.000000 17758100003573000 0.500937936 0.513106475 0.079011490 -0.149296776
13574 3574.000000 17758100003574000 0.500937936 0.513135644 0.061937289 -0.133628952
13575 3575.000000 17758100003575000 0.500937936 0.513063691 0.068281558 -0.135317347
13576 3576.000000 17758100003576000 0.500937936 0.513363052 0.071029510 -0.110814902
13577 3577.000000 17758100003577000 0.500937936 0.513452560 0.054392458 -0.144668558
13578 3578.000000 17758100003578000 0.500937936 0.513207441 0.048109840 -0.149297087
13579 3579.000000 17758100003579000 0.500937936 0.513342902 0.049624409 -0.113990381
13580 3580.000000 17758100003580000 0.500937936 0.513065888 0.053884932 -0.108274684
13581 3581.000000 17758100003581000 0.500937936 0.513276657 0.041095076 -0.088600193
13582 3582.000000 17758100003582000 0.500937936 0.513647783 0.031697661 -0.118845610
13583 3583.000000 17758100003583000 0.500937936 0.513298337 0.040969245 -0.082335799
13584 3584.000000 17758100003584000 0.500937936 0.513589006 0.031886985 -0.095597494
13585 3585.000000 17758100003585000 0.500937936 0.513543848 0.030184721 -0.094148321
13586 3586.000000 17758100003586000 0.500937936 0.513906057 0.039556820 -0.109597737
13587 3587.000000 17758100003587000 0.500937936 0.513627754 0.021167968 -0.114547346
13588 3588.000000 17758100003588000 0.500937936 0.513243760 0.010415659 -0.082073252
13589 3589.000000 17758100003589000 0.500937936 0.513550864 0.020582975 -0.109099380
13590 3590.000000 17758100003590000 0.500937936 0.513733038 0.019990313 -0.060339854
13591 3591.000000 17758100003591000 0.500937936 0.513780252 0.010785945 -0.111173662
13592 3592.000000 17758100003592000 0.500937936 0.513758965 0.010332038 -0.102993753
13593 3593.000000 17758100003593000 0.500937936 0.513924704 0.006598692 -0.078943269
13594 3594.000000 17758100003594000 0.500937936 0.513723005 0.004853906 -0.080070731
13595 3595.000000 17758100003595000 0.500937936 0.513292950 0.008393769 -0.065326294
13596 3596.000000 17758100003596000 0.500937936 0.513540444 -0.011550657 -0.053793438
13597 3597.000000 17758100003597000 0.500937936 0.513704850 -0.006735024 -0.028663052
13598 3598.000000 17758100003598000 0.500937936 0.513517569 -0.005733737 -0.036862027
13599 3599.000000 17758100003599000 0.500937936 0.513713516 -0.004780039 -0.081647416
13600 3600.000000 17758100003600000 0.500937936 0.513687966 -0.020857309 -0.071441217
13601 3601.000000 17758100003601000 0.500937936 0.513938857 -0.014347537 -0.073906007
13602 3602.000000 17758100003602000 0.500937936 0.513458221 -0.018436333 -0.057555997
13603 3603.000000 17758100003603000 0.500937936 0.513339918 -0.023857820 -0.082374195
13604 3604.000000 17758100003604000 0.500937936 0.513308460 -0.014001874 -0.080186218
13605 3605.000000 17758100003605000 0.500937936 0.513441414 -0.019187537 -0.054061471
13606 3606.000000 17758100003606000 0.500937936 0.513612028 -0.018400993 -0.056814984
13607 3607.000000 17758100003607000 0.500937936 0.513454250 -0.021035381 -0.044043839
13608 3608.000000 17758100003608000 0.500937936 0.513319621 -0.026576419 -0.038316743
13609 3609.000000 17758100003609000 0.500937936 0.513206042 -0.034935557 -0.083097965
13610 3610.000000 17758100003610000 0.500937936 0.513349390 -0.039186091 -0.043614459
13611 3611.000000 17758100003611000 0.500937936 0.513487662 -0.031764201 -0.045560456
13612 3612.000000 17758100003612000 0.500937936 0.513552510 -0.034227130 -0.026306336
13613 3613.000000 17758100003613000 0.500937936 0.513543510 -0.040547939 -0.038844404
13614 3614.000000 17758100003614000 0.500937936 0.513398909 -0.036832547 -0.053463179
13615 3615.000000 17758100003615000 0.500937936 0.513279389 -0.040866091 -0.048971284
13616 3616.000000 17758100003616000 0.500937936 0.513054382 -0.037575458 -0.040151351
13617 3617.000000 17758100003617000 0.500937936 0.513200701 -0.029296025 -0.035256422
13618 3618.000000 17758100003618000 0.500937936 0.513393444 -0.041047581 -0.039561696
13619 3619.000000 17758100003619000 0.500937936 0.513075439 -0.039876359 -0.038238063
13620 3620.000000 17758100003620000 0.500937936 0.513159034 -0.040992457 -0.029164221
13621 3621.000000 17758100003621000 0.500937936 0.512965633 -0.035933287 -0.032141796
13622 3622.000000 17758100003622000 0.500937936 0.513014091 -0.047567421 -0.034674134
13623 3623.000000 17758100003623000 0.500937936 0.512687499 -0.051857201 0.018734577
13624 3624.000000 17758100003624000 0.500937936 0.512569035 -0.049526227 -0.006584828
13625 3625.000000 17758100003625000 0.500937936 0.512580232 -0.053502997 -0.024801345
13626 3626.000000 17758100003626000 0.500937936 0.512338310 -0.044841280 -0.020075079
13627 3627.000000 17758100003627000 0.500937936 0.512850052 -0.049285296 -0.016453452
13628 3628.000000 17758100003628000 0.500937936 0.513104388 -0.057893576 -0.036591745
13629 3629.000000 17758100003629000 0.500937936 0.512534900 -0.048242523 -0.029960594
13630 3630.000000 17758100003630000 0.500937936 0.512366233 -0.059602825 -0.047628568
13631 3631.000000 17758100003631000 0.500937936 0.512543955 -0.056458672 -0.034611786
13632 3632.000000 17758100003632000 0.500937936 0.512739032 -0.050012152 -0.006573609
13633 3633.000000 17758100003633000 0.500937936 0.512385048 -0.061381078 -0.049662035
13634 3634.000000 17758100003634000 0.500937936 0.512570143 -0.049765577 -0.010521725
13635 3635.000000 17758100003635000 0.500937936 0.512257340 -0.059321409 -0.016182162
13636 3636.000000 17758100003636000 0.500937936 0.512251378 -0.064962486 -0.029742608
13637 3637.000000 17758100003637000 0.500937936 0.511846778 -0.052126695 0.009563570
13638 3638.000000 17758100003638000 0.500937936 0.512164910 -0.051551287 -0.005589938
13639 3639.000000 17758100003639000 0.500937936 0.511853586 -0.057313722 -0.016484993
13640 3640.000000 17758100003640000 0.500937936 0.511774566 -0.053964298 0.012069516
13641 3641.000000 17758100003641000 0.500937936 0.511614931 -0.061819418 0.005357804
13642 3642.000000 17758100003642000 0.500937936 0.511992378 -0.052656039 -0.014905080
13643 3643.000000 17758100003643000 0.500937936 0.512273151 -0.046524698 -0.038761461
13644 3644.000000 17758100003644000 0.500937936 0.511615593 -0.061794701 -0.010467857
13645 3645.000000 17758100003645000 0.500937936 0.511649392 -0.061737087 -0.027083714
13646 3646.000000 17758100003646000 0.500937936 0.511574687 -0.059162113 0.005086873
13647 3647.000000 17758100003647000 0.500937936 0.511678468 -0.049654650 0.020332125
13648 3648.000000 17758100003648000 0.500937936 0.511730312 -0.060852883 0.030213189
13649 3649.000000 17758100003649000 0.500937936 0.511469652 -0.056986291 -0.009210458
13650 3650.000000 17758100003650000 0.500937936 0.511340334 -0.059280490 0.017188604
13651 3651.000000 17758100003651000 0.500937936 0.511004331 -0.060084918 -0.009888919
13652 3652.000000 17758100003652000 0.500937936 0.511433786 -0.060011785 0.001880023
13653 3653.000000 17758100003653000 0.500937936 0.511266644 -0.053322170 0.023884222
13654 3654.000000 17758100003654000 0.500937936 0.510832858 -0.058580494 0.004361459
13655 3655.000000 17758100003655000 0.500937936 0.510903330 -0.046347204 0.013765375
13656 3656.000000 17758100003656000 0.500937936 0.510884757 -0.059145783 0.025680198
13657 3657.000000 17758100003657000 0.500937936 0.510936776 -0.048041869 -0.001966810
13658 3658.000000 17758100003658000 0.500937936 0.510790602 -0.050962873 0.018757244
13659 3659.000000 17758100003659000 0.500937936 0.511069973 -0.060437055 0.055412940
13660 3660.000000 17758100003660000 0.500937936 0.510668701 -0.050029047 0.008383691
13661 3661.000000 17758100003661000 0.500937936 0.510702671 -0.051284561 0.004543184
13662 3662.000000 17758100003662000 0.500937936 0.510539376 -0.056468775 0.022421170
13663 3663.000000 17758100003663000 0.500937936 0.510832077 -0.055947502 0.002152717
13664 3664.000000 17758100003664000 0.500937936 0.510553159 -0.050335082 0.022378570
13665 3665.000000 17758100003665000 0.500937936 0.510586193 -0.053951144 0.019607697
13666 3666.000000 17758100003666000 0.500937936 0.510641658 -0.050650561 0.000101819
13667 3667.000000 17758100003667000 0.500937936 0.510475369 -0.050790772 0.006632780
13668 3668.000000 17758100003668000 0.500937936 0.510395644 -0.046767732 0.027067401
13669 3669.000000 17758100003669000 0.500937936 0.510521386 -0.055243613 -0.001854282
13670 3670.000000 17758100003670000 0.500937936 0.510393151 -0.057258471 -0.024697833
13671 3671.000000 17758100003671000 0.500937936 0.510289001 -0.045633888 -0.028870344
13672 3672.000000 17758100003672000 0.500937936 0.510136828 -0.055388943 0.014961626
13673 3673.000000 17758100003673000 0.500937936 0.510194733 -0.044951746 -0.006934751
13674 3674.000000 17758100003674000 0.500937936 0.509966964 -0.051924192 -0.016157462
13675 3675.000000 17758100003675000 0.500937936 0.510358961 -0.054441607 -0.020457680
13676 3676.000000 17758100003676000 0.500937936 0.510065982 -0.046868290 0.006713805
13677 3677.000000 17758100003677000 0.500937936 0.510049107 -0.046809505 0.009203459
13678 3678.000000 17758100003678000 0.500937936 0.509781009 -0.042375133 0.021779119
13679 3679.000000 17758100003679000 0.500937936 0.509815283 -0.054458466 0.016411365
13680 3680.000000 17758100003680000 0.500937936 0.509948977 -0.038249739 0.047876912
13681 3681.000000 17758100003681000 0.500937936 0.509372511 -0.049676634 0.032121361
13682 3682.000000 17758100003682000 0.500937936 0.509660134 -0.049158789 0.012044157
13683 3683.000000 17758100003683000 0.500937936 0.509538205 -0.047476516 0.034094963
13684 3684.000000 17758100003684000 0.500937936 0.509392498 -0.044903278 0.019901806
13685 3685.000000 17758100003685000 0.500937936 0.509708528 -0.048849319 -0.013447148
13686 3686.000000 17758100003686000 0.500937936 0.509372486 -0.047756652 0.025297141
13687 3687.000000 17758100003687000 0.500937936 0.509272236 -0.047873064 0.037174243
13688 3688.000000 17758100003688000 0.500937936 0.509634869 -0.038257545 0.004901007
13689 3689.000000 17758100003689000 0.500937936 0.509013858 -0.052428587 0.020672061
13690 3690.000000 17758100003690000 0.500937936 0.509551763 -0.049524820 0.011356359
13691 3691.000000 17758100003691000 0.500937936 0.509514175 -0.045308088 0.029500659
13692 3692.000000 17758100003692000 0.500937936 0.508848423 -0.044403908 0.021288670
13693 3693.000000 17758100003693000 0.500937936 0.509168568 -0.049525721 0.044715178
13694 3694.000000 17758100003694000 0.500937936 0.509228850 -0.046539806 -0.013165313
13695 3695.000000 17758100003695000 0.500937936 0.509332845 -0.044901963 0.051988244
13696 3696.000000 17758100003696000 0.500937936 0.508981451 -0.038075332 0.015069146
13697 3697.000000 17758100003697000 0.500937936 0.509013155 -0.039148978 0.009925192
13698 3698.000000 17758100003698000 0.500937936 0.509154467 -0.035872904 0.000229085
13699 3699.000000 17758100003699000 0.500937936 0.508784905 -0.043280261 0.021334614
13700 3700.000000 17758100003700000 0.500937936 0.509041862 -0.045647039 0.029986711
13701 3701.000000 17758100003701000 0.500937936 0.509107118 -0.035570962 0.026015212
13702 3702.000000 17758100003702000 0.500937936 0.508637493 -0.041859536 0.011429044
13703 3703.000000 17758100003703000 0.500937936 0.508868728 -0.044713641 -0.021669291
13704 3704.000000 17758100003704000 0.500937936 0.508786546 -0.041353791 0.012081210
13705 3705.000000 17758100003705000 0.500937936 0.508523424 -0.037333435 0.004106114
13706 3706.000000 17758100003706000 0.500937936 0.508726906 -0.046739133 0.012814127
13707 3707.000000 17758100003707000 0.500937936 0.508608543 -0.038606653 -0.008376496
13708 3708.000000 17758100003708000 0.500937936 0.508465382 -0.030514621 0.014057805
13709 3709.000000 17758100003709000 0.500937936 0.508516433 -0.038055558 -0.010285279
13710 3710.000000 17758100003710000 0.500937936 0.508358287 -0.031515095 0.008501296
13711 3711.000000 17758100003711000 0.500937936 0.508598806 -0.027532910 0.014637602
13712 3712.000000 17758100003712000 0.500937936 0.508567049 -0.032432053 0.020958573
13713 3713.000000 17758100003713000 0.500937936 0.508602891 -0.033451496 0.027099241
13714 3714.000000 17758100003714000 0.500937936 0.508438518 -0.033151643 0.009808848
13715 3715.000000 17758100003715000 0.500937936 0.508427974 -0.021619081 -0.045738937
13716 3716.000000 17758100003716000 0.500937936 0.508241778 -0.030637775 0.008099862
13717 3717.000000 17758100003717000 0.500937936 0.508452193 -0.028693138 -0.003046078
13718 3718.000000 17758100003718000 0.500937936 0.508165657 -0.026426228 0.001236556
13719 3719.000000 17758100003719000 0.500937936 0.508372820 -0.032761075 0.022566143
13720 3720.000000 17758100003720000 0.500937936 0.508138002 -0.025885509 0.035524744
13721 3721.000000 17758100003721000 0.500937936 0.508044828 -0.039730489 0.047855594
13722 3722.000000 17758100003722000 0.500937936 0.508248243 -0.027232207 0.018473891
13723 3723.000000 17758100003723000 0.500937936 0.508468249 -0.025895235 0.017699622
13724 3724.000000 17758100003724000 0.500937936 0.508284058 -0.027701959 0.054867988
13725 3725.000000 17758100003725000 0.500937936 0.507994901 -0.031318023 -0.000553538
13726 3726.000000 17758100003726000 0.500937936 0.507779272 -0.028491647 0.020985256
13727 3727.000000 17758100003727000 0.500937936 0.507729427 -0.020305069 0.042493903
13728 3728.000000 17758100003728000 0.500937936 0.508059293 -0.023705647 0.005332958
13729 3729.000000 17758100003729000 0.500937936 0.508009706 -0.024056436 0.010485118
13730 3730.000000 17758100003730000 0.500937936 0.507565078 -0.026502195 -0.005154561
13731 3731.000000 17758100003731000 0.500937936 0.507893847 -0.031192269 -0.001390665
13732 3732.000000 17758100003732000 0.500937936 0.508115994 -0.028867415 0.039092799
13733 3733.000000 17758100003733000 0.500937936 0.507870861 -0.026239411 0.038906428
13734 3734.000000 17758100003734000 0.500937936 0.507845307 -0.022097470 -0.007726501
13735 3735.000000 17758100003735000 0.500937936 0.507595959 -0.017893887 0.017009691
13736 3736.000000 17758100003736000 0.500937936 0.507942557 -0.034699804 -0.001056581
13737 3737.000000 17758100003737000 0.500937936 0.507640343 -0.027595593 -0.020473498
13738 3738.000000 17758100003738000 0.500937936 0.507645091 -0.021810004 0.015511719
13739 3739.000000 17758100003739000 0.500937936 0.507966214 -0.012828079 -0.004127127
13740 3740.000000 17758100003740000 0.500937936 0.507512580 -0.028717082 0.038849944
13741 3741.000000 17758100003741000 0.500937936 0.507653382 -0.023572569 0.018827231
13742 3742.000000 17758100003742000 0.500937936 0.507670885 -0.014517197 0.021526591
13743 3743.000000 17758100003743000 0.500937936 0.507729380 -0.017593791 0.039952316
13744 3744.000000 17758100003744000 0.500937936 0.507939705 -0.030623746 -0.000416306
13745 3745.000000 17758100003745000 0.500937936 0.507608620 -0.029982892 0.036612175
13746 3746.000000 17758100003746000 0.500937936 0.507697282 -0.023151758 -0.048326913
13747 3747.000000 17758100003747000 0.500937936 0.507555322 -0.027088037 0.014738933
13748 3748.000000 17758100003748000 0.500937936 0.507220254 -0.019262439 0.032687600
13749 3749.000000 17758100003749000 0.500937936 0.507759177 -0.012792444 0.025710691
13750 3750.000000 17758100003750000 0.500937936 0.507665194 -0.018456267 0.045470804
13751 3751.000000 17758100003751000 0.500937936 0.507741336 -0.016622647 -0.015063730
13752 3752.000000 17758100003752000 0.500937936 0.507273308 -0.023723599 -0.005820899
13753 3753.000000 17758100003753000 0.500937936 0.507495118 -0.021071916 0.025741372
13754 3754.000000 17758100003754000 0.500937936 0.507830359 -0.013421897 0.009716927
13755 3755.000000 17758100003755000 0.500937936 0.507874772 -0.013684984 -0.053728626
13756 3756.000000 17758100003756000 0.500937936 0.507432932 -0.010982653 -0.006924455
13757 3757.000000 17758100003757000 0.500937936 0.507461459 -0.012999366 0.027659511
13758 3758.000000 17758100003758000 0.500937936 0.507194926 -0.008904342 -0.023337723
13759 3759.000000 17758100003759000 0.500937936 0.507330724 -0.022989653 0.059701047
13760 3760.000000 17758100003760000 0.500937936 0.507204148 -0.008708856 -0.011480869
13761 3761.000000 17758100003761000 0.500937936 0.507552028 -0.027015766 0.018818248
13762 3762.000000 17758100003762000 0.500937936 0.507248145 -0.011168611 0.016978888
13763 3763.000000 17758100003763000 0.500937936 0.507296768 -0.002933474 0.002184721
13764 3764.000000 17758100003764000 0.500937936 0.507460456 -0.015450321 -0.003992174
13765 3765.000000 17758100003765000 0.500937936 0.507261996 -0.010957790 0.008634733
13766 3766.000000 17758100003766000 0.500937936 0.507483457 -0.013651268 -0.025262585
13767 3767.000000 17758100003767000 0.500937936 0.507229211 -0.018064814 0.016082356
13768 3768.000000 17758100003768000 0.500937936 0.507400304 -0.013095590 -0.000838155
13769 3769.000000 17758100003769000 0.500937936 0.507036202 -0.010076482 -0.023757877
13770 3770.000000 17758100003770000 0.500937936 0.507223278 -0.011118381 0.031888420
13771 3771.000000 17758100003771000 0.500937936 0.506920096 -0.008730638 0.011724440
13772 3772.000000 17758100003772000 0.500937936 0.507031363 -0.012292542 0.028839348
13773 3773.000000 17758100003773000 0.500937936 0.507045356 -0.019187635 -0.001584672
13774 3774.000000 17758100003774000 0.500937936 0.507568821 -0.003677310 -0.031750180
13775 3775.000000 17758100003775000 0.500937936 0.506960012 -0.010822550 0.029087456
13776 3776.000000 17758100003776000 0.500937936 0.507549147 -0.016490858 -0.001584001
13777 3777.000000 17758100003777000 0.500937936 0.507283547 -0.014258559 -0.000695807
13778 3778.000000 17758100003778000 0.500937936 0.507234086 -0.013832144 -0.008866878
13779 3779.000000 17758100003779000 0.500937936 0.506986335 -0.011153966 0.043093279
13780 3780.000000 17758100003780000 0.500937936 0.507285686 -0.008964641 0.003899245
13781 3781.000000 17758100003781000 0.500937936 0.507491246 -0.012639959 0.007754586
13782 3782.000000 17758100003782000 0.500937936 0.507300775 -0.018375862 0.062471714
13783 3783.000000 17758100003783000 0.500937936 0.507175963 -0.011708840 0.007050834
13784 3784.000000 17758100003784000 0.500937936 0.507103253 -0.000234165 0.005820941
13785 3785.000000 17758100003785000 0.500937936 0.507217997 -0.007553537 -0.005581348
13786 3786.000000 17758100003786000 0.500937936 0.507103686 -0.002206132 -0.036748013
13787 3787.000000 17758100003787000 0.500937936 0.507022654 -0.013553617 0.004955119
13788 3788.000000 17758100003788000 0.500937936 0.507230597 -0.007093078 0.041191288
13789 3789.000000 17758100003789000 0.500937936 0.506982913 -0.008271709 -0.001481680
13790 3790.000000 17758100003790000 0.500937936 0.507219538 0.004554906 0.042470388
13791 3791.000000 17758100003791000 0.500937936 0.507455921 0.001196351 0.003075308
13792 3792.000000 17758100003792000 0.500937936 0.507220321 -0.015302023 0.007297616
13793 3793.000000 17758100003793000 0.500937936 0.506925198 -0.008984966 -0.008831839
13794 3794.000000 17758100003794000 0.500937936 0.506977825 -0.000403219 0.019702228
13795 3795.000000 17758100003795000 0.500937936 0.507221090 -0.011837123 0.031806359
13796 3796.000000 17758100003796000 0.500937936 0.506838156 -0.017581461 0.016241933
13797 3797.000000 17758100003797000 0.500937936 0.507370657 -0.006666197 0.015841736
13798 3798.000000 17758100003798000 0.500937936 0.506952251 -0.002297004 0.005366699
13799 3799.000000 17758100003799000 0.500937936 0.507013440 -0.005316414 0.013660024
13800 3800.000000 17758100003800000 0.500937936 0.507064764 -0.006820427 -0.013396797
13801 3801.000000 17758100003801000 0.500937936 0.507626554 0.001227789 0.020253226
13802 3802.000000 17758100003802000 0.500937936 0.506952555 -0.003662287 0.006674806
13803 3803.000000 17758100003803000 0.500937936 0.506850635 -0.008511247 -0.008110675
13804 3804.000000 17758100003804000 0.500937936 0.506879591 -0.006881051 -0.027609232
13805 3805.000000 17758100003805000 0.500937936 0.507087177 -0.006759787 0.010917262
13806 3806.000000 17758100003806000 0.500937936 0.507290489 -0.000203453 0.015046241
13807 3807.000000 17758100003807000 0.500937936 0.506743413 -0.002584941 0.005491975
13808 3808.000000 17758100003808000 0.500937936 0.506872122 -0.012364829 -0.003921893
13809 3809.000000 17758100003809000 0.500937936 0.506894718 -0.001493344 -0.001670657
13810 3810.000000 17758100003810000 0.500937936 0.506857429 -0.010352609 0.016647774
13811 3811.000000 17758100003811000 0.500937936 0.507231038 -0.005992874 -0.019219968
13812 3812.000000 17758100003812000 0.500937936 0.507104264 0.003279185 -0.016702254
13813 3813.000000 17758100003813000 0.500937936 0.507206842 -0.011932733 0.019462196
13814 3814.000000 17758100003814000 0.500937936 0.506824151 -0.007136379 -0.001868688
13815 3815.000000 17758100003815000 0.500937936 0.506697403 -0.005645007 0.002263910
13816 3816.000000 17758100003816000 0.500937936 0.506903320 -0.009339737 0.032190153
13817 3817.000000 17758100003817000 0.500937936 0.506760929 0.002786100 0.024011444
13818 3818.000000 17758100003818000 0.500937936 0.506950472 -0.005804716 -0.007939821
13819 3819.000000 17758100003819000 0.500937936 0.507116542 -0.002799461 -0.003411860
13820 3820.000000 17758100003820000 0.500937936 0.506464484 -0.003728638 0.022421228
13821 3821.000000 17758100003821000 0.500937936 0.507046810 0.001623511 -0.001554685
13822 3822.000000 17758100003822000 0.500937936 0.507324921 -0.000556597 -0.008020503
13823 3823.000000 17758100003823000 0.500937936 0.506648852 0.003163993 0.028890452
13824 3824.000000 17758100003824000 0.500937936 0.506955967 -0.007726105 -0.015482378
13825 3825.000000 17758100003825000 0.500937936 0.506653773 -0.003961963 0.020631944
13826 3826.000000 17758100003826000 0.500937936 0.506712555 0.002291855 -0.040475191
13827 3827.000000 17758100003827000 0.500937936 0.506907828 0.000727133 -0.005218902
13828 3828.000000 17758100003828000 0.500937936 0.507247881 0.001189271 0.004596995
13829 3829.000000 17758100003829000 0.500937936 0.507202797 -0.001045463 0.012406830
13830 3830.000000 17758100003830000 0.500937936 0.506901915 -0.005734878 -0.033812573
13831 3831.000000 17758100003831000 0.500937936 0.507082724 -0.000674842 -0.018850304
13832 3832.000000 17758100003832000 0.500937936 0.506322519 -0.002743999 0.015096268
13833 3833.000000 17758100003833000 0.500937936 0.506803524 0.000405004 -0.000065267
13834 3834.000000 17758100003834000 0.500937936 0.506822234 -0.005203633 -0.020880228
13835 3835.000000 17758100003835000 0.500937936 0.506985648 -0.006184384 0.000531287
13836 3836.000000 17758100003836000 0.500937936 0.506712750 -0.002761963 0.028365923
13837 3837.000000 17758100003837000 0.500937936 0.506691100 0.003435051 0.009383881
13838 3838.000000 17758100003838000 0.500937936 0.506682225 0.004948639 -0.023970302
13839 3839.000000 17758100003839000 0.500937936 0.506979462 -0.005289224 0.029945603
13840 3840.000000 17758100003840000 0.500937936 0.506939322 0.001620279 0.013615714
13841 3841.000000 17758100003841000 0.500937936 0.506789949 0.000827703 0.012136264
13842 3842.000000 17758100003842000 0.500937936 0.507049512 -0.010281555 0.008977012
13843 3843.000000 17758100003843000 0.500937936 0.506832956 -0.003916573 0.003341911
13844 3844.000000 17758100003844000 0.500937936 0.506734708 0.003257038 0.006358748
13845 3845.000000 17758100003845000 0.500937936 0.506720464 0.003637798 0.001799074
13846 3846.000000 17758100003846000 0.500937936 0.506439652 -0.005768407 -0.018039761
13847 3847.000000 17758100003847000 0.500937936 0.506890543 -0.001473276 0.004486562
13848 3848.000000 17758100003848000 0.500937936 0.506995882 -0.005803140 -0.028947130
13849 3849.000000 17758100003849000 0.500937936 0.506955894 -0.007364867 0.027831914
13850 3850.000000 17758100003850000 0.500937936 0.507387848 -0.003477303 0.042358345
13851 3851.000000 17758100003851000 0.500937936 0.506784648 0.002654104 0.004271171
13852 3852.000000 17758100003852000 0.500937936 0.506596459 -0.005091687 0.021754981
13853 3853.000000 17758100003853000 0.500937936 0.507211419 -0.001772514 -0.011992421
13854 3854.000000 17758100003854000 0.500937936 0.507166591 -0.008381722 0.024913614
13855 3855.000000 17758100003855000 0.500937936 0.506696078 -0.001876310 0.005114468
13856 3856.000000 17758100003856000 0.500937936 0.506840713 -0.011054705 -0.050080708
13857 3857.000000 17758100003857000 0.500937936 0.506754177 -0.000466365 -0.038391177
13858 3858.000000 17758100003858000 0.500937936 0.506960020 0.009897604 -0.006796159
13859 3859.000000 17758100003859000 0.500937936 0.506784120 -0.000736088 -0.019207697
13860 3860.000000 17758100003860000 0.500937936 0.507005207 -0.002876738 0.027570472
13861 3861.000000 17758100003861000 0.500937936 0.507047629 0.005311001 0.003270830
13862 3862.000000 17758100003862000 0.500937936 0.507247325 -0.003804934 0.006827549
13863 3863.000000 17758100003863000 0.500937936 0.506768064 0.006116851 -0.041281839
13864 3864.000000 17758100003864000 0.500937936 0.507005278 0.000160442 0.018464313
13865 3865.000000 17758100003865000 0.500937936 0.507058763 -0.001672167 -0.015255202
13866 3866.000000 17758100003866000 0.500937936 0.506898562 0.006189134 -0.008012292
13867 3867.000000 17758100003867000 0.500937936 0.507174615 -0.004019966 -0.022535206
13868 3868.000000 17758100003868000 0.500937936 0.506938501 0.002047358 -0.003409564
13869 3869.000000 17758100003869000 0.500937936 0.506878566 -0.003482858 0.014506014
13870 3870.000000 17758100003870000 0.500937936 0.507275268 -0.004458707 -0.033003019
13871 3871.000000 17758100003871000 0.500937936 0.506695875 0.007970538 0.010105072
13872 3872.000000 17758100003872000 0.500937936 0.507088776 -0.000744904 -0.007988093
13873 3873.000000 17758100003873000 0.500937936 0.506702937 -0.001756444 0.006849711
13874 3874.000000 17758100003874000 0.500937936 0.506969517 0.010371285 0.000063965
13875 3875.000000 17758100003875000 0.500937936 0.507013298 0.003426427 0.022361788
13876 3876.000000 17758100003876000 0.500937936 0.507041243 0.010291570 0.013173572
13877 3877.000000 17758100003877000 0.500937936 0.507140577 0.006222133 0.002257947
13878 3878.000000 17758100003878000 0.500937936 0.506717101 0.004561500 -0.038759212
13879 3879.000000 17758100003879000 0.500937936 0.506600987 -0.003966481 0.000144222
13880 3880.000000 17758100003880000 0.500937936 0.506892815 0.006785413 -0.008622935
13881 3881.000000 17758100003881000 0.500937936 0.506915555 -0.002977487 0.030593621
13882 3882.000000 17758100003882000 0.500937936 0.506834789 0.004743450 0.043029994
13883 3883.000000 17758100003883000 0.500937936 0.507349662 0.001080511 0.010312580
13884 3884.000000 17758100003884000 0.500937936 0.506876529 0.006611274 -0.015320733
13885 3885.000000 17758100003885000 0.500937936 0.506595348 0.005052158 -0.034107809
13886 3886.000000 17758100003886000 0.500937936 0.506708480 -0.005075643 -0.000571846
13887 3887.000000 17758100003887000 0.500937936 0.506946143 0.004969826 -0.022946046
13888 3888.000000 17758100003888000 0.500937936 0.506833349 -0.001929710 -0.005824948
13889 3889.000000 17758100003889000 0.500937936 0.507089291 0.003340737 0.000057147
13890 3890.000000 17758100003890000 0.500937936 0.507030320 0.001576369 -0.008197402
13891 3891.000000 17758100003891000 0.500937936 0.507036483 -0.000852612 -0.006110655
13892 3892.000000 17758100003892000 0.500937936 0.507024915 -0.000378545 -0.023130494
13893 3893.000000 17758100003893000 0.500937936 0.507016426 0.003121997 0.002532739
13894 3894.000000 17758100003894000 0.500937936 0.506829219 0.004575275 -0.005035382
13895 3895.000000 17758100003895000 0.500937936 0.507165817 0.005420078 0.013701388
13896 3896.000000 17758100003896000 0.500937936 0.507078968 -0.005113410 0.037772400
13897 3897.000000 17758100003897000 0.500937936 0.506713929 0.001186406 -0.016290003
13898 3898.000000 17758100003898000 0.500937936 0.506942896 0.004849823 -0.057175071
13899 3899.000000 17758100003899000 0.500937936 0.507062091 0.013601318 -0.006616450
13900 3900.000000 17758100003900000 0.500937936 0.507143910 -0.001264529 -0.002640697
13901 3901.000000 17758100003901000 0.500937936 0.506949684 -0.000314151 0.014187669
13902 3902.000000 17758100003902000 0.500937936 0.507027253 0.007824587 0.001858645
13903 3903.000000 17758100003903000 0.500937936 0.506464721 -0.002387925 -0.003763374
13904 3904.000000 17758100003904000 0.500937936 0.506804292 -0.001861211 -0.009438414
13905 3905.000000 17758100003905000 0.500937936 0.506856344 0.007905003 0.038570163
13906 3906.000000 17758100003906000 0.500937936 0.506651463 0.004376715 -0.006525788
13907 3907.000000 17758100003907000 0.500937936 0.506854606 0.003900936 0.017475513
13908 3908.000000 17758100003908000 0.500937936 0.506802986 0.000525040 0.030224880
13909 3909.000000 17758100003909000 0.500937936 0.506623256 -0.005581297 -0.006233497
13910 3910.000000 17758100003910000 0.500937936 0.506968302 0.000433854 -0.000578394
13911 3911.000000 17758100003911000 0.500937936 0.506723613 -0.000317317 -0.017569784
13912 3912.000000 17758100003912000 0.500937936 0.506777834 -0.008598936 0.022170135
13913 3913.000000 17758100003913000 0.500937936 0.507049835 -0.000725091 0.017502558
13914 3914.000000 17758100003914000 0.500937936 0.506726880 -0.000551026 0.006681491
13915 3915.000000 17758100003915000 0.500937936 0.507136216 0.002886941 0.003353531
13916 3916.000000 17758100003916000 0.500937936 0.506950488 -0.001265478 0.038531842
13917 3917.000000 17758100003917000 0.500937936 0.506689894 0.003859322 0.027622675
13918 3918.000000 17758100003918000 0.500937936 0.506566055 -0.002110894 -0.022700684
13919 3919.000000 17758100003919000 0.500937936 0.506872827 0.007444684 0.001639704
13920 3920.000000 17758100003920000 0.500937936 0.506710260 0.012039063 0.018810172
13921 3921.000000 17758100003921000 0.500937936 0.506620634 -0.003965004 0.011524929
13922 3922.000000 17758100003922000 0.500937936 0.506602544 0.006232156 0.015847314
13923 3923.000000 17758100003923000 0.500937936 0.506753156 0.004298986 0.010204857
13924 3924.000000 17758100003924000 0.500937936 0.506761760 0.005062902 0.018641364
13925 3925.000000 17758100003925000 0.500937936 0.506889291 -0.000849981 0.021850283
13926 3926.000000 17758100003926000 0.500937936 0.506606839 0.000796972 0.023982942
13927 3927.000000 17758100003927000 0.500937936 0.506751280 0.002074987 -0.007822798
13928 3928.000000 17758100003928000 0.500937936 0.506732545 0.001155865 0.023380672
13929 3929.000000 17758100003929000 0.500937936 0.506706248 0.007511099 -0.007208257
13930 3930.000000 17758100003930000 0.500937936 0.507117479 0.011548652 -0.018289626
13931 3931.000000 17758100003931000 0.500937936 0.506911409 -0.002596585 -0.039885149
13932 3932.000000 17758100003932000 0.500937936 0.507286430 -0.006045146 0.005118906
13933 3933.000000 17758100003933000 0.500937936 0.507015438 -0.004699095 -0.023217517
13934 3934.000000 17758100003934000 0.500937936 0.506931228 0.007365234 -0.009970226
13935 3935.000000 17758100003935000 0.500937936 0.507108162 0.002440596 0.012243669
13936 3936.000000 17758100003936000 0.500937936 0.507091210 0.000558130 0.016072922
13937 3937.000000 17758100003937000 0.500937936 0.506532832 -0.007282803 -0.035736903
13938 3938.000000 17758100003938000 0.500937936 0.506696003 -0.001408396 0.016733654
13939 3939.000000 17758100003939000 0.500937936 0.506811590 -0.001583103 -0.006214941
13940 3940.000000 17758100003940000 0.500937936 0.506913711 0.008531785 0.016260184
13941 3941.000000 17758100003941000 0.500937936 0.506912773 0.000206580 0.023736896
13942 3942.000000 17758100003942000 0.500937936 0.506547703 0.005539307 -0.010953967
13943 3943.000000 17758100003943000 0.500937936 0.506931767 -0.002181385 0.011405014
13944 3944.000000 17758100003944000 0.500937936 0.506945646 0.003752538 -0.004030911
13945 3945.000000 17758100003945000 0.500937936 0.506676174 -0.001107378 -0.021568953
13946 3946.000000 17758100003946000 0.500937936 0.506622172 0.003673263 -0.005598024
13947 3947.000000 17758100003947000 0.500937936 0.506969734 0.004769979 0.018130618
13948 3948.000000 17758100003948000 0.500937936 0.506766947 -0.007127674 0.015695731
13949 3949.000000 17758100003949000 0.500937936 0.507025283 0.006488051 0.015094539
13950 3950.000000 17758100003950000 0.500937936 0.507057637 0.009235288 -0.006204516
13951 3951.000000 17758100003951000 0.500937936 0.506930187 0.008168071 -0.035407820
13952 3952.000000 17758100003952000 0.500937936 0.506567885 0.000814968 0.014875430
13953 3953.000000 17758100003953000 0.500937936 0.506676321 0.004857482 -0.006293462
13954 3954.000000 17758100003954000 0.500937936 0.506488277 0.001335005 0.000298963
13955 3955.000000 17758100003955000 0.500937936 0.506752120 -0.001614224 0.000963715
13956 3956.000000 17758100003956000 0.500937936 0.506675789 -0.004281807 0.005065575
13957 3957.000000 17758100003957000 0.500937936 0.507166228 -0.003508156 -0.001147938
13958 3958.000000 17758100003958000 0.500937936 0.506982210 0.000950979 0.005828197
13959 3959.000000 17758100003959000 0.500937936 0.506803206 -0.000145994 -0.003919237
13960 3960.000000 17758100003960000 0.500937936 0.506608576 0.005252368 -0.020983069
13961 3961.000000 17758100003961000 0.500937936 0.507213459 -0.003302228 -0.009370933
13962 3962.000000 17758100003962000 0.500937936 0.506676651 0.004015869 0.021184460
13963 3963.000000 17758100003963000 0.500937936 0.506448634 -0.008427680 0.040523870
13964 3964.000000 17758100003964000 0.500937936 0.506700945 -0.002276157 0.023164745
13965 3965.000000 17758100003965000 0.500937936 0.506562865 -0.001611205 -0.026751003
13966 3966.000000 17758100003966000 0.500937936 0.507014006 0.003817396 -0.018746556
13967 3967.000000 17758100003967000 0.500937936 0.506644974 0.008523871 -0.012531258
13968 3968.000000 17758100003968000 0.500937936 0.506952405 -0.006139005 -0.006616479
13969 3969.000000 17758100003969000 0.500937936 0.507150680 -0.005066759 -0.022855667
13970 3970.000000 17758100003970000 0.500937936 0.506665179 -0.002319896 0.011622913
13971 3971.000000 17758100003971000 0.500937936 0.506825167 -0.017159128 -0.011211653
13972 3972.000000 17758100003972000 0.500937936 0.507230139 0.004756723 -0.007373031
13973 3973.000000 17758100003973000 0.500937936 0.506794325 -0.000667900 0.018102577
13974 3974.000000 17758100003974000 0.500937936 0.506796180 0.008868003 -0.005390556
13975 3975.000000 17758100003975000 0.500937936 0.506784789 -0.005282240 -0.029975118
13976 3976.000000 17758100003976000 0.500937936 0.506696596 -0.001207008 0.018262646
13977 3977.000000 17758100003977000 0.500937936 0.506687371 -0.008305451 0.009423355
13978 3978.000000 17758100003978000 0.500937936 0.507054762 -0.012345670 -0.013067109
13979 3979.000000 17758100003979000 0.500937936 0.507093204 -0.004131331 -0.012271699
13980 3980.000000 17758100003980000 0.500937936 0.506664355 0.005781581 0.003437598
13981 3981.000000 17758100003981000 0.500937936 0.507245559 -0.006772465 -0.039807902
13982 3982.000000 17758100003982000 0.500937936 0.507173309 0.010815703 0.028167522
13983 3983.000000 17758100003983000 0.500937936 0.506781421 0.003471072 0.037221136
13984 3984.000000 17758100003984000 0.500937936 0.506511659 -0.002521040 -0.016911896
13985 3985.000000 17758100003985000 0.500937936 0.506637771 -0.003095241 -0.035649544
13986 3986.000000 17758100003986000 0.500937936 0.506801061 0.005459527 -0.032768011
13987 3987.000000 17758100003987000 0.500937936 0.506792708 -0.003394953 0.018317450
13988 3988.000000 17758100003988000 0.500937936 0.507184224 -0.001982644 0.014517256
13989 3989.000000 17758100003989000 0.500937936 0.506584381 0.008009439 0.027690229
13990 3990.000000 17758100003990000 0.500937936 0.506816475 0.004634890 -0.008682677
13991 3991.000000 17758100003991000 0.500937936 0.506800225 -0.000034218 0.015514805
13992 3992.000000 17758100003992000 0.500937936 0.507002604 -0.000846674 -0.017156136
13993 3993.000000 17758100003993000 0.500937936 0.506790826 0.007496337 -0.020353736
13994 3994.000000 17758100003994000 0.500937936 0.506780951 0.004412025 -0.021004772
13995 3995.000000 17758100003995000 0.500937936 0.506832633 0.005256811 -0.025640210
13996 3996.000000 17758100003996000 0.500937936 0.506743300 -0.007890517 0.003931217
13997 3997.000000 17758100003997000 0.500937936 0.506945222 0.002723436 0.005598301
13998 3998.000000 17758100003998000 0.500937936 0.506944717 0.004095698 0.032744380
13999 3999.000000 17758100003999000 0.500937936 0.506659746 0.001556746 0.007894822
