# SYNTHETIC PLACEHOLDER — replace with real WMX3 CoreMotion Data Log
# profile=sine_2hz backend=newton frequency=2Hz amplitude=0.3rad dt=0.001s
CYCLE TIME SYSTEM_TIME CMDPOS0 FBKPOS0 FBKVEL0 FBKTRQ0
600000 0.000000 17758100000000000 0.100000001 0.100195825 -0.004570592 0.017885948
600001 1.000000 17758100000001000 0.103769809 0.100022147 -0.016254559 0.025330521
600002 2.000000 17758100000002000 0.107539028 0.099878326 -0.003062335 -0.007874360
600003 3.000000 17758100000003000 0.111307055 0.099856338 -0.002070170 0.024790340
600004 4.000000 17758100000004000 0.115073293 0.099997618 -0.002854152 0.113806582
600005 5.000000 17758100000005000 0.118837155 0.100118800 0.011009177 0.134717676
600006 6.000000 17758100000006000 0.122598045 0.100191048 0.011895047 0.170134758
600007 7.000000 17758100000007000 0.126355365 0.100368840 0.011374908 0.214626774
600008 8.000000 17758100000008000 0.130108520 0.099929493 0.022734896 0.195982650
600009 9.000000 17758100000009000 0.133856922 0.100448495 0.036605355 0.286378063
600010 10.000000 17758100000010000 0.137599975 0.099724499 0.040351576 0.330643948
600011 11.000000 17758100000011000 0.141337082 0.099875158 0.055417337 0.380671036
600012 12.000000 17758100000012000 0.145067677 0.100240017 0.064226089 0.378391936
600013 13.000000 17758100000013000 0.148791149 0.100271398 0.081069892 0.437406324
600014 14.000000 17758100000014000 0.152506918 0.100519353 0.085686719 0.424593866
600015 15.000000 17758100000015000 0.156214401 0.100726411 0.102344048 0.481139265
600016 16.000000 17758100000016000 0.159912989 0.100636066 0.113569926 0.516286529
600017 17.000000 17758100000017000 0.163602129 0.100608363 0.150115023 0.568319085
600018 18.000000 17758100000018000 0.167281225 0.100910951 0.154142450 0.562286862
600019 19.000000 17758100000019000 0.170949697 0.101085954 0.179912309 0.575785365
600020 20.000000 17758100000020000 0.174606964 0.101879202 0.190883178 0.617052132
600021 21.000000 17758100000021000 0.178252459 0.101319832 0.215051494 0.621779312
600022 22.000000 17758100000022000 0.181885585 0.101698303 0.231595655 0.668676017
600023 23.000000 17758100000023000 0.185505778 0.102004404 0.263196898 0.699593617
600024 24.000000 17758100000024000 0.189112470 0.102244486 0.292021741 0.708943281
600025 25.000000 17758100000025000 0.192705095 0.102674844 0.306112242 0.748716859
600026 26.000000 17758100000026000 0.196283087 0.102564201 0.327391525 0.732362901
600027 27.000000 17758100000027000 0.199845865 0.103110737 0.345835880 0.728417514
600028 28.000000 17758100000028000 0.203392878 0.103854819 0.375739462 0.761805903
600029 29.000000 17758100000029000 0.206923559 0.104074423 0.414263117 0.779858440
600030 30.000000 17758100000030000 0.210437372 0.103979055 0.423644604 0.799347982
600031 31.000000 17758100000031000 0.213933736 0.104845000 0.452344970 0.811220263
600032 32.000000 17758100000032000 0.217412099 0.105788503 0.484672868 0.846067997
600033 33.000000 17758100000033000 0.220871925 0.105827338 0.520504703 0.843238338
600034 34.000000 17758100000034000 0.224312678 0.106275801 0.535490922 0.835722285
600035 35.000000 17758100000035000 0.227733791 0.107132430 0.566751995 0.825121047
600036 36.000000 17758100000036000 0.231134728 0.107042201 0.597469391 0.889243281
600037 37.000000 17758100000037000 0.234514967 0.108264219 0.618135675 0.907086377
600038 38.000000 17758100000038000 0.237873957 0.108709028 0.649926781 0.878298099
600039 39.000000 17758100000039000 0.241211176 0.109555810 0.688123531 0.913694144
600040 40.000000 17758100000040000 0.244526103 0.110030055 0.710359538 0.898044064
600041 41.000000 17758100000041000 0.247818202 0.111043377 0.731799056 0.920824827
600042 42.000000 17758100000042000 0.251086950 0.111924501 0.772730953 0.879584059
600043 43.000000 17758100000043000 0.254331857 0.112565755 0.797326468 0.874957710
600044 44.000000 17758100000044000 0.257552385 0.113583436 0.831081975 0.925357934
600045 45.000000 17758100000045000 0.260748029 0.113933312 0.852428058 0.926319885
600046 46.000000 17758100000046000 0.263918310 0.115389140 0.894191467 0.916275473
600047 47.000000 17758100000047000 0.267062694 0.116028939 0.919505499 0.946042690
600048 48.000000 17758100000048000 0.270180672 0.117155957 0.947156625 0.939252664
600049 49.000000 17758100000049000 0.273271799 0.117952981 0.979780743 0.930234567
600050 50.000000 17758100000050000 0.276335567 0.119024216 1.018660081 0.917402232
600051 51.000000 17758100000051000 0.279371500 0.120184537 1.036762189 0.933300823
600052 52.000000 17758100000052000 0.282379091 0.121283958 1.064231524 0.913070593
600053 53.000000 17758100000053000 0.285357893 0.121976753 1.103518588 0.928077051
600054 54.000000 17758100000054000 0.288307399 0.123500550 1.136146743 0.939803036
600055 55.000000 17758100000055000 0.291227192 0.124595616 1.154977466 0.919601514
600056 56.000000 17758100000056000 0.294116795 0.125726302 1.189422143 0.884600992
600057 57.000000 17758100000057000 0.296975732 0.126657049 1.204525526 0.899374450
600058 58.000000 17758100000058000 0.299803555 0.128008048 1.246950918 0.876979742
600059 59.000000 17758100000059000 0.302599847 0.129367617 1.264293528 0.882515957
600060 60.000000 17758100000060000 0.305364132 0.130630317 1.299763593 0.870446035
600061 61.000000 17758100000061000 0.308095992 0.131885014 1.337582039 0.844986939
600062 62.000000 17758100000062000 0.310794979 0.133446857 1.349452564 0.851142031
600063 63.000000 17758100000063000 0.313460708 0.134833017 1.387226981 0.829098960
600064 64.000000 17758100000064000 0.316092700 0.136446327 1.418957446 0.865911898
600065 65.000000 17758100000065000 0.318690598 0.137513849 1.436467518 0.826828798
600066 66.000000 17758100000066000 0.321253926 0.138748798 1.466097811 0.812480813
600067 67.000000 17758100000067000 0.323782355 0.140397259 1.491489278 0.819555914
600068 68.000000 17758100000068000 0.326275408 0.142337738 1.517545007 0.795221636
600069 69.000000 17758100000069000 0.328732759 0.143338689 1.548815699 0.773282336
600070 70.000000 17758100000070000 0.331153959 0.145230453 1.569200920 0.786274480
600071 71.000000 17758100000071000 0.333538681 0.146645112 1.593997292 0.758508267
600072 72.000000 17758100000072000 0.335886538 0.148423736 1.626980336 0.741091638
600073 73.000000 17758100000073000 0.338197112 0.150026571 1.635571588 0.735005951
600074 74.000000 17758100000074000 0.340470105 0.151716523 1.663125644 0.709339331
600075 75.000000 17758100000075000 0.342705101 0.152880894 1.686638370 0.723919392
600076 76.000000 17758100000076000 0.344901770 0.154846992 1.712356396 0.675565060
600077 77.000000 17758100000077000 0.347059786 0.156955030 1.738498715 0.651674116
600078 78.000000 17758100000078000 0.349178761 0.158737283 1.754154926 0.686810680
600079 79.000000 17758100000079000 0.351258427 0.160580219 1.777271617 0.673021928
600080 80.000000 17758100000080000 0.353298366 0.162009620 1.796132351 0.653727389
600081 81.000000 17758100000081000 0.355298340 0.163995341 1.827137102 0.651799847
600082 82.000000 17758100000082000 0.357257992 0.165677773 1.834000064 0.581460452
600083 83.000000 17758100000083000 0.359177023 0.167813792 1.863550040 0.636660922
600084 84.000000 17758100000084000 0.361055136 0.169500646 1.866799708 0.596776960
600085 85.000000 17758100000085000 0.362892002 0.171538484 1.892151347 0.566501572
600086 86.000000 17758100000086000 0.364687353 0.173662350 1.905055381 0.546199350
600087 87.000000 17758100000087000 0.366440922 0.175494045 1.930460282 0.539292540
600088 88.000000 17758100000088000 0.368152440 0.176846038 1.945848425 0.462781866
600089 89.000000 17758100000089000 0.369821578 0.179091805 1.962523870 0.504251434
600090 90.000000 17758100000090000 0.371448129 0.181066466 1.979701018 0.513459871
600091 91.000000 17758100000091000 0.373031795 0.183056586 1.993938820 0.456657179
600092 92.000000 17758100000092000 0.374572366 0.185334157 2.006464725 0.468294927
600093 93.000000 17758100000093000 0.376069546 0.187159041 2.012532024 0.438496155
600094 94.000000 17758100000094000 0.377523154 0.189268954 2.037685693 0.409624017
600095 95.000000 17758100000095000 0.378932953 0.191200757 2.037859750 0.406602236
600096 96.000000 17758100000096000 0.380298674 0.193470539 2.058662886 0.355079300
600097 97.000000 17758100000097000 0.381620169 0.195172415 2.069809006 0.356105175
600098 98.000000 17758100000098000 0.382897168 0.197691976 2.078818083 0.345095211
600099 99.000000 17758100000099000 0.384129494 0.199793339 2.091770643 0.319322348
600100 100.000000 17758100000100000 0.385316968 0.201751471 2.100572096 0.353769177
600101 101.000000 17758100000101000 0.386459351 0.204036379 2.108366409 0.283709759
600102 102.000000 17758100000102000 0.387556523 0.205762168 2.120968539 0.282508549
600103 103.000000 17758100000103000 0.388608307 0.208087119 2.122370354 0.280258237
600104 104.000000 17758100000104000 0.389614493 0.210126516 2.137934605 0.216132419
600105 105.000000 17758100000105000 0.390574962 0.212042421 2.130880513 0.207689762
600106 106.000000 17758100000106000 0.391489506 0.214391396 2.144567505 0.188220863
600107 107.000000 17758100000107000 0.392358065 0.216527192 2.147668677 0.181482491
600108 108.000000 17758100000108000 0.393180430 0.218642215 2.148908664 0.205295360
600109 109.000000 17758100000109000 0.393956512 0.221014531 2.160181864 0.133533983
600110 110.000000 17758100000110000 0.394686162 0.223197792 2.158188910 0.092408923
600111 111.000000 17758100000111000 0.395369291 0.225319516 2.174055910 0.102030375
600112 112.000000 17758100000112000 0.396005780 0.226957712 2.166340619 0.110771496
600113 113.000000 17758100000113000 0.396595538 0.229616812 2.164591051 0.055225515
600114 114.000000 17758100000114000 0.397138417 0.231753687 2.169877225 0.055663928
600115 115.000000 17758100000115000 0.397634417 0.233985160 2.166151074 0.042656700
600116 116.000000 17758100000116000 0.398083389 0.235811632 2.170027233 0.011842094
600117 117.000000 17758100000117000 0.398485303 0.238067480 2.156694242 0.014572720
600118 118.000000 17758100000118000 0.398840070 0.240865674 2.160121410 -0.009256834
600119 119.000000 17758100000119000 0.399147660 0.242556557 2.160175481 -0.067024964
600120 120.000000 17758100000120000 0.399408013 0.244571721 2.151675367 -0.037878073
600121 121.000000 17758100000121000 0.399621099 0.246740426 2.156496682 -0.076304105
600122 122.000000 17758100000122000 0.399786830 0.248915290 2.152064503 -0.075105125
600123 123.000000 17758100000123000 0.399905264 0.251130314 2.149203122 -0.127643269
600124 124.000000 17758100000124000 0.399976313 0.253713244 2.138430578 -0.146862197
600125 125.000000 17758100000125000 0.400000006 0.255578862 2.147233377 -0.160657962
600126 126.000000 17758100000126000 0.399976313 0.257694607 2.127412901 -0.161247999
600127 127.000000 17758100000127000 0.399905264 0.259616848 2.118040574 -0.163360137
600128 128.000000 17758100000128000 0.399786830 0.261898988 2.111105130 -0.190469589
600129 129.000000 17758100000129000 0.399621099 0.263902238 2.109311458 -0.250521303
600130 130.000000 17758100000130000 0.399408013 0.265912625 2.092933241 -0.269418719
600131 131.000000 17758100000131000 0.399147660 0.268413043 2.091343954 -0.255065524
600132 132.000000 17758100000132000 0.398840070 0.270149266 2.078742987 -0.301809105
600133 133.000000 17758100000133000 0.398485303 0.272239522 2.068425931 -0.334831734
600134 134.000000 17758100000134000 0.398083389 0.274508738 2.056357661 -0.332909166
600135 135.000000 17758100000135000 0.397634417 0.276353180 2.041965242 -0.322662726
600136 136.000000 17758100000136000 0.397138417 0.278320903 2.022554657 -0.346780687
600137 137.000000 17758100000137000 0.396595538 0.280391340 2.014135903 -0.387474485
600138 138.000000 17758100000138000 0.396005780 0.282548663 2.006561744 -0.391551896
600139 139.000000 17758100000139000 0.395369291 0.284169584 1.983962648 -0.424519748
600140 140.000000 17758100000140000 0.394686162 0.286393038 1.974675027 -0.430700055
600141 141.000000 17758100000141000 0.393956512 0.288240239 1.966259135 -0.478302009
600142 142.000000 17758100000142000 0.393180430 0.290265802 1.947651689 -0.453332170
600143 143.000000 17758100000143000 0.392358065 0.291787646 1.924725173 -0.467042536
600144 144.000000 17758100000144000 0.391489506 0.293694352 1.913664739 -0.486599095
600145 145.000000 17758100000145000 0.390574962 0.295966510 1.887598024 -0.513921028
600146 146.000000 17758100000146000 0.389614493 0.298220964 1.867183192 -0.521867333
600147 147.000000 17758100000147000 0.388608307 0.299672238 1.851587110 -0.537164407
600148 148.000000 17758100000148000 0.387556523 0.301463396 1.834248362 -0.533524434
600149 149.000000 17758100000149000 0.386459351 0.303281639 1.817760824 -0.612089458
600150 150.000000 17758100000150000 0.385316968 0.305394247 1.788902834 -0.609090063
600151 151.000000 17758100000151000 0.384129494 0.306814514 1.774301298 -0.593380396
600152 152.000000 17758100000152000 0.382897168 0.308498036 1.746799339 -0.629851601
600153 153.000000 17758100000153000 0.381620169 0.310574094 1.745102106 -0.630236297
600154 154.000000 17758100000154000 0.380298674 0.311875732 1.708578300 -0.648554593
600155 155.000000 17758100000155000 0.378932953 0.313673556 1.691697438 -0.679600372
600156 156.000000 17758100000156000 0.377523154 0.315695239 1.666613063 -0.677988081
600157 157.000000 17758100000157000 0.376069546 0.316903815 1.635162467 -0.657394223
600158 158.000000 17758100000158000 0.374572366 0.318957886 1.608396886 -0.684386469
600159 159.000000 17758100000159000 0.373031795 0.320453727 1.588452901 -0.708698168
600160 160.000000 17758100000160000 0.371448129 0.322087788 1.566761439 -0.739924313
600161 161.000000 17758100000161000 0.369821578 0.323427861 1.543990898 -0.742461096
600162 162.000000 17758100000162000 0.368152440 0.324803686 1.513673338 -0.759377618
600163 163.000000 17758100000163000 0.366440922 0.326622546 1.494755637 -0.771356796
600164 164.000000 17758100000164000 0.364687353 0.327718741 1.463991179 -0.782176356
600165 165.000000 17758100000165000 0.362892002 0.329175887 1.435068670 -0.814315801
600166 166.000000 17758100000166000 0.361055136 0.330661833 1.400543655 -0.810707904
600167 167.000000 17758100000167000 0.359177023 0.331974152 1.377546552 -0.866782770
600168 168.000000 17758100000168000 0.357257992 0.333569605 1.345782885 -0.829842952
600169 169.000000 17758100000169000 0.355298340 0.335115806 1.326798993 -0.850859282
600170 170.000000 17758100000170000 0.353298366 0.336158832 1.291240503 -0.829562004
600171 171.000000 17758100000171000 0.351258427 0.337267562 1.257999771 -0.893387163
600172 172.000000 17758100000172000 0.349178761 0.338229629 1.219111792 -0.889998403
600173 173.000000 17758100000173000 0.347059786 0.339730254 1.203971351 -0.908648232
600174 174.000000 17758100000174000 0.344901770 0.341194274 1.163063086 -0.933314940
600175 175.000000 17758100000175000 0.342705101 0.341900924 1.131075257 -0.937128726
600176 176.000000 17758100000176000 0.340470105 0.343216295 1.099740013 -0.974052449
600177 177.000000 17758100000177000 0.338197112 0.344087368 1.072983729 -0.980647729
600178 178.000000 17758100000178000 0.335886538 0.345255532 1.041614808 -0.946505617
600179 179.000000 17758100000179000 0.333538681 0.346550079 1.008313558 -0.945808006
600180 180.000000 17758100000180000 0.331153959 0.347343851 0.982957573 -0.958282948
600181 181.000000 17758100000181000 0.328732759 0.348267537 0.936531632 -0.975724159
600182 182.000000 17758100000182000 0.326275408 0.349385944 0.910217064 -0.984221601
600183 183.000000 17758100000183000 0.323782355 0.349913870 0.883171123 -0.990888065
600184 184.000000 17758100000184000 0.321253926 0.350915148 0.842162083 -1.007780603
600185 185.000000 17758100000185000 0.318690598 0.351586421 0.812790358 -1.031383326
600186 186.000000 17758100000186000 0.316092700 0.352671253 0.770816631 -1.044228685
600187 187.000000 17758100000187000 0.313460708 0.353346076 0.742312603 -1.025272253
600188 188.000000 17758100000188000 0.310794979 0.353937106 0.705568873 -1.072378308
600189 189.000000 17758100000189000 0.308095992 0.354979477 0.667557276 -1.049423775
600190 190.000000 17758100000190000 0.305364132 0.355344524 0.636383864 -1.025606882
600191 191.000000 17758100000191000 0.302599847 0.355885985 0.585007752 -1.084397861
600192 192.000000 17758100000192000 0.299803555 0.356525116 0.559728457 -1.090758787
600193 193.000000 17758100000193000 0.296975732 0.356883896 0.526215923 -1.098663124
600194 194.000000 17758100000194000 0.294116795 0.357374242 0.489406557 -1.091243602
600195 195.000000 17758100000195000 0.291227192 0.357575775 0.457271644 -1.120856599
600196 196.000000 17758100000196000 0.288307399 0.358157271 0.415737950 -1.089533430
600197 197.000000 17758100000197000 0.285357893 0.358668579 0.385001477 -1.099024625
600198 198.000000 17758100000198000 0.282379091 0.358840919 0.333887295 -1.093069247
600199 199.000000 17758100000199000 0.279371500 0.359056482 0.298284077 -1.102580082
600200 200.000000 17758100000200000 0.276335567 0.359747876 0.258645145 -1.113552267
600201 201.000000 17758100000201000 0.273271799 0.359602893 0.224851578 -1.137367943
600202 202.000000 17758100000202000 0.270180672 0.359744272 0.195114806 -1.147783657
600203 203.000000 17758100000203000 0.267062694 0.360263983 0.162195765 -1.172629197
600204 204.000000 17758100000204000 0.263918310 0.360238931 0.104170527 -1.181606441
600205 205.000000 17758100000205000 0.260748029 0.360155149 0.077962221 -1.111124820
600206 206.000000 17758100000206000 0.257552385 0.360478488 0.043875723 -1.159687920
600207 207.000000 17758100000207000 0.254331857 0.360280825 0.004923579 -1.161085616
600208 208.000000 17758100000208000 0.251086950 0.360363780 -0.040005510 -1.144796249
600209 209.000000 17758100000209000 0.247818202 0.360472624 -0.074429277 -1.160775750
600210 210.000000 17758100000210000 0.244526103 0.360278180 -0.115182589 -1.148812367
600211 211.000000 17758100000211000 0.241211176 0.359996564 -0.155598908 -1.179064127
600212 212.000000 17758100000212000 0.237873957 0.359494603 -0.195777790 -1.183367245
600213 213.000000 17758100000213000 0.234514967 0.359287974 -0.233112081 -1.169813445
600214 214.000000 17758100000214000 0.231134728 0.359438891 -0.275243232 -1.171364660
600215 215.000000 17758100000215000 0.227733791 0.358778145 -0.310853471 -1.194486120
600216 216.000000 17758100000216000 0.224312678 0.358730645 -0.353527844 -1.190464822
600217 217.000000 17758100000217000 0.220871925 0.358277671 -0.395774161 -1.160080645
600218 218.000000 17758100000218000 0.217412099 0.357941905 -0.421179439 -1.177352058
600219 219.000000 17758100000219000 0.213933736 0.357110006 -0.469484700 -1.202903610
600220 220.000000 17758100000220000 0.210437372 0.357030145 -0.509324555 -1.200068428
600221 221.000000 17758100000221000 0.206923559 0.356209266 -0.542921162 -1.184827781
600222 222.000000 17758100000222000 0.203392878 0.355787153 -0.582050020 -1.180069652
600223 223.000000 17758100000223000 0.199845865 0.355047972 -0.620326494 -1.149625170
600224 224.000000 17758100000224000 0.196283087 0.354681758 -0.662555255 -1.173824314
600225 225.000000 17758100000225000 0.192705095 0.353577242 -0.704566971 -1.198620234
600226 226.000000 17758100000226000 0.189112470 0.352984971 -0.736785808 -1.197893449
600227 227.000000 17758100000227000 0.185505778 0.352154129 -0.779185638 -1.186992009
600228 228.000000 17758100000228000 0.181885585 0.351886193 -0.819675595 -1.189233717
600229 229.000000 17758100000229000 0.178252459 0.350329383 -0.858516041 -1.185159353
600230 230.000000 17758100000230000 0.174606964 0.349262040 -0.894530597 -1.166383220
600231 231.000000 17758100000231000 0.170949697 0.348518139 -0.941116983 -1.176218651
600232 232.000000 17758100000232000 0.167281225 0.347960108 -0.970717365 -1.159765503
600233 233.000000 17758100000233000 0.163602129 0.346411548 -1.012951917 -1.159621495
600234 234.000000 17758100000234000 0.159912989 0.345959679 -1.050511851 -1.147992817
600235 235.000000 17758100000235000 0.156214401 0.344316999 -1.087938744 -1.160051523
600236 236.000000 17758100000236000 0.152506918 0.343473100 -1.129074944 -1.157320040
600237 237.000000 17758100000237000 0.148791149 0.342365210 -1.166977239 -1.171898247
600238 238.000000 17758100000238000 0.145067677 0.340746816 -1.199131667 -1.156356684
600239 239.000000 17758100000239000 0.141337082 0.339481404 -1.239765821 -1.135412506
600240 240.000000 17758100000240000 0.137599975 0.338630008 -1.268815990 -1.167387196
600241 241.000000 17758100000241000 0.133856922 0.337168303 -1.319116025 -1.142592753
600242 242.000000 17758100000242000 0.130108520 0.335901772 -1.355301317 -1.143732695
600243 243.000000 17758100000243000 0.126355365 0.334770979 -1.370967116 -1.145076362
600244 244.000000 17758100000244000 0.122598045 0.333246825 -1.437850301 -1.136212579
600245 245.000000 17758100000245000 0.118837155 0.332026618 -1.459432081 -1.104453385
600246 246.000000 17758100000246000 0.115073293 0.330124457 -1.506256121 -1.149834844
600247 247.000000 17758100000247000 0.111307055 0.328549229 -1.534936216 -1.120496389
600248 248.000000 17758100000248000 0.107539028 0.326972796 -1.564766860 -1.122483687
600249 249.000000 17758100000249000 0.103769809 0.325719469 -1.599495063 -1.108696414
600250 250.000000 17758100000250000 0.100000001 0.324187025 -1.637265599 -1.079955749
600251 251.000000 17758100000251000 0.096230187 0.322000113 -1.669534759 -1.081173139
600252 252.000000 17758100000252000 0.092460975 0.320298462 -1.711919332 -1.099198315
600253 253.000000 17758100000253000 0.088692948 0.318445297 -1.747022987 -1.069592138
600254 254.000000 17758100000254000 0.084926702 0.317303070 -1.785711285 -1.076111513
600255 255.000000 17758100000255000 0.081162848 0.314921668 -1.821257842 -1.039297435
600256 256.000000 17758100000256000 0.077401958 0.313275881 -1.851104776 -1.066337270
600257 257.000000 17758100000257000 0.073644638 0.311578049 -1.885154940 -1.059736340
600258 258.000000 17758100000258000 0.069891483 0.309153269 -1.913870582 -1.036094223
600259 259.000000 17758100000259000 0.066143088 0.307237683 -1.949457218 -1.046368708
600260 260.000000 17758100000260000 0.062400028 0.305542374 -1.984290516 -0.998713489
600261 261.000000 17758100000261000 0.058662914 0.303255413 -2.020250491 -1.035249698
600262 262.000000 17758100000262000 0.054932322 0.301290129 -2.044196270 -1.016367104
600263 263.000000 17758100000263000 0.051208850 0.299261449 -2.077436455 -0.988446124
600264 264.000000 17758100000264000 0.047493082 0.297135820 -2.106502198 -1.027258565
600265 265.000000 17758100000265000 0.043785606 0.295082173 -2.144100721 -0.977108302
600266 266.000000 17758100000266000 0.040087007 0.293163589 -2.177269991 -1.015637078
600267 267.000000 17758100000267000 0.036397867 0.290837476 -2.205139501 -0.966687538
600268 268.000000 17758100000268000 0.032718770 0.288081064 -2.232024315 -0.962503129
600269 269.000000 17758100000269000 0.029050302 0.286040926 -2.268560728 -0.967237639
600270 270.000000 17758100000270000 0.025393033 0.283550491 -2.298311286 -0.908501520
600271 271.000000 17758100000271000 0.021747548 0.281384302 -2.324042828 -0.926321297
600272 272.000000 17758100000272000 0.018114420 0.279458487 -2.349173432 -0.931318244
600273 273.000000 17758100000273000 0.014494222 0.277009241 -2.386954264 -0.903509602
600274 274.000000 17758100000274000 0.010887526 0.274466900 -2.421546860 -0.885136507
600275 275.000000 17758100000275000 0.007294902 0.272072413 -2.438033918 -0.893636700
600276 276.000000 17758100000276000 0.003716917 0.269474717 -2.469054972 -0.885769789
600277 277.000000 17758100000277000 0.000154137 0.266560703 -2.504425158 -0.865517819
600278 278.000000 17758100000278000 -0.003392877 0.264448292 -2.522992582 -0.838993783
600279 279.000000 17758100000279000 -0.006923564 0.262231700 -2.550399514 -0.833880628
600280 280.000000 17758100000280000 -0.010437366 0.259478607 -2.575138000 -0.821118717
600281 281.000000 17758100000281000 -0.013933728 0.256800701 -2.595751337 -0.795292905
600282 282.000000 17758100000282000 -0.017412100 0.254085054 -2.623845887 -0.811917564
600283 283.000000 17758100000283000 -0.020871930 0.251646632 -2.652511118 -0.838276371
600284 284.000000 17758100000284000 -0.024312675 0.248947932 -2.676666097 -0.768793661
600285 285.000000 17758100000285000 -0.027733788 0.245895895 -2.709403408 -0.754507009
600286 286.000000 17758100000286000 -0.031134730 0.243651170 -2.722841201 -0.757990076
600287 287.000000 17758100000287000 -0.034514964 0.240723578 -2.740715022 -0.731657245
600288 288.000000 17758100000288000 -0.037873957 0.237896766 -2.776163488 -0.767791825
600289 289.000000 17758100000289000 -0.041211180 0.234775285 -2.796156059 -0.745755803
600290 290.000000 17758100000290000 -0.044526104 0.232077737 -2.815432595 -0.729622417
600291 291.000000 17758100000291000 -0.047818203 0.229463563 -2.835199159 -0.674771217
600292 292.000000 17758100000292000 -0.051086962 0.226624678 -2.856449855 -0.705559170
600293 293.000000 17758100000293000 -0.054331861 0.223745784 -2.877153253 -0.671840593
600294 294.000000 17758100000294000 -0.057552390 0.220674110 -2.894766157 -0.622787056
600295 295.000000 17758100000295000 -0.060748037 0.217686399 -2.918379200 -0.608573659
600296 296.000000 17758100000296000 -0.063918307 0.215008595 -2.935032455 -0.620514585
600297 297.000000 17758100000297000 -0.067062683 0.212073826 -2.956032529 -0.639446647
600298 298.000000 17758100000298000 -0.070180684 0.209016081 -2.976291712 -0.614272097
600299 299.000000 17758100000299000 -0.073271811 0.206079993 -2.995490849 -0.599629210
600300 300.000000 17758100000300000 -0.076335579 0.203237152 -3.009670737 -0.548179898
600301 301.000000 17758100000301000 -0.079371497 0.200068956 -3.024709226 -0.562956681
600302 302.000000 17758100000302000 -0.082379088 0.196944521 -3.043707013 -0.558160268
600303 303.000000 17758100000303000 -0.085357882 0.193940465 -3.069035875 -0.531525616
600304 304.000000 17758100000304000 -0.088307410 0.190955985 -3.079342248 -0.520240662
600305 305.000000 17758100000305000 -0.091227196 0.187424935 -3.087894110 -0.519237827
600306 306.000000 17758100000306000 -0.094116792 0.184747695 -3.104339507 -0.481003706
600307 307.000000 17758100000307000 -0.096975729 0.181962181 -3.124507245 -0.471183979
600308 308.000000 17758100000308000 -0.099803559 0.178159876 -3.136751778 -0.466393793
600309 309.000000 17758100000309000 -0.102599844 0.175221197 -3.147896169 -0.474930904
600310 310.000000 17758100000310000 -0.105364129 0.172049387 -3.162541927 -0.426347365
600311 311.000000 17758100000311000 -0.108095989 0.168834485 -3.168961902 -0.401417042
600312 312.000000 17758100000312000 -0.110794991 0.165539895 -3.178949252 -0.399678005
600313 313.000000 17758100000313000 -0.113460705 0.163061639 -3.188897765 -0.401037355
600314 314.000000 17758100000314000 -0.116092704 0.159394592 -3.202293041 -0.343854653
600315 315.000000 17758100000315000 -0.118690588 0.155717122 -3.210086563 -0.388169390
600316 316.000000 17758100000316000 -0.121253937 0.152383135 -3.226514312 -0.322200905
600317 317.000000 17758100000317000 -0.123782344 0.149579394 -3.240578325 -0.342559371
600318 318.000000 17758100000318000 -0.126275420 0.146506953 -3.241878420 -0.325568228
600319 319.000000 17758100000319000 -0.128732756 0.143060608 -3.247804043 -0.307060921
600320 320.000000 17758100000320000 -0.131153971 0.140194637 -3.252396456 -0.248991286
600321 321.000000 17758100000321000 -0.133538693 0.136517240 -3.266411953 -0.223062793
600322 322.000000 17758100000322000 -0.135886535 0.133368679 -3.272461401 -0.242629841
600323 323.000000 17758100000323000 -0.138197124 0.130513195 -3.277024321 -0.240859762
600324 324.000000 17758100000324000 -0.140470102 0.127020384 -3.283705844 -0.189619558
600325 325.000000 17758100000325000 -0.142705098 0.123730838 -3.292845093 -0.206613733
600326 326.000000 17758100000326000 -0.144901782 0.120291680 -3.292691592 -0.160285895
600327 327.000000 17758100000327000 -0.147059783 0.117031412 -3.292880417 -0.151157358
600328 328.000000 17758100000328000 -0.149178773 0.113445944 -3.295240760 -0.162093609
600329 329.000000 17758100000329000 -0.151258409 0.110325132 -3.295565891 -0.164288310
600330 330.000000 17758100000330000 -0.153298378 0.107138652 -3.305711165 -0.137893676
600331 331.000000 17758100000331000 -0.155298337 0.103748708 -3.314580009 -0.107077149
600332 332.000000 17758100000332000 -0.157258004 0.100503044 -3.305604772 -0.070850398
600333 333.000000 17758100000333000 -0.159177020 0.096871325 -3.307883526 -0.096370563
600334 334.000000 17758100000334000 -0.161055133 0.093858354 -3.302139275 -0.056894800
600335 335.000000 17758100000335000 -0.162891999 0.090100408 -3.304716265 -0.025913168
600336 336.000000 17758100000336000 -0.164687365 0.087066976 -3.307272120 -0.036317951
600337 337.000000 17758100000337000 -0.166440934 0.083736983 -3.301242313 -0.037648630
600338 338.000000 17758100000338000 -0.168152422 0.080557896 -3.307675390 0.048113724
600339 339.000000 17758100000339000 -0.169821575 0.077293644 -3.295760208 -0.001318208
600340 340.000000 17758100000340000 -0.171448112 0.073570826 -3.295034147 0.044276306
600341 341.000000 17758100000341000 -0.173031792 0.070399679 -3.281221411 0.068120695
600342 342.000000 17758100000342000 -0.174572349 0.067526652 -3.296890679 0.030711176
600343 343.000000 17758100000343000 -0.176069558 0.063898408 -3.284007636 0.090139245
600344 344.000000 17758100000344000 -0.177523166 0.061264579 -3.280577091 0.079336923
600345 345.000000 17758100000345000 -0.178932950 0.057719784 -3.263325420 0.152949046
600346 346.000000 17758100000346000 -0.180298686 0.054510323 -3.263835102 0.121855832
600347 347.000000 17758100000347000 -0.181620151 0.050848474 -3.265330829 0.150423864
600348 348.000000 17758100000348000 -0.182897165 0.047534249 -3.258017925 0.178796479
600349 349.000000 17758100000349000 -0.184129491 0.044439847 -3.240179089 0.179715369
600350 350.000000 17758100000350000 -0.185316950 0.041340433 -3.231783685 0.163624218
600351 351.000000 17758100000351000 -0.186459363 0.037975102 -3.235053843 0.226058115
600352 352.000000 17758100000352000 -0.187556535 0.034653578 -3.224204178 0.231396384
600353 353.000000 17758100000353000 -0.188608304 0.031606481 -3.209885949 0.224058457
600354 354.000000 17758100000354000 -0.189614490 0.028563973 -3.198347265 0.254587573
600355 355.000000 17758100000355000 -0.190574944 0.025379130 -3.186615562 0.278508117
600356 356.000000 17758100000356000 -0.191489518 0.021930545 -3.173596352 0.289485614
600357 357.000000 17758100000357000 -0.192358062 0.018823179 -3.163330830 0.295951531
600358 358.000000 17758100000358000 -0.193180442 0.015896403 -3.150450411 0.333016869
600359 359.000000 17758100000359000 -0.193956509 0.012880628 -3.135205585 0.304284386
600360 360.000000 17758100000360000 -0.194686174 0.009752639 -3.130818231 0.341793752
600361 361.000000 17758100000361000 -0.195369303 0.006718289 -3.113170246 0.386950302
600362 362.000000 17758100000362000 -0.196005777 0.003080438 -3.084800178 0.375976924
600363 363.000000 17758100000363000 -0.196595520 -0.000119528 -3.081557111 0.415069138
600364 364.000000 17758100000364000 -0.197138429 -0.002681837 -3.063379384 0.433413085
600365 365.000000 17758100000365000 -0.197634414 -0.005582200 -3.054222919 0.457462615
600366 366.000000 17758100000366000 -0.198083386 -0.009035975 -3.036277260 0.450968715
600367 367.000000 17758100000367000 -0.198485300 -0.011879931 -3.026014809 0.464551680
600368 368.000000 17758100000368000 -0.198840082 -0.015070811 -3.003308025 0.510682886
600369 369.000000 17758100000369000 -0.199147671 -0.017907959 -2.992187516 0.500743364
600370 370.000000 17758100000370000 -0.199408025 -0.021052125 -2.966367404 0.482826579
600371 371.000000 17758100000371000 -0.199621081 -0.023887883 -2.957377956 0.504577864
600372 372.000000 17758100000372000 -0.199786842 -0.026677160 -2.935534609 0.532596728
600373 373.000000 17758100000373000 -0.199905261 -0.029966896 -2.914450580 0.528332646
600374 374.000000 17758100000374000 -0.199976310 -0.032790239 -2.899861294 0.582800732
600375 375.000000 17758100000375000 -0.200000003 -0.035615569 -2.881077486 0.571564009
600376 376.000000 17758100000376000 -0.199976310 -0.038398295 -2.840001822 0.557486019
600377 377.000000 17758100000377000 -0.199905261 -0.041164754 -2.826589951 0.628725894
600378 378.000000 17758100000378000 -0.199786842 -0.044140024 -2.802178738 0.610465676
600379 379.000000 17758100000379000 -0.199621081 -0.046782509 -2.784892887 0.593709085
600380 380.000000 17758100000380000 -0.199408025 -0.049324677 -2.749999606 0.645069409
600381 381.000000 17758100000381000 -0.199147671 -0.052142621 -2.727483167 0.688888305
600382 382.000000 17758100000382000 -0.198840082 -0.054628015 -2.710419763 0.653845863
600383 383.000000 17758100000383000 -0.198485300 -0.057698755 -2.686225502 0.671145121
600384 384.000000 17758100000384000 -0.198083386 -0.060134692 -2.666570161 0.699035663
600385 385.000000 17758100000385000 -0.197634414 -0.062614577 -2.643861137 0.725706030
600386 386.000000 17758100000386000 -0.197138429 -0.064949367 -2.612247676 0.732330274
600387 387.000000 17758100000387000 -0.196595520 -0.068083393 -2.588106046 0.747098112
600388 388.000000 17758100000388000 -0.196005777 -0.070404471 -2.548928840 0.738451085
600389 389.000000 17758100000389000 -0.195369303 -0.073232827 -2.538341785 0.752928157
600390 390.000000 17758100000390000 -0.194686174 -0.075689491 -2.511292271 0.796218658
600391 391.000000 17758100000391000 -0.193956509 -0.078293587 -2.477164936 0.788806566
600392 392.000000 17758100000392000 -0.193180442 -0.080731493 -2.455123315 0.788031273
600393 393.000000 17758100000393000 -0.192358062 -0.082775541 -2.419331195 0.816926771
600394 394.000000 17758100000394000 -0.191489518 -0.085531286 -2.403941113 0.837495990
600395 395.000000 17758100000395000 -0.190574944 -0.087790082 -2.368613874 0.804045385
600396 396.000000 17758100000396000 -0.189614490 -0.090354154 -2.328037481 0.838864922
600397 397.000000 17758100000397000 -0.188608304 -0.092668999 -2.304974442 0.870611987
600398 398.000000 17758100000398000 -0.187556535 -0.094802866 -2.268575993 0.854834756
600399 399.000000 17758100000399000 -0.186459363 -0.097208589 -2.246993736 0.881734327
600400 400.000000 17758100000400000 -0.185316950 -0.099198863 -2.212628433 0.900507062
600401 401.000000 17758100000401000 -0.184129491 -0.101424566 -2.183518752 0.878184555
600402 402.000000 17758100000402000 -0.182897165 -0.103974726 -2.148482667 0.889192151
600403 403.000000 17758100000403000 -0.181620151 -0.105670586 -2.113979332 0.912866337
600404 404.000000 17758100000404000 -0.180298686 -0.107949007 -2.090586868 0.958560356
600405 405.000000 17758100000405000 -0.178932950 -0.109949819 -2.054416026 0.954216113
600406 406.000000 17758100000406000 -0.177523166 -0.111974784 -2.030190021 0.955582760
600407 407.000000 17758100000407000 -0.176069558 -0.113853390 -1.988402391 0.929157810
600408 408.000000 17758100000408000 -0.174572349 -0.115801904 -1.953854578 0.977646267
600409 409.000000 17758100000409000 -0.173031792 -0.117788850 -1.926680901 0.958112465
600410 410.000000 17758100000410000 -0.171448112 -0.119422447 -1.893213348 1.001671591
600411 411.000000 17758100000411000 -0.169821575 -0.121413513 -1.857840960 1.008986688
600412 412.000000 17758100000412000 -0.168152422 -0.123271226 -1.821880358 1.016849450
600413 413.000000 17758100000413000 -0.166440934 -0.125241303 -1.788797254 1.001396249
600414 414.000000 17758100000414000 -0.164687365 -0.127180130 -1.755226928 1.071578103
600415 415.000000 17758100000415000 -0.162891999 -0.128946165 -1.722311430 1.059317917
600416 416.000000 17758100000416000 -0.161055133 -0.130236973 -1.676103458 1.016401629
600417 417.000000 17758100000417000 -0.159177020 -0.131685662 -1.645245120 1.038821197
600418 418.000000 17758100000418000 -0.157258004 -0.133142159 -1.595667015 1.060776801
600419 419.000000 17758100000419000 -0.155298337 -0.134733109 -1.569961004 1.055471729
600420 420.000000 17758100000420000 -0.153298378 -0.136833258 -1.533223192 1.119293093
600421 421.000000 17758100000421000 -0.151258409 -0.138346373 -1.489230906 1.096035343
600422 422.000000 17758100000422000 -0.149178773 -0.139652852 -1.463050966 1.099604132
600423 423.000000 17758100000423000 -0.147059783 -0.140918858 -1.423230300 1.114140526
600424 424.000000 17758100000424000 -0.144901782 -0.142317547 -1.382931790 1.099409765
600425 425.000000 17758100000425000 -0.142705098 -0.143931912 -1.343641429 1.117244459
600426 426.000000 17758100000426000 -0.140470102 -0.144753474 -1.305415927 1.137945841
600427 427.000000 17758100000427000 -0.138197124 -0.146217216 -1.269886391 1.144847318
600428 428.000000 17758100000428000 -0.135886535 -0.147053811 -1.219597117 1.200790087
600429 429.000000 17758100000429000 -0.133538693 -0.148659494 -1.191468820 1.163297684
600430 430.000000 17758100000430000 -0.131153971 -0.149975698 -1.148391782 1.167225359
600431 431.000000 17758100000431000 -0.128732756 -0.150771670 -1.110564238 1.139738317
600432 432.000000 17758100000432000 -0.126275420 -0.152088931 -1.077993918 1.198422716
600433 433.000000 17758100000433000 -0.123782344 -0.153078381 -1.027194573 1.149441592
600434 434.000000 17758100000434000 -0.121253937 -0.154019245 -0.981355118 1.185672491
600435 435.000000 17758100000435000 -0.118690588 -0.155293314 -0.950154038 1.208555715
600436 436.000000 17758100000436000 -0.116092704 -0.156004338 -0.910923175 1.191884022
600437 437.000000 17758100000437000 -0.113460705 -0.156998244 -0.862868341 1.219036582
600438 438.000000 17758100000438000 -0.110794991 -0.157619614 -0.830270877 1.207218724
600439 439.000000 17758100000439000 -0.108095989 -0.158296278 -0.782969950 1.216440430
600440 440.000000 17758100000440000 -0.105364129 -0.159085421 -0.746326723 1.208022045
600441 441.000000 17758100000441000 -0.102599844 -0.159800065 -0.705541644 1.239329831
600442 442.000000 17758100000442000 -0.099803559 -0.160095515 -0.654778793 1.241061680
600443 443.000000 17758100000443000 -0.096975729 -0.161133118 -0.627428762 1.256762811
600444 444.000000 17758100000444000 -0.094116792 -0.161528555 -0.586241272 1.227542974
600445 445.000000 17758100000445000 -0.091227196 -0.162313984 -0.545456829 1.256676797
600446 446.000000 17758100000446000 -0.088307410 -0.162539735 -0.504962593 1.213590366
600447 447.000000 17758100000447000 -0.085357882 -0.163491713 -0.466294773 1.223556460
600448 448.000000 17758100000448000 -0.082379088 -0.163576179 -0.426530336 1.244768966
600449 449.000000 17758100000449000 -0.079371497 -0.163365494 -0.376510615 1.204430781
600450 450.000000 17758100000450000 -0.076335579 -0.164612947 -0.341060070 1.238069906
600451 451.000000 17758100000451000 -0.073271811 -0.164476744 -0.301419519 1.251888920
600452 452.000000 17758100000452000 -0.070180684 -0.164996297 -0.255761753 1.230127366
600453 453.000000 17758100000453000 -0.067062683 -0.165099270 -0.206758920 1.273115504
600454 454.000000 17758100000454000 -0.063918307 -0.165411431 -0.180442628 1.244809743
600455 455.000000 17758100000455000 -0.060748037 -0.165105574 -0.119900855 1.251921678
600456 456.000000 17758100000456000 -0.057552390 -0.165513391 -0.084265423 1.258083775
600457 457.000000 17758100000457000 -0.054331861 -0.165316942 -0.037265135 1.249946652
600458 458.000000 17758100000458000 -0.051086962 -0.165751832 -0.000061052 1.266683525
600459 459.000000 17758100000459000 -0.047818203 -0.165268594 0.034668179 1.253049583
600460 460.000000 17758100000460000 -0.044526104 -0.165633140 0.088969067 1.250211248
600461 461.000000 17758100000461000 -0.041211180 -0.165183294 0.125860730 1.296637730
600462 462.000000 17758100000462000 -0.037873957 -0.164964794 0.165419369 1.303495888
600463 463.000000 17758100000463000 -0.034514964 -0.164517757 0.212948323 1.253265886
600464 464.000000 17758100000464000 -0.031134730 -0.164571322 0.247069817 1.260097325
600465 465.000000 17758100000465000 -0.027733788 -0.164474962 0.284941093 1.263353160
600466 466.000000 17758100000466000 -0.024312675 -0.163943616 0.331390585 1.249004099
600467 467.000000 17758100000467000 -0.020871930 -0.163625305 0.375277807 1.232502043
600468 468.000000 17758100000468000 -0.017412100 -0.163452977 0.412521086 1.213118998
600469 469.000000 17758100000469000 -0.013933728 -0.162962834 0.458243815 1.255050825
600470 470.000000 17758100000470000 -0.010437366 -0.162045938 0.501388671 1.225109209
600471 471.000000 17758100000471000 -0.006923564 -0.161857986 0.535519029 1.233882466
600472 472.000000 17758100000472000 -0.003392877 -0.161093886 0.574121027 1.240250173
600473 473.000000 17758100000473000 0.000154137 -0.160293086 0.619667963 1.254694514
600474 474.000000 17758100000474000 0.003716917 -0.159696671 0.665550930 1.248806623
600475 475.000000 17758100000475000 0.007294902 -0.159042760 0.690676197 1.202599037
600476 476.000000 17758100000476000 0.010887526 -0.158221337 0.741793694 1.231525541
600477 477.000000 17758100000477000 0.014494222 -0.157720856 0.793162690 1.242912183
600478 478.000000 17758100000478000 0.018114420 -0.156487799 0.825078451 1.231965646
600479 479.000000 17758100000479000 0.021747548 -0.155939283 0.880142462 1.229272968
600480 480.000000 17758100000480000 0.025393033 -0.154873960 0.909748512 1.205648194
600481 481.000000 17758100000481000 0.029050302 -0.154244011 0.948550478 1.226119369
600482 482.000000 17758100000482000 0.032718770 -0.153556756 0.991300057 1.212926430
600483 483.000000 17758100000483000 0.036397867 -0.152387583 1.027213455 1.229855387
600484 484.000000 17758100000484000 0.040087007 -0.151054497 1.064852264 1.205279533
600485 485.000000 17758100000485000 0.043785606 -0.150152215 1.109417641 1.196414804
600486 486.000000 17758100000486000 0.047493082 -0.148636678 1.156834870 1.173606137
600487 487.000000 17758100000487000 0.051208850 -0.147535229 1.183319230 1.221392626
600488 488.000000 17758100000488000 0.054932322 -0.146102262 1.218193284 1.205398193
600489 489.000000 17758100000489000 0.058662914 -0.145098196 1.274406388 1.203323347
600490 490.000000 17758100000490000 0.062400028 -0.143832413 1.301583709 1.152003720
600491 491.000000 17758100000491000 0.066143088 -0.142414404 1.330654494 1.221289810
600492 492.000000 17758100000492000 0.069891483 -0.140978624 1.379190431 1.193265295
600493 493.000000 17758100000493000 0.073644638 -0.139664860 1.421849932 1.189273817
600494 494.000000 17758100000494000 0.077401958 -0.138014967 1.461417422 1.192180637
600495 495.000000 17758100000495000 0.081162848 -0.136371415 1.489585379 1.156738105
600496 496.000000 17758100000496000 0.084926702 -0.135226875 1.532863524 1.142699626
600497 497.000000 17758100000497000 0.088692948 -0.133753395 1.565886962 1.117837550
600498 498.000000 17758100000498000 0.092460975 -0.132133934 1.596593435 1.130849695
600499 499.000000 17758100000499000 0.096230187 -0.130321820 1.644103444 1.161698859
600500 500.000000 17758100000500000 0.100000001 -0.129111665 1.675453685 1.112869332
600501 501.000000 17758100000501000 0.103769809 -0.126664459 1.717135180 1.120513607
600502 502.000000 17758100000502000 0.107539028 -0.125267288 1.748889277 1.102973411
600503 503.000000 17758100000503000 0.111307055 -0.123614879 1.780975993 1.076012043
600504 504.000000 17758100000504000 0.115073293 -0.121666065 1.819416188 1.087162359
600505 505.000000 17758100000505000 0.118837155 -0.119847474 1.858480998 1.102996414
600506 506.000000 17758100000506000 0.122598045 -0.117743442 1.889225852 1.053445957
600507 507.000000 17758100000507000 0.126355365 -0.116099885 1.930041147 1.073589346
600508 508.000000 17758100000508000 0.130108520 -0.114269542 1.956342008 1.059190650
600509 509.000000 17758100000509000 0.133856922 -0.112080761 1.985802596 1.052958092
600510 510.000000 17758100000510000 0.137599975 -0.109786416 2.018683604 1.033385186
600511 511.000000 17758100000511000 0.141337082 -0.107893818 2.056692131 1.021973567
600512 512.000000 17758100000512000 0.145067677 -0.105789481 2.090812143 1.028727384
600513 513.000000 17758100000513000 0.148791149 -0.103631005 2.132024215 1.024254916
600514 514.000000 17758100000514000 0.152506918 -0.101707150 2.159456296 1.017398317
600515 515.000000 17758100000515000 0.156214401 -0.099431882 2.195059044 0.988098701
600516 516.000000 17758100000516000 0.159912989 -0.096555273 2.219473102 0.987642651
600517 517.000000 17758100000517000 0.163602129 -0.094856098 2.257558821 0.963962530
600518 518.000000 17758100000518000 0.167281225 -0.092771378 2.279087810 0.966236673
600519 519.000000 17758100000519000 0.170949697 -0.090173511 2.312938394 0.969760315
600520 520.000000 17758100000520000 0.174606964 -0.088280453 2.333614150 0.926634230
600521 521.000000 17758100000521000 0.178252459 -0.085766093 2.370936240 0.907912586
600522 522.000000 17758100000522000 0.181885585 -0.083099965 2.402836826 0.953262425
600523 523.000000 17758100000523000 0.185505778 -0.080735165 2.425373108 0.882493677
600524 524.000000 17758100000524000 0.189112470 -0.077976004 2.444427333 0.870927566
600525 525.000000 17758100000525000 0.192705095 -0.076183305 2.481838172 0.886390169
600526 526.000000 17758100000526000 0.196283087 -0.072973351 2.502335026 0.879532247
600527 527.000000 17758100000527000 0.199845865 -0.070589558 2.542951215 0.871064941
600528 528.000000 17758100000528000 0.203392878 -0.067984667 2.573870314 0.854576977
600529 529.000000 17758100000529000 0.206923559 -0.065669513 2.590798838 0.841347396
600530 530.000000 17758100000530000 0.210437372 -0.062865467 2.622493174 0.800548628
600531 531.000000 17758100000531000 0.213933736 -0.060114325 2.644664038 0.839913018
600532 532.000000 17758100000532000 0.217412099 -0.057691531 2.673882744 0.824073778
600533 533.000000 17758100000533000 0.220871925 -0.054674437 2.693248093 0.790643924
600534 534.000000 17758100000534000 0.224312678 -0.052348475 2.725010349 0.746888174
600535 535.000000 17758100000535000 0.227733791 -0.049438323 2.746609503 0.754012249
600536 536.000000 17758100000536000 0.231134728 -0.046762097 2.764639977 0.731197885
600537 537.000000 17758100000537000 0.234514967 -0.044137526 2.788354383 0.720245841
600538 538.000000 17758100000538000 0.237873957 -0.041331771 2.823625285 0.698383545
600539 539.000000 17758100000539000 0.241211176 -0.038035582 2.839780231 0.715968444
600540 540.000000 17758100000540000 0.244526103 -0.035362278 2.852483976 0.701434456
600541 541.000000 17758100000541000 0.247818202 -0.032168648 2.883897072 0.652066700
600542 542.000000 17758100000542000 0.251086950 -0.029488663 2.902570178 0.683758063
600543 543.000000 17758100000543000 0.254331857 -0.026587532 2.927513613 0.602699947
600544 544.000000 17758100000544000 0.257552385 -0.023743958 2.947891541 0.628326247
600545 545.000000 17758100000545000 0.260748029 -0.020646548 2.959862510 0.624264554
600546 546.000000 17758100000546000 0.263918310 -0.017619757 2.988617897 0.600838804
600547 547.000000 17758100000547000 0.267062694 -0.014707655 3.001500149 0.599451313
600548 548.000000 17758100000548000 0.270180672 -0.011890372 3.020740940 0.617708579
600549 549.000000 17758100000549000 0.273271799 -0.008594496 3.043379772 0.601795647
600550 550.000000 17758100000550000 0.276335567 -0.005702218 3.052978399 0.558107254
600551 551.000000 17758100000551000 0.279371500 -0.002547144 3.076387880 0.576811209
600552 552.000000 17758100000552000 0.282379091 0.000217621 3.085291228 0.556827488
600553 553.000000 17758100000553000 0.285357893 0.003875205 3.096504123 0.493384285
600554 554.000000 17758100000554000 0.288307399 0.006739514 3.108432709 0.536993755
600555 555.000000 17758100000555000 0.291227192 0.009942679 3.124257933 0.479851749
600556 556.000000 17758100000556000 0.294116795 0.013137003 3.144300630 0.472456597
600557 557.000000 17758100000557000 0.296975732 0.016069643 3.152526815 0.437817081
600558 558.000000 17758100000558000 0.299803555 0.019388082 3.173979650 0.417292230
600559 559.000000 17758100000559000 0.302599847 0.022247548 3.181678712 0.440872564
600560 560.000000 17758100000560000 0.305364132 0.025874483 3.193203795 0.400689695
600561 561.000000 17758100000561000 0.308095992 0.028925252 3.215615451 0.398321206
600562 562.000000 17758100000562000 0.310794979 0.032122376 3.221839651 0.367688761
600563 563.000000 17758100000563000 0.313460708 0.035576046 3.227897475 0.329045898
600564 564.000000 17758100000564000 0.316092700 0.038496798 3.248183610 0.389662102
600565 565.000000 17758100000565000 0.318690598 0.041977567 3.246876659 0.381773573
600566 566.000000 17758100000566000 0.321253926 0.045018259 3.252556678 0.310303479
600567 567.000000 17758100000567000 0.323782355 0.048724670 3.265507339 0.312948343
600568 568.000000 17758100000568000 0.326275408 0.051715600 3.279033368 0.263786967
600569 569.000000 17758100000569000 0.328732759 0.054800172 3.286806093 0.268428673
600570 570.000000 17758100000570000 0.331153959 0.058475242 3.283762564 0.281942512
600571 571.000000 17758100000571000 0.333538681 0.061786042 3.303409005 0.255824912
600572 572.000000 17758100000572000 0.335886538 0.064630354 3.294376682 0.227165681
600573 573.000000 17758100000573000 0.338197112 0.068328486 3.306993703 0.242648611
600574 574.000000 17758100000574000 0.340470105 0.071297854 3.310818430 0.185345518
600575 575.000000 17758100000575000 0.342705101 0.074926928 3.312520822 0.199333092
600576 576.000000 17758100000576000 0.344901770 0.077873018 3.326487920 0.191003489
600577 577.000000 17758100000577000 0.347059786 0.081380398 3.324864732 0.148969638
600578 578.000000 17758100000578000 0.349178761 0.084805147 3.328292864 0.154238079
600579 579.000000 17758100000579000 0.351258427 0.088245358 3.329604952 0.156432838
600580 580.000000 17758100000580000 0.353298366 0.091233874 3.331271606 0.084881122
600581 581.000000 17758100000581000 0.355298340 0.095016091 3.342985343 0.115063310
600582 582.000000 17758100000582000 0.357257992 0.097995139 3.330829394 0.078716372
600583 583.000000 17758100000583000 0.359177023 0.101111364 3.337523250 0.059499355
600584 584.000000 17758100000584000 0.361055136 0.104549758 3.330507968 0.058332964
600585 585.000000 17758100000585000 0.362892002 0.107781715 3.343951445 0.032112734
600586 586.000000 17758100000586000 0.364687353 0.111493889 3.335031006 0.004200774
600587 587.000000 17758100000587000 0.366440922 0.115084934 3.333950350 -0.010772826
600588 588.000000 17758100000588000 0.368152440 0.118107282 3.323869775 -0.039079511
600589 589.000000 17758100000589000 0.369821578 0.121468115 3.332488776 -0.029563747
600590 590.000000 17758100000590000 0.371448129 0.124442546 3.323133941 -0.075447137
600591 591.000000 17758100000591000 0.373031795 0.128277827 3.318181258 -0.095093718
600592 592.000000 17758100000592000 0.374572366 0.131301211 3.315839676 -0.088984954
600593 593.000000 17758100000593000 0.376069546 0.134561069 3.319646268 -0.107433386
600594 594.000000 17758100000594000 0.377523154 0.137820862 3.309628853 -0.099926872
600595 595.000000 17758100000595000 0.378932953 0.141318862 3.299103761 -0.094545654
600596 596.000000 17758100000596000 0.380298674 0.144684328 3.294331275 -0.123797450
600597 597.000000 17758100000597000 0.381620169 0.147661571 3.287566207 -0.161063829
600598 598.000000 17758100000598000 0.382897168 0.151539475 3.283620655 -0.193922019
600599 599.000000 17758100000599000 0.384129494 0.154274968 3.282613873 -0.154965918
600600 600.000000 17758100000600000 0.385316968 0.157588263 3.264010464 -0.234185561
600601 601.000000 17758100000601000 0.386459351 0.160980670 3.253809629 -0.228799114
600602 602.000000 17758100000602000 0.387556523 0.164746106 3.244344327 -0.260227313
600603 603.000000 17758100000603000 0.388608307 0.167289901 3.231695692 -0.223682570
600604 604.000000 17758100000604000 0.389614493 0.170967153 3.236852328 -0.265041530
600605 605.000000 17758100000605000 0.390574962 0.173685156 3.216554247 -0.298984988
600606 606.000000 17758100000606000 0.391489506 0.176928958 3.196761880 -0.317402726
600607 607.000000 17758100000607000 0.392358065 0.180227808 3.185331444 -0.313302869
600608 608.000000 17758100000608000 0.393180430 0.183162333 3.175099159 -0.312791887
600609 609.000000 17758100000609000 0.393956512 0.186675128 3.158304566 -0.322459091
600610 610.000000 17758100000610000 0.394686162 0.189827429 3.145796612 -0.350564712
600611 611.000000 17758100000611000 0.395369291 0.192885129 3.130444235 -0.385704058
600612 612.000000 17758100000612000 0.396005780 0.196090622 3.121204909 -0.380251640
600613 613.000000 17758100000613000 0.396595538 0.199486801 3.105349514 -0.422796731
600614 614.000000 17758100000614000 0.397138417 0.201918672 3.084653098 -0.399157149
600615 615.000000 17758100000615000 0.397634417 0.205189349 3.069253504 -0.452936146
600616 616.000000 17758100000616000 0.398083389 0.208097488 3.046348016 -0.474076881
600617 617.000000 17758100000617000 0.398485303 0.211468797 3.036344038 -0.452757385
600618 618.000000 17758100000618000 0.398840070 0.214668164 3.022624902 -0.437044618
600619 619.000000 17758100000619000 0.399147660 0.217389978 3.007082996 -0.484445225
600620 620.000000 17758100000620000 0.399408013 0.220164889 2.990919365 -0.505191440
600621 621.000000 17758100000621000 0.399621099 0.223044319 2.961134833 -0.550607665
600622 622.000000 17758100000622000 0.399786830 0.226320461 2.945215411 -0.555057780
600623 623.000000 17758100000623000 0.399905264 0.229399057 2.916611577 -0.552695384
600624 624.000000 17758100000624000 0.399976313 0.231833434 2.911824574 -0.572861392
600625 625.000000 17758100000625000 0.400000006 0.234978896 2.883957280 -0.594757862
600626 626.000000 17758100000626000 0.399976313 0.237761626 2.855625398 -0.591362375
600627 627.000000 17758100000627000 0.399905264 0.240995880 2.833557060 -0.613192746
600628 628.000000 17758100000628000 0.399786830 0.243690672 2.820319037 -0.629134156
600629 629.000000 17758100000629000 0.399621099 0.246524956 2.793821001 -0.627985783
600630 630.000000 17758100000630000 0.399408013 0.248913084 2.779973969 -0.683055496
600631 631.000000 17758100000631000 0.399147660 0.251761168 2.745135506 -0.679172597
600632 632.000000 17758100000632000 0.398840070 0.254711009 2.723949665 -0.668083029
600633 633.000000 17758100000633000 0.398485303 0.257240025 2.699564350 -0.696082378
600634 634.000000 17758100000634000 0.398083389 0.259767279 2.681102741 -0.683584279
600635 635.000000 17758100000635000 0.397634417 0.262326498 2.642238626 -0.697589126
600636 636.000000 17758100000636000 0.397138417 0.265189826 2.616623523 -0.755092246
600637 637.000000 17758100000637000 0.396595538 0.267670736 2.597587794 -0.742663208
600638 638.000000 17758100000638000 0.396005780 0.270281986 2.577752869 -0.794147814
600639 639.000000 17758100000639000 0.395369291 0.273001417 2.538415446 -0.763661247
600640 640.000000 17758100000640000 0.394686162 0.275563407 2.516346743 -0.757381155
600641 641.000000 17758100000641000 0.393956512 0.277507295 2.486204985 -0.813115591
600642 642.000000 17758100000642000 0.393180430 0.280214941 2.460358644 -0.817094570
600643 643.000000 17758100000643000 0.392358065 0.282680774 2.429781916 -0.806110374
600644 644.000000 17758100000644000 0.391489506 0.285428175 2.411421982 -0.787903813
600645 645.000000 17758100000645000 0.390574962 0.287723748 2.373055676 -0.813304438
600646 646.000000 17758100000646000 0.389614493 0.290192252 2.357257266 -0.808965931
600647 647.000000 17758100000647000 0.388608307 0.292281495 2.323527059 -0.845385140
600648 648.000000 17758100000648000 0.387556523 0.294331942 2.287973602 -0.908187231
600649 649.000000 17758100000649000 0.386459351 0.296684647 2.250031900 -0.902067477
600650 650.000000 17758100000650000 0.385316968 0.298934575 2.228958045 -0.896154345
600651 651.000000 17758100000651000 0.384129494 0.301601524 2.201726441 -0.917922229
600652 652.000000 17758100000652000 0.382897168 0.303307445 2.157195264 -0.926502554
600653 653.000000 17758100000653000 0.381620169 0.305475933 2.125435625 -0.957949338
600654 654.000000 17758100000654000 0.380298674 0.307697985 2.091156888 -0.948538619
600655 655.000000 17758100000655000 0.378932953 0.309649728 2.069005560 -0.951523346
600656 656.000000 17758100000656000 0.377523154 0.311463244 2.029313167 -0.976157273
600657 657.000000 17758100000657000 0.376069546 0.314003563 1.997099207 -0.970212667
600658 658.000000 17758100000658000 0.374572366 0.315721795 1.968394908 -0.983684354
600659 659.000000 17758100000659000 0.373031795 0.317668219 1.931644632 -1.024315751
600660 660.000000 17758100000660000 0.371448129 0.319547120 1.899788042 -1.028377797
600661 661.000000 17758100000661000 0.369821578 0.321535224 1.862733598 -1.013157658
600662 662.000000 17758100000662000 0.368152440 0.323106977 1.818864925 -0.984299425
600663 663.000000 17758100000663000 0.366440922 0.324985151 1.791730660 -1.037065016
600664 664.000000 17758100000664000 0.364687353 0.327078123 1.746737952 -1.022641408
600665 665.000000 17758100000665000 0.362892002 0.328537541 1.711356155 -1.046374732
600666 666.000000 17758100000666000 0.361055136 0.330251981 1.686863418 -1.065553166
600667 667.000000 17758100000667000 0.359177023 0.331749181 1.649745000 -1.059865376
600668 668.000000 17758100000668000 0.357257992 0.333401309 1.609484084 -1.112373062
600669 669.000000 17758100000669000 0.355298340 0.335044117 1.579212946 -1.077692240
600670 670.000000 17758100000670000 0.353298366 0.336784426 1.541784708 -1.097943281
600671 671.000000 17758100000671000 0.351258427 0.337962404 1.502225554 -1.092021071
600672 672.000000 17758100000672000 0.349178761 0.339394022 1.453129871 -1.093473811
600673 673.000000 17758100000673000 0.347059786 0.340407484 1.418582548 -1.127369141
600674 674.000000 17758100000674000 0.344901770 0.342738478 1.386255213 -1.094825080
600675 675.000000 17758100000675000 0.342705101 0.343522490 1.341771597 -1.120435202
600676 676.000000 17758100000676000 0.340470105 0.345142126 1.302604243 -1.121208524
600677 677.000000 17758100000677000 0.338197112 0.346563374 1.275614518 -1.110136106
600678 678.000000 17758100000678000 0.335886538 0.347260041 1.224936546 -1.167749428
600679 679.000000 17758100000679000 0.333538681 0.348573863 1.196127103 -1.156280113
600680 680.000000 17758100000680000 0.331153959 0.349906555 1.161515261 -1.179699850
600681 681.000000 17758100000681000 0.328732759 0.350803772 1.107313437 -1.145907969
600682 682.000000 17758100000682000 0.326275408 0.352033727 1.077070007 -1.181576301
600683 683.000000 17758100000683000 0.323782355 0.352640508 1.034943060 -1.178038315
600684 684.000000 17758100000684000 0.321253926 0.354275664 0.990087675 -1.167847881
600685 685.000000 17758100000685000 0.318690598 0.354897484 0.952491168 -1.199796513
600686 686.000000 17758100000686000 0.316092700 0.355662346 0.919565522 -1.197972884
600687 687.000000 17758100000687000 0.313460708 0.356691009 0.874133837 -1.203838559
600688 688.000000 17758100000688000 0.310794979 0.357708114 0.833309514 -1.187676553
600689 689.000000 17758100000689000 0.308095992 0.358494153 0.790500797 -1.227397402
600690 690.000000 17758100000690000 0.305364132 0.359133335 0.761599662 -1.203781586
600691 691.000000 17758100000691000 0.302599847 0.359941749 0.709184630 -1.214484191
600692 692.000000 17758100000692000 0.299803555 0.360543521 0.667477965 -1.237158609
600693 693.000000 17758100000693000 0.296975732 0.360901364 0.633143506 -1.261669885
600694 694.000000 17758100000694000 0.294116795 0.361829013 0.585654499 -1.232098859
600695 695.000000 17758100000695000 0.291227192 0.362216026 0.549155407 -1.186057536
600696 696.000000 17758100000696000 0.288307399 0.362588280 0.504584431 -1.236899358
600697 697.000000 17758100000697000 0.285357893 0.363116103 0.468916034 -1.258770793
600698 698.000000 17758100000698000 0.282379091 0.363656425 0.414249087 -1.269943803
600699 699.000000 17758100000699000 0.279371500 0.363997066 0.378980082 -1.252685917
600700 700.000000 17758100000700000 0.276335567 0.364784186 0.341767761 -1.301354290
600701 701.000000 17758100000701000 0.273271799 0.364518440 0.294960089 -1.222095242
600702 702.000000 17758100000702000 0.270180672 0.364566169 0.257722203 -1.256448646
600703 703.000000 17758100000703000 0.267062694 0.365199574 0.208413738 -1.225102366
600704 704.000000 17758100000704000 0.263918310 0.365298167 0.170689432 -1.238847755
600705 705.000000 17758100000705000 0.260748029 0.365499673 0.137993678 -1.258359326
600706 706.000000 17758100000706000 0.257552385 0.365409494 0.087140232 -1.233057560
600707 707.000000 17758100000707000 0.254331857 0.365609857 0.037481679 -1.265601664
600708 708.000000 17758100000708000 0.251086950 0.365196232 0.001609677 -1.267817781
600709 709.000000 17758100000709000 0.247818202 0.365459245 -0.032900779 -1.248376384
600710 710.000000 17758100000710000 0.244526103 0.365182920 -0.067638736 -1.238770762
600711 711.000000 17758100000711000 0.241211176 0.365293847 -0.123134519 -1.243671342
600712 712.000000 17758100000712000 0.237873957 0.365220060 -0.165917719 -1.259719093
600713 713.000000 17758100000713000 0.234514967 0.365035380 -0.210855945 -1.294365101
600714 714.000000 17758100000714000 0.231134728 0.364482992 -0.248812871 -1.235792697
600715 715.000000 17758100000715000 0.227733791 0.364533117 -0.287605751 -1.293680930
600716 716.000000 17758100000716000 0.224312678 0.364433711 -0.337127370 -1.274238259
600717 717.000000 17758100000717000 0.220871925 0.363871214 -0.371163781 -1.250063922
600718 718.000000 17758100000718000 0.217412099 0.363304025 -0.415688117 -1.242318427
600719 719.000000 17758100000719000 0.213933736 0.362557465 -0.456261349 -1.265938219
600720 720.000000 17758100000720000 0.210437372 0.362522296 -0.495662655 -1.257463672
600721 721.000000 17758100000721000 0.206923559 0.361745157 -0.535516293 -1.243797742
600722 722.000000 17758100000722000 0.203392878 0.361307367 -0.582708655 -1.247580108
600723 723.000000 17758100000723000 0.199845865 0.360783907 -0.623892061 -1.231067356
600724 724.000000 17758100000724000 0.196283087 0.359595082 -0.668410399 -1.256911506
600725 725.000000 17758100000725000 0.192705095 0.359513233 -0.699698846 -1.250361844
600726 726.000000 17758100000726000 0.189112470 0.358199274 -0.742316162 -1.245093780
600727 727.000000 17758100000727000 0.185505778 0.357490417 -0.791445067 -1.222770448
600728 728.000000 17758100000728000 0.181885585 0.356894412 -0.824040096 -1.205797451
600729 729.000000 17758100000729000 0.178252459 0.356173988 -0.870434125 -1.203711926
600730 730.000000 17758100000730000 0.174606964 0.355173972 -0.911467611 -1.205723862
600731 731.000000 17758100000731000 0.170949697 0.354448482 -0.946768208 -1.192922911
600732 732.000000 17758100000732000 0.167281225 0.353024178 -0.993167897 -1.200943878
600733 733.000000 17758100000733000 0.163602129 0.352189795 -1.025030392 -1.233700556
600734 734.000000 17758100000734000 0.159912989 0.350592944 -1.066645724 -1.216133672
600735 735.000000 17758100000735000 0.156214401 0.350327826 -1.110467975 -1.202756684
600736 736.000000 17758100000736000 0.152506918 0.348726952 -1.147599765 -1.184143870
600737 737.000000 17758100000737000 0.148791149 0.347454089 -1.184398117 -1.203867407
600738 738.000000 17758100000738000 0.145067677 0.346171989 -1.229196480 -1.187507613
600739 739.000000 17758100000739000 0.141337082 0.345162913 -1.280044978 -1.178729157
600740 740.000000 17758100000740000 0.137599975 0.343594336 -1.294228783 -1.178023621
600741 741.000000 17758100000741000 0.133856922 0.342049631 -1.349216827 -1.176923396
600742 742.000000 17758100000742000 0.130108520 0.341047561 -1.387653484 -1.173615336
600743 743.000000 17758100000743000 0.126355365 0.339555231 -1.420145431 -1.155389501
600744 744.000000 17758100000744000 0.122598045 0.337970041 -1.461540738 -1.175933702
600745 745.000000 17758100000745000 0.118837155 0.336794100 -1.490298997 -1.146270972
600746 746.000000 17758100000746000 0.115073293 0.335458203 -1.520305458 -1.165187086
600747 747.000000 17758100000747000 0.111307055 0.333887256 -1.573464178 -1.138999603
600748 748.000000 17758100000748000 0.107539028 0.331720601 -1.607151712 -1.120102941
600749 749.000000 17758100000749000 0.103769809 0.329800083 -1.638371921 -1.151498113
600750 750.000000 17758100000750000 0.100000001 0.328588237 -1.686070081 -1.135934964
600751 751.000000 17758100000751000 0.096230187 0.326905599 -1.712854667 -1.142177028
600752 752.000000 17758100000752000 0.092460975 0.325035774 -1.755764380 -1.081020070
600753 753.000000 17758100000753000 0.088692948 0.323297522 -1.781261588 -1.084785392
600754 754.000000 17758100000754000 0.084926702 0.321570917 -1.825573158 -1.116464228
600755 755.000000 17758100000755000 0.081162848 0.319875415 -1.863276434 -1.067834025
600756 756.000000 17758100000756000 0.077401958 0.317962102 -1.889184558 -1.041602806
600757 757.000000 17758100000757000 0.073644638 0.316081256 -1.929583511 -1.044505998
600758 758.000000 17758100000758000 0.069891483 0.314093663 -1.953938923 -1.027706617
600759 759.000000 17758100000759000 0.066143088 0.311998891 -1.994582988 -1.047731583
600760 760.000000 17758100000760000 0.062400028 0.310140987 -2.034278268 -0.996880606
600761 761.000000 17758100000761000 0.058662914 0.307798363 -2.066623734 -0.997153315
600762 762.000000 17758100000762000 0.054932322 0.306045897 -2.093702996 -1.015577392
600763 763.000000 17758100000763000 0.051208850 0.303396707 -2.130511153 -0.983391360
600764 764.000000 17758100000764000 0.047493082 0.301616043 -2.159935061 -1.026673100
600765 765.000000 17758100000765000 0.043785606 0.299171799 -2.197373668 -1.013762759
600766 766.000000 17758100000766000 0.040087007 0.297057179 -2.217133921 -0.979023305
600767 767.000000 17758100000767000 0.036397867 0.294821207 -2.246764510 -0.956720413
600768 768.000000 17758100000768000 0.032718770 0.292721656 -2.275591362 -0.933307229
600769 769.000000 17758100000769000 0.029050302 0.290144684 -2.307582597 -0.954829157
600770 770.000000 17758100000770000 0.025393033 0.287994164 -2.335768117 -0.923325765
600771 771.000000 17758100000771000 0.021747548 0.285643267 -2.380597249 -0.932502937
600772 772.000000 17758100000772000 0.018114420 0.283429448 -2.411605302 -0.884955749
600773 773.000000 17758100000773000 0.014494222 0.280662374 -2.439151077 -0.885477881
600774 774.000000 17758100000774000 0.010887526 0.278125130 -2.461569363 -0.841015175
600775 775.000000 17758100000775000 0.007294902 0.275812453 -2.483251974 -0.881817153
600776 776.000000 17758100000776000 0.003716917 0.273643091 -2.522467513 -0.884406315
600777 777.000000 17758100000777000 0.000154137 0.270976351 -2.551195609 -0.870618589
600778 778.000000 17758100000778000 -0.003392877 0.267888262 -2.574776769 -0.831488931
600779 779.000000 17758100000779000 -0.006923564 0.265449181 -2.598266948 -0.804360954
600780 780.000000 17758100000780000 -0.010437366 0.263046527 -2.621492028 -0.825426691
600781 781.000000 17758100000781000 -0.013933728 0.260142444 -2.652566379 -0.805570405
600782 782.000000 17758100000782000 -0.017412100 0.257905463 -2.670227583 -0.774266245
600783 783.000000 17758100000783000 -0.020871930 0.254922277 -2.691679773 -0.833693433
600784 784.000000 17758100000784000 -0.024312675 0.252546259 -2.721537530 -0.752854355
600785 785.000000 17758100000785000 -0.027733788 0.249304045 -2.748341270 -0.762181350
600786 786.000000 17758100000786000 -0.031134730 0.246226433 -2.774627495 -0.731955761
600787 787.000000 17758100000787000 -0.034514964 0.243976614 -2.789549288 -0.762811429
600788 788.000000 17758100000788000 -0.037873957 0.240971006 -2.818815112 -0.718676832
600789 789.000000 17758100000789000 -0.041211180 0.238276806 -2.840236545 -0.687764146
600790 790.000000 17758100000790000 -0.044526104 0.235454555 -2.849788948 -0.679500927
600791 791.000000 17758100000791000 -0.047818203 0.232094080 -2.871654991 -0.641951089
600792 792.000000 17758100000792000 -0.051086962 0.229606914 -2.908905348 -0.664605354
600793 793.000000 17758100000793000 -0.054331861 0.226502656 -2.914031564 -0.657204457
600794 794.000000 17758100000794000 -0.057552390 0.223391769 -2.940285330 -0.633081547
600795 795.000000 17758100000795000 -0.060748037 0.220581493 -2.954892095 -0.643522275
600796 796.000000 17758100000796000 -0.063918307 0.217767261 -2.990927510 -0.576461632
600797 797.000000 17758100000797000 -0.067062683 0.214374452 -2.998752232 -0.609409819
600798 798.000000 17758100000798000 -0.070180684 0.211592748 -3.015478379 -0.570982560
600799 799.000000 17758100000799000 -0.073271811 0.208567622 -3.032239938 -0.555778901
600800 800.000000 17758100000800000 -0.076335579 0.205871884 -3.053220098 -0.592870754
600801 801.000000 17758100000801000 -0.079371497 0.202351520 -3.071095616 -0.566144953
600802 802.000000 17758100000802000 -0.082379088 0.199289372 -3.086288512 -0.536140331
600803 803.000000 17758100000803000 -0.085357882 0.196447541 -3.109345011 -0.533262787
600804 804.000000 17758100000804000 -0.088307410 0.193434149 -3.109704724 -0.476616056
600805 805.000000 17758100000805000 -0.091227196 0.189908650 -3.130594182 -0.495756294
600806 806.000000 17758100000806000 -0.094116792 0.187251621 -3.146205114 -0.470584751
600807 807.000000 17758100000807000 -0.096975729 0.183885534 -3.156470717 -0.485911792
600808 808.000000 17758100000808000 -0.099803559 0.180791575 -3.177843742 -0.479689981
600809 809.000000 17758100000809000 -0.102599844 0.177884073 -3.183656784 -0.422037130
600810 810.000000 17758100000810000 -0.105364129 0.174009157 -3.199322567 -0.428530155
600811 811.000000 17758100000811000 -0.108095989 0.171455187 -3.209448909 -0.404496956
600812 812.000000 17758100000812000 -0.110794991 0.167911220 -3.223751165 -0.363967705
600813 813.000000 17758100000813000 -0.113460705 0.164650454 -3.217984173 -0.400500667
600814 814.000000 17758100000814000 -0.116092704 0.160945372 -3.240838118 -0.392480058
600815 815.000000 17758100000815000 -0.118690588 0.157962350 -3.253576932 -0.294432771
600816 816.000000 17758100000816000 -0.121253937 0.154852894 -3.256712359 -0.333740097
600817 817.000000 17758100000817000 -0.123782344 0.151827641 -3.266174176 -0.317013945
600818 818.000000 17758100000818000 -0.126275420 0.148191172 -3.277068177 -0.301673949
600819 819.000000 17758100000819000 -0.128732756 0.144753221 -3.284882780 -0.246291746
600820 820.000000 17758100000820000 -0.131153971 0.141761906 -3.295159059 -0.258102346
600821 821.000000 17758100000821000 -0.133538693 0.138161668 -3.305218025 -0.203901706
600822 822.000000 17758100000822000 -0.135886535 0.135163781 -3.298069519 -0.239747045
600823 823.000000 17758100000823000 -0.138197124 0.131555522 -3.310116370 -0.247198932
600824 824.000000 17758100000824000 -0.140470102 0.128064182 -3.316323579 -0.193692547
600825 825.000000 17758100000825000 -0.142705098 0.125094311 -3.319911309 -0.193038310
600826 826.000000 17758100000826000 -0.144901782 0.121836252 -3.316832716 -0.146676768
600827 827.000000 17758100000827000 -0.147059783 0.118539600 -3.336748740 -0.150135242
600828 828.000000 17758100000828000 -0.149178773 0.114943411 -3.328098001 -0.126950113
600829 829.000000 17758100000829000 -0.151258409 0.111779216 -3.333751621 -0.108850147
600830 830.000000 17758100000830000 -0.153298378 0.107972672 -3.336590559 -0.137235619
600831 831.000000 17758100000831000 -0.155298337 0.105149970 -3.332043586 -0.082709635
600832 832.000000 17758100000832000 -0.157258004 0.101740647 -3.335848789 -0.087010517
600833 833.000000 17758100000833000 -0.159177020 0.098459303 -3.340414574 -0.068323152
600834 834.000000 17758100000834000 -0.161055133 0.095217592 -3.325060205 -0.026370175
600835 835.000000 17758100000835000 -0.162891999 0.091800276 -3.353695312 -0.019169519
600836 836.000000 17758100000836000 -0.164687365 0.088221768 -3.336831053 0.022634939
600837 837.000000 17758100000837000 -0.166440934 0.085266953 -3.329976309 -0.020959685
600838 838.000000 17758100000838000 -0.168152422 0.081818368 -3.332003674 0.029605566
600839 839.000000 17758100000839000 -0.169821575 0.078419140 -3.336744039 0.041408975
600840 840.000000 17758100000840000 -0.171448112 0.075316655 -3.318790690 0.061187934
600841 841.000000 17758100000841000 -0.173031792 0.071489084 -3.322122671 0.076432501
600842 842.000000 17758100000842000 -0.174572349 0.068559401 -3.316086879 0.063745510
600843 843.000000 17758100000843000 -0.176069558 0.065443882 -3.312892496 0.104346768
600844 844.000000 17758100000844000 -0.177523166 0.061833953 -3.312486964 0.100753522
600845 845.000000 17758100000845000 -0.178932950 0.058541519 -3.293930727 0.143689996
600846 846.000000 17758100000846000 -0.180298686 0.055175222 -3.292251290 0.155575239
600847 847.000000 17758100000847000 -0.181620151 0.052176244 -3.285941202 0.158198184
600848 848.000000 17758100000848000 -0.182897165 0.048729742 -3.283715664 0.165194537
600849 849.000000 17758100000849000 -0.184129491 0.045585587 -3.269149056 0.185657201
600850 850.000000 17758100000850000 -0.185316950 0.042039343 -3.260940017 0.189235114
600851 851.000000 17758100000851000 -0.186459363 0.038834404 -3.247692824 0.220474748
600852 852.000000 17758100000852000 -0.187556535 0.035631014 -3.248194829 0.249744830
600853 853.000000 17758100000853000 -0.188608304 0.032574647 -3.226112299 0.273855251
600854 854.000000 17758100000854000 -0.189614490 0.029079644 -3.215010568 0.266917418
600855 855.000000 17758100000855000 -0.190574944 0.026413303 -3.214532582 0.239582583
600856 856.000000 17758100000856000 -0.191489518 0.022747485 -3.202910454 0.327187968
600857 857.000000 17758100000857000 -0.192358062 0.019578010 -3.181611544 0.338567635
600858 858.000000 17758100000858000 -0.193180442 0.016567244 -3.183679640 0.337903791
600859 859.000000 17758100000859000 -0.193956509 0.013314421 -3.169793735 0.335105331
600860 860.000000 17758100000860000 -0.194686174 0.010173832 -3.154381000 0.343091143
600861 861.000000 17758100000861000 -0.195369303 0.006799810 -3.128146899 0.369620774
600862 862.000000 17758100000862000 -0.196005777 0.003897600 -3.116941413 0.429013920
600863 863.000000 17758100000863000 -0.196595520 0.000302797 -3.113294398 0.387420285
600864 864.000000 17758100000864000 -0.197138429 -0.002088977 -3.092305091 0.429810914
600865 865.000000 17758100000865000 -0.197634414 -0.005316811 -3.068701710 0.429617054
600866 866.000000 17758100000866000 -0.198083386 -0.008250895 -3.060110591 0.458573978
600867 867.000000 17758100000867000 -0.198485300 -0.011241888 -3.042975545 0.437357203
600868 868.000000 17758100000868000 -0.198840082 -0.014473264 -3.020699997 0.498931924
600869 869.000000 17758100000869000 -0.199147671 -0.017148750 -3.007502377 0.498051213
600870 870.000000 17758100000870000 -0.199408025 -0.020306039 -2.989371664 0.509801368
600871 871.000000 17758100000871000 -0.199621081 -0.023493594 -2.970750167 0.494685612
600872 872.000000 17758100000872000 -0.199786842 -0.026483096 -2.950945670 0.541561807
600873 873.000000 17758100000873000 -0.199905261 -0.029485627 -2.929563619 0.574571878
600874 874.000000 17758100000874000 -0.199976310 -0.032224880 -2.905607860 0.549191650
600875 875.000000 17758100000875000 -0.200000003 -0.035021883 -2.880357628 0.570884241
600876 876.000000 17758100000876000 -0.199976310 -0.038035788 -2.864381354 0.582976666
600877 877.000000 17758100000877000 -0.199905261 -0.040537174 -2.839820834 0.619357221
600878 878.000000 17758100000878000 -0.199786842 -0.043765602 -2.812540038 0.588448541
600879 879.000000 17758100000879000 -0.199621081 -0.045984389 -2.797966130 0.670204230
600880 880.000000 17758100000880000 -0.199408025 -0.049030907 -2.767530935 0.666691355
600881 881.000000 17758100000881000 -0.199147671 -0.051850249 -2.747829554 0.671398405
600882 882.000000 17758100000882000 -0.198840082 -0.054577170 -2.732968679 0.687533891
600883 883.000000 17758100000883000 -0.198485300 -0.057149953 -2.692929223 0.696793183
600884 884.000000 17758100000884000 -0.198083386 -0.059981091 -2.679593411 0.693153530
600885 885.000000 17758100000885000 -0.197634414 -0.062865816 -2.645985136 0.697033757
600886 886.000000 17758100000886000 -0.197138429 -0.065302953 -2.626566361 0.707826541
600887 887.000000 17758100000887000 -0.196595520 -0.068068984 -2.601520637 0.765071938
600888 888.000000 17758100000888000 -0.196005777 -0.070432261 -2.581800420 0.751637223
600889 889.000000 17758100000889000 -0.195369303 -0.072994460 -2.545303958 0.779246245
600890 890.000000 17758100000890000 -0.194686174 -0.075503853 -2.523238274 0.792325006
600891 891.000000 17758100000891000 -0.193956509 -0.078159799 -2.491293062 0.785275143
600892 892.000000 17758100000892000 -0.193180442 -0.080834332 -2.468010011 0.823427469
600893 893.000000 17758100000893000 -0.192358062 -0.082952345 -2.436979691 0.846448212
600894 894.000000 17758100000894000 -0.191489518 -0.085408813 -2.404613769 0.835985064
600895 895.000000 17758100000895000 -0.190574944 -0.087562132 -2.375202457 0.817228366
600896 896.000000 17758100000896000 -0.189614490 -0.090099373 -2.341796427 0.798345497
600897 897.000000 17758100000897000 -0.188608304 -0.092547662 -2.303914492 0.876396051
600898 898.000000 17758100000898000 -0.187556535 -0.095022220 -2.287728461 0.873723412
600899 899.000000 17758100000899000 -0.186459363 -0.097176490 -2.248777980 0.883339813
600900 900.000000 17758100000900000 -0.185316950 -0.099044049 -2.224201264 0.923173509
600901 901.000000 17758100000901000 -0.184129491 -0.101389370 -2.194953780 0.907500585
600902 902.000000 17758100000902000 -0.182897165 -0.103362069 -2.163116730 0.904339243
600903 903.000000 17758100000903000 -0.181620151 -0.105371201 -2.128355860 0.918649424
600904 904.000000 17758100000904000 -0.180298686 -0.107439395 -2.093000371 0.942724179
600905 905.000000 17758100000905000 -0.178932950 -0.109613545 -2.061213278 0.955707766
600906 906.000000 17758100000906000 -0.177523166 -0.112119146 -2.028202172 0.959542305
600907 907.000000 17758100000907000 -0.176069558 -0.113676516 -2.003314859 1.006385531
600908 908.000000 17758100000908000 -0.174572349 -0.115615637 -1.962302092 0.940276995
600909 909.000000 17758100000909000 -0.173031792 -0.118003425 -1.914599444 1.009000352
600910 910.000000 17758100000910000 -0.171448112 -0.119420819 -1.892400834 1.026341544
600911 911.000000 17758100000911000 -0.169821575 -0.121629675 -1.856316140 0.978117211
600912 912.000000 17758100000912000 -0.168152422 -0.123529918 -1.827515897 1.024709825
600913 913.000000 17758100000913000 -0.166440934 -0.124749190 -1.793088641 1.055276821
600914 914.000000 17758100000914000 -0.164687365 -0.126693439 -1.750318006 1.039761550
600915 915.000000 17758100000915000 -0.162891999 -0.128628862 -1.720531320 1.036453186
600916 916.000000 17758100000916000 -0.161055133 -0.129938133 -1.683692717 1.065168623
600917 917.000000 17758100000917000 -0.159177020 -0.132167382 -1.645661387 1.041017993
600918 918.000000 17758100000918000 -0.157258004 -0.133331996 -1.610851886 1.074313112
600919 919.000000 17758100000919000 -0.155298337 -0.135201910 -1.564268628 1.088032809
600920 920.000000 17758100000920000 -0.153298378 -0.136634014 -1.537049021 1.079767975
600921 921.000000 17758100000921000 -0.151258409 -0.137917373 -1.503615094 1.066888770
600922 922.000000 17758100000922000 -0.149178773 -0.139278463 -1.459175212 1.100191738
600923 923.000000 17758100000923000 -0.147059783 -0.141200944 -1.417139890 1.113505549
600924 924.000000 17758100000924000 -0.144901782 -0.142139708 -1.384405721 1.111492113
600925 925.000000 17758100000925000 -0.142705098 -0.143828358 -1.341345160 1.147571515
600926 926.000000 17758100000926000 -0.140470102 -0.145253613 -1.306220503 1.133880812
600927 927.000000 17758100000927000 -0.138197124 -0.146652298 -1.274336940 1.120941870
600928 928.000000 17758100000928000 -0.135886535 -0.147441591 -1.232637768 1.187715770
600929 929.000000 17758100000929000 -0.133538693 -0.148610081 -1.188646417 1.150702292
600930 930.000000 17758100000930000 -0.131153971 -0.149950296 -1.147711010 1.182411391
600931 931.000000 17758100000931000 -0.128732756 -0.151044663 -1.111310348 1.189340801
600932 932.000000 17758100000932000 -0.126275420 -0.152271320 -1.068383066 1.179467008
600933 933.000000 17758100000933000 -0.123782344 -0.153134222 -1.034939029 1.173907403
600934 934.000000 17758100000934000 -0.121253937 -0.154162523 -0.996390061 1.199349689
600935 935.000000 17758100000935000 -0.118690588 -0.155043766 -0.948031480 1.192924406
600936 936.000000 17758100000936000 -0.116092704 -0.156017975 -0.916771995 1.159297564
600937 937.000000 17758100000937000 -0.113460705 -0.156788778 -0.876140937 1.192452957
600938 938.000000 17758100000938000 -0.110794991 -0.158019901 -0.828644656 1.198304260
600939 939.000000 17758100000939000 -0.108095989 -0.158527301 -0.785283413 1.220332222
600940 940.000000 17758100000940000 -0.105364129 -0.159124961 -0.750213086 1.244438737
600941 941.000000 17758100000941000 -0.102599844 -0.159994927 -0.704447634 1.174079618
600942 942.000000 17758100000942000 -0.099803559 -0.160720709 -0.680061148 1.193804321
600943 943.000000 17758100000943000 -0.096975729 -0.161362963 -0.623244161 1.231088112
600944 944.000000 17758100000944000 -0.094116792 -0.161598713 -0.591253020 1.254027781
600945 945.000000 17758100000945000 -0.091227196 -0.162436265 -0.548511299 1.221445674
600946 946.000000 17758100000946000 -0.088307410 -0.162642622 -0.504769851 1.226074421
600947 947.000000 17758100000947000 -0.085357882 -0.163573262 -0.462475715 1.228142114
600948 948.000000 17758100000948000 -0.082379088 -0.163526062 -0.419609158 1.227114213
600949 949.000000 17758100000949000 -0.079371497 -0.164007794 -0.376078943 1.251714514
600950 950.000000 17758100000950000 -0.076335579 -0.164651952 -0.332951457 1.272282451
600951 951.000000 17758100000951000 -0.073271811 -0.164768096 -0.300482674 1.255483539
600952 952.000000 17758100000952000 -0.070180684 -0.164659576 -0.257210538 1.268050432
600953 953.000000 17758100000953000 -0.067062683 -0.165137522 -0.214596165 1.279796640
600954 954.000000 17758100000954000 -0.063918307 -0.165055625 -0.160850215 1.253643260
600955 955.000000 17758100000955000 -0.060748037 -0.165217813 -0.138542083 1.310032333
600956 956.000000 17758100000956000 -0.057552390 -0.165372657 -0.093825218 1.233017314
600957 957.000000 17758100000957000 -0.054331861 -0.165381443 -0.042228371 1.247370495
600958 958.000000 17758100000958000 -0.051086962 -0.165366419 0.007360241 1.280777931
600959 959.000000 17758100000959000 -0.047818203 -0.165701254 0.031448978 1.289947096
600960 960.000000 17758100000960000 -0.044526104 -0.165533588 0.079579723 1.258244911
600961 961.000000 17758100000961000 -0.041211180 -0.165344899 0.126275794 1.298968490
600962 962.000000 17758100000962000 -0.037873957 -0.165515706 0.165307890 1.263220052
600963 963.000000 17758100000963000 -0.034514964 -0.164874781 0.206053602 1.235113523
600964 964.000000 17758100000964000 -0.031134730 -0.164748311 0.243251793 1.233072564
600965 965.000000 17758100000965000 -0.027733788 -0.164389429 0.296720286 1.279646001
600966 966.000000 17758100000966000 -0.024312675 -0.163949226 0.337000068 1.244405497
600967 967.000000 17758100000967000 -0.020871930 -0.163462107 0.378155082 1.264282230
600968 968.000000 17758100000968000 -0.017412100 -0.163185083 0.420440240 1.231762881
600969 969.000000 17758100000969000 -0.013933728 -0.162615382 0.449655911 1.246801353
600970 970.000000 17758100000970000 -0.010437366 -0.162268714 0.491588657 1.241099073
600971 971.000000 17758100000971000 -0.006923564 -0.161460496 0.555131471 1.234661581
600972 972.000000 17758100000972000 -0.003392877 -0.161239894 0.582792304 1.240717369
600973 973.000000 17758100000973000 0.000154137 -0.160793718 0.622628449 1.226461817
600974 974.000000 17758100000974000 0.003716917 -0.159574655 0.664584171 1.222491458
600975 975.000000 17758100000975000 0.007294902 -0.159523912 0.699957143 1.233319742
600976 976.000000 17758100000976000 0.010887526 -0.158316847 0.746810820 1.254045686
600977 977.000000 17758100000977000 0.014494222 -0.157588723 0.782506990 1.239679499
600978 978.000000 17758100000978000 0.018114420 -0.157103641 0.835133425 1.254273737
600979 979.000000 17758100000979000 0.021747548 -0.155954228 0.863682235 1.242227996
600980 980.000000 17758100000980000 0.025393033 -0.154877214 0.905444991 1.231600880
600981 981.000000 17758100000981000 0.029050302 -0.154159613 0.937086077 1.247288697
600982 982.000000 17758100000982000 0.032718770 -0.152976137 0.985674069 1.209862012
600983 983.000000 17758100000983000 0.036397867 -0.152170517 1.024695809 1.212278426
600984 984.000000 17758100000984000 0.040087007 -0.151465116 1.066452317 1.215118865
600985 985.000000 17758100000985000 0.043785606 -0.150268386 1.108811020 1.172198068
600986 986.000000 17758100000986000 0.047493082 -0.148849586 1.145695351 1.167161529
600987 987.000000 17758100000987000 0.051208850 -0.147320804 1.189373520 1.191307432
600988 988.000000 17758100000988000 0.054932322 -0.146430130 1.234735560 1.175510448
600989 989.000000 17758100000989000 0.058662914 -0.145398818 1.268124820 1.216306079
600990 990.000000 17758100000990000 0.062400028 -0.143817299 1.305920262 1.170055201
600991 991.000000 17758100000991000 0.066143088 -0.142695786 1.338372865 1.192459125
600992 992.000000 17758100000992000 0.069891483 -0.141056840 1.389149859 1.212596400
600993 993.000000 17758100000993000 0.073644638 -0.139590576 1.416687883 1.181065299
600994 994.000000 17758100000994000 0.077401958 -0.138256442 1.444535929 1.165032630
600995 995.000000 17758100000995000 0.081162848 -0.136870410 1.491639854 1.174960562
600996 996.000000 17758100000996000 0.084926702 -0.135041407 1.537728945 1.164758108
600997 997.000000 17758100000997000 0.088692948 -0.133697861 1.564362062 1.107837616
600998 998.000000 17758100000998000 0.092460975 -0.131990115 1.603937806 1.125455483
600999 999.000000 17758100000999000 0.096230187 -0.130691008 1.640154547 1.144258755
601000 1000.000000 17758100001000000 0.100000001 -0.128702322 1.676034520 1.099109188
601001 1001.000000 17758100001001000 0.103769809 -0.127252374 1.713444882 1.071816309
601002 1002.000000 17758100001002000 0.107539028 -0.125324248 1.755977779 1.121957527
601003 1003.000000 17758100001003000 0.111307055 -0.123681155 1.783700779 1.108516675
601004 1004.000000 17758100001004000 0.115073293 -0.121056746 1.827539462 1.089738004
601005 1005.000000 17758100001005000 0.118837155 -0.119708589 1.857617232 1.075056487
601006 1006.000000 17758100001006000 0.122598045 -0.118122811 1.892116408 1.042334899
601007 1007.000000 17758100001007000 0.126355365 -0.115641715 1.925286270 1.094305562
601008 1008.000000 17758100001008000 0.130108520 -0.114040381 1.956346253 1.061874373
601009 1009.000000 17758100001009000 0.133856922 -0.112104698 1.991721232 1.044089284
601010 1010.000000 17758100001010000 0.137599975 -0.109800872 2.034079137 1.007122718
601011 1011.000000 17758100001011000 0.141337082 -0.107886772 2.058678235 1.016692752
601012 1012.000000 17758100001012000 0.145067677 -0.105678873 2.090251808 1.024929233
601013 1013.000000 17758100001013000 0.148791149 -0.103654489 2.112141344 0.998062140
601014 1014.000000 17758100001014000 0.152506918 -0.101451743 2.161644729 0.983245194
601015 1015.000000 17758100001015000 0.156214401 -0.099031635 2.183490424 0.967620369
601016 1016.000000 17758100001016000 0.159912989 -0.097188467 2.222627454 0.957210499
601017 1017.000000 17758100001017000 0.163602129 -0.095096077 2.260819903 0.978827839
601018 1018.000000 17758100001018000 0.167281225 -0.092633066 2.284290321 0.962764399
601019 1019.000000 17758100001019000 0.170949697 -0.090120110 2.313861652 0.967654001
601020 1020.000000 17758100001020000 0.174606964 -0.088110075 2.339533278 0.953506626
601021 1021.000000 17758100001021000 0.178252459 -0.085973328 2.378733111 0.931113170
601022 1022.000000 17758100001022000 0.181885585 -0.083171011 2.407392986 0.909663158
601023 1023.000000 17758100001023000 0.185505778 -0.080911769 2.432126899 0.884900530
601024 1024.000000 17758100001024000 0.189112470 -0.078457479 2.459496788 0.907398253
601025 1025.000000 17758100001025000 0.192705095 -0.075903332 2.478586009 0.910643263
601026 1026.000000 17758100001026000 0.196283087 -0.073322318 2.528989547 0.919761589
601027 1027.000000 17758100001027000 0.199845865 -0.071006230 2.531470636 0.820195038
601028 1028.000000 17758100001028000 0.203392878 -0.068177590 2.581644594 0.878074658
601029 1029.000000 17758100001029000 0.206923559 -0.065560091 2.597864440 0.806380929
601030 1030.000000 17758100001030000 0.210437372 -0.062861045 2.618189240 0.813037638
601031 1031.000000 17758100001031000 0.213933736 -0.059742446 2.652374388 0.795427405
601032 1032.000000 17758100001032000 0.217412099 -0.057646040 2.668502423 0.788781214
601033 1033.000000 17758100001033000 0.220871925 -0.055412395 2.705783207 0.794958804
601034 1034.000000 17758100001034000 0.224312678 -0.052257112 2.722857940 0.766903009
601035 1035.000000 17758100001035000 0.227733791 -0.049418581 2.745987053 0.766575203
601036 1036.000000 17758100001036000 0.231134728 -0.046663026 2.766632157 0.758492351
601037 1037.000000 17758100001037000 0.234514967 -0.043634425 2.793145103 0.729143127
601038 1038.000000 17758100001038000 0.237873957 -0.040929981 2.815663235 0.724226847
601039 1039.000000 17758100001039000 0.241211176 -0.037860763 2.844795188 0.743881515
601040 1040.000000 17758100001040000 0.244526103 -0.035435886 2.858877513 0.734268248
601041 1041.000000 17758100001041000 0.247818202 -0.032541203 2.873963994 0.657690985
601042 1042.000000 17758100001042000 0.251086950 -0.029535485 2.910270917 0.659156127
601043 1043.000000 17758100001043000 0.254331857 -0.026451200 2.921716901 0.673629848
601044 1044.000000 17758100001044000 0.257552385 -0.023280232 2.946890027 0.670148848
601045 1045.000000 17758100001045000 0.260748029 -0.020683378 2.962671834 0.653000250
601046 1046.000000 17758100001046000 0.263918310 -0.017693636 2.988683705 0.603931502
601047 1047.000000 17758100001047000 0.267062694 -0.014756256 3.001386062 0.624731177
601048 1048.000000 17758100001048000 0.270180672 -0.011920137 3.015687449 0.595541030
601049 1049.000000 17758100001049000 0.273271799 -0.008476047 3.040379470 0.572395669
601050 1050.000000 17758100001050000 0.276335567 -0.005353492 3.052310808 0.550641235
601051 1051.000000 17758100001051000 0.279371500 -0.002556607 3.065448506 0.522764693
601052 1052.000000 17758100001052000 0.282379091 0.000818052 3.084710003 0.516330067
601053 1053.000000 17758100001053000 0.285357893 0.003329987 3.105353761 0.512976487
601054 1054.000000 17758100001054000 0.288307399 0.006448915 3.124206400 0.458991071
601055 1055.000000 17758100001055000 0.291227192 0.009633773 3.134440471 0.469814281
601056 1056.000000 17758100001056000 0.294116795 0.012955814 3.144680174 0.477212118
601057 1057.000000 17758100001057000 0.296975732 0.016336402 3.164052983 0.418106475
601058 1058.000000 17758100001058000 0.299803555 0.018989155 3.167600551 0.441748334
601059 1059.000000 17758100001059000 0.302599847 0.022443870 3.189124865 0.459246094
601060 1060.000000 17758100001060000 0.305364132 0.025308660 3.201436905 0.396258592
601061 1061.000000 17758100001061000 0.308095992 0.028962996 3.213977217 0.398056514
601062 1062.000000 17758100001062000 0.310794979 0.031790697 3.222531849 0.371423181
601063 1063.000000 17758100001063000 0.313460708 0.035354811 3.228838920 0.353670566
601064 1064.000000 17758100001064000 0.316092700 0.038607137 3.240865040 0.363513043
601065 1065.000000 17758100001065000 0.318690598 0.041837195 3.249934657 0.331186474
601066 1066.000000 17758100001066000 0.321253926 0.045328546 3.261396831 0.289170948
601067 1067.000000 17758100001067000 0.323782355 0.048503786 3.270009026 0.311358824
601068 1068.000000 17758100001068000 0.326275408 0.051731096 3.273504452 0.332070906
601069 1069.000000 17758100001069000 0.328732759 0.054976368 3.287504808 0.313381109
601070 1070.000000 17758100001070000 0.331153959 0.057997057 3.289580379 0.267912605
601071 1071.000000 17758100001071000 0.333538681 0.061819815 3.287442123 0.238182142
601072 1072.000000 17758100001072000 0.335886538 0.064957445 3.305321567 0.227060421
601073 1073.000000 17758100001073000 0.338197112 0.068603556 3.303768863 0.186182856
601074 1074.000000 17758100001074000 0.340470105 0.071509183 3.308430126 0.207037663
601075 1075.000000 17758100001075000 0.342705101 0.074553737 3.323867283 0.138434782
601076 1076.000000 17758100001076000 0.344901770 0.078320868 3.325844876 0.159589272
601077 1077.000000 17758100001077000 0.347059786 0.081439395 3.325914561 0.127470300
601078 1078.000000 17758100001078000 0.349178761 0.084855440 3.328052567 0.156385363
601079 1079.000000 17758100001079000 0.351258427 0.088037069 3.330875299 0.159208847
601080 1080.000000 17758100001080000 0.353298366 0.091533784 3.336489819 0.128512496
601081 1081.000000 17758100001081000 0.355298340 0.094853105 3.338330760 0.051351543
601082 1082.000000 17758100001082000 0.357257992 0.098224192 3.343688394 0.044723274
601083 1083.000000 17758100001083000 0.359177023 0.101272032 3.336958209 0.063343524
601084 1084.000000 17758100001084000 0.361055136 0.104945215 3.337896812 0.088192688
601085 1085.000000 17758100001085000 0.362892002 0.108130751 3.325655587 0.022502558
601086 1086.000000 17758100001086000 0.364687353 0.111404007 3.337423849 0.000251095
601087 1087.000000 17758100001087000 0.366440922 0.114551062 3.338185773 -0.000006825
601088 1088.000000 17758100001088000 0.368152440 0.117988120 3.327823709 -0.054235455
601089 1089.000000 17758100001089000 0.369821578 0.121522580 3.334790073 -0.032698531
601090 1090.000000 17758100001090000 0.371448129 0.124693283 3.317269174 -0.060090175
601091 1091.000000 17758100001091000 0.373031795 0.128165166 3.319117632 -0.129358042
601092 1092.000000 17758100001092000 0.374572366 0.131143044 3.317906058 -0.091108222
601093 1093.000000 17758100001093000 0.376069546 0.134778073 3.309034672 -0.081734971
601094 1094.000000 17758100001094000 0.377523154 0.137829193 3.302339557 -0.108511180
601095 1095.000000 17758100001095000 0.378932953 0.141162364 3.296131830 -0.088474124
601096 1096.000000 17758100001096000 0.380298674 0.144516190 3.284368504 -0.177598483
601097 1097.000000 17758100001097000 0.381620169 0.147962983 3.281272172 -0.155308906
601098 1098.000000 17758100001098000 0.382897168 0.151308366 3.272640713 -0.128927484
601099 1099.000000 17758100001099000 0.384129494 0.154364799 3.272171854 -0.202190832
601100 1100.000000 17758100001100000 0.385316968 0.157654983 3.261484155 -0.214345078
601101 1101.000000 17758100001101000 0.386459351 0.160901518 3.256476759 -0.208326837
601102 1102.000000 17758100001102000 0.387556523 0.164059534 3.232824031 -0.240804473
601103 1103.000000 17758100001103000 0.388608307 0.167434867 3.225642007 -0.249710501
601104 1104.000000 17758100001104000 0.389614493 0.170267261 3.216724237 -0.249591911
601105 1105.000000 17758100001105000 0.390574962 0.173544770 3.218608248 -0.265155217
601106 1106.000000 17758100001106000 0.391489506 0.177042961 3.201093464 -0.326668454
601107 1107.000000 17758100001107000 0.392358065 0.180394484 3.187284254 -0.297623068
601108 1108.000000 17758100001108000 0.393180430 0.183642926 3.185382040 -0.339065883
601109 1109.000000 17758100001109000 0.393956512 0.186287357 3.160077664 -0.311886404
601110 1110.000000 17758100001110000 0.394686162 0.189981837 3.155437082 -0.365265836
601111 1111.000000 17758100001111000 0.395369291 0.193023383 3.136144601 -0.386466875
601112 1112.000000 17758100001112000 0.396005780 0.196454827 3.117587556 -0.420597003
601113 1113.000000 17758100001113000 0.396595538 0.199129225 3.109277321 -0.398607454
601114 1114.000000 17758100001114000 0.397138417 0.202316224 3.088452851 -0.424119008
601115 1115.000000 17758100001115000 0.397634417 0.205828169 3.074860919 -0.411092350
601116 1116.000000 17758100001116000 0.398083389 0.208304452 3.058586011 -0.445501101
601117 1117.000000 17758100001117000 0.398485303 0.211359215 3.041843125 -0.440441231
601118 1118.000000 17758100001118000 0.398840070 0.214331518 3.014161651 -0.492546258
601119 1119.000000 17758100001119000 0.399147660 0.217037631 3.008168398 -0.517512180
601120 1120.000000 17758100001120000 0.399408013 0.220227240 2.976822951 -0.500141007
601121 1121.000000 17758100001121000 0.399621099 0.223157540 2.966511487 -0.542458703
601122 1122.000000 17758100001122000 0.399786830 0.226649725 2.945820529 -0.532023473
601123 1123.000000 17758100001123000 0.399905264 0.229242329 2.932712647 -0.552911719
601124 1124.000000 17758100001124000 0.399976313 0.232453691 2.911054562 -0.577988188
601125 1125.000000 17758100001125000 0.400000006 0.235323272 2.883402123 -0.574719687
601126 1126.000000 17758100001126000 0.399976313 0.237981166 2.858500408 -0.572283439
601127 1127.000000 17758100001127000 0.399905264 0.240620594 2.831234895 -0.623081421
601128 1128.000000 17758100001128000 0.399786830 0.243477245 2.823619430 -0.614137104
601129 1129.000000 17758100001129000 0.399621099 0.246166344 2.794879022 -0.616346023
601130 1130.000000 17758100001130000 0.399408013 0.248988750 2.766237685 -0.666715177
601131 1131.000000 17758100001131000 0.399147660 0.251603048 2.749873736 -0.693293652
601132 1132.000000 17758100001132000 0.398840070 0.254524515 2.722667215 -0.677429268
601133 1133.000000 17758100001133000 0.398485303 0.257394786 2.697703358 -0.672965399
601134 1134.000000 17758100001134000 0.398083389 0.259666845 2.671358117 -0.698443792
601135 1135.000000 17758100001135000 0.397634417 0.262450264 2.646090867 -0.698446253
601136 1136.000000 17758100001136000 0.397138417 0.265335225 2.618427469 -0.733594738
601137 1137.000000 17758100001137000 0.396595538 0.267662944 2.591523497 -0.727084775
601138 1138.000000 17758100001138000 0.396005780 0.270171464 2.572045559 -0.789358709
601139 1139.000000 17758100001139000 0.395369291 0.272787150 2.542683371 -0.738576217
601140 1140.000000 17758100001140000 0.394686162 0.275533390 2.517802729 -0.773088586
601141 1141.000000 17758100001141000 0.393956512 0.278237983 2.492173136 -0.798883661
601142 1142.000000 17758100001142000 0.393180430 0.280650823 2.470538280 -0.784686353
601143 1143.000000 17758100001143000 0.392358065 0.282569298 2.435424344 -0.825031339
601144 1144.000000 17758100001144000 0.391489506 0.285205540 2.405132483 -0.816391245
601145 1145.000000 17758100001145000 0.390574962 0.287630906 2.376732449 -0.804742588
601146 1146.000000 17758100001146000 0.389614493 0.289875452 2.337368280 -0.811756949
601147 1147.000000 17758100001147000 0.388608307 0.292014282 2.317560876 -0.863981806
601148 1148.000000 17758100001148000 0.387556523 0.294767216 2.290285598 -0.915596110
601149 1149.000000 17758100001149000 0.386459351 0.296877864 2.257714511 -0.907901433
601150 1150.000000 17758100001150000 0.385316968 0.299257959 2.225688570 -0.899367075
601151 1151.000000 17758100001151000 0.384129494 0.301159460 2.193927834 -0.921928247
601152 1152.000000 17758100001152000 0.382897168 0.303435020 2.168640525 -0.893020714
601153 1153.000000 17758100001153000 0.381620169 0.305633196 2.124414223 -0.926568292
601154 1154.000000 17758100001154000 0.380298674 0.307516679 2.088785287 -0.958859181
601155 1155.000000 17758100001155000 0.378932953 0.309513338 2.064386931 -0.964789121
601156 1156.000000 17758100001156000 0.377523154 0.312077970 2.036924634 -0.961994410
601157 1157.000000 17758100001157000 0.376069546 0.313958823 1.997892416 -0.972020398
601158 1158.000000 17758100001158000 0.374572366 0.315700949 1.955049432 -0.970750524
601159 1159.000000 17758100001159000 0.373031795 0.317560713 1.938149450 -1.004617049
601160 1160.000000 17758100001160000 0.371448129 0.319349668 1.893418135 -0.989477237
601161 1161.000000 17758100001161000 0.369821578 0.321580151 1.863263317 -1.051374968
601162 1162.000000 17758100001162000 0.368152440 0.323142909 1.824637010 -1.011181581
601163 1163.000000 17758100001163000 0.366440922 0.324925977 1.789235519 -1.031964711
601164 1164.000000 17758100001164000 0.364687353 0.326642412 1.756813031 -1.042411559
601165 1165.000000 17758100001165000 0.362892002 0.328472308 1.717054323 -1.046385010
601166 1166.000000 17758100001166000 0.361055136 0.330219083 1.685615945 -1.052038237
601167 1167.000000 17758100001167000 0.359177023 0.332039015 1.645264262 -1.083053652
601168 1168.000000 17758100001168000 0.357257992 0.333172934 1.606674847 -1.043819658
601169 1169.000000 17758100001169000 0.355298340 0.335192386 1.570149171 -1.080834287
601170 1170.000000 17758100001170000 0.353298366 0.337050827 1.531934554 -1.091897246
601171 1171.000000 17758100001171000 0.351258427 0.337913116 1.493369752 -1.088603338
601172 1172.000000 17758100001172000 0.349178761 0.339525855 1.464173853 -1.109174311
601173 1173.000000 17758100001173000 0.347059786 0.341150274 1.426672478 -1.120018481
601174 1174.000000 17758100001174000 0.344901770 0.342113072 1.376844418 -1.122699081
601175 1175.000000 17758100001175000 0.342705101 0.343706323 1.345962411 -1.119339013
601176 1176.000000 17758100001176000 0.340470105 0.344725724 1.313260368 -1.141258499
601177 1177.000000 17758100001177000 0.338197112 0.345922342 1.272944110 -1.121008819
601178 1178.000000 17758100001178000 0.335886538 0.347399019 1.228742190 -1.146598977
601179 1179.000000 17758100001179000 0.333538681 0.348600038 1.194899628 -1.152086705
601180 1180.000000 17758100001180000 0.331153959 0.350132472 1.149965822 -1.174528234
601181 1181.000000 17758100001181000 0.328732759 0.350720519 1.119562861 -1.211501129
601182 1182.000000 17758100001182000 0.326275408 0.352231511 1.075651464 -1.147168798
601183 1183.000000 17758100001183000 0.323782355 0.352979536 1.035216295 -1.151758522
601184 1184.000000 17758100001184000 0.321253926 0.354052836 0.997309767 -1.178890442
601185 1185.000000 17758100001185000 0.318690598 0.355028942 0.952064835 -1.207042803
601186 1186.000000 17758100001186000 0.316092700 0.355521838 0.916644418 -1.220048165
601187 1187.000000 17758100001187000 0.313460708 0.356667791 0.869378930 -1.194689694
601188 1188.000000 17758100001188000 0.310794979 0.357922576 0.827252559 -1.198925448
601189 1189.000000 17758100001189000 0.308095992 0.358218283 0.795507949 -1.210343692
601190 1190.000000 17758100001190000 0.305364132 0.359435912 0.747785368 -1.244140234
601191 1191.000000 17758100001191000 0.302599847 0.359822508 0.704153424 -1.198710651
601192 1192.000000 17758100001192000 0.299803555 0.360585003 0.667441701 -1.243060214
601193 1193.000000 17758100001193000 0.296975732 0.360839112 0.627627925 -1.235985068
601194 1194.000000 17758100001194000 0.294116795 0.361415822 0.594128770 -1.209667821
601195 1195.000000 17758100001195000 0.291227192 0.362556715 0.541152294 -1.219492167
601196 1196.000000 17758100001196000 0.288307399 0.362975978 0.499934375 -1.256357467
601197 1197.000000 17758100001197000 0.285357893 0.363099603 0.460948719 -1.253578583
601198 1198.000000 17758100001198000 0.282379091 0.363453839 0.420483432 -1.229468979
601199 1199.000000 17758100001199000 0.279371500 0.364143879 0.376368964 -1.239622084
601200 1200.000000 17758100001200000 0.276335567 0.364353226 0.333460534 -1.243135021
601201 1201.000000 17758100001201000 0.273271799 0.364451849 0.297741023 -1.248741033
601202 1202.000000 17758100001202000 0.270180672 0.364803097 0.258106105 -1.235433167
601203 1203.000000 17758100001203000 0.267062694 0.365009554 0.212236925 -1.272292017
601204 1204.000000 17758100001204000 0.263918310 0.365151772 0.170008063 -1.278407775
601205 1205.000000 17758100001205000 0.260748029 0.364979489 0.134731805 -1.268583674
601206 1206.000000 17758100001206000 0.257552385 0.365563436 0.089598410 -1.255300938
601207 1207.000000 17758100001207000 0.254331857 0.365494866 0.044643132 -1.239292825
601208 1208.000000 17758100001208000 0.251086950 0.365410872 0.005576964 -1.216495607
601209 1209.000000 17758100001209000 0.247818202 0.365594752 -0.035790541 -1.249163598
601210 1210.000000 17758100001210000 0.244526103 0.365379145 -0.080906452 -1.273039077
601211 1211.000000 17758100001211000 0.241211176 0.365799239 -0.123013388 -1.255738375
601212 1212.000000 17758100001212000 0.237873957 0.365113264 -0.168830419 -1.264708971
601213 1213.000000 17758100001213000 0.234514967 0.364894214 -0.202952763 -1.308011915
601214 1214.000000 17758100001214000 0.231134728 0.364266847 -0.263100590 -1.234502353
601215 1215.000000 17758100001215000 0.227733791 0.364321212 -0.288265300 -1.241242104
601216 1216.000000 17758100001216000 0.224312678 0.363770939 -0.321962773 -1.255875130
601217 1217.000000 17758100001217000 0.220871925 0.363784949 -0.370673603 -1.241889043
601218 1218.000000 17758100001218000 0.217412099 0.362849332 -0.417890706 -1.255796058
601219 1219.000000 17758100001219000 0.213933736 0.362746553 -0.456560501 -1.247823651
601220 1220.000000 17758100001220000 0.210437372 0.362048557 -0.505137773 -1.258705697
601221 1221.000000 17758100001221000 0.206923559 0.361485841 -0.543476401 -1.246035786
601222 1222.000000 17758100001222000 0.203392878 0.360890406 -0.574017579 -1.265204577
601223 1223.000000 17758100001223000 0.199845865 0.360830811 -0.625042554 -1.272235781
601224 1224.000000 17758100001224000 0.196283087 0.359983679 -0.658800235 -1.275713746
601225 1225.000000 17758100001225000 0.192705095 0.359426853 -0.706387501 -1.262935841
601226 1226.000000 17758100001226000 0.189112470 0.358585328 -0.748495821 -1.245981543
601227 1227.000000 17758100001227000 0.185505778 0.357677482 -0.780126998 -1.263936526
601228 1228.000000 17758100001228000 0.181885585 0.356971666 -0.828110295 -1.214479380
601229 1229.000000 17758100001229000 0.178252459 0.355818764 -0.862642376 -1.235919980
601230 1230.000000 17758100001230000 0.174606964 0.354967245 -0.901736188 -1.255175078
601231 1231.000000 17758100001231000 0.170949697 0.354286262 -0.948620571 -1.190624033
601232 1232.000000 17758100001232000 0.167281225 0.353140209 -0.982759408 -1.206023834
601233 1233.000000 17758100001233000 0.163602129 0.352269434 -1.026925313 -1.224833080
601234 1234.000000 17758100001234000 0.159912989 0.351071312 -1.074094807 -1.187627511
601235 1235.000000 17758100001235000 0.156214401 0.349869890 -1.104565691 -1.219012909
601236 1236.000000 17758100001236000 0.152506918 0.348837904 -1.140446111 -1.178329527
601237 1237.000000 17758100001237000 0.148791149 0.347540949 -1.182311605 -1.228675864
601238 1238.000000 17758100001238000 0.145067677 0.346145164 -1.223778251 -1.224188946
601239 1239.000000 17758100001239000 0.141337082 0.345202969 -1.270644412 -1.174248786
601240 1240.000000 17758100001240000 0.137599975 0.343838390 -1.298264200 -1.186063850
601241 1241.000000 17758100001241000 0.133856922 0.342210519 -1.347014459 -1.168539234
601242 1242.000000 17758100001242000 0.130108520 0.341223245 -1.378486865 -1.166501672
601243 1243.000000 17758100001243000 0.126355365 0.339482018 -1.422587875 -1.187510457
601244 1244.000000 17758100001244000 0.122598045 0.338365701 -1.461628722 -1.143034437
601245 1245.000000 17758100001245000 0.118837155 0.336407543 -1.490978122 -1.165255621
601246 1246.000000 17758100001246000 0.115073293 0.335312725 -1.540258630 -1.144426715
601247 1247.000000 17758100001247000 0.111307055 0.333615223 -1.576384159 -1.096353979
601248 1248.000000 17758100001248000 0.107539028 0.332238582 -1.601551371 -1.135655577
601249 1249.000000 17758100001249000 0.103769809 0.330458176 -1.643780823 -1.091536496
601250 1250.000000 17758100001250000 0.100000001 0.328695503 -1.677367956 -1.085679165
601251 1251.000000 17758100001251000 0.096230187 0.327268655 -1.720056039 -1.102181004
601252 1252.000000 17758100001252000 0.092460975 0.325282625 -1.750695848 -1.127046261
601253 1253.000000 17758100001253000 0.088692948 0.323579438 -1.778322962 -1.093034021
601254 1254.000000 17758100001254000 0.084926702 0.321467150 -1.830249382 -1.086803230
601255 1255.000000 17758100001255000 0.081162848 0.319958091 -1.861626114 -1.057903239
601256 1256.000000 17758100001256000 0.077401958 0.317934173 -1.888586084 -1.089082467
601257 1257.000000 17758100001257000 0.073644638 0.315733442 -1.921347575 -1.080258100
601258 1258.000000 17758100001258000 0.069891483 0.313852154 -1.963631401 -1.057700074
601259 1259.000000 17758100001259000 0.066143088 0.311906421 -1.996550139 -1.088538695
601260 1260.000000 17758100001260000 0.062400028 0.309589966 -2.021045111 -1.019492188
601261 1261.000000 17758100001261000 0.058662914 0.308045747 -2.056024975 -1.013961714
601262 1262.000000 17758100001262000 0.054932322 0.305750908 -2.091440015 -1.035473469
601263 1263.000000 17758100001263000 0.051208850 0.303884507 -2.122906043 -0.974013745
601264 1264.000000 17758100001264000 0.047493082 0.301418213 -2.158898311 -1.013168714
601265 1265.000000 17758100001265000 0.043785606 0.299290862 -2.184173050 -1.030102004
601266 1266.000000 17758100001266000 0.040087007 0.297104043 -2.214264301 -1.007544914
601267 1267.000000 17758100001267000 0.036397867 0.295145071 -2.248122994 -0.975055591
601268 1268.000000 17758100001268000 0.032718770 0.292421256 -2.281359383 -0.925327651
601269 1269.000000 17758100001269000 0.029050302 0.290309492 -2.311060352 -0.940962809
601270 1270.000000 17758100001270000 0.025393033 0.287660581 -2.348957146 -0.977651387
601271 1271.000000 17758100001271000 0.021747548 0.285510253 -2.367687501 -0.924158464
601272 1272.000000 17758100001272000 0.018114420 0.283042023 -2.398564825 -0.914678485
601273 1273.000000 17758100001273000 0.014494222 0.280411699 -2.428948290 -0.931385917
601274 1274.000000 17758100001274000 0.010887526 0.278041135 -2.464750107 -0.908276897
601275 1275.000000 17758100001275000 0.007294902 0.275516181 -2.493042528 -0.898313981
601276 1276.000000 17758100001276000 0.003716917 0.273025747 -2.516988202 -0.876328188
601277 1277.000000 17758100001277000 0.000154137 0.270605571 -2.545398672 -0.844084194
601278 1278.000000 17758100001278000 -0.003392877 0.267929058 -2.577842836 -0.841758001
601279 1279.000000 17758100001279000 -0.006923564 0.265279269 -2.599900471 -0.800176936
601280 1280.000000 17758100001280000 -0.010437366 0.262628900 -2.617767791 -0.854603123
601281 1281.000000 17758100001281000 -0.013933728 0.260180874 -2.653840058 -0.832444783
601282 1282.000000 17758100001282000 -0.017412100 0.257725328 -2.678834849 -0.818410454
601283 1283.000000 17758100001283000 -0.020871930 0.255206372 -2.703718071 -0.806628472
601284 1284.000000 17758100001284000 -0.024312675 0.252079301 -2.728416620 -0.790280359
601285 1285.000000 17758100001285000 -0.027733788 0.249734638 -2.747281695 -0.757923454
601286 1286.000000 17758100001286000 -0.031134730 0.246284352 -2.768654944 -0.724811454
601287 1287.000000 17758100001287000 -0.034514964 0.243934467 -2.795972741 -0.719096267
601288 1288.000000 17758100001288000 -0.037873957 0.240954899 -2.808650455 -0.709163732
601289 1289.000000 17758100001289000 -0.041211180 0.238292071 -2.838398123 -0.705208189
601290 1290.000000 17758100001290000 -0.044526104 0.235211660 -2.866200922 -0.707759992
601291 1291.000000 17758100001291000 -0.047818203 0.232405714 -2.879705507 -0.696335718
601292 1292.000000 17758100001292000 -0.051086962 0.229588887 -2.904866001 -0.644272770
601293 1293.000000 17758100001293000 -0.054331861 0.226644167 -2.924754192 -0.654473588
601294 1294.000000 17758100001294000 -0.057552390 0.223540870 -2.934606875 -0.635331455
601295 1295.000000 17758100001295000 -0.060748037 0.220893718 -2.964330479 -0.610263835
601296 1296.000000 17758100001296000 -0.063918307 0.217771473 -2.983711551 -0.581494094
601297 1297.000000 17758100001297000 -0.067062683 0.214656973 -3.003557214 -0.586725443
601298 1298.000000 17758100001298000 -0.070180684 0.211689319 -3.017447652 -0.558892874
601299 1299.000000 17758100001299000 -0.073271811 0.208470664 -3.033723682 -0.565457769
601300 1300.000000 17758100001300000 -0.076335579 0.205876935 -3.057037883 -0.561879599
601301 1301.000000 17758100001301000 -0.079371497 0.202729228 -3.065533339 -0.555079049
601302 1302.000000 17758100001302000 -0.082379088 0.199635472 -3.088724772 -0.529856377
601303 1303.000000 17758100001303000 -0.085357882 0.196571480 -3.100984231 -0.544631441
601304 1304.000000 17758100001304000 -0.088307410 0.193159597 -3.115467556 -0.530964083
601305 1305.000000 17758100001305000 -0.091227196 0.190479510 -3.132206757 -0.470185780
601306 1306.000000 17758100001306000 -0.094116792 0.186740703 -3.148858014 -0.478738036
601307 1307.000000 17758100001307000 -0.096975729 0.183986468 -3.159480260 -0.445995740
601308 1308.000000 17758100001308000 -0.099803559 0.180239748 -3.164845234 -0.438126896
601309 1309.000000 17758100001309000 -0.102599844 0.177213427 -3.186547952 -0.458476722
601310 1310.000000 17758100001310000 -0.105364129 0.174638638 -3.196443833 -0.411774253
601311 1311.000000 17758100001311000 -0.108095989 0.171159365 -3.203496624 -0.421813340
601312 1312.000000 17758100001312000 -0.110794991 0.167731676 -3.228077622 -0.390958391
601313 1313.000000 17758100001313000 -0.113460705 0.164511601 -3.225470305 -0.384984526
601314 1314.000000 17758100001314000 -0.116092704 0.161240458 -3.240250081 -0.310929034
601315 1315.000000 17758100001315000 -0.118690588 0.158058925 -3.258213217 -0.335144939
601316 1316.000000 17758100001316000 -0.121253937 0.154539551 -3.271030864 -0.308846861
601317 1317.000000 17758100001317000 -0.123782344 0.151392218 -3.268689077 -0.334434100
601318 1318.000000 17758100001318000 -0.126275420 0.148357185 -3.280664756 -0.276294664
601319 1319.000000 17758100001319000 -0.128732756 0.145256879 -3.289427167 -0.277385529
601320 1320.000000 17758100001320000 -0.131153971 0.141515735 -3.288037302 -0.287148548
601321 1321.000000 17758100001321000 -0.133538693 0.138255775 -3.287427954 -0.266334162
601322 1322.000000 17758100001322000 -0.135886535 0.135247153 -3.308772854 -0.204254134
601323 1323.000000 17758100001323000 -0.138197124 0.132039240 -3.303581508 -0.216041470
601324 1324.000000 17758100001324000 -0.140470102 0.128498218 -3.319905457 -0.201125463
601325 1325.000000 17758100001325000 -0.142705098 0.125135723 -3.321506135 -0.198691304
601326 1326.000000 17758100001326000 -0.144901782 0.121745873 -3.320168787 -0.182550349
601327 1327.000000 17758100001327000 -0.147059783 0.118483134 -3.334041718 -0.136606955
601328 1328.000000 17758100001328000 -0.149178773 0.115509718 -3.322960652 -0.104953367
601329 1329.000000 17758100001329000 -0.151258409 0.111575108 -3.322514958 -0.113367673
601330 1330.000000 17758100001330000 -0.153298378 0.108431955 -3.331378078 -0.133732217
601331 1331.000000 17758100001331000 -0.155298337 0.105354283 -3.342012051 -0.094914035
601332 1332.000000 17758100001332000 -0.157258004 0.101856811 -3.343116375 -0.092074110
601333 1333.000000 17758100001333000 -0.159177020 0.098591836 -3.332787322 -0.075312089
601334 1334.000000 17758100001334000 -0.161055133 0.095591100 -3.333496362 -0.071751235
601335 1335.000000 17758100001335000 -0.162891999 0.091835069 -3.334508056 -0.039212120
601336 1336.000000 17758100001336000 -0.164687365 0.088355720 -3.340670997 -0.012185886
601337 1337.000000 17758100001337000 -0.166440934 0.085012633 -3.334461546 -0.024237531
601338 1338.000000 17758100001338000 -0.168152422 0.081747299 -3.319735162 0.028420434
601339 1339.000000 17758100001339000 -0.169821575 0.078631302 -3.334511262 0.014692107
601340 1340.000000 17758100001340000 -0.171448112 0.075229552 -3.327034428 0.014877046
601341 1341.000000 17758100001341000 -0.173031792 0.071607732 -3.326447115 0.034964504
601342 1342.000000 17758100001342000 -0.174572349 0.068412093 -3.321679505 0.072096369
601343 1343.000000 17758100001343000 -0.176069558 0.064996795 -3.311525647 0.113535013
601344 1344.000000 17758100001344000 -0.177523166 0.061817918 -3.309910645 0.111933505
601345 1345.000000 17758100001345000 -0.178932950 0.058433389 -3.296222004 0.096407357
601346 1346.000000 17758100001346000 -0.180298686 0.055358532 -3.293713400 0.146192376
601347 1347.000000 17758100001347000 -0.181620151 0.052697365 -3.281734484 0.167983574
601348 1348.000000 17758100001348000 -0.182897165 0.048587403 -3.278991805 0.173242410
601349 1349.000000 17758100001349000 -0.184129491 0.045363818 -3.273224467 0.184533203
601350 1350.000000 17758100001350000 -0.185316950 0.042312601 -3.268212358 0.220083718
601351 1351.000000 17758100001351000 -0.186459363 0.038845675 -3.259414898 0.241872186
601352 1352.000000 17758100001352000 -0.187556535 0.035708278 -3.240075768 0.212796436
601353 1353.000000 17758100001353000 -0.188608304 0.032032792 -3.226597072 0.298749615
601354 1354.000000 17758100001354000 -0.189614490 0.029202343 -3.228286478 0.273295225
601355 1355.000000 17758100001355000 -0.190574944 0.026488464 -3.210823625 0.291056834
601356 1356.000000 17758100001356000 -0.191489518 0.022290094 -3.208936851 0.304006978
601357 1357.000000 17758100001357000 -0.192358062 0.019722839 -3.180558299 0.293992184
601358 1358.000000 17758100001358000 -0.193180442 0.016347755 -3.173191753 0.330291488
601359 1359.000000 17758100001359000 -0.193956509 0.012908372 -3.165953128 0.361130521
601360 1360.000000 17758100001360000 -0.194686174 0.010205997 -3.153813687 0.348429373
601361 1361.000000 17758100001361000 -0.195369303 0.006678575 -3.117113022 0.375826362
601362 1362.000000 17758100001362000 -0.196005777 0.004043859 -3.110206408 0.401489056
601363 1363.000000 17758100001363000 -0.196595520 0.000788466 -3.095481269 0.431348138
601364 1364.000000 17758100001364000 -0.197138429 -0.002131324 -3.086631488 0.412997097
601365 1365.000000 17758100001365000 -0.197634414 -0.005258678 -3.068381539 0.429770206
601366 1366.000000 17758100001366000 -0.198083386 -0.008139980 -3.062493396 0.431582606
601367 1367.000000 17758100001367000 -0.198485300 -0.011403533 -3.042338677 0.477612605
601368 1368.000000 17758100001368000 -0.198840082 -0.014394255 -3.025828037 0.479909981
601369 1369.000000 17758100001369000 -0.199147671 -0.017790120 -2.997702785 0.493343374
601370 1370.000000 17758100001370000 -0.199408025 -0.020022122 -2.985619057 0.523457633
601371 1371.000000 17758100001371000 -0.199621081 -0.023381901 -2.969926003 0.510494270
601372 1372.000000 17758100001372000 -0.199786842 -0.026356501 -2.940808179 0.538385876
601373 1373.000000 17758100001373000 -0.199905261 -0.029290611 -2.927731172 0.591799659
601374 1374.000000 17758100001374000 -0.199976310 -0.032412821 -2.901127886 0.540051682
601375 1375.000000 17758100001375000 -0.200000003 -0.034571376 -2.896044668 0.547242223
601376 1376.000000 17758100001376000 -0.199976310 -0.037946551 -2.871640048 0.603684722
601377 1377.000000 17758100001377000 -0.199905261 -0.040866008 -2.850421546 0.613030046
601378 1378.000000 17758100001378000 -0.199786842 -0.043540811 -2.823244350 0.601562820
601379 1379.000000 17758100001379000 -0.199621081 -0.046223661 -2.792932411 0.641773021
601380 1380.000000 17758100001380000 -0.199408025 -0.049387350 -2.772008219 0.659185064
601381 1381.000000 17758100001381000 -0.199147671 -0.051812245 -2.746960821 0.671584650
601382 1382.000000 17758100001382000 -0.198840082 -0.054680214 -2.721954681 0.696314304
601383 1383.000000 17758100001383000 -0.198485300 -0.057387864 -2.716475163 0.719314286
601384 1384.000000 17758100001384000 -0.198083386 -0.059836700 -2.670853669 0.692658049
601385 1385.000000 17758100001385000 -0.197634414 -0.062558341 -2.653513275 0.716749267
601386 1386.000000 17758100001386000 -0.197138429 -0.065212985 -2.631689269 0.745827739
601387 1387.000000 17758100001387000 -0.196595520 -0.068176463 -2.597428887 0.744587522
601388 1388.000000 17758100001388000 -0.196005777 -0.071089256 -2.572752238 0.805248923
601389 1389.000000 17758100001389000 -0.195369303 -0.072917811 -2.538842105 0.754873288
601390 1390.000000 17758100001390000 -0.194686174 -0.075733695 -2.518774859 0.776067028
601391 1391.000000 17758100001391000 -0.193956509 -0.077996972 -2.490465614 0.807609661
601392 1392.000000 17758100001392000 -0.193180442 -0.080072453 -2.460848265 0.818330955
601393 1393.000000 17758100001393000 -0.192358062 -0.082803814 -2.430309741 0.800284365
601394 1394.000000 17758100001394000 -0.191489518 -0.085112229 -2.410367790 0.833631402
601395 1395.000000 17758100001395000 -0.190574944 -0.087703243 -2.376626868 0.852198003
601396 1396.000000 17758100001396000 -0.189614490 -0.090178452 -2.345873936 0.855642016
601397 1397.000000 17758100001397000 -0.188608304 -0.092091008 -2.318883258 0.878650918
601398 1398.000000 17758100001398000 -0.187556535 -0.094524691 -2.279359700 0.878615402
601399 1399.000000 17758100001399000 -0.186459363 -0.096812554 -2.255209222 0.859751341
601400 1400.000000 17758100001400000 -0.185316950 -0.099283369 -2.226958297 0.914766823
601401 1401.000000 17758100001401000 -0.184129491 -0.101191109 -2.195685823 0.911878476
601402 1402.000000 17758100001402000 -0.182897165 -0.103644257 -2.166345282 0.930212328
601403 1403.000000 17758100001403000 -0.181620151 -0.106171155 -2.132631472 0.919367783
601404 1404.000000 17758100001404000 -0.180298686 -0.107586008 -2.096480009 0.938991303
601405 1405.000000 17758100001405000 -0.178932950 -0.109940511 -2.066600628 0.945686410
601406 1406.000000 17758100001406000 -0.177523166 -0.111262832 -2.038473064 0.948359044
601407 1407.000000 17758100001407000 -0.176069558 -0.113794029 -1.999727553 1.021750293
601408 1408.000000 17758100001408000 -0.174572349 -0.115843770 -1.970765519 0.973941137
601409 1409.000000 17758100001409000 -0.173031792 -0.117577974 -1.942864778 0.973705447
601410 1410.000000 17758100001410000 -0.171448112 -0.119514598 -1.889704804 1.014973951
601411 1411.000000 17758100001411000 -0.169821575 -0.121512985 -1.859171312 1.042719106
601412 1412.000000 17758100001412000 -0.168152422 -0.123334270 -1.818770444 1.037969715
601413 1413.000000 17758100001413000 -0.166440934 -0.125352227 -1.788934394 1.057726176
601414 1414.000000 17758100001414000 -0.164687365 -0.126598215 -1.759320920 1.046082618
601415 1415.000000 17758100001415000 -0.162891999 -0.128444857 -1.729597976 1.059415060
601416 1416.000000 17758100001416000 -0.161055133 -0.130072904 -1.683882646 1.058507776
601417 1417.000000 17758100001417000 -0.159177020 -0.132006856 -1.646626650 1.027379324
601418 1418.000000 17758100001418000 -0.157258004 -0.133493944 -1.608270606 1.054697336
601419 1419.000000 17758100001419000 -0.155298337 -0.134725265 -1.571842848 1.101355097
601420 1420.000000 17758100001420000 -0.153298378 -0.136440827 -1.527573482 1.089264406
601421 1421.000000 17758100001421000 -0.151258409 -0.138147193 -1.502880602 1.076474409
601422 1422.000000 17758100001422000 -0.149178773 -0.139525998 -1.457539481 1.102802460
601423 1423.000000 17758100001423000 -0.147059783 -0.141032522 -1.423358765 1.107489932
601424 1424.000000 17758100001424000 -0.144901782 -0.142102204 -1.385237675 1.116112889
601425 1425.000000 17758100001425000 -0.142705098 -0.143600360 -1.352370649 1.160682946
601426 1426.000000 17758100001426000 -0.140470102 -0.144910387 -1.306319561 1.154873149
601427 1427.000000 17758100001427000 -0.138197124 -0.145940485 -1.269759511 1.165666850
601428 1428.000000 17758100001428000 -0.135886535 -0.147381314 -1.240488173 1.147281234
601429 1429.000000 17758100001429000 -0.133538693 -0.148339011 -1.190274597 1.188951893
601430 1430.000000 17758100001430000 -0.131153971 -0.149976148 -1.148219234 1.121945522
601431 1431.000000 17758100001431000 -0.128732756 -0.150886019 -1.116411446 1.143586839
601432 1432.000000 17758100001432000 -0.126275420 -0.151921209 -1.076376487 1.167304785
601433 1433.000000 17758100001433000 -0.123782344 -0.152979504 -1.034755572 1.153877941
601434 1434.000000 17758100001434000 -0.121253937 -0.153912458 -0.993836170 1.171612533
601435 1435.000000 17758100001435000 -0.118690588 -0.154776266 -0.953615893 1.176458281
601436 1436.000000 17758100001436000 -0.116092704 -0.155865084 -0.914784561 1.178390424
601437 1437.000000 17758100001437000 -0.113460705 -0.156876518 -0.883122753 1.193461087
601438 1438.000000 17758100001438000 -0.110794991 -0.157411996 -0.833620977 1.156731528
601439 1439.000000 17758100001439000 -0.108095989 -0.158554915 -0.794571855 1.182357621
601440 1440.000000 17758100001440000 -0.105364129 -0.159424843 -0.745159072 1.189715244
601441 1441.000000 17758100001441000 -0.102599844 -0.159869766 -0.707395265 1.233723530
601442 1442.000000 17758100001442000 -0.099803559 -0.160723686 -0.667008352 1.230733596
601443 1443.000000 17758100001443000 -0.096975729 -0.160885390 -0.626681560 1.229583997
601444 1444.000000 17758100001444000 -0.094116792 -0.161757363 -0.590354769 1.238640065
601445 1445.000000 17758100001445000 -0.091227196 -0.162419341 -0.549917327 1.248092666
601446 1446.000000 17758100001446000 -0.088307410 -0.163010914 -0.501418385 1.243587697
601447 1447.000000 17758100001447000 -0.085357882 -0.163056875 -0.461474261 1.254125423
601448 1448.000000 17758100001448000 -0.082379088 -0.164066839 -0.422208658 1.260963655
601449 1449.000000 17758100001449000 -0.079371497 -0.164481059 -0.377772938 1.249335644
601450 1450.000000 17758100001450000 -0.076335579 -0.164394929 -0.339617009 1.243523874
601451 1451.000000 17758100001451000 -0.073271811 -0.164541738 -0.294876321 1.260534799
601452 1452.000000 17758100001452000 -0.070180684 -0.165307067 -0.256273827 1.241691553
601453 1453.000000 17758100001453000 -0.067062683 -0.165173896 -0.209809262 1.258363243
601454 1454.000000 17758100001454000 -0.063918307 -0.165303105 -0.179262343 1.257978910
601455 1455.000000 17758100001455000 -0.060748037 -0.165824270 -0.133190290 1.230593342
601456 1456.000000 17758100001456000 -0.057552390 -0.165776039 -0.083525568 1.245649117
601457 1457.000000 17758100001457000 -0.054331861 -0.165108675 -0.051682914 1.246102889
601458 1458.000000 17758100001458000 -0.051086962 -0.165750016 0.005026797 1.244029627
601459 1459.000000 17758100001459000 -0.047818203 -0.165836495 0.032040781 1.254938217
601460 1460.000000 17758100001460000 -0.044526104 -0.165274358 0.089800210 1.265046734
601461 1461.000000 17758100001461000 -0.041211180 -0.165619654 0.128454200 1.223177611
601462 1462.000000 17758100001462000 -0.037873957 -0.164980522 0.176914314 1.276408298
601463 1463.000000 17758100001463000 -0.034514964 -0.164968806 0.208698609 1.267808862
601464 1464.000000 17758100001464000 -0.031134730 -0.164491914 0.251518314 1.264192400
601465 1465.000000 17758100001465000 -0.027733788 -0.164727511 0.296963321 1.248350758
601466 1466.000000 17758100001466000 -0.024312675 -0.164215981 0.330247000 1.260063235
601467 1467.000000 17758100001467000 -0.020871930 -0.163676319 0.375957818 1.260225991
601468 1468.000000 17758100001468000 -0.017412100 -0.163222291 0.410848627 1.221533880
601469 1469.000000 17758100001469000 -0.013933728 -0.162628076 0.458487607 1.234476439
601470 1470.000000 17758100001470000 -0.010437366 -0.162058154 0.496985075 1.246258308
601471 1471.000000 17758100001471000 -0.006923564 -0.161918536 0.535709686 1.243144656
601472 1472.000000 17758100001472000 -0.003392877 -0.160999109 0.583751496 1.251306425
601473 1473.000000 17758100001473000 0.000154137 -0.160726978 0.627783192 1.272119876
601474 1474.000000 17758100001474000 0.003716917 -0.160103277 0.657690039 1.255977312
601475 1475.000000 17758100001475000 0.007294902 -0.159225916 0.712473449 1.254599346
601476 1476.000000 17758100001476000 0.010887526 -0.158763501 0.752595064 1.221153335
601477 1477.000000 17758100001477000 0.014494222 -0.157604872 0.788815557 1.258238649
601478 1478.000000 17758100001478000 0.018114420 -0.156866056 0.830747837 1.244994359
601479 1479.000000 17758100001479000 0.021747548 -0.156019566 0.870851828 1.249434898
601480 1480.000000 17758100001480000 0.025393033 -0.154970733 0.906155926 1.203950062
601481 1481.000000 17758100001481000 0.029050302 -0.154172654 0.946922817 1.206103155
601482 1482.000000 17758100001482000 0.032718770 -0.153174764 0.992012806 1.245506032
601483 1483.000000 17758100001483000 0.036397867 -0.152287507 1.034398782 1.210507880
601484 1484.000000 17758100001484000 0.040087007 -0.151465132 1.072592097 1.229284116
601485 1485.000000 17758100001485000 0.043785606 -0.150121115 1.109328672 1.237749712
601486 1486.000000 17758100001486000 0.047493082 -0.148920244 1.147770537 1.211956062
601487 1487.000000 17758100001487000 0.051208850 -0.148041539 1.186818739 1.209853911
601488 1488.000000 17758100001488000 0.054932322 -0.146492373 1.224291721 1.179822711
601489 1489.000000 17758100001489000 0.058662914 -0.145219924 1.274435927 1.154479543
601490 1490.000000 17758100001490000 0.062400028 -0.144196162 1.309836005 1.182872768
601491 1491.000000 17758100001491000 0.066143088 -0.142789795 1.341688614 1.142977091
601492 1492.000000 17758100001492000 0.069891483 -0.141324128 1.381597563 1.175245535
601493 1493.000000 17758100001493000 0.073644638 -0.139514268 1.410140366 1.160955420
601494 1494.000000 17758100001494000 0.077401958 -0.138650009 1.454181366 1.172086773
601495 1495.000000 17758100001495000 0.081162848 -0.137220412 1.490716769 1.152707439
601496 1496.000000 17758100001496000 0.084926702 -0.135285206 1.527368916 1.150512943
601497 1497.000000 17758100001497000 0.088692948 -0.133695110 1.566668568 1.114045631
601498 1498.000000 17758100001498000 0.092460975 -0.131803072 1.601034270 1.109855649
601499 1499.000000 17758100001499000 0.096230187 -0.130205308 1.645751627 1.123075812
601500 1500.000000 17758100001500000 0.100000001 -0.129273347 1.676625834 1.105148252
601501 1501.000000 17758100001501000 0.103769809 -0.126900600 1.710371962 1.094705491
601502 1502.000000 17758100001502000 0.107539028 -0.125218133 1.749221030 1.100922938
601503 1503.000000 17758100001503000 0.111307055 -0.123618796 1.782603935 1.094347595
601504 1504.000000 17758100001504000 0.115073293 -0.121728039 1.832059564 1.064582273
601505 1505.000000 17758100001505000 0.118837155 -0.119849952 1.848192027 1.095330812
601506 1506.000000 17758100001506000 0.122598045 -0.117772799 1.892228549 1.033249127
601507 1507.000000 17758100001507000 0.126355365 -0.115859752 1.933447572 1.081064019
601508 1508.000000 17758100001508000 0.130108520 -0.114014553 1.958592503 1.056943412
601509 1509.000000 17758100001509000 0.133856922 -0.111970732 1.996569134 1.055015864
601510 1510.000000 17758100001510000 0.137599975 -0.110187334 2.028145215 1.056103034
601511 1511.000000 17758100001511000 0.141337082 -0.108092506 2.050610542 1.026759653
601512 1512.000000 17758100001512000 0.145067677 -0.105555565 2.088686501 0.996400660
601513 1513.000000 17758100001513000 0.148791149 -0.103740840 2.118008432 1.003149798
601514 1514.000000 17758100001514000 0.152506918 -0.101529158 2.155975263 1.009057097
601515 1515.000000 17758100001515000 0.156214401 -0.099634673 2.184713219 0.984348606
601516 1516.000000 17758100001516000 0.159912989 -0.097013166 2.224367234 1.005730646
601517 1517.000000 17758100001517000 0.163602129 -0.094785702 2.258708405 0.974445256
601518 1518.000000 17758100001518000 0.167281225 -0.092611038 2.289431677 0.941914396
601519 1519.000000 17758100001519000 0.170949697 -0.090301180 2.305627185 0.941831851
601520 1520.000000 17758100001520000 0.174606964 -0.088146500 2.346255942 0.939801551
601521 1521.000000 17758100001521000 0.178252459 -0.085531267 2.390231114 0.909264157
601522 1522.000000 17758100001522000 0.181885585 -0.082775521 2.412175914 0.942266209
601523 1523.000000 17758100001523000 0.185505778 -0.080568603 2.427375514 0.862736396
601524 1524.000000 17758100001524000 0.189112470 -0.078657243 2.469373793 0.896072990
601525 1525.000000 17758100001525000 0.192705095 -0.075896517 2.484969606 0.866078978
601526 1526.000000 17758100001526000 0.196283087 -0.073360821 2.514767089 0.877653356
601527 1527.000000 17758100001527000 0.199845865 -0.070641153 2.544897156 0.855383793
601528 1528.000000 17758100001528000 0.203392878 -0.068371750 2.570581324 0.836143642
601529 1529.000000 17758100001529000 0.206923559 -0.065341184 2.592050982 0.838974038
601530 1530.000000 17758100001530000 0.210437372 -0.062913434 2.624352962 0.819074822
601531 1531.000000 17758100001531000 0.213933736 -0.060463747 2.645395352 0.828198641
601532 1532.000000 17758100001532000 0.217412099 -0.057403992 2.668691254 0.795996293
601533 1533.000000 17758100001533000 0.220871925 -0.055045672 2.699013744 0.828084040
601534 1534.000000 17758100001534000 0.224312678 -0.051766392 2.733489495 0.758673873
601535 1535.000000 17758100001535000 0.227733791 -0.049416165 2.752725466 0.790460865
601536 1536.000000 17758100001536000 0.231134728 -0.046760591 2.774496442 0.766062311
601537 1537.000000 17758100001537000 0.234514967 -0.043924159 2.793717380 0.733968574
601538 1538.000000 17758100001538000 0.237873957 -0.041309023 2.819356760 0.729524006
601539 1539.000000 17758100001539000 0.241211176 -0.038372118 2.836521715 0.727520630
601540 1540.000000 17758100001540000 0.244526103 -0.034958498 2.856025109 0.710565201
601541 1541.000000 17758100001541000 0.247818202 -0.032711242 2.884867398 0.685615608
601542 1542.000000 17758100001542000 0.251086950 -0.029870436 2.893104636 0.643759360
601543 1543.000000 17758100001543000 0.254331857 -0.026566108 2.918213195 0.649418460
601544 1544.000000 17758100001544000 0.257552385 -0.024381149 2.941002163 0.611819860
601545 1545.000000 17758100001545000 0.260748029 -0.020753024 2.958962145 0.615874102
601546 1546.000000 17758100001546000 0.263918310 -0.017941132 2.982074087 0.609554921
601547 1547.000000 17758100001547000 0.267062694 -0.014875724 2.997573821 0.576754272
601548 1548.000000 17758100001548000 0.270180672 -0.011840207 3.027504262 0.618957102
601549 1549.000000 17758100001549000 0.273271799 -0.008617287 3.034555417 0.586441998
601550 1550.000000 17758100001550000 0.276335567 -0.005926429 3.051993464 0.559235329
601551 1551.000000 17758100001551000 0.279371500 -0.002773042 3.072893174 0.576369829
601552 1552.000000 17758100001552000 0.282379091 0.000465261 3.090833428 0.516421449
601553 1553.000000 17758100001553000 0.285357893 0.003679934 3.101846172 0.513463520
601554 1554.000000 17758100001554000 0.288307399 0.006714728 3.121719638 0.508580821
601555 1555.000000 17758100001555000 0.291227192 0.009922702 3.136806150 0.510504092
601556 1556.000000 17758100001556000 0.294116795 0.013034233 3.145730781 0.499445638
601557 1557.000000 17758100001557000 0.296975732 0.016246651 3.165138661 0.492376182
601558 1558.000000 17758100001558000 0.299803555 0.019329647 3.175155614 0.495642461
601559 1559.000000 17758100001559000 0.302599847 0.022401665 3.193395342 0.457388502
601560 1560.000000 17758100001560000 0.305364132 0.025827423 3.196543294 0.443916695
601561 1561.000000 17758100001561000 0.308095992 0.029083927 3.208856450 0.410469751
601562 1562.000000 17758100001562000 0.310794979 0.032084095 3.216176210 0.388760611
601563 1563.000000 17758100001563000 0.313460708 0.035183186 3.236942597 0.369204156
601564 1564.000000 17758100001564000 0.316092700 0.038495225 3.243999983 0.335113997
601565 1565.000000 17758100001565000 0.318690598 0.041839628 3.242191481 0.327403510
601566 1566.000000 17758100001566000 0.321253926 0.045006581 3.268734341 0.337521302
601567 1567.000000 17758100001567000 0.323782355 0.048579762 3.271038050 0.301118342
601568 1568.000000 17758100001568000 0.326275408 0.051461838 3.281165254 0.278905865
601569 1569.000000 17758100001569000 0.328732759 0.054809967 3.284842914 0.237672235
601570 1570.000000 17758100001570000 0.331153959 0.058240544 3.287502930 0.231738192
601571 1571.000000 17758100001571000 0.333538681 0.061464187 3.295142121 0.243994677
601572 1572.000000 17758100001572000 0.335886538 0.064835530 3.302118688 0.234921865
601573 1573.000000 17758100001573000 0.338197112 0.068061204 3.308377249 0.224618607
601574 1574.000000 17758100001574000 0.340470105 0.071432449 3.314868016 0.186289488
601575 1575.000000 17758100001575000 0.342705101 0.074767018 3.312582715 0.189894947
601576 1576.000000 17758100001576000 0.344901770 0.078235905 3.307931068 0.195683167
601577 1577.000000 17758100001577000 0.347059786 0.081517186 3.331218759 0.171786912
601578 1578.000000 17758100001578000 0.349178761 0.084955162 3.338653738 0.157169700
601579 1579.000000 17758100001579000 0.351258427 0.088096881 3.327543951 0.106782951
601580 1580.000000 17758100001580000 0.353298366 0.091431685 3.328775345 0.103528231
601581 1581.000000 17758100001581000 0.355298340 0.095014678 3.325676984 0.076818139
601582 1582.000000 17758100001582000 0.357257992 0.097908863 3.337617550 0.075184524
601583 1583.000000 17758100001583000 0.359177023 0.101276508 3.323743907 0.040900174
601584 1584.000000 17758100001584000 0.361055136 0.105020246 3.333391669 0.059159075
601585 1585.000000 17758100001585000 0.362892002 0.108015188 3.339265831 0.044406131
601586 1586.000000 17758100001586000 0.364687353 0.111605530 3.327276529 -0.016947254
601587 1587.000000 17758100001587000 0.366440922 0.114932192 3.333368298 0.004029358
601588 1588.000000 17758100001588000 0.368152440 0.117906975 3.334144004 -0.069965956
601589 1589.000000 17758100001589000 0.369821578 0.121366551 3.332691838 -0.028991888
601590 1590.000000 17758100001590000 0.371448129 0.124799969 3.314353914 -0.056131810
601591 1591.000000 17758100001591000 0.373031795 0.128057496 3.315114082 -0.062165079
601592 1592.000000 17758100001592000 0.374572366 0.130976227 3.314960728 -0.115582666
601593 1593.000000 17758100001593000 0.376069546 0.134918098 3.309551960 -0.069090122
601594 1594.000000 17758100001594000 0.377523154 0.137910704 3.298393321 -0.115717915
601595 1595.000000 17758100001595000 0.378932953 0.141409175 3.293376087 -0.123745629
601596 1596.000000 17758100001596000 0.380298674 0.144102633 3.287135566 -0.149311364
601597 1597.000000 17758100001597000 0.381620169 0.147877735 3.284415451 -0.164845261
601598 1598.000000 17758100001598000 0.382897168 0.151454914 3.282134287 -0.192584135
601599 1599.000000 17758100001599000 0.384129494 0.154490785 3.267522109 -0.182556952
601600 1600.000000 17758100001600000 0.385316968 0.157532858 3.261117778 -0.196754025
601601 1601.000000 17758100001601000 0.386459351 0.160907863 3.251598059 -0.208225320
601602 1602.000000 17758100001602000 0.387556523 0.164510866 3.241420166 -0.240060440
601603 1603.000000 17758100001603000 0.388608307 0.167548545 3.237328822 -0.259828780
601604 1604.000000 17758100001604000 0.389614493 0.170556721 3.223536494 -0.289291651
601605 1605.000000 17758100001605000 0.390574962 0.174053542 3.213051393 -0.308157129
601606 1606.000000 17758100001606000 0.391489506 0.177135552 3.210036892 -0.338456640
601607 1607.000000 17758100001607000 0.392358065 0.180184443 3.171924897 -0.274228232
601608 1608.000000 17758100001608000 0.393180430 0.183307828 3.170585634 -0.324039350
601609 1609.000000 17758100001609000 0.393956512 0.186378366 3.168746163 -0.321442042
601610 1610.000000 17758100001610000 0.394686162 0.189853805 3.148919803 -0.403851740
601611 1611.000000 17758100001611000 0.395369291 0.192980636 3.131488446 -0.393339485
601612 1612.000000 17758100001612000 0.396005780 0.196203266 3.122083577 -0.427516968
601613 1613.000000 17758100001613000 0.396595538 0.199285775 3.103799499 -0.423718459
601614 1614.000000 17758100001614000 0.397138417 0.202523837 3.093969578 -0.439617339
601615 1615.000000 17758100001615000 0.397634417 0.205273691 3.071850002 -0.406006635
601616 1616.000000 17758100001616000 0.398083389 0.208084011 3.056701696 -0.449972629
601617 1617.000000 17758100001617000 0.398485303 0.211341542 3.036654966 -0.441609829
601618 1618.000000 17758100001618000 0.398840070 0.214288488 3.017752464 -0.439305988
601619 1619.000000 17758100001619000 0.399147660 0.217270806 3.004610977 -0.503112312
601620 1620.000000 17758100001620000 0.399408013 0.220064556 2.978417736 -0.547206928
601621 1621.000000 17758100001621000 0.399621099 0.223392776 2.969893155 -0.548247236
601622 1622.000000 17758100001622000 0.399786830 0.226578872 2.932025367 -0.510793749
601623 1623.000000 17758100001623000 0.399905264 0.229127774 2.929783588 -0.538586819
601624 1624.000000 17758100001624000 0.399976313 0.231899263 2.897325309 -0.589719150
601625 1625.000000 17758100001625000 0.400000006 0.234912927 2.892603883 -0.597972575
601626 1626.000000 17758100001626000 0.399976313 0.237827596 2.868397207 -0.613358409
601627 1627.000000 17758100001627000 0.399905264 0.240400848 2.839983164 -0.597868580
601628 1628.000000 17758100001628000 0.399786830 0.243678708 2.832442824 -0.611741472
601629 1629.000000 17758100001629000 0.399621099 0.246239697 2.797689135 -0.613765795
601630 1630.000000 17758100001630000 0.399408013 0.249192188 2.768645856 -0.678747892
601631 1631.000000 17758100001631000 0.399147660 0.251632271 2.753521414 -0.669843645
601632 1632.000000 17758100001632000 0.398840070 0.254421469 2.717962269 -0.673920003
601633 1633.000000 17758100001633000 0.398485303 0.257168806 2.703323729 -0.679577300
601634 1634.000000 17758100001634000 0.398083389 0.259701129 2.678451335 -0.714462397
601635 1635.000000 17758100001635000 0.397634417 0.262311665 2.650456733 -0.685630812
601636 1636.000000 17758100001636000 0.397138417 0.264662764 2.626940274 -0.731218856
601637 1637.000000 17758100001637000 0.396595538 0.268143475 2.601866888 -0.779536925
601638 1638.000000 17758100001638000 0.396005780 0.270551969 2.566690676 -0.800638162
601639 1639.000000 17758100001639000 0.395369291 0.273230281 2.548789077 -0.758586158
601640 1640.000000 17758100001640000 0.394686162 0.275463333 2.516225997 -0.795163598
601641 1641.000000 17758100001641000 0.393956512 0.277861547 2.488156573 -0.819626197
601642 1642.000000 17758100001642000 0.393180430 0.280603501 2.459783916 -0.809958036
601643 1643.000000 17758100001643000 0.392358065 0.282708278 2.438254853 -0.823488267
601644 1644.000000 17758100001644000 0.391489506 0.285405073 2.402153606 -0.810790765
601645 1645.000000 17758100001645000 0.390574962 0.287744067 2.374804946 -0.835152890
601646 1646.000000 17758100001646000 0.389614493 0.289571481 2.354351025 -0.843430678
601647 1647.000000 17758100001647000 0.388608307 0.292188886 2.321694786 -0.912141792
601648 1648.000000 17758100001648000 0.387556523 0.294952909 2.297868316 -0.861895464
601649 1649.000000 17758100001649000 0.386459351 0.296852758 2.253827964 -0.863554552
601650 1650.000000 17758100001650000 0.385316968 0.298723740 2.222745788 -0.910826539
601651 1651.000000 17758100001651000 0.384129494 0.301113893 2.186221462 -0.891250944
601652 1652.000000 17758100001652000 0.382897168 0.303146259 2.157691791 -0.940039940
601653 1653.000000 17758100001653000 0.381620169 0.305179462 2.133095161 -0.951805992
601654 1654.000000 17758100001654000 0.380298674 0.307882592 2.093650972 -0.931343284
601655 1655.000000 17758100001655000 0.378932953 0.309440398 2.060629721 -0.967376625
601656 1656.000000 17758100001656000 0.377523154 0.311859882 2.034702510 -1.011871784
601657 1657.000000 17758100001657000 0.376069546 0.313707275 1.998923761 -0.940407094
601658 1658.000000 17758100001658000 0.374572366 0.315531163 1.969172302 -0.967829919
601659 1659.000000 17758100001659000 0.373031795 0.317706180 1.929517620 -1.002981265
601660 1660.000000 17758100001660000 0.371448129 0.320036172 1.891083576 -0.991534230
601661 1661.000000 17758100001661000 0.369821578 0.321033446 1.858601150 -1.033314683
601662 1662.000000 17758100001662000 0.368152440 0.323134708 1.823079824 -1.036831256
601663 1663.000000 17758100001663000 0.366440922 0.324738643 1.793030695 -1.009687102
601664 1664.000000 17758100001664000 0.364687353 0.326836026 1.754096035 -1.042253253
601665 1665.000000 17758100001665000 0.362892002 0.328043413 1.719078782 -1.043982999
601666 1666.000000 17758100001666000 0.361055136 0.330150160 1.678305879 -1.037289058
601667 1667.000000 17758100001667000 0.359177023 0.331695901 1.644642709 -1.067016736
601668 1668.000000 17758100001668000 0.357257992 0.333436594 1.614622865 -1.081976119
601669 1669.000000 17758100001669000 0.355298340 0.334822209 1.575823304 -1.067610284
601670 1670.000000 17758100001670000 0.353298366 0.336550857 1.541207693 -1.102938936
601671 1671.000000 17758100001671000 0.351258427 0.338023103 1.497521458 -1.080709390
601672 1672.000000 17758100001672000 0.349178761 0.339102151 1.468240621 -1.106604976
601673 1673.000000 17758100001673000 0.347059786 0.340644219 1.428426734 -1.094726951
601674 1674.000000 17758100001674000 0.344901770 0.342088234 1.382280046 -1.109320017
601675 1675.000000 17758100001675000 0.342705101 0.343577539 1.346674516 -1.112296472
601676 1676.000000 17758100001676000 0.340470105 0.344716672 1.301076937 -1.142331784
601677 1677.000000 17758100001677000 0.338197112 0.346285248 1.271236431 -1.137890317
601678 1678.000000 17758100001678000 0.335886538 0.347938610 1.231400825 -1.157451363
601679 1679.000000 17758100001679000 0.333538681 0.348477761 1.191987821 -1.154664744
601680 1680.000000 17758100001680000 0.331153959 0.349769948 1.151953964 -1.158699597
601681 1681.000000 17758100001681000 0.328732759 0.350976881 1.110571597 -1.152823211
601682 1682.000000 17758100001682000 0.326275408 0.351949389 1.071656235 -1.189481521
601683 1683.000000 17758100001683000 0.323782355 0.352875071 1.038608519 -1.153553017
601684 1684.000000 17758100001684000 0.321253926 0.354179934 0.991910209 -1.163084859
601685 1685.000000 17758100001685000 0.318690598 0.354732584 0.950671689 -1.206575821
601686 1686.000000 17758100001686000 0.316092700 0.355802714 0.915800653 -1.180876858
601687 1687.000000 17758100001687000 0.313460708 0.356622056 0.865562034 -1.179206865
601688 1688.000000 17758100001688000 0.310794979 0.357376516 0.843595980 -1.225680703
601689 1689.000000 17758100001689000 0.308095992 0.358502240 0.787498574 -1.226191005
601690 1690.000000 17758100001690000 0.305364132 0.358690187 0.747521910 -1.256099568
601691 1691.000000 17758100001691000 0.302599847 0.359789985 0.714138630 -1.200592227
601692 1692.000000 17758100001692000 0.299803555 0.360750698 0.678485708 -1.190940714
601693 1693.000000 17758100001693000 0.296975732 0.360974885 0.637342639 -1.212841480
601694 1694.000000 17758100001694000 0.294116795 0.361426526 0.595601513 -1.248104417
601695 1695.000000 17758100001695000 0.291227192 0.362019177 0.537255013 -1.246130980
601696 1696.000000 17758100001696000 0.288307399 0.362879596 0.505403329 -1.261002645
601697 1697.000000 17758100001697000 0.285357893 0.363211922 0.459630162 -1.247118267
601698 1698.000000 17758100001698000 0.282379091 0.363522249 0.422268699 -1.240744787
601699 1699.000000 17758100001699000 0.279371500 0.363734387 0.380804805 -1.254342171
601700 1700.000000 17758100001700000 0.276335567 0.364258312 0.334539694 -1.226577376
601701 1701.000000 17758100001701000 0.273271799 0.364379726 0.298437148 -1.256380583
601702 1702.000000 17758100001702000 0.270180672 0.364447533 0.268278839 -1.246277093
601703 1703.000000 17758100001703000 0.267062694 0.365208616 0.203661508 -1.258027827
601704 1704.000000 17758100001704000 0.263918310 0.365453923 0.175466698 -1.257995495
601705 1705.000000 17758100001705000 0.260748029 0.365373715 0.123519166 -1.302439853
601706 1706.000000 17758100001706000 0.257552385 0.365370834 0.093080866 -1.225420911
601707 1707.000000 17758100001707000 0.254331857 0.365370265 0.036629184 -1.221456229
601708 1708.000000 17758100001708000 0.251086950 0.365598540 -0.000306734 -1.247413699
601709 1709.000000 17758100001709000 0.247818202 0.365679574 -0.053674282 -1.233506073
601710 1710.000000 17758100001710000 0.244526103 0.365483250 -0.075439778 -1.281983523
601711 1711.000000 17758100001711000 0.241211176 0.365001830 -0.115993496 -1.247865652
601712 1712.000000 17758100001712000 0.237873957 0.365126412 -0.162104009 -1.257865218
601713 1713.000000 17758100001713000 0.234514967 0.365006782 -0.206068912 -1.266123786
601714 1714.000000 17758100001714000 0.231134728 0.364295470 -0.250438405 -1.288378026
601715 1715.000000 17758100001715000 0.227733791 0.364080545 -0.291135145 -1.266504096
601716 1716.000000 17758100001716000 0.224312678 0.364281809 -0.333524520 -1.261528768
601717 1717.000000 17758100001717000 0.220871925 0.364088938 -0.373797134 -1.248397756
601718 1718.000000 17758100001718000 0.217412099 0.362921098 -0.418465799 -1.270304349
601719 1719.000000 17758100001719000 0.213933736 0.362522436 -0.460907490 -1.269247965
601720 1720.000000 17758100001720000 0.210437372 0.362471375 -0.499332719 -1.238683694
601721 1721.000000 17758100001721000 0.206923559 0.361952746 -0.541220379 -1.252901160
601722 1722.000000 17758100001722000 0.203392878 0.361492813 -0.583249600 -1.271288270
601723 1723.000000 17758100001723000 0.199845865 0.360296700 -0.629732700 -1.215348269
601724 1724.000000 17758100001724000 0.196283087 0.359958507 -0.672125208 -1.208304017
601725 1725.000000 17758100001725000 0.192705095 0.359065035 -0.708927421 -1.246359442
601726 1726.000000 17758100001726000 0.189112470 0.358861582 -0.741076174 -1.237747645
601727 1727.000000 17758100001727000 0.185505778 0.357342964 -0.791177070 -1.259726048
601728 1728.000000 17758100001728000 0.181885585 0.356578940 -0.822444761 -1.232437174
601729 1729.000000 17758100001729000 0.178252459 0.355602702 -0.868232301 -1.217643785
601730 1730.000000 17758100001730000 0.174606964 0.354951781 -0.913296642 -1.245093026
601731 1731.000000 17758100001731000 0.170949697 0.354209781 -0.960422722 -1.228262211
601732 1732.000000 17758100001732000 0.167281225 0.352695697 -0.978213479 -1.218750012
601733 1733.000000 17758100001733000 0.163602129 0.352422917 -1.032453492 -1.229725819
601734 1734.000000 17758100001734000 0.159912989 0.350826613 -1.078230838 -1.189322234
601735 1735.000000 17758100001735000 0.156214401 0.349706182 -1.108473170 -1.212053418
601736 1736.000000 17758100001736000 0.152506918 0.349159620 -1.158023266 -1.195336669
601737 1737.000000 17758100001737000 0.148791149 0.347344237 -1.196173343 -1.157507148
601738 1738.000000 17758100001738000 0.145067677 0.346415529 -1.229102156 -1.202720458
601739 1739.000000 17758100001739000 0.141337082 0.345240378 -1.279074492 -1.204335092
601740 1740.000000 17758100001740000 0.137599975 0.343676664 -1.301802845 -1.186163545
601741 1741.000000 17758100001741000 0.133856922 0.342572949 -1.341921953 -1.210517072
601742 1742.000000 17758100001742000 0.130108520 0.341230826 -1.388761333 -1.169585930
601743 1743.000000 17758100001743000 0.126355365 0.339909803 -1.414494458 -1.159234388
601744 1744.000000 17758100001744000 0.122598045 0.337987500 -1.463453345 -1.169327869
601745 1745.000000 17758100001745000 0.118837155 0.336617691 -1.492838807 -1.180298088
601746 1746.000000 17758100001746000 0.115073293 0.335076716 -1.524596779 -1.131626202
601747 1747.000000 17758100001747000 0.111307055 0.333565205 -1.568485646 -1.145115810
601748 1748.000000 17758100001748000 0.107539028 0.331983129 -1.595668421 -1.092461050
601749 1749.000000 17758100001749000 0.103769809 0.330172878 -1.641909149 -1.147319398
601750 1750.000000 17758100001750000 0.100000001 0.328843090 -1.682059122 -1.116472801
601751 1751.000000 17758100001751000 0.096230187 0.326902803 -1.715306234 -1.124005291
601752 1752.000000 17758100001752000 0.092460975 0.325035095 -1.752610068 -1.102937273
601753 1753.000000 17758100001753000 0.088692948 0.323251548 -1.784999865 -1.052344852
601754 1754.000000 17758100001754000 0.084926702 0.321411414 -1.816694035 -1.102816898
601755 1755.000000 17758100001755000 0.081162848 0.320205830 -1.857814755 -1.037628433
601756 1756.000000 17758100001756000 0.077401958 0.317637947 -1.894702299 -1.090416807
601757 1757.000000 17758100001757000 0.073644638 0.316123585 -1.937787014 -1.059589549
601758 1758.000000 17758100001758000 0.069891483 0.313713626 -1.958827825 -1.034580828
601759 1759.000000 17758100001759000 0.066143088 0.312055609 -1.985722356 -1.053160987
601760 1760.000000 17758100001760000 0.062400028 0.310011204 -2.024235068 -1.066845643
601761 1761.000000 17758100001761000 0.058662914 0.307677862 -2.056656912 -1.033671821
601762 1762.000000 17758100001762000 0.054932322 0.305989911 -2.098734404 -1.019819419
601763 1763.000000 17758100001763000 0.051208850 0.303656806 -2.117965659 -1.001453544
601764 1764.000000 17758100001764000 0.047493082 0.301200619 -2.154132687 -0.965091574
601765 1765.000000 17758100001765000 0.043785606 0.299339403 -2.183106669 -1.029903230
601766 1766.000000 17758100001766000 0.040087007 0.296941597 -2.217306509 -0.960707086
601767 1767.000000 17758100001767000 0.036397867 0.294825729 -2.257014879 -0.994123555
601768 1768.000000 17758100001768000 0.032718770 0.292812382 -2.282046362 -0.960191649
601769 1769.000000 17758100001769000 0.029050302 0.290399837 -2.316938421 -0.964700287
601770 1770.000000 17758100001770000 0.025393033 0.287991336 -2.346525254 -0.947512962
601771 1771.000000 17758100001771000 0.021747548 0.285420585 -2.367562302 -0.917061331
601772 1772.000000 17758100001772000 0.018114420 0.282909584 -2.396171770 -0.898356640
601773 1773.000000 17758100001773000 0.014494222 0.281092658 -2.433761750 -0.943858351
601774 1774.000000 17758100001774000 0.010887526 0.278426447 -2.448519462 -0.903143717
601775 1775.000000 17758100001775000 0.007294902 0.275832221 -2.484506489 -0.885766923
601776 1776.000000 17758100001776000 0.003716917 0.273041845 -2.513816682 -0.860113899
601777 1777.000000 17758100001777000 0.000154137 0.270806169 -2.546172451 -0.841393823
601778 1778.000000 17758100001778000 -0.003392877 0.268034912 -2.555083259 -0.848701113
601779 1779.000000 17758100001779000 -0.006923564 0.265639222 -2.605391083 -0.858441413
601780 1780.000000 17758100001780000 -0.010437366 0.262852578 -2.622705864 -0.817677106
601781 1781.000000 17758100001781000 -0.013933728 0.259990212 -2.657196396 -0.842776815
601782 1782.000000 17758100001782000 -0.017412100 0.257280765 -2.671512296 -0.786051411
601783 1783.000000 17758100001783000 -0.020871930 0.254970050 -2.699852628 -0.780926393
601784 1784.000000 17758100001784000 -0.024312675 0.252292104 -2.724584952 -0.811501828
601785 1785.000000 17758100001785000 -0.027733788 0.249293088 -2.755997064 -0.755357758
601786 1786.000000 17758100001786000 -0.031134730 0.246454898 -2.762623484 -0.748573057
601787 1787.000000 17758100001787000 -0.034514964 0.243937582 -2.798977932 -0.743188655
601788 1788.000000 17758100001788000 -0.037873957 0.241189775 -2.813112787 -0.713264405
601789 1789.000000 17758100001789000 -0.041211180 0.238180589 -2.840992820 -0.717471879
601790 1790.000000 17758100001790000 -0.044526104 0.235451701 -2.866878940 -0.693247966
601791 1791.000000 17758100001791000 -0.047818203 0.232310697 -2.881349514 -0.656303472
601792 1792.000000 17758100001792000 -0.051086962 0.229522442 -2.901859942 -0.642990769
601793 1793.000000 17758100001793000 -0.054331861 0.226578349 -2.925065995 -0.643274153
601794 1794.000000 17758100001794000 -0.057552390 0.223466568 -2.941413410 -0.634529366
601795 1795.000000 17758100001795000 -0.060748037 0.220773321 -2.972736833 -0.657436527
601796 1796.000000 17758100001796000 -0.063918307 0.217669921 -2.978476851 -0.636047338
601797 1797.000000 17758100001797000 -0.067062683 0.214563852 -2.999212707 -0.593739955
601798 1798.000000 17758100001798000 -0.070180684 0.211667612 -3.019622745 -0.607461336
601799 1799.000000 17758100001799000 -0.073271811 0.208752456 -3.032523839 -0.592094154
601800 1800.000000 17758100001800000 -0.076335579 0.205779670 -3.043529759 -0.574848055
601801 1801.000000 17758100001801000 -0.079371497 0.202357001 -3.073005385 -0.581869724
601802 1802.000000 17758100001802000 -0.082379088 0.199461992 -3.081126520 -0.485577721
601803 1803.000000 17758100001803000 -0.085357882 0.196349610 -3.104718981 -0.514720583
601804 1804.000000 17758100001804000 -0.088307410 0.193406227 -3.108324985 -0.482337196
601805 1805.000000 17758100001805000 -0.091227196 0.189696102 -3.138612663 -0.510717415
601806 1806.000000 17758100001806000 -0.094116792 0.187111396 -3.147089161 -0.474914397
601807 1807.000000 17758100001807000 -0.096975729 0.183858992 -3.169337770 -0.464070239
601808 1808.000000 17758100001808000 -0.099803559 0.180575666 -3.166806762 -0.450988626
601809 1809.000000 17758100001809000 -0.102599844 0.177092271 -3.183643893 -0.435590522
601810 1810.000000 17758100001810000 -0.105364129 0.174026343 -3.201239340 -0.431774019
601811 1811.000000 17758100001811000 -0.108095989 0.171155695 -3.209552997 -0.404665700
601812 1812.000000 17758100001812000 -0.110794991 0.167594337 -3.226096371 -0.338883035
601813 1813.000000 17758100001813000 -0.113460705 0.164521898 -3.230118279 -0.390070684
601814 1814.000000 17758100001814000 -0.116092704 0.161180228 -3.237943216 -0.352002284
601815 1815.000000 17758100001815000 -0.118690588 0.158060146 -3.259239727 -0.328190339
601816 1816.000000 17758100001816000 -0.121253937 0.154417918 -3.258996695 -0.347111964
601817 1817.000000 17758100001817000 -0.123782344 0.151286556 -3.270523678 -0.324457006
601818 1818.000000 17758100001818000 -0.126275420 0.148355081 -3.288797334 -0.331003164
601819 1819.000000 17758100001819000 -0.128732756 0.145040083 -3.276403129 -0.293057238
601820 1820.000000 17758100001820000 -0.131153971 0.141813574 -3.293817814 -0.262978320
601821 1821.000000 17758100001821000 -0.133538693 0.138855373 -3.301588429 -0.255534696
601822 1822.000000 17758100001822000 -0.135886535 0.134978942 -3.306068198 -0.227185745
601823 1823.000000 17758100001823000 -0.138197124 0.131881829 -3.315516401 -0.212838587
601824 1824.000000 17758100001824000 -0.140470102 0.127973536 -3.324729175 -0.190356894
601825 1825.000000 17758100001825000 -0.142705098 0.125194025 -3.316271238 -0.219118931
601826 1826.000000 17758100001826000 -0.144901782 0.122416842 -3.328124310 -0.177763019
601827 1827.000000 17758100001827000 -0.147059783 0.118455728 -3.333622788 -0.144490131
601828 1828.000000 17758100001828000 -0.149178773 0.114874929 -3.321759277 -0.133165588
601829 1829.000000 17758100001829000 -0.151258409 0.112084330 -3.332096339 -0.115635330
601830 1830.000000 17758100001830000 -0.153298378 0.108676194 -3.333781280 -0.106160134
601831 1831.000000 17758100001831000 -0.155298337 0.105126653 -3.335397903 -0.063740554
601832 1832.000000 17758100001832000 -0.157258004 0.101899278 -3.339104474 -0.069744868
601833 1833.000000 17758100001833000 -0.159177020 0.098603809 -3.341190026 -0.047360841
601834 1834.000000 17758100001834000 -0.161055133 0.095270163 -3.342332329 -0.038102516
601835 1835.000000 17758100001835000 -0.162891999 0.091454275 -3.332330047 -0.050928916
601836 1836.000000 17758100001836000 -0.164687365 0.088704066 -3.343158332 -0.009699305
601837 1837.000000 17758100001837000 -0.166440934 0.085419715 -3.322854437 0.028041008
601838 1838.000000 17758100001838000 -0.168152422 0.081617557 -3.329562541 0.032087525
601839 1839.000000 17758100001839000 -0.169821575 0.078557607 -3.318861021 0.012033753
601840 1840.000000 17758100001840000 -0.171448112 0.074885265 -3.328121550 0.085757505
601841 1841.000000 17758100001841000 -0.173031792 0.071539247 -3.323030885 0.063701943
601842 1842.000000 17758100001842000 -0.174572349 0.068401956 -3.318807757 0.054403253
601843 1843.000000 17758100001843000 -0.176069558 0.065421163 -3.313434787 0.120746593
601844 1844.000000 17758100001844000 -0.177523166 0.061927549 -3.303890541 0.132394461
601845 1845.000000 17758100001845000 -0.178932950 0.058814317 -3.300252816 0.154613581
601846 1846.000000 17758100001846000 -0.180298686 0.055207579 -3.306463541 0.126549164
601847 1847.000000 17758100001847000 -0.181620151 0.051899861 -3.282847486 0.175290228
601848 1848.000000 17758100001848000 -0.182897165 0.048697071 -3.275954018 0.178509061
601849 1849.000000 17758100001849000 -0.184129491 0.046048091 -3.287421469 0.211552983
601850 1850.000000 17758100001850000 -0.185316950 0.042193715 -3.260194870 0.211548926
601851 1851.000000 17758100001851000 -0.186459363 0.039148773 -3.262324814 0.202299083
601852 1852.000000 17758100001852000 -0.187556535 0.035471128 -3.232795737 0.248230081
601853 1853.000000 17758100001853000 -0.188608304 0.032410032 -3.236617370 0.245412064
601854 1854.000000 17758100001854000 -0.189614490 0.029217371 -3.212120542 0.273091062
601855 1855.000000 17758100001855000 -0.190574944 0.025886543 -3.211450157 0.269588579
601856 1856.000000 17758100001856000 -0.191489518 0.022799069 -3.196746184 0.324307313
601857 1857.000000 17758100001857000 -0.192358062 0.019671964 -3.183421923 0.306492286
601858 1858.000000 17758100001858000 -0.193180442 0.016426880 -3.177999991 0.298391425
601859 1859.000000 17758100001859000 -0.193956509 0.013402347 -3.170823170 0.327805616
601860 1860.000000 17758100001860000 -0.194686174 0.010184297 -3.147410119 0.352525075
601861 1861.000000 17758100001861000 -0.195369303 0.006920402 -3.135206818 0.359998743
601862 1862.000000 17758100001862000 -0.196005777 0.003878382 -3.114461487 0.423570288
601863 1863.000000 17758100001863000 -0.196595520 0.001004322 -3.101211016 0.381788876
601864 1864.000000 17758100001864000 -0.197138429 -0.002433305 -3.091753486 0.370142485
601865 1865.000000 17758100001865000 -0.197634414 -0.005360286 -3.075496215 0.433622513
601866 1866.000000 17758100001866000 -0.198083386 -0.008399667 -3.055770613 0.419055648
601867 1867.000000 17758100001867000 -0.198485300 -0.011404327 -3.038712454 0.459187461
601868 1868.000000 17758100001868000 -0.198840082 -0.014327792 -3.023753109 0.470058392
601869 1869.000000 17758100001869000 -0.199147671 -0.017449851 -3.018175174 0.519531620
601870 1870.000000 17758100001870000 -0.199408025 -0.020069238 -2.988484758 0.498966191
601871 1871.000000 17758100001871000 -0.199621081 -0.023688607 -2.964728348 0.508712285
601872 1872.000000 17758100001872000 -0.199786842 -0.026515988 -2.945219964 0.543366147
601873 1873.000000 17758100001873000 -0.199905261 -0.029485717 -2.918223662 0.565399232
601874 1874.000000 17758100001874000 -0.199976310 -0.031991663 -2.897231688 0.580459071
601875 1875.000000 17758100001875000 -0.200000003 -0.034868516 -2.870517348 0.552459993
601876 1876.000000 17758100001876000 -0.199976310 -0.037957116 -2.869920007 0.608923591
601877 1877.000000 17758100001877000 -0.199905261 -0.040699712 -2.848956732 0.608110293
601878 1878.000000 17758100001878000 -0.199786842 -0.043341138 -2.813930883 0.621505839
601879 1879.000000 17758100001879000 -0.199621081 -0.046452258 -2.800331256 0.651052309
601880 1880.000000 17758100001880000 -0.199408025 -0.049590388 -2.778112047 0.680903536
601881 1881.000000 17758100001881000 -0.199147671 -0.052147593 -2.751231232 0.668991036
601882 1882.000000 17758100001882000 -0.198840082 -0.054742855 -2.720214357 0.676950587
601883 1883.000000 17758100001883000 -0.198485300 -0.057558223 -2.699086757 0.654129696
601884 1884.000000 17758100001884000 -0.198083386 -0.060197567 -2.676844757 0.707059293
601885 1885.000000 17758100001885000 -0.197634414 -0.062585646 -2.652923333 0.744020615
601886 1886.000000 17758100001886000 -0.197138429 -0.065825267 -2.628487465 0.691307745
601887 1887.000000 17758100001887000 -0.196595520 -0.067992342 -2.610735621 0.774499546
601888 1888.000000 17758100001888000 -0.196005777 -0.070294618 -2.570288779 0.730164482
601889 1889.000000 17758100001889000 -0.195369303 -0.073167751 -2.555821924 0.766731883
601890 1890.000000 17758100001890000 -0.194686174 -0.075638202 -2.514071246 0.787920503
601891 1891.000000 17758100001891000 -0.193956509 -0.078171424 -2.496552560 0.784695035
601892 1892.000000 17758100001892000 -0.193180442 -0.080495336 -2.468260143 0.837314844
601893 1893.000000 17758100001893000 -0.192358062 -0.082883800 -2.437286424 0.847090366
601894 1894.000000 17758100001894000 -0.191489518 -0.085398889 -2.397587853 0.789709116
601895 1895.000000 17758100001895000 -0.190574944 -0.087690595 -2.388748433 0.827917725
601896 1896.000000 17758100001896000 -0.189614490 -0.089737283 -2.343849241 0.895218098
601897 1897.000000 17758100001897000 -0.188608304 -0.092221243 -2.313933803 0.870852507
601898 1898.000000 17758100001898000 -0.187556535 -0.094711250 -2.288241657 0.880624341
601899 1899.000000 17758100001899000 -0.186459363 -0.096935873 -2.262879967 0.863620640
601900 1900.000000 17758100001900000 -0.185316950 -0.099141238 -2.219043385 0.882987454
601901 1901.000000 17758100001901000 -0.184129491 -0.101235629 -2.188509248 0.924284212
601902 1902.000000 17758100001902000 -0.182897165 -0.102967539 -2.168537689 0.895621836
601903 1903.000000 17758100001903000 -0.181620151 -0.105760912 -2.137494463 0.914627728
601904 1904.000000 17758100001904000 -0.180298686 -0.107795976 -2.097643724 0.958279074
601905 1905.000000 17758100001905000 -0.178932950 -0.109354284 -2.062628206 0.978430702
601906 1906.000000 17758100001906000 -0.177523166 -0.111435292 -2.033082705 0.911522026
601907 1907.000000 17758100001907000 -0.176069558 -0.114000931 -1.994950564 1.000727431
601908 1908.000000 17758100001908000 -0.174572349 -0.115943814 -1.964413399 1.000321188
601909 1909.000000 17758100001909000 -0.173031792 -0.117779994 -1.936393069 0.996257554
601910 1910.000000 17758100001910000 -0.171448112 -0.119283496 -1.899521995 1.011013055
601911 1911.000000 17758100001911000 -0.169821575 -0.121529338 -1.865542504 1.048961103
601912 1912.000000 17758100001912000 -0.168152422 -0.123373799 -1.832504857 0.978926231
601913 1913.000000 17758100001913000 -0.166440934 -0.125041475 -1.795884151 1.013347759
601914 1914.000000 17758100001914000 -0.164687365 -0.126663154 -1.756480796 1.021019317
601915 1915.000000 17758100001915000 -0.162891999 -0.128515468 -1.725147051 1.051949421
601916 1916.000000 17758100001916000 -0.161055133 -0.130379825 -1.686930426 1.075384288
601917 1917.000000 17758100001917000 -0.159177020 -0.131654282 -1.645827609 1.058641309
601918 1918.000000 17758100001918000 -0.157258004 -0.133125744 -1.605786526 1.081629283
601919 1919.000000 17758100001919000 -0.155298337 -0.135116702 -1.574035120 1.063644794
601920 1920.000000 17758100001920000 -0.153298378 -0.136366791 -1.532918634 1.078431830
601921 1921.000000 17758100001921000 -0.151258409 -0.138146641 -1.503481235 1.069348069
601922 1922.000000 17758100001922000 -0.149178773 -0.139408866 -1.454312074 1.131764026
601923 1923.000000 17758100001923000 -0.147059783 -0.141269400 -1.418072369 1.119677470
601924 1924.000000 17758100001924000 -0.144901782 -0.142297347 -1.385423261 1.131696731
601925 1925.000000 17758100001925000 -0.142705098 -0.143556773 -1.339367487 1.113415912
601926 1926.000000 17758100001926000 -0.140470102 -0.144876499 -1.306499377 1.142259744
601927 1927.000000 17758100001927000 -0.138197124 -0.146226438 -1.276986824 1.123627042
601928 1928.000000 17758100001928000 -0.135886535 -0.147471418 -1.236179813 1.158294019
601929 1929.000000 17758100001929000 -0.133538693 -0.148577726 -1.198343624 1.152844093
601930 1930.000000 17758100001930000 -0.131153971 -0.149649018 -1.154056965 1.144260345
601931 1931.000000 17758100001931000 -0.128732756 -0.150812570 -1.112505207 1.159332082
601932 1932.000000 17758100001932000 -0.126275420 -0.152169533 -1.081775255 1.163248097
601933 1933.000000 17758100001933000 -0.123782344 -0.153063408 -1.030089161 1.164171041
601934 1934.000000 17758100001934000 -0.121253937 -0.154154831 -1.000724224 1.182402305
601935 1935.000000 17758100001935000 -0.118690588 -0.154879894 -0.950100592 1.185898352
601936 1936.000000 17758100001936000 -0.116092704 -0.155931761 -0.915802325 1.237643368
601937 1937.000000 17758100001937000 -0.113460705 -0.156727609 -0.870197700 1.219878416
601938 1938.000000 17758100001938000 -0.110794991 -0.157631371 -0.825518495 1.209854247
601939 1939.000000 17758100001939000 -0.108095989 -0.158790270 -0.791314463 1.186398505
601940 1940.000000 17758100001940000 -0.105364129 -0.158958486 -0.757274372 1.190687293
601941 1941.000000 17758100001941000 -0.102599844 -0.159679311 -0.715322380 1.213850810
601942 1942.000000 17758100001942000 -0.099803559 -0.160604558 -0.669887818 1.208048451
601943 1943.000000 17758100001943000 -0.096975729 -0.161359716 -0.637557367 1.248465094
601944 1944.000000 17758100001944000 -0.094116792 -0.161611271 -0.579768944 1.269037716
601945 1945.000000 17758100001945000 -0.091227196 -0.162288199 -0.544404651 1.252467833
601946 1946.000000 17758100001946000 -0.088307410 -0.162703009 -0.507168618 1.241469686
601947 1947.000000 17758100001947000 -0.085357882 -0.163163498 -0.463934941 1.227344619
601948 1948.000000 17758100001948000 -0.082379088 -0.163563803 -0.426475475 1.254281715
601949 1949.000000 17758100001949000 -0.079371497 -0.164245423 -0.386813583 1.219678539
601950 1950.000000 17758100001950000 -0.076335579 -0.164567169 -0.340699646 1.233982596
601951 1951.000000 17758100001951000 -0.073271811 -0.164609237 -0.292200229 1.243177446
601952 1952.000000 17758100001952000 -0.070180684 -0.164804203 -0.256540814 1.244988877
601953 1953.000000 17758100001953000 -0.067062683 -0.165118045 -0.218380063 1.262248199
601954 1954.000000 17758100001954000 -0.063918307 -0.165119571 -0.162626037 1.260236394
601955 1955.000000 17758100001955000 -0.060748037 -0.165472646 -0.129087194 1.209202024
601956 1956.000000 17758100001956000 -0.057552390 -0.165128395 -0.086438581 1.269630858
601957 1957.000000 17758100001957000 -0.054331861 -0.165454062 -0.046433375 1.245749721
601958 1958.000000 17758100001958000 -0.051086962 -0.165702475 -0.005157823 1.284551175
601959 1959.000000 17758100001959000 -0.047818203 -0.165633916 0.042906027 1.262719825
601960 1960.000000 17758100001960000 -0.044526104 -0.165657373 0.090182986 1.264036289
601961 1961.000000 17758100001961000 -0.041211180 -0.165458545 0.115799282 1.245230287
601962 1962.000000 17758100001962000 -0.037873957 -0.165065114 0.170216904 1.259622997
601963 1963.000000 17758100001963000 -0.034514964 -0.164902997 0.207253737 1.252378356
601964 1964.000000 17758100001964000 -0.031134730 -0.164660799 0.237415650 1.287783617
601965 1965.000000 17758100001965000 -0.027733788 -0.164404420 0.289578408 1.275475716
601966 1966.000000 17758100001966000 -0.024312675 -0.163989962 0.328032413 1.260188523
601967 1967.000000 17758100001967000 -0.020871930 -0.163771495 0.367717821 1.263619392
601968 1968.000000 17758100001968000 -0.017412100 -0.163672279 0.416073461 1.267816001
601969 1969.000000 17758100001969000 -0.013933728 -0.162989808 0.468295549 1.257449853
601970 1970.000000 17758100001970000 -0.010437366 -0.162597753 0.504758321 1.250189307
601971 1971.000000 17758100001971000 -0.006923564 -0.161832826 0.537300295 1.285519224
601972 1972.000000 17758100001972000 -0.003392877 -0.161391735 0.586106966 1.241843030
601973 1973.000000 17758100001973000 0.000154137 -0.160745411 0.626620032 1.214644545
601974 1974.000000 17758100001974000 0.003716917 -0.160059413 0.662421808 1.265864070
601975 1975.000000 17758100001975000 0.007294902 -0.159205866 0.702966493 1.247469409
601976 1976.000000 17758100001976000 0.010887526 -0.158310074 0.747361891 1.273774700
601977 1977.000000 17758100001977000 0.014494222 -0.157867277 0.786210679 1.227928433
601978 1978.000000 17758100001978000 0.018114420 -0.156760253 0.832607185 1.250794095
601979 1979.000000 17758100001979000 0.021747548 -0.156046166 0.880324742 1.232426148
601980 1980.000000 17758100001980000 0.025393033 -0.155058080 0.914973224 1.219817647
601981 1981.000000 17758100001981000 0.029050302 -0.154573354 0.951168849 1.245805095
601982 1982.000000 17758100001982000 0.032718770 -0.152914169 0.982415476 1.209778090
601983 1983.000000 17758100001983000 0.036397867 -0.152354081 1.029653020 1.191701664
601984 1984.000000 17758100001984000 0.040087007 -0.151069159 1.067161779 1.206204484
601985 1985.000000 17758100001985000 0.043785606 -0.149641106 1.105936224 1.213438979
601986 1986.000000 17758100001986000 0.047493082 -0.148956792 1.152298452 1.216521782
601987 1987.000000 17758100001987000 0.051208850 -0.147867651 1.194418160 1.152755945
601988 1988.000000 17758100001988000 0.054932322 -0.146299944 1.229722738 1.169362509
601989 1989.000000 17758100001989000 0.058662914 -0.145049091 1.270113572 1.165197610
601990 1990.000000 17758100001990000 0.062400028 -0.143798738 1.309898588 1.176780043
601991 1991.000000 17758100001991000 0.066143088 -0.142182800 1.343747427 1.175083294
601992 1992.000000 17758100001992000 0.069891483 -0.141212371 1.382673521 1.191360167
601993 1993.000000 17758100001993000 0.073644638 -0.139610283 1.422142878 1.195868332
601994 1994.000000 17758100001994000 0.077401958 -0.138387004 1.459497322 1.192716886
601995 1995.000000 17758100001995000 0.081162848 -0.136771205 1.491471334 1.173855014
601996 1996.000000 17758100001996000 0.084926702 -0.135377548 1.529921609 1.103164207
601997 1997.000000 17758100001997000 0.088692948 -0.133757360 1.561019136 1.157527382
601998 1998.000000 17758100001998000 0.092460975 -0.131760208 1.612633242 1.124113228
601999 1999.000000 17758100001999000 0.096230187 -0.130746602 1.640773271 1.089566171
602000 2000.000000 17758100002000000 0.100000001 -0.128773358 1.676273047 1.103602999
602001 2001.000000 17758100002001000 0.103769809 -0.126946527 1.714754451 1.074774115
602002 2002.000000 17758100002002000 0.107539028 -0.125553713 1.743529447 1.102108657
602003 2003.000000 17758100002003000 0.111307055 -0.123739027 1.790888270 1.115611582
602004 2004.000000 17758100002004000 0.115073293 -0.121309347 1.827272835 1.101304208
602005 2005.000000 17758100002005000 0.118837155 -0.119523260 1.854326145 1.062054490
602006 2006.000000 17758100002006000 0.122598045 -0.118058036 1.881725348 1.067423498
602007 2007.000000 17758100002007000 0.126355365 -0.116271558 1.926699977 1.071437274
602008 2008.000000 17758100002008000 0.130108520 -0.113740610 1.954387693 1.070019094
602009 2009.000000 17758100002009000 0.133856922 -0.111944882 1.999553663 1.032917661
602010 2010.000000 17758100002010000 0.137599975 -0.110121154 2.027252928 1.026118803
602011 2011.000000 17758100002011000 0.141337082 -0.108104409 2.052320530 1.024456582
602012 2012.000000 17758100002012000 0.145067677 -0.105785632 2.093646283 1.005748416
602013 2013.000000 17758100002013000 0.148791149 -0.103805871 2.123375627 1.039916863
602014 2014.000000 17758100002014000 0.152506918 -0.101485192 2.171851544 0.994241980
602015 2015.000000 17758100002015000 0.156214401 -0.099566196 2.186479471 1.008087409
602016 2016.000000 17758100002016000 0.159912989 -0.097204141 2.221220021 0.988294656
602017 2017.000000 17758100002017000 0.163602129 -0.094977796 2.255217327 0.973383608
602018 2018.000000 17758100002018000 0.167281225 -0.092848817 2.280030826 0.971296782
602019 2019.000000 17758100002019000 0.170949697 -0.090140721 2.320138096 0.941196308
602020 2020.000000 17758100002020000 0.174606964 -0.087786844 2.338976026 0.915181618
602021 2021.000000 17758100002021000 0.178252459 -0.085618285 2.375009881 0.922943145
602022 2022.000000 17758100002022000 0.181885585 -0.083433400 2.394096019 0.929142815
602023 2023.000000 17758100002023000 0.185505778 -0.080433988 2.435651025 0.881435528
602024 2024.000000 17758100002024000 0.189112470 -0.078363316 2.456781943 0.863106511
602025 2025.000000 17758100002025000 0.192705095 -0.075912790 2.482726073 0.878409752
602026 2026.000000 17758100002026000 0.196283087 -0.073422434 2.511501245 0.883673774
602027 2027.000000 17758100002027000 0.199845865 -0.070546834 2.548019492 0.847379737
602028 2028.000000 17758100002028000 0.203392878 -0.067856728 2.562724423 0.880254111
602029 2029.000000 17758100002029000 0.206923559 -0.065586529 2.590421427 0.852069520
602030 2030.000000 17758100002030000 0.210437372 -0.063080825 2.623792491 0.832297411
602031 2031.000000 17758100002031000 0.213933736 -0.060680194 2.647709869 0.810248422
602032 2032.000000 17758100002032000 0.217412099 -0.057672736 2.674157207 0.809401120
602033 2033.000000 17758100002033000 0.220871925 -0.054676507 2.698780386 0.805832417
602034 2034.000000 17758100002034000 0.224312678 -0.052264084 2.730814696 0.770432941
602035 2035.000000 17758100002035000 0.227733791 -0.049314003 2.749769606 0.778778824
602036 2036.000000 17758100002036000 0.231134728 -0.046500061 2.772777764 0.754143905
602037 2037.000000 17758100002037000 0.234514967 -0.044007318 2.800015163 0.749386244
602038 2038.000000 17758100002038000 0.237873957 -0.041201819 2.815628841 0.736180697
602039 2039.000000 17758100002039000 0.241211176 -0.038237362 2.848228941 0.701868451
602040 2040.000000 17758100002040000 0.244526103 -0.035269025 2.872393786 0.724304398
602041 2041.000000 17758100002041000 0.247818202 -0.032663124 2.884461889 0.702129909
602042 2042.000000 17758100002042000 0.251086950 -0.029783873 2.901386188 0.646805259
602043 2043.000000 17758100002043000 0.254331857 -0.026432484 2.926873725 0.632156339
602044 2044.000000 17758100002044000 0.257552385 -0.023891450 2.954451825 0.655555044
602045 2045.000000 17758100002045000 0.260748029 -0.020654741 2.963216188 0.633122856
602046 2046.000000 17758100002046000 0.263918310 -0.018000779 2.984548418 0.612997904
602047 2047.000000 17758100002047000 0.267062694 -0.014569879 3.004789885 0.584157211
602048 2048.000000 17758100002048000 0.270180672 -0.011874292 3.027454973 0.587442524
602049 2049.000000 17758100002049000 0.273271799 -0.008416596 3.034818774 0.569071661
602050 2050.000000 17758100002050000 0.276335567 -0.005821257 3.042360261 0.545404336
602051 2051.000000 17758100002051000 0.279371500 -0.002524875 3.062077458 0.532951186
602052 2052.000000 17758100002052000 0.282379091 0.000538477 3.095268297 0.507224154
602053 2053.000000 17758100002053000 0.285357893 0.003779334 3.103102383 0.519658643
602054 2054.000000 17758100002054000 0.288307399 0.006528341 3.124475526 0.499463128
602055 2055.000000 17758100002055000 0.291227192 0.009906419 3.136159817 0.483807344
602056 2056.000000 17758100002056000 0.294116795 0.012991403 3.149630846 0.441796969
602057 2057.000000 17758100002057000 0.296975732 0.016379439 3.167262780 0.483915283
602058 2058.000000 17758100002058000 0.299803555 0.019533400 3.178376029 0.440358852
602059 2059.000000 17758100002059000 0.302599847 0.022754303 3.191651365 0.409310255
602060 2060.000000 17758100002060000 0.305364132 0.025719761 3.192635189 0.401595461
602061 2061.000000 17758100002061000 0.308095992 0.029086245 3.205909372 0.367715108
602062 2062.000000 17758100002062000 0.310794979 0.032339128 3.221700258 0.415812653
602063 2063.000000 17758100002063000 0.313460708 0.035499009 3.227012497 0.402023524
602064 2064.000000 17758100002064000 0.316092700 0.038275794 3.241448492 0.351952887
602065 2065.000000 17758100002065000 0.318690598 0.041734557 3.246450501 0.321077906
602066 2066.000000 17758100002066000 0.321253926 0.045284133 3.260097901 0.315317437
602067 2067.000000 17758100002067000 0.323782355 0.048134133 3.274750614 0.305087039
602068 2068.000000 17758100002068000 0.326275408 0.051417517 3.283158681 0.278836691
602069 2069.000000 17758100002069000 0.328732759 0.054751356 3.281324319 0.284043626
602070 2070.000000 17758100002070000 0.331153959 0.058068181 3.300857188 0.263791057
602071 2071.000000 17758100002071000 0.333538681 0.061410442 3.306529435 0.241438106
602072 2072.000000 17758100002072000 0.335886538 0.064749196 3.303991441 0.236472037
602073 2073.000000 17758100002073000 0.338197112 0.068123496 3.307267854 0.241375501
602074 2074.000000 17758100002074000 0.340470105 0.071475889 3.322365954 0.211432364
602075 2075.000000 17758100002075000 0.342705101 0.074637800 3.326759176 0.161412928
602076 2076.000000 17758100002076000 0.344901770 0.078151833 3.321175579 0.186133605
602077 2077.000000 17758100002077000 0.347059786 0.081193333 3.330386151 0.146863070
602078 2078.000000 17758100002078000 0.349178761 0.084636375 3.331477036 0.102627805
602079 2079.000000 17758100002079000 0.351258427 0.087928239 3.335718155 0.107927189
602080 2080.000000 17758100002080000 0.353298366 0.091224186 3.332372670 0.111609647
602081 2081.000000 17758100002081000 0.355298340 0.094953501 3.340437536 0.085625366
602082 2082.000000 17758100002082000 0.357257992 0.098426569 3.325394766 0.060278374
602083 2083.000000 17758100002083000 0.359177023 0.101149612 3.332253725 0.030678282
602084 2084.000000 17758100002084000 0.361055136 0.104855995 3.343168736 0.027019978
602085 2085.000000 17758100002085000 0.362892002 0.107740897 3.332834577 -0.008879644
602086 2086.000000 17758100002086000 0.364687353 0.111321940 3.329093905 0.041206522
602087 2087.000000 17758100002087000 0.366440922 0.114952947 3.331359775 0.010821404
602088 2088.000000 17758100002088000 0.368152440 0.118096137 3.329076813 -0.005539871
602089 2089.000000 17758100002089000 0.369821578 0.121601218 3.330205739 -0.034082370
602090 2090.000000 17758100002090000 0.371448129 0.124660707 3.315849569 -0.022523141
602091 2091.000000 17758100002091000 0.373031795 0.127840989 3.315008899 -0.094376043
602092 2092.000000 17758100002092000 0.374572366 0.131525404 3.325080134 -0.107224043
602093 2093.000000 17758100002093000 0.376069546 0.134648259 3.306403042 -0.157438982
602094 2094.000000 17758100002094000 0.377523154 0.137849544 3.307622579 -0.127543364
602095 2095.000000 17758100002095000 0.378932953 0.141176377 3.300769257 -0.145980200
602096 2096.000000 17758100002096000 0.380298674 0.144292474 3.291642859 -0.170846665
602097 2097.000000 17758100002097000 0.381620169 0.147858032 3.284710957 -0.159185236
602098 2098.000000 17758100002098000 0.382897168 0.151324614 3.280633782 -0.201287211
602099 2099.000000 17758100002099000 0.384129494 0.154018880 3.264312849 -0.201470340
602100 2100.000000 17758100002100000 0.385316968 0.157748910 3.264260947 -0.201431944
602101 2101.000000 17758100002101000 0.386459351 0.161085130 3.247574524 -0.242407245
602102 2102.000000 17758100002102000 0.387556523 0.164079870 3.250558683 -0.239317867
602103 2103.000000 17758100002103000 0.388608307 0.167656017 3.239950683 -0.231542972
602104 2104.000000 17758100002104000 0.389614493 0.170561209 3.225506987 -0.227470744
602105 2105.000000 17758100002105000 0.390574962 0.174236564 3.215362259 -0.281349394
602106 2106.000000 17758100002106000 0.391489506 0.176910200 3.202456121 -0.302880219
602107 2107.000000 17758100002107000 0.392358065 0.180534270 3.183397283 -0.300115567
602108 2108.000000 17758100002108000 0.393180430 0.183654892 3.181446979 -0.319173424
602109 2109.000000 17758100002109000 0.393956512 0.186439702 3.164302567 -0.358415222
602110 2110.000000 17758100002110000 0.394686162 0.189502998 3.145115914 -0.350131189
602111 2111.000000 17758100002111000 0.395369291 0.193068228 3.133120675 -0.381969819
602112 2112.000000 17758100002112000 0.396005780 0.195685343 3.117450173 -0.417518031
602113 2113.000000 17758100002113000 0.396595538 0.198893604 3.102451836 -0.417510996
602114 2114.000000 17758100002114000 0.397138417 0.202508604 3.093830982 -0.445761721
602115 2115.000000 17758100002115000 0.397634417 0.205150373 3.066499085 -0.417601420
602116 2116.000000 17758100002116000 0.398083389 0.208389338 3.051891367 -0.447034647
602117 2117.000000 17758100002117000 0.398485303 0.211299584 3.031894287 -0.457526031
602118 2118.000000 17758100002118000 0.398840070 0.214373470 3.027096312 -0.524331496
602119 2119.000000 17758100002119000 0.399147660 0.217345522 3.002982867 -0.500683074
602120 2120.000000 17758100002120000 0.399408013 0.220632384 2.990413689 -0.510615867
602121 2121.000000 17758100002121000 0.399621099 0.223417335 2.963676091 -0.536139485
602122 2122.000000 17758100002122000 0.399786830 0.225993131 2.950502878 -0.532234898
602123 2123.000000 17758100002123000 0.399905264 0.229295998 2.920636080 -0.558901281
602124 2124.000000 17758100002124000 0.399976313 0.232093812 2.908349583 -0.578053784
602125 2125.000000 17758100002125000 0.400000006 0.235134594 2.882556786 -0.568388204
602126 2126.000000 17758100002126000 0.399976313 0.237840196 2.855582958 -0.593937144
602127 2127.000000 17758100002127000 0.399905264 0.241119004 2.841815824 -0.614863244
602128 2128.000000 17758100002128000 0.399786830 0.243600758 2.815293168 -0.638325194
602129 2129.000000 17758100002129000 0.399621099 0.246462710 2.796213300 -0.648788797
602130 2130.000000 17758100002130000 0.399408013 0.249186606 2.775061541 -0.684188821
602131 2131.000000 17758100002131000 0.399147660 0.251757120 2.749720052 -0.659269914
602132 2132.000000 17758100002132000 0.398840070 0.254193975 2.729456901 -0.692721824
602133 2133.000000 17758100002133000 0.398485303 0.257106841 2.705008477 -0.701999621
602134 2134.000000 17758100002134000 0.398083389 0.259810863 2.670657111 -0.736760113
602135 2135.000000 17758100002135000 0.397634417 0.262309753 2.651617918 -0.707615689
602136 2136.000000 17758100002136000 0.397138417 0.265500420 2.632249995 -0.731607828
602137 2137.000000 17758100002137000 0.396595538 0.268060781 2.592374731 -0.719178413
602138 2138.000000 17758100002138000 0.396005780 0.270579580 2.573768464 -0.767326337
602139 2139.000000 17758100002139000 0.395369291 0.272643636 2.549274593 -0.781037159
602140 2140.000000 17758100002140000 0.394686162 0.275586770 2.520929345 -0.763968297
602141 2141.000000 17758100002141000 0.393956512 0.277762913 2.488641236 -0.787444574
602142 2142.000000 17758100002142000 0.393180430 0.280301238 2.461520498 -0.810559606
602143 2143.000000 17758100002143000 0.392358065 0.282524557 2.434454358 -0.802423944
602144 2144.000000 17758100002144000 0.391489506 0.285300615 2.412471146 -0.856009607
602145 2145.000000 17758100002145000 0.390574962 0.287489428 2.371626949 -0.834118659
602146 2146.000000 17758100002146000 0.389614493 0.289961409 2.350539921 -0.848461732
602147 2147.000000 17758100002147000 0.388608307 0.292510740 2.318822494 -0.884543597
602148 2148.000000 17758100002148000 0.387556523 0.294626802 2.275043825 -0.869297220
602149 2149.000000 17758100002149000 0.386459351 0.296813702 2.253855078 -0.840316003
602150 2150.000000 17758100002150000 0.385316968 0.298623211 2.222405364 -0.903492859
602151 2151.000000 17758100002151000 0.384129494 0.301655783 2.196723605 -0.926627253
602152 2152.000000 17758100002152000 0.382897168 0.303242233 2.161488439 -0.918488890
602153 2153.000000 17758100002153000 0.381620169 0.305529942 2.137886860 -0.935782485
602154 2154.000000 17758100002154000 0.380298674 0.307770458 2.094314128 -0.932292570
602155 2155.000000 17758100002155000 0.378932953 0.309825604 2.060134095 -0.921360802
602156 2156.000000 17758100002156000 0.377523154 0.311626956 2.022056364 -0.980701427
602157 2157.000000 17758100002157000 0.376069546 0.313836583 1.994997517 -0.961654922
602158 2158.000000 17758100002158000 0.374572366 0.315932466 1.965726865 -0.967923419
602159 2159.000000 17758100002159000 0.373031795 0.317705575 1.930334905 -0.952002622
602160 2160.000000 17758100002160000 0.371448129 0.319859395 1.897487510 -1.003834015
602161 2161.000000 17758100002161000 0.369821578 0.321169551 1.856452786 -0.987262553
602162 2162.000000 17758100002162000 0.368152440 0.323165017 1.828087553 -1.019491390
602163 2163.000000 17758100002163000 0.366440922 0.325054689 1.794129858 -1.041430794
602164 2164.000000 17758100002164000 0.364687353 0.326588555 1.750704758 -1.045405763
602165 2165.000000 17758100002165000 0.362892002 0.328137411 1.725787395 -1.052155357
602166 2166.000000 17758100002166000 0.361055136 0.329979451 1.678953806 -1.027738922
602167 2167.000000 17758100002167000 0.359177023 0.331580584 1.648141364 -1.091964319
602168 2168.000000 17758100002168000 0.357257992 0.333261885 1.607831134 -1.073798671
602169 2169.000000 17758100002169000 0.355298340 0.335213070 1.572880802 -1.097452786
602170 2170.000000 17758100002170000 0.353298366 0.336812966 1.536147739 -1.062995384
602171 2171.000000 17758100002171000 0.351258427 0.337622596 1.502888792 -1.082834506
602172 2172.000000 17758100002172000 0.349178761 0.339332035 1.466327235 -1.078589604
602173 2173.000000 17758100002173000 0.347059786 0.340693344 1.424764978 -1.103979512
602174 2174.000000 17758100002174000 0.344901770 0.342526834 1.381861068 -1.148858526
602175 2175.000000 17758100002175000 0.342705101 0.344046702 1.341898294 -1.159545206
602176 2176.000000 17758100002176000 0.340470105 0.344954541 1.307679555 -1.154082615
602177 2177.000000 17758100002177000 0.338197112 0.346431450 1.273300098 -1.180446077
602178 2178.000000 17758100002178000 0.335886538 0.347735592 1.229915223 -1.137769695
602179 2179.000000 17758100002179000 0.333538681 0.348602820 1.194812281 -1.159698696
602180 2180.000000 17758100002180000 0.331153959 0.349526852 1.154637886 -1.156285440
602181 2181.000000 17758100002181000 0.328732759 0.350857108 1.110941130 -1.165610330
602182 2182.000000 17758100002182000 0.326275408 0.351509840 1.075137804 -1.174962899
602183 2183.000000 17758100002183000 0.323782355 0.352504438 1.037607618 -1.159399359
602184 2184.000000 17758100002184000 0.321253926 0.354074303 0.986770299 -1.212259289
602185 2185.000000 17758100002185000 0.318690598 0.354990064 0.950336507 -1.209372376
602186 2186.000000 17758100002186000 0.316092700 0.355845223 0.916797174 -1.172196936
602187 2187.000000 17758100002187000 0.313460708 0.356681229 0.874711942 -1.216210461
602188 2188.000000 17758100002188000 0.310794979 0.357495077 0.832510242 -1.190278767
602189 2189.000000 17758100002189000 0.308095992 0.358269520 0.786397289 -1.183175966
602190 2190.000000 17758100002190000 0.305364132 0.359060160 0.752521027 -1.204601298
602191 2191.000000 17758100002191000 0.302599847 0.359696254 0.711585457 -1.203567486
602192 2192.000000 17758100002192000 0.299803555 0.360646609 0.670035923 -1.212266267
602193 2193.000000 17758100002193000 0.296975732 0.360923887 0.629334162 -1.230941813
602194 2194.000000 17758100002194000 0.294116795 0.361336261 0.579707903 -1.202914337
602195 2195.000000 17758100002195000 0.291227192 0.361984487 0.549274769 -1.238619991
602196 2196.000000 17758100002196000 0.288307399 0.362608390 0.503488774 -1.215758241
602197 2197.000000 17758100002197000 0.285357893 0.363157827 0.460344938 -1.259034591
602198 2198.000000 17758100002198000 0.282379091 0.363765430 0.422137936 -1.254893403
602199 2199.000000 17758100002199000 0.279371500 0.363789939 0.383585326 -1.197889792
602200 2200.000000 17758100002200000 0.276335567 0.364315032 0.335397922 -1.224149253
602201 2201.000000 17758100002201000 0.273271799 0.364722624 0.292813138 -1.264026305
602202 2202.000000 17758100002202000 0.270180672 0.364789649 0.246562560 -1.227354871
602203 2203.000000 17758100002203000 0.267062694 0.364911060 0.219115075 -1.284805015
602204 2204.000000 17758100002204000 0.263918310 0.365285325 0.176078086 -1.251102063
602205 2205.000000 17758100002205000 0.260748029 0.365474248 0.135005953 -1.256811129
602206 2206.000000 17758100002206000 0.257552385 0.365540543 0.087770869 -1.237074908
602207 2207.000000 17758100002207000 0.254331857 0.365431172 0.043342677 -1.226196141
602208 2208.000000 17758100002208000 0.251086950 0.365651285 0.000598945 -1.255822019
602209 2209.000000 17758100002209000 0.247818202 0.365360832 -0.042369364 -1.268672364
602210 2210.000000 17758100002210000 0.244526103 0.365511267 -0.089443771 -1.223002592
602211 2211.000000 17758100002211000 0.241211176 0.365380610 -0.114870002 -1.264936926
602212 2212.000000 17758100002212000 0.237873957 0.365004903 -0.161440979 -1.267338509
602213 2213.000000 17758100002213000 0.234514967 0.364862666 -0.208550625 -1.293531861
602214 2214.000000 17758100002214000 0.231134728 0.364675593 -0.248482853 -1.270019833
602215 2215.000000 17758100002215000 0.227733791 0.364316414 -0.288675849 -1.266072779
602216 2216.000000 17758100002216000 0.224312678 0.363718278 -0.332543768 -1.235802081
602217 2217.000000 17758100002217000 0.220871925 0.363611814 -0.364854807 -1.269074797
602218 2218.000000 17758100002218000 0.217412099 0.363413691 -0.418847395 -1.261425471
602219 2219.000000 17758100002219000 0.213933736 0.362776219 -0.461649274 -1.281217480
602220 2220.000000 17758100002220000 0.210437372 0.362184452 -0.497018345 -1.223502969
602221 2221.000000 17758100002221000 0.206923559 0.361675016 -0.547085317 -1.205195528
602222 2222.000000 17758100002222000 0.203392878 0.360983220 -0.584214756 -1.268696365
602223 2223.000000 17758100002223000 0.199845865 0.360602627 -0.622414648 -1.225801557
602224 2224.000000 17758100002224000 0.196283087 0.359669464 -0.665921880 -1.241124298
602225 2225.000000 17758100002225000 0.192705095 0.359192106 -0.709553666 -1.232353466
602226 2226.000000 17758100002226000 0.189112470 0.358641998 -0.749964601 -1.248377063
602227 2227.000000 17758100002227000 0.185505778 0.357757109 -0.785092753 -1.230125987
602228 2228.000000 17758100002228000 0.181885585 0.356721661 -0.832032223 -1.247070759
602229 2229.000000 17758100002229000 0.178252459 0.355955999 -0.871663648 -1.215961509
602230 2230.000000 17758100002230000 0.174606964 0.355317977 -0.903592899 -1.231264248
602231 2231.000000 17758100002231000 0.170949697 0.354157853 -0.938873140 -1.200259374
602232 2232.000000 17758100002232000 0.167281225 0.352842827 -0.990853549 -1.225371913
602233 2233.000000 17758100002233000 0.163602129 0.351997536 -1.034910773 -1.226662643
602234 2234.000000 17758100002234000 0.159912989 0.351216238 -1.069618888 -1.232359174
602235 2235.000000 17758100002235000 0.156214401 0.349226245 -1.114494356 -1.234536091
602236 2236.000000 17758100002236000 0.152506918 0.349031145 -1.149381734 -1.177535321
602237 2237.000000 17758100002237000 0.148791149 0.347673875 -1.195410690 -1.201846447
602238 2238.000000 17758100002238000 0.145067677 0.346545427 -1.232144367 -1.255300287
602239 2239.000000 17758100002239000 0.141337082 0.345126191 -1.263498061 -1.190680451
602240 2240.000000 17758100002240000 0.137599975 0.343658590 -1.307085670 -1.157005421
602241 2241.000000 17758100002241000 0.133856922 0.342731559 -1.343910972 -1.174875920
602242 2242.000000 17758100002242000 0.130108520 0.341360136 -1.379543805 -1.183621443
602243 2243.000000 17758100002243000 0.126355365 0.339827682 -1.416600288 -1.146712584
602244 2244.000000 17758100002244000 0.122598045 0.337827631 -1.451259763 -1.166596676
602245 2245.000000 17758100002245000 0.118837155 0.336827604 -1.493807481 -1.144304849
602246 2246.000000 17758100002246000 0.115073293 0.335271270 -1.524145043 -1.162610403
602247 2247.000000 17758100002247000 0.111307055 0.333683603 -1.573449080 -1.143806748
602248 2248.000000 17758100002248000 0.107539028 0.332172709 -1.615086328 -1.106985028
602249 2249.000000 17758100002249000 0.103769809 0.330062466 -1.643569936 -1.133570349
602250 2250.000000 17758100002250000 0.100000001 0.328727030 -1.676498891 -1.105522374
602251 2251.000000 17758100002251000 0.096230187 0.327014021 -1.714049308 -1.108553456
602252 2252.000000 17758100002252000 0.092460975 0.324816334 -1.746886399 -1.103295171
602253 2253.000000 17758100002253000 0.088692948 0.323298846 -1.781685239 -1.069758585
602254 2254.000000 17758100002254000 0.084926702 0.321185813 -1.821059622 -1.099589704
602255 2255.000000 17758100002255000 0.081162848 0.319690934 -1.854768438 -1.082249744
602256 2256.000000 17758100002256000 0.077401958 0.317978940 -1.891268691 -1.058858345
602257 2257.000000 17758100002257000 0.073644638 0.315558579 -1.924031250 -1.052576623
602258 2258.000000 17758100002258000 0.069891483 0.313941394 -1.946643329 -1.042370858
602259 2259.000000 17758100002259000 0.066143088 0.311985579 -1.999545242 -1.017060860
602260 2260.000000 17758100002260000 0.062400028 0.310046253 -2.025460715 -0.977031524
602261 2261.000000 17758100002261000 0.058662914 0.307859239 -2.061872475 -0.992160913
602262 2262.000000 17758100002262000 0.054932322 0.305445774 -2.092688446 -1.048460339
602263 2263.000000 17758100002263000 0.051208850 0.303764627 -2.131387821 -1.019762356
602264 2264.000000 17758100002264000 0.047493082 0.301652261 -2.171770138 -0.972341671
602265 2265.000000 17758100002265000 0.043785606 0.299380422 -2.185751637 -0.978121989
602266 2266.000000 17758100002266000 0.040087007 0.296949213 -2.221656251 -0.999221228
602267 2267.000000 17758100002267000 0.036397867 0.294718701 -2.251742445 -0.941830318
602268 2268.000000 17758100002268000 0.032718770 0.292357122 -2.286500469 -0.956796337
602269 2269.000000 17758100002269000 0.029050302 0.290207253 -2.316682735 -0.975961408
602270 2270.000000 17758100002270000 0.025393033 0.288020595 -2.345707085 -0.939628177
602271 2271.000000 17758100002271000 0.021747548 0.285210404 -2.375245808 -0.878622990
602272 2272.000000 17758100002272000 0.018114420 0.282846883 -2.397438148 -0.928734858
602273 2273.000000 17758100002273000 0.014494222 0.280567537 -2.433977142 -0.899300339
602274 2274.000000 17758100002274000 0.010887526 0.278181555 -2.467500283 -0.905839698
602275 2275.000000 17758100002275000 0.007294902 0.275541153 -2.483780228 -0.857112430
602276 2276.000000 17758100002276000 0.003716917 0.273127447 -2.516883206 -0.860235405
602277 2277.000000 17758100002277000 0.000154137 0.270635645 -2.543310102 -0.857678750
602278 2278.000000 17758100002278000 -0.003392877 0.268160710 -2.568293114 -0.856343720
602279 2279.000000 17758100002279000 -0.006923564 0.265581376 -2.593243959 -0.839810253
602280 2280.000000 17758100002280000 -0.010437366 0.263020633 -2.625513072 -0.768581238
602281 2281.000000 17758100002281000 -0.013933728 0.260050538 -2.646271482 -0.801205644
602282 2282.000000 17758100002282000 -0.017412100 0.257851233 -2.664566005 -0.788795409
602283 2283.000000 17758100002283000 -0.020871930 0.254734929 -2.701294312 -0.787489993
602284 2284.000000 17758100002284000 -0.024312675 0.252033247 -2.724387533 -0.788214548
602285 2285.000000 17758100002285000 -0.027733788 0.249624256 -2.750770445 -0.764935298
602286 2286.000000 17758100002286000 -0.031134730 0.246740434 -2.774351587 -0.753534995
602287 2287.000000 17758100002287000 -0.034514964 0.243893103 -2.795757931 -0.704488846
602288 2288.000000 17758100002288000 -0.037873957 0.241181595 -2.816727926 -0.727698763
602289 2289.000000 17758100002289000 -0.041211180 0.238309726 -2.831703661 -0.715943202
602290 2290.000000 17758100002290000 -0.044526104 0.235166750 -2.868278823 -0.691024785
602291 2291.000000 17758100002291000 -0.047818203 0.232336943 -2.891300249 -0.667473675
602292 2292.000000 17758100002292000 -0.051086962 0.229598775 -2.902186259 -0.681637988
602293 2293.000000 17758100002293000 -0.054331861 0.226539760 -2.925305236 -0.693271550
602294 2294.000000 17758100002294000 -0.057552390 0.223601050 -2.942030860 -0.665474089
602295 2295.000000 17758100002295000 -0.060748037 0.220757816 -2.967066594 -0.625522580
602296 2296.000000 17758100002296000 -0.063918307 0.217686814 -2.989253999 -0.621582612
602297 2297.000000 17758100002297000 -0.067062683 0.214589615 -3.001270202 -0.634796302
602298 2298.000000 17758100002298000 -0.070180684 0.211426715 -3.018565063 -0.600531076
602299 2299.000000 17758100002299000 -0.073271811 0.208802767 -3.036302879 -0.572209505
602300 2300.000000 17758100002300000 -0.076335579 0.205305821 -3.060344691 -0.560559056
602301 2301.000000 17758100002301000 -0.079371497 0.202879722 -3.068904968 -0.564795998
602302 2302.000000 17758100002302000 -0.082379088 0.199627470 -3.084085362 -0.508798583
602303 2303.000000 17758100002303000 -0.085357882 0.196200520 -3.105673546 -0.529454677
602304 2304.000000 17758100002304000 -0.088307410 0.193113090 -3.121427785 -0.539345741
602305 2305.000000 17758100002305000 -0.091227196 0.190161466 -3.134532078 -0.487883014
602306 2306.000000 17758100002306000 -0.094116792 0.186804680 -3.145227127 -0.491310946
602307 2307.000000 17758100002307000 -0.096975729 0.183856987 -3.161601029 -0.447661192
602308 2308.000000 17758100002308000 -0.099803559 0.180580611 -3.178720412 -0.423605337
602309 2309.000000 17758100002309000 -0.102599844 0.177126947 -3.176420738 -0.400752882
602310 2310.000000 17758100002310000 -0.105364129 0.174037134 -3.202034337 -0.402753647
602311 2311.000000 17758100002311000 -0.108095989 0.171253585 -3.220221006 -0.373288050
602312 2312.000000 17758100002312000 -0.110794991 0.167988157 -3.206390323 -0.364863154
602313 2313.000000 17758100002313000 -0.113460705 0.164881444 -3.224909721 -0.367951436
602314 2314.000000 17758100002314000 -0.116092704 0.161632799 -3.245981248 -0.350164879
602315 2315.000000 17758100002315000 -0.118690588 0.158106601 -3.251651738 -0.323086498
602316 2316.000000 17758100002316000 -0.121253937 0.154700611 -3.258817856 -0.372861338
602317 2317.000000 17758100002317000 -0.123782344 0.151650978 -3.267267690 -0.329372613
602318 2318.000000 17758100002318000 -0.126275420 0.148461126 -3.280088309 -0.310020765
602319 2319.000000 17758100002319000 -0.128732756 0.145002243 -3.279980765 -0.270089553
602320 2320.000000 17758100002320000 -0.131153971 0.141731830 -3.284417755 -0.276930533
602321 2321.000000 17758100002321000 -0.133538693 0.138634128 -3.294993699 -0.260654530
602322 2322.000000 17758100002322000 -0.135886535 0.135227046 -3.301265669 -0.234808710
602323 2323.000000 17758100002323000 -0.138197124 0.132289627 -3.307903284 -0.224014148
602324 2324.000000 17758100002324000 -0.140470102 0.128233548 -3.316658869 -0.202130607
602325 2325.000000 17758100002325000 -0.142705098 0.125203827 -3.316538553 -0.212131806
602326 2326.000000 17758100002326000 -0.144901782 0.121600149 -3.315681396 -0.162842474
602327 2327.000000 17758100002327000 -0.147059783 0.118263849 -3.325724827 -0.183453128
602328 2328.000000 17758100002328000 -0.149178773 0.115220953 -3.332030323 -0.141959910
602329 2329.000000 17758100002329000 -0.151258409 0.111687640 -3.325332171 -0.156063908
602330 2330.000000 17758100002330000 -0.153298378 0.108248490 -3.339477375 -0.171708790
602331 2331.000000 17758100002331000 -0.155298337 0.105299020 -3.337625686 -0.116707742
602332 2332.000000 17758100002332000 -0.157258004 0.101633867 -3.331450944 -0.102633662
602333 2333.000000 17758100002333000 -0.159177020 0.098483634 -3.350653058 -0.075502823
602334 2334.000000 17758100002334000 -0.161055133 0.095176527 -3.343916673 -0.048390490
602335 2335.000000 17758100002335000 -0.162891999 0.091870856 -3.331792209 0.003256376
602336 2336.000000 17758100002336000 -0.164687365 0.088495839 -3.341438305 -0.026020648
602337 2337.000000 17758100002337000 -0.166440934 0.084834701 -3.327369662 0.003458745
602338 2338.000000 17758100002338000 -0.168152422 0.081622830 -3.335266117 0.020052443
602339 2339.000000 17758100002339000 -0.169821575 0.078685190 -3.326909574 0.036796695
602340 2340.000000 17758100002340000 -0.171448112 0.075268570 -3.323415784 0.042939356
602341 2341.000000 17758100002341000 -0.173031792 0.071878211 -3.322996881 0.078434020
602342 2342.000000 17758100002342000 -0.174572349 0.068550456 -3.323006840 0.055991405
602343 2343.000000 17758100002343000 -0.176069558 0.065251627 -3.307861779 0.090363843
602344 2344.000000 17758100002344000 -0.177523166 0.061818626 -3.296758836 0.087994178
602345 2345.000000 17758100002345000 -0.178932950 0.058867744 -3.296486778 0.134475954
602346 2346.000000 17758100002346000 -0.180298686 0.055246388 -3.303263146 0.180952259
602347 2347.000000 17758100002347000 -0.181620151 0.051990569 -3.281301159 0.165285509
602348 2348.000000 17758100002348000 -0.182897165 0.048205272 -3.272034515 0.182493059
602349 2349.000000 17758100002349000 -0.184129491 0.045452277 -3.266943658 0.173208648
602350 2350.000000 17758100002350000 -0.185316950 0.042308998 -3.261024039 0.232842760
602351 2351.000000 17758100002351000 -0.186459363 0.039026050 -3.256599444 0.247078177
602352 2352.000000 17758100002352000 -0.187556535 0.035783383 -3.249664096 0.203721813
602353 2353.000000 17758100002353000 -0.188608304 0.032610725 -3.231403225 0.258445356
602354 2354.000000 17758100002354000 -0.189614490 0.028986636 -3.228833472 0.260164183
602355 2355.000000 17758100002355000 -0.190574944 0.025944375 -3.200970783 0.264989855
602356 2356.000000 17758100002356000 -0.191489518 0.022916842 -3.197117070 0.301841650
602357 2357.000000 17758100002357000 -0.192358062 0.019602060 -3.183138415 0.290819075
602358 2358.000000 17758100002358000 -0.193180442 0.016415998 -3.170712175 0.319439363
602359 2359.000000 17758100002359000 -0.193956509 0.013140052 -3.158105053 0.335248760
602360 2360.000000 17758100002360000 -0.194686174 0.010100845 -3.147277506 0.372998505
602361 2361.000000 17758100002361000 -0.195369303 0.007230143 -3.132485900 0.368555233
602362 2362.000000 17758100002362000 -0.196005777 0.003524156 -3.118941306 0.414306355
602363 2363.000000 17758100002363000 -0.196595520 0.000897446 -3.104966974 0.435898756
602364 2364.000000 17758100002364000 -0.197138429 -0.002471101 -3.092395576 0.439081405
602365 2365.000000 17758100002365000 -0.197634414 -0.005074726 -3.073281064 0.450413294
602366 2366.000000 17758100002366000 -0.198083386 -0.008553726 -3.045583290 0.453135335
602367 2367.000000 17758100002367000 -0.198485300 -0.011353238 -3.041045523 0.469836563
602368 2368.000000 17758100002368000 -0.198840082 -0.014423853 -3.020290597 0.460601251
602369 2369.000000 17758100002369000 -0.199147671 -0.017385410 -3.006477566 0.518701886
602370 2370.000000 17758100002370000 -0.199408025 -0.020068968 -2.988440248 0.498702643
602371 2371.000000 17758100002371000 -0.199621081 -0.023318772 -2.968172942 0.502365821
602372 2372.000000 17758100002372000 -0.199786842 -0.026543399 -2.939046113 0.540261496
602373 2373.000000 17758100002373000 -0.199905261 -0.029248570 -2.928561127 0.553023570
602374 2374.000000 17758100002374000 -0.199976310 -0.032389248 -2.908548645 0.598669393
602375 2375.000000 17758100002375000 -0.200000003 -0.035049127 -2.889134269 0.587960687
602376 2376.000000 17758100002376000 -0.199976310 -0.037939143 -2.871187617 0.591706815
602377 2377.000000 17758100002377000 -0.199905261 -0.040817609 -2.838989498 0.631509534
602378 2378.000000 17758100002378000 -0.199786842 -0.043480144 -2.818822287 0.644307250
602379 2379.000000 17758100002379000 -0.199621081 -0.046429712 -2.795657430 0.628011014
602380 2380.000000 17758100002380000 -0.199408025 -0.049182461 -2.776764642 0.585099059
602381 2381.000000 17758100002381000 -0.199147671 -0.051738208 -2.754721718 0.665028657
602382 2382.000000 17758100002382000 -0.198840082 -0.054360431 -2.723372614 0.674305272
602383 2383.000000 17758100002383000 -0.198485300 -0.057417098 -2.701275875 0.714356240
602384 2384.000000 17758100002384000 -0.198083386 -0.059868773 -2.663685792 0.698174353
602385 2385.000000 17758100002385000 -0.197634414 -0.062776178 -2.655498037 0.706451680
602386 2386.000000 17758100002386000 -0.197138429 -0.065407892 -2.622229613 0.734547055
602387 2387.000000 17758100002387000 -0.196595520 -0.068129058 -2.596339646 0.738824111
602388 2388.000000 17758100002388000 -0.196005777 -0.070337463 -2.572415857 0.769397645
602389 2389.000000 17758100002389000 -0.195369303 -0.072929405 -2.548120871 0.769614786
602390 2390.000000 17758100002390000 -0.194686174 -0.075312995 -2.520722913 0.806924936
602391 2391.000000 17758100002391000 -0.193956509 -0.078298503 -2.491570878 0.841075948
602392 2392.000000 17758100002392000 -0.193180442 -0.080371703 -2.451891296 0.804052752
602393 2393.000000 17758100002393000 -0.192358062 -0.083203241 -2.421768598 0.802281455
602394 2394.000000 17758100002394000 -0.191489518 -0.085477197 -2.406931787 0.815484214
602395 2395.000000 17758100002395000 -0.190574944 -0.087624773 -2.374768976 0.842054137
602396 2396.000000 17758100002396000 -0.189614490 -0.090367831 -2.346863576 0.879069599
602397 2397.000000 17758100002397000 -0.188608304 -0.092250422 -2.321477502 0.845036778
602398 2398.000000 17758100002398000 -0.187556535 -0.094669114 -2.289988815 0.864689940
602399 2399.000000 17758100002399000 -0.186459363 -0.096831053 -2.258863533 0.892151732
602400 2400.000000 17758100002400000 -0.185316950 -0.099112985 -2.215002831 0.911388796
602401 2401.000000 17758100002401000 -0.184129491 -0.101289984 -2.186049515 0.872262143
602402 2402.000000 17758100002402000 -0.182897165 -0.103166637 -2.157422311 0.960001576
602403 2403.000000 17758100002403000 -0.181620151 -0.105671859 -2.133110286 0.927686941
602404 2404.000000 17758100002404000 -0.180298686 -0.107659667 -2.097336410 0.957440137
602405 2405.000000 17758100002405000 -0.178932950 -0.109707108 -2.064093506 0.954141346
602406 2406.000000 17758100002406000 -0.177523166 -0.111813907 -2.022646147 0.960961159
602407 2407.000000 17758100002407000 -0.176069558 -0.113927704 -2.006365659 0.995047683
602408 2408.000000 17758100002408000 -0.174572349 -0.115668493 -1.969969320 0.997662319
602409 2409.000000 17758100002409000 -0.173031792 -0.117613721 -1.933859390 0.988834157
602410 2410.000000 17758100002410000 -0.171448112 -0.119814935 -1.901999200 1.012544968
602411 2411.000000 17758100002411000 -0.169821575 -0.121233662 -1.857441886 1.029280228
602412 2412.000000 17758100002412000 -0.168152422 -0.122993786 -1.826611965 1.029924608
602413 2413.000000 17758100002413000 -0.166440934 -0.124695411 -1.794024491 1.061155697
602414 2414.000000 17758100002414000 -0.164687365 -0.126690351 -1.748195559 1.074645116
602415 2415.000000 17758100002415000 -0.162891999 -0.128749769 -1.725911263 1.052304348
602416 2416.000000 17758100002416000 -0.161055133 -0.129863492 -1.685856874 1.015035520
602417 2417.000000 17758100002417000 -0.159177020 -0.131901152 -1.641660924 1.089374646
602418 2418.000000 17758100002418000 -0.157258004 -0.133390992 -1.601205984 1.051696710
602419 2419.000000 17758100002419000 -0.155298337 -0.134888090 -1.568655720 1.060337977
602420 2420.000000 17758100002420000 -0.153298378 -0.136520799 -1.545405660 1.085986880
602421 2421.000000 17758100002421000 -0.151258409 -0.138301604 -1.487799681 1.114197379
602422 2422.000000 17758100002422000 -0.149178773 -0.139560168 -1.466380478 1.098930495
602423 2423.000000 17758100002423000 -0.147059783 -0.140879344 -1.425125655 1.061619789
602424 2424.000000 17758100002424000 -0.144901782 -0.141757013 -1.389567173 1.158676784
602425 2425.000000 17758100002425000 -0.142705098 -0.143364314 -1.351459449 1.108063167
602426 2426.000000 17758100002426000 -0.140470102 -0.144595711 -1.309860046 1.126214406
602427 2427.000000 17758100002427000 -0.138197124 -0.146369932 -1.269466620 1.136197064
602428 2428.000000 17758100002428000 -0.135886535 -0.147351906 -1.228197214 1.204397469
602429 2429.000000 17758100002429000 -0.133538693 -0.148997771 -1.195586577 1.125436964
602430 2430.000000 17758100002430000 -0.131153971 -0.149816847 -1.147584665 1.171599165
602431 2431.000000 17758100002431000 -0.128732756 -0.150751866 -1.112930399 1.157139645
602432 2432.000000 17758100002432000 -0.126275420 -0.152081004 -1.070742978 1.178824312
602433 2433.000000 17758100002433000 -0.123782344 -0.152971265 -1.027948663 1.224862728
602434 2434.000000 17758100002434000 -0.121253937 -0.154149241 -0.995603162 1.173614458
602435 2435.000000 17758100002435000 -0.118690588 -0.154890371 -0.957394315 1.147079728
602436 2436.000000 17758100002436000 -0.116092704 -0.155993451 -0.916477862 1.219523827
602437 2437.000000 17758100002437000 -0.113460705 -0.156949321 -0.871553743 1.173255226
602438 2438.000000 17758100002438000 -0.110794991 -0.157322818 -0.822683863 1.221035851
602439 2439.000000 17758100002439000 -0.108095989 -0.158620304 -0.785859365 1.190640384
602440 2440.000000 17758100002440000 -0.105364129 -0.159080002 -0.761658934 1.213873097
602441 2441.000000 17758100002441000 -0.102599844 -0.160234812 -0.713647028 1.214761728
602442 2442.000000 17758100002442000 -0.099803559 -0.160293611 -0.666515272 1.216463965
602443 2443.000000 17758100002443000 -0.096975729 -0.161402112 -0.630899736 1.235378372
602444 2444.000000 17758100002444000 -0.094116792 -0.161912622 -0.587441072 1.234600529
602445 2445.000000 17758100002445000 -0.091227196 -0.162086485 -0.554219079 1.206275205
602446 2446.000000 17758100002446000 -0.088307410 -0.163251654 -0.496396220 1.256423804
602447 2447.000000 17758100002447000 -0.085357882 -0.163547441 -0.461176583 1.265486591
602448 2448.000000 17758100002448000 -0.082379088 -0.163605024 -0.425634167 1.231369042
602449 2449.000000 17758100002449000 -0.079371497 -0.163744837 -0.380482490 1.222102644
602450 2450.000000 17758100002450000 -0.076335579 -0.164416500 -0.340870679 1.228710872
602451 2451.000000 17758100002451000 -0.073271811 -0.164303333 -0.290541981 1.194904379
602452 2452.000000 17758100002452000 -0.070180684 -0.165063684 -0.247895023 1.252985191
602453 2453.000000 17758100002453000 -0.067062683 -0.165296969 -0.216485359 1.259744557
602454 2454.000000 17758100002454000 -0.063918307 -0.165166822 -0.171174846 1.245130773
602455 2455.000000 17758100002455000 -0.060748037 -0.165208334 -0.130924086 1.220655072
602456 2456.000000 17758100002456000 -0.057552390 -0.165198017 -0.091625024 1.255440749
602457 2457.000000 17758100002457000 -0.054331861 -0.165836668 -0.047831572 1.244205615
602458 2458.000000 17758100002458000 -0.051086962 -0.165626918 -0.007371644 1.281077932
602459 2459.000000 17758100002459000 -0.047818203 -0.165530846 0.041940741 1.289060177
602460 2460.000000 17758100002460000 -0.044526104 -0.165452594 0.080840543 1.259470508
602461 2461.000000 17758100002461000 -0.041211180 -0.165251342 0.126104517 1.256012070
602462 2462.000000 17758100002462000 -0.037873957 -0.165019296 0.162779349 1.278324213
602463 2463.000000 17758100002463000 -0.034514964 -0.164802892 0.197111658 1.269774682
602464 2464.000000 17758100002464000 -0.031134730 -0.164620992 0.242649823 1.249212918
602465 2465.000000 17758100002465000 -0.027733788 -0.164622841 0.289340379 1.252101057
602466 2466.000000 17758100002466000 -0.024312675 -0.163772099 0.329684651 1.263557049
602467 2467.000000 17758100002467000 -0.020871930 -0.164043807 0.371004408 1.245582337
602468 2468.000000 17758100002468000 -0.017412100 -0.163555981 0.425049232 1.280123644
602469 2469.000000 17758100002469000 -0.013933728 -0.162935218 0.451634359 1.254122735
602470 2470.000000 17758100002470000 -0.010437366 -0.162268334 0.499551907 1.251630109
602471 2471.000000 17758100002471000 -0.006923564 -0.161737357 0.540857125 1.249010380
602472 2472.000000 17758100002472000 -0.003392877 -0.161150405 0.579161498 1.260559276
602473 2473.000000 17758100002473000 0.000154137 -0.160532407 0.619795795 1.255941888
602474 2474.000000 17758100002474000 0.003716917 -0.160180078 0.664865744 1.246604879
602475 2475.000000 17758100002475000 0.007294902 -0.159301246 0.713791120 1.263181792
602476 2476.000000 17758100002476000 0.010887526 -0.158720196 0.745579597 1.245144837
602477 2477.000000 17758100002477000 0.014494222 -0.157805266 0.790054530 1.234490720
602478 2478.000000 17758100002478000 0.018114420 -0.157034954 0.823426246 1.223165492
602479 2479.000000 17758100002479000 0.021747548 -0.156494254 0.875190899 1.218944403
602480 2480.000000 17758100002480000 0.025393033 -0.155018426 0.911910637 1.257222591
602481 2481.000000 17758100002481000 0.029050302 -0.154252586 0.950485653 1.259396175
602482 2482.000000 17758100002482000 0.032718770 -0.153245621 0.988393909 1.220936758
602483 2483.000000 17758100002483000 0.036397867 -0.152335804 1.023122225 1.207653914
602484 2484.000000 17758100002484000 0.040087007 -0.150914242 1.076339077 1.188351723
602485 2485.000000 17758100002485000 0.043785606 -0.149763329 1.112375073 1.208311595
602486 2486.000000 17758100002486000 0.047493082 -0.148743623 1.142829895 1.227791688
602487 2487.000000 17758100002487000 0.051208850 -0.147953865 1.189111344 1.220358031
602488 2488.000000 17758100002488000 0.054932322 -0.146386204 1.226534657 1.219775633
602489 2489.000000 17758100002489000 0.058662914 -0.144946387 1.265105645 1.183708613
602490 2490.000000 17758100002490000 0.062400028 -0.143890941 1.306747099 1.124048837
602491 2491.000000 17758100002491000 0.066143088 -0.142062434 1.348204576 1.171657122
602492 2492.000000 17758100002492000 0.069891483 -0.141237876 1.372182174 1.162013400
602493 2493.000000 17758100002493000 0.073644638 -0.139390001 1.415264647 1.141418545
602494 2494.000000 17758100002494000 0.077401958 -0.138499057 1.453777824 1.136394991
602495 2495.000000 17758100002495000 0.081162848 -0.136716131 1.489309676 1.110600375
602496 2496.000000 17758100002496000 0.084926702 -0.135437347 1.530191471 1.174595221
602497 2497.000000 17758100002497000 0.088692948 -0.133522621 1.570665328 1.137028441
602498 2498.000000 17758100002498000 0.092460975 -0.131901965 1.603571929 1.134233213
602499 2499.000000 17758100002499000 0.096230187 -0.130677382 1.638822822 1.134906523
602500 2500.000000 17758100002500000 0.100000001 -0.128909592 1.678484301 1.113820521
602501 2501.000000 17758100002501000 0.103769809 -0.126962654 1.713453572 1.113537955
602502 2502.000000 17758100002502000 0.107539028 -0.125268603 1.755723889 1.102907475
602503 2503.000000 17758100002503000 0.111307055 -0.123480198 1.784567015 1.080520004
602504 2504.000000 17758100002504000 0.115073293 -0.121234668 1.816632412 1.081478888
602505 2505.000000 17758100002505000 0.118837155 -0.120141105 1.860366134 1.092788508
602506 2506.000000 17758100002506000 0.122598045 -0.118006126 1.898716355 1.052911123
602507 2507.000000 17758100002507000 0.126355365 -0.116448124 1.917909120 1.085732931
602508 2508.000000 17758100002508000 0.130108520 -0.114062714 1.967633989 1.057899938
602509 2509.000000 17758100002509000 0.133856922 -0.112375301 1.994424208 1.044685599
602510 2510.000000 17758100002510000 0.137599975 -0.110305530 2.024155322 1.029634819
602511 2511.000000 17758100002511000 0.141337082 -0.107676932 2.065042420 1.040308629
602512 2512.000000 17758100002512000 0.145067677 -0.106045375 2.089676284 1.016977080
602513 2513.000000 17758100002513000 0.148791149 -0.103588375 2.124973607 0.975479792
602514 2514.000000 17758100002514000 0.152506918 -0.101424708 2.161119950 0.990669061
602515 2515.000000 17758100002515000 0.156214401 -0.099606946 2.187701584 0.980034172
602516 2516.000000 17758100002516000 0.159912989 -0.097159009 2.216860902 0.951842281
602517 2517.000000 17758100002517000 0.163602129 -0.094715648 2.254533581 0.985064427
602518 2518.000000 17758100002518000 0.167281225 -0.092541469 2.290827666 0.984248769
602519 2519.000000 17758100002519000 0.170949697 -0.090169039 2.318129065 0.952236569
602520 2520.000000 17758100002520000 0.174606964 -0.087996992 2.344083560 0.916803853
602521 2521.000000 17758100002521000 0.178252459 -0.085470894 2.376653886 0.921282465
602522 2522.000000 17758100002522000 0.181885585 -0.083026885 2.396621472 0.908536151
602523 2523.000000 17758100002523000 0.185505778 -0.080805194 2.441661763 0.933534963
602524 2524.000000 17758100002524000 0.189112470 -0.078121200 2.450772158 0.881423622
602525 2525.000000 17758100002525000 0.192705095 -0.075803394 2.487259609 0.878664048
602526 2526.000000 17758100002526000 0.196283087 -0.073286514 2.519569756 0.872763864
602527 2527.000000 17758100002527000 0.199845865 -0.070631080 2.542735626 0.804458431
602528 2528.000000 17758100002528000 0.203392878 -0.068114183 2.570906752 0.861165160
602529 2529.000000 17758100002529000 0.206923559 -0.065387687 2.595277308 0.841702169
602530 2530.000000 17758100002530000 0.210437372 -0.062962901 2.623693100 0.841781408
602531 2531.000000 17758100002531000 0.213933736 -0.060706414 2.644410166 0.784116436
602532 2532.000000 17758100002532000 0.217412099 -0.057777215 2.676922307 0.808579639
602533 2533.000000 17758100002533000 0.220871925 -0.054611933 2.697474067 0.818279599
602534 2534.000000 17758100002534000 0.224312678 -0.052325767 2.723377443 0.777741586
602535 2535.000000 17758100002535000 0.227733791 -0.049326234 2.744034806 0.767888686
602536 2536.000000 17758100002536000 0.231134728 -0.046931540 2.765090490 0.742663240
602537 2537.000000 17758100002537000 0.234514967 -0.043775451 2.797361522 0.671963820
602538 2538.000000 17758100002538000 0.237873957 -0.041018432 2.826379444 0.728155173
602539 2539.000000 17758100002539000 0.241211176 -0.038326416 2.839821018 0.726524254
602540 2540.000000 17758100002540000 0.244526103 -0.035259180 2.853215548 0.694171673
602541 2541.000000 17758100002541000 0.247818202 -0.032048654 2.875001324 0.680658269
602542 2542.000000 17758100002542000 0.251086950 -0.029588486 2.896185598 0.689668977
602543 2543.000000 17758100002543000 0.254331857 -0.026801899 2.919935014 0.648131544
602544 2544.000000 17758100002544000 0.257552385 -0.023448652 2.939866208 0.650527772
602545 2545.000000 17758100002545000 0.260748029 -0.020813911 2.962500259 0.630790729
602546 2546.000000 17758100002546000 0.263918310 -0.017877102 2.980042799 0.602846650
602547 2547.000000 17758100002547000 0.267062694 -0.014969766 3.009572158 0.627074804
602548 2548.000000 17758100002548000 0.270180672 -0.011933806 3.017252246 0.639426167
602549 2549.000000 17758100002549000 0.273271799 -0.008843806 3.034086494 0.537272546
602550 2550.000000 17758100002550000 0.276335567 -0.005490134 3.051136699 0.554489303
602551 2551.000000 17758100002551000 0.279371500 -0.002625584 3.060270764 0.534621805
602552 2552.000000 17758100002552000 0.282379091 0.000542941 3.085943574 0.548779204
602553 2553.000000 17758100002553000 0.285357893 0.003482131 3.115467423 0.534115382
602554 2554.000000 17758100002554000 0.288307399 0.006519216 3.105085155 0.501921072
602555 2555.000000 17758100002555000 0.291227192 0.009911761 3.138413614 0.536353557
602556 2556.000000 17758100002556000 0.294116795 0.012889230 3.157414605 0.475997495
602557 2557.000000 17758100002557000 0.296975732 0.016200560 3.150247642 0.450150996
602558 2558.000000 17758100002558000 0.299803555 0.019581527 3.165191992 0.420818189
602559 2559.000000 17758100002559000 0.302599847 0.022693655 3.181544835 0.430539539
602560 2560.000000 17758100002560000 0.305364132 0.025812947 3.202871867 0.379515038
602561 2561.000000 17758100002561000 0.308095992 0.029000431 3.206094866 0.389249168
602562 2562.000000 17758100002562000 0.310794979 0.031758729 3.226129378 0.381128181
602563 2563.000000 17758100002563000 0.313460708 0.035276973 3.227096369 0.358371637
602564 2564.000000 17758100002564000 0.316092700 0.038732959 3.250947541 0.385101103
602565 2565.000000 17758100002565000 0.318690598 0.041803867 3.248481666 0.366750107
602566 2566.000000 17758100002566000 0.321253926 0.044815334 3.258683401 0.341462113
602567 2567.000000 17758100002567000 0.323782355 0.048207646 3.274687632 0.371545248
602568 2568.000000 17758100002568000 0.326275408 0.051725214 3.273678650 0.279634715
602569 2569.000000 17758100002569000 0.328732759 0.055041120 3.283803907 0.277708256
602570 2570.000000 17758100002570000 0.331153959 0.058205620 3.286751839 0.266371526
602571 2571.000000 17758100002571000 0.333538681 0.061516101 3.299940035 0.262920316
602572 2572.000000 17758100002572000 0.335886538 0.064910890 3.299963923 0.223851864
602573 2573.000000 17758100002573000 0.338197112 0.067829844 3.317952175 0.220918442
602574 2574.000000 17758100002574000 0.340470105 0.071307000 3.323727829 0.232212124
602575 2575.000000 17758100002575000 0.342705101 0.074888983 3.312719933 0.201943660
602576 2576.000000 17758100002576000 0.344901770 0.078185757 3.328828471 0.169116923
602577 2577.000000 17758100002577000 0.347059786 0.081478488 3.331575166 0.169700133
602578 2578.000000 17758100002578000 0.349178761 0.084605655 3.324756075 0.137700324
602579 2579.000000 17758100002579000 0.351258427 0.088147329 3.333305597 0.154888534
602580 2580.000000 17758100002580000 0.353298366 0.091812451 3.336582237 0.103902608
602581 2581.000000 17758100002581000 0.355298340 0.094730354 3.340834047 0.070763284
602582 2582.000000 17758100002582000 0.357257992 0.098197342 3.328285776 0.065564044
602583 2583.000000 17758100002583000 0.359177023 0.101388293 3.337682654 0.041372133
602584 2584.000000 17758100002584000 0.361055136 0.104636587 3.328263656 0.051628182
602585 2585.000000 17758100002585000 0.362892002 0.107919126 3.334051174 0.006558404
602586 2586.000000 17758100002586000 0.364687353 0.111433731 3.340914840 0.028328350
602587 2587.000000 17758100002587000 0.366440922 0.114675099 3.335216894 -0.022338037
602588 2588.000000 17758100002588000 0.368152440 0.118651382 3.321480601 0.031803756
602589 2589.000000 17758100002589000 0.369821578 0.121536476 3.333115693 -0.002602025
602590 2590.000000 17758100002590000 0.371448129 0.124584129 3.323046787 -0.001989474
602591 2591.000000 17758100002591000 0.373031795 0.128339046 3.317672451 -0.066337236
602592 2592.000000 17758100002592000 0.374572366 0.131481930 3.317903228 -0.118943781
602593 2593.000000 17758100002593000 0.376069546 0.134787336 3.313696313 -0.120671420
602594 2594.000000 17758100002594000 0.377523154 0.138203803 3.308435247 -0.126218717
602595 2595.000000 17758100002595000 0.378932953 0.141292995 3.309539161 -0.105700297
602596 2596.000000 17758100002596000 0.380298674 0.144739554 3.305496685 -0.155126386
602597 2597.000000 17758100002597000 0.381620169 0.148150045 3.283754703 -0.153702395
602598 2598.000000 17758100002598000 0.382897168 0.151221978 3.277946829 -0.177223159
602599 2599.000000 17758100002599000 0.384129494 0.154490821 3.274919850 -0.206516606
602600 2600.000000 17758100002600000 0.385316968 0.157790153 3.260233754 -0.212925734
602601 2601.000000 17758100002601000 0.386459351 0.161088205 3.254151519 -0.229742893
602602 2602.000000 17758100002602000 0.387556523 0.164273000 3.232712269 -0.232363814
602603 2603.000000 17758100002603000 0.388608307 0.167852529 3.226034710 -0.261447351
602604 2604.000000 17758100002604000 0.389614493 0.170357212 3.233108044 -0.258315889
602605 2605.000000 17758100002605000 0.390574962 0.173807523 3.206718581 -0.273840761
602606 2606.000000 17758100002606000 0.391489506 0.176962582 3.208616831 -0.289909446
602607 2607.000000 17758100002607000 0.392358065 0.179822905 3.188861699 -0.289602097
602608 2608.000000 17758100002608000 0.393180430 0.183597633 3.168988218 -0.348576934
602609 2609.000000 17758100002609000 0.393956512 0.187146526 3.161148341 -0.332122754
602610 2610.000000 17758100002610000 0.394686162 0.189736245 3.151123823 -0.367445675
602611 2611.000000 17758100002611000 0.395369291 0.192980289 3.141757113 -0.360203193
602612 2612.000000 17758100002612000 0.396005780 0.196123801 3.116797981 -0.363598638
602613 2613.000000 17758100002613000 0.396595538 0.199200090 3.105849899 -0.420001357
602614 2614.000000 17758100002614000 0.397138417 0.202007549 3.091119060 -0.424057680
602615 2615.000000 17758100002615000 0.397634417 0.205454109 3.073130145 -0.480268328
602616 2616.000000 17758100002616000 0.398083389 0.208538356 3.053394750 -0.471077039
602617 2617.000000 17758100002617000 0.398485303 0.210892442 3.037716479 -0.461630696
602618 2618.000000 17758100002618000 0.398840070 0.214523828 3.021976713 -0.493682695
602619 2619.000000 17758100002619000 0.399147660 0.217371772 3.004761144 -0.491230492
602620 2620.000000 17758100002620000 0.399408013 0.220686433 2.990148905 -0.555821254
602621 2621.000000 17758100002621000 0.399621099 0.223156085 2.964264833 -0.504632439
602622 2622.000000 17758100002622000 0.399786830 0.226538102 2.947173530 -0.520567431
602623 2623.000000 17758100002623000 0.399905264 0.229383465 2.927910677 -0.570964322
602624 2624.000000 17758100002624000 0.399976313 0.231789671 2.907170356 -0.585764900
602625 2625.000000 17758100002625000 0.400000006 0.234995050 2.886138970 -0.575148015
602626 2626.000000 17758100002626000 0.399976313 0.237844383 2.866048908 -0.584664694
602627 2627.000000 17758100002627000 0.399905264 0.241119684 2.851707045 -0.621314705
602628 2628.000000 17758100002628000 0.399786830 0.243450732 2.822411718 -0.662035785
602629 2629.000000 17758100002629000 0.399621099 0.246301495 2.799089912 -0.629001374
602630 2630.000000 17758100002630000 0.399408013 0.249376854 2.770536169 -0.664665140
602631 2631.000000 17758100002631000 0.399147660 0.252090362 2.752566957 -0.698722196
602632 2632.000000 17758100002632000 0.398840070 0.254492537 2.728891707 -0.665995914
602633 2633.000000 17758100002633000 0.398485303 0.257314426 2.700254512 -0.693405864
602634 2634.000000 17758100002634000 0.398083389 0.259627512 2.691937495 -0.714825782
602635 2635.000000 17758100002635000 0.397634417 0.262540107 2.654677543 -0.734993645
602636 2636.000000 17758100002636000 0.397138417 0.265045604 2.632214652 -0.761584588
602637 2637.000000 17758100002637000 0.396595538 0.268210482 2.604983463 -0.752990385
602638 2638.000000 17758100002638000 0.396005780 0.270455438 2.574742273 -0.733745708
602639 2639.000000 17758100002639000 0.395369291 0.273104897 2.545461040 -0.761767654
602640 2640.000000 17758100002640000 0.394686162 0.275322842 2.518973654 -0.841644187
602641 2641.000000 17758100002641000 0.393956512 0.278278247 2.486377543 -0.798062834
602642 2642.000000 17758100002642000 0.393180430 0.280549108 2.462984890 -0.793079195
602643 2643.000000 17758100002643000 0.392358065 0.283299736 2.435991435 -0.839947387
602644 2644.000000 17758100002644000 0.391489506 0.285224215 2.410520921 -0.839006076
602645 2645.000000 17758100002645000 0.390574962 0.287706129 2.374851308 -0.842665910
602646 2646.000000 17758100002646000 0.389614493 0.290075644 2.339547675 -0.833708533
602647 2647.000000 17758100002647000 0.388608307 0.292726666 2.311727101 -0.887910264
602648 2648.000000 17758100002648000 0.387556523 0.294644193 2.289089210 -0.878313490
602649 2649.000000 17758100002649000 0.386459351 0.296871593 2.256667021 -0.883559759
602650 2650.000000 17758100002650000 0.385316968 0.298675776 2.226229056 -0.897701463
602651 2651.000000 17758100002651000 0.384129494 0.301281355 2.190781396 -0.914472216
602652 2652.000000 17758100002652000 0.382897168 0.303212419 2.165194704 -0.904750865
602653 2653.000000 17758100002653000 0.381620169 0.305613331 2.127388065 -0.914220231
602654 2654.000000 17758100002654000 0.380298674 0.307458163 2.094477044 -0.939745633
602655 2655.000000 17758100002655000 0.378932953 0.309285984 2.062897328 -0.933144442
602656 2656.000000 17758100002656000 0.377523154 0.311638112 2.030401397 -0.970798137
602657 2657.000000 17758100002657000 0.376069546 0.314088778 1.994436324 -0.953374045
602658 2658.000000 17758100002658000 0.374572366 0.315517254 1.969576676 -0.965782533
602659 2659.000000 17758100002659000 0.373031795 0.317847274 1.925994081 -1.016886131
602660 2660.000000 17758100002660000 0.371448129 0.319312102 1.896145467 -1.010803948
602661 2661.000000 17758100002661000 0.369821578 0.321303382 1.856465784 -1.019950617
602662 2662.000000 17758100002662000 0.368152440 0.323283033 1.829621502 -1.054125166
602663 2663.000000 17758100002663000 0.366440922 0.324779455 1.783181356 -1.023086444
602664 2664.000000 17758100002664000 0.364687353 0.326689484 1.763218793 -1.051079521
602665 2665.000000 17758100002665000 0.362892002 0.328592916 1.713957854 -1.056031776
602666 2666.000000 17758100002666000 0.361055136 0.330007705 1.685880676 -1.095938243
602667 2667.000000 17758100002667000 0.359177023 0.331400483 1.648765553 -1.047376925
602668 2668.000000 17758100002668000 0.357257992 0.333376135 1.616345456 -1.083973464
602669 2669.000000 17758100002669000 0.355298340 0.334891048 1.568403646 -1.101805663
602670 2670.000000 17758100002670000 0.353298366 0.336318336 1.537806730 -1.103993212
602671 2671.000000 17758100002671000 0.351258427 0.338209009 1.501285813 -1.104321720
602672 2672.000000 17758100002672000 0.349178761 0.339173074 1.470299417 -1.086943902
602673 2673.000000 17758100002673000 0.347059786 0.341262968 1.419037262 -1.113881287
602674 2674.000000 17758100002674000 0.344901770 0.342026414 1.384888944 -1.139016363
602675 2675.000000 17758100002675000 0.342705101 0.343639054 1.347336198 -1.111320021
602676 2676.000000 17758100002676000 0.340470105 0.344864305 1.303792849 -1.098250341
602677 2677.000000 17758100002677000 0.338197112 0.346355225 1.268055926 -1.136495211
602678 2678.000000 17758100002678000 0.335886538 0.347696173 1.232023871 -1.162773783
602679 2679.000000 17758100002679000 0.333538681 0.348721542 1.195565278 -1.183810858
602680 2680.000000 17758100002680000 0.331153959 0.349871078 1.161008127 -1.191531651
602681 2681.000000 17758100002681000 0.328732759 0.350710143 1.106963092 -1.162820841
602682 2682.000000 17758100002682000 0.326275408 0.352098307 1.072987103 -1.190357799
602683 2683.000000 17758100002683000 0.323782355 0.353158877 1.038479090 -1.173411491
602684 2684.000000 17758100002684000 0.321253926 0.353995230 0.989451707 -1.173378751
602685 2685.000000 17758100002685000 0.318690598 0.354828862 0.955628117 -1.219682608
602686 2686.000000 17758100002686000 0.316092700 0.355620822 0.917094064 -1.225857503
602687 2687.000000 17758100002687000 0.313460708 0.356759961 0.866432267 -1.199620059
602688 2688.000000 17758100002688000 0.310794979 0.357720704 0.827704045 -1.169180102
602689 2689.000000 17758100002689000 0.308095992 0.358639247 0.799119025 -1.201230112
602690 2690.000000 17758100002690000 0.305364132 0.359258101 0.755800214 -1.209811137
602691 2691.000000 17758100002691000 0.302599847 0.359932265 0.713117935 -1.214274432
602692 2692.000000 17758100002692000 0.299803555 0.360357029 0.669879699 -1.176208249
602693 2693.000000 17758100002693000 0.296975732 0.361249526 0.624369421 -1.224884366
602694 2694.000000 17758100002694000 0.294116795 0.361644259 0.599459471 -1.206469164
602695 2695.000000 17758100002695000 0.291227192 0.362271749 0.540169051 -1.185557373
602696 2696.000000 17758100002696000 0.288307399 0.362506532 0.511335998 -1.203972611
602697 2697.000000 17758100002697000 0.285357893 0.362911030 0.453878658 -1.245915110
602698 2698.000000 17758100002698000 0.282379091 0.363661538 0.422067871 -1.250357615
602699 2699.000000 17758100002699000 0.279371500 0.363922720 0.381571949 -1.246444247
602700 2700.000000 17758100002700000 0.276335567 0.364440081 0.337397519 -1.229432148
602701 2701.000000 17758100002701000 0.273271799 0.364750086 0.295009146 -1.226501460
602702 2702.000000 17758100002702000 0.270180672 0.364877896 0.240931062 -1.251436858
602703 2703.000000 17758100002703000 0.267062694 0.365340784 0.209403702 -1.254622028
602704 2704.000000 17758100002704000 0.263918310 0.365231051 0.160000787 -1.257715387
602705 2705.000000 17758100002705000 0.260748029 0.365620436 0.132189767 -1.241980308
602706 2706.000000 17758100002706000 0.257552385 0.365440776 0.086888065 -1.243273241
602707 2707.000000 17758100002707000 0.254331857 0.365502615 0.048986826 -1.286795641
602708 2708.000000 17758100002708000 0.251086950 0.365357460 -0.000339500 -1.243170520
602709 2709.000000 17758100002709000 0.247818202 0.365409922 -0.025048678 -1.246045431
602710 2710.000000 17758100002710000 0.244526103 0.365368052 -0.078658155 -1.262893805
602711 2711.000000 17758100002711000 0.241211176 0.365068067 -0.128644370 -1.287364637
602712 2712.000000 17758100002712000 0.237873957 0.364832319 -0.164069561 -1.251636703
602713 2713.000000 17758100002713000 0.234514967 0.365018574 -0.213282576 -1.263123436
602714 2714.000000 17758100002714000 0.231134728 0.364867190 -0.245950218 -1.273593153
602715 2715.000000 17758100002715000 0.227733791 0.363993765 -0.288634113 -1.276583673
602716 2716.000000 17758100002716000 0.224312678 0.364140398 -0.333923363 -1.269818882
602717 2717.000000 17758100002717000 0.220871925 0.363702723 -0.373061211 -1.254788257
602718 2718.000000 17758100002718000 0.217412099 0.363666305 -0.407330608 -1.233159316
602719 2719.000000 17758100002719000 0.213933736 0.362328588 -0.452081864 -1.254022279
602720 2720.000000 17758100002720000 0.210437372 0.362237965 -0.501721365 -1.237155895
602721 2721.000000 17758100002721000 0.206923559 0.361904749 -0.548329290 -1.211077942
602722 2722.000000 17758100002722000 0.203392878 0.361397132 -0.582097576 -1.218129636
602723 2723.000000 17758100002723000 0.199845865 0.360029159 -0.618873528 -1.269155278
602724 2724.000000 17758100002724000 0.196283087 0.359720432 -0.659143849 -1.237372744
602725 2725.000000 17758100002725000 0.192705095 0.359253045 -0.702508763 -1.250876248
602726 2726.000000 17758100002726000 0.189112470 0.358434294 -0.747907729 -1.223110994
602727 2727.000000 17758100002727000 0.185505778 0.357350269 -0.791120083 -1.204322064
602728 2728.000000 17758100002728000 0.181885585 0.356834703 -0.823288954 -1.223497486
602729 2729.000000 17758100002729000 0.178252459 0.356091062 -0.875302028 -1.241919967
602730 2730.000000 17758100002730000 0.174606964 0.355032700 -0.912376355 -1.228571189
602731 2731.000000 17758100002731000 0.170949697 0.354263170 -0.954459245 -1.216999040
602732 2732.000000 17758100002732000 0.167281225 0.353107711 -0.987502130 -1.238087397
602733 2733.000000 17758100002733000 0.163602129 0.351973328 -1.030178828 -1.209424228
602734 2734.000000 17758100002734000 0.159912989 0.351073473 -1.075369880 -1.197983856
602735 2735.000000 17758100002735000 0.156214401 0.349887708 -1.106818572 -1.181368892
602736 2736.000000 17758100002736000 0.152506918 0.348446330 -1.145580109 -1.164274898
602737 2737.000000 17758100002737000 0.148791149 0.347306358 -1.188355630 -1.208989382
602738 2738.000000 17758100002738000 0.145067677 0.346254367 -1.222831407 -1.195529442
602739 2739.000000 17758100002739000 0.141337082 0.345116550 -1.264686531 -1.167996680
602740 2740.000000 17758100002740000 0.137599975 0.343655888 -1.297408339 -1.168750203
602741 2741.000000 17758100002741000 0.133856922 0.342251882 -1.344147168 -1.168351972
602742 2742.000000 17758100002742000 0.130108520 0.341119040 -1.372563519 -1.164379799
602743 2743.000000 17758100002743000 0.126355365 0.339421371 -1.419479410 -1.180337899
602744 2744.000000 17758100002744000 0.122598045 0.338687982 -1.458300732 -1.187881972
602745 2745.000000 17758100002745000 0.118837155 0.336866747 -1.488268016 -1.157371652
602746 2746.000000 17758100002746000 0.115073293 0.335249265 -1.528191301 -1.162632869
602747 2747.000000 17758100002747000 0.111307055 0.333501028 -1.570458974 -1.075232230
602748 2748.000000 17758100002748000 0.107539028 0.331830358 -1.605230970 -1.101892720
602749 2749.000000 17758100002749000 0.103769809 0.330347652 -1.638958984 -1.141709065
602750 2750.000000 17758100002750000 0.100000001 0.328814113 -1.680470191 -1.102317253
602751 2751.000000 17758100002751000 0.096230187 0.326959471 -1.717019495 -1.108096529
602752 2752.000000 17758100002752000 0.092460975 0.325712995 -1.753835208 -1.101153775
602753 2753.000000 17758100002753000 0.088692948 0.323267992 -1.789569086 -1.092355689
602754 2754.000000 17758100002754000 0.084926702 0.321759820 -1.816819231 -1.084401811
602755 2755.000000 17758100002755000 0.081162848 0.319643364 -1.852098814 -1.007042847
602756 2756.000000 17758100002756000 0.077401958 0.318120064 -1.887867524 -1.062295452
602757 2757.000000 17758100002757000 0.073644638 0.316312231 -1.933229603 -1.039416463
602758 2758.000000 17758100002758000 0.069891483 0.313796282 -1.959812640 -1.076247436
602759 2759.000000 17758100002759000 0.066143088 0.312036897 -1.993746093 -1.026567495
602760 2760.000000 17758100002760000 0.062400028 0.310197743 -2.023235829 -1.025256139
602761 2761.000000 17758100002761000 0.058662914 0.307889051 -2.071381109 -0.992972125
602762 2762.000000 17758100002762000 0.054932322 0.305839065 -2.094592407 -1.016176503
602763 2763.000000 17758100002763000 0.051208850 0.303739798 -2.124449006 -1.032616448
602764 2764.000000 17758100002764000 0.047493082 0.301295239 -2.160703498 -0.999536300
602765 2765.000000 17758100002765000 0.043785606 0.299273772 -2.193968042 -0.979858785
602766 2766.000000 17758100002766000 0.040087007 0.297248329 -2.220904378 -0.959994694
602767 2767.000000 17758100002767000 0.036397867 0.294582929 -2.251497764 -0.967345976
602768 2768.000000 17758100002768000 0.032718770 0.292355624 -2.285149187 -0.966398598
602769 2769.000000 17758100002769000 0.029050302 0.290546887 -2.310871590 -0.941346508
602770 2770.000000 17758100002770000 0.025393033 0.287885336 -2.343880693 -0.940572432
602771 2771.000000 17758100002771000 0.021747548 0.285304100 -2.380386587 -0.900592044
602772 2772.000000 17758100002772000 0.018114420 0.283264823 -2.408234789 -0.914996654
602773 2773.000000 17758100002773000 0.014494222 0.280599673 -2.426364669 -0.907123250
602774 2774.000000 17758100002774000 0.010887526 0.278339814 -2.467651477 -0.926357054
602775 2775.000000 17758100002775000 0.007294902 0.275688992 -2.490907636 -0.871651338
602776 2776.000000 17758100002776000 0.003716917 0.272992452 -2.517715642 -0.883679641
602777 2777.000000 17758100002777000 0.000154137 0.270983441 -2.546977966 -0.839547316
602778 2778.000000 17758100002778000 -0.003392877 0.268101946 -2.571947412 -0.844971171
602779 2779.000000 17758100002779000 -0.006923564 0.265759117 -2.587295557 -0.816640904
602780 2780.000000 17758100002780000 -0.010437366 0.262901364 -2.622077331 -0.824852650
602781 2781.000000 17758100002781000 -0.013933728 0.259985703 -2.643129025 -0.823406943
602782 2782.000000 17758100002782000 -0.017412100 0.257492915 -2.683153188 -0.778817340
602783 2783.000000 17758100002783000 -0.020871930 0.254849689 -2.699354282 -0.783833703
602784 2784.000000 17758100002784000 -0.024312675 0.252264828 -2.720225813 -0.740997015
602785 2785.000000 17758100002785000 -0.027733788 0.249980494 -2.749924147 -0.753555345
602786 2786.000000 17758100002786000 -0.031134730 0.246318659 -2.764908077 -0.745733996
602787 2787.000000 17758100002787000 -0.034514964 0.243570811 -2.794641488 -0.750086934
602788 2788.000000 17758100002788000 -0.037873957 0.241027992 -2.801250770 -0.721584596
602789 2789.000000 17758100002789000 -0.041211180 0.238538006 -2.836462292 -0.719851421
602790 2790.000000 17758100002790000 -0.044526104 0.235354028 -2.855928361 -0.711264054
602791 2791.000000 17758100002791000 -0.047818203 0.231957146 -2.885208110 -0.723138828
602792 2792.000000 17758100002792000 -0.051086962 0.229692388 -2.898411487 -0.701673138
602793 2793.000000 17758100002793000 -0.054331861 0.227037211 -2.920334754 -0.653073204
602794 2794.000000 17758100002794000 -0.057552390 0.223822405 -2.941906040 -0.617204887
602795 2795.000000 17758100002795000 -0.060748037 0.220992537 -2.967667214 -0.643069728
602796 2796.000000 17758100002796000 -0.063918307 0.217930594 -2.983180863 -0.581725008
602797 2797.000000 17758100002797000 -0.067062683 0.214542647 -2.996864916 -0.561030672
602798 2798.000000 17758100002798000 -0.070180684 0.211660916 -3.023838245 -0.612653042
602799 2799.000000 17758100002799000 -0.073271811 0.208648336 -3.031970758 -0.560547238
602800 2800.000000 17758100002800000 -0.076335579 0.205921733 -3.051278535 -0.579845657
602801 2801.000000 17758100002801000 -0.079371497 0.203028672 -3.075181574 -0.514773004
602802 2802.000000 17758100002802000 -0.082379088 0.199672946 -3.088681814 -0.529431241
602803 2803.000000 17758100002803000 -0.085357882 0.196439197 -3.109860549 -0.470699457
602804 2804.000000 17758100002804000 -0.088307410 0.193242438 -3.116003139 -0.503646831
602805 2805.000000 17758100002805000 -0.091227196 0.190064842 -3.136786330 -0.512761129
602806 2806.000000 17758100002806000 -0.094116792 0.186962344 -3.138396066 -0.428752488
602807 2807.000000 17758100002807000 -0.096975729 0.183771663 -3.157437583 -0.438208503
602808 2808.000000 17758100002808000 -0.099803559 0.181232212 -3.182764895 -0.447352094
602809 2809.000000 17758100002809000 -0.102599844 0.177550980 -3.186512583 -0.416452578
602810 2810.000000 17758100002810000 -0.105364129 0.174406949 -3.199098862 -0.415861713
602811 2811.000000 17758100002811000 -0.108095989 0.170879251 -3.205197811 -0.409348817
602812 2812.000000 17758100002812000 -0.110794991 0.167556911 -3.212891256 -0.406661107
602813 2813.000000 17758100002813000 -0.113460705 0.164771032 -3.228836967 -0.362172923
602814 2814.000000 17758100002814000 -0.116092704 0.161478190 -3.248735741 -0.363709524
602815 2815.000000 17758100002815000 -0.118690588 0.158307105 -3.245959590 -0.356213496
602816 2816.000000 17758100002816000 -0.121253937 0.154800826 -3.257078864 -0.320127877
602817 2817.000000 17758100002817000 -0.123782344 0.151670854 -3.270887400 -0.318433500
602818 2818.000000 17758100002818000 -0.126275420 0.148123854 -3.285336741 -0.302448756
602819 2819.000000 17758100002819000 -0.128732756 0.145199209 -3.277508880 -0.287597564
602820 2820.000000 17758100002820000 -0.131153971 0.141971605 -3.287167598 -0.205833242
602821 2821.000000 17758100002821000 -0.133538693 0.138323501 -3.308981291 -0.244444142
602822 2822.000000 17758100002822000 -0.135886535 0.135015038 -3.300764349 -0.243862525
602823 2823.000000 17758100002823000 -0.138197124 0.131766958 -3.309048943 -0.214220204
602824 2824.000000 17758100002824000 -0.140470102 0.128390767 -3.311071302 -0.172788517
602825 2825.000000 17758100002825000 -0.142705098 0.124972240 -3.326279955 -0.150325656
602826 2826.000000 17758100002826000 -0.144901782 0.121848296 -3.330380801 -0.168479547
602827 2827.000000 17758100002827000 -0.147059783 0.118457647 -3.326702998 -0.160230734
602828 2828.000000 17758100002828000 -0.149178773 0.115244146 -3.323704003 -0.162630262
602829 2829.000000 17758100002829000 -0.151258409 0.111721221 -3.336385361 -0.121069097
602830 2830.000000 17758100002830000 -0.153298378 0.108275245 -3.320939487 -0.125498836
602831 2831.000000 17758100002831000 -0.155298337 0.105163474 -3.340276413 -0.063557004
602832 2832.000000 17758100002832000 -0.157258004 0.102009392 -3.329373706 -0.135789985
602833 2833.000000 17758100002833000 -0.159177020 0.098604680 -3.335249609 -0.064294126
602834 2834.000000 17758100002834000 -0.161055133 0.095173865 -3.337899889 -0.042781169
602835 2835.000000 17758100002835000 -0.162891999 0.091839075 -3.337011536 -0.044631356
602836 2836.000000 17758100002836000 -0.164687365 0.088415363 -3.335107924 -0.017604493
602837 2837.000000 17758100002837000 -0.166440934 0.085190476 -3.341477856 0.002345204
602838 2838.000000 17758100002838000 -0.168152422 0.081805469 -3.330070321 -0.009550198
602839 2839.000000 17758100002839000 -0.169821575 0.078429534 -3.334112757 0.017484763
602840 2840.000000 17758100002840000 -0.171448112 0.075078123 -3.325096079 0.066818755
602841 2841.000000 17758100002841000 -0.173031792 0.071721034 -3.324445162 0.055746590
602842 2842.000000 17758100002842000 -0.174572349 0.068146106 -3.320153315 0.084872151
602843 2843.000000 17758100002843000 -0.176069558 0.065298819 -3.311592398 0.104918450
602844 2844.000000 17758100002844000 -0.177523166 0.061657293 -3.307569669 0.110080526
602845 2845.000000 17758100002845000 -0.178932950 0.058403694 -3.301660684 0.115219468
602846 2846.000000 17758100002846000 -0.180298686 0.055358020 -3.283342741 0.125870431
602847 2847.000000 17758100002847000 -0.181620151 0.051569099 -3.281975642 0.179874971
602848 2848.000000 17758100002848000 -0.182897165 0.048685775 -3.278466393 0.150412255
602849 2849.000000 17758100002849000 -0.184129491 0.045704072 -3.266910344 0.204321814
602850 2850.000000 17758100002850000 -0.185316950 0.042401873 -3.254848182 0.207343984
602851 2851.000000 17758100002851000 -0.186459363 0.039121549 -3.247778250 0.247613715
602852 2852.000000 17758100002852000 -0.187556535 0.035702256 -3.242753934 0.243919613
602853 2853.000000 17758100002853000 -0.188608304 0.032391222 -3.243388394 0.294277361
602854 2854.000000 17758100002854000 -0.189614490 0.029226532 -3.221842803 0.253103252
602855 2855.000000 17758100002855000 -0.190574944 0.026073517 -3.210356668 0.281847598
602856 2856.000000 17758100002856000 -0.191489518 0.023117349 -3.200407178 0.308210969
602857 2857.000000 17758100002857000 -0.192358062 0.019681444 -3.190011741 0.307012804
602858 2858.000000 17758100002858000 -0.193180442 0.016659292 -3.169549549 0.317157425
602859 2859.000000 17758100002859000 -0.193956509 0.013620277 -3.151134381 0.335089557
602860 2860.000000 17758100002860000 -0.194686174 0.010342526 -3.153873971 0.383786191
602861 2861.000000 17758100002861000 -0.195369303 0.006938327 -3.130401900 0.346773866
602862 2862.000000 17758100002862000 -0.196005777 0.004124333 -3.120907532 0.395305615
602863 2863.000000 17758100002863000 -0.196595520 0.000601234 -3.103026418 0.430404803
602864 2864.000000 17758100002864000 -0.197138429 -0.002206168 -3.084114461 0.408316071
602865 2865.000000 17758100002865000 -0.197634414 -0.005430515 -3.066981021 0.445998225
602866 2866.000000 17758100002866000 -0.198083386 -0.008479335 -3.050945592 0.436198319
602867 2867.000000 17758100002867000 -0.198485300 -0.011159418 -3.041455163 0.482777658
602868 2868.000000 17758100002868000 -0.198840082 -0.014182126 -3.024892486 0.489581832
602869 2869.000000 17758100002869000 -0.199147671 -0.017437554 -2.998994094 0.509357058
602870 2870.000000 17758100002870000 -0.199408025 -0.020315039 -2.984953695 0.511000596
602871 2871.000000 17758100002871000 -0.199621081 -0.023223097 -2.970357381 0.530369169
602872 2872.000000 17758100002872000 -0.199786842 -0.026675305 -2.944345867 0.524111955
602873 2873.000000 17758100002873000 -0.199905261 -0.029215032 -2.924145137 0.531172052
602874 2874.000000 17758100002874000 -0.199976310 -0.032144099 -2.900438351 0.564783378
602875 2875.000000 17758100002875000 -0.200000003 -0.035080888 -2.880473886 0.581675297
602876 2876.000000 17758100002876000 -0.199976310 -0.038036384 -2.867054292 0.600778200
602877 2877.000000 17758100002877000 -0.199905261 -0.040824485 -2.841969430 0.625816962
602878 2878.000000 17758100002878000 -0.199786842 -0.043474787 -2.821544791 0.629569389
602879 2879.000000 17758100002879000 -0.199621081 -0.046272363 -2.805354702 0.598109472
602880 2880.000000 17758100002880000 -0.199408025 -0.049126127 -2.775780880 0.650722700
602881 2881.000000 17758100002881000 -0.199147671 -0.052154841 -2.742152874 0.671193677
602882 2882.000000 17758100002882000 -0.198840082 -0.054776567 -2.727654349 0.702129913
602883 2883.000000 17758100002883000 -0.198485300 -0.057665083 -2.704534955 0.694164167
602884 2884.000000 17758100002884000 -0.198083386 -0.060143518 -2.680977280 0.697810044
602885 2885.000000 17758100002885000 -0.197634414 -0.062520044 -2.641968104 0.701172186
602886 2886.000000 17758100002886000 -0.197138429 -0.065201483 -2.624018309 0.727520412
602887 2887.000000 17758100002887000 -0.196595520 -0.067735625 -2.597989862 0.775908618
602888 2888.000000 17758100002888000 -0.196005777 -0.070393708 -2.570602976 0.774982720
602889 2889.000000 17758100002889000 -0.195369303 -0.072718760 -2.541469852 0.788385688
602890 2890.000000 17758100002890000 -0.194686174 -0.075728568 -2.519073890 0.801438811
602891 2891.000000 17758100002891000 -0.193956509 -0.077510932 -2.488226059 0.823185621
602892 2892.000000 17758100002892000 -0.193180442 -0.080677085 -2.470546577 0.804431598
602893 2893.000000 17758100002893000 -0.192358062 -0.082749896 -2.433157350 0.824956561
602894 2894.000000 17758100002894000 -0.191489518 -0.085002500 -2.401138041 0.857757675
602895 2895.000000 17758100002895000 -0.190574944 -0.087522149 -2.370230871 0.835143403
602896 2896.000000 17758100002896000 -0.189614490 -0.089720931 -2.357083209 0.817545358
602897 2897.000000 17758100002897000 -0.188608304 -0.091980398 -2.318913877 0.862393059
602898 2898.000000 17758100002898000 -0.187556535 -0.094464545 -2.288894980 0.884963795
602899 2899.000000 17758100002899000 -0.186459363 -0.096699315 -2.253893085 0.873351169
602900 2900.000000 17758100002900000 -0.185316950 -0.099138713 -2.233307029 0.869483345
602901 2901.000000 17758100002901000 -0.184129491 -0.100985375 -2.191879124 0.891193887
602902 2902.000000 17758100002902000 -0.182897165 -0.103565327 -2.159844439 0.899248340
602903 2903.000000 17758100002903000 -0.181620151 -0.106004049 -2.133948963 0.965701902
602904 2904.000000 17758100002904000 -0.180298686 -0.107796991 -2.086655452 0.947014874
602905 2905.000000 17758100002905000 -0.178932950 -0.109914229 -2.071876792 0.947751201
602906 2906.000000 17758100002906000 -0.177523166 -0.111958218 -2.021943129 0.986967903
602907 2907.000000 17758100002907000 -0.176069558 -0.113957177 -1.998078068 0.972664313
602908 2908.000000 17758100002908000 -0.174572349 -0.115919051 -1.966881665 0.993518825
602909 2909.000000 17758100002909000 -0.173031792 -0.117938408 -1.930775680 1.005172162
602910 2910.000000 17758100002910000 -0.171448112 -0.119534869 -1.899279492 1.017102658
602911 2911.000000 17758100002911000 -0.169821575 -0.121248435 -1.858286293 1.034680547
602912 2912.000000 17758100002912000 -0.168152422 -0.123721156 -1.821925801 1.033412946
602913 2913.000000 17758100002913000 -0.166440934 -0.124804304 -1.785262722 1.039411605
602914 2914.000000 17758100002914000 -0.164687365 -0.127008140 -1.753554688 1.034308598
602915 2915.000000 17758100002915000 -0.162891999 -0.128674975 -1.718039061 1.044143521
602916 2916.000000 17758100002916000 -0.161055133 -0.130273189 -1.682544234 1.067658821
602917 2917.000000 17758100002917000 -0.159177020 -0.132252980 -1.646855448 1.036615599
602918 2918.000000 17758100002918000 -0.157258004 -0.133615758 -1.608928229 1.059744841
602919 2919.000000 17758100002919000 -0.155298337 -0.134961523 -1.569896976 1.118354563
602920 2920.000000 17758100002920000 -0.153298378 -0.136731754 -1.539760022 1.087108875
602921 2921.000000 17758100002921000 -0.151258409 -0.138067867 -1.501692438 1.114003754
602922 2922.000000 17758100002922000 -0.149178773 -0.139748049 -1.459341329 1.151549676
602923 2923.000000 17758100002923000 -0.147059783 -0.141062503 -1.409896608 1.118600394
602924 2924.000000 17758100002924000 -0.144901782 -0.142245756 -1.380551622 1.107418785
602925 2925.000000 17758100002925000 -0.142705098 -0.143618491 -1.346800177 1.135626557
602926 2926.000000 17758100002926000 -0.140470102 -0.144679994 -1.301980140 1.118267307
602927 2927.000000 17758100002927000 -0.138197124 -0.146325985 -1.264970209 1.102398587
602928 2928.000000 17758100002928000 -0.135886535 -0.147681978 -1.234851480 1.139528942
602929 2929.000000 17758100002929000 -0.133538693 -0.148701556 -1.202310672 1.190669083
602930 2930.000000 17758100002930000 -0.131153971 -0.149963196 -1.157268968 1.187726798
602931 2931.000000 17758100002931000 -0.128732756 -0.150884124 -1.124401421 1.164146934
602932 2932.000000 17758100002932000 -0.126275420 -0.151706901 -1.081146339 1.180782312
602933 2933.000000 17758100002933000 -0.123782344 -0.152547738 -1.032563581 1.198983803
602934 2934.000000 17758100002934000 -0.121253937 -0.153912605 -0.998102215 1.149160353
602935 2935.000000 17758100002935000 -0.118690588 -0.154680324 -0.949890416 1.172579358
602936 2936.000000 17758100002936000 -0.116092704 -0.156037247 -0.924762199 1.201454865
602937 2937.000000 17758100002937000 -0.113460705 -0.156819942 -0.874817195 1.172165891
602938 2938.000000 17758100002938000 -0.110794991 -0.157501026 -0.832350004 1.222426606
602939 2939.000000 17758100002939000 -0.108095989 -0.158599215 -0.798011415 1.265831898
602940 2940.000000 17758100002940000 -0.105364129 -0.159451828 -0.751317831 1.208608236
602941 2941.000000 17758100002941000 -0.102599844 -0.160142378 -0.710086273 1.204143576
602942 2942.000000 17758100002942000 -0.099803559 -0.160573994 -0.676056567 1.240192702
602943 2943.000000 17758100002943000 -0.096975729 -0.161264489 -0.632565621 1.226644893
602944 2944.000000 17758100002944000 -0.094116792 -0.161787394 -0.577573941 1.220857186
602945 2945.000000 17758100002945000 -0.091227196 -0.162358328 -0.544943228 1.217894744
602946 2946.000000 17758100002946000 -0.088307410 -0.162811615 -0.504659989 1.242197048
602947 2947.000000 17758100002947000 -0.085357882 -0.163224337 -0.461240782 1.248112585
602948 2948.000000 17758100002948000 -0.082379088 -0.163976577 -0.421823574 1.242402181
602949 2949.000000 17758100002949000 -0.079371497 -0.164168300 -0.377100934 1.276744982
602950 2950.000000 17758100002950000 -0.076335579 -0.164162807 -0.334421708 1.250773247
602951 2951.000000 17758100002951000 -0.073271811 -0.164968205 -0.294969904 1.261358023
602952 2952.000000 17758100002952000 -0.070180684 -0.164963390 -0.243972690 1.274213497
602953 2953.000000 17758100002953000 -0.067062683 -0.164980689 -0.213877982 1.265587331
602954 2954.000000 17758100002954000 -0.063918307 -0.165691590 -0.174311269 1.250353441
602955 2955.000000 17758100002955000 -0.060748037 -0.165643652 -0.121879318 1.233041119
602956 2956.000000 17758100002956000 -0.057552390 -0.165960169 -0.100022653 1.268869773
602957 2957.000000 17758100002957000 -0.054331861 -0.165866930 -0.045745530 1.240967261
602958 2958.000000 17758100002958000 -0.051086962 -0.165856401 -0.010801591 1.251745791
602959 2959.000000 17758100002959000 -0.047818203 -0.165563701 0.038775208 1.298712071
602960 2960.000000 17758100002960000 -0.044526104 -0.165892973 0.083869392 1.262761731
602961 2961.000000 17758100002961000 -0.041211180 -0.165194847 0.118695238 1.242717339
602962 2962.000000 17758100002962000 -0.037873957 -0.165021588 0.163217972 1.247598491
602963 2963.000000 17758100002963000 -0.034514964 -0.165047557 0.205368580 1.234338233
602964 2964.000000 17758100002964000 -0.031134730 -0.164751903 0.254379960 1.248998098
602965 2965.000000 17758100002965000 -0.027733788 -0.164413907 0.295565512 1.243444542
602966 2966.000000 17758100002966000 -0.024312675 -0.164159403 0.328042241 1.251031214
602967 2967.000000 17758100002967000 -0.020871930 -0.163656669 0.372155050 1.276044687
602968 2968.000000 17758100002968000 -0.017412100 -0.163464398 0.424018985 1.248877829
602969 2969.000000 17758100002969000 -0.013933728 -0.162712583 0.457019247 1.273920764
602970 2970.000000 17758100002970000 -0.010437366 -0.162300963 0.499904372 1.232229990
602971 2971.000000 17758100002971000 -0.006923564 -0.161729421 0.539028960 1.241760214
602972 2972.000000 17758100002972000 -0.003392877 -0.161478156 0.579089424 1.246762979
602973 2973.000000 17758100002973000 0.000154137 -0.160556162 0.630313933 1.255027002
602974 2974.000000 17758100002974000 0.003716917 -0.159954049 0.663799460 1.252502163
602975 2975.000000 17758100002975000 0.007294902 -0.159302363 0.703670061 1.220172787
602976 2976.000000 17758100002976000 0.010887526 -0.158254830 0.744586780 1.237165323
602977 2977.000000 17758100002977000 0.014494222 -0.157718064 0.783504324 1.262870611
602978 2978.000000 17758100002978000 0.018114420 -0.156990922 0.838381977 1.241566387
602979 2979.000000 17758100002979000 0.021747548 -0.156301729 0.866484047 1.225370131
602980 2980.000000 17758100002980000 0.025393033 -0.155157758 0.913571344 1.213766187
602981 2981.000000 17758100002981000 0.029050302 -0.154262680 0.936916972 1.256475097
602982 2982.000000 17758100002982000 0.032718770 -0.153119072 0.983509995 1.175393857
602983 2983.000000 17758100002983000 0.036397867 -0.152167859 1.028840905 1.228439228
602984 2984.000000 17758100002984000 0.040087007 -0.151290492 1.065966702 1.204842305
602985 2985.000000 17758100002985000 0.043785606 -0.150013298 1.101548041 1.230131936
602986 2986.000000 17758100002986000 0.047493082 -0.148705155 1.137166826 1.197564225
602987 2987.000000 17758100002987000 0.051208850 -0.147414743 1.185219567 1.191174389
602988 2988.000000 17758100002988000 0.054932322 -0.146279370 1.220365331 1.196488212
602989 2989.000000 17758100002989000 0.058662914 -0.145017509 1.266863176 1.191899918
602990 2990.000000 17758100002990000 0.062400028 -0.143645987 1.297712216 1.192090318
602991 2991.000000 17758100002991000 0.066143088 -0.142407094 1.345657439 1.172262863
602992 2992.000000 17758100002992000 0.069891483 -0.141030929 1.388536037 1.165818371
602993 2993.000000 17758100002993000 0.073644638 -0.139849173 1.414749033 1.163491726
602994 2994.000000 17758100002994000 0.077401958 -0.138065063 1.462301371 1.206257423
602995 2995.000000 17758100002995000 0.081162848 -0.136374934 1.498782738 1.113062568
602996 2996.000000 17758100002996000 0.084926702 -0.135070482 1.522393949 1.150814000
602997 2997.000000 17758100002997000 0.088692948 -0.133672058 1.572698698 1.130254789
602998 2998.000000 17758100002998000 0.092460975 -0.132043878 1.606126240 1.114026361
602999 2999.000000 17758100002999000 0.096230187 -0.130275244 1.643650034 1.129674305
603000 3000.000000 17758100003000000 0.100000001 -0.128287959 1.676604755 1.053290176
603001 3001.000000 17758100003001000 0.103769809 -0.126903726 1.709439251 1.107925767
603002 3002.000000 17758100003002000 0.107539028 -0.125272932 1.751656781 1.116784397
603003 3003.000000 17758100003003000 0.111307055 -0.123985118 1.787770490 1.058643289
603004 3004.000000 17758100003004000 0.115073293 -0.121539284 1.819265473 1.061042602
603005 3005.000000 17758100003005000 0.118837155 -0.119555299 1.857508946 1.060406218
603006 3006.000000 17758100003006000 0.122598045 -0.117808784 1.899468979 1.024888797
603007 3007.000000 17758100003007000 0.126355365 -0.115776414 1.933811100 1.068931796
603008 3008.000000 17758100003008000 0.130108520 -0.113884635 1.953726198 1.061358126
603009 3009.000000 17758100003009000 0.133856922 -0.111741259 1.997077083 1.050157127
603010 3010.000000 17758100003010000 0.137599975 -0.109819500 2.033371263 1.053900414
603011 3011.000000 17758100003011000 0.141337082 -0.107797680 2.062525735 0.982886957
603012 3012.000000 17758100003012000 0.145067677 -0.105656912 2.092617094 1.027326430
603013 3013.000000 17758100003013000 0.148791149 -0.103562246 2.130010347 1.025633679
603014 3014.000000 17758100003014000 0.152506918 -0.101842207 2.157582153 0.958294803
603015 3015.000000 17758100003015000 0.156214401 -0.099557657 2.190366487 1.006896155
603016 3016.000000 17758100003016000 0.159912989 -0.097199670 2.223033854 0.971575954
603017 3017.000000 17758100003017000 0.163602129 -0.095042633 2.253286491 0.967083828
603018 3018.000000 17758100003018000 0.167281225 -0.092358669 2.276190539 0.979340872
603019 3019.000000 17758100003019000 0.170949697 -0.090622525 2.324848854 0.976610166
603020 3020.000000 17758100003020000 0.174606964 -0.088113331 2.342452671 0.926972964
603021 3021.000000 17758100003021000 0.178252459 -0.085500112 2.374357477 0.960176683
603022 3022.000000 17758100003022000 0.181885585 -0.082963849 2.388814309 0.884317893
603023 3023.000000 17758100003023000 0.185505778 -0.080949318 2.427626746 0.891538757
603024 3024.000000 17758100003024000 0.189112470 -0.078314587 2.457773875 0.892564909
603025 3025.000000 17758100003025000 0.192705095 -0.076006430 2.482865842 0.860111174
603026 3026.000000 17758100003026000 0.196283087 -0.073350041 2.523420328 0.863854762
603027 3027.000000 17758100003027000 0.199845865 -0.070871213 2.542082694 0.868458948
603028 3028.000000 17758100003028000 0.203392878 -0.068065970 2.570191936 0.873749652
603029 3029.000000 17758100003029000 0.206923559 -0.065571464 2.600484781 0.892344048
603030 3030.000000 17758100003030000 0.210437372 -0.063026817 2.620846322 0.790412867
603031 3031.000000 17758100003031000 0.213933736 -0.060251999 2.653545372 0.808276968
603032 3032.000000 17758100003032000 0.217412099 -0.057643098 2.672226827 0.783833685
603033 3033.000000 17758100003033000 0.220871925 -0.055408349 2.699363434 0.820971097
603034 3034.000000 17758100003034000 0.224312678 -0.052193788 2.717883849 0.804540144
603035 3035.000000 17758100003035000 0.227733791 -0.049694537 2.749293190 0.767111605
603036 3036.000000 17758100003036000 0.231134728 -0.046666722 2.771402541 0.738622809
603037 3037.000000 17758100003037000 0.234514967 -0.043909244 2.792658294 0.729251936
603038 3038.000000 17758100003038000 0.237873957 -0.040989055 2.819486224 0.739435126
603039 3039.000000 17758100003039000 0.241211176 -0.038327989 2.825445859 0.696433194
603040 3040.000000 17758100003040000 0.244526103 -0.035662777 2.863745579 0.695152194
603041 3041.000000 17758100003041000 0.247818202 -0.032514661 2.879956632 0.674854173
603042 3042.000000 17758100003042000 0.251086950 -0.029862859 2.905887567 0.677969778
603043 3043.000000 17758100003043000 0.254331857 -0.026801226 2.920738128 0.654474881
603044 3044.000000 17758100003044000 0.257552385 -0.023932901 2.940965749 0.665082387
603045 3045.000000 17758100003045000 0.260748029 -0.020679470 2.960376131 0.611996847
603046 3046.000000 17758100003046000 0.263918310 -0.017978275 2.982414099 0.602021946
603047 3047.000000 17758100003047000 0.267062694 -0.014428240 3.002326922 0.591295330
603048 3048.000000 17758100003048000 0.270180672 -0.011520558 3.018756282 0.582227117
603049 3049.000000 17758100003049000 0.273271799 -0.008979301 3.032794639 0.597563385
603050 3050.000000 17758100003050000 0.276335567 -0.005788232 3.048119054 0.563362448
603051 3051.000000 17758100003051000 0.279371500 -0.002470830 3.074589850 0.523771827
603052 3052.000000 17758100003052000 0.282379091 0.000431229 3.086860140 0.555540139
603053 3053.000000 17758100003053000 0.285357893 0.003532929 3.103838651 0.488636070
603054 3054.000000 17758100003054000 0.288307399 0.006895813 3.115666913 0.537688700
603055 3055.000000 17758100003055000 0.291227192 0.010027510 3.122188094 0.510294886
603056 3056.000000 17758100003056000 0.294116795 0.012932580 3.150080505 0.497929549
603057 3057.000000 17758100003057000 0.296975732 0.016063489 3.160410601 0.446948199
603058 3058.000000 17758100003058000 0.299803555 0.019465145 3.164111454 0.446722839
603059 3059.000000 17758100003059000 0.302599847 0.022549685 3.183984040 0.433076133
603060 3060.000000 17758100003060000 0.305364132 0.025890839 3.209426239 0.411759560
603061 3061.000000 17758100003061000 0.308095992 0.028937500 3.217997602 0.383963553
603062 3062.000000 17758100003062000 0.310794979 0.032223503 3.220887697 0.395334116
603063 3063.000000 17758100003063000 0.313460708 0.035654780 3.233604683 0.395144051
603064 3064.000000 17758100003064000 0.316092700 0.038593061 3.241301257 0.380303176
603065 3065.000000 17758100003065000 0.318690598 0.041726970 3.248403164 0.351627934
603066 3066.000000 17758100003066000 0.321253926 0.045194546 3.268662009 0.367608202
603067 3067.000000 17758100003067000 0.323782355 0.048304519 3.271391627 0.344035982
603068 3068.000000 17758100003068000 0.326275408 0.051842431 3.276630015 0.302815336
603069 3069.000000 17758100003069000 0.328732759 0.055515428 3.284608522 0.293277310
603070 3070.000000 17758100003070000 0.331153959 0.058436887 3.296746767 0.240126024
603071 3071.000000 17758100003071000 0.333538681 0.061153363 3.303616350 0.242769637
603072 3072.000000 17758100003072000 0.335886538 0.065010890 3.310794229 0.232091050
603073 3073.000000 17758100003073000 0.338197112 0.068072349 3.310015524 0.208261454
603074 3074.000000 17758100003074000 0.340470105 0.071532074 3.313408800 0.195088218
603075 3075.000000 17758100003075000 0.342705101 0.075275022 3.318431307 0.199309338
603076 3076.000000 17758100003076000 0.344901770 0.077885401 3.322077866 0.169889568
603077 3077.000000 17758100003077000 0.347059786 0.081396578 3.322061160 0.179694236
603078 3078.000000 17758100003078000 0.349178761 0.084774129 3.332577769 0.148638246
603079 3079.000000 17758100003079000 0.351258427 0.088105230 3.330358557 0.119607568
603080 3080.000000 17758100003080000 0.353298366 0.091455075 3.331251218 0.108840633
603081 3081.000000 17758100003081000 0.355298340 0.094831864 3.334912651 0.085743152
603082 3082.000000 17758100003082000 0.357257992 0.098173085 3.333840643 0.055313212
603083 3083.000000 17758100003083000 0.359177023 0.101341781 3.341978219 0.067268714
603084 3084.000000 17758100003084000 0.361055136 0.104766640 3.339315192 0.036872946
603085 3085.000000 17758100003085000 0.362892002 0.108254019 3.340677937 0.010019090
603086 3086.000000 17758100003086000 0.364687353 0.111564506 3.336459811 0.017666481
603087 3087.000000 17758100003087000 0.366440922 0.114447602 3.322544020 0.003671137
603088 3088.000000 17758100003088000 0.368152440 0.118227752 3.337254754 -0.013629956
603089 3089.000000 17758100003089000 0.369821578 0.121582512 3.330596674 -0.020886912
603090 3090.000000 17758100003090000 0.371448129 0.124917393 3.319429670 -0.070479693
603091 3091.000000 17758100003091000 0.373031795 0.128318232 3.324873132 -0.062826599
603092 3092.000000 17758100003092000 0.374572366 0.131239600 3.323975504 -0.094231645
603093 3093.000000 17758100003093000 0.376069546 0.134901578 3.301403581 -0.085046178
603094 3094.000000 17758100003094000 0.377523154 0.137956855 3.295909535 -0.135659681
603095 3095.000000 17758100003095000 0.378932953 0.141373984 3.300096579 -0.125251260
603096 3096.000000 17758100003096000 0.380298674 0.144793318 3.295805245 -0.122295859
603097 3097.000000 17758100003097000 0.381620169 0.148497916 3.299491915 -0.171316924
603098 3098.000000 17758100003098000 0.382897168 0.151634935 3.275501261 -0.206639859
603099 3099.000000 17758100003099000 0.384129494 0.154738622 3.265547511 -0.204072565
603100 3100.000000 17758100003100000 0.385316968 0.157952901 3.261129282 -0.214046723
603101 3101.000000 17758100003101000 0.386459351 0.161195087 3.253010245 -0.219266974
603102 3102.000000 17758100003102000 0.387556523 0.163954634 3.232080061 -0.209612576
603103 3103.000000 17758100003103000 0.388608307 0.167586095 3.241349868 -0.254779455
603104 3104.000000 17758100003104000 0.389614493 0.170491149 3.221331022 -0.268339088
603105 3105.000000 17758100003105000 0.390574962 0.173667915 3.207789898 -0.287385542
603106 3106.000000 17758100003106000 0.391489506 0.176960899 3.199846145 -0.306924027
603107 3107.000000 17758100003107000 0.392358065 0.180069333 3.190958070 -0.326348617
603108 3108.000000 17758100003108000 0.393180430 0.183414308 3.170632264 -0.353272005
603109 3109.000000 17758100003109000 0.393956512 0.186777148 3.160949620 -0.314982537
603110 3110.000000 17758100003110000 0.394686162 0.189876992 3.137542449 -0.356862975
603111 3111.000000 17758100003111000 0.395369291 0.193196777 3.133407751 -0.393368155
603112 3112.000000 17758100003112000 0.396005780 0.196104627 3.115070621 -0.413601948
603113 3113.000000 17758100003113000 0.396595538 0.199552852 3.106304643 -0.379805197
603114 3114.000000 17758100003114000 0.397138417 0.202193346 3.088646263 -0.423084236
603115 3115.000000 17758100003115000 0.397634417 0.205224103 3.077598492 -0.415906481
603116 3116.000000 17758100003116000 0.398083389 0.208468744 3.057826198 -0.461973968
603117 3117.000000 17758100003117000 0.398485303 0.211309480 3.037527517 -0.475173453
603118 3118.000000 17758100003118000 0.398840070 0.214440332 3.020288068 -0.486027694
603119 3119.000000 17758100003119000 0.399147660 0.217661400 3.002289590 -0.517186622
603120 3120.000000 17758100003120000 0.399408013 0.220359188 2.981523825 -0.539327980
603121 3121.000000 17758100003121000 0.399621099 0.223330899 2.956987807 -0.502455223
603122 3122.000000 17758100003122000 0.399786830 0.226030120 2.949257670 -0.524378604
603123 3123.000000 17758100003123000 0.399905264 0.229125265 2.919536640 -0.552671366
603124 3124.000000 17758100003124000 0.399976313 0.232078966 2.905901439 -0.572358349
603125 3125.000000 17758100003125000 0.400000006 0.234789849 2.875138791 -0.578261275
603126 3126.000000 17758100003126000 0.399976313 0.237620787 2.860609694 -0.594596715
603127 3127.000000 17758100003127000 0.399905264 0.240387297 2.837404279 -0.620097906
603128 3128.000000 17758100003128000 0.399786830 0.243774367 2.817534218 -0.614776974
603129 3129.000000 17758100003129000 0.399621099 0.246301453 2.793060301 -0.633117857
603130 3130.000000 17758100003130000 0.399408013 0.249273315 2.772567369 -0.636840832
603131 3131.000000 17758100003131000 0.399147660 0.251697078 2.751350069 -0.674872482
603132 3132.000000 17758100003132000 0.398840070 0.254499270 2.722238804 -0.690961673
603133 3133.000000 17758100003133000 0.398485303 0.257068149 2.710534997 -0.668477941
603134 3134.000000 17758100003134000 0.398083389 0.259956582 2.674478125 -0.689080101
603135 3135.000000 17758100003135000 0.397634417 0.262545673 2.655399411 -0.741524780
603136 3136.000000 17758100003136000 0.397138417 0.265086698 2.630081769 -0.693546970
603137 3137.000000 17758100003137000 0.396595538 0.268196798 2.599317471 -0.753036051
603138 3138.000000 17758100003138000 0.396005780 0.270287381 2.558711361 -0.740382001
603139 3139.000000 17758100003139000 0.395369291 0.272958880 2.547167396 -0.734737067
603140 3140.000000 17758100003140000 0.394686162 0.275441072 2.518869365 -0.786923947
603141 3141.000000 17758100003141000 0.393956512 0.278133730 2.497784652 -0.820169068
603142 3142.000000 17758100003142000 0.393180430 0.280142212 2.461750852 -0.819621465
603143 3143.000000 17758100003143000 0.392358065 0.282928116 2.431740929 -0.805469111
603144 3144.000000 17758100003144000 0.391489506 0.285135157 2.405401077 -0.782527784
603145 3145.000000 17758100003145000 0.390574962 0.287894748 2.379919896 -0.813737050
603146 3146.000000 17758100003146000 0.389614493 0.290016115 2.349047430 -0.875641898
603147 3147.000000 17758100003147000 0.388608307 0.292332986 2.312221784 -0.892132316
603148 3148.000000 17758100003148000 0.387556523 0.294724037 2.289206997 -0.882311239
603149 3149.000000 17758100003149000 0.386459351 0.296551325 2.264052571 -0.889020250
603150 3150.000000 17758100003150000 0.385316968 0.299351417 2.225532357 -0.894644814
603151 3151.000000 17758100003151000 0.384129494 0.301379107 2.190526997 -0.929720370
603152 3152.000000 17758100003152000 0.382897168 0.303207061 2.161001164 -0.939769251
603153 3153.000000 17758100003153000 0.381620169 0.305571283 2.128005080 -0.945112481
603154 3154.000000 17758100003154000 0.380298674 0.307502807 2.093304756 -0.937559670
603155 3155.000000 17758100003155000 0.378932953 0.309500235 2.064849989 -0.951963721
603156 3156.000000 17758100003156000 0.377523154 0.311829981 2.034696410 -0.936485567
603157 3157.000000 17758100003157000 0.376069546 0.313377169 1.996558495 -0.992262877
603158 3158.000000 17758100003158000 0.374572366 0.315740601 1.960902210 -0.985020888
603159 3159.000000 17758100003159000 0.373031795 0.317936200 1.926205617 -0.985166255
603160 3160.000000 17758100003160000 0.371448129 0.319741384 1.900537019 -1.002079838
603161 3161.000000 17758100003161000 0.369821578 0.321271741 1.863094988 -1.019431731
603162 3162.000000 17758100003162000 0.368152440 0.323220964 1.822978929 -1.022499495
603163 3163.000000 17758100003163000 0.366440922 0.324909285 1.791292898 -1.004717182
603164 3164.000000 17758100003164000 0.364687353 0.326608907 1.764953858 -1.076710382
603165 3165.000000 17758100003165000 0.362892002 0.328674879 1.717248445 -1.028953504
603166 3166.000000 17758100003166000 0.361055136 0.330152001 1.699088679 -1.025640959
603167 3167.000000 17758100003167000 0.359177023 0.331868717 1.648795383 -1.095737421
603168 3168.000000 17758100003168000 0.357257992 0.333300186 1.608465338 -1.075698466
603169 3169.000000 17758100003169000 0.355298340 0.334908102 1.574122878 -1.074551889
603170 3170.000000 17758100003170000 0.353298366 0.336445244 1.547830962 -1.096745317
603171 3171.000000 17758100003171000 0.351258427 0.338524239 1.498883846 -1.062673693
603172 3172.000000 17758100003172000 0.349178761 0.339535387 1.469392770 -1.105439227
603173 3173.000000 17758100003173000 0.347059786 0.340956743 1.419107218 -1.124861912
603174 3174.000000 17758100003174000 0.344901770 0.342614927 1.378867304 -1.116810831
603175 3175.000000 17758100003175000 0.342705101 0.343808760 1.349280824 -1.152212466
603176 3176.000000 17758100003176000 0.340470105 0.345166647 1.304959146 -1.124168240
603177 3177.000000 17758100003177000 0.338197112 0.346246035 1.267387997 -1.114694892
603178 3178.000000 17758100003178000 0.335886538 0.346911642 1.226512555 -1.148275080
603179 3179.000000 17758100003179000 0.333538681 0.348668255 1.192483750 -1.161444099
603180 3180.000000 17758100003180000 0.331153959 0.349947782 1.156008660 -1.161581034
603181 3181.000000 17758100003181000 0.328732759 0.350560996 1.115392653 -1.203847587
603182 3182.000000 17758100003182000 0.326275408 0.352377395 1.079467359 -1.163219974
603183 3183.000000 17758100003183000 0.323782355 0.352959844 1.035279182 -1.192179386
603184 3184.000000 17758100003184000 0.321253926 0.354010166 0.995950168 -1.199264999
603185 3185.000000 17758100003185000 0.318690598 0.355383233 0.958811353 -1.182184712
603186 3186.000000 17758100003186000 0.316092700 0.355544106 0.908400398 -1.195934639
603187 3187.000000 17758100003187000 0.313460708 0.356732879 0.871131448 -1.187908606
603188 3188.000000 17758100003188000 0.310794979 0.357570338 0.840058391 -1.204267147
603189 3189.000000 17758100003189000 0.308095992 0.358511420 0.788465381 -1.192016461
603190 3190.000000 17758100003190000 0.305364132 0.359158259 0.754425052 -1.193708293
603191 3191.000000 17758100003191000 0.302599847 0.359690546 0.714719082 -1.231152065
603192 3192.000000 17758100003192000 0.299803555 0.360405666 0.677633981 -1.254747051
603193 3193.000000 17758100003193000 0.296975732 0.360933809 0.624675383 -1.226065768
603194 3194.000000 17758100003194000 0.294116795 0.362096762 0.586149590 -1.229097315
603195 3195.000000 17758100003195000 0.291227192 0.362134188 0.541439004 -1.226868014
603196 3196.000000 17758100003196000 0.288307399 0.362988712 0.505931770 -1.211136603
603197 3197.000000 17758100003197000 0.285357893 0.363114691 0.461766810 -1.241122248
603198 3198.000000 17758100003198000 0.282379091 0.363553356 0.425179257 -1.248453000
603199 3199.000000 17758100003199000 0.279371500 0.364361225 0.375715212 -1.238579935
603200 3200.000000 17758100003200000 0.276335567 0.364422375 0.335450163 -1.228954896
603201 3201.000000 17758100003201000 0.273271799 0.364842305 0.300268950 -1.241719838
603202 3202.000000 17758100003202000 0.270180672 0.364174617 0.247549278 -1.245116721
603203 3203.000000 17758100003203000 0.267062694 0.365084691 0.211953402 -1.238087156
603204 3204.000000 17758100003204000 0.263918310 0.365002369 0.164777247 -1.263051182
603205 3205.000000 17758100003205000 0.260748029 0.365754415 0.134392243 -1.270021372
603206 3206.000000 17758100003206000 0.257552385 0.365409675 0.095821910 -1.249924159
603207 3207.000000 17758100003207000 0.254331857 0.365209879 0.052025638 -1.274778767
603208 3208.000000 17758100003208000 0.251086950 0.365981955 0.001611006 -1.320319760
603209 3209.000000 17758100003209000 0.247818202 0.365304973 -0.031890135 -1.233013569
603210 3210.000000 17758100003210000 0.244526103 0.365391840 -0.088311576 -1.249653591
603211 3211.000000 17758100003211000 0.241211176 0.365070237 -0.123323908 -1.251698142
603212 3212.000000 17758100003212000 0.237873957 0.365206503 -0.161775957 -1.259805676
603213 3213.000000 17758100003213000 0.234514967 0.365103039 -0.211311217 -1.281124213
603214 3214.000000 17758100003214000 0.231134728 0.364445151 -0.252909888 -1.230611796
603215 3215.000000 17758100003215000 0.227733791 0.364216772 -0.290261083 -1.262647995
603216 3216.000000 17758100003216000 0.224312678 0.364245179 -0.329354240 -1.286741368
603217 3217.000000 17758100003217000 0.220871925 0.363726830 -0.375460955 -1.244894592
603218 3218.000000 17758100003218000 0.217412099 0.363459469 -0.413427149 -1.271225599
603219 3219.000000 17758100003219000 0.213933736 0.362623762 -0.454098793 -1.250791346
603220 3220.000000 17758100003220000 0.210437372 0.362313986 -0.499295495 -1.278604552
603221 3221.000000 17758100003221000 0.206923559 0.362105617 -0.524627094 -1.252939009
603222 3222.000000 17758100003222000 0.203392878 0.361389554 -0.578443765 -1.252569058
603223 3223.000000 17758100003223000 0.199845865 0.360435965 -0.626690349 -1.268931335
603224 3224.000000 17758100003224000 0.196283087 0.359670349 -0.664494914 -1.219171573
603225 3225.000000 17758100003225000 0.192705095 0.359157674 -0.708374119 -1.221685610
603226 3226.000000 17758100003226000 0.189112470 0.358383320 -0.737895369 -1.233573983
603227 3227.000000 17758100003227000 0.185505778 0.357588713 -0.785063413 -1.238480953
603228 3228.000000 17758100003228000 0.181885585 0.356683830 -0.833399170 -1.221449843
603229 3229.000000 17758100003229000 0.178252459 0.355837023 -0.866488304 -1.234654009
603230 3230.000000 17758100003230000 0.174606964 0.355011601 -0.908496184 -1.236440744
603231 3231.000000 17758100003231000 0.170949697 0.354189774 -0.940100758 -1.231124985
603232 3232.000000 17758100003232000 0.167281225 0.353096931 -0.992146367 -1.189873303
603233 3233.000000 17758100003233000 0.163602129 0.351988352 -1.036412031 -1.248518838
603234 3234.000000 17758100003234000 0.159912989 0.351198626 -1.071039705 -1.218906381
603235 3235.000000 17758100003235000 0.156214401 0.349979746 -1.107765805 -1.206380996
603236 3236.000000 17758100003236000 0.152506918 0.348892752 -1.152421484 -1.200057860
603237 3237.000000 17758100003237000 0.148791149 0.347555340 -1.191886788 -1.191461119
603238 3238.000000 17758100003238000 0.145067677 0.346244387 -1.219630978 -1.162025286
603239 3239.000000 17758100003239000 0.141337082 0.345189575 -1.267345492 -1.229640150
603240 3240.000000 17758100003240000 0.137599975 0.344231488 -1.312111250 -1.204705022
603241 3241.000000 17758100003241000 0.133856922 0.342385138 -1.344612799 -1.200770610
603242 3242.000000 17758100003242000 0.130108520 0.341345879 -1.378647622 -1.188788098
603243 3243.000000 17758100003243000 0.126355365 0.339506180 -1.416140787 -1.150179589
603244 3244.000000 17758100003244000 0.122598045 0.338132724 -1.448770924 -1.133964298
603245 3245.000000 17758100003245000 0.118837155 0.336678610 -1.494010443 -1.155136843
603246 3246.000000 17758100003246000 0.115073293 0.335136968 -1.528778358 -1.144484907
603247 3247.000000 17758100003247000 0.111307055 0.333283670 -1.567510330 -1.121470356
603248 3248.000000 17758100003248000 0.107539028 0.332047505 -1.607124697 -1.106617652
603249 3249.000000 17758100003249000 0.103769809 0.330138528 -1.652316886 -1.133106344
603250 3250.000000 17758100003250000 0.100000001 0.328607470 -1.677846919 -1.110631888
603251 3251.000000 17758100003251000 0.096230187 0.326726966 -1.721021312 -1.132411522
603252 3252.000000 17758100003252000 0.092460975 0.325163005 -1.745957880 -1.127483769
603253 3253.000000 17758100003253000 0.088692948 0.323331557 -1.782230539 -1.119582844
603254 3254.000000 17758100003254000 0.084926702 0.321533458 -1.827458174 -1.090525980
603255 3255.000000 17758100003255000 0.081162848 0.319988392 -1.857929540 -1.064168011
603256 3256.000000 17758100003256000 0.077401958 0.317640359 -1.894761558 -1.066369152
603257 3257.000000 17758100003257000 0.073644638 0.315821174 -1.927692969 -1.075506512
603258 3258.000000 17758100003258000 0.069891483 0.313811359 -1.955854665 -1.034151273
603259 3259.000000 17758100003259000 0.066143088 0.312133560 -1.991141159 -1.062054816
603260 3260.000000 17758100003260000 0.062400028 0.310289955 -2.019824782 -1.026853985
603261 3261.000000 17758100003261000 0.058662914 0.308027491 -2.057164568 -1.013666777
603262 3262.000000 17758100003262000 0.054932322 0.305904819 -2.103337354 -0.976789697
603263 3263.000000 17758100003263000 0.051208850 0.303993113 -2.127831374 -1.023807326
603264 3264.000000 17758100003264000 0.047493082 0.301625202 -2.154279779 -0.976426023
603265 3265.000000 17758100003265000 0.043785606 0.299554489 -2.185007404 -0.982913105
603266 3266.000000 17758100003266000 0.040087007 0.297095379 -2.219782598 -0.972830299
603267 3267.000000 17758100003267000 0.036397867 0.294988929 -2.243707033 -0.976769429
603268 3268.000000 17758100003268000 0.032718770 0.292744982 -2.285792197 -0.960115741
603269 3269.000000 17758100003269000 0.029050302 0.290320440 -2.319141362 -0.947376787
603270 3270.000000 17758100003270000 0.025393033 0.287843904 -2.340270967 -0.901286400
603271 3271.000000 17758100003271000 0.021747548 0.285487314 -2.371267037 -0.914700629
603272 3272.000000 17758100003272000 0.018114420 0.283368278 -2.397723200 -0.935206939
603273 3273.000000 17758100003273000 0.014494222 0.280682472 -2.429249862 -0.883750034
603274 3274.000000 17758100003274000 0.010887526 0.278229731 -2.448920285 -0.902758496
603275 3275.000000 17758100003275000 0.007294902 0.275481325 -2.486977972 -0.872167162
603276 3276.000000 17758100003276000 0.003716917 0.273289660 -2.513890331 -0.879483568
603277 3277.000000 17758100003277000 0.000154137 0.270879202 -2.534321303 -0.846702795
603278 3278.000000 17758100003278000 -0.003392877 0.268085179 -2.569102931 -0.818092678
603279 3279.000000 17758100003279000 -0.006923564 0.265429500 -2.596557230 -0.801573959
603280 3280.000000 17758100003280000 -0.010437366 0.262733282 -2.626422995 -0.798777000
603281 3281.000000 17758100003281000 -0.013933728 0.260076503 -2.656598337 -0.826250979
603282 3282.000000 17758100003282000 -0.017412100 0.257577903 -2.663474773 -0.783569396
603283 3283.000000 17758100003283000 -0.020871930 0.254890623 -2.693959806 -0.794888713
603284 3284.000000 17758100003284000 -0.024312675 0.252162996 -2.726709792 -0.731072398
603285 3285.000000 17758100003285000 -0.027733788 0.249230944 -2.751054102 -0.770256358
603286 3286.000000 17758100003286000 -0.031134730 0.246077007 -2.772521134 -0.748633191
603287 3287.000000 17758100003287000 -0.034514964 0.244023161 -2.799135011 -0.745802390
603288 3288.000000 17758100003288000 -0.037873957 0.240748531 -2.818193262 -0.715519811
603289 3289.000000 17758100003289000 -0.041211180 0.238132203 -2.834435774 -0.722815686
603290 3290.000000 17758100003290000 -0.044526104 0.235489472 -2.864207116 -0.706158858
603291 3291.000000 17758100003291000 -0.047818203 0.232591554 -2.887918890 -0.683551791
603292 3292.000000 17758100003292000 -0.051086962 0.229724553 -2.906023911 -0.640578217
603293 3293.000000 17758100003293000 -0.054331861 0.226705588 -2.919752644 -0.687034338
603294 3294.000000 17758100003294000 -0.057552390 0.223359544 -2.940612747 -0.666213732
603295 3295.000000 17758100003295000 -0.060748037 0.220660948 -2.962941646 -0.647494824
603296 3296.000000 17758100003296000 -0.063918307 0.217755096 -2.975174604 -0.591675220
603297 3297.000000 17758100003297000 -0.067062683 0.214919594 -2.996300605 -0.603823345
603298 3298.000000 17758100003298000 -0.070180684 0.211724518 -3.015627903 -0.562248419
603299 3299.000000 17758100003299000 -0.073271811 0.208547154 -3.025864424 -0.566567354
603300 3300.000000 17758100003300000 -0.076335579 0.205892663 -3.046699672 -0.565741927
603301 3301.000000 17758100003301000 -0.079371497 0.202434164 -3.079340188 -0.538234801
603302 3302.000000 17758100003302000 -0.082379088 0.199177430 -3.098866381 -0.530031019
603303 3303.000000 17758100003303000 -0.085357882 0.196162407 -3.092757040 -0.513906559
603304 3304.000000 17758100003304000 -0.088307410 0.193082393 -3.118966163 -0.507537195
603305 3305.000000 17758100003305000 -0.091227196 0.190267088 -3.124484524 -0.525448015
603306 3306.000000 17758100003306000 -0.094116792 0.186994285 -3.149728168 -0.461694462
603307 3307.000000 17758100003307000 -0.096975729 0.183556022 -3.155033695 -0.461098820
603308 3308.000000 17758100003308000 -0.099803559 0.180644488 -3.173223379 -0.410084910
603309 3309.000000 17758100003309000 -0.102599844 0.177130758 -3.191759678 -0.457652460
603310 3310.000000 17758100003310000 -0.105364129 0.174431046 -3.198152922 -0.403238966
603311 3311.000000 17758100003311000 -0.108095989 0.171109734 -3.207725337 -0.376147068
603312 3312.000000 17758100003312000 -0.110794991 0.167997649 -3.210271427 -0.412087094
603313 3313.000000 17758100003313000 -0.113460705 0.164659792 -3.234472947 -0.375817051
603314 3314.000000 17758100003314000 -0.116092704 0.161623003 -3.244025391 -0.339290257
603315 3315.000000 17758100003315000 -0.118690588 0.158340134 -3.249608141 -0.351532208
603316 3316.000000 17758100003316000 -0.121253937 0.154790527 -3.258655939 -0.345024138
603317 3317.000000 17758100003317000 -0.123782344 0.151517901 -3.264705576 -0.350715324
603318 3318.000000 17758100003318000 -0.126275420 0.147924397 -3.265279030 -0.328407763
603319 3319.000000 17758100003319000 -0.128732756 0.144968867 -3.292863065 -0.256025863
603320 3320.000000 17758100003320000 -0.131153971 0.141171508 -3.295459307 -0.259003975
603321 3321.000000 17758100003321000 -0.133538693 0.138331208 -3.295507933 -0.238825896
603322 3322.000000 17758100003322000 -0.135886535 0.134947219 -3.302661502 -0.244835721
603323 3323.000000 17758100003323000 -0.138197124 0.131955735 -3.304947489 -0.240783693
603324 3324.000000 17758100003324000 -0.140470102 0.128199537 -3.321595345 -0.205509991
603325 3325.000000 17758100003325000 -0.142705098 0.125150632 -3.317343966 -0.155714051
603326 3326.000000 17758100003326000 -0.144901782 0.121675575 -3.325660026 -0.179568904
603327 3327.000000 17758100003327000 -0.147059783 0.118295587 -3.324057336 -0.153714709
603328 3328.000000 17758100003328000 -0.149178773 0.115066867 -3.327680495 -0.126273705
603329 3329.000000 17758100003329000 -0.151258409 0.111803258 -3.326274076 -0.127885818
603330 3330.000000 17758100003330000 -0.153298378 0.108260858 -3.340085445 -0.106648404
603331 3331.000000 17758100003331000 -0.155298337 0.105363248 -3.345207396 -0.077578396
603332 3332.000000 17758100003332000 -0.157258004 0.101814613 -3.344798208 -0.093633192
603333 3333.000000 17758100003333000 -0.159177020 0.098803293 -3.336195143 -0.082017185
603334 3334.000000 17758100003334000 -0.161055133 0.095101051 -3.337622380 -0.037080166
603335 3335.000000 17758100003335000 -0.162891999 0.092066650 -3.332128537 -0.018309849
603336 3336.000000 17758100003336000 -0.164687365 0.088126479 -3.334223086 -0.033276453
603337 3337.000000 17758100003337000 -0.166440934 0.085597181 -3.324783567 0.023262553
603338 3338.000000 17758100003338000 -0.168152422 0.081652901 -3.336896809 0.041082434
603339 3339.000000 17758100003339000 -0.169821575 0.078603362 -3.326759437 0.040949935
603340 3340.000000 17758100003340000 -0.171448112 0.075350373 -3.331140835 0.076699124
603341 3341.000000 17758100003341000 -0.173031792 0.071983490 -3.331915769 0.029576682
603342 3342.000000 17758100003342000 -0.174572349 0.068647088 -3.313208024 0.085013007
603343 3343.000000 17758100003343000 -0.176069558 0.065147548 -3.319282135 0.116346799
603344 3344.000000 17758100003344000 -0.177523166 0.061937423 -3.303859600 0.079021984
603345 3345.000000 17758100003345000 -0.178932950 0.058487357 -3.302069748 0.125357385
603346 3346.000000 17758100003346000 -0.180298686 0.055157800 -3.285633222 0.185136049
603347 3347.000000 17758100003347000 -0.181620151 0.052265463 -3.289097189 0.193537583
603348 3348.000000 17758100003348000 -0.182897165 0.048697643 -3.277667397 0.167413272
603349 3349.000000 17758100003349000 -0.184129491 0.045558744 -3.267740026 0.150460085
603350 3350.000000 17758100003350000 -0.185316950 0.042030084 -3.253050578 0.188973064
603351 3351.000000 17758100003351000 -0.186459363 0.038913924 -3.257045434 0.208176661
603352 3352.000000 17758100003352000 -0.187556535 0.035602042 -3.242241975 0.266030083
603353 3353.000000 17758100003353000 -0.188608304 0.032266838 -3.233560718 0.224950625
603354 3354.000000 17758100003354000 -0.189614490 0.028939814 -3.230756865 0.292232071
603355 3355.000000 17758100003355000 -0.190574944 0.025839518 -3.223657680 0.289969028
603356 3356.000000 17758100003356000 -0.191489518 0.022599485 -3.194038973 0.273819518
603357 3357.000000 17758100003357000 -0.192358062 0.019778470 -3.186426193 0.297668365
603358 3358.000000 17758100003358000 -0.193180442 0.016328692 -3.171360267 0.350913846
603359 3359.000000 17758100003359000 -0.193956509 0.013425064 -3.162235969 0.340549570
603360 3360.000000 17758100003360000 -0.194686174 0.010329790 -3.142460743 0.348305989
603361 3361.000000 17758100003361000 -0.195369303 0.007303595 -3.135686424 0.386238868
603362 3362.000000 17758100003362000 -0.196005777 0.003718793 -3.117570918 0.397688056
603363 3363.000000 17758100003363000 -0.196595520 0.000781909 -3.109514424 0.419373251
603364 3364.000000 17758100003364000 -0.197138429 -0.002126399 -3.081620244 0.458444595
603365 3365.000000 17758100003365000 -0.197634414 -0.005079520 -3.062010937 0.417646819
603366 3366.000000 17758100003366000 -0.198083386 -0.008498537 -3.054448503 0.449225152
603367 3367.000000 17758100003367000 -0.198485300 -0.011652691 -3.040551300 0.448812663
603368 3368.000000 17758100003368000 -0.198840082 -0.014595940 -3.010694635 0.496232892
603369 3369.000000 17758100003369000 -0.199147671 -0.017123702 -3.003153412 0.478810222
603370 3370.000000 17758100003370000 -0.199408025 -0.020404383 -2.986263748 0.512036434
603371 3371.000000 17758100003371000 -0.199621081 -0.023515872 -2.971483659 0.520133368
603372 3372.000000 17758100003372000 -0.199786842 -0.025885769 -2.954300216 0.559138543
603373 3373.000000 17758100003373000 -0.199905261 -0.029352631 -2.930585635 0.604021608
603374 3374.000000 17758100003374000 -0.199976310 -0.032814109 -2.908654357 0.548086533
603375 3375.000000 17758100003375000 -0.200000003 -0.034729526 -2.883232833 0.607115538
603376 3376.000000 17758100003376000 -0.199976310 -0.037659674 -2.863671743 0.629842003
603377 3377.000000 17758100003377000 -0.199905261 -0.040976163 -2.848076836 0.645473805
603378 3378.000000 17758100003378000 -0.199786842 -0.044040188 -2.819175519 0.635216584
603379 3379.000000 17758100003379000 -0.199621081 -0.046566845 -2.792409680 0.635755206
603380 3380.000000 17758100003380000 -0.199408025 -0.049217179 -2.776519798 0.648409120
603381 3381.000000 17758100003381000 -0.199147671 -0.051844708 -2.749366230 0.650538626
603382 3382.000000 17758100003382000 -0.198840082 -0.054554150 -2.718359420 0.676093252
603383 3383.000000 17758100003383000 -0.198485300 -0.057450658 -2.700680327 0.697513092
603384 3384.000000 17758100003384000 -0.198083386 -0.059924510 -2.676605904 0.723628703
603385 3385.000000 17758100003385000 -0.197634414 -0.062605822 -2.657890618 0.751438654
603386 3386.000000 17758100003386000 -0.197138429 -0.065420800 -2.621785125 0.734599141
603387 3387.000000 17758100003387000 -0.196595520 -0.067540245 -2.597651872 0.773456960
603388 3388.000000 17758100003388000 -0.196005777 -0.070377121 -2.576053341 0.727647600
603389 3389.000000 17758100003389000 -0.195369303 -0.073081077 -2.543990043 0.790741550
603390 3390.000000 17758100003390000 -0.194686174 -0.075516107 -2.511044105 0.790370289
603391 3391.000000 17758100003391000 -0.193956509 -0.078170040 -2.490735418 0.767363897
603392 3392.000000 17758100003392000 -0.193180442 -0.080141893 -2.451814211 0.835597732
603393 3393.000000 17758100003393000 -0.192358062 -0.083040237 -2.436885494 0.804992207
603394 3394.000000 17758100003394000 -0.191489518 -0.085292793 -2.402916617 0.818281184
603395 3395.000000 17758100003395000 -0.190574944 -0.087826971 -2.371972620 0.893215417
603396 3396.000000 17758100003396000 -0.189614490 -0.089786582 -2.348205658 0.865764685
603397 3397.000000 17758100003397000 -0.188608304 -0.092498684 -2.320361301 0.853497016
603398 3398.000000 17758100003398000 -0.187556535 -0.094594629 -2.285983669 0.866249182
603399 3399.000000 17758100003399000 -0.186459363 -0.096517021 -2.258983396 0.886795089
603400 3400.000000 17758100003400000 -0.185316950 -0.099044639 -2.219239426 0.871304307
603401 3401.000000 17758100003401000 -0.184129491 -0.101428564 -2.188906052 0.897823357
603402 3402.000000 17758100003402000 -0.182897165 -0.103461663 -2.158164674 0.910322382
603403 3403.000000 17758100003403000 -0.181620151 -0.105794362 -2.134932386 0.925089567
603404 3404.000000 17758100003404000 -0.180298686 -0.107462849 -2.105845433 0.945702369
603405 3405.000000 17758100003405000 -0.178932950 -0.110100344 -2.058851109 0.957969182
603406 3406.000000 17758100003406000 -0.177523166 -0.112095182 -2.034313020 0.962237666
603407 3407.000000 17758100003407000 -0.176069558 -0.113730210 -2.000545323 0.977591226
603408 3408.000000 17758100003408000 -0.174572349 -0.115423556 -1.964034475 0.962773541
603409 3409.000000 17758100003409000 -0.173031792 -0.117767927 -1.926924723 1.012879777
603410 3410.000000 17758100003410000 -0.171448112 -0.119448127 -1.900016628 1.030765367
603411 3411.000000 17758100003411000 -0.169821575 -0.121379483 -1.861362243 1.025216052
603412 3412.000000 17758100003412000 -0.168152422 -0.123131982 -1.827714058 1.021865895
603413 3413.000000 17758100003413000 -0.166440934 -0.125270621 -1.803717788 1.026820327
603414 3414.000000 17758100003414000 -0.164687365 -0.126871469 -1.758933802 0.994096844
603415 3415.000000 17758100003415000 -0.162891999 -0.128563107 -1.718322876 1.038375941
603416 3416.000000 17758100003416000 -0.161055133 -0.130282567 -1.680409649 1.038315884
603417 3417.000000 17758100003417000 -0.159177020 -0.131982170 -1.641538540 1.040309732
603418 3418.000000 17758100003418000 -0.157258004 -0.133461462 -1.609669100 1.079446323
603419 3419.000000 17758100003419000 -0.155298337 -0.134925356 -1.575789640 1.077132974
603420 3420.000000 17758100003420000 -0.153298378 -0.136115002 -1.536277932 1.098687075
603421 3421.000000 17758100003421000 -0.151258409 -0.138194807 -1.495583678 1.086001216
603422 3422.000000 17758100003422000 -0.149178773 -0.139260417 -1.461928135 1.107856681
603423 3423.000000 17758100003423000 -0.147059783 -0.140980759 -1.425851192 1.125427652
603424 3424.000000 17758100003424000 -0.144901782 -0.142275468 -1.389594129 1.108507291
603425 3425.000000 17758100003425000 -0.142705098 -0.143617167 -1.350870910 1.175545486
603426 3426.000000 17758100003426000 -0.140470102 -0.145107690 -1.311418814 1.135508240
603427 3427.000000 17758100003427000 -0.138197124 -0.146014329 -1.280163050 1.148932959
603428 3428.000000 17758100003428000 -0.135886535 -0.147509689 -1.238060704 1.136248631
603429 3429.000000 17758100003429000 -0.133538693 -0.148573209 -1.182477752 1.159520677
603430 3430.000000 17758100003430000 -0.131153971 -0.150145963 -1.153628161 1.166635961
603431 3431.000000 17758100003431000 -0.128732756 -0.150891480 -1.112481058 1.214236624
603432 3432.000000 17758100003432000 -0.126275420 -0.151908014 -1.076072094 1.130215192
603433 3433.000000 17758100003433000 -0.123782344 -0.152998366 -1.016793497 1.200247865
603434 3434.000000 17758100003434000 -0.121253937 -0.154172325 -0.996160830 1.153636795
603435 3435.000000 17758100003435000 -0.118690588 -0.155000723 -0.949035334 1.221648707
603436 3436.000000 17758100003436000 -0.116092704 -0.155861506 -0.914161527 1.183333928
603437 3437.000000 17758100003437000 -0.113460705 -0.156941406 -0.872706272 1.209631095
603438 3438.000000 17758100003438000 -0.110794991 -0.157611005 -0.830377200 1.190413410
603439 3439.000000 17758100003439000 -0.108095989 -0.158276064 -0.791337592 1.208946300
603440 3440.000000 17758100003440000 -0.105364129 -0.159357021 -0.748022759 1.241332845
603441 3441.000000 17758100003441000 -0.102599844 -0.159779944 -0.711761380 1.221167031
603442 3442.000000 17758100003442000 -0.099803559 -0.160573609 -0.659237052 1.230235368
603443 3443.000000 17758100003443000 -0.096975729 -0.161309207 -0.634746238 1.232574037
603444 3444.000000 17758100003444000 -0.094116792 -0.161465733 -0.587139096 1.242986907
603445 3445.000000 17758100003445000 -0.091227196 -0.162262747 -0.536047168 1.240555745
603446 3446.000000 17758100003446000 -0.088307410 -0.162687416 -0.489850649 1.256734392
603447 3447.000000 17758100003447000 -0.085357882 -0.163111212 -0.462521044 1.239423807
603448 3448.000000 17758100003448000 -0.082379088 -0.163510887 -0.422049526 1.236142601
603449 3449.000000 17758100003449000 -0.079371497 -0.164037671 -0.383168060 1.253956126
603450 3450.000000 17758100003450000 -0.076335579 -0.164306244 -0.335596270 1.241012651
603451 3451.000000 17758100003451000 -0.073271811 -0.164828628 -0.293588380 1.204492978
603452 3452.000000 17758100003452000 -0.070180684 -0.165046149 -0.249172788 1.279688964
603453 3453.000000 17758100003453000 -0.067062683 -0.165196691 -0.212047723 1.255519240
603454 3454.000000 17758100003454000 -0.063918307 -0.165539164 -0.178974464 1.234619317
603455 3455.000000 17758100003455000 -0.060748037 -0.165508586 -0.131267541 1.293204994
603456 3456.000000 17758100003456000 -0.057552390 -0.165334672 -0.088374704 1.252000996
603457 3457.000000 17758100003457000 -0.054331861 -0.165535265 -0.045167351 1.300501812
603458 3458.000000 17758100003458000 -0.051086962 -0.165309153 -0.002243684 1.241084127
603459 3459.000000 17758100003459000 -0.047818203 -0.165446923 0.040966985 1.265104958
603460 3460.000000 17758100003460000 -0.044526104 -0.165699243 0.080876626 1.246038633
603461 3461.000000 17758100003461000 -0.041211180 -0.165164999 0.106475540 1.307740548
603462 3462.000000 17758100003462000 -0.037873957 -0.164954057 0.153209878 1.254927257
603463 3463.000000 17758100003463000 -0.034514964 -0.164903889 0.213170038 1.264474318
603464 3464.000000 17758100003464000 -0.031134730 -0.164469231 0.252873079 1.249557792
603465 3465.000000 17758100003465000 -0.027733788 -0.164209163 0.285055902 1.243147904
603466 3466.000000 17758100003466000 -0.024312675 -0.163905096 0.335444163 1.259204338
603467 3467.000000 17758100003467000 -0.020871930 -0.163830368 0.375475214 1.261348556
603468 3468.000000 17758100003468000 -0.017412100 -0.163303903 0.414047814 1.257728608
603469 3469.000000 17758100003469000 -0.013933728 -0.162499513 0.456119979 1.230157076
603470 3470.000000 17758100003470000 -0.010437366 -0.162611332 0.491587968 1.248772542
603471 3471.000000 17758100003471000 -0.006923564 -0.161922669 0.549922200 1.280621162
603472 3472.000000 17758100003472000 -0.003392877 -0.161252031 0.582670315 1.218374884
603473 3473.000000 17758100003473000 0.000154137 -0.160416952 0.619233510 1.252243048
603474 3474.000000 17758100003474000 0.003716917 -0.160066580 0.677759648 1.238041485
603475 3475.000000 17758100003475000 0.007294902 -0.159487726 0.707085579 1.249594745
603476 3476.000000 17758100003476000 0.010887526 -0.158703413 0.745255682 1.252129946
603477 3477.000000 17758100003477000 0.014494222 -0.157769287 0.778975837 1.250970067
603478 3478.000000 17758100003478000 0.018114420 -0.156934582 0.828875599 1.204527111
603479 3479.000000 17758100003479000 0.021747548 -0.155854498 0.874397568 1.261709267
603480 3480.000000 17758100003480000 0.025393033 -0.154981539 0.911810299 1.244671595
603481 3481.000000 17758100003481000 0.029050302 -0.154329231 0.949631055 1.252044089
603482 3482.000000 17758100003482000 0.032718770 -0.153017672 0.983940681 1.268140099
603483 3483.000000 17758100003483000 0.036397867 -0.152615497 1.032316165 1.231944707
603484 3484.000000 17758100003484000 0.040087007 -0.150795499 1.065398826 1.226021642
603485 3485.000000 17758100003485000 0.043785606 -0.149900812 1.106175879 1.217739315
603486 3486.000000 17758100003486000 0.047493082 -0.148698439 1.151288609 1.203495557
603487 3487.000000 17758100003487000 0.051208850 -0.147733313 1.187457435 1.190861161
603488 3488.000000 17758100003488000 0.054932322 -0.146588158 1.228620007 1.211270433
603489 3489.000000 17758100003489000 0.058662914 -0.145253875 1.265070755 1.204331975
603490 3490.000000 17758100003490000 0.062400028 -0.143924860 1.306969170 1.182417583
603491 3491.000000 17758100003491000 0.066143088 -0.142424728 1.342961941 1.152130913
603492 3492.000000 17758100003492000 0.069891483 -0.141226362 1.378957732 1.145419174
603493 3493.000000 17758100003493000 0.073644638 -0.139856187 1.424795661 1.164839918
603494 3494.000000 17758100003494000 0.077401958 -0.138552962 1.455182693 1.101393037
603495 3495.000000 17758100003495000 0.081162848 -0.136789995 1.496678843 1.126138587
603496 3496.000000 17758100003496000 0.084926702 -0.134869639 1.533048673 1.118925988
603497 3497.000000 17758100003497000 0.088692948 -0.133430871 1.568359974 1.113633087
603498 3498.000000 17758100003498000 0.092460975 -0.132061981 1.603843813 1.153014307
603499 3499.000000 17758100003499000 0.096230187 -0.130495189 1.647184536 1.131407308
603500 3500.000000 17758100003500000 0.100000001 -0.128709959 1.677103205 1.127281352
603501 3501.000000 17758100003501000 0.103769809 -0.126910199 1.714368505 1.103095825
603502 3502.000000 17758100003502000 0.107539028 -0.125449504 1.750300626 1.114216540
603503 3503.000000 17758100003503000 0.111307055 -0.123493478 1.779741400 1.085903772
603504 3504.000000 17758100003504000 0.115073293 -0.121581263 1.834302690 1.091676162
603505 3505.000000 17758100003505000 0.118837155 -0.119741131 1.860112632 1.057186185
603506 3506.000000 17758100003506000 0.122598045 -0.117869716 1.887861900 1.088927625
603507 3507.000000 17758100003507000 0.126355365 -0.115794126 1.922747046 1.010706468
603508 3508.000000 17758100003508000 0.130108520 -0.113813516 1.952584473 1.041904723
603509 3509.000000 17758100003509000 0.133856922 -0.111723869 1.995247966 1.053418270
603510 3510.000000 17758100003510000 0.137599975 -0.109602843 2.028219148 1.047934448
603511 3511.000000 17758100003511000 0.141337082 -0.108058509 2.057999637 0.999951767
603512 3512.000000 17758100003512000 0.145067677 -0.106147766 2.081545386 1.004615499
603513 3513.000000 17758100003513000 0.148791149 -0.103881824 2.120669057 1.014876616
603514 3514.000000 17758100003514000 0.152506918 -0.101566882 2.165064556 1.004260421
603515 3515.000000 17758100003515000 0.156214401 -0.099263677 2.193096589 0.989481012
603516 3516.000000 17758100003516000 0.159912989 -0.097333542 2.221231202 0.971433476
603517 3517.000000 17758100003517000 0.163602129 -0.094752506 2.252812626 0.995487384
603518 3518.000000 17758100003518000 0.167281225 -0.092755644 2.289994140 0.949893548
603519 3519.000000 17758100003519000 0.170949697 -0.090388820 2.317253852 0.959965051
603520 3520.000000 17758100003520000 0.174606964 -0.088034949 2.341801796 0.942613175
603521 3521.000000 17758100003521000 0.178252459 -0.085537974 2.375522120 0.947283444
603522 3522.000000 17758100003522000 0.181885585 -0.083020687 2.408890667 0.872678717
603523 3523.000000 17758100003523000 0.185505778 -0.080683504 2.440892413 0.922604608
603524 3524.000000 17758100003524000 0.189112470 -0.078227123 2.462558727 0.903462468
603525 3525.000000 17758100003525000 0.192705095 -0.075696692 2.478789961 0.890275030
603526 3526.000000 17758100003526000 0.196283087 -0.073294765 2.516515098 0.869624774
603527 3527.000000 17758100003527000 0.199845865 -0.071020230 2.542585047 0.834980694
603528 3528.000000 17758100003528000 0.203392878 -0.068414267 2.564990602 0.856275831
603529 3529.000000 17758100003529000 0.206923559 -0.065695338 2.598265919 0.832585787
603530 3530.000000 17758100003530000 0.210437372 -0.062887426 2.632763321 0.833027243
603531 3531.000000 17758100003531000 0.213933736 -0.060409841 2.652375634 0.793062400
603532 3532.000000 17758100003532000 0.217412099 -0.057772139 2.680632376 0.784138006
603533 3533.000000 17758100003533000 0.220871925 -0.055511379 2.698564660 0.779934466
603534 3534.000000 17758100003534000 0.224312678 -0.052412909 2.726793177 0.777577455
603535 3535.000000 17758100003535000 0.227733791 -0.049693195 2.752204886 0.735411164
603536 3536.000000 17758100003536000 0.231134728 -0.046479623 2.774208994 0.756935204
603537 3537.000000 17758100003537000 0.234514967 -0.043890183 2.789012376 0.735257163
603538 3538.000000 17758100003538000 0.237873957 -0.041053518 2.819305748 0.727321874
603539 3539.000000 17758100003539000 0.241211176 -0.038156686 2.834100324 0.684530306
603540 3540.000000 17758100003540000 0.244526103 -0.035502857 2.863668301 0.689348250
603541 3541.000000 17758100003541000 0.247818202 -0.032409606 2.881934946 0.684707350
603542 3542.000000 17758100003542000 0.251086950 -0.029529960 2.896061237 0.673236539
603543 3543.000000 17758100003543000 0.254331857 -0.026891654 2.922443085 0.645767421
603544 3544.000000 17758100003544000 0.257552385 -0.023821885 2.941790897 0.670444188
603545 3545.000000 17758100003545000 0.260748029 -0.020695162 2.961107878 0.650795053
603546 3546.000000 17758100003546000 0.263918310 -0.017910174 2.987466265 0.635803313
603547 3547.000000 17758100003547000 0.267062694 -0.014802580 2.988677900 0.593857779
603548 3548.000000 17758100003548000 0.270180672 -0.011859171 3.015894385 0.596936833
603549 3549.000000 17758100003549000 0.273271799 -0.008865999 3.033432979 0.578165446
603550 3550.000000 17758100003550000 0.276335567 -0.006075233 3.053075395 0.568843049
603551 3551.000000 17758100003551000 0.279371500 -0.002093235 3.068582635 0.549091808
603552 3552.000000 17758100003552000 0.282379091 0.000712217 3.083831299 0.540629783
603553 3553.000000 17758100003553000 0.285357893 0.003679502 3.102160598 0.501636222
603554 3554.000000 17758100003554000 0.288307399 0.006811242 3.117621901 0.483358763
603555 3555.000000 17758100003555000 0.291227192 0.009960707 3.122304062 0.481032554
603556 3556.000000 17758100003556000 0.294116795 0.013022891 3.143423482 0.461999751
603557 3557.000000 17758100003557000 0.296975732 0.016222292 3.165257031 0.452776180
603558 3558.000000 17758100003558000 0.299803555 0.019634380 3.171371757 0.416185547
603559 3559.000000 17758100003559000 0.302599847 0.022018492 3.187258374 0.393403480
603560 3560.000000 17758100003560000 0.305364132 0.025545967 3.199731039 0.389203440
603561 3561.000000 17758100003561000 0.308095992 0.028999531 3.203199453 0.400662846
603562 3562.000000 17758100003562000 0.310794979 0.032154650 3.220826447 0.386477940
603563 3563.000000 17758100003563000 0.313460708 0.035427456 3.243420650 0.385323727
603564 3564.000000 17758100003564000 0.316092700 0.038584051 3.238348286 0.394054004
603565 3565.000000 17758100003565000 0.318690598 0.041672048 3.247510068 0.370972733
603566 3566.000000 17758100003566000 0.321253926 0.045168201 3.261130218 0.357870478
603567 3567.000000 17758100003567000 0.323782355 0.048709653 3.270691184 0.316596835
603568 3568.000000 17758100003568000 0.326275408 0.051839875 3.267055269 0.296175849
603569 3569.000000 17758100003569000 0.328732759 0.054963215 3.291001466 0.301061935
603570 3570.000000 17758100003570000 0.331153959 0.058100666 3.285352528 0.272292606
603571 3571.000000 17758100003571000 0.333538681 0.061409988 3.294329908 0.259053954
603572 3572.000000 17758100003572000 0.335886538 0.065050083 3.311182508 0.220382149
603573 3573.000000 17758100003573000 0.338197112 0.068632950 3.305565715 0.209484356
603574 3574.000000 17758100003574000 0.340470105 0.071531769 3.317798065 0.234295100
603575 3575.000000 17758100003575000 0.342705101 0.074833864 3.317147595 0.170701998
603576 3576.000000 17758100003576000 0.344901770 0.078183609 3.322654515 0.152667844
603577 3577.000000 17758100003577000 0.347059786 0.081118031 3.335692251 0.136707992
603578 3578.000000 17758100003578000 0.349178761 0.084938793 3.328562078 0.112256308
603579 3579.000000 17758100003579000 0.351258427 0.088046670 3.334946110 0.136448013
603580 3580.000000 17758100003580000 0.353298366 0.091101520 3.339104972 0.139696359
603581 3581.000000 17758100003581000 0.355298340 0.094982344 3.333483869 0.091141572
603582 3582.000000 17758100003582000 0.357257992 0.098023691 3.338546388 0.054285501
603583 3583.000000 17758100003583000 0.359177023 0.101770949 3.340916900 0.052814012
603584 3584.000000 17758100003584000 0.361055136 0.104951099 3.336624304 0.066989118
603585 3585.000000 17758100003585000 0.362892002 0.108113177 3.330216860 0.040457075
603586 3586.000000 17758100003586000 0.364687353 0.111579263 3.346319305 -0.031091163
603587 3587.000000 17758100003587000 0.366440922 0.114865104 3.335028972 0.006100143
603588 3588.000000 17758100003588000 0.368152440 0.118123922 3.328281638 0.009669569
603589 3589.000000 17758100003589000 0.369821578 0.121733580 3.331073307 -0.050328493
603590 3590.000000 17758100003590000 0.371448129 0.125077149 3.326238545 -0.078628671
603591 3591.000000 17758100003591000 0.373031795 0.127830464 3.333524784 -0.064826856
603592 3592.000000 17758100003592000 0.374572366 0.131442984 3.312596793 -0.066681505
603593 3593.000000 17758100003593000 0.376069546 0.134804805 3.309454465 -0.086602088
603594 3594.000000 17758100003594000 0.377523154 0.137922309 3.313562645 -0.099051370
603595 3595.000000 17758100003595000 0.378932953 0.141026433 3.303393028 -0.151555204
603596 3596.000000 17758100003596000 0.380298674 0.144391182 3.287440681 -0.151597347
603597 3597.000000 17758100003597000 0.381620169 0.148021656 3.284089364 -0.154271494
603598 3598.000000 17758100003598000 0.382897168 0.151000843 3.280034301 -0.136793711
603599 3599.000000 17758100003599000 0.384129494 0.154454848 3.273824285 -0.186000175
603600 3600.000000 17758100003600000 0.385316968 0.157571238 3.255269425 -0.231188215
603601 3601.000000 17758100003601000 0.386459351 0.161090975 3.248903258 -0.227260108
603602 3602.000000 17758100003602000 0.387556523 0.164382021 3.247193882 -0.230000947
603603 3603.000000 17758100003603000 0.388608307 0.167202084 3.230410406 -0.269838881
603604 3604.000000 17758100003604000 0.389614493 0.170897769 3.210869135 -0.271826753
603605 3605.000000 17758100003605000 0.390574962 0.174165981 3.210779775 -0.296183590
603606 3606.000000 17758100003606000 0.391489506 0.177278581 3.207164704 -0.304073979
603607 3607.000000 17758100003607000 0.392358065 0.180538584 3.192331242 -0.307884755
603608 3608.000000 17758100003608000 0.393180430 0.183440042 3.167958866 -0.302979315
603609 3609.000000 17758100003609000 0.393956512 0.186667948 3.155072782 -0.373939366
603610 3610.000000 17758100003610000 0.394686162 0.189555851 3.147267079 -0.386994748
603611 3611.000000 17758100003611000 0.395369291 0.193079197 3.134694127 -0.385649468
603612 3612.000000 17758100003612000 0.396005780 0.196077578 3.130931842 -0.388503332
603613 3613.000000 17758100003613000 0.396595538 0.199152165 3.103698123 -0.402781555
603614 3614.000000 17758100003614000 0.397138417 0.202112075 3.085596909 -0.412483396
603615 3615.000000 17758100003615000 0.397634417 0.205186500 3.067760144 -0.450342915
603616 3616.000000 17758100003616000 0.398083389 0.208284367 3.046516485 -0.441826240
603617 3617.000000 17758100003617000 0.398485303 0.211536778 3.046797946 -0.451303227
603618 3618.000000 17758100003618000 0.398840070 0.214473540 3.019635662 -0.439007769
603619 3619.000000 17758100003619000 0.399147660 0.217282789 3.002481297 -0.499858133
603620 3620.000000 17758100003620000 0.399408013 0.220301091 2.983305310 -0.484139575
603621 3621.000000 17758100003621000 0.399621099 0.223578650 2.966180606 -0.556340978
603622 3622.000000 17758100003622000 0.399786830 0.225719866 2.942024477 -0.550197698
603623 3623.000000 17758100003623000 0.399905264 0.229170134 2.926877348 -0.589243116
603624 3624.000000 17758100003624000 0.399976313 0.232339164 2.908616635 -0.556049277
603625 3625.000000 17758100003625000 0.400000006 0.234849538 2.879671248 -0.577775317
603626 3626.000000 17758100003626000 0.399976313 0.238030260 2.857807327 -0.595857526
603627 3627.000000 17758100003627000 0.399905264 0.240681717 2.845626743 -0.601355065
603628 3628.000000 17758100003628000 0.399786830 0.243350330 2.816416772 -0.642985029
603629 3629.000000 17758100003629000 0.399621099 0.246440229 2.795742795 -0.633351017
603630 3630.000000 17758100003630000 0.399408013 0.249183766 2.776277271 -0.663966900
603631 3631.000000 17758100003631000 0.399147660 0.252120523 2.760116875 -0.636563698
603632 3632.000000 17758100003632000 0.398840070 0.254591202 2.719399858 -0.704787927
603633 3633.000000 17758100003633000 0.398485303 0.257562717 2.698276532 -0.721883056
603634 3634.000000 17758100003634000 0.398083389 0.259855028 2.679751273 -0.665837972
603635 3635.000000 17758100003635000 0.397634417 0.262668598 2.655668600 -0.724865540
603636 3636.000000 17758100003636000 0.397138417 0.264979484 2.622708835 -0.721426990
603637 3637.000000 17758100003637000 0.396595538 0.268147711 2.603425340 -0.726238559
603638 3638.000000 17758100003638000 0.396005780 0.270484428 2.564010293 -0.777564802
603639 3639.000000 17758100003639000 0.395369291 0.272996125 2.548492965 -0.767217466
603640 3640.000000 17758100003640000 0.394686162 0.275968033 2.509214606 -0.768806997
603641 3641.000000 17758100003641000 0.393956512 0.277923120 2.490224096 -0.818592677
603642 3642.000000 17758100003642000 0.393180430 0.280789201 2.466489021 -0.813138925
603643 3643.000000 17758100003643000 0.392358065 0.282721886 2.437371174 -0.806883154
603644 3644.000000 17758100003644000 0.391489506 0.285461688 2.403921615 -0.830457705
603645 3645.000000 17758100003645000 0.390574962 0.287603797 2.376177381 -0.819690946
603646 3646.000000 17758100003646000 0.389614493 0.289683299 2.348437224 -0.864935458
603647 3647.000000 17758100003647000 0.388608307 0.292293593 2.314628844 -0.877092750
603648 3648.000000 17758100003648000 0.387556523 0.294415104 2.295795959 -0.872156908
603649 3649.000000 17758100003649000 0.386459351 0.296708185 2.255027715 -0.919457688
603650 3650.000000 17758100003650000 0.385316968 0.299114267 2.224988428 -0.901330026
603651 3651.000000 17758100003651000 0.384129494 0.301869207 2.186702851 -0.902035486
603652 3652.000000 17758100003652000 0.382897168 0.303729929 2.158921597 -0.916128685
603653 3653.000000 17758100003653000 0.381620169 0.305844479 2.125421522 -0.931255122
603654 3654.000000 17758100003654000 0.380298674 0.307189019 2.093021195 -0.972193565
603655 3655.000000 17758100003655000 0.378932953 0.309227821 2.065293368 -0.927494646
603656 3656.000000 17758100003656000 0.377523154 0.311492746 2.038916401 -0.989594396
603657 3657.000000 17758100003657000 0.376069546 0.314031456 1.989180540 -0.962054105
603658 3658.000000 17758100003658000 0.374572366 0.315589853 1.968354632 -0.971265295
603659 3659.000000 17758100003659000 0.373031795 0.317383700 1.934757243 -1.004810255
603660 3660.000000 17758100003660000 0.371448129 0.319731927 1.896628463 -1.006516630
603661 3661.000000 17758100003661000 0.369821578 0.321719984 1.861199692 -1.019420924
603662 3662.000000 17758100003662000 0.368152440 0.323208193 1.824765303 -1.041089036
603663 3663.000000 17758100003663000 0.366440922 0.324931570 1.784195305 -1.057322633
603664 3664.000000 17758100003664000 0.364687353 0.326999991 1.749972125 -1.040961492
603665 3665.000000 17758100003665000 0.362892002 0.328159053 1.719033643 -1.067664444
603666 3666.000000 17758100003666000 0.361055136 0.330040057 1.680349520 -1.046963266
603667 3667.000000 17758100003667000 0.359177023 0.332079834 1.643841520 -1.074567799
603668 3668.000000 17758100003668000 0.357257992 0.333614740 1.603658852 -1.045465687
603669 3669.000000 17758100003669000 0.355298340 0.335050512 1.579225183 -1.059628603
603670 3670.000000 17758100003670000 0.353298366 0.336760096 1.541234893 -1.068512110
603671 3671.000000 17758100003671000 0.351258427 0.338296164 1.496056573 -1.107571441
603672 3672.000000 17758100003672000 0.349178761 0.339510440 1.457639918 -1.119949672
603673 3673.000000 17758100003673000 0.347059786 0.340554894 1.427556315 -1.099535583
603674 3674.000000 17758100003674000 0.344901770 0.342218641 1.390048518 -1.101474193
603675 3675.000000 17758100003675000 0.342705101 0.343969284 1.343882759 -1.122366800
603676 3676.000000 17758100003676000 0.340470105 0.344873654 1.308672474 -1.124209740
603677 3677.000000 17758100003677000 0.338197112 0.346298081 1.263088594 -1.146997753
603678 3678.000000 17758100003678000 0.335886538 0.347255684 1.226109653 -1.123534099
603679 3679.000000 17758100003679000 0.333538681 0.348954418 1.194483175 -1.157795119
603680 3680.000000 17758100003680000 0.331153959 0.349861927 1.159719117 -1.206809443
603681 3681.000000 17758100003681000 0.328732759 0.350571290 1.114271321 -1.208565085
603682 3682.000000 17758100003682000 0.326275408 0.351712308 1.069429728 -1.168586735
603683 3683.000000 17758100003683000 0.323782355 0.352863711 1.036941904 -1.143094670
603684 3684.000000 17758100003684000 0.321253926 0.353895198 0.997078248 -1.202347787
603685 3685.000000 17758100003685000 0.318690598 0.354998594 0.949841044 -1.210653156
603686 3686.000000 17758100003686000 0.316092700 0.355879225 0.909054909 -1.184140456
603687 3687.000000 17758100003687000 0.313460708 0.356906291 0.869706071 -1.164401497
603688 3688.000000 17758100003688000 0.310794979 0.357586225 0.837607903 -1.210001727
603689 3689.000000 17758100003689000 0.308095992 0.358372926 0.796956716 -1.201562349
603690 3690.000000 17758100003690000 0.305364132 0.358778543 0.753878274 -1.192869276
603691 3691.000000 17758100003691000 0.302599847 0.359895724 0.705877719 -1.227384035
603692 3692.000000 17758100003692000 0.299803555 0.360432003 0.664110986 -1.206367903
603693 3693.000000 17758100003693000 0.296975732 0.360813436 0.636421951 -1.223977882
603694 3694.000000 17758100003694000 0.294116795 0.361578621 0.577639047 -1.232342978
603695 3695.000000 17758100003695000 0.291227192 0.362250112 0.540999457 -1.237460794
603696 3696.000000 17758100003696000 0.288307399 0.362858322 0.495442191 -1.219133015
603697 3697.000000 17758100003697000 0.285357893 0.362894395 0.465264927 -1.255258282
603698 3698.000000 17758100003698000 0.282379091 0.363597682 0.428748143 -1.234604337
603699 3699.000000 17758100003699000 0.279371500 0.363893138 0.374950938 -1.251317532
603700 3700.000000 17758100003700000 0.276335567 0.364178441 0.331122792 -1.256839730
603701 3701.000000 17758100003701000 0.273271799 0.364888626 0.295439441 -1.241765870
603702 3702.000000 17758100003702000 0.270180672 0.364926628 0.251819716 -1.235627188
603703 3703.000000 17758100003703000 0.267062694 0.365228252 0.205738254 -1.265206977
603704 3704.000000 17758100003704000 0.263918310 0.365079895 0.168861975 -1.252402502
603705 3705.000000 17758100003705000 0.260748029 0.365323209 0.131813073 -1.263481529
603706 3706.000000 17758100003706000 0.257552385 0.365408610 0.084083386 -1.262979990
603707 3707.000000 17758100003707000 0.254331857 0.365369771 0.041658464 -1.262319513
603708 3708.000000 17758100003708000 0.251086950 0.365457825 -0.001690642 -1.244457745
603709 3709.000000 17758100003709000 0.247818202 0.365356244 -0.043733629 -1.251964395
603710 3710.000000 17758100003710000 0.244526103 0.365264766 -0.078750738 -1.261704221
603711 3711.000000 17758100003711000 0.241211176 0.365498000 -0.116891739 -1.240163476
603712 3712.000000 17758100003712000 0.237873957 0.365474866 -0.168748626 -1.286880475
603713 3713.000000 17758100003713000 0.234514967 0.364740292 -0.206290767 -1.225761232
603714 3714.000000 17758100003714000 0.231134728 0.364522249 -0.248441278 -1.279579343
603715 3715.000000 17758100003715000 0.227733791 0.364345554 -0.300008636 -1.233356241
603716 3716.000000 17758100003716000 0.224312678 0.364122468 -0.335568004 -1.246905483
603717 3717.000000 17758100003717000 0.220871925 0.363810857 -0.382758055 -1.246150539
603718 3718.000000 17758100003718000 0.217412099 0.363335947 -0.415423568 -1.259922085
603719 3719.000000 17758100003719000 0.213933736 0.363142926 -0.459575708 -1.239774638
603720 3720.000000 17758100003720000 0.210437372 0.361941869 -0.504292754 -1.245238603
603721 3721.000000 17758100003721000 0.206923559 0.362089221 -0.548528914 -1.217380021
603722 3722.000000 17758100003722000 0.203392878 0.361237158 -0.589339868 -1.229247482
603723 3723.000000 17758100003723000 0.199845865 0.360209015 -0.617911336 -1.265032502
603724 3724.000000 17758100003724000 0.196283087 0.359704962 -0.660246146 -1.227657875
603725 3725.000000 17758100003725000 0.192705095 0.358822937 -0.708080108 -1.254128867
603726 3726.000000 17758100003726000 0.189112470 0.358780764 -0.746780943 -1.255575380
603727 3727.000000 17758100003727000 0.185505778 0.357641092 -0.790788870 -1.201948830
603728 3728.000000 17758100003728000 0.181885585 0.356894211 -0.830976536 -1.223835149
603729 3729.000000 17758100003729000 0.178252459 0.356331450 -0.874658530 -1.224367645
603730 3730.000000 17758100003730000 0.174606964 0.355010791 -0.902686042 -1.226521687
603731 3731.000000 17758100003731000 0.170949697 0.354180385 -0.952085780 -1.243377265
603732 3732.000000 17758100003732000 0.167281225 0.352888375 -0.995137675 -1.233993671
603733 3733.000000 17758100003733000 0.163602129 0.352068026 -1.027500893 -1.199721905
603734 3734.000000 17758100003734000 0.159912989 0.350969671 -1.069854368 -1.202762426
603735 3735.000000 17758100003735000 0.156214401 0.350167521 -1.102973217 -1.175145909
603736 3736.000000 17758100003736000 0.152506918 0.348743727 -1.146239312 -1.185098434
603737 3737.000000 17758100003737000 0.148791149 0.347427674 -1.185161620 -1.233404291
603738 3738.000000 17758100003738000 0.145067677 0.346493450 -1.229709265 -1.235422693
603739 3739.000000 17758100003739000 0.141337082 0.344973732 -1.269312326 -1.174185196
603740 3740.000000 17758100003740000 0.137599975 0.343976824 -1.304260122 -1.205222393
603741 3741.000000 17758100003741000 0.133856922 0.342123905 -1.347732231 -1.179920024
603742 3742.000000 17758100003742000 0.130108520 0.340908563 -1.380161974 -1.191668516
603743 3743.000000 17758100003743000 0.126355365 0.339234543 -1.418773372 -1.207971905
603744 3744.000000 17758100003744000 0.122598045 0.338481902 -1.448370402 -1.203302664
603745 3745.000000 17758100003745000 0.118837155 0.336638650 -1.487771056 -1.157939469
603746 3746.000000 17758100003746000 0.115073293 0.334912094 -1.527106107 -1.168065330
603747 3747.000000 17758100003747000 0.111307055 0.333925248 -1.577190872 -1.100797399
603748 3748.000000 17758100003748000 0.107539028 0.331805783 -1.608144932 -1.130489945
603749 3749.000000 17758100003749000 0.103769809 0.330253256 -1.642763578 -1.173151650
603750 3750.000000 17758100003750000 0.100000001 0.328843350 -1.693804572 -1.131199381
603751 3751.000000 17758100003751000 0.096230187 0.326997344 -1.714911362 -1.075419402
603752 3752.000000 17758100003752000 0.092460975 0.324964798 -1.754075246 -1.112198340
603753 3753.000000 17758100003753000 0.088692948 0.323543949 -1.788514975 -1.113451138
603754 3754.000000 17758100003754000 0.084926702 0.321495237 -1.824217613 -1.081362680
603755 3755.000000 17758100003755000 0.081162848 0.320193952 -1.865805363 -1.068059201
603756 3756.000000 17758100003756000 0.077401958 0.317777439 -1.893468375 -1.116689967
603757 3757.000000 17758100003757000 0.073644638 0.315685344 -1.929148209 -1.051228519
603758 3758.000000 17758100003758000 0.069891483 0.313892584 -1.951789459 -1.052958938
603759 3759.000000 17758100003759000 0.066143088 0.312175787 -1.989359768 -1.047488205
603760 3760.000000 17758100003760000 0.062400028 0.310150634 -2.029951250 -1.004445295
603761 3761.000000 17758100003761000 0.058662914 0.307725675 -2.062750805 -1.036134616
603762 3762.000000 17758100003762000 0.054932322 0.305538683 -2.093701784 -1.018608036
603763 3763.000000 17758100003763000 0.051208850 0.303633659 -2.121266790 -1.012979140
603764 3764.000000 17758100003764000 0.047493082 0.301732450 -2.156907787 -0.993988166
603765 3765.000000 17758100003765000 0.043785606 0.299360266 -2.187036502 -1.008149732
603766 3766.000000 17758100003766000 0.040087007 0.296765608 -2.217695482 -0.984298004
603767 3767.000000 17758100003767000 0.036397867 0.294702026 -2.253246928 -0.967810454
603768 3768.000000 17758100003768000 0.032718770 0.292634743 -2.282684503 -0.957785903
603769 3769.000000 17758100003769000 0.029050302 0.290215854 -2.313371472 -0.949041320
603770 3770.000000 17758100003770000 0.025393033 0.288050425 -2.341505462 -0.917178272
603771 3771.000000 17758100003771000 0.021747548 0.285638792 -2.373072019 -0.949179046
603772 3772.000000 17758100003772000 0.018114420 0.282984553 -2.399862451 -0.927104163
603773 3773.000000 17758100003773000 0.014494222 0.280470695 -2.431752102 -0.910450242
603774 3774.000000 17758100003774000 0.010887526 0.278500880 -2.453141603 -0.885638229
603775 3775.000000 17758100003775000 0.007294902 0.275315601 -2.493004263 -0.901540892
603776 3776.000000 17758100003776000 0.003716917 0.272902803 -2.521384355 -0.908646073
603777 3777.000000 17758100003777000 0.000154137 0.270461256 -2.547535147 -0.860379194
603778 3778.000000 17758100003778000 -0.003392877 0.268502619 -2.571491489 -0.852484714
603779 3779.000000 17758100003779000 -0.006923564 0.265577120 -2.605731039 -0.853304438
603780 3780.000000 17758100003780000 -0.010437366 0.262789627 -2.611543210 -0.816155100
603781 3781.000000 17758100003781000 -0.013933728 0.260186906 -2.643022232 -0.806704906
603782 3782.000000 17758100003782000 -0.017412100 0.257667559 -2.681020879 -0.820802297
603783 3783.000000 17758100003783000 -0.020871930 0.254833611 -2.689597412 -0.797595945
603784 3784.000000 17758100003784000 -0.024312675 0.251694170 -2.715096588 -0.804947505
603785 3785.000000 17758100003785000 -0.027733788 0.249341015 -2.756808628 -0.762317010
603786 3786.000000 17758100003786000 -0.031134730 0.246812761 -2.766543391 -0.700427662
603787 3787.000000 17758100003787000 -0.034514964 0.243863328 -2.789757860 -0.725862094
603788 3788.000000 17758100003788000 -0.037873957 0.240896696 -2.813805600 -0.701594254
603789 3789.000000 17758100003789000 -0.041211180 0.238230901 -2.833685142 -0.755293490
603790 3790.000000 17758100003790000 -0.044526104 0.235272320 -2.875285616 -0.695489738
603791 3791.000000 17758100003791000 -0.047818203 0.232679009 -2.875977060 -0.666909092
603792 3792.000000 17758100003792000 -0.051086962 0.229691777 -2.898718915 -0.666738723
603793 3793.000000 17758100003793000 -0.054331861 0.226818401 -2.922952052 -0.649521583
603794 3794.000000 17758100003794000 -0.057552390 0.223717428 -2.939363567 -0.652585081
603795 3795.000000 17758100003795000 -0.060748037 0.221207696 -2.960778211 -0.610736484
603796 3796.000000 17758100003796000 -0.063918307 0.217979222 -2.979392264 -0.599372434
603797 3797.000000 17758100003797000 -0.067062683 0.214554651 -3.005856575 -0.588352929
603798 3798.000000 17758100003798000 -0.070180684 0.211636071 -3.010519891 -0.570280308
603799 3799.000000 17758100003799000 -0.073271811 0.209060394 -3.032613967 -0.591889596
603800 3800.000000 17758100003800000 -0.076335579 0.205776766 -3.054721460 -0.557081665
603801 3801.000000 17758100003801000 -0.079371497 0.202489163 -3.069320566 -0.593522192
603802 3802.000000 17758100003802000 -0.082379088 0.199232146 -3.087726323 -0.522857039
603803 3803.000000 17758100003803000 -0.085357882 0.196142204 -3.101531510 -0.519309540
603804 3804.000000 17758100003804000 -0.088307410 0.193206723 -3.119223285 -0.510243926
603805 3805.000000 17758100003805000 -0.091227196 0.190223518 -3.131319558 -0.505308291
603806 3806.000000 17758100003806000 -0.094116792 0.187183301 -3.149235703 -0.456542315
603807 3807.000000 17758100003807000 -0.096975729 0.183611700 -3.155494288 -0.431248173
603808 3808.000000 17758100003808000 -0.099803559 0.180780326 -3.171797924 -0.438917093
603809 3809.000000 17758100003809000 -0.102599844 0.177309253 -3.179542979 -0.463876670
603810 3810.000000 17758100003810000 -0.105364129 0.174422705 -3.208166639 -0.404967772
603811 3811.000000 17758100003811000 -0.108095989 0.171207975 -3.212430746 -0.372475315
603812 3812.000000 17758100003812000 -0.110794991 0.167863867 -3.217788624 -0.400427399
603813 3813.000000 17758100003813000 -0.113460705 0.164550422 -3.229865026 -0.346021362
603814 3814.000000 17758100003814000 -0.116092704 0.161218934 -3.245060708 -0.373028220
603815 3815.000000 17758100003815000 -0.118690588 0.157531659 -3.247539374 -0.346867504
603816 3816.000000 17758100003816000 -0.121253937 0.154896165 -3.261131168 -0.372517233
603817 3817.000000 17758100003817000 -0.123782344 0.151705120 -3.276544892 -0.315091448
603818 3818.000000 17758100003818000 -0.126275420 0.148007224 -3.278413644 -0.330290368
603819 3819.000000 17758100003819000 -0.128732756 0.145131248 -3.300739265 -0.295966420
603820 3820.000000 17758100003820000 -0.131153971 0.141465696 -3.281588697 -0.290773218
603821 3821.000000 17758100003821000 -0.133538693 0.138346611 -3.294043521 -0.237924997
603822 3822.000000 17758100003822000 -0.135886535 0.135080167 -3.308172834 -0.194059546
603823 3823.000000 17758100003823000 -0.138197124 0.131542723 -3.312049720 -0.209613490
603824 3824.000000 17758100003824000 -0.140470102 0.128154514 -3.315119462 -0.199547553
603825 3825.000000 17758100003825000 -0.142705098 0.125307385 -3.323903983 -0.179819414
603826 3826.000000 17758100003826000 -0.144901782 0.122063460 -3.320562610 -0.180326887
603827 3827.000000 17758100003827000 -0.147059783 0.118354379 -3.322919855 -0.183191673
603828 3828.000000 17758100003828000 -0.149178773 0.115310106 -3.334752491 -0.132070348
603829 3829.000000 17758100003829000 -0.151258409 0.112066882 -3.332915489 -0.146652964
603830 3830.000000 17758100003830000 -0.153298378 0.108474420 -3.329664508 -0.130573558
603831 3831.000000 17758100003831000 -0.155298337 0.105327299 -3.330420880 -0.118188595
603832 3832.000000 17758100003832000 -0.157258004 0.101670271 -3.330140667 -0.084435639
603833 3833.000000 17758100003833000 -0.159177020 0.098502101 -3.337477885 -0.062643638
603834 3834.000000 17758100003834000 -0.161055133 0.095084222 -3.335977176 -0.044129342
603835 3835.000000 17758100003835000 -0.162891999 0.091311650 -3.335467548 -0.015054359
603836 3836.000000 17758100003836000 -0.164687365 0.088517436 -3.337874393 0.008043898
603837 3837.000000 17758100003837000 -0.166440934 0.085001724 -3.327916520 0.035852021
603838 3838.000000 17758100003838000 -0.168152422 0.081737180 -3.343912498 -0.008900956
603839 3839.000000 17758100003839000 -0.169821575 0.078420973 -3.325309987 0.015679557
603840 3840.000000 17758100003840000 -0.171448112 0.074897511 -3.329011848 0.058237167
603841 3841.000000 17758100003841000 -0.173031792 0.071918098 -3.315774462 0.027761303
603842 3842.000000 17758100003842000 -0.174572349 0.068369812 -3.313397376 0.086808693
603843 3843.000000 17758100003843000 -0.176069558 0.065745190 -3.309331549 0.110812626
603844 3844.000000 17758100003844000 -0.177523166 0.061790147 -3.305023509 0.116275678
603845 3845.000000 17758100003845000 -0.178932950 0.058548591 -3.307515530 0.121596072
603846 3846.000000 17758100003846000 -0.180298686 0.055397482 -3.296541128 0.143849165
603847 3847.000000 17758100003847000 -0.181620151 0.051897041 -3.288690669 0.161946421
603848 3848.000000 17758100003848000 -0.182897165 0.048776623 -3.278516421 0.153691356
603849 3849.000000 17758100003849000 -0.184129491 0.045401914 -3.269407214 0.167023288
603850 3850.000000 17758100003850000 -0.185316950 0.042226432 -3.272076981 0.220572385
603851 3851.000000 17758100003851000 -0.186459363 0.039130956 -3.250803626 0.218167241
603852 3852.000000 17758100003852000 -0.187556535 0.035665866 -3.246069808 0.235975977
603853 3853.000000 17758100003853000 -0.188608304 0.032747782 -3.225355923 0.237306900
603854 3854.000000 17758100003854000 -0.189614490 0.029705832 -3.221686279 0.277336626
603855 3855.000000 17758100003855000 -0.190574944 0.025712030 -3.216075571 0.291385671
603856 3856.000000 17758100003856000 -0.191489518 0.022834671 -3.196301359 0.290844331
603857 3857.000000 17758100003857000 -0.192358062 0.019799073 -3.195384726 0.338730391
603858 3858.000000 17758100003858000 -0.193180442 0.016245616 -3.170414207 0.358114717
603859 3859.000000 17758100003859000 -0.193956509 0.013352702 -3.170307152 0.333293261
603860 3860.000000 17758100003860000 -0.194686174 0.010047708 -3.150236905 0.327241555
603861 3861.000000 17758100003861000 -0.195369303 0.006822590 -3.131029016 0.360051721
603862 3862.000000 17758100003862000 -0.196005777 0.003920246 -3.116272399 0.379188164
603863 3863.000000 17758100003863000 -0.196595520 0.000884726 -3.109253219 0.381915597
603864 3864.000000 17758100003864000 -0.197138429 -0.002141153 -3.092474497 0.407943686
603865 3865.000000 17758100003865000 -0.197634414 -0.005474978 -3.074059848 0.426724804
603866 3866.000000 17758100003866000 -0.198083386 -0.008073036 -3.062665601 0.436099039
603867 3867.000000 17758100003867000 -0.198485300 -0.011709565 -3.028484659 0.418073912
603868 3868.000000 17758100003868000 -0.198840082 -0.014312151 -3.021279184 0.475943450
603869 3869.000000 17758100003869000 -0.199147671 -0.017362977 -3.002983383 0.498304916
603870 3870.000000 17758100003870000 -0.199408025 -0.020258942 -2.976680685 0.515441966
603871 3871.000000 17758100003871000 -0.199621081 -0.023322624 -2.968386437 0.542777995
603872 3872.000000 17758100003872000 -0.199786842 -0.026152436 -2.944920130 0.559761416
603873 3873.000000 17758100003873000 -0.199905261 -0.029310163 -2.927907800 0.542659727
603874 3874.000000 17758100003874000 -0.199976310 -0.031879758 -2.905951602 0.620775301
603875 3875.000000 17758100003875000 -0.200000003 -0.034640885 -2.879373840 0.597848391
603876 3876.000000 17758100003876000 -0.199976310 -0.037776721 -2.857923311 0.585466608
603877 3877.000000 17758100003877000 -0.199905261 -0.040665480 -2.840105796 0.620740758
603878 3878.000000 17758100003878000 -0.199786842 -0.043812349 -2.821735773 0.629361005
603879 3879.000000 17758100003879000 -0.199621081 -0.046584154 -2.792828420 0.599398433
603880 3880.000000 17758100003880000 -0.199408025 -0.049456360 -2.772789876 0.644708264
603881 3881.000000 17758100003881000 -0.199147671 -0.051225747 -2.748849961 0.675332400
603882 3882.000000 17758100003882000 -0.198840082 -0.054241327 -2.736492273 0.682716862
603883 3883.000000 17758100003883000 -0.198485300 -0.057506166 -2.704180629 0.691251552
603884 3884.000000 17758100003884000 -0.198083386 -0.060215470 -2.673267974 0.708662792
603885 3885.000000 17758100003885000 -0.197634414 -0.062434739 -2.649850750 0.750146390
603886 3886.000000 17758100003886000 -0.197138429 -0.065346199 -2.630413638 0.715511817
603887 3887.000000 17758100003887000 -0.196595520 -0.068041645 -2.607042246 0.746211862
603888 3888.000000 17758100003888000 -0.196005777 -0.070332855 -2.570854474 0.781022315
603889 3889.000000 17758100003889000 -0.195369303 -0.072942114 -2.541028886 0.783292477
603890 3890.000000 17758100003890000 -0.194686174 -0.075677612 -2.514742262 0.786840056
603891 3891.000000 17758100003891000 -0.193956509 -0.078164851 -2.489958031 0.800428330
603892 3892.000000 17758100003892000 -0.193180442 -0.080377236 -2.463588162 0.812831723
603893 3893.000000 17758100003893000 -0.192358062 -0.082902116 -2.434829548 0.816304607
603894 3894.000000 17758100003894000 -0.191489518 -0.084989726 -2.403630391 0.835492819
603895 3895.000000 17758100003895000 -0.190574944 -0.087553004 -2.378295539 0.870894333
603896 3896.000000 17758100003896000 -0.189614490 -0.089738628 -2.348294186 0.874417073
603897 3897.000000 17758100003897000 -0.188608304 -0.092224605 -2.313243935 0.907010520
603898 3898.000000 17758100003898000 -0.187556535 -0.094537819 -2.286598168 0.894366266
603899 3899.000000 17758100003899000 -0.186459363 -0.097021380 -2.254261744 0.886616714
603900 3900.000000 17758100003900000 -0.185316950 -0.099088042 -2.219028445 0.929791300
603901 3901.000000 17758100003901000 -0.184129491 -0.100863739 -2.191168854 0.905664005
603902 3902.000000 17758100003902000 -0.182897165 -0.103540210 -2.153233075 0.919183930
603903 3903.000000 17758100003903000 -0.181620151 -0.105392582 -2.133591630 0.959250794
603904 3904.000000 17758100003904000 -0.180298686 -0.107683486 -2.098528180 0.953984475
603905 3905.000000 17758100003905000 -0.178932950 -0.109891052 -2.059549245 0.968873934
603906 3906.000000 17758100003906000 -0.177523166 -0.111790843 -2.033484094 0.987942631
603907 3907.000000 17758100003907000 -0.176069558 -0.113832097 -2.005355851 0.975571224
603908 3908.000000 17758100003908000 -0.174572349 -0.115697602 -1.961848967 1.012765221
603909 3909.000000 17758100003909000 -0.173031792 -0.117488184 -1.924947159 0.989653380
603910 3910.000000 17758100003910000 -0.171448112 -0.119490632 -1.893306477 1.009270469
603911 3911.000000 17758100003911000 -0.169821575 -0.121530614 -1.858818968 1.023528667
603912 3912.000000 17758100003912000 -0.168152422 -0.123140367 -1.835866799 1.024743792
603913 3913.000000 17758100003913000 -0.166440934 -0.124853404 -1.788840582 1.046525980
603914 3914.000000 17758100003914000 -0.164687365 -0.127185298 -1.760945375 1.041998480
603915 3915.000000 17758100003915000 -0.162891999 -0.128575782 -1.712189562 1.009234219
603916 3916.000000 17758100003916000 -0.161055133 -0.130013192 -1.679776758 1.010483215
603917 3917.000000 17758100003917000 -0.159177020 -0.131681829 -1.646243899 1.066301145
603918 3918.000000 17758100003918000 -0.157258004 -0.133664358 -1.610613403 1.058811488
603919 3919.000000 17758100003919000 -0.155298337 -0.135123240 -1.571825460 1.077222804
603920 3920.000000 17758100003920000 -0.153298378 -0.136479216 -1.529643686 1.089013213
603921 3921.000000 17758100003921000 -0.151258409 -0.138072921 -1.511681251 1.084627290
603922 3922.000000 17758100003922000 -0.149178773 -0.139704563 -1.464962710 1.099402699
603923 3923.000000 17758100003923000 -0.147059783 -0.140940276 -1.421666217 1.109752652
603924 3924.000000 17758100003924000 -0.144901782 -0.142471049 -1.380433632 1.105742600
603925 3925.000000 17758100003925000 -0.142705098 -0.143807915 -1.346752902 1.158779323
603926 3926.000000 17758100003926000 -0.140470102 -0.144859516 -1.307350544 1.121565850
603927 3927.000000 17758100003927000 -0.138197124 -0.146347329 -1.250815169 1.110470433
603928 3928.000000 17758100003928000 -0.135886535 -0.147452873 -1.222561506 1.146733124
603929 3929.000000 17758100003929000 -0.133538693 -0.148646252 -1.198286601 1.164572888
603930 3930.000000 17758100003930000 -0.131153971 -0.149894631 -1.146628071 1.184097122
603931 3931.000000 17758100003931000 -0.128732756 -0.150922690 -1.105442527 1.153185075
603932 3932.000000 17758100003932000 -0.126275420 -0.151718332 -1.063640570 1.168397282
603933 3933.000000 17758100003933000 -0.123782344 -0.153143551 -1.040458115 1.217615041
603934 3934.000000 17758100003934000 -0.121253937 -0.154289864 -0.986497857 1.175702395
603935 3935.000000 17758100003935000 -0.118690588 -0.155036012 -0.953176228 1.199033664
603936 3936.000000 17758100003936000 -0.116092704 -0.156327436 -0.907310570 1.189294097
603937 3937.000000 17758100003937000 -0.113460705 -0.156727672 -0.867297021 1.217421456
603938 3938.000000 17758100003938000 -0.110794991 -0.157378980 -0.821883601 1.193348023
603939 3939.000000 17758100003939000 -0.108095989 -0.158398242 -0.795147881 1.249276325
603940 3940.000000 17758100003940000 -0.105364129 -0.159112287 -0.754384067 1.235705255
603941 3941.000000 17758100003941000 -0.102599844 -0.159755670 -0.709827957 1.218262423
603942 3942.000000 17758100003942000 -0.099803559 -0.160466079 -0.678029733 1.224064557
603943 3943.000000 17758100003943000 -0.096975729 -0.161206738 -0.627037881 1.200183504
603944 3944.000000 17758100003944000 -0.094116792 -0.162023227 -0.591342904 1.195511278
603945 3945.000000 17758100003945000 -0.091227196 -0.162342243 -0.543008575 1.293883602
603946 3946.000000 17758100003946000 -0.088307410 -0.162335919 -0.502277389 1.220332810
603947 3947.000000 17758100003947000 -0.085357882 -0.163518709 -0.458981622 1.262259661
603948 3948.000000 17758100003948000 -0.082379088 -0.163628969 -0.418295463 1.253155381
603949 3949.000000 17758100003949000 -0.079371497 -0.163717951 -0.384907783 1.249377517
603950 3950.000000 17758100003950000 -0.076335579 -0.164229313 -0.340704890 1.228256894
603951 3951.000000 17758100003951000 -0.073271811 -0.164741989 -0.288061579 1.238271162
603952 3952.000000 17758100003952000 -0.070180684 -0.165174346 -0.248069102 1.236777107
603953 3953.000000 17758100003953000 -0.067062683 -0.164952065 -0.205257829 1.246947109
603954 3954.000000 17758100003954000 -0.063918307 -0.165122426 -0.172460156 1.272138699
603955 3955.000000 17758100003955000 -0.060748037 -0.165499945 -0.121055761 1.237714595
603956 3956.000000 17758100003956000 -0.057552390 -0.164849489 -0.099340443 1.241331698
603957 3957.000000 17758100003957000 -0.054331861 -0.165572959 -0.041723233 1.251542798
603958 3958.000000 17758100003958000 -0.051086962 -0.165870436 0.002287349 1.249810110
603959 3959.000000 17758100003959000 -0.047818203 -0.165899691 0.042882310 1.240543033
603960 3960.000000 17758100003960000 -0.044526104 -0.165524649 0.085872548 1.258314254
603961 3961.000000 17758100003961000 -0.041211180 -0.165451825 0.120647915 1.294588973
603962 3962.000000 17758100003962000 -0.037873957 -0.165450020 0.174439615 1.248253568
603963 3963.000000 17758100003963000 -0.034514964 -0.165293975 0.200378969 1.238103249
603964 3964.000000 17758100003964000 -0.031134730 -0.164970843 0.247217094 1.270263307
603965 3965.000000 17758100003965000 -0.027733788 -0.164412857 0.293513246 1.268363797
603966 3966.000000 17758100003966000 -0.024312675 -0.164076835 0.329244955 1.302895136
603967 3967.000000 17758100003967000 -0.020871930 -0.163719300 0.381348252 1.248299852
603968 3968.000000 17758100003968000 -0.017412100 -0.162823516 0.416432199 1.236614467
603969 3969.000000 17758100003969000 -0.013933728 -0.162667995 0.444503845 1.251408475
603970 3970.000000 17758100003970000 -0.010437366 -0.162383229 0.500056718 1.291063568
603971 3971.000000 17758100003971000 -0.006923564 -0.161984341 0.540753295 1.253195541
603972 3972.000000 17758100003972000 -0.003392877 -0.161353763 0.582986940 1.244636028
603973 3973.000000 17758100003973000 0.000154137 -0.160945759 0.622373498 1.251239959
603974 3974.000000 17758100003974000 0.003716917 -0.159806103 0.663687336 1.224292189
603975 3975.000000 17758100003975000 0.007294902 -0.159419716 0.710202260 1.230870079
603976 3976.000000 17758100003976000 0.010887526 -0.158664094 0.732837595 1.234976628
603977 3977.000000 17758100003977000 0.014494222 -0.157738051 0.784280467 1.269192401
603978 3978.000000 17758100003978000 0.018114420 -0.156583427 0.822041520 1.188859478
603979 3979.000000 17758100003979000 0.021747548 -0.156178802 0.867766942 1.233155751
603980 3980.000000 17758100003980000 0.025393033 -0.154919179 0.915006937 1.241486989
603981 3981.000000 17758100003981000 0.029050302 -0.154238463 0.946247351 1.216675670
603982 3982.000000 17758100003982000 0.032718770 -0.152950226 0.993547286 1.212903767
603983 3983.000000 17758100003983000 0.036397867 -0.152139265 1.026861876 1.200732033
603984 3984.000000 17758100003984000 0.040087007 -0.151053694 1.054835849 1.194302045
603985 3985.000000 17758100003985000 0.043785606 -0.150262240 1.112043946 1.237376116
603986 3986.000000 17758100003986000 0.047493082 -0.148605862 1.148430962 1.176113318
603987 3987.000000 17758100003987000 0.051208850 -0.147691945 1.195451461 1.199778441
603988 3988.000000 17758100003988000 0.054932322 -0.146435136 1.220180259 1.185878876
603989 3989.000000 17758100003989000 0.058662914 -0.145428557 1.265040199 1.155547674
603990 3990.000000 17758100003990000 0.062400028 -0.143704248 1.305701067 1.171432380
603991 3991.000000 17758100003991000 0.066143088 -0.142466574 1.345580043 1.183167736
603992 3992.000000 17758100003992000 0.069891483 -0.141356757 1.377218762 1.218021936
603993 3993.000000 17758100003993000 0.073644638 -0.140077407 1.425861562 1.151775384
603994 3994.000000 17758100003994000 0.077401958 -0.138264994 1.452349282 1.148751578
603995 3995.000000 17758100003995000 0.081162848 -0.136880725 1.495141137 1.133289700
603996 3996.000000 17758100003996000 0.084926702 -0.135418434 1.532587265 1.124587679
603997 3997.000000 17758100003997000 0.088692948 -0.133368820 1.574575113 1.127949688
603998 3998.000000 17758100003998000 0.092460975 -0.132249136 1.602396363 1.120578363
603999 3999.000000 17758100003999000 0.096230187 -0.130269801 1.638280299 1.130030212
604000 4000.000000 17758100004000000 0.100000001 -0.128723262 1.673991188 1.110779871
604001 4001.000000 17758100004001000 0.103769809 -0.126908066 1.714302982 1.091288876
604002 4002.000000 17758100004002000 0.107539028 -0.124906405 1.748861015 1.103777614
604003 4003.000000 17758100004003000 0.111307055 -0.123217083 1.781688663 1.083788533
604004 4004.000000 17758100004004000 0.115073293 -0.121238265 1.818984024 1.123988755
604005 4005.000000 17758100004005000 0.118837155 -0.119800316 1.859308030 1.062722738
604006 4006.000000 17758100004006000 0.122598045 -0.117719096 1.891708181 1.097187005
604007 4007.000000 17758100004007000 0.126355365 -0.116190583 1.927592991 1.066431133
604008 4008.000000 17758100004008000 0.130108520 -0.114132167 1.964550596 1.046306413
604009 4009.000000 17758100004009000 0.133856922 -0.111960216 1.999834602 1.033836250
604010 4010.000000 17758100004010000 0.137599975 -0.109875528 2.031937838 1.057388212
604011 4011.000000 17758100004011000 0.141337082 -0.107933648 2.060085788 1.072473363
604012 4012.000000 17758100004012000 0.145067677 -0.106309694 2.101436512 1.005297968
604013 4013.000000 17758100004013000 0.148791149 -0.103859608 2.138784188 0.952281893
604014 4014.000000 17758100004014000 0.152506918 -0.101601585 2.158353792 0.996293438
604015 4015.000000 17758100004015000 0.156214401 -0.099334895 2.194183305 0.998140345
604016 4016.000000 17758100004016000 0.159912989 -0.097211718 2.220743910 0.956560072
604017 4017.000000 17758100004017000 0.163602129 -0.094812191 2.243699614 0.934420413
604018 4018.000000 17758100004018000 0.167281225 -0.092732512 2.282848137 0.941900406
604019 4019.000000 17758100004019000 0.170949697 -0.090357570 2.316636142 0.954099539
604020 4020.000000 17758100004020000 0.174606964 -0.088177037 2.343312669 0.943847366
604021 4021.000000 17758100004021000 0.178252459 -0.085218109 2.377266607 0.921958498
604022 4022.000000 17758100004022000 0.181885585 -0.083427384 2.400791400 0.905185887
604023 4023.000000 17758100004023000 0.185505778 -0.080805872 2.428425033 0.874517957
604024 4024.000000 17758100004024000 0.189112470 -0.078267110 2.456947089 0.896403950
604025 4025.000000 17758100004025000 0.192705095 -0.075837780 2.491142526 0.882601508
604026 4026.000000 17758100004026000 0.196283087 -0.073467490 2.518418986 0.852819812
604027 4027.000000 17758100004027000 0.199845865 -0.070511583 2.545176095 0.840691782
604028 4028.000000 17758100004028000 0.203392878 -0.068221882 2.569874258 0.819932911
604029 4029.000000 17758100004029000 0.206923559 -0.065525395 2.592187836 0.831767179
604030 4030.000000 17758100004030000 0.210437372 -0.062837315 2.622854117 0.812979000
604031 4031.000000 17758100004031000 0.213933736 -0.060337368 2.650248991 0.805117911
604032 4032.000000 17758100004032000 0.217412099 -0.057772026 2.679159301 0.819392196
604033 4033.000000 17758100004033000 0.220871925 -0.054950295 2.703563416 0.818767416
604034 4034.000000 17758100004034000 0.224312678 -0.052171978 2.726003906 0.758868552
604035 4035.000000 17758100004035000 0.227733791 -0.049216042 2.753519663 0.787145527
604036 4036.000000 17758100004036000 0.231134728 -0.046814895 2.768775042 0.750271074
604037 4037.000000 17758100004037000 0.234514967 -0.043552285 2.794120991 0.738866350
604038 4038.000000 17758100004038000 0.237873957 -0.040839924 2.807558607 0.701901550
604039 4039.000000 17758100004039000 0.241211176 -0.038603868 2.839608604 0.704060309
604040 4040.000000 17758100004040000 0.244526103 -0.035435755 2.849489100 0.702158434
604041 4041.000000 17758100004041000 0.247818202 -0.032754360 2.882554113 0.682471542
604042 4042.000000 17758100004042000 0.251086950 -0.029482339 2.908359846 0.673869756
604043 4043.000000 17758100004043000 0.254331857 -0.026744165 2.930731466 0.624485405
604044 4044.000000 17758100004044000 0.257552385 -0.024053099 2.949495694 0.670976924
604045 4045.000000 17758100004045000 0.260748029 -0.020329142 2.964175386 0.600085909
604046 4046.000000 17758100004046000 0.263918310 -0.017712817 2.976787129 0.571095814
604047 4047.000000 17758100004047000 0.267062694 -0.014492856 2.996271671 0.572162209
604048 4048.000000 17758100004048000 0.270180672 -0.012033300 3.020587344 0.628585616
604049 4049.000000 17758100004049000 0.273271799 -0.008616301 3.033464296 0.553373227
604050 4050.000000 17758100004050000 0.276335567 -0.005667679 3.052202121 0.586651769
604051 4051.000000 17758100004051000 0.279371500 -0.002881074 3.070478529 0.546126131
604052 4052.000000 17758100004052000 0.282379091 0.000299444 3.087862823 0.545657123
604053 4053.000000 17758100004053000 0.285357893 0.003113637 3.101851180 0.527156279
604054 4054.000000 17758100004054000 0.288307399 0.006496469 3.114319962 0.515712492
604055 4055.000000 17758100004055000 0.291227192 0.009399406 3.125743878 0.491041818
604056 4056.000000 17758100004056000 0.294116795 0.013075424 3.152126625 0.441681100
604057 4057.000000 17758100004057000 0.296975732 0.016004941 3.164154934 0.473284218
604058 4058.000000 17758100004058000 0.299803555 0.019422561 3.181671786 0.465770662
604059 4059.000000 17758100004059000 0.302599847 0.022406596 3.188831535 0.418170119
604060 4060.000000 17758100004060000 0.305364132 0.025818895 3.199464199 0.414269014
604061 4061.000000 17758100004061000 0.308095992 0.028901718 3.207616884 0.382309176
604062 4062.000000 17758100004062000 0.310794979 0.032422899 3.223039370 0.372700215
604063 4063.000000 17758100004063000 0.313460708 0.035604797 3.226171146 0.377344214
604064 4064.000000 17758100004064000 0.316092700 0.038444733 3.235747403 0.342619933
604065 4065.000000 17758100004065000 0.318690598 0.041755307 3.253821118 0.343599670
604066 4066.000000 17758100004066000 0.321253926 0.045179017 3.260475397 0.331453083
604067 4067.000000 17758100004067000 0.323782355 0.048656135 3.263704718 0.323717189
604068 4068.000000 17758100004068000 0.326275408 0.051938408 3.278192306 0.243892888
604069 4069.000000 17758100004069000 0.328732759 0.054764168 3.286391038 0.285767719
604070 4070.000000 17758100004070000 0.331153959 0.058218925 3.296950615 0.244405519
604071 4071.000000 17758100004071000 0.333538681 0.061481038 3.300666318 0.243453781
604072 4072.000000 17758100004072000 0.335886538 0.064644205 3.299939117 0.238300958
604073 4073.000000 17758100004073000 0.338197112 0.068001917 3.311702763 0.220393223
604074 4074.000000 17758100004074000 0.340470105 0.071414414 3.315813585 0.200978283
604075 4075.000000 17758100004075000 0.342705101 0.074503112 3.318399052 0.188427832
604076 4076.000000 17758100004076000 0.344901770 0.077805333 3.326122699 0.168707844
604077 4077.000000 17758100004077000 0.347059786 0.081495155 3.328641008 0.158608804
604078 4078.000000 17758100004078000 0.349178761 0.084526965 3.329580319 0.135680288
604079 4079.000000 17758100004079000 0.351258427 0.088043968 3.332405400 0.150616759
604080 4080.000000 17758100004080000 0.353298366 0.091263521 3.333517451 0.118183743
604081 4081.000000 17758100004081000 0.355298340 0.094449475 3.337441684 0.043782722
604082 4082.000000 17758100004082000 0.357257992 0.098302148 3.336423125 0.059838085
604083 4083.000000 17758100004083000 0.359177023 0.101518053 3.336389866 0.037852280
604084 4084.000000 17758100004084000 0.361055136 0.104525215 3.331939955 0.034778645
604085 4085.000000 17758100004085000 0.362892002 0.108380053 3.341733439 -0.001758677
604086 4086.000000 17758100004086000 0.364687353 0.111634746 3.323077494 -0.007591252
604087 4087.000000 17758100004087000 0.366440922 0.114674906 3.331363870 -0.015541766
604088 4088.000000 17758100004088000 0.368152440 0.117902820 3.329285785 -0.050576876
604089 4089.000000 17758100004089000 0.369821578 0.121138343 3.323170682 -0.034281316
604090 4090.000000 17758100004090000 0.371448129 0.124983144 3.322381661 -0.053666994
604091 4091.000000 17758100004091000 0.373031795 0.127963905 3.320626316 -0.044884031
604092 4092.000000 17758100004092000 0.374572366 0.131751062 3.322255640 -0.081871078
604093 4093.000000 17758100004093000 0.376069546 0.134785449 3.304962517 -0.090379958
604094 4094.000000 17758100004094000 0.377523154 0.138123473 3.302454798 -0.110699266
604095 4095.000000 17758100004095000 0.378932953 0.141225185 3.305182037 -0.111614445
604096 4096.000000 17758100004096000 0.380298674 0.144738683 3.289917547 -0.117374454
604097 4097.000000 17758100004097000 0.381620169 0.148313070 3.294167093 -0.160534115
604098 4098.000000 17758100004098000 0.382897168 0.150984555 3.278198532 -0.139931271
604099 4099.000000 17758100004099000 0.384129494 0.154549738 3.274242168 -0.185999393
604100 4100.000000 17758100004100000 0.385316968 0.157627129 3.253521202 -0.222206433
604101 4101.000000 17758100004101000 0.386459351 0.161117750 3.244594694 -0.248993330
604102 4102.000000 17758100004102000 0.387556523 0.164375494 3.244769833 -0.189160593
604103 4103.000000 17758100004103000 0.388608307 0.167526901 3.226211842 -0.256174071
604104 4104.000000 17758100004104000 0.389614493 0.170714680 3.218872160 -0.291024918
604105 4105.000000 17758100004105000 0.390574962 0.174151234 3.202611704 -0.290953627
604106 4106.000000 17758100004106000 0.391489506 0.177045349 3.198616197 -0.290916938
604107 4107.000000 17758100004107000 0.392358065 0.180119173 3.191384807 -0.344807078
604108 4108.000000 17758100004108000 0.393180430 0.183480349 3.177994413 -0.316353658
604109 4109.000000 17758100004109000 0.393956512 0.186601750 3.157641308 -0.318086176
604110 4110.000000 17758100004110000 0.394686162 0.189823237 3.159737713 -0.347232578
604111 4111.000000 17758100004111000 0.395369291 0.193002971 3.135253044 -0.389624426
604112 4112.000000 17758100004112000 0.396005780 0.195981124 3.121863082 -0.389872771
604113 4113.000000 17758100004113000 0.396595538 0.198755479 3.113131474 -0.376733545
604114 4114.000000 17758100004114000 0.397138417 0.202003262 3.091501173 -0.421940426
604115 4115.000000 17758100004115000 0.397634417 0.205510533 3.073879294 -0.426704259
604116 4116.000000 17758100004116000 0.398083389 0.208354204 3.054285338 -0.452116295
604117 4117.000000 17758100004117000 0.398485303 0.211398749 3.036179493 -0.472889849
604118 4118.000000 17758100004118000 0.398840070 0.214653376 3.031052357 -0.465704125
604119 4119.000000 17758100004119000 0.399147660 0.217353931 3.004283313 -0.456861073
604120 4120.000000 17758100004120000 0.399408013 0.220448856 2.988052899 -0.535563662
604121 4121.000000 17758100004121000 0.399621099 0.223140444 2.960267311 -0.562390331
604122 4122.000000 17758100004122000 0.399786830 0.226192090 2.934652142 -0.528793623
604123 4123.000000 17758100004123000 0.399905264 0.229335442 2.927161942 -0.578824938
604124 4124.000000 17758100004124000 0.399976313 0.232263985 2.898032872 -0.561129471
604125 4125.000000 17758100004125000 0.400000006 0.234873679 2.887158806 -0.573761471
604126 4126.000000 17758100004126000 0.399976313 0.237892476 2.868840342 -0.616026871
604127 4127.000000 17758100004127000 0.399905264 0.240687156 2.837398368 -0.644722321
604128 4128.000000 17758100004128000 0.399786830 0.243608807 2.824856351 -0.599967203
604129 4129.000000 17758100004129000 0.399621099 0.246199067 2.798006399 -0.633601826
604130 4130.000000 17758100004130000 0.399408013 0.249047124 2.772003799 -0.625822653
604131 4131.000000 17758100004131000 0.399147660 0.252010750 2.753964202 -0.683773565
604132 4132.000000 17758100004132000 0.398840070 0.254115506 2.729410147 -0.682071435
604133 4133.000000 17758100004133000 0.398485303 0.257011035 2.703346543 -0.693392876
604134 4134.000000 17758100004134000 0.398083389 0.259764741 2.688227845 -0.697079705
604135 4135.000000 17758100004135000 0.397634417 0.262904289 2.659720150 -0.741370681
604136 4136.000000 17758100004136000 0.397138417 0.265666542 2.617880620 -0.747595554
604137 4137.000000 17758100004137000 0.396595538 0.267509846 2.586022080 -0.724736615
604138 4138.000000 17758100004138000 0.396005780 0.270681119 2.574802684 -0.794382724
604139 4139.000000 17758100004139000 0.395369291 0.272687452 2.542172329 -0.793432136
604140 4140.000000 17758100004140000 0.394686162 0.275112713 2.513653660 -0.816107222
604141 4141.000000 17758100004141000 0.393956512 0.277754581 2.489395233 -0.788008504
604142 4142.000000 17758100004142000 0.393180430 0.280180566 2.467255079 -0.858616951
604143 4143.000000 17758100004143000 0.392358065 0.282923749 2.433073137 -0.839470724
604144 4144.000000 17758100004144000 0.391489506 0.285474624 2.407349872 -0.842712228
604145 4145.000000 17758100004145000 0.390574962 0.287578348 2.382518780 -0.868614244
604146 4146.000000 17758100004146000 0.389614493 0.289843529 2.348042376 -0.866442295
604147 4147.000000 17758100004147000 0.388608307 0.291997861 2.317326384 -0.901016378
604148 4148.000000 17758100004148000 0.387556523 0.294262936 2.288289967 -0.909771944
604149 4149.000000 17758100004149000 0.386459351 0.296889869 2.263575421 -0.851017321
604150 4150.000000 17758100004150000 0.385316968 0.298936894 2.229293323 -0.893473484
604151 4151.000000 17758100004151000 0.384129494 0.301574144 2.202296463 -0.887345747
604152 4152.000000 17758100004152000 0.382897168 0.303319173 2.155591273 -0.878695392
604153 4153.000000 17758100004153000 0.381620169 0.305285854 2.126885311 -0.960805686
604154 4154.000000 17758100004154000 0.380298674 0.307753990 2.098160191 -0.905518848
604155 4155.000000 17758100004155000 0.378932953 0.309798248 2.064294810 -0.941640063
604156 4156.000000 17758100004156000 0.377523154 0.311869143 2.031886541 -0.927553799
604157 4157.000000 17758100004157000 0.376069546 0.314049615 2.002476009 -0.953971905
604158 4158.000000 17758100004158000 0.374572366 0.315542254 1.960983804 -0.981304604
604159 4159.000000 17758100004159000 0.373031795 0.317565221 1.934668230 -0.968802631
604160 4160.000000 17758100004160000 0.371448129 0.319504200 1.892947718 -1.002782898
604161 4161.000000 17758100004161000 0.369821578 0.321620424 1.853441551 -1.024509532
604162 4162.000000 17758100004162000 0.368152440 0.322894040 1.823846916 -1.051430439
604163 4163.000000 17758100004163000 0.366440922 0.324958717 1.786640341 -1.006926163
604164 4164.000000 17758100004164000 0.364687353 0.326564764 1.758550653 -1.014157907
604165 4165.000000 17758100004165000 0.362892002 0.328604162 1.723599903 -1.090731225
604166 4166.000000 17758100004166000 0.361055136 0.330132428 1.685203292 -1.022075297
604167 4167.000000 17758100004167000 0.359177023 0.331980516 1.642859074 -1.024701991
604168 4168.000000 17758100004168000 0.357257992 0.333620859 1.607433028 -1.036836750
604169 4169.000000 17758100004169000 0.355298340 0.334866825 1.576529051 -1.060736392
604170 4170.000000 17758100004170000 0.353298366 0.336104062 1.527183497 -1.084717229
604171 4171.000000 17758100004171000 0.351258427 0.338151168 1.488618624 -1.098306170
604172 4172.000000 17758100004172000 0.349178761 0.339566824 1.461961857 -1.118981896
604173 4173.000000 17758100004173000 0.347059786 0.340902884 1.419248810 -1.102370347
604174 4174.000000 17758100004174000 0.344901770 0.342473569 1.391541855 -1.107648754
604175 4175.000000 17758100004175000 0.342705101 0.343436499 1.348541170 -1.124165462
604176 4176.000000 17758100004176000 0.340470105 0.344967535 1.315223378 -1.170848311
604177 4177.000000 17758100004177000 0.338197112 0.346020395 1.279703007 -1.121584655
604178 4178.000000 17758100004178000 0.335886538 0.347504476 1.244162400 -1.158619986
604179 4179.000000 17758100004179000 0.333538681 0.348539513 1.183895154 -1.118290377
604180 4180.000000 17758100004180000 0.331153959 0.349762054 1.152441822 -1.205993212
604181 4181.000000 17758100004181000 0.328732759 0.350829875 1.110083076 -1.196273369
604182 4182.000000 17758100004182000 0.326275408 0.352082183 1.062464782 -1.159300629
604183 4183.000000 17758100004183000 0.323782355 0.352821608 1.030067387 -1.180352693
604184 4184.000000 17758100004184000 0.321253926 0.353955606 0.991750772 -1.163291296
604185 4185.000000 17758100004185000 0.318690598 0.355228436 0.953521050 -1.203956791
604186 4186.000000 17758100004186000 0.316092700 0.356124405 0.913179904 -1.208618543
604187 4187.000000 17758100004187000 0.313460708 0.356968153 0.870768479 -1.182700054
604188 4188.000000 17758100004188000 0.310794979 0.357649530 0.828368924 -1.215174976
604189 4189.000000 17758100004189000 0.308095992 0.358153670 0.791493509 -1.223704901
604190 4190.000000 17758100004190000 0.305364132 0.359208186 0.745768583 -1.194401104
604191 4191.000000 17758100004191000 0.302599847 0.360052685 0.709825233 -1.211745076
604192 4192.000000 17758100004192000 0.299803555 0.360250402 0.658637570 -1.188417948
604193 4193.000000 17758100004193000 0.296975732 0.360990109 0.634318773 -1.248063021
604194 4194.000000 17758100004194000 0.294116795 0.361578102 0.580180008 -1.217938353
604195 4195.000000 17758100004195000 0.291227192 0.362790388 0.542237505 -1.222177092
604196 4196.000000 17758100004196000 0.288307399 0.362760762 0.503303475 -1.247074272
604197 4197.000000 17758100004197000 0.285357893 0.363502520 0.462956318 -1.247453503
604198 4198.000000 17758100004198000 0.282379091 0.363449834 0.420797541 -1.212220511
604199 4199.000000 17758100004199000 0.279371500 0.364256936 0.385709511 -1.238466798
604200 4200.000000 17758100004200000 0.276335567 0.364289467 0.336737541 -1.256276887
604201 4201.000000 17758100004201000 0.273271799 0.364577728 0.300059615 -1.241244177
604202 4202.000000 17758100004202000 0.270180672 0.364706543 0.256911832 -1.284921436
604203 4203.000000 17758100004203000 0.267062694 0.365184159 0.219298184 -1.278349367
604204 4204.000000 17758100004204000 0.263918310 0.365421335 0.164896750 -1.270650955
604205 4205.000000 17758100004205000 0.260748029 0.365367536 0.128575790 -1.282099416
604206 4206.000000 17758100004206000 0.257552385 0.365281915 0.091995051 -1.265426598
604207 4207.000000 17758100004207000 0.254331857 0.365931257 0.046375502 -1.227339391
604208 4208.000000 17758100004208000 0.251086950 0.365419371 0.010172078 -1.245937505
604209 4209.000000 17758100004209000 0.247818202 0.365717222 -0.036261335 -1.300711075
604210 4210.000000 17758100004210000 0.244526103 0.365380872 -0.086352544 -1.298843471
604211 4211.000000 17758100004211000 0.241211176 0.365280952 -0.129292386 -1.205987312
604212 4212.000000 17758100004212000 0.237873957 0.365303856 -0.168111292 -1.253504947
604213 4213.000000 17758100004213000 0.234514967 0.364922548 -0.203301454 -1.272098296
604214 4214.000000 17758100004214000 0.231134728 0.364882502 -0.242398790 -1.255146086
604215 4215.000000 17758100004215000 0.227733791 0.364445684 -0.294127997 -1.295386680
604216 4216.000000 17758100004216000 0.224312678 0.364207755 -0.331411697 -1.298692863
604217 4217.000000 17758100004217000 0.220871925 0.363757642 -0.379457214 -1.221151053
604218 4218.000000 17758100004218000 0.217412099 0.363418640 -0.420054604 -1.245737383
604219 4219.000000 17758100004219000 0.213933736 0.363002893 -0.457413776 -1.257626643
604220 4220.000000 17758100004220000 0.210437372 0.362089473 -0.498597367 -1.279567509
604221 4221.000000 17758100004221000 0.206923559 0.361961160 -0.535609254 -1.211590532
604222 4222.000000 17758100004222000 0.203392878 0.361068641 -0.578040361 -1.242874864
604223 4223.000000 17758100004223000 0.199845865 0.360709524 -0.628956217 -1.275483667
604224 4224.000000 17758100004224000 0.196283087 0.359844690 -0.678083146 -1.231496749
604225 4225.000000 17758100004225000 0.192705095 0.358647890 -0.699317051 -1.219386162
604226 4226.000000 17758100004226000 0.189112470 0.358470151 -0.737151799 -1.206111087
604227 4227.000000 17758100004227000 0.185505778 0.357407063 -0.788664452 -1.256765666
604228 4228.000000 17758100004228000 0.181885585 0.356788916 -0.828863552 -1.225198486
604229 4229.000000 17758100004229000 0.178252459 0.355856113 -0.864901243 -1.228921209
604230 4230.000000 17758100004230000 0.174606964 0.354923900 -0.914506389 -1.202266827
604231 4231.000000 17758100004231000 0.170949697 0.354111500 -0.952581788 -1.258239470
604232 4232.000000 17758100004232000 0.167281225 0.352995109 -0.987996152 -1.244031269
604233 4233.000000 17758100004233000 0.163602129 0.352495246 -1.031536576 -1.201297886
604234 4234.000000 17758100004234000 0.159912989 0.351116687 -1.071941102 -1.220257085
604235 4235.000000 17758100004235000 0.156214401 0.349877891 -1.106492163 -1.161737751
604236 4236.000000 17758100004236000 0.152506918 0.348937234 -1.151472523 -1.211882951
604237 4237.000000 17758100004237000 0.148791149 0.347489360 -1.184065012 -1.191073297
604238 4238.000000 17758100004238000 0.145067677 0.346159519 -1.228589516 -1.206412069
604239 4239.000000 17758100004239000 0.141337082 0.345075630 -1.268385494 -1.179136363
604240 4240.000000 17758100004240000 0.137599975 0.343550224 -1.306028748 -1.195659379
604241 4241.000000 17758100004241000 0.133856922 0.342392114 -1.343482306 -1.158399694
604242 4242.000000 17758100004242000 0.130108520 0.340848447 -1.383151556 -1.124673491
604243 4243.000000 17758100004243000 0.126355365 0.339358882 -1.416604324 -1.152169632
604244 4244.000000 17758100004244000 0.122598045 0.338463155 -1.455322486 -1.157765796
604245 4245.000000 17758100004245000 0.118837155 0.336338917 -1.487020481 -1.128188530
604246 4246.000000 17758100004246000 0.115073293 0.335152976 -1.534365070 -1.104010596
604247 4247.000000 17758100004247000 0.111307055 0.333324173 -1.574439505 -1.124480126
604248 4248.000000 17758100004248000 0.107539028 0.331963029 -1.603594616 -1.127824624
604249 4249.000000 17758100004249000 0.103769809 0.330273885 -1.649016811 -1.113134380
604250 4250.000000 17758100004250000 0.100000001 0.328236504 -1.679335661 -1.102635516
604251 4251.000000 17758100004251000 0.096230187 0.326854170 -1.706996809 -1.119188410
604252 4252.000000 17758100004252000 0.092460975 0.325155126 -1.752366525 -1.088300371
604253 4253.000000 17758100004253000 0.088692948 0.323364057 -1.783782519 -1.086619977
604254 4254.000000 17758100004254000 0.084926702 0.321230758 -1.822032658 -1.058242400
604255 4255.000000 17758100004255000 0.081162848 0.319695406 -1.856102864 -1.110029063
604256 4256.000000 17758100004256000 0.077401958 0.317472386 -1.892036754 -1.065894637
604257 4257.000000 17758100004257000 0.073644638 0.315861685 -1.930187113 -1.064050622
604258 4258.000000 17758100004258000 0.069891483 0.313800479 -1.953243465 -1.039318220
604259 4259.000000 17758100004259000 0.066143088 0.311997866 -1.993604595 -1.049550594
604260 4260.000000 17758100004260000 0.062400028 0.309777685 -2.021504529 -1.036526752
604261 4261.000000 17758100004261000 0.058662914 0.308079082 -2.056300093 -1.072425479
604262 4262.000000 17758100004262000 0.054932322 0.306050089 -2.092546196 -1.022395691
604263 4263.000000 17758100004263000 0.051208850 0.303598593 -2.123971638 -1.022610676
604264 4264.000000 17758100004264000 0.047493082 0.301580194 -2.161301182 -0.980230035
604265 4265.000000 17758100004265000 0.043785606 0.299360559 -2.196122712 -0.976797192
604266 4266.000000 17758100004266000 0.040087007 0.296877180 -2.221310894 -0.950583172
604267 4267.000000 17758100004267000 0.036397867 0.294796936 -2.256776479 -0.990060735
604268 4268.000000 17758100004268000 0.032718770 0.292511323 -2.295283182 -0.949333214
604269 4269.000000 17758100004269000 0.029050302 0.290159630 -2.312625303 -0.960720182
604270 4270.000000 17758100004270000 0.025393033 0.287681417 -2.344618637 -0.931484879
604271 4271.000000 17758100004271000 0.021747548 0.285348452 -2.378951364 -0.942668754
604272 4272.000000 17758100004272000 0.018114420 0.283031897 -2.402956550 -0.911837804
604273 4273.000000 17758100004273000 0.014494222 0.280719630 -2.424543789 -0.900608581
604274 4274.000000 17758100004274000 0.010887526 0.277959149 -2.459593412 -0.884434660
604275 4275.000000 17758100004275000 0.007294902 0.275690352 -2.491607234 -0.900792986
604276 4276.000000 17758100004276000 0.003716917 0.272995728 -2.520592408 -0.873212471
604277 4277.000000 17758100004277000 0.000154137 0.270828420 -2.542800913 -0.873782612
604278 4278.000000 17758100004278000 -0.003392877 0.268061989 -2.574647098 -0.861276589
604279 4279.000000 17758100004279000 -0.006923564 0.265654385 -2.593908741 -0.851953809
604280 4280.000000 17758100004280000 -0.010437366 0.262812982 -2.625701839 -0.831664756
604281 4281.000000 17758100004281000 -0.013933728 0.260557619 -2.648339090 -0.807175796
604282 4282.000000 17758100004282000 -0.017412100 0.257358340 -2.681572238 -0.778617565
604283 4283.000000 17758100004283000 -0.020871930 0.254967131 -2.698506657 -0.746449747
604284 4284.000000 17758100004284000 -0.024312675 0.252365402 -2.715876795 -0.758138755
604285 4285.000000 17758100004285000 -0.027733788 0.249276002 -2.747446991 -0.767771016
604286 4286.000000 17758100004286000 -0.031134730 0.246886335 -2.766615973 -0.753930647
604287 4287.000000 17758100004287000 -0.034514964 0.243539831 -2.789057986 -0.735881241
604288 4288.000000 17758100004288000 -0.037873957 0.240998045 -2.812528159 -0.726479157
604289 4289.000000 17758100004289000 -0.041211180 0.238137797 -2.835064182 -0.704536804
604290 4290.000000 17758100004290000 -0.044526104 0.235329233 -2.854725126 -0.684384494
604291 4291.000000 17758100004291000 -0.047818203 0.232387133 -2.873970695 -0.663737213
604292 4292.000000 17758100004292000 -0.051086962 0.229762951 -2.907806823 -0.692092337
604293 4293.000000 17758100004293000 -0.054331861 0.226410359 -2.917926866 -0.640332076
604294 4294.000000 17758100004294000 -0.057552390 0.223530943 -2.946486736 -0.684450983
604295 4295.000000 17758100004295000 -0.060748037 0.220469329 -2.967257943 -0.608580420
604296 4296.000000 17758100004296000 -0.063918307 0.217587465 -2.989569341 -0.596315560
604297 4297.000000 17758100004297000 -0.067062683 0.214690196 -3.000037050 -0.622689576
604298 4298.000000 17758100004298000 -0.070180684 0.211606344 -3.022670932 -0.620838763
604299 4299.000000 17758100004299000 -0.073271811 0.208791571 -3.035324684 -0.606460614
604300 4300.000000 17758100004300000 -0.076335579 0.205630266 -3.054910259 -0.546505414
604301 4301.000000 17758100004301000 -0.079371497 0.202416634 -3.070714285 -0.511138629
604302 4302.000000 17758100004302000 -0.082379088 0.199051501 -3.077674843 -0.565765104
604303 4303.000000 17758100004303000 -0.085357882 0.196583808 -3.112701793 -0.524149198
604304 4304.000000 17758100004304000 -0.088307410 0.193339442 -3.115465490 -0.514004047
604305 4305.000000 17758100004305000 -0.091227196 0.190056060 -3.138156810 -0.493957229
604306 4306.000000 17758100004306000 -0.094116792 0.187056018 -3.144295168 -0.469997179
604307 4307.000000 17758100004307000 -0.096975729 0.184021836 -3.163857371 -0.475126417
604308 4308.000000 17758100004308000 -0.099803559 0.180604746 -3.168368812 -0.454236147
604309 4309.000000 17758100004309000 -0.102599844 0.177322765 -3.183955918 -0.432222570
604310 4310.000000 17758100004310000 -0.105364129 0.174293445 -3.199707593 -0.388719358
604311 4311.000000 17758100004311000 -0.108095989 0.171266443 -3.209176548 -0.410240097
604312 4312.000000 17758100004312000 -0.110794991 0.168126805 -3.206869792 -0.402931258
604313 4313.000000 17758100004313000 -0.113460705 0.164494758 -3.234616514 -0.367024312
604314 4314.000000 17758100004314000 -0.116092704 0.161191989 -3.245815206 -0.360041541
604315 4315.000000 17758100004315000 -0.118690588 0.158229394 -3.254510669 -0.318622845
604316 4316.000000 17758100004316000 -0.121253937 0.154532273 -3.258730628 -0.306516530
604317 4317.000000 17758100004317000 -0.123782344 0.151617934 -3.273090315 -0.346336540
604318 4318.000000 17758100004318000 -0.126275420 0.148221218 -3.264737818 -0.300099401
604319 4319.000000 17758100004319000 -0.128732756 0.144980607 -3.279760254 -0.289256735
604320 4320.000000 17758100004320000 -0.131153971 0.141642813 -3.298801286 -0.247948664
604321 4321.000000 17758100004321000 -0.133538693 0.138290744 -3.292894338 -0.242744458
604322 4322.000000 17758100004322000 -0.135886535 0.135134052 -3.308987684 -0.222925301
604323 4323.000000 17758100004323000 -0.138197124 0.131517406 -3.309766032 -0.182276679
604324 4324.000000 17758100004324000 -0.140470102 0.128605788 -3.320404373 -0.206767560
604325 4325.000000 17758100004325000 -0.142705098 0.125179805 -3.316264528 -0.184322506
604326 4326.000000 17758100004326000 -0.144901782 0.121936127 -3.323390264 -0.161050717
604327 4327.000000 17758100004327000 -0.147059783 0.118487082 -3.321177584 -0.134882464
604328 4328.000000 17758100004328000 -0.149178773 0.114990014 -3.340007471 -0.144526542
604329 4329.000000 17758100004329000 -0.151258409 0.111719723 -3.330330641 -0.096075359
604330 4330.000000 17758100004330000 -0.153298378 0.108481043 -3.334464753 -0.110666634
604331 4331.000000 17758100004331000 -0.155298337 0.104933459 -3.331911127 -0.100835842
604332 4332.000000 17758100004332000 -0.157258004 0.101704512 -3.336275548 -0.075290217
604333 4333.000000 17758100004333000 -0.159177020 0.098218481 -3.340013336 -0.074874079
604334 4334.000000 17758100004334000 -0.161055133 0.095360720 -3.334819511 -0.040935175
604335 4335.000000 17758100004335000 -0.162891999 0.091953512 -3.332579149 -0.021231972
604336 4336.000000 17758100004336000 -0.164687365 0.088752840 -3.344417100 -0.032816369
604337 4337.000000 17758100004337000 -0.166440934 0.085219981 -3.332048576 -0.011764808
604338 4338.000000 17758100004338000 -0.168152422 0.081921711 -3.339913714 0.009984137
604339 4339.000000 17758100004339000 -0.169821575 0.078509354 -3.331902545 0.057964162
604340 4340.000000 17758100004340000 -0.171448112 0.075189279 -3.337402163 0.056702786
604341 4341.000000 17758100004341000 -0.173031792 0.071777823 -3.326842333 0.055244563
604342 4342.000000 17758100004342000 -0.174572349 0.068495100 -3.316490856 0.065658624
604343 4343.000000 17758100004343000 -0.176069558 0.065177055 -3.312165354 0.082154065
604344 4344.000000 17758100004344000 -0.177523166 0.062128073 -3.313839688 0.123666185
604345 4345.000000 17758100004345000 -0.178932950 0.058500548 -3.294489712 0.149742907
604346 4346.000000 17758100004346000 -0.180298686 0.055347690 -3.295085679 0.163200028
604347 4347.000000 17758100004347000 -0.181620151 0.052351180 -3.286980477 0.167365189
604348 4348.000000 17758100004348000 -0.182897165 0.048491064 -3.280998102 0.184394049
604349 4349.000000 17758100004349000 -0.184129491 0.045456662 -3.275674400 0.191244075
604350 4350.000000 17758100004350000 -0.185316950 0.042330152 -3.263917048 0.214683529
604351 4351.000000 17758100004351000 -0.186459363 0.038955308 -3.254504236 0.223952060
604352 4352.000000 17758100004352000 -0.187556535 0.035713025 -3.241576854 0.252025870
604353 4353.000000 17758100004353000 -0.188608304 0.032241162 -3.235304195 0.274698160
604354 4354.000000 17758100004354000 -0.189614490 0.029356696 -3.221841643 0.237338924
604355 4355.000000 17758100004355000 -0.190574944 0.025925526 -3.218001535 0.280710598
604356 4356.000000 17758100004356000 -0.191489518 0.022858547 -3.196874665 0.302499149
604357 4357.000000 17758100004357000 -0.192358062 0.019646795 -3.188377610 0.315159332
604358 4358.000000 17758100004358000 -0.193180442 0.016703292 -3.173485474 0.348332821
604359 4359.000000 17758100004359000 -0.193956509 0.013437225 -3.155384824 0.344303005
604360 4360.000000 17758100004360000 -0.194686174 0.010056026 -3.158350027 0.366237133
604361 4361.000000 17758100004361000 -0.195369303 0.007241779 -3.127407399 0.377035886
604362 4362.000000 17758100004362000 -0.196005777 0.003923335 -3.124154140 0.373860271
604363 4363.000000 17758100004363000 -0.196595520 0.000792890 -3.099119526 0.408508198
604364 4364.000000 17758100004364000 -0.197138429 -0.002348495 -3.089056298 0.421319681
604365 4365.000000 17758100004365000 -0.197634414 -0.005573525 -3.062661807 0.482697642
604366 4366.000000 17758100004366000 -0.198083386 -0.008227952 -3.060188955 0.449210266
604367 4367.000000 17758100004367000 -0.198485300 -0.011531102 -3.046353795 0.467684924
604368 4368.000000 17758100004368000 -0.198840082 -0.014367667 -3.020428251 0.486898119
604369 4369.000000 17758100004369000 -0.199147671 -0.017396111 -3.008304761 0.495601147
604370 4370.000000 17758100004370000 -0.199408025 -0.020179669 -2.982924437 0.516158334
604371 4371.000000 17758100004371000 -0.199621081 -0.023422472 -2.967450617 0.480239403
604372 4372.000000 17758100004372000 -0.199786842 -0.026004003 -2.941979928 0.577589657
604373 4373.000000 17758100004373000 -0.199905261 -0.029165830 -2.920503967 0.538600841
604374 4374.000000 17758100004374000 -0.199976310 -0.032182502 -2.895837618 0.574261511
604375 4375.000000 17758100004375000 -0.200000003 -0.034711104 -2.870863668 0.592609416
604376 4376.000000 17758100004376000 -0.199976310 -0.037732376 -2.859180455 0.564346296
604377 4377.000000 17758100004377000 -0.199905261 -0.040980376 -2.836998575 0.609738044
604378 4378.000000 17758100004378000 -0.199786842 -0.043792053 -2.818189477 0.610255744
604379 4379.000000 17758100004379000 -0.199621081 -0.046372958 -2.795560937 0.628937793
604380 4380.000000 17758100004380000 -0.199408025 -0.048899954 -2.777062597 0.649571568
604381 4381.000000 17758100004381000 -0.199147671 -0.051860930 -2.751145536 0.670460062
604382 4382.000000 17758100004382000 -0.198840082 -0.054504466 -2.725678563 0.672164678
604383 4383.000000 17758100004383000 -0.198485300 -0.057209225 -2.704630862 0.693071737
604384 4384.000000 17758100004384000 -0.198083386 -0.059687303 -2.685734825 0.703336917
604385 4385.000000 17758100004385000 -0.197634414 -0.062753498 -2.648700281 0.717772137
604386 4386.000000 17758100004386000 -0.197138429 -0.065238700 -2.630381844 0.756940229
604387 4387.000000 17758100004387000 -0.196595520 -0.068095446 -2.599635901 0.753336371
604388 4388.000000 17758100004388000 -0.196005777 -0.070272128 -2.564420369 0.771444265
604389 4389.000000 17758100004389000 -0.195369303 -0.072920458 -2.550920015 0.763982006
604390 4390.000000 17758100004390000 -0.194686174 -0.075444422 -2.525286172 0.777614379
604391 4391.000000 17758100004391000 -0.193956509 -0.078207140 -2.482964816 0.786793842
604392 4392.000000 17758100004392000 -0.193180442 -0.080380420 -2.458900678 0.804185933
604393 4393.000000 17758100004393000 -0.192358062 -0.083107685 -2.423870766 0.797687409
604394 4394.000000 17758100004394000 -0.191489518 -0.085759633 -2.403574004 0.832978072
604395 4395.000000 17758100004395000 -0.190574944 -0.087939462 -2.372508763 0.830335509
604396 4396.000000 17758100004396000 -0.189614490 -0.089681388 -2.342670480 0.836988776
604397 4397.000000 17758100004397000 -0.188608304 -0.092248144 -2.315935727 0.869940270
604398 4398.000000 17758100004398000 -0.187556535 -0.094510627 -2.291934226 0.876097648
604399 4399.000000 17758100004399000 -0.186459363 -0.097157781 -2.257956912 0.904535975
604400 4400.000000 17758100004400000 -0.185316950 -0.098911478 -2.244132507 0.901426611
604401 4401.000000 17758100004401000 -0.184129491 -0.101307061 -2.191190722 0.904153922
604402 4402.000000 17758100004402000 -0.182897165 -0.103340029 -2.162278885 0.919622299
604403 4403.000000 17758100004403000 -0.181620151 -0.105177791 -2.135549201 0.936659007
604404 4404.000000 17758100004404000 -0.180298686 -0.107578996 -2.092566062 0.983365993
604405 4405.000000 17758100004405000 -0.178932950 -0.109728288 -2.072311890 0.938989129
604406 4406.000000 17758100004406000 -0.177523166 -0.111755098 -2.033100417 1.012785141
604407 4407.000000 17758100004407000 -0.176069558 -0.113800362 -2.002233955 0.938159402
604408 4408.000000 17758100004408000 -0.174572349 -0.115932704 -1.962135902 0.999895876
604409 4409.000000 17758100004409000 -0.173031792 -0.117295397 -1.925990696 0.978453048
604410 4410.000000 17758100004410000 -0.171448112 -0.119548820 -1.901306047 1.001667015
604411 4411.000000 17758100004411000 -0.169821575 -0.121576996 -1.852232052 1.033493116
604412 4412.000000 17758100004412000 -0.168152422 -0.123206881 -1.816130744 1.052501198
604413 4413.000000 17758100004413000 -0.166440934 -0.124655876 -1.787534224 1.009686633
604414 4414.000000 17758100004414000 -0.164687365 -0.126776343 -1.748353493 1.003512585
604415 4415.000000 17758100004415000 -0.162891999 -0.128902546 -1.707215919 1.062004771
604416 4416.000000 17758100004416000 -0.161055133 -0.130169472 -1.676135101 1.075296306
604417 4417.000000 17758100004417000 -0.159177020 -0.131864072 -1.644007285 1.078577566
604418 4418.000000 17758100004418000 -0.157258004 -0.133377205 -1.613666811 1.087610532
604419 4419.000000 17758100004419000 -0.155298337 -0.135221153 -1.581172443 1.070986409
604420 4420.000000 17758100004420000 -0.153298378 -0.136522540 -1.524994942 1.119774677
604421 4421.000000 17758100004421000 -0.151258409 -0.137675700 -1.500942188 1.113677858
604422 4422.000000 17758100004422000 -0.149178773 -0.139412998 -1.461284515 1.117920738
604423 4423.000000 17758100004423000 -0.147059783 -0.140582655 -1.427280044 1.091022502
604424 4424.000000 17758100004424000 -0.144901782 -0.142064842 -1.388957911 1.132336426
604425 4425.000000 17758100004425000 -0.142705098 -0.143534133 -1.344087502 1.139670944
604426 4426.000000 17758100004426000 -0.140470102 -0.145028292 -1.310134113 1.127278840
604427 4427.000000 17758100004427000 -0.138197124 -0.145848411 -1.266634953 1.153256842
604428 4428.000000 17758100004428000 -0.135886535 -0.147227535 -1.237516980 1.116604781
604429 4429.000000 17758100004429000 -0.133538693 -0.148887286 -1.188031207 1.117969134
604430 4430.000000 17758100004430000 -0.131153971 -0.149731792 -1.154371315 1.167278397
604431 4431.000000 17758100004431000 -0.128732756 -0.151252977 -1.113793300 1.188084323
604432 4432.000000 17758100004432000 -0.126275420 -0.151996142 -1.071407244 1.225545302
604433 4433.000000 17758100004433000 -0.123782344 -0.153507312 -1.025861019 1.177085207
604434 4434.000000 17758100004434000 -0.121253937 -0.153700525 -0.988924445 1.209989678
604435 4435.000000 17758100004435000 -0.118690588 -0.155337464 -0.947467074 1.154986049
604436 4436.000000 17758100004436000 -0.116092704 -0.155856525 -0.909353830 1.177640887
604437 4437.000000 17758100004437000 -0.113460705 -0.156960954 -0.871224071 1.223701220
604438 4438.000000 17758100004438000 -0.110794991 -0.157367528 -0.831771998 1.198010013
604439 4439.000000 17758100004439000 -0.108095989 -0.158526575 -0.794006483 1.207817142
604440 4440.000000 17758100004440000 -0.105364129 -0.159068866 -0.754555631 1.186181540
604441 4441.000000 17758100004441000 -0.102599844 -0.159807829 -0.703208094 1.229049816
604442 4442.000000 17758100004442000 -0.099803559 -0.160745709 -0.669618212 1.223983166
604443 4443.000000 17758100004443000 -0.096975729 -0.161266324 -0.625116174 1.250912254
604444 4444.000000 17758100004444000 -0.094116792 -0.161874943 -0.583091160 1.214188963
604445 4445.000000 17758100004445000 -0.091227196 -0.162210522 -0.549109559 1.202990843
604446 4446.000000 17758100004446000 -0.088307410 -0.163114386 -0.507066895 1.216537202
604447 4447.000000 17758100004447000 -0.085357882 -0.163224579 -0.459951192 1.251300140
604448 4448.000000 17758100004448000 -0.082379088 -0.163696517 -0.414631244 1.226199528
604449 4449.000000 17758100004449000 -0.079371497 -0.164072894 -0.384468983 1.249383133
604450 4450.000000 17758100004450000 -0.076335579 -0.164355494 -0.339869200 1.212418363
604451 4451.000000 17758100004451000 -0.073271811 -0.164764035 -0.294735747 1.259408162
604452 4452.000000 17758100004452000 -0.070180684 -0.164630180 -0.262187669 1.234523420
604453 4453.000000 17758100004453000 -0.067062683 -0.164998782 -0.220143045 1.282738614
604454 4454.000000 17758100004454000 -0.063918307 -0.165331149 -0.177943191 1.274431075
604455 4455.000000 17758100004455000 -0.060748037 -0.165533304 -0.129107346 1.256969561
604456 4456.000000 17758100004456000 -0.057552390 -0.165571045 -0.080678385 1.267235204
604457 4457.000000 17758100004457000 -0.054331861 -0.165310875 -0.037557846 1.243883178
604458 4458.000000 17758100004458000 -0.051086962 -0.165761776 -0.002475239 1.236008188
604459 4459.000000 17758100004459000 -0.047818203 -0.165228341 0.041371609 1.242202476
604460 4460.000000 17758100004460000 -0.044526104 -0.165126416 0.076259640 1.256089788
604461 4461.000000 17758100004461000 -0.041211180 -0.165151224 0.130139320 1.278871028
604462 4462.000000 17758100004462000 -0.037873957 -0.165237747 0.161727387 1.261488935
604463 4463.000000 17758100004463000 -0.034514964 -0.165021908 0.202846168 1.268994604
604464 4464.000000 17758100004464000 -0.031134730 -0.164765491 0.249184135 1.238630614
604465 4465.000000 17758100004465000 -0.027733788 -0.164355900 0.280895952 1.257777657
604466 4466.000000 17758100004466000 -0.024312675 -0.164114953 0.329646903 1.256729610
604467 4467.000000 17758100004467000 -0.020871930 -0.163538173 0.371481832 1.298406087
604468 4468.000000 17758100004468000 -0.017412100 -0.163370312 0.417511995 1.274812528
604469 4469.000000 17758100004469000 -0.013933728 -0.162527807 0.447650948 1.237228415
604470 4470.000000 17758100004470000 -0.010437366 -0.162244088 0.497819163 1.246936285
604471 4471.000000 17758100004471000 -0.006923564 -0.161630154 0.542796042 1.237587010
604472 4472.000000 17758100004472000 -0.003392877 -0.161489301 0.578003123 1.259682079
604473 4473.000000 17758100004473000 0.000154137 -0.160536809 0.619601498 1.226332218
604474 4474.000000 17758100004474000 0.003716917 -0.160078384 0.663215558 1.272193341
604475 4475.000000 17758100004475000 0.007294902 -0.159089695 0.707513859 1.250119115
604476 4476.000000 17758100004476000 0.010887526 -0.158294162 0.748117008 1.211061727
604477 4477.000000 17758100004477000 0.014494222 -0.157512094 0.789585957 1.206727812
604478 4478.000000 17758100004478000 0.018114420 -0.157089098 0.817080723 1.226968634
604479 4479.000000 17758100004479000 0.021747548 -0.155992368 0.858168707 1.219108757
604480 4480.000000 17758100004480000 0.025393033 -0.155711846 0.906445048 1.254710979
604481 4481.000000 17758100004481000 0.029050302 -0.153825999 0.956216809 1.216963114
604482 4482.000000 17758100004482000 0.032718770 -0.152833941 0.993551400 1.210412131
604483 4483.000000 17758100004483000 0.036397867 -0.152168333 1.034744173 1.247259538
604484 4484.000000 17758100004484000 0.040087007 -0.150874159 1.062600272 1.212294139
604485 4485.000000 17758100004485000 0.043785606 -0.150146911 1.101550982 1.224056398
604486 4486.000000 17758100004486000 0.047493082 -0.149016428 1.143461731 1.185448892
604487 4487.000000 17758100004487000 0.051208850 -0.147777607 1.193371918 1.225220707
604488 4488.000000 17758100004488000 0.054932322 -0.146425415 1.228728261 1.180143952
604489 4489.000000 17758100004489000 0.058662914 -0.145234190 1.265205689 1.169091802
604490 4490.000000 17758100004490000 0.062400028 -0.143795944 1.300619149 1.177059855
604491 4491.000000 17758100004491000 0.066143088 -0.142254841 1.346153756 1.178549790
604492 4492.000000 17758100004492000 0.069891483 -0.141012420 1.376743416 1.222001910
604493 4493.000000 17758100004493000 0.073644638 -0.139351343 1.414691920 1.167096364
604494 4494.000000 17758100004494000 0.077401958 -0.137767807 1.450655505 1.165869908
604495 4495.000000 17758100004495000 0.081162848 -0.136516163 1.491104682 1.143732914
604496 4496.000000 17758100004496000 0.084926702 -0.135690377 1.527683609 1.132930764
604497 4497.000000 17758100004497000 0.088692948 -0.133753092 1.566420030 1.142540308
604498 4498.000000 17758100004498000 0.092460975 -0.132275197 1.606110108 1.148923853
604499 4499.000000 17758100004499000 0.096230187 -0.130505535 1.641086498 1.142181168
604500 4500.000000 17758100004500000 0.100000001 -0.129098579 1.676237394 1.114926529
604501 4501.000000 17758100004501000 0.103769809 -0.127060203 1.706485259 1.107954011
604502 4502.000000 17758100004502000 0.107539028 -0.125320897 1.753631100 1.084925657
604503 4503.000000 17758100004503000 0.111307055 -0.123352849 1.784633858 1.089156005
604504 4504.000000 17758100004504000 0.115073293 -0.121814564 1.823290136 1.106461815
604505 4505.000000 17758100004505000 0.118837155 -0.119727897 1.861581860 1.053517489
604506 4506.000000 17758100004506000 0.122598045 -0.118158838 1.896316463 1.068242757
604507 4507.000000 17758100004507000 0.126355365 -0.116200699 1.917430878 1.048725535
604508 4508.000000 17758100004508000 0.130108520 -0.113726100 1.969282364 1.024531293
604509 4509.000000 17758100004509000 0.133856922 -0.111864997 1.993660054 1.047441353
604510 4510.000000 17758100004510000 0.137599975 -0.109402823 2.027758286 1.060170476
604511 4511.000000 17758100004511000 0.141337082 -0.107696611 2.065384991 1.045334189
604512 4512.000000 17758100004512000 0.145067677 -0.105981747 2.099725001 1.013264288
604513 4513.000000 17758100004513000 0.148791149 -0.103813646 2.132693406 1.008547783
604514 4514.000000 17758100004514000 0.152506918 -0.101468625 2.166081354 0.980401184
604515 4515.000000 17758100004515000 0.156214401 -0.099331567 2.185937112 1.048821524
604516 4516.000000 17758100004516000 0.159912989 -0.097351589 2.203994447 0.968756217
604517 4517.000000 17758100004517000 0.163602129 -0.094895276 2.250948976 0.967136550
604518 4518.000000 17758100004518000 0.167281225 -0.092515233 2.284216283 0.943086151
604519 4519.000000 17758100004519000 0.170949697 -0.090079409 2.313092652 0.946290253
604520 4520.000000 17758100004520000 0.174606964 -0.088009653 2.343943123 0.949706310
604521 4521.000000 17758100004521000 0.178252459 -0.085394864 2.370624605 0.914041698
604522 4522.000000 17758100004522000 0.181885585 -0.083186443 2.405225373 0.889681939
604523 4523.000000 17758100004523000 0.185505778 -0.080401592 2.427790952 0.892566271
604524 4524.000000 17758100004524000 0.189112470 -0.078148611 2.449979837 0.873027716
604525 4525.000000 17758100004525000 0.192705095 -0.075888621 2.485803376 0.885941007
604526 4526.000000 17758100004526000 0.196283087 -0.073311095 2.516696898 0.863105747
604527 4527.000000 17758100004527000 0.199845865 -0.070668911 2.543513710 0.856993952
604528 4528.000000 17758100004528000 0.203392878 -0.067982727 2.574376558 0.827592055
604529 4529.000000 17758100004529000 0.206923559 -0.065893557 2.590552881 0.857175709
604530 4530.000000 17758100004530000 0.210437372 -0.062676100 2.626036117 0.834624278
604531 4531.000000 17758100004531000 0.213933736 -0.060171816 2.639187355 0.819043520
604532 4532.000000 17758100004532000 0.217412099 -0.057708311 2.667330410 0.786650802
604533 4533.000000 17758100004533000 0.220871925 -0.055146507 2.692038844 0.785767880
604534 4534.000000 17758100004534000 0.224312678 -0.052143172 2.725834808 0.797436475
604535 4535.000000 17758100004535000 0.227733791 -0.049439997 2.749859440 0.793632152
604536 4536.000000 17758100004536000 0.231134728 -0.046987950 2.765901706 0.734317591
604537 4537.000000 17758100004537000 0.234514967 -0.043487478 2.796307867 0.738476261
604538 4538.000000 17758100004538000 0.237873957 -0.041374623 2.822180089 0.746317458
604539 4539.000000 17758100004539000 0.241211176 -0.038029054 2.845264665 0.732699217
604540 4540.000000 17758100004540000 0.244526103 -0.035099324 2.863489635 0.702278272
604541 4541.000000 17758100004541000 0.247818202 -0.032347185 2.887938941 0.677288065
604542 4542.000000 17758100004542000 0.251086950 -0.029305063 2.904491781 0.653266727
604543 4543.000000 17758100004543000 0.254331857 -0.026678565 2.927797640 0.659521479
604544 4544.000000 17758100004544000 0.257552385 -0.023460376 2.939297134 0.656304033
604545 4545.000000 17758100004545000 0.260748029 -0.021003033 2.968616528 0.644451199
604546 4546.000000 17758100004546000 0.263918310 -0.017847901 2.982742881 0.610249797
604547 4547.000000 17758100004547000 0.267062694 -0.014626829 2.995923655 0.626010285
604548 4548.000000 17758100004548000 0.270180672 -0.011910710 3.020037636 0.592336538
604549 4549.000000 17758100004549000 0.273271799 -0.008624002 3.037021682 0.571840976
604550 4550.000000 17758100004550000 0.276335567 -0.005459675 3.052216465 0.586813489
604551 4551.000000 17758100004551000 0.279371500 -0.002600050 3.069038615 0.557848975
604552 4552.000000 17758100004552000 0.282379091 0.000628217 3.083402698 0.485081077
604553 4553.000000 17758100004553000 0.285357893 0.003877320 3.092784697 0.522943299
604554 4554.000000 17758100004554000 0.288307399 0.006430117 3.114964486 0.487820241
604555 4555.000000 17758100004555000 0.291227192 0.009469595 3.133478319 0.496498891
604556 4556.000000 17758100004556000 0.294116795 0.012706406 3.159485187 0.488622923
604557 4557.000000 17758100004557000 0.296975732 0.016242939 3.159772316 0.441470227
604558 4558.000000 17758100004558000 0.299803555 0.019334465 3.176790687 0.402234364
604559 4559.000000 17758100004559000 0.302599847 0.022546670 3.186223863 0.413721629
604560 4560.000000 17758100004560000 0.305364132 0.025513774 3.196850149 0.429782343
604561 4561.000000 17758100004561000 0.308095992 0.029133862 3.208883210 0.365084925
604562 4562.000000 17758100004562000 0.310794979 0.032018215 3.212352472 0.361458780
604563 4563.000000 17758100004563000 0.313460708 0.035531678 3.226134386 0.333407660
604564 4564.000000 17758100004564000 0.316092700 0.038480116 3.244264660 0.376454910
604565 4565.000000 17758100004565000 0.318690598 0.041792610 3.262087387 0.327589359
604566 4566.000000 17758100004566000 0.321253926 0.045164958 3.259052723 0.334495045
604567 4567.000000 17758100004567000 0.323782355 0.048315165 3.273165715 0.277021158
604568 4568.000000 17758100004568000 0.326275408 0.051704710 3.270847101 0.295427629
604569 4569.000000 17758100004569000 0.328732759 0.054956620 3.285079203 0.301983296
604570 4570.000000 17758100004570000 0.331153959 0.058298951 3.298099463 0.241671986
604571 4571.000000 17758100004571000 0.333538681 0.061484619 3.297886567 0.263582266
604572 4572.000000 17758100004572000 0.335886538 0.064525359 3.307800480 0.209800781
604573 4573.000000 17758100004573000 0.338197112 0.068026277 3.312979889 0.241914451
604574 4574.000000 17758100004574000 0.340470105 0.071634286 3.321031441 0.221271497
604575 4575.000000 17758100004575000 0.342705101 0.074633124 3.318314479 0.140707469
604576 4576.000000 17758100004576000 0.344901770 0.078369216 3.323288056 0.163471179
604577 4577.000000 17758100004577000 0.347059786 0.081748448 3.318537249 0.172334120
604578 4578.000000 17758100004578000 0.349178761 0.084967582 3.324346496 0.137029470
604579 4579.000000 17758100004579000 0.351258427 0.088037803 3.332539299 0.121688323
604580 4580.000000 17758100004580000 0.353298366 0.091658517 3.334515972 0.092764992
604581 4581.000000 17758100004581000 0.355298340 0.094850429 3.327663046 0.097292217
604582 4582.000000 17758100004582000 0.357257992 0.098359703 3.343696074 0.078769625
604583 4583.000000 17758100004583000 0.359177023 0.101739274 3.337749886 0.063635164
604584 4584.000000 17758100004584000 0.361055136 0.104966292 3.338519231 0.053328908
604585 4585.000000 17758100004585000 0.362892002 0.108032944 3.336661910 0.035420389
604586 4586.000000 17758100004586000 0.364687353 0.111779664 3.339099256 0.025256272
604587 4587.000000 17758100004587000 0.366440922 0.115131892 3.336612294 -0.019312878
604588 4588.000000 17758100004588000 0.368152440 0.118084700 3.337213559 -0.008672404
604589 4589.000000 17758100004589000 0.369821578 0.121369169 3.317699787 -0.057981497
604590 4590.000000 17758100004590000 0.371448129 0.124756856 3.329699498 -0.092187077
604591 4591.000000 17758100004591000 0.373031795 0.128340341 3.328225986 -0.041355978
604592 4592.000000 17758100004592000 0.374572366 0.131519637 3.314716967 -0.076504149
604593 4593.000000 17758100004593000 0.376069546 0.135051104 3.306901474 -0.130555191
604594 4594.000000 17758100004594000 0.377523154 0.137808778 3.312369601 -0.110770241
604595 4595.000000 17758100004595000 0.378932953 0.141299621 3.301773069 -0.153936759
604596 4596.000000 17758100004596000 0.380298674 0.144668926 3.286652513 -0.141426254
604597 4597.000000 17758100004597000 0.381620169 0.147799116 3.286716644 -0.111981673
604598 4598.000000 17758100004598000 0.382897168 0.151239797 3.281278117 -0.193299559
604599 4599.000000 17758100004599000 0.384129494 0.154272545 3.274235497 -0.176569908
604600 4600.000000 17758100004600000 0.385316968 0.157563308 3.252895731 -0.210970918
604601 4601.000000 17758100004601000 0.386459351 0.161021333 3.245443155 -0.274293073
604602 4602.000000 17758100004602000 0.387556523 0.164166204 3.241556967 -0.254391280
604603 4603.000000 17758100004603000 0.388608307 0.167636749 3.235931464 -0.233852746
604604 4604.000000 17758100004604000 0.389614493 0.170678076 3.217734211 -0.249078886
604605 4605.000000 17758100004605000 0.390574962 0.173858748 3.220228809 -0.270820095
604606 4606.000000 17758100004606000 0.391489506 0.177082867 3.193413027 -0.282401197
604607 4607.000000 17758100004607000 0.392358065 0.180466282 3.195397326 -0.351916153
604608 4608.000000 17758100004608000 0.393180430 0.183796737 3.173767100 -0.338793509
604609 4609.000000 17758100004609000 0.393956512 0.186722660 3.159501104 -0.328178349
604610 4610.000000 17758100004610000 0.394686162 0.189658114 3.148714422 -0.403927549
604611 4611.000000 17758100004611000 0.395369291 0.192739880 3.131913616 -0.370748698
604612 4612.000000 17758100004612000 0.396005780 0.196013826 3.122849212 -0.365128645
604613 4613.000000 17758100004613000 0.396595538 0.198844477 3.114220115 -0.402679767
604614 4614.000000 17758100004614000 0.397138417 0.201850496 3.088126436 -0.445435625
604615 4615.000000 17758100004615000 0.397634417 0.205622110 3.074190079 -0.404457951
604616 4616.000000 17758100004616000 0.398083389 0.208480034 3.057040339 -0.460213097
604617 4617.000000 17758100004617000 0.398485303 0.211301358 3.042636505 -0.484158625
604618 4618.000000 17758100004618000 0.398840070 0.214323565 3.023153239 -0.463677662
604619 4619.000000 17758100004619000 0.399147660 0.216975059 3.003741370 -0.481943292
604620 4620.000000 17758100004620000 0.399408013 0.220337924 2.983799459 -0.538513976
604621 4621.000000 17758100004621000 0.399621099 0.223086127 2.967535799 -0.535296800
604622 4622.000000 17758100004622000 0.399786830 0.226283793 2.939305338 -0.556150056
604623 4623.000000 17758100004623000 0.399905264 0.229177362 2.935019752 -0.547131336
604624 4624.000000 17758100004624000 0.399976313 0.232196314 2.904888467 -0.553274098
604625 4625.000000 17758100004625000 0.400000006 0.234873376 2.896352045 -0.555095297
604626 4626.000000 17758100004626000 0.399976313 0.238002919 2.860746404 -0.601291638
604627 4627.000000 17758100004627000 0.399905264 0.240583834 2.847712532 -0.613817498
604628 4628.000000 17758100004628000 0.399786830 0.243737904 2.821943701 -0.603344212
604629 4629.000000 17758100004629000 0.399621099 0.246773754 2.804365320 -0.647375020
604630 4630.000000 17758100004630000 0.399408013 0.249106233 2.766285415 -0.625001255
604631 4631.000000 17758100004631000 0.399147660 0.251957554 2.747503254 -0.665492764
604632 4632.000000 17758100004632000 0.398840070 0.254188573 2.721803156 -0.673085082
604633 4633.000000 17758100004633000 0.398485303 0.257247947 2.701707504 -0.680341846
604634 4634.000000 17758100004634000 0.398083389 0.260023352 2.678896532 -0.708893894
604635 4635.000000 17758100004635000 0.397634417 0.262551700 2.645737010 -0.747579189
604636 4636.000000 17758100004636000 0.397138417 0.264866262 2.629570342 -0.736669838
604637 4637.000000 17758100004637000 0.396595538 0.268105676 2.596836848 -0.742404463
604638 4638.000000 17758100004638000 0.396005780 0.270169732 2.571658813 -0.794038396
604639 4639.000000 17758100004639000 0.395369291 0.273194433 2.551749495 -0.788972651
604640 4640.000000 17758100004640000 0.394686162 0.275564740 2.517543125 -0.765310302
604641 4641.000000 17758100004641000 0.393956512 0.277969972 2.486590244 -0.776177926
604642 4642.000000 17758100004642000 0.393180430 0.280257704 2.471031939 -0.768659208
604643 4643.000000 17758100004643000 0.392358065 0.282959258 2.431321326 -0.817000314
604644 4644.000000 17758100004644000 0.391489506 0.285021938 2.398494088 -0.827275728
604645 4645.000000 17758100004645000 0.390574962 0.287536154 2.368440294 -0.837917532
604646 4646.000000 17758100004646000 0.389614493 0.290057949 2.351067267 -0.851048700
604647 4647.000000 17758100004647000 0.388608307 0.292541964 2.312429074 -0.814206137
604648 4648.000000 17758100004648000 0.387556523 0.294617676 2.285230763 -0.892859234
604649 4649.000000 17758100004649000 0.386459351 0.297133291 2.249684897 -0.929355914
604650 4650.000000 17758100004650000 0.385316968 0.299013264 2.226646770 -0.945050510
604651 4651.000000 17758100004651000 0.384129494 0.301113945 2.196448610 -0.931822074
604652 4652.000000 17758100004652000 0.382897168 0.303292785 2.160432756 -0.893058668
604653 4653.000000 17758100004653000 0.381620169 0.305609304 2.131465425 -0.912057088
604654 4654.000000 17758100004654000 0.380298674 0.308044554 2.100969566 -0.977644892
604655 4655.000000 17758100004655000 0.378932953 0.309518356 2.065655040 -0.966650911
604656 4656.000000 17758100004656000 0.377523154 0.311781685 2.041464401 -0.973619135
604657 4657.000000 17758100004657000 0.376069546 0.313670498 1.997553898 -0.978631017
604658 4658.000000 17758100004658000 0.374572366 0.315199744 1.969281625 -0.967384759
604659 4659.000000 17758100004659000 0.373031795 0.317455418 1.931751595 -0.994862935
604660 4660.000000 17758100004660000 0.371448129 0.319247190 1.890573774 -1.005155909
604661 4661.000000 17758100004661000 0.369821578 0.321511491 1.860398048 -0.983169278
604662 4662.000000 17758100004662000 0.368152440 0.323050472 1.829705987 -1.004649787
604663 4663.000000 17758100004663000 0.366440922 0.325015405 1.792395552 -1.038062790
604664 4664.000000 17758100004664000 0.364687353 0.326501457 1.758973411 -1.054896283
604665 4665.000000 17758100004665000 0.362892002 0.328505581 1.712765944 -1.061322321
604666 4666.000000 17758100004666000 0.361055136 0.330120324 1.684427672 -1.045429465
604667 4667.000000 17758100004667000 0.359177023 0.331597887 1.645167376 -1.054214621
604668 4668.000000 17758100004668000 0.357257992 0.333858179 1.603356978 -1.049403748
604669 4669.000000 17758100004669000 0.355298340 0.335081310 1.568801033 -1.049646578
604670 4670.000000 17758100004670000 0.353298366 0.336588615 1.529237606 -1.078145804
604671 4671.000000 17758100004671000 0.351258427 0.338251623 1.504613286 -1.095244953
604672 4672.000000 17758100004672000 0.349178761 0.339329809 1.456768126 -1.092839515
604673 4673.000000 17758100004673000 0.347059786 0.340811730 1.427060362 -1.126048107
604674 4674.000000 17758100004674000 0.344901770 0.342391865 1.390615329 -1.136616255
604675 4675.000000 17758100004675000 0.342705101 0.343668760 1.355809954 -1.110106905
604676 4676.000000 17758100004676000 0.340470105 0.344989188 1.308700858 -1.146977920
604677 4677.000000 17758100004677000 0.338197112 0.346471425 1.263894307 -1.164202569
604678 4678.000000 17758100004678000 0.335886538 0.347620597 1.226887025 -1.139541464
604679 4679.000000 17758100004679000 0.333538681 0.348501135 1.196480714 -1.147390900
604680 4680.000000 17758100004680000 0.331153959 0.349668606 1.149914611 -1.138590867
604681 4681.000000 17758100004681000 0.328732759 0.350785502 1.109467287 -1.162322144
604682 4682.000000 17758100004682000 0.326275408 0.352085014 1.072011225 -1.213040140
604683 4683.000000 17758100004683000 0.323782355 0.352847209 1.035563003 -1.184220452
604684 4684.000000 17758100004684000 0.321253926 0.354121425 0.991966397 -1.190675163
604685 4685.000000 17758100004685000 0.318690598 0.355185161 0.955220024 -1.186455621
604686 4686.000000 17758100004686000 0.316092700 0.355908053 0.908979647 -1.175213835
604687 4687.000000 17758100004687000 0.313460708 0.356861254 0.870325432 -1.204545466
604688 4688.000000 17758100004688000 0.310794979 0.357851279 0.838158337 -1.214880503
604689 4689.000000 17758100004689000 0.308095992 0.358272874 0.794617568 -1.205593729
604690 4690.000000 17758100004690000 0.305364132 0.358844240 0.752657807 -1.194636242
604691 4691.000000 17758100004691000 0.302599847 0.359914047 0.709850706 -1.187365263
604692 4692.000000 17758100004692000 0.299803555 0.360178677 0.676231163 -1.203944473
604693 4693.000000 17758100004693000 0.296975732 0.361108680 0.635808470 -1.211079112
604694 4694.000000 17758100004694000 0.294116795 0.361865009 0.593916595 -1.193296512
604695 4695.000000 17758100004695000 0.291227192 0.362269038 0.551713604 -1.235213166
604696 4696.000000 17758100004696000 0.288307399 0.362794482 0.505534326 -1.254454367
604697 4697.000000 17758100004697000 0.285357893 0.362823241 0.465219989 -1.238228498
604698 4698.000000 17758100004698000 0.282379091 0.363375494 0.425943330 -1.247636412
604699 4699.000000 17758100004699000 0.279371500 0.363588781 0.376261212 -1.224552880
604700 4700.000000 17758100004700000 0.276335567 0.364501969 0.336317834 -1.261684178
604701 4701.000000 17758100004701000 0.273271799 0.364800037 0.293241856 -1.245937584
604702 4702.000000 17758100004702000 0.270180672 0.364943587 0.256237695 -1.248742118
604703 4703.000000 17758100004703000 0.267062694 0.365437052 0.205801969 -1.232298478
604704 4704.000000 17758100004704000 0.263918310 0.365365097 0.175832858 -1.251393978
604705 4705.000000 17758100004705000 0.260748029 0.365585558 0.130367775 -1.261195503
604706 4706.000000 17758100004706000 0.257552385 0.365786982 0.083233666 -1.274740404
604707 4707.000000 17758100004707000 0.254331857 0.365663929 0.041130786 -1.281939336
604708 4708.000000 17758100004708000 0.251086950 0.365277551 -0.000581499 -1.240320065
604709 4709.000000 17758100004709000 0.247818202 0.365110407 -0.041924114 -1.226930470
604710 4710.000000 17758100004710000 0.244526103 0.365250415 -0.085828795 -1.263449878
604711 4711.000000 17758100004711000 0.241211176 0.365453322 -0.136608600 -1.254128554
604712 4712.000000 17758100004712000 0.237873957 0.365151532 -0.163153535 -1.242459845
604713 4713.000000 17758100004713000 0.234514967 0.364706475 -0.197200887 -1.236404752
604714 4714.000000 17758100004714000 0.231134728 0.364648338 -0.250891563 -1.272723801
604715 4715.000000 17758100004715000 0.227733791 0.364371365 -0.288989811 -1.253768694
604716 4716.000000 17758100004716000 0.224312678 0.364086491 -0.339267643 -1.260739039
604717 4717.000000 17758100004717000 0.220871925 0.363462493 -0.372849243 -1.259946645
604718 4718.000000 17758100004718000 0.217412099 0.363293250 -0.416220829 -1.258883259
604719 4719.000000 17758100004719000 0.213933736 0.362791748 -0.462266313 -1.248860149
604720 4720.000000 17758100004720000 0.210437372 0.362271270 -0.494232173 -1.247654567
604721 4721.000000 17758100004721000 0.206923559 0.361896304 -0.536225877 -1.235662602
604722 4722.000000 17758100004722000 0.203392878 0.361145379 -0.590106670 -1.269914399
604723 4723.000000 17758100004723000 0.199845865 0.360567310 -0.621849512 -1.217358049
604724 4724.000000 17758100004724000 0.196283087 0.360068075 -0.666324160 -1.242503381
604725 4725.000000 17758100004725000 0.192705095 0.359145616 -0.702162208 -1.244632879
604726 4726.000000 17758100004726000 0.189112470 0.358668146 -0.749773728 -1.247646183
604727 4727.000000 17758100004727000 0.185505778 0.357705326 -0.787155796 -1.207660690
604728 4728.000000 17758100004728000 0.181885585 0.356668441 -0.828882465 -1.244783389
604729 4729.000000 17758100004729000 0.178252459 0.356077339 -0.872225715 -1.232452976
604730 4730.000000 17758100004730000 0.174606964 0.354972148 -0.907060737 -1.220602355
604731 4731.000000 17758100004731000 0.170949697 0.353759620 -0.947576983 -1.197515484
604732 4732.000000 17758100004732000 0.167281225 0.353360704 -0.994925691 -1.207010234
604733 4733.000000 17758100004733000 0.163602129 0.352120052 -1.032243701 -1.222261213
604734 4734.000000 17758100004734000 0.159912989 0.351050517 -1.068982282 -1.217230175
604735 4735.000000 17758100004735000 0.156214401 0.349972278 -1.110530213 -1.226253800
604736 4736.000000 17758100004736000 0.152506918 0.349054230 -1.152589639 -1.182599840
604737 4737.000000 17758100004737000 0.148791149 0.347720570 -1.192924395 -1.204319202
604738 4738.000000 17758100004738000 0.145067677 0.346827374 -1.231240978 -1.155649171
604739 4739.000000 17758100004739000 0.141337082 0.345261372 -1.268866534 -1.193294892
604740 4740.000000 17758100004740000 0.137599975 0.343709892 -1.298692797 -1.182186316
604741 4741.000000 17758100004741000 0.133856922 0.342455823 -1.340196483 -1.169679801
604742 4742.000000 17758100004742000 0.130108520 0.341221811 -1.395343041 -1.161142645
604743 4743.000000 17758100004743000 0.126355365 0.339623196 -1.428455409 -1.162731582
604744 4744.000000 17758100004744000 0.122598045 0.338199493 -1.459504605 -1.144550524
604745 4745.000000 17758100004745000 0.118837155 0.336581846 -1.495471240 -1.133281387
604746 4746.000000 17758100004746000 0.115073293 0.335278167 -1.527377787 -1.140426918
604747 4747.000000 17758100004747000 0.111307055 0.333867162 -1.573230314 -1.137483474
604748 4748.000000 17758100004748000 0.107539028 0.331975566 -1.611545138 -1.127482517
604749 4749.000000 17758100004749000 0.103769809 0.330235216 -1.646274126 -1.143875501
604750 4750.000000 17758100004750000 0.100000001 0.328842369 -1.680264747 -1.152167545
604751 4751.000000 17758100004751000 0.096230187 0.326865428 -1.720622417 -1.092562865
604752 4752.000000 17758100004752000 0.092460975 0.325209257 -1.742126633 -1.094085928
604753 4753.000000 17758100004753000 0.088692948 0.323467659 -1.782328234 -1.083545484
604754 4754.000000 17758100004754000 0.084926702 0.321885159 -1.813187898 -1.082306401
604755 4755.000000 17758100004755000 0.081162848 0.319644029 -1.860363921 -1.102318579
604756 4756.000000 17758100004756000 0.077401958 0.317865029 -1.887239792 -1.069246633
604757 4757.000000 17758100004757000 0.073644638 0.315754244 -1.915026008 -1.043428333
604758 4758.000000 17758100004758000 0.069891483 0.314302932 -1.956537098 -1.057009725
604759 4759.000000 17758100004759000 0.066143088 0.312143115 -1.996950730 -1.043071837
604760 4760.000000 17758100004760000 0.062400028 0.310112986 -2.029013615 -1.034180194
604761 4761.000000 17758100004761000 0.058662914 0.307723157 -2.051976500 -1.030798796
604762 4762.000000 17758100004762000 0.054932322 0.305836141 -2.097483352 -1.013594391
604763 4763.000000 17758100004763000 0.051208850 0.303604615 -2.123797677 -1.007884404
604764 4764.000000 17758100004764000 0.047493082 0.301761407 -2.159405515 -0.994938434
604765 4765.000000 17758100004765000 0.043785606 0.299582286 -2.189527092 -0.978675318
604766 4766.000000 17758100004766000 0.040087007 0.297413723 -2.221647517 -0.990875074
604767 4767.000000 17758100004767000 0.036397867 0.294858372 -2.245771873 -1.006508554
604768 4768.000000 17758100004768000 0.032718770 0.292542265 -2.280108693 -0.940260828
604769 4769.000000 17758100004769000 0.029050302 0.290539167 -2.315335912 -0.970918983
604770 4770.000000 17758100004770000 0.025393033 0.287750463 -2.350159343 -0.910639260
604771 4771.000000 17758100004771000 0.021747548 0.285609044 -2.374103602 -0.912039710
604772 4772.000000 17758100004772000 0.018114420 0.282988473 -2.404795416 -0.898381506
604773 4773.000000 17758100004773000 0.014494222 0.280224086 -2.417810754 -0.923345608
604774 4774.000000 17758100004774000 0.010887526 0.278149178 -2.452735636 -0.875586607
604775 4775.000000 17758100004775000 0.007294902 0.275890722 -2.495781304 -0.880799678
604776 4776.000000 17758100004776000 0.003716917 0.273014773 -2.521242743 -0.875993530
604777 4777.000000 17758100004777000 0.000154137 0.270868356 -2.540876130 -0.876605479
604778 4778.000000 17758100004778000 -0.003392877 0.267754376 -2.572979293 -0.855140328
604779 4779.000000 17758100004779000 -0.006923564 0.265739235 -2.595541347 -0.858829864
604780 4780.000000 17758100004780000 -0.010437366 0.262884832 -2.621798941 -0.788576357
604781 4781.000000 17758100004781000 -0.013933728 0.259958284 -2.650731369 -0.808643428
604782 4782.000000 17758100004782000 -0.017412100 0.257602033 -2.677027357 -0.781033668
604783 4783.000000 17758100004783000 -0.020871930 0.254742940 -2.695416913 -0.806904315
604784 4784.000000 17758100004784000 -0.024312675 0.252162069 -2.720777083 -0.767262968
604785 4785.000000 17758100004785000 -0.027733788 0.249596099 -2.739551666 -0.740885299
604786 4786.000000 17758100004786000 -0.031134730 0.246447011 -2.774742741 -0.756647245
604787 4787.000000 17758100004787000 -0.034514964 0.243689262 -2.793063481 -0.717950198
604788 4788.000000 17758100004788000 -0.037873957 0.240735541 -2.807275385 -0.756327098
604789 4789.000000 17758100004789000 -0.041211180 0.237860470 -2.839907399 -0.705240453
604790 4790.000000 17758100004790000 -0.044526104 0.235158376 -2.859508053 -0.707118379
604791 4791.000000 17758100004791000 -0.047818203 0.232558868 -2.884030806 -0.717484174
604792 4792.000000 17758100004792000 -0.051086962 0.229353786 -2.901216416 -0.691922888
604793 4793.000000 17758100004793000 -0.054331861 0.226748989 -2.925498277 -0.643731398
604794 4794.000000 17758100004794000 -0.057552390 0.223625412 -2.949337902 -0.680436928
604795 4795.000000 17758100004795000 -0.060748037 0.220446148 -2.970278021 -0.609170208
604796 4796.000000 17758100004796000 -0.063918307 0.217661368 -2.980986357 -0.650810949
604797 4797.000000 17758100004797000 -0.067062683 0.214569209 -3.003279143 -0.591001482
604798 4798.000000 17758100004798000 -0.070180684 0.211681027 -3.025201207 -0.596292544
604799 4799.000000 17758100004799000 -0.073271811 0.208758188 -3.046398444 -0.615058123
604800 4800.000000 17758100004800000 -0.076335579 0.205549470 -3.058580700 -0.595353771
604801 4801.000000 17758100004801000 -0.079371497 0.202517062 -3.078877994 -0.540148422
604802 4802.000000 17758100004802000 -0.082379088 0.199264981 -3.084814628 -0.530325292
604803 4803.000000 17758100004803000 -0.085357882 0.196905909 -3.099477087 -0.522831175
604804 4804.000000 17758100004804000 -0.088307410 0.193368015 -3.120279907 -0.525725511
604805 4805.000000 17758100004805000 -0.091227196 0.190156207 -3.129686136 -0.485038805
604806 4806.000000 17758100004806000 -0.094116792 0.187054270 -3.153482744 -0.480597852
604807 4807.000000 17758100004807000 -0.096975729 0.183546945 -3.163894757 -0.479964518
604808 4808.000000 17758100004808000 -0.099803559 0.180943173 -3.170904607 -0.461040962
604809 4809.000000 17758100004809000 -0.102599844 0.177451488 -3.177245540 -0.444255647
604810 4810.000000 17758100004810000 -0.105364129 0.174281153 -3.198337339 -0.384735287
604811 4811.000000 17758100004811000 -0.108095989 0.171373195 -3.210857204 -0.391003452
604812 4812.000000 17758100004812000 -0.110794991 0.167814606 -3.211564216 -0.374028519
604813 4813.000000 17758100004813000 -0.113460705 0.164476852 -3.229829359 -0.333674068
604814 4814.000000 17758100004814000 -0.116092704 0.161329001 -3.251724188 -0.356230855
604815 4815.000000 17758100004815000 -0.118690588 0.158088640 -3.242749510 -0.324783575
604816 4816.000000 17758100004816000 -0.121253937 0.154737529 -3.268400909 -0.348638112
604817 4817.000000 17758100004817000 -0.123782344 0.151762922 -3.266942274 -0.301393267
604818 4818.000000 17758100004818000 -0.126275420 0.148470295 -3.274398336 -0.295514975
604819 4819.000000 17758100004819000 -0.128732756 0.144919437 -3.293862359 -0.283441135
604820 4820.000000 17758100004820000 -0.131153971 0.141591521 -3.293455027 -0.260075132
604821 4821.000000 17758100004821000 -0.133538693 0.138431374 -3.307629412 -0.269673067
604822 4822.000000 17758100004822000 -0.135886535 0.135440137 -3.302499912 -0.230667036
604823 4823.000000 17758100004823000 -0.138197124 0.131294385 -3.303906860 -0.201153375
604824 4824.000000 17758100004824000 -0.140470102 0.128336587 -3.315898990 -0.187014800
604825 4825.000000 17758100004825000 -0.142705098 0.125085636 -3.318220303 -0.187693441
604826 4826.000000 17758100004826000 -0.144901782 0.121563413 -3.323584972 -0.135851687
604827 4827.000000 17758100004827000 -0.147059783 0.118342077 -3.325329016 -0.172008618
604828 4828.000000 17758100004828000 -0.149178773 0.114993203 -3.340090583 -0.123618007
604829 4829.000000 17758100004829000 -0.151258409 0.111826607 -3.339757893 -0.109753518
604830 4830.000000 17758100004830000 -0.153298378 0.108258976 -3.331075852 -0.117998441
604831 4831.000000 17758100004831000 -0.155298337 0.105028399 -3.323956149 -0.078314592
604832 4832.000000 17758100004832000 -0.157258004 0.101496871 -3.337179097 -0.066756010
604833 4833.000000 17758100004833000 -0.159177020 0.098531720 -3.340950394 -0.096326508
604834 4834.000000 17758100004834000 -0.161055133 0.095246262 -3.333971646 -0.037854400
604835 4835.000000 17758100004835000 -0.162891999 0.091590328 -3.333664595 -0.020751890
604836 4836.000000 17758100004836000 -0.164687365 0.088244568 -3.342425636 -0.001220957
604837 4837.000000 17758100004837000 -0.166440934 0.084784532 -3.327779596 0.031210565
604838 4838.000000 17758100004838000 -0.168152422 0.081808246 -3.329994863 -0.003067058
604839 4839.000000 17758100004839000 -0.169821575 0.078746616 -3.326866043 0.075011796
604840 4840.000000 17758100004840000 -0.171448112 0.075224418 -3.328601772 0.073142682
604841 4841.000000 17758100004841000 -0.173031792 0.071821333 -3.320253661 0.081394894
604842 4842.000000 17758100004842000 -0.174572349 0.068375537 -3.310171020 0.082741644
604843 4843.000000 17758100004843000 -0.176069558 0.065135278 -3.305011887 0.100489311
604844 4844.000000 17758100004844000 -0.177523166 0.061760065 -3.301313453 0.112086246
604845 4845.000000 17758100004845000 -0.178932950 0.058841118 -3.309155589 0.175304272
604846 4846.000000 17758100004846000 -0.180298686 0.055578294 -3.294673129 0.121687235
604847 4847.000000 17758100004847000 -0.181620151 0.052012131 -3.284543636 0.150231051
604848 4848.000000 17758100004848000 -0.182897165 0.048777002 -3.289089499 0.195628992
604849 4849.000000 17758100004849000 -0.184129491 0.045070313 -3.266738472 0.211458454
604850 4850.000000 17758100004850000 -0.185316950 0.042196477 -3.264146418 0.211563686
604851 4851.000000 17758100004851000 -0.186459363 0.039200604 -3.248616120 0.245354531
604852 4852.000000 17758100004852000 -0.187556535 0.035825025 -3.243067905 0.249303519
604853 4853.000000 17758100004853000 -0.188608304 0.032276613 -3.233281809 0.258714094
604854 4854.000000 17758100004854000 -0.189614490 0.029416052 -3.224244242 0.282630606
604855 4855.000000 17758100004855000 -0.190574944 0.025984222 -3.218622787 0.283684202
604856 4856.000000 17758100004856000 -0.191489518 0.022875355 -3.204005936 0.305480088
604857 4857.000000 17758100004857000 -0.192358062 0.019604948 -3.189074681 0.309258272
604858 4858.000000 17758100004858000 -0.193180442 0.016403313 -3.180179129 0.320023758
604859 4859.000000 17758100004859000 -0.193956509 0.013452891 -3.159562159 0.365269573
604860 4860.000000 17758100004860000 -0.194686174 0.010187797 -3.154102570 0.347887148
604861 4861.000000 17758100004861000 -0.195369303 0.006910828 -3.142119361 0.372602625
604862 4862.000000 17758100004862000 -0.196005777 0.003861766 -3.122042960 0.360327728
604863 4863.000000 17758100004863000 -0.196595520 0.000870316 -3.104257792 0.408906918
604864 4864.000000 17758100004864000 -0.197138429 -0.002104382 -3.081748911 0.428186677
604865 4865.000000 17758100004865000 -0.197634414 -0.005616334 -3.068837042 0.441693611
604866 4866.000000 17758100004866000 -0.198083386 -0.008438214 -3.061057639 0.470616449
604867 4867.000000 17758100004867000 -0.198485300 -0.011563919 -3.040208876 0.462013644
604868 4868.000000 17758100004868000 -0.198840082 -0.014252619 -3.020050423 0.470255307
604869 4869.000000 17758100004869000 -0.199147671 -0.017588369 -3.004256322 0.543057131
604870 4870.000000 17758100004870000 -0.199408025 -0.020243494 -2.987508605 0.486868054
604871 4871.000000 17758100004871000 -0.199621081 -0.023038956 -2.962899301 0.503111137
604872 4872.000000 17758100004872000 -0.199786842 -0.026247810 -2.937467759 0.530054523
604873 4873.000000 17758100004873000 -0.199905261 -0.029153212 -2.924279655 0.534299485
604874 4874.000000 17758100004874000 -0.199976310 -0.032181245 -2.909085975 0.566069241
604875 4875.000000 17758100004875000 -0.200000003 -0.034698920 -2.882877905 0.587139430
604876 4876.000000 17758100004876000 -0.199976310 -0.037406838 -2.855992390 0.598278123
604877 4877.000000 17758100004877000 -0.199905261 -0.040647936 -2.836898920 0.625205543
604878 4878.000000 17758100004878000 -0.199786842 -0.043641974 -2.817837877 0.601954636
604879 4879.000000 17758100004879000 -0.199621081 -0.046494933 -2.796267583 0.631013710
604880 4880.000000 17758100004880000 -0.199408025 -0.048720380 -2.779096264 0.703781797
604881 4881.000000 17758100004881000 -0.199147671 -0.052195641 -2.743491456 0.621636725
604882 4882.000000 17758100004882000 -0.198840082 -0.054302847 -2.719980674 0.672517652
604883 4883.000000 17758100004883000 -0.198485300 -0.057187632 -2.708894222 0.666022445
604884 4884.000000 17758100004884000 -0.198083386 -0.060264169 -2.680600850 0.708957882
604885 4885.000000 17758100004885000 -0.197634414 -0.063041737 -2.648839631 0.698894221
604886 4886.000000 17758100004886000 -0.197138429 -0.065643233 -2.632349375 0.738801658
604887 4887.000000 17758100004887000 -0.196595520 -0.067766834 -2.597231004 0.736308399
604888 4888.000000 17758100004888000 -0.196005777 -0.070549093 -2.565933275 0.779000439
604889 4889.000000 17758100004889000 -0.195369303 -0.072958553 -2.539005112 0.760166132
604890 4890.000000 17758100004890000 -0.194686174 -0.075467042 -2.512004675 0.821200854
604891 4891.000000 17758100004891000 -0.193956509 -0.077860871 -2.496174278 0.799576362
604892 4892.000000 17758100004892000 -0.193180442 -0.080716177 -2.467857990 0.795499012
604893 4893.000000 17758100004893000 -0.192358062 -0.082981387 -2.435409860 0.833814698
604894 4894.000000 17758100004894000 -0.191489518 -0.085512745 -2.411631963 0.834710412
604895 4895.000000 17758100004895000 -0.190574944 -0.087813351 -2.374909649 0.847506880
604896 4896.000000 17758100004896000 -0.189614490 -0.090015277 -2.350078971 0.849829402
604897 4897.000000 17758100004897000 -0.188608304 -0.092388524 -2.318530061 0.857871634
604898 4898.000000 17758100004898000 -0.187556535 -0.094713041 -2.294877384 0.873029523
604899 4899.000000 17758100004899000 -0.186459363 -0.096901764 -2.251855317 0.886388644
604900 4900.000000 17758100004900000 -0.185316950 -0.098898856 -2.224569749 0.868465869
604901 4901.000000 17758100004901000 -0.184129491 -0.101089364 -2.195478041 0.922718666
604902 4902.000000 17758100004902000 -0.182897165 -0.103354182 -2.164802054 0.951328919
604903 4903.000000 17758100004903000 -0.181620151 -0.105522473 -2.132846006 0.944665945
604904 4904.000000 17758100004904000 -0.180298686 -0.107633859 -2.100567473 0.926531932
604905 4905.000000 17758100004905000 -0.178932950 -0.109495686 -2.061980492 0.952354554
604906 4906.000000 17758100004906000 -0.177523166 -0.111592867 -2.036056344 0.965493301
604907 4907.000000 17758100004907000 -0.176069558 -0.114009401 -1.999177389 0.960326856
604908 4908.000000 17758100004908000 -0.174572349 -0.115903660 -1.961152028 0.998145453
604909 4909.000000 17758100004909000 -0.173031792 -0.117731919 -1.935642492 1.005919770
604910 4910.000000 17758100004910000 -0.171448112 -0.119697512 -1.902621931 1.012973144
604911 4911.000000 17758100004911000 -0.169821575 -0.121749754 -1.866707338 1.025790943
604912 4912.000000 17758100004912000 -0.168152422 -0.123073472 -1.823124061 0.998398336
604913 4913.000000 17758100004913000 -0.166440934 -0.124786937 -1.781371645 1.054824432
604914 4914.000000 17758100004914000 -0.164687365 -0.126713720 -1.749456425 1.044227658
604915 4915.000000 17758100004915000 -0.162891999 -0.128562715 -1.722456718 1.052162076
604916 4916.000000 17758100004916000 -0.161055133 -0.130289070 -1.682967770 1.026398341
604917 4917.000000 17758100004917000 -0.159177020 -0.131600915 -1.643013244 1.042118488
604918 4918.000000 17758100004918000 -0.157258004 -0.133657032 -1.607677904 1.068505847
604919 4919.000000 17758100004919000 -0.155298337 -0.135077933 -1.579702301 1.058242000
604920 4920.000000 17758100004920000 -0.153298378 -0.136664375 -1.535710273 1.125786972
604921 4921.000000 17758100004921000 -0.151258409 -0.137739469 -1.511628840 1.135124251
604922 4922.000000 17758100004922000 -0.149178773 -0.139495743 -1.453540885 1.112734667
604923 4923.000000 17758100004923000 -0.147059783 -0.140957694 -1.424623854 1.115661722
604924 4924.000000 17758100004924000 -0.144901782 -0.141976479 -1.394907321 1.063771249
604925 4925.000000 17758100004925000 -0.142705098 -0.143776771 -1.353465137 1.136448765
604926 4926.000000 17758100004926000 -0.140470102 -0.145454969 -1.313959973 1.140800633
604927 4927.000000 17758100004927000 -0.138197124 -0.146273497 -1.265455519 1.177564241
604928 4928.000000 17758100004928000 -0.135886535 -0.147470726 -1.225100200 1.126952422
604929 4929.000000 17758100004929000 -0.133538693 -0.148549009 -1.179760508 1.141437920
604930 4930.000000 17758100004930000 -0.131153971 -0.149728194 -1.152785902 1.155596067
604931 4931.000000 17758100004931000 -0.128732756 -0.150928864 -1.110010422 1.179881206
604932 4932.000000 17758100004932000 -0.126275420 -0.152016433 -1.071509719 1.168831578
604933 4933.000000 17758100004933000 -0.123782344 -0.152847823 -1.029518855 1.181847966
604934 4934.000000 17758100004934000 -0.121253937 -0.153702659 -0.988720323 1.211927348
604935 4935.000000 17758100004935000 -0.118690588 -0.155012126 -0.953984614 1.250409252
604936 4936.000000 17758100004936000 -0.116092704 -0.156222611 -0.908202331 1.181792770
604937 4937.000000 17758100004937000 -0.113460705 -0.156844149 -0.865244673 1.188582344
604938 4938.000000 17758100004938000 -0.110794991 -0.157939262 -0.828714336 1.230606479
604939 4939.000000 17758100004939000 -0.108095989 -0.158425791 -0.785874428 1.164805580
604940 4940.000000 17758100004940000 -0.105364129 -0.158843203 -0.750489467 1.228814627
604941 4941.000000 17758100004941000 -0.102599844 -0.160148030 -0.700450484 1.222794690
604942 4942.000000 17758100004942000 -0.099803559 -0.160646445 -0.667601289 1.215899231
604943 4943.000000 17758100004943000 -0.096975729 -0.161187830 -0.626901486 1.222116903
604944 4944.000000 17758100004944000 -0.094116792 -0.161980136 -0.588534907 1.204000892
604945 4945.000000 17758100004945000 -0.091227196 -0.162080663 -0.548705366 1.252337329
604946 4946.000000 17758100004946000 -0.088307410 -0.162492334 -0.494312176 1.218037649
604947 4947.000000 17758100004947000 -0.085357882 -0.163086795 -0.465110981 1.240915581
604948 4948.000000 17758100004948000 -0.082379088 -0.163786935 -0.407951924 1.254855432
604949 4949.000000 17758100004949000 -0.079371497 -0.164472446 -0.379036422 1.284060209
604950 4950.000000 17758100004950000 -0.076335579 -0.164320822 -0.336275027 1.236793778
604951 4951.000000 17758100004951000 -0.073271811 -0.164284265 -0.294479231 1.254999293
604952 4952.000000 17758100004952000 -0.070180684 -0.165050727 -0.249195226 1.270440564
604953 4953.000000 17758100004953000 -0.067062683 -0.165083269 -0.221719456 1.261156601
604954 4954.000000 17758100004954000 -0.063918307 -0.165286858 -0.170780630 1.229920219
604955 4955.000000 17758100004955000 -0.060748037 -0.165307141 -0.125197427 1.231725965
604956 4956.000000 17758100004956000 -0.057552390 -0.165654525 -0.081963337 1.256592531
604957 4957.000000 17758100004957000 -0.054331861 -0.165558682 -0.037571165 1.273858073
604958 4958.000000 17758100004958000 -0.051086962 -0.165536834 -0.000136335 1.269436134
604959 4959.000000 17758100004959000 -0.047818203 -0.165689332 0.043196265 1.278944841
604960 4960.000000 17758100004960000 -0.044526104 -0.165498716 0.088050140 1.247144170
604961 4961.000000 17758100004961000 -0.041211180 -0.165578073 0.129181916 1.242222793
604962 4962.000000 17758100004962000 -0.037873957 -0.165271393 0.163323073 1.279332145
604963 4963.000000 17758100004963000 -0.034514964 -0.164946990 0.208283353 1.284734907
604964 4964.000000 17758100004964000 -0.031134730 -0.164813416 0.245452334 1.226046740
604965 4965.000000 17758100004965000 -0.027733788 -0.164117131 0.296543570 1.293606152
604966 4966.000000 17758100004966000 -0.024312675 -0.164286398 0.330558701 1.264544591
604967 4967.000000 17758100004967000 -0.020871930 -0.163871533 0.375874523 1.272031405
604968 4968.000000 17758100004968000 -0.017412100 -0.163248130 0.421922243 1.254635179
604969 4969.000000 17758100004969000 -0.013933728 -0.163262640 0.451839703 1.273404298
604970 4970.000000 17758100004970000 -0.010437366 -0.162315298 0.500778840 1.267062714
604971 4971.000000 17758100004971000 -0.006923564 -0.162035681 0.538238403 1.253083171
604972 4972.000000 17758100004972000 -0.003392877 -0.161651374 0.585142248 1.223686247
604973 4973.000000 17758100004973000 0.000154137 -0.160931405 0.617985005 1.242106763
604974 4974.000000 17758100004974000 0.003716917 -0.159932231 0.665705859 1.210991178
604975 4975.000000 17758100004975000 0.007294902 -0.159092155 0.702801897 1.234400895
604976 4976.000000 17758100004976000 0.010887526 -0.158293140 0.746061290 1.264986976
604977 4977.000000 17758100004977000 0.014494222 -0.157659119 0.782253139 1.243338496
604978 4978.000000 17758100004978000 0.018114420 -0.156785757 0.832187584 1.215715928
604979 4979.000000 17758100004979000 0.021747548 -0.155821818 0.863388485 1.195801032
604980 4980.000000 17758100004980000 0.025393033 -0.155320455 0.908940396 1.191689685
604981 4981.000000 17758100004981000 0.029050302 -0.153949772 0.940233345 1.240802723
604982 4982.000000 17758100004982000 0.032718770 -0.153010893 0.990679820 1.218408306
604983 4983.000000 17758100004983000 0.036397867 -0.151871992 1.036932422 1.212254499
604984 4984.000000 17758100004984000 0.040087007 -0.150783705 1.067002527 1.242517077
604985 4985.000000 17758100004985000 0.043785606 -0.150089939 1.124503867 1.202308664
604986 4986.000000 17758100004986000 0.047493082 -0.148786174 1.145245047 1.213151381
604987 4987.000000 17758100004987000 0.051208850 -0.147591981 1.185160472 1.215185277
604988 4988.000000 17758100004988000 0.054932322 -0.146663466 1.224849950 1.198582813
604989 4989.000000 17758100004989000 0.058662914 -0.144685548 1.255309881 1.198267781
604990 4990.000000 17758100004990000 0.062400028 -0.143958430 1.308770078 1.176029867
604991 4991.000000 17758100004991000 0.066143088 -0.142283749 1.345965422 1.155776981
604992 4992.000000 17758100004992000 0.069891483 -0.141168989 1.378069706 1.168311901
604993 4993.000000 17758100004993000 0.073644638 -0.139578570 1.417886170 1.168701235
604994 4994.000000 17758100004994000 0.077401958 -0.138061858 1.458544454 1.140078361
604995 4995.000000 17758100004995000 0.081162848 -0.136457717 1.498823220 1.169475688
604996 4996.000000 17758100004996000 0.084926702 -0.134902922 1.539439019 1.141584725
604997 4997.000000 17758100004997000 0.088692948 -0.133698503 1.570298556 1.128850369
604998 4998.000000 17758100004998000 0.092460975 -0.132215602 1.597294347 1.139917327
604999 4999.000000 17758100004999000 0.096230187 -0.130731371 1.637456206 1.124840965
605000 5000.000000 17758100005000000 0.100000001 -0.128703440 1.676558748 1.106076391
605001 5001.000000 17758100005001000 0.103769809 -0.127057425 1.720105817 1.125568602
605002 5002.000000 17758100005002000 0.107539028 -0.125596230 1.751842830 1.112474074
605003 5003.000000 17758100005003000 0.111307055 -0.123244765 1.788691264 1.116644374
605004 5004.000000 17758100005004000 0.115073293 -0.121281341 1.821096196 1.038137821
605005 5005.000000 17758100005005000 0.118837155 -0.120294281 1.844076292 1.103251810
605006 5006.000000 17758100005006000 0.122598045 -0.117743829 1.887559613 1.104629256
605007 5007.000000 17758100005007000 0.126355365 -0.115785432 1.924813877 1.062348110
605008 5008.000000 17758100005008000 0.130108520 -0.113905377 1.964978434 1.044370771
605009 5009.000000 17758100005009000 0.133856922 -0.112016465 1.993029318 1.055617839
605010 5010.000000 17758100005010000 0.137599975 -0.109971699 2.026706081 1.019722179
605011 5011.000000 17758100005011000 0.141337082 -0.108007534 2.063660712 1.014140159
605012 5012.000000 17758100005012000 0.145067677 -0.105724822 2.100990839 1.016794892
605013 5013.000000 17758100005013000 0.148791149 -0.103524769 2.125639682 1.006125672
605014 5014.000000 17758100005014000 0.152506918 -0.101291209 2.158307583 0.989654143
605015 5015.000000 17758100005015000 0.156214401 -0.099164187 2.182132353 1.003323390
605016 5016.000000 17758100005016000 0.159912989 -0.097294069 2.223626133 0.990784279
605017 5017.000000 17758100005017000 0.163602129 -0.094656091 2.248049224 0.990590251
605018 5018.000000 17758100005018000 0.167281225 -0.092600619 2.289181396 0.987032956
605019 5019.000000 17758100005019000 0.170949697 -0.090290336 2.314321072 0.959158761
605020 5020.000000 17758100005020000 0.174606964 -0.088138701 2.337982192 0.956465748
605021 5021.000000 17758100005021000 0.178252459 -0.085477540 2.369583627 0.933464485
605022 5022.000000 17758100005022000 0.181885585 -0.083319420 2.396886947 0.909686750
605023 5023.000000 17758100005023000 0.185505778 -0.080594245 2.432613855 0.888742595
605024 5024.000000 17758100005024000 0.189112470 -0.078512090 2.462569572 0.890893943
605025 5025.000000 17758100005025000 0.192705095 -0.075882089 2.486531417 0.886965717
605026 5026.000000 17758100005026000 0.196283087 -0.073367459 2.518766795 0.875823483
605027 5027.000000 17758100005027000 0.199845865 -0.070643973 2.547490642 0.844400759
605028 5028.000000 17758100005028000 0.203392878 -0.068371022 2.564747965 0.872732357
605029 5029.000000 17758100005029000 0.206923559 -0.065640279 2.598159344 0.831172027
605030 5030.000000 17758100005030000 0.210437372 -0.063011872 2.626895879 0.804525248
605031 5031.000000 17758100005031000 0.213933736 -0.060424972 2.643012227 0.818826340
605032 5032.000000 17758100005032000 0.217412099 -0.057820150 2.666061325 0.810411630
605033 5033.000000 17758100005033000 0.220871925 -0.054491735 2.693785221 0.808201963
605034 5034.000000 17758100005034000 0.224312678 -0.052310650 2.729601706 0.725192837
605035 5035.000000 17758100005035000 0.227733791 -0.049552546 2.753667302 0.779473925
605036 5036.000000 17758100005036000 0.231134728 -0.047069011 2.774186735 0.739156069
605037 5037.000000 17758100005037000 0.234514967 -0.043910310 2.799695965 0.762878579
605038 5038.000000 17758100005038000 0.237873957 -0.041055963 2.819878873 0.704292986
605039 5039.000000 17758100005039000 0.241211176 -0.038336986 2.849651129 0.730501298
605040 5040.000000 17758100005040000 0.244526103 -0.035479974 2.858250162 0.682395324
605041 5041.000000 17758100005041000 0.247818202 -0.032215769 2.886497153 0.688041442
605042 5042.000000 17758100005042000 0.251086950 -0.029449694 2.905308246 0.652663675
605043 5043.000000 17758100005043000 0.254331857 -0.026558863 2.927551472 0.666272584
605044 5044.000000 17758100005044000 0.257552385 -0.023881185 2.941086244 0.632278657
605045 5045.000000 17758100005045000 0.260748029 -0.020642745 2.961488417 0.624527581
605046 5046.000000 17758100005046000 0.263918310 -0.017797820 2.981259347 0.647334409
605047 5047.000000 17758100005047000 0.267062694 -0.014602049 3.001142051 0.595238894
605048 5048.000000 17758100005048000 0.270180672 -0.011779914 3.020556509 0.598005947
605049 5049.000000 17758100005049000 0.273271799 -0.008957709 3.043604028 0.592302878
605050 5050.000000 17758100005050000 0.276335567 -0.005397693 3.056977110 0.565500388
605051 5051.000000 17758100005051000 0.279371500 -0.002668745 3.068207364 0.556032370
605052 5052.000000 17758100005052000 0.282379091 0.000772785 3.080627726 0.489909319
605053 5053.000000 17758100005053000 0.285357893 0.003689276 3.106779929 0.515889359
605054 5054.000000 17758100005054000 0.288307399 0.006923273 3.120159198 0.552530853
605055 5055.000000 17758100005055000 0.291227192 0.009708578 3.136873402 0.495757439
605056 5056.000000 17758100005056000 0.294116795 0.012846577 3.145570744 0.484097649
605057 5057.000000 17758100005057000 0.296975732 0.016014394 3.161729289 0.453148144
605058 5058.000000 17758100005058000 0.299803555 0.019476536 3.180630588 0.432654709
605059 5059.000000 17758100005059000 0.302599847 0.022682055 3.184508437 0.391856917
605060 5060.000000 17758100005060000 0.305364132 0.025711394 3.202740789 0.441363727
605061 5061.000000 17758100005061000 0.308095992 0.028782757 3.201026641 0.405141874
605062 5062.000000 17758100005062000 0.310794979 0.031923754 3.213667046 0.366195181
605063 5063.000000 17758100005063000 0.313460708 0.035425229 3.237261106 0.375262429
605064 5064.000000 17758100005064000 0.316092700 0.038362333 3.242561773 0.331859771
605065 5065.000000 17758100005065000 0.318690598 0.042018066 3.251612563 0.339560630
605066 5066.000000 17758100005066000 0.321253926 0.044907539 3.255873049 0.354250487
605067 5067.000000 17758100005067000 0.323782355 0.048284308 3.269349967 0.338512002
605068 5068.000000 17758100005068000 0.326275408 0.051377742 3.272010911 0.341212641
605069 5069.000000 17758100005069000 0.328732759 0.055082584 3.275758312 0.251414353
605070 5070.000000 17758100005070000 0.331153959 0.058012312 3.298479901 0.247048620
605071 5071.000000 17758100005071000 0.333538681 0.061225534 3.304194670 0.260120223
605072 5072.000000 17758100005072000 0.335886538 0.064900139 3.312475051 0.206955421
605073 5073.000000 17758100005073000 0.338197112 0.068544461 3.306018305 0.178910027
605074 5074.000000 17758100005074000 0.340470105 0.071608095 3.314878023 0.208948654
605075 5075.000000 17758100005075000 0.342705101 0.074784790 3.326207866 0.190013934
605076 5076.000000 17758100005076000 0.344901770 0.078109244 3.327666458 0.192459427
605077 5077.000000 17758100005077000 0.347059786 0.081490241 3.329320328 0.135254500
605078 5078.000000 17758100005078000 0.349178761 0.084893577 3.320425743 0.157294114
605079 5079.000000 17758100005079000 0.351258427 0.088382936 3.326174663 0.137275644
605080 5080.000000 17758100005080000 0.353298366 0.091600506 3.328741771 0.138694697
605081 5081.000000 17758100005081000 0.355298340 0.094697976 3.332422034 0.096932802
605082 5082.000000 17758100005082000 0.357257992 0.097871304 3.338283365 0.049928522
605083 5083.000000 17758100005083000 0.359177023 0.101569737 3.332399541 0.106946017
605084 5084.000000 17758100005084000 0.361055136 0.104589997 3.327696818 0.043570147
605085 5085.000000 17758100005085000 0.362892002 0.107921724 3.335239560 -0.006777812
605086 5086.000000 17758100005086000 0.364687353 0.111247298 3.334362165 0.018286067
605087 5087.000000 17758100005087000 0.366440922 0.114728613 3.327142476 0.012579774
605088 5088.000000 17758100005088000 0.368152440 0.118369818 3.326722333 -0.009694361
605089 5089.000000 17758100005089000 0.369821578 0.121768019 3.336977756 -0.047199612
605090 5090.000000 17758100005090000 0.371448129 0.124764098 3.321207014 -0.034672719
605091 5091.000000 17758100005091000 0.373031795 0.128240363 3.319348053 -0.071597513
605092 5092.000000 17758100005092000 0.374572366 0.131746289 3.313265963 -0.054877292
605093 5093.000000 17758100005093000 0.376069546 0.134679044 3.323816402 -0.091259567
605094 5094.000000 17758100005094000 0.377523154 0.138239373 3.307787249 -0.115784823
605095 5095.000000 17758100005095000 0.378932953 0.141656618 3.299713295 -0.134321923
605096 5096.000000 17758100005096000 0.380298674 0.144763387 3.290854745 -0.133226296
605097 5097.000000 17758100005097000 0.381620169 0.148283942 3.279351099 -0.143203998
605098 5098.000000 17758100005098000 0.382897168 0.151028811 3.279539564 -0.198382490
605099 5099.000000 17758100005099000 0.384129494 0.154694480 3.272499737 -0.171780257
605100 5100.000000 17758100005100000 0.385316968 0.157362513 3.262809398 -0.231819532
605101 5101.000000 17758100005101000 0.386459351 0.160875725 3.249803098 -0.199744054
605102 5102.000000 17758100005102000 0.387556523 0.164389141 3.240673804 -0.244860492
605103 5103.000000 17758100005103000 0.388608307 0.167753633 3.240009854 -0.287281688
605104 5104.000000 17758100005104000 0.389614493 0.170499158 3.221850861 -0.256757960
605105 5105.000000 17758100005105000 0.390574962 0.173635118 3.214055034 -0.289607220
605106 5106.000000 17758100005106000 0.391489506 0.177384097 3.193963372 -0.326367678
605107 5107.000000 17758100005107000 0.392358065 0.180527217 3.188812289 -0.320062510
605108 5108.000000 17758100005108000 0.393180430 0.183855285 3.168016043 -0.332114464
605109 5109.000000 17758100005109000 0.393956512 0.186322538 3.168184349 -0.349668001
605110 5110.000000 17758100005110000 0.394686162 0.189754352 3.140588325 -0.362572510
605111 5111.000000 17758100005111000 0.395369291 0.192399444 3.127195095 -0.383092165
605112 5112.000000 17758100005112000 0.396005780 0.196006556 3.119946001 -0.395319908
605113 5113.000000 17758100005113000 0.396595538 0.199150463 3.106278163 -0.355672006
605114 5114.000000 17758100005114000 0.397138417 0.202156226 3.096182697 -0.424691006
605115 5115.000000 17758100005115000 0.397634417 0.205265734 3.077053166 -0.427900545
605116 5116.000000 17758100005116000 0.398083389 0.208054257 3.058278802 -0.441598216
605117 5117.000000 17758100005117000 0.398485303 0.211180771 3.034933776 -0.445081874
605118 5118.000000 17758100005118000 0.398840070 0.214345392 3.017533825 -0.454439382
605119 5119.000000 17758100005119000 0.399147660 0.217190094 3.000384611 -0.516795331
605120 5120.000000 17758100005120000 0.399408013 0.220266641 2.989236961 -0.492959620
605121 5121.000000 17758100005121000 0.399621099 0.223515836 2.964294228 -0.506438832
605122 5122.000000 17758100005122000 0.399786830 0.226628588 2.948579722 -0.555931228
605123 5123.000000 17758100005123000 0.399905264 0.229316417 2.932906948 -0.578621620
605124 5124.000000 17758100005124000 0.399976313 0.232454099 2.909852128 -0.590299255
605125 5125.000000 17758100005125000 0.400000006 0.234895769 2.888506718 -0.581471102
605126 5126.000000 17758100005126000 0.399976313 0.237952479 2.870628740 -0.580621895
605127 5127.000000 17758100005127000 0.399905264 0.240641333 2.845968179 -0.566866093
605128 5128.000000 17758100005128000 0.399786830 0.243538363 2.825363981 -0.630858168
605129 5129.000000 17758100005129000 0.399621099 0.246009237 2.792246587 -0.648406993
605130 5130.000000 17758100005130000 0.399408013 0.248989752 2.772861869 -0.638195211
605131 5131.000000 17758100005131000 0.399147660 0.251925210 2.751539537 -0.677537390
605132 5132.000000 17758100005132000 0.398840070 0.254909587 2.730564847 -0.664105997
605133 5133.000000 17758100005133000 0.398485303 0.257193186 2.700717670 -0.686480659
605134 5134.000000 17758100005134000 0.398083389 0.260269896 2.670208786 -0.708621848
605135 5135.000000 17758100005135000 0.397634417 0.262230840 2.647593533 -0.722764317
605136 5136.000000 17758100005136000 0.397138417 0.265118758 2.627492095 -0.739340222
605137 5137.000000 17758100005137000 0.396595538 0.268049043 2.597979228 -0.738096291
605138 5138.000000 17758100005138000 0.396005780 0.270161666 2.582222078 -0.747728973
605139 5139.000000 17758100005139000 0.395369291 0.272842551 2.545682588 -0.768579204
605140 5140.000000 17758100005140000 0.394686162 0.275497924 2.520962008 -0.782460212
605141 5141.000000 17758100005141000 0.393956512 0.278232383 2.492951192 -0.780685839
605142 5142.000000 17758100005142000 0.393180430 0.280524227 2.461906465 -0.796473240
605143 5143.000000 17758100005143000 0.392358065 0.283107214 2.434021414 -0.845709323
605144 5144.000000 17758100005144000 0.391489506 0.284924471 2.421723473 -0.853259201
605145 5145.000000 17758100005145000 0.390574962 0.287679390 2.377764301 -0.829344412
605146 5146.000000 17758100005146000 0.389614493 0.289499585 2.353976396 -0.882016701
605147 5147.000000 17758100005147000 0.388608307 0.292273506 2.331912108 -0.890846091
605148 5148.000000 17758100005148000 0.387556523 0.294714135 2.287672894 -0.880457692
605149 5149.000000 17758100005149000 0.386459351 0.296710256 2.260253789 -0.869707894
605150 5150.000000 17758100005150000 0.385316968 0.299492745 2.221198041 -0.873252042
605151 5151.000000 17758100005151000 0.384129494 0.301246791 2.188074755 -0.885274721
605152 5152.000000 17758100005152000 0.382897168 0.303527896 2.155878488 -0.925028987
605153 5153.000000 17758100005153000 0.381620169 0.305512623 2.129622687 -0.941721153
605154 5154.000000 17758100005154000 0.380298674 0.307402844 2.103851268 -0.928909619
605155 5155.000000 17758100005155000 0.378932953 0.310194662 2.076117111 -0.971559573
605156 5156.000000 17758100005156000 0.377523154 0.311755567 2.028275254 -0.995175545
605157 5157.000000 17758100005157000 0.376069546 0.313615170 2.001939565 -0.963685611
605158 5158.000000 17758100005158000 0.374572366 0.315544634 1.963209369 -0.984577284
605159 5159.000000 17758100005159000 0.373031795 0.317731815 1.927154502 -0.980012433
605160 5160.000000 17758100005160000 0.371448129 0.319856149 1.896361927 -1.008952276
605161 5161.000000 17758100005161000 0.369821578 0.321511534 1.860405327 -0.984957706
605162 5162.000000 17758100005162000 0.368152440 0.323398002 1.824128636 -1.006590679
605163 5163.000000 17758100005163000 0.366440922 0.324879975 1.788538477 -1.039103732
605164 5164.000000 17758100005164000 0.364687353 0.326635185 1.754674107 -1.024839530
605165 5165.000000 17758100005165000 0.362892002 0.328775950 1.724065202 -1.021827767
605166 5166.000000 17758100005166000 0.361055136 0.330148987 1.685643888 -1.068155268
605167 5167.000000 17758100005167000 0.359177023 0.331734673 1.643145947 -1.074322721
605168 5168.000000 17758100005168000 0.357257992 0.333510598 1.610760023 -1.106911778
605169 5169.000000 17758100005169000 0.355298340 0.334924039 1.567790259 -1.070478639
605170 5170.000000 17758100005170000 0.353298366 0.336453015 1.542492164 -1.097341789
605171 5171.000000 17758100005171000 0.351258427 0.338231717 1.495707617 -1.108154457
605172 5172.000000 17758100005172000 0.349178761 0.339848010 1.462796470 -1.092085752
605173 5173.000000 17758100005173000 0.347059786 0.340814254 1.419762760 -1.098892922
605174 5174.000000 17758100005174000 0.344901770 0.342149719 1.388184302 -1.113601673
605175 5175.000000 17758100005175000 0.342705101 0.343357387 1.344801503 -1.123844359
605176 5176.000000 17758100005176000 0.340470105 0.344794576 1.309335230 -1.094053024
605177 5177.000000 17758100005177000 0.338197112 0.346438400 1.273528618 -1.130741680
605178 5178.000000 17758100005178000 0.335886538 0.347516115 1.226840422 -1.152827084
605179 5179.000000 17758100005179000 0.333538681 0.348724340 1.204035426 -1.156565387
605180 5180.000000 17758100005180000 0.331153959 0.349760918 1.147794145 -1.119056011
605181 5181.000000 17758100005181000 0.328732759 0.351102867 1.111995528 -1.167518952
605182 5182.000000 17758100005182000 0.326275408 0.352023025 1.068048847 -1.166362087
605183 5183.000000 17758100005183000 0.323782355 0.352957189 1.026591557 -1.177994041
605184 5184.000000 17758100005184000 0.321253926 0.353896717 0.992951204 -1.166262226
605185 5185.000000 17758100005185000 0.318690598 0.354843333 0.959684461 -1.187570572
605186 5186.000000 17758100005186000 0.316092700 0.355779138 0.907191881 -1.208541613
605187 5187.000000 17758100005187000 0.313460708 0.356734036 0.876253074 -1.174075601
605188 5188.000000 17758100005188000 0.310794979 0.357997546 0.829810065 -1.171005037
605189 5189.000000 17758100005189000 0.308095992 0.357889844 0.798552489 -1.208808274
605190 5190.000000 17758100005190000 0.305364132 0.359058605 0.755678691 -1.245020329
605191 5191.000000 17758100005191000 0.302599847 0.360325411 0.708588386 -1.251427825
605192 5192.000000 17758100005192000 0.299803555 0.360756918 0.667699323 -1.195114318
605193 5193.000000 17758100005193000 0.296975732 0.361049758 0.634867640 -1.224995809
605194 5194.000000 17758100005194000 0.294116795 0.361566790 0.585992550 -1.212759650
605195 5195.000000 17758100005195000 0.291227192 0.362553439 0.545254613 -1.210095178
605196 5196.000000 17758100005196000 0.288307399 0.362986953 0.498547905 -1.245604261
605197 5197.000000 17758100005197000 0.285357893 0.363228649 0.464263226 -1.255851010
605198 5198.000000 17758100005198000 0.282379091 0.363631066 0.422504883 -1.240701737
605199 5199.000000 17758100005199000 0.279371500 0.364054369 0.378350943 -1.211555417
605200 5200.000000 17758100005200000 0.276335567 0.364495991 0.342576227 -1.233360964
605201 5201.000000 17758100005201000 0.273271799 0.364973608 0.288155816 -1.262029512
605202 5202.000000 17758100005202000 0.270180672 0.364973692 0.249118385 -1.270674779
605203 5203.000000 17758100005203000 0.267062694 0.365809683 0.213637683 -1.244580401
605204 5204.000000 17758100005204000 0.263918310 0.365029211 0.169539649 -1.263002719
605205 5205.000000 17758100005205000 0.260748029 0.365203484 0.126862236 -1.275699448
605206 5206.000000 17758100005206000 0.257552385 0.365558979 0.097417462 -1.252796472
605207 5207.000000 17758100005207000 0.254331857 0.365521170 0.039975173 -1.216970142
605208 5208.000000 17758100005208000 0.251086950 0.365638239 0.006515165 -1.210921808
605209 5209.000000 17758100005209000 0.247818202 0.365409636 -0.043171801 -1.283405894
605210 5210.000000 17758100005210000 0.244526103 0.365222135 -0.079139986 -1.299796636
605211 5211.000000 17758100005211000 0.241211176 0.365304793 -0.124137745 -1.242310606
605212 5212.000000 17758100005212000 0.237873957 0.364771936 -0.164006867 -1.278830183
605213 5213.000000 17758100005213000 0.234514967 0.364912132 -0.210662077 -1.254460483
605214 5214.000000 17758100005214000 0.231134728 0.364573489 -0.244164403 -1.254571713
605215 5215.000000 17758100005215000 0.227733791 0.364397577 -0.291019420 -1.315955462
605216 5216.000000 17758100005216000 0.224312678 0.364024049 -0.334480840 -1.262251845
605217 5217.000000 17758100005217000 0.220871925 0.363410538 -0.375217384 -1.258313622
605218 5218.000000 17758100005218000 0.217412099 0.363248500 -0.421913689 -1.261446528
605219 5219.000000 17758100005219000 0.213933736 0.362856499 -0.456507792 -1.267059545
605220 5220.000000 17758100005220000 0.210437372 0.362459437 -0.495240136 -1.251912926
605221 5221.000000 17758100005221000 0.206923559 0.361795300 -0.537871413 -1.257921824
605222 5222.000000 17758100005222000 0.203392878 0.361003589 -0.585823001 -1.244588713
605223 5223.000000 17758100005223000 0.199845865 0.360676831 -0.611777298 -1.223415966
605224 5224.000000 17758100005224000 0.196283087 0.359908882 -0.653916156 -1.247098195
605225 5225.000000 17758100005225000 0.192705095 0.359284628 -0.708400088 -1.255797593
605226 5226.000000 17758100005226000 0.189112470 0.358512929 -0.738144930 -1.234477096
605227 5227.000000 17758100005227000 0.185505778 0.357724181 -0.784252505 -1.241002893
605228 5228.000000 17758100005228000 0.181885585 0.356664779 -0.834579041 -1.219502279
605229 5229.000000 17758100005229000 0.178252459 0.355863552 -0.862915803 -1.283816625
605230 5230.000000 17758100005230000 0.174606964 0.355372765 -0.908343625 -1.195916599
605231 5231.000000 17758100005231000 0.170949697 0.353896053 -0.944788535 -1.229752546
605232 5232.000000 17758100005232000 0.167281225 0.353034195 -0.991597826 -1.206655132
605233 5233.000000 17758100005233000 0.163602129 0.351982179 -1.022600413 -1.227684591
605234 5234.000000 17758100005234000 0.159912989 0.351186984 -1.063197057 -1.192261405
605235 5235.000000 17758100005235000 0.156214401 0.349794500 -1.112312056 -1.196833243
605236 5236.000000 17758100005236000 0.152506918 0.349075477 -1.149025087 -1.209626205
605237 5237.000000 17758100005237000 0.148791149 0.347270433 -1.184252016 -1.199629535
605238 5238.000000 17758100005238000 0.145067677 0.346423553 -1.215111695 -1.179885224
605239 5239.000000 17758100005239000 0.141337082 0.345293153 -1.264784751 -1.181576397
605240 5240.000000 17758100005240000 0.137599975 0.343751623 -1.304014021 -1.184243259
605241 5241.000000 17758100005241000 0.133856922 0.342730604 -1.335587457 -1.184550885
605242 5242.000000 17758100005242000 0.130108520 0.341100660 -1.378592428 -1.172964605
605243 5243.000000 17758100005243000 0.126355365 0.339751849 -1.416006949 -1.145698513
605244 5244.000000 17758100005244000 0.122598045 0.338661026 -1.451377971 -1.150956098
605245 5245.000000 17758100005245000 0.118837155 0.336722326 -1.488551753 -1.126054833
605246 5246.000000 17758100005246000 0.115073293 0.335230298 -1.520338495 -1.149756154
605247 5247.000000 17758100005247000 0.111307055 0.333556284 -1.568610316 -1.132136514
605248 5248.000000 17758100005248000 0.107539028 0.331934204 -1.615752501 -1.132852314
605249 5249.000000 17758100005249000 0.103769809 0.330396784 -1.641231176 -1.143548190
605250 5250.000000 17758100005250000 0.100000001 0.328582910 -1.678322375 -1.142754765
605251 5251.000000 17758100005251000 0.096230187 0.326969942 -1.713882631 -1.118537113
605252 5252.000000 17758100005252000 0.092460975 0.325258500 -1.755598839 -1.122751401
605253 5253.000000 17758100005253000 0.088692948 0.323684520 -1.785357356 -1.084524393
605254 5254.000000 17758100005254000 0.084926702 0.321419198 -1.828145780 -1.087960300
605255 5255.000000 17758100005255000 0.081162848 0.319657251 -1.850616541 -1.108025309
605256 5256.000000 17758100005256000 0.077401958 0.317798605 -1.887161972 -1.081469525
605257 5257.000000 17758100005257000 0.073644638 0.316001151 -1.930862914 -1.045046099
605258 5258.000000 17758100005258000 0.069891483 0.313576313 -1.965048972 -1.037105588
605259 5259.000000 17758100005259000 0.066143088 0.311661455 -2.002860620 -1.039174263
605260 5260.000000 17758100005260000 0.062400028 0.309730392 -2.035432398 -1.043036264
605261 5261.000000 17758100005261000 0.058662914 0.308041713 -2.059067170 -1.027389455
605262 5262.000000 17758100005262000 0.054932322 0.305775335 -2.093490800 -1.022270753
605263 5263.000000 17758100005263000 0.051208850 0.303584474 -2.136102015 -1.013825203
605264 5264.000000 17758100005264000 0.047493082 0.301099902 -2.165916400 -0.980538198
605265 5265.000000 17758100005265000 0.043785606 0.298697991 -2.185226766 -0.995799253
605266 5266.000000 17758100005266000 0.040087007 0.297377250 -2.215283219 -0.990182280
605267 5267.000000 17758100005267000 0.036397867 0.294772165 -2.246453632 -0.976900749
605268 5268.000000 17758100005268000 0.032718770 0.292486417 -2.288116462 -0.980941796
605269 5269.000000 17758100005269000 0.029050302 0.290329394 -2.312987445 -0.971869154
605270 5270.000000 17758100005270000 0.025393033 0.287672187 -2.345620364 -0.965819315
605271 5271.000000 17758100005271000 0.021747548 0.285477318 -2.375517495 -0.915730471
605272 5272.000000 17758100005272000 0.018114420 0.283287614 -2.399967241 -0.901814300
605273 5273.000000 17758100005273000 0.014494222 0.281248660 -2.437182816 -0.944293201
605274 5274.000000 17758100005274000 0.010887526 0.277954043 -2.465679950 -0.885229677
605275 5275.000000 17758100005275000 0.007294902 0.275899585 -2.482886668 -0.872029197
605276 5276.000000 17758100005276000 0.003716917 0.273397542 -2.518089126 -0.896372119
605277 5277.000000 17758100005277000 0.000154137 0.270365007 -2.538652018 -0.849648637
605278 5278.000000 17758100005278000 -0.003392877 0.267804618 -2.563603199 -0.845441006
605279 5279.000000 17758100005279000 -0.006923564 0.265652143 -2.598316001 -0.815259952
605280 5280.000000 17758100005280000 -0.010437366 0.262741134 -2.620737542 -0.843537694
605281 5281.000000 17758100005281000 -0.013933728 0.260050448 -2.655948391 -0.858436173
605282 5282.000000 17758100005282000 -0.017412100 0.257770061 -2.670929230 -0.785516469
605283 5283.000000 17758100005283000 -0.020871930 0.254619739 -2.696895158 -0.768470110
605284 5284.000000 17758100005284000 -0.024312675 0.252181717 -2.711463238 -0.800070485
605285 5285.000000 17758100005285000 -0.027733788 0.249649083 -2.744681265 -0.781101973
605286 5286.000000 17758100005286000 -0.031134730 0.246604886 -2.761704760 -0.748849486
605287 5287.000000 17758100005287000 -0.034514964 0.244216235 -2.797967295 -0.725859162
605288 5288.000000 17758100005288000 -0.037873957 0.241088425 -2.816071417 -0.733754749
605289 5289.000000 17758100005289000 -0.041211180 0.238402369 -2.839416016 -0.705107674
605290 5290.000000 17758100005290000 -0.044526104 0.235111282 -2.867925981 -0.717431520
605291 5291.000000 17758100005291000 -0.047818203 0.232715443 -2.881045875 -0.686233357
605292 5292.000000 17758100005292000 -0.051086962 0.229375690 -2.905095122 -0.729966136
605293 5293.000000 17758100005293000 -0.054331861 0.226549134 -2.925207532 -0.656129894
605294 5294.000000 17758100005294000 -0.057552390 0.223728143 -2.931880328 -0.647975080
605295 5295.000000 17758100005295000 -0.060748037 0.220542745 -2.965404231 -0.622359539
605296 5296.000000 17758100005296000 -0.063918307 0.217615938 -2.988387410 -0.628662506
605297 5297.000000 17758100005297000 -0.067062683 0.214907307 -3.001023690 -0.574021598
605298 5298.000000 17758100005298000 -0.070180684 0.211904735 -3.017036853 -0.600872582
605299 5299.000000 17758100005299000 -0.073271811 0.208247377 -3.040700265 -0.646914708
605300 5300.000000 17758100005300000 -0.076335579 0.205834012 -3.056809923 -0.534577889
605301 5301.000000 17758100005301000 -0.079371497 0.202771589 -3.069691246 -0.533275360
605302 5302.000000 17758100005302000 -0.082379088 0.199326252 -3.085083306 -0.561398370
605303 5303.000000 17758100005303000 -0.085357882 0.196325789 -3.104166321 -0.500950513
605304 5304.000000 17758100005304000 -0.088307410 0.193461845 -3.122018706 -0.521158684
605305 5305.000000 17758100005305000 -0.091227196 0.189751690 -3.135494045 -0.500377560
605306 5306.000000 17758100005306000 -0.094116792 0.186840152 -3.146998569 -0.471778023
605307 5307.000000 17758100005307000 -0.096975729 0.183556982 -3.151065301 -0.444464819
605308 5308.000000 17758100005308000 -0.099803559 0.180588477 -3.173665800 -0.470728559
605309 5309.000000 17758100005309000 -0.102599844 0.177323186 -3.186660774 -0.415463585
605310 5310.000000 17758100005310000 -0.105364129 0.174752030 -3.190714644 -0.389137029
605311 5311.000000 17758100005311000 -0.108095989 0.170787120 -3.208137669 -0.391325462
605312 5312.000000 17758100005312000 -0.110794991 0.168052717 -3.211602097 -0.331480864
605313 5313.000000 17758100005313000 -0.113460705 0.164306459 -3.241523174 -0.352868992
605314 5314.000000 17758100005314000 -0.116092704 0.161426763 -3.236603728 -0.353541146
605315 5315.000000 17758100005315000 -0.118690588 0.158217150 -3.252958684 -0.340606786
605316 5316.000000 17758100005316000 -0.121253937 0.155127304 -3.260332427 -0.311985571
605317 5317.000000 17758100005317000 -0.123782344 0.151384621 -3.264559266 -0.271870132
605318 5318.000000 17758100005318000 -0.126275420 0.148028461 -3.282991152 -0.304266088
605319 5319.000000 17758100005319000 -0.128732756 0.144896959 -3.294447749 -0.283482401
605320 5320.000000 17758100005320000 -0.131153971 0.141812577 -3.295440542 -0.292096301
605321 5321.000000 17758100005321000 -0.133538693 0.137995341 -3.303333218 -0.271156478
605322 5322.000000 17758100005322000 -0.135886535 0.135191244 -3.302218688 -0.271212450
605323 5323.000000 17758100005323000 -0.138197124 0.131796729 -3.311819402 -0.204346179
605324 5324.000000 17758100005324000 -0.140470102 0.128669880 -3.307237065 -0.205892482
605325 5325.000000 17758100005325000 -0.142705098 0.125299807 -3.324161917 -0.166076392
605326 5326.000000 17758100005326000 -0.144901782 0.121977427 -3.320848829 -0.179587351
605327 5327.000000 17758100005327000 -0.147059783 0.118577521 -3.323101249 -0.176195459
605328 5328.000000 17758100005328000 -0.149178773 0.114722526 -3.334444491 -0.124082370
605329 5329.000000 17758100005329000 -0.151258409 0.111817425 -3.337009197 -0.147785402
605330 5330.000000 17758100005330000 -0.153298378 0.108133727 -3.337646592 -0.122635969
605331 5331.000000 17758100005331000 -0.155298337 0.105426488 -3.324792889 -0.123914767
605332 5332.000000 17758100005332000 -0.157258004 0.101854450 -3.330126958 -0.079529289
605333 5333.000000 17758100005333000 -0.159177020 0.098163447 -3.344995325 -0.061872492
605334 5334.000000 17758100005334000 -0.161055133 0.095043032 -3.338198555 -0.058262433
605335 5335.000000 17758100005335000 -0.162891999 0.091948348 -3.341045678 -0.008015888
605336 5336.000000 17758100005336000 -0.164687365 0.088478838 -3.338730351 -0.034947456
605337 5337.000000 17758100005337000 -0.166440934 0.085221825 -3.331298853 0.013155242
605338 5338.000000 17758100005338000 -0.168152422 0.082172936 -3.326255817 0.045042072
605339 5339.000000 17758100005339000 -0.169821575 0.078578529 -3.331509594 0.038808464
605340 5340.000000 17758100005340000 -0.171448112 0.074991308 -3.321980430 0.087418872
605341 5341.000000 17758100005341000 -0.173031792 0.072139164 -3.317428879 0.064782464
605342 5342.000000 17758100005342000 -0.174572349 0.068470896 -3.310057824 0.101474665
605343 5343.000000 17758100005343000 -0.176069558 0.065361856 -3.316050198 0.082602473
605344 5344.000000 17758100005344000 -0.177523166 0.061586872 -3.303915289 0.112569457
605345 5345.000000 17758100005345000 -0.178932950 0.058761693 -3.307720929 0.129731813
605346 5346.000000 17758100005346000 -0.180298686 0.055665575 -3.294264110 0.164447607
605347 5347.000000 17758100005347000 -0.181620151 0.051856668 -3.288143918 0.172536854
605348 5348.000000 17758100005348000 -0.182897165 0.049005346 -3.273367089 0.144926036
605349 5349.000000 17758100005349000 -0.184129491 0.045893667 -3.271834654 0.190910945
605350 5350.000000 17758100005350000 -0.185316950 0.041938789 -3.266949165 0.227703842
605351 5351.000000 17758100005351000 -0.186459363 0.039021137 -3.252873933 0.219932133
605352 5352.000000 17758100005352000 -0.187556535 0.035593874 -3.241588079 0.234223189
605353 5353.000000 17758100005353000 -0.188608304 0.032715315 -3.228674684 0.217748676
605354 5354.000000 17758100005354000 -0.189614490 0.029472916 -3.218867496 0.262849615
605355 5355.000000 17758100005355000 -0.190574944 0.025822522 -3.214053893 0.295011194
605356 5356.000000 17758100005356000 -0.191489518 0.022743101 -3.201116535 0.305022927
605357 5357.000000 17758100005357000 -0.192358062 0.019678448 -3.182331616 0.304566890
605358 5358.000000 17758100005358000 -0.193180442 0.016390578 -3.165929536 0.321268038
605359 5359.000000 17758100005359000 -0.193956509 0.013448924 -3.154726777 0.355364318
605360 5360.000000 17758100005360000 -0.194686174 0.010212688 -3.144270832 0.372510141
605361 5361.000000 17758100005361000 -0.195369303 0.007159389 -3.129427048 0.361441565
605362 5362.000000 17758100005362000 -0.196005777 0.004012393 -3.114486329 0.419401139
605363 5363.000000 17758100005363000 -0.196595520 0.000961158 -3.094347073 0.411632296
605364 5364.000000 17758100005364000 -0.197138429 -0.002088266 -3.087783844 0.434255378
605365 5365.000000 17758100005365000 -0.197634414 -0.005141198 -3.074434389 0.453222543
605366 5366.000000 17758100005366000 -0.198083386 -0.008161793 -3.054438809 0.447114482
605367 5367.000000 17758100005367000 -0.198485300 -0.011391485 -3.036175100 0.506753746
605368 5368.000000 17758100005368000 -0.198840082 -0.014863173 -3.016036071 0.497637933
605369 5369.000000 17758100005369000 -0.199147671 -0.017224782 -3.011329717 0.507642811
605370 5370.000000 17758100005370000 -0.199408025 -0.020061876 -2.990188703 0.527367036
605371 5371.000000 17758100005371000 -0.199621081 -0.023083471 -2.959597053 0.530053424
605372 5372.000000 17758100005372000 -0.199786842 -0.026365397 -2.949231234 0.529825759
605373 5373.000000 17758100005373000 -0.199905261 -0.029325647 -2.923034476 0.563995995
605374 5374.000000 17758100005374000 -0.199976310 -0.032596846 -2.900742580 0.570541218
605375 5375.000000 17758100005375000 -0.200000003 -0.035089859 -2.875090475 0.590165839
605376 5376.000000 17758100005376000 -0.199976310 -0.037393762 -2.875910285 0.595961612
605377 5377.000000 17758100005377000 -0.199905261 -0.040665368 -2.836019500 0.616480264
605378 5378.000000 17758100005378000 -0.199786842 -0.043654021 -2.820354977 0.589623733
605379 5379.000000 17758100005379000 -0.199621081 -0.046300571 -2.802861075 0.620120526
605380 5380.000000 17758100005380000 -0.199408025 -0.049074570 -2.768337795 0.639830033
605381 5381.000000 17758100005381000 -0.199147671 -0.051671490 -2.746632618 0.686358101
605382 5382.000000 17758100005382000 -0.198840082 -0.054537306 -2.731746363 0.688835569
605383 5383.000000 17758100005383000 -0.198485300 -0.057361541 -2.700410622 0.710183959
605384 5384.000000 17758100005384000 -0.198083386 -0.059982381 -2.680004667 0.667228012
605385 5385.000000 17758100005385000 -0.197634414 -0.062664854 -2.647878569 0.750365382
605386 5386.000000 17758100005386000 -0.197138429 -0.065532018 -2.628902177 0.700942546
605387 5387.000000 17758100005387000 -0.196595520 -0.067785448 -2.604848787 0.744545507
605388 5388.000000 17758100005388000 -0.196005777 -0.070281245 -2.573515155 0.762944868
605389 5389.000000 17758100005389000 -0.195369303 -0.072776937 -2.548243051 0.735580731
605390 5390.000000 17758100005390000 -0.194686174 -0.075368691 -2.518736277 0.768681709
605391 5391.000000 17758100005391000 -0.193956509 -0.078042058 -2.496151548 0.784157831
605392 5392.000000 17758100005392000 -0.193180442 -0.080741962 -2.469607749 0.789103160
605393 5393.000000 17758100005393000 -0.192358062 -0.082953891 -2.431445645 0.809080521
605394 5394.000000 17758100005394000 -0.191489518 -0.085052389 -2.401568068 0.808169368
605395 5395.000000 17758100005395000 -0.190574944 -0.087874792 -2.378198627 0.817936628
605396 5396.000000 17758100005396000 -0.189614490 -0.090348968 -2.352272629 0.846817335
605397 5397.000000 17758100005397000 -0.188608304 -0.092350170 -2.319827424 0.892896785
605398 5398.000000 17758100005398000 -0.187556535 -0.094513182 -2.275742499 0.840609510
605399 5399.000000 17758100005399000 -0.186459363 -0.096932919 -2.256376534 0.876879705
605400 5400.000000 17758100005400000 -0.185316950 -0.099078817 -2.219946418 0.865881576
605401 5401.000000 17758100005401000 -0.184129491 -0.101406621 -2.189533987 0.900989431
605402 5402.000000 17758100005402000 -0.182897165 -0.103827442 -2.169345049 0.934329324
605403 5403.000000 17758100005403000 -0.181620151 -0.105182089 -2.127347453 0.923027094
605404 5404.000000 17758100005404000 -0.180298686 -0.107962069 -2.096527408 0.938027849
605405 5405.000000 17758100005405000 -0.178932950 -0.109400674 -2.059070506 0.961443888
605406 5406.000000 17758100005406000 -0.177523166 -0.111788834 -2.032835399 0.945515315
605407 5407.000000 17758100005407000 -0.176069558 -0.113476552 -1.988000083 0.975367897
605408 5408.000000 17758100005408000 -0.174572349 -0.115499842 -1.967420507 0.972440900
605409 5409.000000 17758100005409000 -0.173031792 -0.117374828 -1.930882795 0.987324296
605410 5410.000000 17758100005410000 -0.171448112 -0.119600630 -1.887053216 1.002537289
605411 5411.000000 17758100005411000 -0.169821575 -0.121218310 -1.851917244 1.023966168
605412 5412.000000 17758100005412000 -0.168152422 -0.123218274 -1.824574330 1.005298791
605413 5413.000000 17758100005413000 -0.166440934 -0.125092414 -1.791203558 1.060934246
605414 5414.000000 17758100005414000 -0.164687365 -0.126718461 -1.754074466 1.044397941
605415 5415.000000 17758100005415000 -0.162891999 -0.128385023 -1.719641524 1.039474939
605416 5416.000000 17758100005416000 -0.161055133 -0.130055105 -1.680230861 1.059441902
605417 5417.000000 17758100005417000 -0.159177020 -0.131732620 -1.650277453 1.038132033
605418 5418.000000 17758100005418000 -0.157258004 -0.133588542 -1.606329320 1.070806823
605419 5419.000000 17758100005419000 -0.155298337 -0.134709203 -1.575545253 1.057426430
605420 5420.000000 17758100005420000 -0.153298378 -0.136645919 -1.533774994 1.093821123
605421 5421.000000 17758100005421000 -0.151258409 -0.137771474 -1.489857063 1.071982476
605422 5422.000000 17758100005422000 -0.149178773 -0.139494147 -1.472040862 1.136316153
605423 5423.000000 17758100005423000 -0.147059783 -0.140655952 -1.423781241 1.131592005
605424 5424.000000 17758100005424000 -0.144901782 -0.142281231 -1.389661820 1.162848986
605425 5425.000000 17758100005425000 -0.142705098 -0.143551208 -1.345929855 1.113348716
605426 5426.000000 17758100005426000 -0.140470102 -0.144918097 -1.298379534 1.174335723
605427 5427.000000 17758100005427000 -0.138197124 -0.146462120 -1.273438688 1.174008133
605428 5428.000000 17758100005428000 -0.135886535 -0.147743258 -1.237275364 1.141765840
605429 5429.000000 17758100005429000 -0.133538693 -0.148730651 -1.199616227 1.160434397
605430 5430.000000 17758100005430000 -0.131153971 -0.149899474 -1.158439486 1.165075395
605431 5431.000000 17758100005431000 -0.128732756 -0.150689987 -1.111585846 1.127084744
605432 5432.000000 17758100005432000 -0.126275420 -0.151972680 -1.078037186 1.196479688
605433 5433.000000 17758100005433000 -0.123782344 -0.153278965 -1.029097199 1.189183218
605434 5434.000000 17758100005434000 -0.121253937 -0.153999956 -0.999307472 1.179039354
605435 5435.000000 17758100005435000 -0.118690588 -0.155066072 -0.951525193 1.213194454
605436 5436.000000 17758100005436000 -0.116092704 -0.156228846 -0.909187188 1.203256344
605437 5437.000000 17758100005437000 -0.113460705 -0.156598897 -0.862189961 1.230413792
605438 5438.000000 17758100005438000 -0.110794991 -0.157816159 -0.833947574 1.243588602
605439 5439.000000 17758100005439000 -0.108095989 -0.158590055 -0.788558981 1.201726496
605440 5440.000000 17758100005440000 -0.105364129 -0.159101067 -0.744764774 1.198929476
605441 5441.000000 17758100005441000 -0.102599844 -0.159813750 -0.706120998 1.186556865
605442 5442.000000 17758100005442000 -0.099803559 -0.160298637 -0.673140977 1.234579646
605443 5443.000000 17758100005443000 -0.096975729 -0.161172221 -0.627217873 1.228314826
605444 5444.000000 17758100005444000 -0.094116792 -0.161936562 -0.590233416 1.220977496
605445 5445.000000 17758100005445000 -0.091227196 -0.162086135 -0.544344738 1.261773346
605446 5446.000000 17758100005446000 -0.088307410 -0.163018874 -0.511951795 1.195374061
605447 5447.000000 17758100005447000 -0.085357882 -0.163289772 -0.462695294 1.253577206
605448 5448.000000 17758100005448000 -0.082379088 -0.163878958 -0.422243384 1.244508938
605449 5449.000000 17758100005449000 -0.079371497 -0.163988640 -0.374276125 1.223672499
605450 5450.000000 17758100005450000 -0.076335579 -0.163955039 -0.330204160 1.258173858
605451 5451.000000 17758100005451000 -0.073271811 -0.164648538 -0.292277958 1.248956389
605452 5452.000000 17758100005452000 -0.070180684 -0.164754853 -0.250839564 1.237343865
605453 5453.000000 17758100005453000 -0.067062683 -0.165129297 -0.211943619 1.266210002
605454 5454.000000 17758100005454000 -0.063918307 -0.165017353 -0.178624937 1.259285382
605455 5455.000000 17758100005455000 -0.060748037 -0.165217506 -0.125238323 1.231645483
605456 5456.000000 17758100005456000 -0.057552390 -0.165460132 -0.086129193 1.239507360
605457 5457.000000 17758100005457000 -0.054331861 -0.165543152 -0.048391053 1.294711314
605458 5458.000000 17758100005458000 -0.051086962 -0.165495972 0.004759064 1.266507723
605459 5459.000000 17758100005459000 -0.047818203 -0.165730254 0.045500474 1.276488306
605460 5460.000000 17758100005460000 -0.044526104 -0.165890725 0.075534377 1.266245977
605461 5461.000000 17758100005461000 -0.041211180 -0.165170234 0.118384027 1.277545305
605462 5462.000000 17758100005462000 -0.037873957 -0.165569568 0.177437864 1.247159661
605463 5463.000000 17758100005463000 -0.034514964 -0.164717780 0.209192500 1.277002373
605464 5464.000000 17758100005464000 -0.031134730 -0.164764193 0.243534726 1.244744803
605465 5465.000000 17758100005465000 -0.027733788 -0.164565700 0.288154006 1.307093426
605466 5466.000000 17758100005466000 -0.024312675 -0.164505596 0.327888817 1.230671532
605467 5467.000000 17758100005467000 -0.020871930 -0.163632726 0.374629217 1.256420387
605468 5468.000000 17758100005468000 -0.017412100 -0.162863094 0.412687874 1.275965427
605469 5469.000000 17758100005469000 -0.013933728 -0.162699338 0.461905659 1.294084314
605470 5470.000000 17758100005470000 -0.010437366 -0.162370359 0.504004696 1.240961934
605471 5471.000000 17758100005471000 -0.006923564 -0.161959821 0.537552080 1.252016502
605472 5472.000000 17758100005472000 -0.003392877 -0.161402217 0.579793029 1.238784066
605473 5473.000000 17758100005473000 0.000154137 -0.160602360 0.621325436 1.234075614
605474 5474.000000 17758100005474000 0.003716917 -0.159919093 0.669735464 1.211104626
605475 5475.000000 17758100005475000 0.007294902 -0.159185132 0.709026750 1.198084231
605476 5476.000000 17758100005476000 0.010887526 -0.158503740 0.750234076 1.242806866
605477 5477.000000 17758100005477000 0.014494222 -0.158146349 0.786072761 1.225167381
605478 5478.000000 17758100005478000 0.018114420 -0.157032089 0.828706920 1.225657971
605479 5479.000000 17758100005479000 0.021747548 -0.155923320 0.872602331 1.250263928
605480 5480.000000 17758100005480000 0.025393033 -0.154918066 0.905880272 1.246356689
605481 5481.000000 17758100005481000 0.029050302 -0.154266141 0.954704610 1.219492342
605482 5482.000000 17758100005482000 0.032718770 -0.152998369 0.990829927 1.235146976
605483 5483.000000 17758100005483000 0.036397867 -0.152428042 1.031379822 1.192387706
605484 5484.000000 17758100005484000 0.040087007 -0.151143655 1.064210753 1.196505901
605485 5485.000000 17758100005485000 0.043785606 -0.149868120 1.110861813 1.206605846
605486 5486.000000 17758100005486000 0.047493082 -0.148863559 1.155084279 1.180557443
605487 5487.000000 17758100005487000 0.051208850 -0.147976278 1.191798609 1.183649663
605488 5488.000000 17758100005488000 0.054932322 -0.146352522 1.224844892 1.203823259
605489 5489.000000 17758100005489000 0.058662914 -0.145211083 1.268760448 1.157808849
605490 5490.000000 17758100005490000 0.062400028 -0.143637084 1.303523891 1.178178695
605491 5491.000000 17758100005491000 0.066143088 -0.142465241 1.344689784 1.174745428
605492 5492.000000 17758100005492000 0.069891483 -0.141074912 1.382645087 1.188311117
605493 5493.000000 17758100005493000 0.073644638 -0.139843130 1.419236872 1.148558504
605494 5494.000000 17758100005494000 0.077401958 -0.138470909 1.465850948 1.169541798
605495 5495.000000 17758100005495000 0.081162848 -0.136901988 1.497196287 1.163691930
605496 5496.000000 17758100005496000 0.084926702 -0.134935661 1.529854742 1.157697142
605497 5497.000000 17758100005497000 0.088692948 -0.134298587 1.563006149 1.145053374
605498 5498.000000 17758100005498000 0.092460975 -0.132066769 1.605826457 1.122511012
605499 5499.000000 17758100005499000 0.096230187 -0.130073918 1.646645962 1.154261112
605500 5500.000000 17758100005500000 0.100000001 -0.129033976 1.668351674 1.109228821
605501 5501.000000 17758100005501000 0.103769809 -0.126993403 1.719078863 1.130160661
605502 5502.000000 17758100005502000 0.107539028 -0.125296166 1.751557797 1.080590111
605503 5503.000000 17758100005503000 0.111307055 -0.123565846 1.788771451 1.106568152
605504 5504.000000 17758100005504000 0.115073293 -0.121807744 1.823988728 1.109450401
605505 5505.000000 17758100005505000 0.118837155 -0.119867010 1.854837395 1.080970445
605506 5506.000000 17758100005506000 0.122598045 -0.118008698 1.883783313 1.042907329
605507 5507.000000 17758100005507000 0.126355365 -0.116153298 1.910412055 1.037910662
605508 5508.000000 17758100005508000 0.130108520 -0.113938143 1.964084618 1.050764088
605509 5509.000000 17758100005509000 0.133856922 -0.112096438 2.002735560 1.044092479
605510 5510.000000 17758100005510000 0.137599975 -0.109780550 2.023377413 1.062003857
605511 5511.000000 17758100005511000 0.141337082 -0.108085272 2.067449406 1.036772221
605512 5512.000000 17758100005512000 0.145067677 -0.105782551 2.095846789 1.023134704
605513 5513.000000 17758100005513000 0.148791149 -0.103581589 2.119018477 1.029639642
605514 5514.000000 17758100005514000 0.152506918 -0.101107330 2.156328825 1.002450128
605515 5515.000000 17758100005515000 0.156214401 -0.099240476 2.183979630 0.941640301
605516 5516.000000 17758100005516000 0.159912989 -0.097002078 2.221551785 0.972720059
605517 5517.000000 17758100005517000 0.163602129 -0.095041331 2.242606946 0.935141778
605518 5518.000000 17758100005518000 0.167281225 -0.092551592 2.280452658 0.932617439
605519 5519.000000 17758100005519000 0.170949697 -0.090108635 2.320737693 0.930497713
605520 5520.000000 17758100005520000 0.174606964 -0.088021740 2.338287754 0.914922564
605521 5521.000000 17758100005521000 0.178252459 -0.085554553 2.370937244 0.903193528
605522 5522.000000 17758100005522000 0.181885585 -0.083143836 2.389906782 0.909415289
605523 5523.000000 17758100005523000 0.185505778 -0.080659874 2.436421816 0.923829004
605524 5524.000000 17758100005524000 0.189112470 -0.078527735 2.455081552 0.886453725
605525 5525.000000 17758100005525000 0.192705095 -0.075569632 2.489467347 0.872627777
605526 5526.000000 17758100005526000 0.196283087 -0.073341088 2.511251311 0.858842420
605527 5527.000000 17758100005527000 0.199845865 -0.070939781 2.541546802 0.831758776
605528 5528.000000 17758100005528000 0.203392878 -0.068068837 2.574538468 0.854391080
605529 5529.000000 17758100005529000 0.206923559 -0.065704967 2.590839110 0.856228214
605530 5530.000000 17758100005530000 0.210437372 -0.062858533 2.617920871 0.843693376
605531 5531.000000 17758100005531000 0.213933736 -0.060352570 2.656618857 0.769648769
605532 5532.000000 17758100005532000 0.217412099 -0.057097922 2.678996033 0.756069130
605533 5533.000000 17758100005533000 0.220871925 -0.055254419 2.696463987 0.785662714
605534 5534.000000 17758100005534000 0.224312678 -0.052373095 2.716456449 0.800231517
605535 5535.000000 17758100005535000 0.227733791 -0.049391709 2.744190729 0.710697679
605536 5536.000000 17758100005536000 0.231134728 -0.046788811 2.764186163 0.806469854
605537 5537.000000 17758100005537000 0.234514967 -0.044123645 2.792959290 0.752836988
605538 5538.000000 17758100005538000 0.237873957 -0.040889088 2.807173355 0.724393352
605539 5539.000000 17758100005539000 0.241211176 -0.038373912 2.835407514 0.722449578
605540 5540.000000 17758100005540000 0.244526103 -0.035390264 2.868245486 0.736645041
605541 5541.000000 17758100005541000 0.247818202 -0.032315628 2.882850587 0.662991242
605542 5542.000000 17758100005542000 0.251086950 -0.029575515 2.915301298 0.691833731
605543 5543.000000 17758100005543000 0.254331857 -0.026652712 2.922903555 0.661874525
605544 5544.000000 17758100005544000 0.257552385 -0.024140749 2.946821361 0.634793367
605545 5545.000000 17758100005545000 0.260748029 -0.020781358 2.965491092 0.650145602
605546 5546.000000 17758100005546000 0.263918310 -0.017875777 2.980111603 0.641978109
605547 5547.000000 17758100005547000 0.267062694 -0.014878217 3.000899466 0.626060932
605548 5548.000000 17758100005548000 0.270180672 -0.011433391 3.019973651 0.571875184
605549 5549.000000 17758100005549000 0.273271799 -0.008642837 3.023774490 0.581627524
605550 5550.000000 17758100005550000 0.276335567 -0.005383666 3.042206027 0.604696219
605551 5551.000000 17758100005551000 0.279371500 -0.002695320 3.078129426 0.564413684
605552 5552.000000 17758100005552000 0.282379091 0.000710393 3.084744454 0.524205887
605553 5553.000000 17758100005553000 0.285357893 0.003766869 3.105712592 0.495961450
605554 5554.000000 17758100005554000 0.288307399 0.006663628 3.121709615 0.524243621
605555 5555.000000 17758100005555000 0.291227192 0.009501859 3.131709991 0.472762963
605556 5556.000000 17758100005556000 0.294116795 0.013124050 3.151775129 0.479116649
605557 5557.000000 17758100005557000 0.296975732 0.016429147 3.157750944 0.449454748
605558 5558.000000 17758100005558000 0.299803555 0.019209467 3.179729304 0.425919129
605559 5559.000000 17758100005559000 0.302599847 0.022412597 3.180519679 0.388574246
605560 5560.000000 17758100005560000 0.305364132 0.025537517 3.194558669 0.409241703
605561 5561.000000 17758100005561000 0.308095992 0.028854586 3.221327057 0.398055357
605562 5562.000000 17758100005562000 0.310794979 0.032052409 3.217595235 0.373022395
605563 5563.000000 17758100005563000 0.313460708 0.035689739 3.226613458 0.368286283
605564 5564.000000 17758100005564000 0.316092700 0.038482425 3.235974902 0.338274407
605565 5565.000000 17758100005565000 0.318690598 0.042289994 3.258972480 0.371239534
605566 5566.000000 17758100005566000 0.321253926 0.045250834 3.257059539 0.340248428
605567 5567.000000 17758100005567000 0.323782355 0.048193187 3.272015716 0.328107547
605568 5568.000000 17758100005568000 0.326275408 0.051822041 3.277683992 0.305545601
605569 5569.000000 17758100005569000 0.328732759 0.054523444 3.291510997 0.257640166
605570 5570.000000 17758100005570000 0.331153959 0.058585788 3.295631537 0.282063888
605571 5571.000000 17758100005571000 0.333538681 0.061900019 3.292397157 0.257503394
605572 5572.000000 17758100005572000 0.335886538 0.064817182 3.304312763 0.227225094
605573 5573.000000 17758100005573000 0.338197112 0.068457337 3.316389862 0.241874444
605574 5574.000000 17758100005574000 0.340470105 0.071443763 3.326788237 0.227090235
605575 5575.000000 17758100005575000 0.342705101 0.074991344 3.323609367 0.198484279
605576 5576.000000 17758100005576000 0.344901770 0.078217779 3.327707209 0.149128933
605577 5577.000000 17758100005577000 0.347059786 0.081545434 3.325574828 0.136149444
605578 5578.000000 17758100005578000 0.349178761 0.084500567 3.325584526 0.150678801
605579 5579.000000 17758100005579000 0.351258427 0.088192297 3.333701268 0.158003776
605580 5580.000000 17758100005580000 0.353298366 0.091566171 3.323547978 0.139902550
605581 5581.000000 17758100005581000 0.355298340 0.094927275 3.331283974 0.084138790
605582 5582.000000 17758100005582000 0.357257992 0.098024959 3.336943942 0.083913938
605583 5583.000000 17758100005583000 0.359177023 0.101469409 3.337836921 0.063175644
605584 5584.000000 17758100005584000 0.361055136 0.104716921 3.341137632 0.032601968
605585 5585.000000 17758100005585000 0.362892002 0.108302014 3.336348937 0.021059896
605586 5586.000000 17758100005586000 0.364687353 0.111796318 3.342400820 -0.011656346
605587 5587.000000 17758100005587000 0.366440922 0.114367491 3.332924086 0.016989294
605588 5588.000000 17758100005588000 0.368152440 0.118106677 3.335057710 -0.020103603
605589 5589.000000 17758100005589000 0.369821578 0.121598574 3.324566561 -0.001838357
605590 5590.000000 17758100005590000 0.371448129 0.124804555 3.318987318 -0.067919869
605591 5591.000000 17758100005591000 0.373031795 0.127691208 3.322698685 -0.043411082
605592 5592.000000 17758100005592000 0.374572366 0.131253163 3.312572214 -0.090727196
605593 5593.000000 17758100005593000 0.376069546 0.134471739 3.320195835 -0.121939398
605594 5594.000000 17758100005594000 0.377523154 0.137962626 3.304623466 -0.077770604
605595 5595.000000 17758100005595000 0.378932953 0.141026272 3.298336957 -0.168210305
605596 5596.000000 17758100005596000 0.380298674 0.144280817 3.299866468 -0.141069623
605597 5597.000000 17758100005597000 0.381620169 0.148157430 3.283339429 -0.153509508
605598 5598.000000 17758100005598000 0.382897168 0.151394114 3.275995213 -0.168056397
605599 5599.000000 17758100005599000 0.384129494 0.154367465 3.271089130 -0.189026664
605600 5600.000000 17758100005600000 0.385316968 0.157968753 3.263122434 -0.170407788
605601 5601.000000 17758100005601000 0.386459351 0.160911962 3.244915244 -0.206964442
605602 5602.000000 17758100005602000 0.387556523 0.164155955 3.245596995 -0.267371951
605603 5603.000000 17758100005603000 0.388608307 0.166949032 3.228392427 -0.259329298
605604 5604.000000 17758100005604000 0.389614493 0.170590616 3.219469213 -0.282880264
605605 5605.000000 17758100005605000 0.390574962 0.173646692 3.204897520 -0.261504000
605606 5606.000000 17758100005606000 0.391489506 0.177438250 3.199609142 -0.338862457
605607 5607.000000 17758100005607000 0.392358065 0.180267381 3.184181701 -0.286405314
605608 5608.000000 17758100005608000 0.393180430 0.183434672 3.175410981 -0.378338024
605609 5609.000000 17758100005609000 0.393956512 0.186498822 3.161405976 -0.341849875
605610 5610.000000 17758100005610000 0.394686162 0.189818587 3.149044938 -0.365302621
605611 5611.000000 17758100005611000 0.395369291 0.192951788 3.128359101 -0.379590082
605612 5612.000000 17758100005612000 0.396005780 0.195923261 3.117648384 -0.382520899
605613 5613.000000 17758100005613000 0.396595538 0.199006727 3.102397802 -0.399738838
605614 5614.000000 17758100005614000 0.397138417 0.202266132 3.087957333 -0.437346773
605615 5615.000000 17758100005615000 0.397634417 0.204915840 3.073685621 -0.478152180
605616 5616.000000 17758100005616000 0.398083389 0.208332044 3.051492527 -0.457044762
605617 5617.000000 17758100005617000 0.398485303 0.211443689 3.045320787 -0.471704759
605618 5618.000000 17758100005618000 0.398840070 0.214519588 3.016817516 -0.468856710
605619 5619.000000 17758100005619000 0.399147660 0.217685624 3.002774174 -0.512685522
605620 5620.000000 17758100005620000 0.399408013 0.220363479 2.983586462 -0.524210238
605621 5621.000000 17758100005621000 0.399621099 0.223191076 2.963311642 -0.568664449
605622 5622.000000 17758100005622000 0.399786830 0.226533901 2.944980318 -0.536558965
605623 5623.000000 17758100005623000 0.399905264 0.229510668 2.926681590 -0.582299668
605624 5624.000000 17758100005624000 0.399976313 0.231786519 2.910185736 -0.559183624
605625 5625.000000 17758100005625000 0.400000006 0.235062472 2.888218784 -0.565609083
605626 5626.000000 17758100005626000 0.399976313 0.238082750 2.858563986 -0.607355922
605627 5627.000000 17758100005627000 0.399905264 0.240824205 2.838494088 -0.607207287
605628 5628.000000 17758100005628000 0.399786830 0.243688846 2.826579557 -0.653006359
605629 5629.000000 17758100005629000 0.399621099 0.246342421 2.798345355 -0.621425343
605630 5630.000000 17758100005630000 0.399408013 0.248995732 2.765762842 -0.585638278
605631 5631.000000 17758100005631000 0.399147660 0.251972643 2.742943174 -0.682503722
605632 5632.000000 17758100005632000 0.398840070 0.254355290 2.723531471 -0.694266218
605633 5633.000000 17758100005633000 0.398485303 0.257471441 2.707592644 -0.696040024
605634 5634.000000 17758100005634000 0.398083389 0.259992729 2.676234999 -0.681555207
605635 5635.000000 17758100005635000 0.397634417 0.262464304 2.646752947 -0.728665352
605636 5636.000000 17758100005636000 0.397138417 0.265401070 2.616787111 -0.708308951
605637 5637.000000 17758100005637000 0.396595538 0.267790103 2.594788468 -0.728740462
605638 5638.000000 17758100005638000 0.396005780 0.270491128 2.575053251 -0.769579502
605639 5639.000000 17758100005639000 0.395369291 0.272857839 2.545567802 -0.766438732
605640 5640.000000 17758100005640000 0.394686162 0.275519722 2.519491338 -0.762708748
605641 5641.000000 17758100005641000 0.393956512 0.278427923 2.492868028 -0.817955189
605642 5642.000000 17758100005642000 0.393180430 0.280315265 2.455704035 -0.803442383
605643 5643.000000 17758100005643000 0.392358065 0.282885597 2.434565106 -0.799671541
605644 5644.000000 17758100005644000 0.391489506 0.285545652 2.403436419 -0.851212097
605645 5645.000000 17758100005645000 0.390574962 0.287652855 2.375264579 -0.817196438
605646 5646.000000 17758100005646000 0.389614493 0.290187488 2.348803006 -0.858876775
605647 5647.000000 17758100005647000 0.388608307 0.292210813 2.327846274 -0.846999794
605648 5648.000000 17758100005648000 0.387556523 0.294710977 2.280450763 -0.875351702
605649 5649.000000 17758100005649000 0.386459351 0.296918403 2.252674774 -0.903513199
605650 5650.000000 17758100005650000 0.385316968 0.299312433 2.222605111 -0.886540190
605651 5651.000000 17758100005651000 0.384129494 0.301522880 2.196127086 -0.934052993
605652 5652.000000 17758100005652000 0.382897168 0.303274934 2.158018423 -0.888868537
605653 5653.000000 17758100005653000 0.381620169 0.305465398 2.133304609 -0.934843686
605654 5654.000000 17758100005654000 0.380298674 0.307576468 2.091467533 -0.941099554
605655 5655.000000 17758100005655000 0.378932953 0.309562910 2.061706952 -0.932317241
605656 5656.000000 17758100005656000 0.377523154 0.311497435 2.030552496 -0.940275472
605657 5657.000000 17758100005657000 0.376069546 0.313865347 1.995281595 -0.971813821
605658 5658.000000 17758100005658000 0.374572366 0.315364175 1.968769779 -0.997435316
605659 5659.000000 17758100005659000 0.373031795 0.317611382 1.920980698 -0.996660812
605660 5660.000000 17758100005660000 0.371448129 0.319327848 1.894176807 -0.966975068
605661 5661.000000 17758100005661000 0.369821578 0.321104222 1.868848173 -0.974826527
605662 5662.000000 17758100005662000 0.368152440 0.322878394 1.838292892 -1.018328430
605663 5663.000000 17758100005663000 0.366440922 0.324806923 1.789772593 -1.008559700
605664 5664.000000 17758100005664000 0.364687353 0.326669770 1.749678751 -1.053389979
605665 5665.000000 17758100005665000 0.362892002 0.328571315 1.726902327 -1.013554990
605666 5666.000000 17758100005666000 0.361055136 0.330156541 1.685291541 -1.075557446
605667 5667.000000 17758100005667000 0.359177023 0.332364459 1.649338603 -1.054090319
605668 5668.000000 17758100005668000 0.357257992 0.333520674 1.616488530 -1.080018671
605669 5669.000000 17758100005669000 0.355298340 0.335004306 1.577207545 -1.097447244
605670 5670.000000 17758100005670000 0.353298366 0.336456332 1.543225542 -1.134562602
605671 5671.000000 17758100005671000 0.351258427 0.337841420 1.497572605 -1.119579546
605672 5672.000000 17758100005672000 0.349178761 0.339154418 1.460045808 -1.089793270
605673 5673.000000 17758100005673000 0.347059786 0.340771440 1.423004454 -1.102506721
605674 5674.000000 17758100005674000 0.344901770 0.342406345 1.389088665 -1.124235637
605675 5675.000000 17758100005675000 0.342705101 0.343713882 1.344146363 -1.100809636
605676 5676.000000 17758100005676000 0.340470105 0.345356582 1.313453590 -1.148336759
605677 5677.000000 17758100005677000 0.338197112 0.346113363 1.264478173 -1.146016945
605678 5678.000000 17758100005678000 0.335886538 0.347890896 1.239657307 -1.151737396
605679 5679.000000 17758100005679000 0.333538681 0.348667014 1.191452235 -1.155410221
605680 5680.000000 17758100005680000 0.331153959 0.349675182 1.149452064 -1.175086166
605681 5681.000000 17758100005681000 0.328732759 0.351108326 1.112996714 -1.160892796
605682 5682.000000 17758100005682000 0.326275408 0.351718153 1.075195537 -1.171628862
605683 5683.000000 17758100005683000 0.323782355 0.352834233 1.028362639 -1.159293727
605684 5684.000000 17758100005684000 0.321253926 0.354004046 0.995011447 -1.137012945
605685 5685.000000 17758100005685000 0.318690598 0.355144273 0.962934316 -1.207687150
605686 5686.000000 17758100005686000 0.316092700 0.355893419 0.909190808 -1.207617534
605687 5687.000000 17758100005687000 0.313460708 0.356710043 0.870100039 -1.215166543
605688 5688.000000 17758100005688000 0.310794979 0.357433245 0.828992407 -1.206483402
605689 5689.000000 17758100005689000 0.308095992 0.358514613 0.792051627 -1.246584063
605690 5690.000000 17758100005690000 0.305364132 0.358855377 0.748352167 -1.261980773
605691 5691.000000 17758100005691000 0.302599847 0.359758503 0.710357958 -1.225096440
605692 5692.000000 17758100005692000 0.299803555 0.360252700 0.670787403 -1.219461973
605693 5693.000000 17758100005693000 0.296975732 0.361192605 0.628071887 -1.251022694
605694 5694.000000 17758100005694000 0.294116795 0.361854162 0.580316768 -1.232577097
605695 5695.000000 17758100005695000 0.291227192 0.362265431 0.548374983 -1.214694410
605696 5696.000000 17758100005696000 0.288307399 0.362509282 0.502484897 -1.247682454
605697 5697.000000 17758100005697000 0.285357893 0.363255479 0.457739909 -1.215442198
605698 5698.000000 17758100005698000 0.282379091 0.363614853 0.426842189 -1.171105438
605699 5699.000000 17758100005699000 0.279371500 0.364071524 0.383135120 -1.292946273
605700 5700.000000 17758100005700000 0.276335567 0.364296838 0.339397373 -1.227009210
605701 5701.000000 17758100005701000 0.273271799 0.364555921 0.282921778 -1.203852612
605702 5702.000000 17758100005702000 0.270180672 0.364988825 0.253677171 -1.265660948
605703 5703.000000 17758100005703000 0.267062694 0.364988314 0.212221802 -1.270638968
605704 5704.000000 17758100005704000 0.263918310 0.365376610 0.170597673 -1.228033287
605705 5705.000000 17758100005705000 0.260748029 0.365257040 0.127916657 -1.245037348
605706 5706.000000 17758100005706000 0.257552385 0.365773277 0.078905907 -1.250598223
605707 5707.000000 17758100005707000 0.254331857 0.365418872 0.037931651 -1.239584886
605708 5708.000000 17758100005708000 0.251086950 0.365063860 0.005591106 -1.253744567
605709 5709.000000 17758100005709000 0.247818202 0.365199587 -0.038416026 -1.258668709
605710 5710.000000 17758100005710000 0.244526103 0.365586061 -0.077771453 -1.269131079
605711 5711.000000 17758100005711000 0.241211176 0.365227537 -0.123054762 -1.265637270
605712 5712.000000 17758100005712000 0.237873957 0.365237990 -0.164083037 -1.275935408
605713 5713.000000 17758100005713000 0.234514967 0.364649331 -0.205470024 -1.268812848
605714 5714.000000 17758100005714000 0.231134728 0.364976053 -0.250252131 -1.288112904
605715 5715.000000 17758100005715000 0.227733791 0.364284582 -0.285379815 -1.232386380
605716 5716.000000 17758100005716000 0.224312678 0.364296815 -0.315892019 -1.252041598
605717 5717.000000 17758100005717000 0.220871925 0.363334736 -0.371278664 -1.286475145
605718 5718.000000 17758100005718000 0.217412099 0.363200850 -0.412537545 -1.257642995
605719 5719.000000 17758100005719000 0.213933736 0.362956058 -0.457170048 -1.263823307
605720 5720.000000 17758100005720000 0.210437372 0.362438637 -0.496033309 -1.269012009
605721 5721.000000 17758100005721000 0.206923559 0.361878820 -0.546954978 -1.266624085
605722 5722.000000 17758100005722000 0.203392878 0.360912438 -0.583103571 -1.253418271
605723 5723.000000 17758100005723000 0.199845865 0.360993432 -0.627045833 -1.221290357
605724 5724.000000 17758100005724000 0.196283087 0.359961880 -0.663783198 -1.280243935
605725 5725.000000 17758100005725000 0.192705095 0.359492553 -0.702978525 -1.239473739
605726 5726.000000 17758100005726000 0.189112470 0.358163232 -0.748353684 -1.218332367
605727 5727.000000 17758100005727000 0.185505778 0.357582047 -0.779090665 -1.225831121
605728 5728.000000 17758100005728000 0.181885585 0.356881467 -0.827454013 -1.256686637
605729 5729.000000 17758100005729000 0.178252459 0.355801171 -0.868257148 -1.241611580
605730 5730.000000 17758100005730000 0.174606964 0.355282163 -0.915784294 -1.238103616
605731 5731.000000 17758100005731000 0.170949697 0.354233937 -0.944713729 -1.202269731
605732 5732.000000 17758100005732000 0.167281225 0.352923267 -0.989542348 -1.217665626
605733 5733.000000 17758100005733000 0.163602129 0.352610429 -1.023871786 -1.214960927
605734 5734.000000 17758100005734000 0.159912989 0.351099400 -1.069821758 -1.217866862
605735 5735.000000 17758100005735000 0.156214401 0.349811917 -1.101944717 -1.206993035
605736 5736.000000 17758100005736000 0.152506918 0.348771281 -1.162501738 -1.202590068
605737 5737.000000 17758100005737000 0.148791149 0.347894023 -1.187303288 -1.173108179
605738 5738.000000 17758100005738000 0.145067677 0.346313454 -1.228164490 -1.210189782
605739 5739.000000 17758100005739000 0.141337082 0.344883371 -1.269106570 -1.188160973
605740 5740.000000 17758100005740000 0.137599975 0.343607555 -1.299398167 -1.204442805
605741 5741.000000 17758100005741000 0.133856922 0.342381862 -1.340519337 -1.148908312
605742 5742.000000 17758100005742000 0.130108520 0.341359222 -1.378876207 -1.177293025
605743 5743.000000 17758100005743000 0.126355365 0.339368676 -1.425621030 -1.124263739
605744 5744.000000 17758100005744000 0.122598045 0.338362121 -1.462273989 -1.173862308
605745 5745.000000 17758100005745000 0.118837155 0.336562458 -1.491527572 -1.168172028
605746 5746.000000 17758100005746000 0.115073293 0.335262377 -1.538129658 -1.125433080
605747 5747.000000 17758100005747000 0.111307055 0.333445223 -1.572330384 -1.137832312
605748 5748.000000 17758100005748000 0.107539028 0.331933973 -1.608360551 -1.102210713
605749 5749.000000 17758100005749000 0.103769809 0.330470050 -1.639183628 -1.137294764
605750 5750.000000 17758100005750000 0.100000001 0.328810087 -1.677712795 -1.159154402
605751 5751.000000 17758100005751000 0.096230187 0.327103033 -1.705824407 -1.115884738
605752 5752.000000 17758100005752000 0.092460975 0.325465859 -1.745805015 -1.091037873
605753 5753.000000 17758100005753000 0.088692948 0.323492695 -1.778772380 -1.122108991
605754 5754.000000 17758100005754000 0.084926702 0.321188685 -1.816263587 -1.062095831
605755 5755.000000 17758100005755000 0.081162848 0.320074331 -1.857146754 -1.061008462
605756 5756.000000 17758100005756000 0.077401958 0.317632934 -1.895676157 -1.037883312
605757 5757.000000 17758100005757000 0.073644638 0.315911649 -1.925587529 -1.072707740
605758 5758.000000 17758100005758000 0.069891483 0.313820209 -1.960662271 -1.062514205
605759 5759.000000 17758100005759000 0.066143088 0.311865163 -1.995694784 -1.069879008
605760 5760.000000 17758100005760000 0.062400028 0.310083354 -2.024512587 -1.031025624
605761 5761.000000 17758100005761000 0.058662914 0.307998033 -2.066378152 -1.049725010
605762 5762.000000 17758100005762000 0.054932322 0.306280484 -2.095015173 -1.024260430
605763 5763.000000 17758100005763000 0.051208850 0.303585806 -2.115206084 -0.994438560
605764 5764.000000 17758100005764000 0.047493082 0.301456361 -2.152028145 -0.975681912
605765 5765.000000 17758100005765000 0.043785606 0.299559619 -2.189906797 -0.975066198
605766 5766.000000 17758100005766000 0.040087007 0.296960358 -2.228343556 -1.006577944
605767 5767.000000 17758100005767000 0.036397867 0.294710588 -2.246374961 -0.994061453
605768 5768.000000 17758100005768000 0.032718770 0.292630600 -2.285773211 -0.941470516
605769 5769.000000 17758100005769000 0.029050302 0.290239517 -2.317678667 -0.951303139
605770 5770.000000 17758100005770000 0.025393033 0.287929891 -2.344175030 -0.924728246
605771 5771.000000 17758100005771000 0.021747548 0.285397495 -2.373367405 -0.913027333
605772 5772.000000 17758100005772000 0.018114420 0.283216759 -2.408589381 -0.918916224
605773 5773.000000 17758100005773000 0.014494222 0.280921920 -2.427431892 -0.911660113
605774 5774.000000 17758100005774000 0.010887526 0.277685893 -2.463948556 -0.904706746
605775 5775.000000 17758100005775000 0.007294902 0.275630745 -2.489428128 -0.864728168
605776 5776.000000 17758100005776000 0.003716917 0.273224482 -2.520582483 -0.844868566
605777 5777.000000 17758100005777000 0.000154137 0.270607335 -2.545763262 -0.823459889
605778 5778.000000 17758100005778000 -0.003392877 0.268327837 -2.570706827 -0.837722741
605779 5779.000000 17758100005779000 -0.006923564 0.265498515 -2.589929950 -0.837360842
605780 5780.000000 17758100005780000 -0.010437366 0.262803838 -2.616741825 -0.806793703
605781 5781.000000 17758100005781000 -0.013933728 0.260083939 -2.643302451 -0.832007779
605782 5782.000000 17758100005782000 -0.017412100 0.257725510 -2.682029403 -0.791664697
605783 5783.000000 17758100005783000 -0.020871930 0.255144123 -2.695474487 -0.783488124
605784 5784.000000 17758100005784000 -0.024312675 0.252300953 -2.718905043 -0.781377723
605785 5785.000000 17758100005785000 -0.027733788 0.249542455 -2.748973070 -0.779150954
605786 5786.000000 17758100005786000 -0.031134730 0.246612089 -2.770474361 -0.772587864
605787 5787.000000 17758100005787000 -0.034514964 0.243514813 -2.793647657 -0.762109646
605788 5788.000000 17758100005788000 -0.037873957 0.241295056 -2.825639974 -0.746002502
605789 5789.000000 17758100005789000 -0.041211180 0.238388508 -2.838864136 -0.696435542
605790 5790.000000 17758100005790000 -0.044526104 0.235479352 -2.866174927 -0.691074739
605791 5791.000000 17758100005791000 -0.047818203 0.232731602 -2.877514267 -0.672836338
605792 5792.000000 17758100005792000 -0.051086962 0.229622301 -2.904288048 -0.653468823
605793 5793.000000 17758100005793000 -0.054331861 0.226854665 -2.922913586 -0.682411113
605794 5794.000000 17758100005794000 -0.057552390 0.223300470 -2.936243958 -0.623995268
605795 5795.000000 17758100005795000 -0.060748037 0.220449216 -2.959457871 -0.644534745
605796 5796.000000 17758100005796000 -0.063918307 0.217444959 -2.983279550 -0.593281324
605797 5797.000000 17758100005797000 -0.067062683 0.214476135 -3.006087758 -0.609963636
605798 5798.000000 17758100005798000 -0.070180684 0.211666126 -3.033043133 -0.591642022
605799 5799.000000 17758100005799000 -0.073271811 0.208634931 -3.027114299 -0.583930464
605800 5800.000000 17758100005800000 -0.076335579 0.205550565 -3.049599770 -0.571628732
605801 5801.000000 17758100005801000 -0.079371497 0.202874086 -3.064021000 -0.518485374
605802 5802.000000 17758100005802000 -0.082379088 0.199409212 -3.086452598 -0.500746428
605803 5803.000000 17758100005803000 -0.085357882 0.196742069 -3.103980527 -0.532954813
605804 5804.000000 17758100005804000 -0.088307410 0.193428496 -3.119113796 -0.500768775
605805 5805.000000 17758100005805000 -0.091227196 0.190071354 -3.123003628 -0.463790147
605806 5806.000000 17758100005806000 -0.094116792 0.186895404 -3.142166185 -0.480136150
605807 5807.000000 17758100005807000 -0.096975729 0.183564942 -3.164009091 -0.454065194
605808 5808.000000 17758100005808000 -0.099803559 0.180932658 -3.175169742 -0.466297486
605809 5809.000000 17758100005809000 -0.102599844 0.177320230 -3.186355267 -0.419092266
605810 5810.000000 17758100005810000 -0.105364129 0.174351199 -3.191183512 -0.414140748
605811 5811.000000 17758100005811000 -0.108095989 0.171327355 -3.213938339 -0.383054522
605812 5812.000000 17758100005812000 -0.110794991 0.167899021 -3.227898122 -0.371243346
605813 5813.000000 17758100005813000 -0.113460705 0.164487481 -3.230813605 -0.366181738
605814 5814.000000 17758100005814000 -0.116092704 0.161005458 -3.233195956 -0.363040060
605815 5815.000000 17758100005815000 -0.118690588 0.158400181 -3.251953195 -0.338919911
605816 5816.000000 17758100005816000 -0.121253937 0.155196912 -3.266356408 -0.343380457
605817 5817.000000 17758100005817000 -0.123782344 0.151623566 -3.270825174 -0.262950056
605818 5818.000000 17758100005818000 -0.126275420 0.147958197 -3.277906832 -0.287619593
605819 5819.000000 17758100005819000 -0.128732756 0.144964105 -3.269810420 -0.266126083
605820 5820.000000 17758100005820000 -0.131153971 0.141803270 -3.295020401 -0.278616490
605821 5821.000000 17758100005821000 -0.133538693 0.138481836 -3.299879663 -0.249077023
605822 5822.000000 17758100005822000 -0.135886535 0.135024152 -3.298550168 -0.264766283
605823 5823.000000 17758100005823000 -0.138197124 0.131773442 -3.320198525 -0.184189747
605824 5824.000000 17758100005824000 -0.140470102 0.128351444 -3.318283595 -0.204222377
605825 5825.000000 17758100005825000 -0.142705098 0.124802539 -3.313224327 -0.145543340
605826 5826.000000 17758100005826000 -0.144901782 0.121738094 -3.326602547 -0.207645275
605827 5827.000000 17758100005827000 -0.147059783 0.118150304 -3.322611357 -0.140170620
605828 5828.000000 17758100005828000 -0.149178773 0.115303702 -3.329718194 -0.115713614
605829 5829.000000 17758100005829000 -0.151258409 0.111638280 -3.323422583 -0.136849257
605830 5830.000000 17758100005830000 -0.153298378 0.108725541 -3.346557392 -0.096515711
605831 5831.000000 17758100005831000 -0.155298337 0.105287672 -3.327054422 -0.072842999
605832 5832.000000 17758100005832000 -0.157258004 0.101964139 -3.334927907 -0.075188688
605833 5833.000000 17758100005833000 -0.159177020 0.098279981 -3.331209899 -0.072089351
605834 5834.000000 17758100005834000 -0.161055133 0.095571359 -3.340662368 -0.045544937
605835 5835.000000 17758100005835000 -0.162891999 0.091732066 -3.345513985 -0.044480327
605836 5836.000000 17758100005836000 -0.164687365 0.088724002 -3.333606505 -0.026468980
605837 5837.000000 17758100005837000 -0.166440934 0.085186976 -3.331062400 0.030192573
605838 5838.000000 17758100005838000 -0.168152422 0.081785781 -3.327887041 0.015247556
605839 5839.000000 17758100005839000 -0.169821575 0.078240953 -3.324204632 0.033532323
605840 5840.000000 17758100005840000 -0.171448112 0.075166553 -3.323137569 0.053486016
605841 5841.000000 17758100005841000 -0.173031792 0.072387649 -3.317588391 0.099995952
605842 5842.000000 17758100005842000 -0.174572349 0.068016194 -3.318654992 0.068542546
605843 5843.000000 17758100005843000 -0.176069558 0.065569802 -3.322435556 0.074066813
605844 5844.000000 17758100005844000 -0.177523166 0.061683063 -3.299473456 0.106835042
605845 5845.000000 17758100005845000 -0.178932950 0.058582277 -3.307884536 0.119778274
605846 5846.000000 17758100005846000 -0.180298686 0.055339423 -3.292772802 0.139307338
605847 5847.000000 17758100005847000 -0.181620151 0.051911298 -3.282637517 0.174476857
605848 5848.000000 17758100005848000 -0.182897165 0.048835546 -3.280173288 0.143007062
605849 5849.000000 17758100005849000 -0.184129491 0.045757286 -3.263966492 0.176398585
605850 5850.000000 17758100005850000 -0.185316950 0.042133667 -3.262430303 0.223213860
605851 5851.000000 17758100005851000 -0.186459363 0.038858586 -3.250936849 0.237367799
605852 5852.000000 17758100005852000 -0.187556535 0.035297753 -3.242534384 0.231471068
605853 5853.000000 17758100005853000 -0.188608304 0.032411097 -3.233305006 0.234046647
605854 5854.000000 17758100005854000 -0.189614490 0.029019913 -3.222100677 0.257309271
605855 5855.000000 17758100005855000 -0.190574944 0.026259139 -3.205970889 0.296842508
605856 5856.000000 17758100005856000 -0.191489518 0.023377321 -3.203352570 0.310924729
605857 5857.000000 17758100005857000 -0.192358062 0.019524778 -3.194215562 0.328512009
605858 5858.000000 17758100005858000 -0.193180442 0.016877080 -3.168682620 0.312051894
605859 5859.000000 17758100005859000 -0.193956509 0.012897384 -3.159325864 0.381608940
605860 5860.000000 17758100005860000 -0.194686174 0.010423287 -3.139142849 0.357556970
605861 5861.000000 17758100005861000 -0.195369303 0.006863054 -3.134853622 0.365032315
605862 5862.000000 17758100005862000 -0.196005777 0.004288051 -3.111806704 0.386531164
605863 5863.000000 17758100005863000 -0.196595520 0.000457035 -3.111144789 0.422783561
605864 5864.000000 17758100005864000 -0.197138429 -0.002322305 -3.098689110 0.423390700
605865 5865.000000 17758100005865000 -0.197634414 -0.005400175 -3.075412177 0.438473912
605866 5866.000000 17758100005866000 -0.198083386 -0.008322142 -3.051040399 0.490813042
605867 5867.000000 17758100005867000 -0.198485300 -0.011547229 -3.047134690 0.444442043
605868 5868.000000 17758100005868000 -0.198840082 -0.014354496 -3.023285626 0.531593305
605869 5869.000000 17758100005869000 -0.199147671 -0.017814251 -3.003604836 0.507238501
605870 5870.000000 17758100005870000 -0.199408025 -0.020149620 -2.979871980 0.512211543
605871 5871.000000 17758100005871000 -0.199621081 -0.023810733 -2.968876441 0.537532373
605872 5872.000000 17758100005872000 -0.199786842 -0.026526480 -2.942516137 0.536508085
605873 5873.000000 17758100005873000 -0.199905261 -0.028925925 -2.917145688 0.551195526
605874 5874.000000 17758100005874000 -0.199976310 -0.032080895 -2.907420448 0.579191896
605875 5875.000000 17758100005875000 -0.200000003 -0.035367963 -2.890875927 0.562472837
605876 5876.000000 17758100005876000 -0.199976310 -0.037810936 -2.859461583 0.581915602
605877 5877.000000 17758100005877000 -0.199905261 -0.040738710 -2.839716634 0.631762701
605878 5878.000000 17758100005878000 -0.199786842 -0.043689374 -2.819242959 0.663140318
605879 5879.000000 17758100005879000 -0.199621081 -0.046781484 -2.796416627 0.631051025
605880 5880.000000 17758100005880000 -0.199408025 -0.049216405 -2.770819346 0.631686744
605881 5881.000000 17758100005881000 -0.199147671 -0.051799794 -2.748254161 0.689707240
605882 5882.000000 17758100005882000 -0.198840082 -0.054515002 -2.733895431 0.664168564
605883 5883.000000 17758100005883000 -0.198485300 -0.057115898 -2.696830173 0.695987287
605884 5884.000000 17758100005884000 -0.198083386 -0.059657754 -2.660921813 0.700341328
605885 5885.000000 17758100005885000 -0.197634414 -0.062292373 -2.641652766 0.710894086
605886 5886.000000 17758100005886000 -0.197138429 -0.065081048 -2.632084273 0.741404838
605887 5887.000000 17758100005887000 -0.196595520 -0.068055822 -2.597597898 0.745278791
605888 5888.000000 17758100005888000 -0.196005777 -0.070415376 -2.573067472 0.767648191
605889 5889.000000 17758100005889000 -0.195369303 -0.072800009 -2.538186186 0.749494352
605890 5890.000000 17758100005890000 -0.194686174 -0.075267854 -2.513463786 0.789900768
605891 5891.000000 17758100005891000 -0.193956509 -0.077868758 -2.488709748 0.778576314
605892 5892.000000 17758100005892000 -0.193180442 -0.080434471 -2.457831954 0.805380219
605893 5893.000000 17758100005893000 -0.192358062 -0.082934858 -2.429496065 0.817204790
605894 5894.000000 17758100005894000 -0.191489518 -0.085239817 -2.403297609 0.818839553
605895 5895.000000 17758100005895000 -0.190574944 -0.087270841 -2.369257796 0.818150252
605896 5896.000000 17758100005896000 -0.189614490 -0.090237539 -2.350314800 0.835129925
605897 5897.000000 17758100005897000 -0.188608304 -0.092384784 -2.303022915 0.871329225
605898 5898.000000 17758100005898000 -0.187556535 -0.094672878 -2.286326129 0.845225294
605899 5899.000000 17758100005899000 -0.186459363 -0.097064327 -2.250948463 0.859202803
605900 5900.000000 17758100005900000 -0.185316950 -0.099315844 -2.226978594 0.888622624
605901 5901.000000 17758100005901000 -0.184129491 -0.101205804 -2.186677775 0.903341753
605902 5902.000000 17758100005902000 -0.182897165 -0.103409053 -2.164065455 0.928959188
605903 5903.000000 17758100005903000 -0.181620151 -0.105330017 -2.130428970 0.972947687
605904 5904.000000 17758100005904000 -0.180298686 -0.107794814 -2.097793944 0.968609214
605905 5905.000000 17758100005905000 -0.178932950 -0.110337670 -2.058866138 0.941078530
605906 5906.000000 17758100005906000 -0.177523166 -0.112055427 -2.021520846 0.968094097
605907 5907.000000 17758100005907000 -0.176069558 -0.113542319 -1.987010922 0.969697986
605908 5908.000000 17758100005908000 -0.174572349 -0.115372948 -1.967914620 0.976524788
605909 5909.000000 17758100005909000 -0.173031792 -0.117788746 -1.934906649 0.977881421
605910 5910.000000 17758100005910000 -0.171448112 -0.119504719 -1.906097915 0.980122242
605911 5911.000000 17758100005911000 -0.169821575 -0.121396463 -1.853273991 1.003673323
605912 5912.000000 17758100005912000 -0.168152422 -0.123552347 -1.824563198 1.035127905
605913 5913.000000 17758100005913000 -0.166440934 -0.124694489 -1.796746554 1.039152915
605914 5914.000000 17758100005914000 -0.164687365 -0.126640087 -1.756131712 1.051621439
605915 5915.000000 17758100005915000 -0.162891999 -0.128646987 -1.719560873 1.038927322
605916 5916.000000 17758100005916000 -0.161055133 -0.130042094 -1.678624439 1.045175479
605917 5917.000000 17758100005917000 -0.159177020 -0.131831373 -1.642036155 1.069127950
605918 5918.000000 17758100005918000 -0.157258004 -0.133652733 -1.618169880 1.051362009
605919 5919.000000 17758100005919000 -0.155298337 -0.135308787 -1.573403952 1.051990678
605920 5920.000000 17758100005920000 -0.153298378 -0.136562295 -1.534115694 1.112450567
605921 5921.000000 17758100005921000 -0.151258409 -0.137991873 -1.499699015 1.070612495
605922 5922.000000 17758100005922000 -0.149178773 -0.139440368 -1.455295038 1.120147911
605923 5923.000000 17758100005923000 -0.147059783 -0.140844328 -1.418271541 1.089599469
605924 5924.000000 17758100005924000 -0.144901782 -0.142146565 -1.380183860 1.116431828
605925 5925.000000 17758100005925000 -0.142705098 -0.143495272 -1.348045479 1.148906807
605926 5926.000000 17758100005926000 -0.140470102 -0.144807177 -1.307208345 1.131770291
605927 5927.000000 17758100005927000 -0.138197124 -0.146387598 -1.277040751 1.191170808
605928 5928.000000 17758100005928000 -0.135886535 -0.147350239 -1.237573311 1.131323273
605929 5929.000000 17758100005929000 -0.133538693 -0.148874409 -1.179559441 1.135000276
605930 5930.000000 17758100005930000 -0.131153971 -0.150141913 -1.150908510 1.181575380
605931 5931.000000 17758100005931000 -0.128732756 -0.150854618 -1.106182350 1.156936811
605932 5932.000000 17758100005932000 -0.126275420 -0.152085059 -1.068534482 1.191436019
605933 5933.000000 17758100005933000 -0.123782344 -0.152905430 -1.034324666 1.166132076
605934 5934.000000 17758100005934000 -0.121253937 -0.154059128 -0.993366205 1.205437101
605935 5935.000000 17758100005935000 -0.118690588 -0.154821193 -0.952295059 1.195983838
605936 5936.000000 17758100005936000 -0.116092704 -0.155891076 -0.912712890 1.197169539
605937 5937.000000 17758100005937000 -0.113460705 -0.156488828 -0.878951205 1.231223323
605938 5938.000000 17758100005938000 -0.110794991 -0.157606409 -0.835494041 1.209238324
605939 5939.000000 17758100005939000 -0.108095989 -0.158511984 -0.787475666 1.181836096
605940 5940.000000 17758100005940000 -0.105364129 -0.159212531 -0.755904003 1.175875213
605941 5941.000000 17758100005941000 -0.102599844 -0.159848954 -0.706279532 1.259098184
605942 5942.000000 17758100005942000 -0.099803559 -0.160454816 -0.669450304 1.234275303
605943 5943.000000 17758100005943000 -0.096975729 -0.161316810 -0.634658866 1.206354244
605944 5944.000000 17758100005944000 -0.094116792 -0.161769220 -0.589855176 1.242794333
605945 5945.000000 17758100005945000 -0.091227196 -0.162160128 -0.549089536 1.232202439
605946 5946.000000 17758100005946000 -0.088307410 -0.162751466 -0.503129281 1.218059880
605947 5947.000000 17758100005947000 -0.085357882 -0.163200793 -0.460476089 1.228583283
605948 5948.000000 17758100005948000 -0.082379088 -0.163483827 -0.416178070 1.231496109
605949 5949.000000 17758100005949000 -0.079371497 -0.163538868 -0.380063436 1.212722287
605950 5950.000000 17758100005950000 -0.076335579 -0.164491109 -0.336104144 1.250424139
605951 5951.000000 17758100005951000 -0.073271811 -0.164795508 -0.302324684 1.228798312
605952 5952.000000 17758100005952000 -0.070180684 -0.164930988 -0.254647432 1.251660331
605953 5953.000000 17758100005953000 -0.067062683 -0.165257807 -0.219581809 1.272868346
605954 5954.000000 17758100005954000 -0.063918307 -0.164847697 -0.169251322 1.243296668
605955 5955.000000 17758100005955000 -0.060748037 -0.165222327 -0.131004480 1.240222406
605956 5956.000000 17758100005956000 -0.057552390 -0.165450160 -0.087559000 1.240665097
605957 5957.000000 17758100005957000 -0.054331861 -0.166040396 -0.043872265 1.256122577
605958 5958.000000 17758100005958000 -0.051086962 -0.165597220 -0.003419286 1.271787489
605959 5959.000000 17758100005959000 -0.047818203 -0.165304881 0.046501321 1.248897491
605960 5960.000000 17758100005960000 -0.044526104 -0.165683278 0.079537480 1.259895038
605961 5961.000000 17758100005961000 -0.041211180 -0.165486772 0.119363554 1.239104374
605962 5962.000000 17758100005962000 -0.037873957 -0.165280156 0.165847883 1.270517735
605963 5963.000000 17758100005963000 -0.034514964 -0.165189537 0.210006355 1.301914437
605964 5964.000000 17758100005964000 -0.031134730 -0.164678314 0.244090331 1.247072936
605965 5965.000000 17758100005965000 -0.027733788 -0.164498784 0.286192718 1.277284893
605966 5966.000000 17758100005966000 -0.024312675 -0.163895063 0.331961079 1.260052318
605967 5967.000000 17758100005967000 -0.020871930 -0.163426481 0.369987845 1.243695649
605968 5968.000000 17758100005968000 -0.017412100 -0.163279749 0.412435366 1.227552964
605969 5969.000000 17758100005969000 -0.013933728 -0.162430405 0.458265904 1.247316096
605970 5970.000000 17758100005970000 -0.010437366 -0.162378092 0.490548565 1.239102548
605971 5971.000000 17758100005971000 -0.006923564 -0.161745183 0.548433612 1.237304949
605972 5972.000000 17758100005972000 -0.003392877 -0.161190297 0.578310437 1.253349724
605973 5973.000000 17758100005973000 0.000154137 -0.160638863 0.617902359 1.249100562
605974 5974.000000 17758100005974000 0.003716917 -0.159704492 0.661252242 1.210603170
605975 5975.000000 17758100005975000 0.007294902 -0.159319077 0.709908912 1.220716322
605976 5976.000000 17758100005976000 0.010887526 -0.158516967 0.740279500 1.233206813
605977 5977.000000 17758100005977000 0.014494222 -0.157403530 0.787448892 1.213868832
605978 5978.000000 17758100005978000 0.018114420 -0.156702030 0.825672666 1.255825163
605979 5979.000000 17758100005979000 0.021747548 -0.155917006 0.863083478 1.232016583
605980 5980.000000 17758100005980000 0.025393033 -0.155171454 0.903362351 1.247850762
605981 5981.000000 17758100005981000 0.029050302 -0.154289155 0.945536143 1.237770953
605982 5982.000000 17758100005982000 0.032718770 -0.153228406 0.991759620 1.222818079
605983 5983.000000 17758100005983000 0.036397867 -0.152094471 1.034543621 1.235121176
605984 5984.000000 17758100005984000 0.040087007 -0.150893103 1.065672665 1.205906674
605985 5985.000000 17758100005985000 0.043785606 -0.149785452 1.106933697 1.182593665
605986 5986.000000 17758100005986000 0.047493082 -0.148887220 1.150024328 1.180126008
605987 5987.000000 17758100005987000 0.051208850 -0.147470172 1.188247889 1.198836636
605988 5988.000000 17758100005988000 0.054932322 -0.146286548 1.234421039 1.198974219
605989 5989.000000 17758100005989000 0.058662914 -0.145260093 1.267084295 1.185411489
605990 5990.000000 17758100005990000 0.062400028 -0.144093398 1.304294004 1.188159291
605991 5991.000000 17758100005991000 0.066143088 -0.142571340 1.342062401 1.174263183
605992 5992.000000 17758100005992000 0.069891483 -0.141364151 1.374481654 1.146211098
605993 5993.000000 17758100005993000 0.073644638 -0.139783855 1.420045535 1.163290780
605994 5994.000000 17758100005994000 0.077401958 -0.138329945 1.452057305 1.163390956
605995 5995.000000 17758100005995000 0.081162848 -0.137067449 1.492611255 1.139122454
605996 5996.000000 17758100005996000 0.084926702 -0.135593156 1.534707860 1.130485169
605997 5997.000000 17758100005997000 0.088692948 -0.133947359 1.567070226 1.118143312
605998 5998.000000 17758100005998000 0.092460975 -0.131770968 1.606318968 1.146303523
605999 5999.000000 17758100005999000 0.096230187 -0.130367990 1.646282348 1.107905365
