# SYNTHETIC PLACEHOLDER — replace with real WMX3 CoreMotion Data Log
# profile=sine_10hz backend=newton frequency=10Hz amplitude=0.04rad dt=0.001s
CYCLE TIME SYSTEM_TIME CMDPOS0 FBKPOS0 FBKVEL0 FBKTRQ0
800000 0.000000 17758100000000000 0.100000001 0.100548247 0.000133606 -0.040204552
800001 1.000000 17758100000001000 0.102511622 0.100048074 0.001423549 0.007952530
800002 2.000000 17758100000002000 0.105013326 0.099792022 0.000619112 -0.014123486
800003 3.000000 17758100000003000 0.107495256 0.099950190 -0.004021340 -0.001552010
800004 4.000000 17758100000004000 0.109947592 0.099787231 0.002190180 0.037254914
800005 5.000000 17758100000005000 0.112360679 0.099642165 0.006207355 0.100208062
800006 6.000000 17758100000006000 0.114724979 0.099769476 0.008593294 0.118567984
800007 7.000000 17758100000007000 0.117031172 0.099958124 0.009018585 0.138266480
800008 8.000000 17758100000008000 0.119270146 0.099965322 0.014384126 0.210556187
800009 9.000000 17758100000009000 0.121433072 0.100420397 0.016479226 0.169533613
800010 10.000000 17758100000010000 0.123511411 0.099995976 0.027674165 0.198102191
800011 11.000000 17758100000011000 0.125496954 0.099788128 0.031181390 0.178970045
800012 12.000000 17758100000012000 0.127381891 0.100083764 0.034722558 0.221068112
800013 13.000000 17758100000013000 0.129158750 0.100131396 0.044107157 0.302288833
800014 14.000000 17758100000014000 0.130820528 0.100599568 0.049681239 0.255665142
800015 15.000000 17758100000015000 0.132360682 0.100409789 0.068439706 0.301139931
800016 16.000000 17758100000016000 0.133773118 0.100262731 0.069677613 0.294997605
800017 17.000000 17758100000017000 0.135052264 0.100269294 0.076433331 0.291062692
800018 18.000000 17758100000018000 0.136193082 0.100647657 0.093544453 0.320163859
800019 19.000000 17758100000019000 0.137191057 0.100780200 0.101654634 0.308216755
800020 20.000000 17758100000020000 0.138042256 0.100995659 0.127601591 0.322417138
800021 21.000000 17758100000021000 0.138743326 0.100950052 0.122396260 0.313396537
800022 22.000000 17758100000022000 0.139291495 0.101550476 0.143028690 0.329966243
800023 23.000000 17758100000023000 0.139684588 0.101257482 0.154656593 0.310663581
800024 24.000000 17758100000024000 0.139921069 0.101497434 0.153446581 0.302893742
800025 25.000000 17758100000025000 0.140000001 0.101715521 0.169617453 0.311550555
800026 26.000000 17758100000026000 0.139921069 0.101795908 0.186199665 0.290352813
800027 27.000000 17758100000027000 0.139684588 0.101845363 0.187364676 0.340986525
800028 28.000000 17758100000028000 0.139291495 0.102345668 0.196654736 0.262849562
800029 29.000000 17758100000029000 0.138743326 0.102259226 0.202744110 0.275336954
800030 30.000000 17758100000030000 0.138042256 0.102204056 0.223030827 0.267404393
800031 31.000000 17758100000031000 0.137191057 0.102906149 0.230388166 0.192188010
800032 32.000000 17758100000032000 0.136193082 0.102759672 0.231661065 0.250077212
800033 33.000000 17758100000033000 0.135052264 0.103638013 0.240950802 0.183548388
800034 34.000000 17758100000034000 0.133773118 0.103375498 0.242419026 0.170873673
800035 35.000000 17758100000035000 0.132360682 0.103870258 0.254011227 0.150905349
800036 36.000000 17758100000036000 0.130820528 0.103905879 0.252309436 0.136462037
800037 37.000000 17758100000037000 0.129158750 0.104394959 0.255326830 0.090640557
800038 38.000000 17758100000038000 0.127381891 0.104301644 0.256283003 0.078258521
800039 39.000000 17758100000039000 0.125496954 0.104565840 0.266759541 0.038314677
800040 40.000000 17758100000040000 0.123511411 0.104782817 0.268190233 0.010085007
800041 41.000000 17758100000041000 0.121433072 0.105290495 0.266277801 0.007673887
800042 42.000000 17758100000042000 0.119270146 0.105363337 0.268912496 -0.010586027
800043 43.000000 17758100000043000 0.117031172 0.105905790 0.272440278 -0.082931878
800044 44.000000 17758100000044000 0.114724979 0.106138087 0.263584541 -0.065425247
800045 45.000000 17758100000045000 0.112360679 0.106206744 0.265686073 -0.104629760
800046 46.000000 17758100000046000 0.109947592 0.106890873 0.253979954 -0.131165316
800047 47.000000 17758100000047000 0.107495256 0.106883087 0.257066504 -0.160017650
800048 48.000000 17758100000048000 0.105013326 0.107235493 0.246977557 -0.168287965
800049 49.000000 17758100000049000 0.102511622 0.107417563 0.251351717 -0.192320237
800050 50.000000 17758100000050000 0.100000001 0.107273977 0.240078654 -0.216287986
800051 51.000000 17758100000051000 0.097488381 0.107822877 0.222089822 -0.278515832
800052 52.000000 17758100000052000 0.094986670 0.108000702 0.214967024 -0.276239766
800053 53.000000 17758100000053000 0.092504747 0.108502053 0.209180254 -0.313076365
800054 54.000000 17758100000054000 0.090052404 0.108856256 0.193477606 -0.332071705
800055 55.000000 17758100000055000 0.087639317 0.108716202 0.188008416 -0.355339067
800056 56.000000 17758100000056000 0.085275017 0.108972345 0.173079718 -0.382298462
800057 57.000000 17758100000057000 0.082968831 0.109184470 0.159263606 -0.375591615
800058 58.000000 17758100000058000 0.080729850 0.109364029 0.145745592 -0.374349237
800059 59.000000 17758100000059000 0.078566931 0.109086127 0.129699954 -0.472341466
800060 60.000000 17758100000060000 0.076488592 0.109552512 0.116486525 -0.436823826
800061 61.000000 17758100000061000 0.074503042 0.109455264 0.102933879 -0.439456995
800062 62.000000 17758100000062000 0.072618119 0.109685461 0.095048277 -0.450908055
800063 63.000000 17758100000063000 0.070841253 0.109620374 0.076517098 -0.491531332
800064 64.000000 17758100000064000 0.069179468 0.109839760 0.061864649 -0.522511852
800065 65.000000 17758100000065000 0.067639321 0.109822237 0.038800286 -0.532576476
800066 66.000000 17758100000066000 0.066226885 0.110032298 0.014671500 -0.489391795
800067 67.000000 17758100000067000 0.064947732 0.109889840 0.006565633 -0.488284189
800068 68.000000 17758100000068000 0.063806921 0.109572577 -0.012644304 -0.516474217
800069 69.000000 17758100000069000 0.062808938 0.109786575 -0.024487002 -0.553255735
800070 70.000000 17758100000070000 0.061957739 0.109680237 -0.035010261 -0.517849918
800071 71.000000 17758100000071000 0.061256673 0.108940579 -0.066827017 -0.479420149
800072 72.000000 17758100000072000 0.060708512 0.109744876 -0.075696919 -0.484798876
800073 73.000000 17758100000073000 0.060315412 0.109567739 -0.089160786 -0.508671396
800074 74.000000 17758100000074000 0.060078930 0.109580578 -0.114580627 -0.519393933
800075 75.000000 17758100000075000 0.059999999 0.109728373 -0.123347035 -0.479778343
800076 76.000000 17758100000076000 0.060078930 0.108787203 -0.143053588 -0.433062419
800077 77.000000 17758100000077000 0.060315412 0.108690924 -0.158447264 -0.412466045
800078 78.000000 17758100000078000 0.060708512 0.108538971 -0.167166666 -0.415476296
800079 79.000000 17758100000079000 0.061256673 0.108759437 -0.194865597 -0.395449476
800080 80.000000 17758100000080000 0.061957739 0.108410120 -0.210298901 -0.433829118
800081 81.000000 17758100000081000 0.062808938 0.108153137 -0.204657961 -0.372694199
800082 82.000000 17758100000082000 0.063806921 0.107903149 -0.223145416 -0.326260022
800083 83.000000 17758100000083000 0.064947732 0.107575760 -0.236119391 -0.277104529
800084 84.000000 17758100000084000 0.066226885 0.107277694 -0.244636154 -0.295454413
800085 85.000000 17758100000085000 0.067639321 0.107134252 -0.257711999 -0.275305944
800086 86.000000 17758100000086000 0.069179468 0.106948581 -0.273333417 -0.212004941
800087 87.000000 17758100000087000 0.070841253 0.106952106 -0.272658031 -0.206375881
800088 88.000000 17758100000088000 0.072618119 0.106535870 -0.282126734 -0.219560647
800089 89.000000 17758100000089000 0.074503042 0.105845441 -0.288904064 -0.156167841
800090 90.000000 17758100000090000 0.076488592 0.105753261 -0.293720529 -0.116993665
800091 91.000000 17758100000091000 0.078566931 0.105657732 -0.298945125 -0.106607243
800092 92.000000 17758100000092000 0.080729850 0.105197724 -0.301810005 -0.052153228
800093 93.000000 17758100000093000 0.082968831 0.104656528 -0.303477320 -0.069325408
800094 94.000000 17758100000094000 0.085275017 0.104452877 -0.307352841 -0.043682621
800095 95.000000 17758100000095000 0.087639317 0.104394415 -0.316269157 0.014777360
800096 96.000000 17758100000096000 0.090052404 0.104202919 -0.304583703 0.028922092
800097 97.000000 17758100000097000 0.092504747 0.103522737 -0.306624647 0.119031210
800098 98.000000 17758100000098000 0.094986670 0.103500756 -0.303431250 0.111167382
800099 99.000000 17758100000099000 0.097488381 0.102955514 -0.302068790 0.147432123
800100 100.000000 17758100000100000 0.100000001 0.102690439 -0.300413606 0.163291382
800101 101.000000 17758100000101000 0.102511622 0.102409741 -0.292260391 0.182971008
800102 102.000000 17758100000102000 0.105013326 0.102658373 -0.280995473 0.234513030
800103 103.000000 17758100000103000 0.107495256 0.101804216 -0.260232442 0.259217683
800104 104.000000 17758100000104000 0.109947592 0.101679333 -0.268421098 0.265168927
800105 105.000000 17758100000105000 0.112360679 0.101333521 -0.255804287 0.306534447
800106 106.000000 17758100000106000 0.114724979 0.101216451 -0.243283696 0.281770198
800107 107.000000 17758100000107000 0.117031172 0.101086577 -0.225584753 0.340353997
800108 108.000000 17758100000108000 0.119270146 0.100778459 -0.217841694 0.409179049
800109 109.000000 17758100000109000 0.121433072 0.100550262 -0.209499681 0.366665684
800110 110.000000 17758100000110000 0.123511411 0.100005747 -0.194895142 0.380824864
800111 111.000000 17758100000111000 0.125496954 0.100220789 -0.173486571 0.398618919
800112 112.000000 17758100000112000 0.127381891 0.099814494 -0.166932283 0.445632112
800113 113.000000 17758100000113000 0.129158750 0.099897965 -0.156709944 0.431676597
800114 114.000000 17758100000114000 0.130820528 0.099630241 -0.138343349 0.450521703
800115 115.000000 17758100000115000 0.132360682 0.099723147 -0.117455218 0.468771459
800116 116.000000 17758100000116000 0.133773118 0.099507166 -0.109947582 0.462288111
800117 117.000000 17758100000117000 0.135052264 0.099725643 -0.080135428 0.492321442
800118 118.000000 17758100000118000 0.136193082 0.099243090 -0.082560358 0.471781546
800119 119.000000 17758100000119000 0.137191057 0.099248223 -0.060498285 0.466587011
800120 120.000000 17758100000120000 0.138042256 0.099059431 -0.048684927 0.496600030
800121 121.000000 17758100000121000 0.138743326 0.098936705 -0.035301592 0.467565409
800122 122.000000 17758100000122000 0.139291495 0.098950987 -0.018093814 0.454652491
800123 123.000000 17758100000123000 0.139684588 0.099353546 0.013574465 0.459578173
800124 124.000000 17758100000124000 0.139921069 0.099399765 0.021515825 0.443153605
800125 125.000000 17758100000125000 0.140000001 0.099112197 0.030069852 0.471843338
800126 126.000000 17758100000126000 0.139921069 0.099121347 0.047211740 0.455378541
800127 127.000000 17758100000127000 0.139684588 0.099281459 0.067643009 0.406699725
800128 128.000000 17758100000128000 0.139291495 0.099352145 0.084368670 0.388777847
800129 129.000000 17758100000129000 0.138743326 0.099356440 0.093836924 0.393378226
800130 130.000000 17758100000130000 0.138042256 0.099673178 0.110029094 0.374638498
800131 131.000000 17758100000131000 0.137191057 0.099928257 0.127367597 0.380289703
800132 132.000000 17758100000132000 0.136193082 0.099875364 0.128764529 0.333419187
800133 133.000000 17758100000133000 0.135052264 0.099911782 0.143919133 0.333904819
800134 134.000000 17758100000134000 0.133773118 0.100165233 0.152418507 0.293849153
800135 135.000000 17758100000135000 0.132360682 0.100161874 0.158303330 0.260562076
800136 136.000000 17758100000136000 0.130820528 0.100575285 0.182756125 0.256473343
800137 137.000000 17758100000137000 0.129158750 0.100532849 0.179111759 0.245516093
800138 138.000000 17758100000138000 0.127381891 0.100790459 0.195995109 0.210379330
800139 139.000000 17758100000139000 0.125496954 0.101357709 0.198514555 0.154367491
800140 140.000000 17758100000140000 0.123511411 0.100743917 0.206151212 0.115966420
800141 141.000000 17758100000141000 0.121433072 0.101344743 0.200705497 0.110971597
800142 142.000000 17758100000142000 0.119270146 0.101927315 0.205912020 0.095452808
800143 143.000000 17758100000143000 0.117031172 0.101907081 0.208181727 0.039387916
800144 144.000000 17758100000144000 0.114724979 0.101785330 0.210205490 0.030817191
800145 145.000000 17758100000145000 0.112360679 0.102174486 0.216835434 -0.027078335
800146 146.000000 17758100000146000 0.109947592 0.102637229 0.214521344 -0.036785000
800147 147.000000 17758100000147000 0.107495256 0.102508058 0.218507280 -0.060913935
800148 148.000000 17758100000148000 0.105013326 0.102739062 0.207173684 -0.100114336
800149 149.000000 17758100000149000 0.102511622 0.103076511 0.201033415 -0.127332116
800150 150.000000 17758100000150000 0.100000001 0.103260434 0.200475226 -0.150556369
800151 151.000000 17758100000151000 0.097488381 0.103513213 0.204637820 -0.199169755
800152 152.000000 17758100000152000 0.094986670 0.103559288 0.183754056 -0.198773270
800153 153.000000 17758100000153000 0.092504747 0.103925103 0.188004256 -0.210148526
800154 154.000000 17758100000154000 0.090052404 0.104101282 0.178009081 -0.278469353
800155 155.000000 17758100000155000 0.087639317 0.104148180 0.158322808 -0.274977120
800156 156.000000 17758100000156000 0.085275017 0.104076892 0.157260667 -0.317771093
800157 157.000000 17758100000157000 0.082968831 0.104566165 0.137957105 -0.321048072
800158 158.000000 17758100000158000 0.080729850 0.104199823 0.126759633 -0.390421922
800159 159.000000 17758100000159000 0.078566931 0.104517150 0.120563248 -0.371961192
800160 160.000000 17758100000160000 0.076488592 0.104667120 0.117077498 -0.429577663
800161 161.000000 17758100000161000 0.074503042 0.104726898 0.088267095 -0.372249157
800162 162.000000 17758100000162000 0.072618119 0.105294968 0.074490556 -0.429667192
800163 163.000000 17758100000163000 0.070841253 0.105352827 0.073521793 -0.456514545
800164 164.000000 17758100000164000 0.069179468 0.105031619 0.055176966 -0.454514121
800165 165.000000 17758100000165000 0.067639321 0.105323391 0.031875366 -0.495758105
800166 166.000000 17758100000166000 0.066226885 0.105235614 0.036968750 -0.449746647
800167 167.000000 17758100000167000 0.064947732 0.105518983 -0.003066626 -0.468358168
800168 168.000000 17758100000168000 0.063806921 0.104962453 -0.004795236 -0.497061732
800169 169.000000 17758100000169000 0.062808938 0.105092575 -0.023357685 -0.455722443
800170 170.000000 17758100000170000 0.061957739 0.105488655 -0.047402155 -0.480374373
800171 171.000000 17758100000171000 0.061256673 0.105186666 -0.052549417 -0.431509321
800172 172.000000 17758100000172000 0.060708512 0.104858862 -0.072566150 -0.445737604
800173 173.000000 17758100000173000 0.060315412 0.105186012 -0.082638369 -0.374424959
800174 174.000000 17758100000174000 0.060078930 0.104946594 -0.101078824 -0.423128844
800175 175.000000 17758100000175000 0.059999999 0.104584653 -0.116104445 -0.431271641
800176 176.000000 17758100000176000 0.060078930 0.104362328 -0.125531646 -0.420266101
800177 177.000000 17758100000177000 0.060315412 0.104738462 -0.141001992 -0.404068322
800178 178.000000 17758100000178000 0.060708512 0.104351798 -0.151450603 -0.398481561
800179 179.000000 17758100000179000 0.061256673 0.104522094 -0.168764005 -0.401073242
800180 180.000000 17758100000180000 0.061957739 0.104387561 -0.175383058 -0.382775980
800181 181.000000 17758100000181000 0.062808938 0.103576712 -0.193865639 -0.347061253
800182 182.000000 17758100000182000 0.063806921 0.103504906 -0.200615220 -0.305405253
800183 183.000000 17758100000183000 0.064947732 0.103591123 -0.209914346 -0.298891283
800184 184.000000 17758100000184000 0.066226885 0.103056122 -0.215539215 -0.286076834
800185 185.000000 17758100000185000 0.067639321 0.102766313 -0.227039381 -0.251487967
800186 186.000000 17758100000186000 0.069179468 0.102649906 -0.237902630 -0.201083863
800187 187.000000 17758100000187000 0.070841253 0.102434990 -0.244144128 -0.173098600
800188 188.000000 17758100000188000 0.072618119 0.102241496 -0.245547928 -0.174595761
800189 189.000000 17758100000189000 0.074503042 0.101920774 -0.257027211 -0.133430828
800190 190.000000 17758100000190000 0.076488592 0.101919499 -0.266593772 -0.120518068
800191 191.000000 17758100000191000 0.078566931 0.101342036 -0.265226847 -0.085824212
800192 192.000000 17758100000192000 0.080729850 0.100914140 -0.268208639 -0.065636304
800193 193.000000 17758100000193000 0.082968831 0.100893736 -0.275575786 -0.002577704
800194 194.000000 17758100000194000 0.085275017 0.100608189 -0.274047667 0.001777009
800195 195.000000 17758100000195000 0.087639317 0.100370899 -0.275054243 0.021019170
800196 196.000000 17758100000196000 0.090052404 0.099985286 -0.262210292 0.048592416
800197 197.000000 17758100000197000 0.092504747 0.099690461 -0.266263745 0.090002555
800198 198.000000 17758100000198000 0.094986670 0.099765267 -0.264670456 0.086889879
800199 199.000000 17758100000199000 0.097488381 0.099485028 -0.268895620 0.170515448
800200 200.000000 17758100000200000 0.100000001 0.098579387 -0.249240980 0.162994806
800201 201.000000 17758100000201000 0.102511622 0.098576336 -0.246810550 0.175063332
800202 202.000000 17758100000202000 0.105013326 0.098249254 -0.247992347 0.238075079
800203 203.000000 17758100000203000 0.107495256 0.098386438 -0.229870841 0.271911198
800204 204.000000 17758100000204000 0.109947592 0.097882478 -0.227670202 0.272102545
800205 205.000000 17758100000205000 0.112360679 0.097845769 -0.210043870 0.281636002
800206 206.000000 17758100000206000 0.114724979 0.097727613 -0.203842583 0.331885305
800207 207.000000 17758100000207000 0.117031172 0.097799814 -0.197212848 0.360477090
800208 208.000000 17758100000208000 0.119270146 0.097091507 -0.183553482 0.387522364
800209 209.000000 17758100000209000 0.121433072 0.096804545 -0.172118182 0.413566102
800210 210.000000 17758100000210000 0.123511411 0.097205002 -0.152131893 0.397455624
800211 211.000000 17758100000211000 0.125496954 0.096954814 -0.142286210 0.426325428
800212 212.000000 17758100000212000 0.127381891 0.096780870 -0.125034261 0.417418005
800213 213.000000 17758100000213000 0.129158750 0.096488435 -0.114928586 0.459282335
800214 214.000000 17758100000214000 0.130820528 0.096003283 -0.094557169 0.454191284
800215 215.000000 17758100000215000 0.132360682 0.096396078 -0.090992454 0.438096720
800216 216.000000 17758100000216000 0.133773118 0.096108199 -0.072035684 0.409009698
800217 217.000000 17758100000217000 0.135052264 0.096282073 -0.051381058 0.491622862
800218 218.000000 17758100000218000 0.136193082 0.096147804 -0.042633944 0.469335441
800219 219.000000 17758100000219000 0.137191057 0.096398348 -0.019101269 0.502597808
800220 220.000000 17758100000220000 0.138042256 0.095969337 -0.002842959 0.492122484
800221 221.000000 17758100000221000 0.138743326 0.095947754 0.017634183 0.458795309
800222 222.000000 17758100000222000 0.139291495 0.096136785 0.025378024 0.502315598
800223 223.000000 17758100000223000 0.139684588 0.096655364 0.037093693 0.442986004
800224 224.000000 17758100000224000 0.139921069 0.096429979 0.055215597 0.500583312
800225 225.000000 17758100000225000 0.140000001 0.096137185 0.080994909 0.445128737
800226 226.000000 17758100000226000 0.139921069 0.096062189 0.094869180 0.462505699
800227 227.000000 17758100000227000 0.139684588 0.096779184 0.111502809 0.475003515
800228 228.000000 17758100000228000 0.139291495 0.096712872 0.124756942 0.389515786
800229 229.000000 17758100000229000 0.138743326 0.096654175 0.130082628 0.363601285
800230 230.000000 17758100000230000 0.138042256 0.096639214 0.141942124 0.376363820
800231 231.000000 17758100000231000 0.137191057 0.096767292 0.166651718 0.384319602
800232 232.000000 17758100000232000 0.136193082 0.097093194 0.164981380 0.337130625
800233 233.000000 17758100000233000 0.135052264 0.097603986 0.180195459 0.353955789
800234 234.000000 17758100000234000 0.133773118 0.097784529 0.182111629 0.285426374
800235 235.000000 17758100000235000 0.132360682 0.097835655 0.202229988 0.282677960
800236 236.000000 17758100000236000 0.130820528 0.098435864 0.216567325 0.220914020
800237 237.000000 17758100000237000 0.129158750 0.098234231 0.207588451 0.204597386
800238 238.000000 17758100000238000 0.127381891 0.098406360 0.218801145 0.204057000
800239 239.000000 17758100000239000 0.125496954 0.098957302 0.234927275 0.134914637
800240 240.000000 17758100000240000 0.123511411 0.098911589 0.237468662 0.145126051
800241 241.000000 17758100000241000 0.121433072 0.099575871 0.240744091 0.078508016
800242 242.000000 17758100000242000 0.119270146 0.099786090 0.239496977 0.030050476
800243 243.000000 17758100000243000 0.117031172 0.099535566 0.239499447 0.055856345
800244 244.000000 17758100000244000 0.114724979 0.099740628 0.240016339 -0.016866907
800245 245.000000 17758100000245000 0.112360679 0.100207805 0.240891861 0.003024467
800246 246.000000 17758100000246000 0.109947592 0.100530025 0.241067861 -0.024844342
800247 247.000000 17758100000247000 0.107495256 0.100682540 0.253378406 -0.079747828
800248 248.000000 17758100000248000 0.105013326 0.100555941 0.240688233 -0.095773177
800249 249.000000 17758100000249000 0.102511622 0.101149593 0.232007261 -0.138076572
800250 250.000000 17758100000250000 0.100000001 0.101449094 0.236176839 -0.183593568
800251 251.000000 17758100000251000 0.097488381 0.101303888 0.227471599 -0.183568005
800252 252.000000 17758100000252000 0.094986670 0.101912499 0.221012486 -0.234239624
800253 253.000000 17758100000253000 0.092504747 0.102262615 0.215080730 -0.220584244
800254 254.000000 17758100000254000 0.090052404 0.102005376 0.209685769 -0.295609368
800255 255.000000 17758100000255000 0.087639317 0.102432377 0.196399800 -0.306962452
800256 256.000000 17758100000256000 0.085275017 0.102577039 0.182057351 -0.354787237
800257 257.000000 17758100000257000 0.082968831 0.103081977 0.177210696 -0.333685123
800258 258.000000 17758100000258000 0.080729850 0.103290607 0.165716680 -0.361955527
800259 259.000000 17758100000259000 0.078566931 0.103047154 0.158503058 -0.398586425
800260 260.000000 17758100000260000 0.076488592 0.103510004 0.134304846 -0.371816743
800261 261.000000 17758100000261000 0.074503042 0.103285402 0.117654763 -0.393586462
800262 262.000000 17758100000262000 0.072618119 0.104115262 0.119538086 -0.423353159
800263 263.000000 17758100000263000 0.070841253 0.103509759 0.099207325 -0.465719127
800264 264.000000 17758100000264000 0.069179468 0.103777492 0.084084363 -0.439562757
800265 265.000000 17758100000265000 0.067639321 0.103915636 0.071398898 -0.436987067
800266 266.000000 17758100000266000 0.066226885 0.103914196 0.056029275 -0.456226666
800267 267.000000 17758100000267000 0.064947732 0.103948438 0.032801864 -0.459700361
800268 268.000000 17758100000268000 0.063806921 0.103911026 0.014832963 -0.471615687
800269 269.000000 17758100000269000 0.062808938 0.104476834 0.010025587 -0.478220725
800270 270.000000 17758100000270000 0.061957739 0.104018533 -0.011410051 -0.499412549
800271 271.000000 17758100000271000 0.061256673 0.104131020 -0.032848387 -0.467525761
800272 272.000000 17758100000272000 0.060708512 0.104135425 -0.038398994 -0.425478198
800273 273.000000 17758100000273000 0.060315412 0.103353595 -0.053767886 -0.435942146
800274 274.000000 17758100000274000 0.060078930 0.103579371 -0.074643170 -0.450015837
800275 275.000000 17758100000275000 0.059999999 0.103614100 -0.084751181 -0.460097278
800276 276.000000 17758100000276000 0.060078930 0.103574507 -0.099789632 -0.411740992
800277 277.000000 17758100000277000 0.060315412 0.103475488 -0.111149130 -0.434326713
800278 278.000000 17758100000278000 0.060708512 0.103246304 -0.131745704 -0.388463234
800279 279.000000 17758100000279000 0.061256673 0.103346075 -0.136847451 -0.362135619
800280 280.000000 17758100000280000 0.061957739 0.103242908 -0.162588913 -0.359772284
800281 281.000000 17758100000281000 0.062808938 0.102767461 -0.162532891 -0.300183138
800282 282.000000 17758100000282000 0.063806921 0.102497565 -0.183468444 -0.332681233
800283 283.000000 17758100000283000 0.064947732 0.102553599 -0.192122268 -0.276322798
800284 284.000000 17758100000284000 0.066226885 0.102007810 -0.199181230 -0.291520602
800285 285.000000 17758100000285000 0.067639321 0.101961022 -0.207257037 -0.240989969
800286 286.000000 17758100000286000 0.069179468 0.101342678 -0.223421079 -0.243980084
800287 287.000000 17758100000287000 0.070841253 0.101620287 -0.224147081 -0.195657289
800288 288.000000 17758100000288000 0.072618119 0.101006340 -0.238333883 -0.172583448
800289 289.000000 17758100000289000 0.074503042 0.101073923 -0.245935470 -0.148787329
800290 290.000000 17758100000290000 0.076488592 0.100709775 -0.254602457 -0.126913071
800291 291.000000 17758100000291000 0.078566931 0.100801056 -0.242658318 -0.085116656
800292 292.000000 17758100000292000 0.080729850 0.100584365 -0.245663150 -0.102596286
800293 293.000000 17758100000293000 0.082968831 0.100253799 -0.262674842 0.016395993
800294 294.000000 17758100000294000 0.085275017 0.100170034 -0.251642418 0.014697313
800295 295.000000 17758100000295000 0.087639317 0.099561275 -0.249064039 0.046573759
800296 296.000000 17758100000296000 0.090052404 0.099429745 -0.245469151 0.024266386
800297 297.000000 17758100000297000 0.092504747 0.099219639 -0.248179379 0.097486331
800298 298.000000 17758100000298000 0.094986670 0.098731668 -0.251973841 0.126471498
800299 299.000000 17758100000299000 0.097488381 0.098217963 -0.243693218 0.149381663
800300 300.000000 17758100000300000 0.100000001 0.098544211 -0.240788610 0.151923736
800301 301.000000 17758100000301000 0.102511622 0.098198411 -0.239853357 0.218158717
800302 302.000000 17758100000302000 0.105013326 0.097814730 -0.223394790 0.244629303
800303 303.000000 17758100000303000 0.107495256 0.097718435 -0.221236293 0.234521652
800304 304.000000 17758100000304000 0.109947592 0.097597556 -0.203104359 0.278274202
800305 305.000000 17758100000305000 0.112360679 0.097278770 -0.192874343 0.313412161
800306 306.000000 17758100000306000 0.114724979 0.096996995 -0.184841790 0.298019905
800307 307.000000 17758100000307000 0.117031172 0.096787410 -0.177838929 0.366702701
800308 308.000000 17758100000308000 0.119270146 0.096746215 -0.167623830 0.328087854
800309 309.000000 17758100000309000 0.121433072 0.096399808 -0.150402105 0.382224813
800310 310.000000 17758100000310000 0.123511411 0.096258130 -0.149393317 0.380833776
800311 311.000000 17758100000311000 0.125496954 0.096488954 -0.133063261 0.457595433
800312 312.000000 17758100000312000 0.127381891 0.096189587 -0.112624696 0.378643447
800313 313.000000 17758100000313000 0.129158750 0.096293071 -0.099240501 0.460180019
800314 314.000000 17758100000314000 0.130820528 0.095996083 -0.079651388 0.448048137
800315 315.000000 17758100000315000 0.132360682 0.096344012 -0.065054012 0.472169044
800316 316.000000 17758100000316000 0.133773118 0.095996479 -0.060713944 0.441702899
800317 317.000000 17758100000317000 0.135052264 0.095891610 -0.037492467 0.482361199
800318 318.000000 17758100000318000 0.136193082 0.096199711 -0.015254231 0.473487611
800319 319.000000 17758100000319000 0.137191057 0.095908000 -0.008447925 0.463495250
800320 320.000000 17758100000320000 0.138042256 0.095707420 0.002539142 0.496893102
800321 321.000000 17758100000321000 0.138743326 0.096067189 0.024315672 0.473649839
800322 322.000000 17758100000322000 0.139291495 0.095565549 0.048725855 0.439616570
800323 323.000000 17758100000323000 0.139684588 0.096009273 0.053990014 0.509791730
800324 324.000000 17758100000324000 0.139921069 0.095894025 0.075500161 0.445390597
800325 325.000000 17758100000325000 0.140000001 0.096180316 0.088623051 0.467310048
800326 326.000000 17758100000326000 0.139921069 0.096364559 0.102462005 0.434733756
800327 327.000000 17758100000327000 0.139684588 0.096119314 0.127951876 0.425732249
800328 328.000000 17758100000328000 0.139291495 0.096399918 0.134643327 0.414897028
800329 329.000000 17758100000329000 0.138743326 0.096170661 0.150135516 0.429855782
800330 330.000000 17758100000330000 0.138042256 0.096570589 0.156425027 0.406756118
800331 331.000000 17758100000331000 0.137191057 0.097174313 0.168595445 0.344159545
800332 332.000000 17758100000332000 0.136193082 0.096979339 0.187146497 0.355404435
800333 333.000000 17758100000333000 0.135052264 0.097500786 0.195868576 0.321376216
800334 334.000000 17758100000334000 0.133773118 0.097396161 0.195864935 0.259193624
800335 335.000000 17758100000335000 0.132360682 0.097863351 0.212683132 0.256888897
800336 336.000000 17758100000336000 0.130820528 0.098479424 0.219939579 0.243466158
800337 337.000000 17758100000337000 0.129158750 0.098307300 0.227433456 0.219056670
800338 338.000000 17758100000338000 0.127381891 0.098584830 0.233819733 0.186046150
800339 339.000000 17758100000339000 0.125496954 0.098573860 0.241467808 0.112719309
800340 340.000000 17758100000340000 0.123511411 0.098898432 0.247390151 0.123939733
800341 341.000000 17758100000341000 0.121433072 0.099086776 0.241298390 0.123135936
800342 342.000000 17758100000342000 0.119270146 0.099425304 0.246654188 0.049414161
800343 343.000000 17758100000343000 0.117031172 0.099929416 0.257049304 0.009493959
800344 344.000000 17758100000344000 0.114724979 0.099752988 0.255249415 -0.015715313
800345 345.000000 17758100000345000 0.112360679 0.100448545 0.252002145 -0.036149838
800346 346.000000 17758100000346000 0.109947592 0.100164184 0.254040264 -0.071823588
800347 347.000000 17758100000347000 0.107495256 0.100692864 0.247802941 -0.031257135
800348 348.000000 17758100000348000 0.105013326 0.101026016 0.239053841 -0.099166017
800349 349.000000 17758100000349000 0.102511622 0.101131003 0.250755361 -0.138645244
800350 350.000000 17758100000350000 0.100000001 0.101529283 0.235831207 -0.169954870
800351 351.000000 17758100000351000 0.097488381 0.101786984 0.234720329 -0.192960181
800352 352.000000 17758100000352000 0.094986670 0.102051765 0.223002269 -0.217637360
800353 353.000000 17758100000353000 0.092504747 0.101890680 0.221795361 -0.221436906
800354 354.000000 17758100000354000 0.090052404 0.101934486 0.210810340 -0.269399653
800355 355.000000 17758100000355000 0.087639317 0.102420020 0.197723745 -0.285373451
800356 356.000000 17758100000356000 0.085275017 0.102973869 0.197132463 -0.296168797
800357 357.000000 17758100000357000 0.082968831 0.103094254 0.182292876 -0.361095197
800358 358.000000 17758100000358000 0.080729850 0.102942241 0.170683526 -0.358036688
800359 359.000000 17758100000359000 0.078566931 0.103080574 0.159206960 -0.358174332
800360 360.000000 17758100000360000 0.076488592 0.103243868 0.144138222 -0.388437908
800361 361.000000 17758100000361000 0.074503042 0.103446671 0.118371727 -0.421302118
800362 362.000000 17758100000362000 0.072618119 0.103629584 0.110921609 -0.444667655
800363 363.000000 17758100000363000 0.070841253 0.103793694 0.102530270 -0.417429288
800364 364.000000 17758100000364000 0.069179468 0.103981777 0.091393054 -0.450770650
800365 365.000000 17758100000365000 0.067639321 0.103660505 0.073224508 -0.445795353
800366 366.000000 17758100000366000 0.066226885 0.103722293 0.054628524 -0.470438615
800367 367.000000 17758100000367000 0.064947732 0.104188544 0.043661272 -0.466552909
800368 368.000000 17758100000368000 0.063806921 0.104024090 0.013800417 -0.472285412
800369 369.000000 17758100000369000 0.062808938 0.103811718 0.016910729 -0.469162475
800370 370.000000 17758100000370000 0.061957739 0.103818583 -0.003112337 -0.502145293
800371 371.000000 17758100000371000 0.061256673 0.103546691 -0.020950178 -0.487881706
800372 372.000000 17758100000372000 0.060708512 0.103995390 -0.043534022 -0.469874505
800373 373.000000 17758100000373000 0.060315412 0.104152449 -0.044288774 -0.461795764
800374 374.000000 17758100000374000 0.060078930 0.103593485 -0.063706434 -0.464177933
800375 375.000000 17758100000375000 0.059999999 0.103741003 -0.092589144 -0.426482012
800376 376.000000 17758100000376000 0.060078930 0.103800988 -0.097450602 -0.408165900
800377 377.000000 17758100000377000 0.060315412 0.103728860 -0.116742363 -0.390164078
800378 378.000000 17758100000378000 0.060708512 0.103258329 -0.126645538 -0.386346901
800379 379.000000 17758100000379000 0.061256673 0.102955234 -0.132646629 -0.388977926
800380 380.000000 17758100000380000 0.061957739 0.102912893 -0.143381022 -0.363245187
800381 381.000000 17758100000381000 0.062808938 0.103047632 -0.170331164 -0.315810490
800382 382.000000 17758100000382000 0.063806921 0.102721790 -0.170682803 -0.314381408
800383 383.000000 17758100000383000 0.064947732 0.102220131 -0.185467149 -0.298389368
800384 384.000000 17758100000384000 0.066226885 0.102673328 -0.197092957 -0.282313255
800385 385.000000 17758100000385000 0.067639321 0.102003226 -0.212344178 -0.250117571
800386 386.000000 17758100000386000 0.069179468 0.102107980 -0.216038906 -0.229720651
800387 387.000000 17758100000387000 0.070841253 0.101991194 -0.229780838 -0.204789694
800388 388.000000 17758100000388000 0.072618119 0.101605676 -0.231279839 -0.193295732
800389 389.000000 17758100000389000 0.074503042 0.101053367 -0.236958843 -0.161451821
800390 390.000000 17758100000390000 0.076488592 0.101279057 -0.252521684 -0.131094264
800391 391.000000 17758100000391000 0.078566931 0.100673363 -0.251945703 -0.098676472
800392 392.000000 17758100000392000 0.080729850 0.100208175 -0.247629690 -0.038694616
800393 393.000000 17758100000393000 0.082968831 0.100282335 -0.245830273 -0.013290538
800394 394.000000 17758100000394000 0.085275017 0.100352385 -0.255454766 0.008227270
800395 395.000000 17758100000395000 0.087639317 0.099692356 -0.247276355 0.017815662
800396 396.000000 17758100000396000 0.090052404 0.099436413 -0.247736085 0.076708646
800397 397.000000 17758100000397000 0.092504747 0.099335101 -0.244864199 0.081979694
800398 398.000000 17758100000398000 0.094986670 0.098763580 -0.247781194 0.115592090
800399 399.000000 17758100000399000 0.097488381 0.098783481 -0.249688415 0.147490854
800400 400.000000 17758100000400000 0.100000001 0.098011100 -0.240682742 0.195229334
800401 401.000000 17758100000401000 0.102511622 0.098247212 -0.225559639 0.191152239
800402 402.000000 17758100000402000 0.105013326 0.097999065 -0.221754835 0.228481481
800403 403.000000 17758100000403000 0.107495256 0.097671849 -0.218222686 0.257287466
800404 404.000000 17758100000404000 0.109947592 0.097778252 -0.212127345 0.273813902
800405 405.000000 17758100000405000 0.112360679 0.097440282 -0.203918770 0.308002084
800406 406.000000 17758100000406000 0.114724979 0.097040935 -0.179563320 0.312465535
800407 407.000000 17758100000407000 0.117031172 0.096874381 -0.175825333 0.361658377
800408 408.000000 17758100000408000 0.119270146 0.097125520 -0.166296427 0.389949007
800409 409.000000 17758100000409000 0.121433072 0.096748333 -0.153172463 0.395583782
800410 410.000000 17758100000410000 0.123511411 0.096581814 -0.140917358 0.401523713
800411 411.000000 17758100000411000 0.125496954 0.096238066 -0.119416282 0.438403334
800412 412.000000 17758100000412000 0.127381891 0.096423239 -0.104360294 0.401681216
800413 413.000000 17758100000413000 0.129158750 0.096195431 -0.099398098 0.441980840
800414 414.000000 17758100000414000 0.130820528 0.096287240 -0.080469642 0.459331718
800415 415.000000 17758100000415000 0.132360682 0.096063610 -0.069668920 0.448664251
800416 416.000000 17758100000416000 0.133773118 0.096106442 -0.060924490 0.501843759
800417 417.000000 17758100000417000 0.135052264 0.096061791 -0.044179775 0.482719065
800418 418.000000 17758100000418000 0.136193082 0.096633993 -0.037044993 0.451362392
800419 419.000000 17758100000419000 0.137191057 0.095978741 -0.019303531 0.435066276
800420 420.000000 17758100000420000 0.138042256 0.096006458 0.004174402 0.480104799
800421 421.000000 17758100000421000 0.138743326 0.096039273 0.024688116 0.472966175
800422 422.000000 17758100000422000 0.139291495 0.095611126 0.046206595 0.474808799
800423 423.000000 17758100000423000 0.139684588 0.095813921 0.053970026 0.469372523
800424 424.000000 17758100000424000 0.139921069 0.096031057 0.066634285 0.448300356
800425 425.000000 17758100000425000 0.140000001 0.096090907 0.087164723 0.453015719
800426 426.000000 17758100000426000 0.139921069 0.096416226 0.093882171 0.434176420
800427 427.000000 17758100000427000 0.139684588 0.096649889 0.106736490 0.411781764
800428 428.000000 17758100000428000 0.139291495 0.097010631 0.131009247 0.399524117
800429 429.000000 17758100000429000 0.138743326 0.096868676 0.137942251 0.398806331
800430 430.000000 17758100000430000 0.138042256 0.096979735 0.148574788 0.400745680
800431 431.000000 17758100000431000 0.137191057 0.097533749 0.168162160 0.369585883
800432 432.000000 17758100000432000 0.136193082 0.097249725 0.188918920 0.334229275
800433 433.000000 17758100000433000 0.135052264 0.097301160 0.191613593 0.288915024
800434 434.000000 17758100000434000 0.133773118 0.097352950 0.196033046 0.276468416
800435 435.000000 17758100000435000 0.132360682 0.097952553 0.201375836 0.264613647
800436 436.000000 17758100000436000 0.130820528 0.098133712 0.222550001 0.228648212
800437 437.000000 17758100000437000 0.129158750 0.098145714 0.228808273 0.217233777
800438 438.000000 17758100000438000 0.127381891 0.098700497 0.236469716 0.179168431
800439 439.000000 17758100000439000 0.125496954 0.098689247 0.229684535 0.138111509
800440 440.000000 17758100000440000 0.123511411 0.098595272 0.243557989 0.128190457
800441 441.000000 17758100000441000 0.121433072 0.099571153 0.242379208 0.109210228
800442 442.000000 17758100000442000 0.119270146 0.099293562 0.256449148 0.071498262
800443 443.000000 17758100000443000 0.117031172 0.099878283 0.253585896 0.060129886
800444 444.000000 17758100000444000 0.114724979 0.100438660 0.251264066 -0.001435059
800445 445.000000 17758100000445000 0.112360679 0.100176224 0.250733012 -0.012951710
800446 446.000000 17758100000446000 0.109947592 0.100409958 0.249854750 -0.041203966
800447 447.000000 17758100000447000 0.107495256 0.100932942 0.249918926 -0.106029441
800448 448.000000 17758100000448000 0.105013326 0.100975545 0.241203872 -0.133427440
800449 449.000000 17758100000449000 0.102511622 0.101180129 0.244295722 -0.142634273
800450 450.000000 17758100000450000 0.100000001 0.101153016 0.243843424 -0.131350255
800451 451.000000 17758100000451000 0.097488381 0.101499469 0.226544982 -0.208672664
800452 452.000000 17758100000452000 0.094986670 0.102040192 0.227300722 -0.250019679
800453 453.000000 17758100000453000 0.092504747 0.102218377 0.213786487 -0.242463190
800454 454.000000 17758100000454000 0.090052404 0.102177138 0.216672616 -0.253835113
800455 455.000000 17758100000455000 0.087639317 0.102501028 0.199119920 -0.304199572
800456 456.000000 17758100000456000 0.085275017 0.102535548 0.186920084 -0.324976659
800457 457.000000 17758100000457000 0.082968831 0.102681755 0.176613088 -0.361921876
800458 458.000000 17758100000458000 0.080729850 0.103160115 0.167268290 -0.379801325
800459 459.000000 17758100000459000 0.078566931 0.103195833 0.145559234 -0.390153841
800460 460.000000 17758100000460000 0.076488592 0.103613512 0.144226637 -0.391512261
800461 461.000000 17758100000461000 0.074503042 0.103565183 0.130077285 -0.408706449
800462 462.000000 17758100000462000 0.072618119 0.103980156 0.110674703 -0.394497384
800463 463.000000 17758100000463000 0.070841253 0.103434284 0.096972450 -0.441702159
800464 464.000000 17758100000464000 0.069179468 0.103460890 0.090571988 -0.450818354
800465 465.000000 17758100000465000 0.067639321 0.103974504 0.072493034 -0.468661919
800466 466.000000 17758100000466000 0.066226885 0.103844395 0.054310699 -0.456184687
800467 467.000000 17758100000467000 0.064947732 0.104197978 0.033913787 -0.458002397
800468 468.000000 17758100000468000 0.063806921 0.103623934 0.033136358 -0.486238623
800469 469.000000 17758100000469000 0.062808938 0.104156894 0.007556475 -0.498234604
800470 470.000000 17758100000470000 0.061957739 0.103809909 -0.007076014 -0.454586757
800471 471.000000 17758100000471000 0.061256673 0.104032899 -0.026037968 -0.486177793
800472 472.000000 17758100000472000 0.060708512 0.104095796 -0.036940916 -0.468191156
800473 473.000000 17758100000473000 0.060315412 0.103675039 -0.049423141 -0.448827818
800474 474.000000 17758100000474000 0.060078930 0.103750149 -0.066291807 -0.459592359
800475 475.000000 17758100000475000 0.059999999 0.103710134 -0.072166072 -0.422055988
800476 476.000000 17758100000476000 0.060078930 0.103216555 -0.094357565 -0.427524102
800477 477.000000 17758100000477000 0.060315412 0.103958202 -0.110804911 -0.406476983
800478 478.000000 17758100000478000 0.060708512 0.103379564 -0.129121459 -0.397393750
800479 479.000000 17758100000479000 0.061256673 0.103076418 -0.140112405 -0.417386144
800480 480.000000 17758100000480000 0.061957739 0.103365699 -0.156387476 -0.383245740
800481 481.000000 17758100000481000 0.062808938 0.102903843 -0.165602948 -0.352972717
800482 482.000000 17758100000482000 0.063806921 0.102788996 -0.181027612 -0.329133131
800483 483.000000 17758100000483000 0.064947732 0.102475698 -0.194863447 -0.291878353
800484 484.000000 17758100000484000 0.066226885 0.102598728 -0.195250984 -0.295290474
800485 485.000000 17758100000485000 0.067639321 0.102012609 -0.218046228 -0.274000903
800486 486.000000 17758100000486000 0.069179468 0.102121694 -0.222802654 -0.236327858
800487 487.000000 17758100000487000 0.070841253 0.101654686 -0.226305881 -0.225064704
800488 488.000000 17758100000488000 0.072618119 0.101045342 -0.239169213 -0.205162155
800489 489.000000 17758100000489000 0.074503042 0.101686771 -0.239729024 -0.147550826
800490 490.000000 17758100000490000 0.076488592 0.101536009 -0.240265298 -0.137623389
800491 491.000000 17758100000491000 0.078566931 0.100487993 -0.250170115 -0.109333837
800492 492.000000 17758100000492000 0.080729850 0.100418889 -0.248530074 -0.081710824
800493 493.000000 17758100000493000 0.082968831 0.100438131 -0.252055046 -0.033625553
800494 494.000000 17758100000494000 0.085275017 0.100154271 -0.247275601 0.004513040
800495 495.000000 17758100000495000 0.087639317 0.099744953 -0.242387111 0.042215821
800496 496.000000 17758100000496000 0.090052404 0.099278836 -0.249965973 0.076499325
800497 497.000000 17758100000497000 0.092504747 0.098968060 -0.249752662 0.091535321
800498 498.000000 17758100000498000 0.094986670 0.099089739 -0.246304667 0.109259512
800499 499.000000 17758100000499000 0.097488381 0.098967332 -0.237809947 0.133993895
800500 500.000000 17758100000500000 0.100000001 0.098353085 -0.241767384 0.181919559
800501 501.000000 17758100000501000 0.102511622 0.098178761 -0.235307110 0.217684061
800502 502.000000 17758100000502000 0.105013326 0.098301284 -0.229603037 0.204226370
800503 503.000000 17758100000503000 0.107495256 0.098003747 -0.217400049 0.245175122
800504 504.000000 17758100000504000 0.109947592 0.097530205 -0.210020260 0.241339868
800505 505.000000 17758100000505000 0.112360679 0.097381366 -0.195882028 0.335428830
800506 506.000000 17758100000506000 0.114724979 0.097532705 -0.183374865 0.290461484
800507 507.000000 17758100000507000 0.117031172 0.096750585 -0.178138049 0.353070608
800508 508.000000 17758100000508000 0.119270146 0.096652232 -0.168904184 0.390774309
800509 509.000000 17758100000509000 0.121433072 0.097091549 -0.151214778 0.402636791
800510 510.000000 17758100000510000 0.123511411 0.096488525 -0.146878957 0.398286651
800511 511.000000 17758100000511000 0.125496954 0.096333255 -0.124686451 0.420866787
800512 512.000000 17758100000512000 0.127381891 0.096437988 -0.118046971 0.434755968
800513 513.000000 17758100000513000 0.129158750 0.096222279 -0.097952418 0.406917277
800514 514.000000 17758100000514000 0.130820528 0.095681933 -0.088016472 0.478236286
800515 515.000000 17758100000515000 0.132360682 0.096004298 -0.070458021 0.459863539
800516 516.000000 17758100000516000 0.133773118 0.096028435 -0.056492133 0.500649923
800517 517.000000 17758100000517000 0.135052264 0.095807808 -0.042049422 0.470382169
800518 518.000000 17758100000518000 0.136193082 0.095936610 -0.029117994 0.478608620
800519 519.000000 17758100000519000 0.137191057 0.096164908 -0.014772202 0.485338322
800520 520.000000 17758100000520000 0.138042256 0.095947156 0.001851332 0.470276285
800521 521.000000 17758100000521000 0.138743326 0.095770330 0.025956732 0.469567281
800522 522.000000 17758100000522000 0.139291495 0.095881110 0.038274135 0.484333327
800523 523.000000 17758100000523000 0.139684588 0.095988915 0.062157225 0.445318088
800524 524.000000 17758100000524000 0.139921069 0.096152174 0.071535422 0.440681367
800525 525.000000 17758100000525000 0.140000001 0.096033291 0.088842108 0.466011918
800526 526.000000 17758100000526000 0.139921069 0.096319713 0.101529139 0.447147320
800527 527.000000 17758100000527000 0.139684588 0.096295024 0.119082831 0.391981825
800528 528.000000 17758100000528000 0.139291495 0.096362085 0.127609381 0.399669239
800529 529.000000 17758100000529000 0.138743326 0.096764638 0.144378189 0.377539808
800530 530.000000 17758100000530000 0.138042256 0.096795942 0.150665241 0.361894500
800531 531.000000 17758100000531000 0.137191057 0.096876249 0.170849086 0.359042920
800532 532.000000 17758100000532000 0.136193082 0.097384685 0.184956548 0.354893241
800533 533.000000 17758100000533000 0.135052264 0.097094206 0.188671100 0.310689892
800534 534.000000 17758100000534000 0.133773118 0.097707610 0.190992027 0.258077305
800535 535.000000 17758100000535000 0.132360682 0.097744382 0.206650380 0.267272717
800536 536.000000 17758100000536000 0.130820528 0.097950781 0.216953122 0.232915617
800537 537.000000 17758100000537000 0.129158750 0.098379347 0.223035808 0.215029905
800538 538.000000 17758100000538000 0.127381891 0.098431986 0.233797539 0.168221164
800539 539.000000 17758100000539000 0.125496954 0.098702740 0.228972072 0.127124639
800540 540.000000 17758100000540000 0.123511411 0.098788173 0.238012144 0.135584018
800541 541.000000 17758100000541000 0.121433072 0.099144329 0.249534647 0.056005562
800542 542.000000 17758100000542000 0.119270146 0.099478434 0.249179459 0.087971022
800543 543.000000 17758100000543000 0.117031172 0.100107664 0.260142500 0.057717320
800544 544.000000 17758100000544000 0.114724979 0.100387327 0.254198990 0.000637991
800545 545.000000 17758100000545000 0.112360679 0.100303060 0.245376681 -0.034623160
800546 546.000000 17758100000546000 0.109947592 0.100468564 0.256052199 -0.077958571
800547 547.000000 17758100000547000 0.107495256 0.100995285 0.246366401 -0.084052556
800548 548.000000 17758100000548000 0.105013326 0.100748022 0.249127852 -0.122499765
800549 549.000000 17758100000549000 0.102511622 0.101093019 0.247161088 -0.134745932
800550 550.000000 17758100000550000 0.100000001 0.100664749 0.233683733 -0.198251942
800551 551.000000 17758100000551000 0.097488381 0.101718854 0.232223887 -0.208465335
800552 552.000000 17758100000552000 0.094986670 0.101914456 0.228840126 -0.225955629
800553 553.000000 17758100000553000 0.092504747 0.102117635 0.223406849 -0.249069011
800554 554.000000 17758100000554000 0.090052404 0.102012631 0.209337809 -0.275493843
800555 555.000000 17758100000555000 0.087639317 0.102616166 0.200629856 -0.295897309
800556 556.000000 17758100000556000 0.085275017 0.102595470 0.181868798 -0.331479164
800557 557.000000 17758100000557000 0.082968831 0.102492627 0.187720365 -0.322808659
800558 558.000000 17758100000558000 0.080729850 0.102985129 0.162608814 -0.393305515
800559 559.000000 17758100000559000 0.078566931 0.103591730 0.145248106 -0.386991070
800560 560.000000 17758100000560000 0.076488592 0.103496522 0.141532211 -0.393080949
800561 561.000000 17758100000561000 0.074503042 0.103410685 0.132514482 -0.423331864
800562 562.000000 17758100000562000 0.072618119 0.103622566 0.124923236 -0.447571454
800563 563.000000 17758100000563000 0.070841253 0.103539178 0.099021386 -0.432450657
800564 564.000000 17758100000564000 0.069179468 0.103806291 0.083388499 -0.470101946
800565 565.000000 17758100000565000 0.067639321 0.103666297 0.074390279 -0.457823526
800566 566.000000 17758100000566000 0.066226885 0.103892436 0.050768429 -0.473026172
800567 567.000000 17758100000567000 0.064947732 0.103960832 0.043788126 -0.496018210
800568 568.000000 17758100000568000 0.063806921 0.104007308 0.014153557 -0.461200604
800569 569.000000 17758100000569000 0.062808938 0.104055084 0.008711305 -0.480953147
800570 570.000000 17758100000570000 0.061957739 0.104032253 -0.013488734 -0.477873884
800571 571.000000 17758100000571000 0.061256673 0.104141641 -0.026011912 -0.453973021
800572 572.000000 17758100000572000 0.060708512 0.104003289 -0.035647074 -0.427860496
800573 573.000000 17758100000573000 0.060315412 0.103788254 -0.054576641 -0.488822551
800574 574.000000 17758100000574000 0.060078930 0.103850211 -0.069467435 -0.462790400
800575 575.000000 17758100000575000 0.059999999 0.103729641 -0.094463468 -0.478305216
800576 576.000000 17758100000576000 0.060078930 0.103451641 -0.106364373 -0.453991964
800577 577.000000 17758100000577000 0.060315412 0.103807358 -0.118611721 -0.395968989
800578 578.000000 17758100000578000 0.060708512 0.103271218 -0.132514946 -0.406036417
800579 579.000000 17758100000579000 0.061256673 0.103266975 -0.138962166 -0.365105653
800580 580.000000 17758100000580000 0.061957739 0.103127945 -0.162235611 -0.370075414
800581 581.000000 17758100000581000 0.062808938 0.103170910 -0.173491875 -0.372012800
800582 582.000000 17758100000582000 0.063806921 0.102852982 -0.179187849 -0.346823729
800583 583.000000 17758100000583000 0.064947732 0.102280756 -0.194495095 -0.323753435
800584 584.000000 17758100000584000 0.066226885 0.102290115 -0.198489209 -0.273482646
800585 585.000000 17758100000585000 0.067639321 0.102321720 -0.219430502 -0.260464968
800586 586.000000 17758100000586000 0.069179468 0.102210523 -0.207614489 -0.235232198
800587 587.000000 17758100000587000 0.070841253 0.101602330 -0.223635608 -0.225522736
800588 588.000000 17758100000588000 0.072618119 0.101330053 -0.221117771 -0.204902301
800589 589.000000 17758100000589000 0.074503042 0.101463854 -0.230334825 -0.181106473
800590 590.000000 17758100000590000 0.076488592 0.100829622 -0.241201061 -0.140129135
800591 591.000000 17758100000591000 0.078566931 0.100699132 -0.249323837 -0.112800530
800592 592.000000 17758100000592000 0.080729850 0.100474939 -0.248021190 -0.055766508
800593 593.000000 17758100000593000 0.082968831 0.100522418 -0.251737247 -0.085014165
800594 594.000000 17758100000594000 0.085275017 0.099985578 -0.258826808 -0.014299477
800595 595.000000 17758100000595000 0.087639317 0.099387872 -0.247044291 0.015646557
800596 596.000000 17758100000596000 0.090052404 0.099420192 -0.242361953 0.064279805
800597 597.000000 17758100000597000 0.092504747 0.099359156 -0.250398099 0.091652836
800598 598.000000 17758100000598000 0.094986670 0.099058282 -0.243956838 0.130160819
800599 599.000000 17758100000599000 0.097488381 0.098783371 -0.242721410 0.123928435
800600 600.000000 17758100000600000 0.100000001 0.098461172 -0.234151952 0.159221770
800601 601.000000 17758100000601000 0.102511622 0.098356352 -0.237953578 0.208995863
800602 602.000000 17758100000602000 0.105013326 0.098381033 -0.220621255 0.219961354
800603 603.000000 17758100000603000 0.107495256 0.097872008 -0.213258222 0.255583351
800604 604.000000 17758100000604000 0.109947592 0.097647424 -0.209191610 0.250590441
800605 605.000000 17758100000605000 0.112360679 0.097515435 -0.194572368 0.318656474
800606 606.000000 17758100000606000 0.114724979 0.097180942 -0.190142443 0.321181451
800607 607.000000 17758100000607000 0.117031172 0.097166587 -0.179679008 0.362918951
800608 608.000000 17758100000608000 0.119270146 0.096905424 -0.166781656 0.390651940
800609 609.000000 17758100000609000 0.121433072 0.096876718 -0.154395795 0.367638128
800610 610.000000 17758100000610000 0.123511411 0.096852458 -0.140881583 0.388809000
800611 611.000000 17758100000611000 0.125496954 0.096209736 -0.131610490 0.416372097
800612 612.000000 17758100000612000 0.127381891 0.096255475 -0.118808157 0.419426625
800613 613.000000 17758100000613000 0.129158750 0.096552143 -0.106543750 0.453451142
800614 614.000000 17758100000614000 0.130820528 0.096159431 -0.076966467 0.469483571
800615 615.000000 17758100000615000 0.132360682 0.096100550 -0.077599274 0.442506034
800616 616.000000 17758100000616000 0.133773118 0.095773454 -0.060470215 0.464531657
800617 617.000000 17758100000617000 0.135052264 0.096005074 -0.041024093 0.495859588
800618 618.000000 17758100000618000 0.136193082 0.096082012 -0.029388320 0.448934562
800619 619.000000 17758100000619000 0.137191057 0.096132669 -0.010680214 0.456708524
800620 620.000000 17758100000620000 0.138042256 0.096201946 0.005778400 0.488988766
800621 621.000000 17758100000621000 0.138743326 0.096061478 0.031537456 0.447425969
800622 622.000000 17758100000622000 0.139291495 0.095866519 0.042140466 0.479309302
800623 623.000000 17758100000623000 0.139684588 0.096041156 0.061544135 0.500476432
800624 624.000000 17758100000624000 0.139921069 0.096372529 0.062649351 0.471820418
800625 625.000000 17758100000625000 0.140000001 0.096363781 0.088489742 0.409287620
800626 626.000000 17758100000626000 0.139921069 0.096626700 0.099278465 0.431010273
800627 627.000000 17758100000627000 0.139684588 0.096770694 0.112410960 0.392680504
800628 628.000000 17758100000628000 0.139291495 0.096189541 0.131595462 0.388215708
800629 629.000000 17758100000629000 0.138743326 0.096783334 0.140870307 0.369308931
800630 630.000000 17758100000630000 0.138042256 0.097059351 0.148500570 0.359881359
800631 631.000000 17758100000631000 0.137191057 0.097247251 0.164750994 0.320133864
800632 632.000000 17758100000632000 0.136193082 0.097254897 0.181442079 0.307939104
800633 633.000000 17758100000633000 0.135052264 0.097444151 0.188919000 0.324099278
800634 634.000000 17758100000634000 0.133773118 0.097194092 0.199231924 0.292413015
800635 635.000000 17758100000635000 0.132360682 0.097897782 0.201480447 0.238221632
800636 636.000000 17758100000636000 0.130820528 0.098146740 0.218822589 0.236762973
800637 637.000000 17758100000637000 0.129158750 0.098021696 0.221152129 0.186185824
800638 638.000000 17758100000638000 0.127381891 0.098649823 0.230988187 0.202904572
800639 639.000000 17758100000639000 0.125496954 0.099071393 0.239584733 0.158194302
800640 640.000000 17758100000640000 0.123511411 0.098914709 0.246453310 0.131177334
800641 641.000000 17758100000641000 0.121433072 0.099174468 0.242523511 0.111661464
800642 642.000000 17758100000642000 0.119270146 0.099462971 0.248056018 0.060174648
800643 643.000000 17758100000643000 0.117031172 0.099689615 0.250779999 0.044039485
800644 644.000000 17758100000644000 0.114724979 0.099989660 0.260347975 0.030368827
800645 645.000000 17758100000645000 0.112360679 0.100024680 0.253067603 0.000090852
800646 646.000000 17758100000646000 0.109947592 0.100295776 0.257449062 -0.046189839
800647 647.000000 17758100000647000 0.107495256 0.101034463 0.248538547 -0.066862126
800648 648.000000 17758100000648000 0.105013326 0.100664529 0.242474419 -0.095906437
800649 649.000000 17758100000649000 0.102511622 0.101403702 0.242976148 -0.177370298
800650 650.000000 17758100000650000 0.100000001 0.101654537 0.228628610 -0.200497278
800651 651.000000 17758100000651000 0.097488381 0.101714336 0.234325220 -0.175067751
800652 652.000000 17758100000652000 0.094986670 0.101815511 0.211481335 -0.207396171
800653 653.000000 17758100000653000 0.092504747 0.102048010 0.218583678 -0.227896716
800654 654.000000 17758100000654000 0.090052404 0.102351513 0.208306573 -0.303556795
800655 655.000000 17758100000655000 0.087639317 0.102749871 0.204549268 -0.318840890
800656 656.000000 17758100000656000 0.085275017 0.102558337 0.190510942 -0.296479904
800657 657.000000 17758100000657000 0.082968831 0.103083668 0.176260949 -0.364234441
800658 658.000000 17758100000658000 0.080729850 0.102804658 0.170994588 -0.363267645
800659 659.000000 17758100000659000 0.078566931 0.102989056 0.152807165 -0.357298602
800660 660.000000 17758100000660000 0.076488592 0.103593430 0.143577898 -0.401247105
800661 661.000000 17758100000661000 0.074503042 0.103334328 0.136003769 -0.400514009
800662 662.000000 17758100000662000 0.072618119 0.103668098 0.108878069 -0.396555468
800663 663.000000 17758100000663000 0.070841253 0.103390187 0.097287967 -0.431962363
800664 664.000000 17758100000664000 0.069179468 0.103486877 0.079820659 -0.409275801
800665 665.000000 17758100000665000 0.067639321 0.103930101 0.071251307 -0.502333493
800666 666.000000 17758100000666000 0.066226885 0.103891963 0.053854935 -0.453769126
800667 667.000000 17758100000667000 0.064947732 0.104101764 0.037634031 -0.443436676
800668 668.000000 17758100000668000 0.063806921 0.104161144 0.016798864 -0.464615802
800669 669.000000 17758100000669000 0.062808938 0.104070363 0.008512628 -0.498418667
800670 670.000000 17758100000670000 0.061957739 0.103836149 -0.009724174 -0.471788988
800671 671.000000 17758100000671000 0.061256673 0.103785013 -0.028001377 -0.481571379
800672 672.000000 17758100000672000 0.060708512 0.103868727 -0.043125685 -0.460404714
800673 673.000000 17758100000673000 0.060315412 0.103805002 -0.052628784 -0.436986013
800674 674.000000 17758100000674000 0.060078930 0.103834749 -0.072105252 -0.456711847
800675 675.000000 17758100000675000 0.059999999 0.103801098 -0.074492278 -0.473199170
800676 676.000000 17758100000676000 0.060078930 0.103344154 -0.093485608 -0.449415269
800677 677.000000 17758100000677000 0.060315412 0.103614401 -0.120483702 -0.398070331
800678 678.000000 17758100000678000 0.060708512 0.103215704 -0.128431577 -0.363710100
800679 679.000000 17758100000679000 0.061256673 0.103668236 -0.142926796 -0.362602015
800680 680.000000 17758100000680000 0.061957739 0.103632273 -0.159580451 -0.352210561
800681 681.000000 17758100000681000 0.062808938 0.102895933 -0.172838583 -0.367947893
800682 682.000000 17758100000682000 0.063806921 0.102716809 -0.176654306 -0.300450918
800683 683.000000 17758100000683000 0.064947732 0.102496936 -0.187422208 -0.296191068
800684 684.000000 17758100000684000 0.066226885 0.102365460 -0.206177509 -0.305365647
800685 685.000000 17758100000685000 0.067639321 0.102109679 -0.207710610 -0.231011675
800686 686.000000 17758100000686000 0.069179468 0.102077833 -0.212305254 -0.235806407
800687 687.000000 17758100000687000 0.070841253 0.102052468 -0.228478083 -0.184691783
800688 688.000000 17758100000688000 0.072618119 0.101533775 -0.226355258 -0.158988541
800689 689.000000 17758100000689000 0.074503042 0.101243901 -0.227500835 -0.149978026
800690 690.000000 17758100000690000 0.076488592 0.101183338 -0.237803098 -0.131111675
800691 691.000000 17758100000691000 0.078566931 0.101078669 -0.252881946 -0.107348409
800692 692.000000 17758100000692000 0.080729850 0.100556737 -0.243619287 -0.085659594
800693 693.000000 17758100000693000 0.082968831 0.100174875 -0.253842156 -0.033355840
800694 694.000000 17758100000694000 0.085275017 0.100544361 -0.251286218 -0.006907315
800695 695.000000 17758100000695000 0.087639317 0.099707097 -0.248157325 0.028685096
800696 696.000000 17758100000696000 0.090052404 0.099229052 -0.248271557 -0.000257042
800697 697.000000 17758100000697000 0.092504747 0.099339964 -0.254069478 0.073238596
800698 698.000000 17758100000698000 0.094986670 0.098664434 -0.246376226 0.095035278
800699 699.000000 17758100000699000 0.097488381 0.098737555 -0.245004865 0.167179830
800700 700.000000 17758100000700000 0.100000001 0.098613439 -0.234689272 0.162447151
800701 701.000000 17758100000701000 0.102511622 0.097998682 -0.224941194 0.188605315
800702 702.000000 17758100000702000 0.105013326 0.098180379 -0.227957266 0.201217774
800703 703.000000 17758100000703000 0.107495256 0.097779017 -0.213602269 0.258306486
800704 704.000000 17758100000704000 0.109947592 0.097735302 -0.212571099 0.239293347
800705 705.000000 17758100000705000 0.112360679 0.097363373 -0.201536183 0.294665857
800706 706.000000 17758100000706000 0.114724979 0.097385055 -0.194204037 0.331218314
800707 707.000000 17758100000707000 0.117031172 0.097350766 -0.181071388 0.365868062
800708 708.000000 17758100000708000 0.119270146 0.096932447 -0.162367708 0.379766071
800709 709.000000 17758100000709000 0.121433072 0.096879632 -0.158640076 0.375071388
800710 710.000000 17758100000710000 0.123511411 0.096360077 -0.141905080 0.378177490
800711 711.000000 17758100000711000 0.125496954 0.096257592 -0.121988362 0.400460227
800712 712.000000 17758100000712000 0.127381891 0.096460027 -0.108394661 0.420871216
800713 713.000000 17758100000713000 0.129158750 0.096147456 -0.096531311 0.452602627
800714 714.000000 17758100000714000 0.130820528 0.096262512 -0.078250063 0.477718614
800715 715.000000 17758100000715000 0.132360682 0.095810783 -0.072352984 0.489007203
800716 716.000000 17758100000716000 0.133773118 0.096349534 -0.050509264 0.480364882
800717 717.000000 17758100000717000 0.135052264 0.096301592 -0.039315174 0.460875138
800718 718.000000 17758100000718000 0.136193082 0.096314653 -0.025131918 0.478375015
800719 719.000000 17758100000719000 0.137191057 0.096291345 -0.004134818 0.473616694
800720 720.000000 17758100000720000 0.138042256 0.095959382 0.010812954 0.461374476
800721 721.000000 17758100000721000 0.138743326 0.095622217 0.022391310 0.471357101
800722 722.000000 17758100000722000 0.139291495 0.095945680 0.039704152 0.453259559
800723 723.000000 17758100000723000 0.139684588 0.096135307 0.058632254 0.489716563
800724 724.000000 17758100000724000 0.139921069 0.095880328 0.070225834 0.450585279
800725 725.000000 17758100000725000 0.140000001 0.096185574 0.086781788 0.451308409
800726 726.000000 17758100000726000 0.139921069 0.096393728 0.093208974 0.452335823
800727 727.000000 17758100000727000 0.139684588 0.096425347 0.118830036 0.408696916
800728 728.000000 17758100000728000 0.139291495 0.096561436 0.127775916 0.395953567
800729 729.000000 17758100000729000 0.138743326 0.096923749 0.138102459 0.371536999
800730 730.000000 17758100000730000 0.138042256 0.097010044 0.160396588 0.390694875
800731 731.000000 17758100000731000 0.137191057 0.097126703 0.171045927 0.370935558
800732 732.000000 17758100000732000 0.136193082 0.097360071 0.174619959 0.312357054
800733 733.000000 17758100000733000 0.135052264 0.097443493 0.188082154 0.309695239
800734 734.000000 17758100000734000 0.133773118 0.097576549 0.197039664 0.304564662
800735 735.000000 17758100000735000 0.132360682 0.097893825 0.218894647 0.232629032
800736 736.000000 17758100000736000 0.130820528 0.098007053 0.223951577 0.217688729
800737 737.000000 17758100000737000 0.129158750 0.098503499 0.219363456 0.181593756
800738 738.000000 17758100000738000 0.127381891 0.098162769 0.222606964 0.159861315
800739 739.000000 17758100000739000 0.125496954 0.098944611 0.236313834 0.115806681
800740 740.000000 17758100000740000 0.123511411 0.098889722 0.252489160 0.145991513
800741 741.000000 17758100000741000 0.121433072 0.099373995 0.244840744 0.117726137
800742 742.000000 17758100000742000 0.119270146 0.099475720 0.248909077 0.071827510
800743 743.000000 17758100000743000 0.117031172 0.099854172 0.248555438 0.018601724
800744 744.000000 17758100000744000 0.114724979 0.100152923 0.258536054 0.005917479
800745 745.000000 17758100000745000 0.112360679 0.100309655 0.253939650 -0.023731778
800746 746.000000 17758100000746000 0.109947592 0.100577814 0.251769184 -0.049418972
800747 747.000000 17758100000747000 0.107495256 0.100777071 0.257915360 -0.067098627
800748 748.000000 17758100000748000 0.105013326 0.100916264 0.243479071 -0.133712808
800749 749.000000 17758100000749000 0.102511622 0.101051400 0.249713852 -0.153266842
800750 750.000000 17758100000750000 0.100000001 0.101761351 0.240752749 -0.175757681
800751 751.000000 17758100000751000 0.097488381 0.101727311 0.235968174 -0.189861645
800752 752.000000 17758100000752000 0.094986670 0.102172610 0.218084230 -0.234421438
800753 753.000000 17758100000753000 0.092504747 0.101861858 0.215497932 -0.258236522
800754 754.000000 17758100000754000 0.090052404 0.102263418 0.212484187 -0.264988737
800755 755.000000 17758100000755000 0.087639317 0.102773596 0.201263883 -0.304501264
800756 756.000000 17758100000756000 0.085275017 0.102661920 0.187488373 -0.312433983
800757 757.000000 17758100000757000 0.082968831 0.102746594 0.176187484 -0.324505183
800758 758.000000 17758100000758000 0.080729850 0.103127408 0.172519613 -0.360660569
800759 759.000000 17758100000759000 0.078566931 0.103154805 0.160335885 -0.377601650
800760 760.000000 17758100000760000 0.076488592 0.103194790 0.148038876 -0.434027016
800761 761.000000 17758100000761000 0.074503042 0.103496639 0.118003771 -0.380894053
800762 762.000000 17758100000762000 0.072618119 0.103587720 0.117481996 -0.429557480
800763 763.000000 17758100000763000 0.070841253 0.103583196 0.101987555 -0.443798430
800764 764.000000 17758100000764000 0.069179468 0.104015636 0.087954371 -0.428517510
800765 765.000000 17758100000765000 0.067639321 0.104038613 0.070317619 -0.465812718
800766 766.000000 17758100000766000 0.066226885 0.104234660 0.053798728 -0.473479480
800767 767.000000 17758100000767000 0.064947732 0.104042705 0.043636519 -0.458178316
800768 768.000000 17758100000768000 0.063806921 0.103679473 0.026052444 -0.445444718
800769 769.000000 17758100000769000 0.062808938 0.103682780 0.007510934 -0.508506295
800770 770.000000 17758100000770000 0.061957739 0.103952546 -0.000752258 -0.453143790
800771 771.000000 17758100000771000 0.061256673 0.103932966 -0.020106248 -0.471415818
800772 772.000000 17758100000772000 0.060708512 0.103656182 -0.037865265 -0.452881701
800773 773.000000 17758100000773000 0.060315412 0.103806004 -0.052126626 -0.469390373
800774 774.000000 17758100000774000 0.060078930 0.103674744 -0.065523089 -0.444893629
800775 775.000000 17758100000775000 0.059999999 0.103499503 -0.080552967 -0.447289392
800776 776.000000 17758100000776000 0.060078930 0.103816605 -0.104213516 -0.405284853
800777 777.000000 17758100000777000 0.060315412 0.103419610 -0.117797919 -0.409972909
800778 778.000000 17758100000778000 0.060708512 0.103260872 -0.135785859 -0.416686308
800779 779.000000 17758100000779000 0.061256673 0.103277507 -0.148558239 -0.381371553
800780 780.000000 17758100000780000 0.061957739 0.103419425 -0.158682391 -0.366905392
800781 781.000000 17758100000781000 0.062808938 0.102922925 -0.162461477 -0.357694503
800782 782.000000 17758100000782000 0.063806921 0.102939106 -0.169756495 -0.358108669
800783 783.000000 17758100000783000 0.064947732 0.102544178 -0.181886293 -0.310693365
800784 784.000000 17758100000784000 0.066226885 0.102509370 -0.198128872 -0.288321873
800785 785.000000 17758100000785000 0.067639321 0.101885900 -0.206437208 -0.283765405
800786 786.000000 17758100000786000 0.069179468 0.101891562 -0.215167665 -0.241828656
800787 787.000000 17758100000787000 0.070841253 0.101718840 -0.218544777 -0.238901301
800788 788.000000 17758100000788000 0.072618119 0.101484645 -0.224748759 -0.189796674
800789 789.000000 17758100000789000 0.074503042 0.101187372 -0.230543418 -0.161299221
800790 790.000000 17758100000790000 0.076488592 0.101138591 -0.237487485 -0.105327613
800791 791.000000 17758100000791000 0.078566931 0.100865177 -0.246576515 -0.098327533
800792 792.000000 17758100000792000 0.080729850 0.100554711 -0.252993656 -0.064075919
800793 793.000000 17758100000793000 0.082968831 0.100504736 -0.252602064 -0.000083992
800794 794.000000 17758100000794000 0.085275017 0.099824749 -0.248387282 0.008860733
800795 795.000000 17758100000795000 0.087639317 0.099628281 -0.252083159 0.020966412
800796 796.000000 17758100000796000 0.090052404 0.099409065 -0.247923639 0.075320791
800797 797.000000 17758100000797000 0.092504747 0.099242125 -0.258190178 0.066183473
800798 798.000000 17758100000798000 0.094986670 0.098837717 -0.242503753 0.123529683
800799 799.000000 17758100000799000 0.097488381 0.098599890 -0.237133026 0.184930634
800800 800.000000 17758100000800000 0.100000001 0.098374864 -0.227919627 0.174732320
800801 801.000000 17758100000801000 0.102511622 0.098667798 -0.229765896 0.189023420
800802 802.000000 17758100000802000 0.105013326 0.098025477 -0.224264815 0.227714315
800803 803.000000 17758100000803000 0.107495256 0.097809132 -0.219893414 0.232258559
800804 804.000000 17758100000804000 0.109947592 0.097432948 -0.208161631 0.304999400
800805 805.000000 17758100000805000 0.112360679 0.097493405 -0.196280782 0.266139433
800806 806.000000 17758100000806000 0.114724979 0.097333727 -0.194385157 0.332313064
800807 807.000000 17758100000807000 0.117031172 0.096516658 -0.183354324 0.343675785
800808 808.000000 17758100000808000 0.119270146 0.096518865 -0.165929053 0.371854715
800809 809.000000 17758100000809000 0.121433072 0.096867852 -0.162353476 0.370134147
800810 810.000000 17758100000810000 0.123511411 0.096556898 -0.149089860 0.374442494
800811 811.000000 17758100000811000 0.125496954 0.096806538 -0.127310777 0.383265571
800812 812.000000 17758100000812000 0.127381891 0.096281761 -0.115694528 0.412982082
800813 813.000000 17758100000813000 0.129158750 0.096388318 -0.095122548 0.417893726
800814 814.000000 17758100000814000 0.130820528 0.096274543 -0.096107676 0.448577339
800815 815.000000 17758100000815000 0.132360682 0.096320521 -0.075201334 0.439424848
800816 816.000000 17758100000816000 0.133773118 0.096118002 -0.051983663 0.476781337
800817 817.000000 17758100000817000 0.135052264 0.095919902 -0.038399790 0.460508676
800818 818.000000 17758100000818000 0.136193082 0.096051014 -0.028736602 0.461053784
800819 819.000000 17758100000819000 0.137191057 0.096010282 -0.010203367 0.474610072
800820 820.000000 17758100000820000 0.138042256 0.096201314 0.002920922 0.489214626
800821 821.000000 17758100000821000 0.138743326 0.096054962 0.022096005 0.515513434
800822 822.000000 17758100000822000 0.139291495 0.096188361 0.044123434 0.473930613
800823 823.000000 17758100000823000 0.139684588 0.096432545 0.046639845 0.480089438
800824 824.000000 17758100000824000 0.139921069 0.096377429 0.062680060 0.460954535
800825 825.000000 17758100000825000 0.140000001 0.096500069 0.084821853 0.450512105
800826 826.000000 17758100000826000 0.139921069 0.096588200 0.094808108 0.450077375
800827 827.000000 17758100000827000 0.139684588 0.096554702 0.121872609 0.431726705
800828 828.000000 17758100000828000 0.139291495 0.096226043 0.129129754 0.415533900
800829 829.000000 17758100000829000 0.138743326 0.096497129 0.145125113 0.382370258
800830 830.000000 17758100000830000 0.138042256 0.096926687 0.146678773 0.332031809
800831 831.000000 17758100000831000 0.137191057 0.096768034 0.160467115 0.358562722
800832 832.000000 17758100000832000 0.136193082 0.097334188 0.172834969 0.339208092
800833 833.000000 17758100000833000 0.135052264 0.097169717 0.189694478 0.329332926
800834 834.000000 17758100000834000 0.133773118 0.097739175 0.200305984 0.257923519
800835 835.000000 17758100000835000 0.132360682 0.097898232 0.213962998 0.257853298
800836 836.000000 17758100000836000 0.130820528 0.098140020 0.216876557 0.256717985
800837 837.000000 17758100000837000 0.129158750 0.098346016 0.220814632 0.209470340
800838 838.000000 17758100000838000 0.127381891 0.098133919 0.234072575 0.182782954
800839 839.000000 17758100000839000 0.125496954 0.098704329 0.235047875 0.169247380
800840 840.000000 17758100000840000 0.123511411 0.099087015 0.229300744 0.144172763
800841 841.000000 17758100000841000 0.121433072 0.099145147 0.244853205 0.096054174
800842 842.000000 17758100000842000 0.119270146 0.099585230 0.248692597 0.086480553
800843 843.000000 17758100000843000 0.117031172 0.099599699 0.246676883 0.064976362
800844 844.000000 17758100000844000 0.114724979 0.099901442 0.243053540 -0.004830066
800845 845.000000 17758100000845000 0.112360679 0.100383707 0.245750771 -0.022462773
800846 846.000000 17758100000846000 0.109947592 0.100836854 0.252749442 -0.091761128
800847 847.000000 17758100000847000 0.107495256 0.100886482 0.259385650 -0.046943818
800848 848.000000 17758100000848000 0.105013326 0.100747940 0.243063350 -0.094801055
800849 849.000000 17758100000849000 0.102511622 0.101191203 0.248200575 -0.110244607
800850 850.000000 17758100000850000 0.100000001 0.101675663 0.236107760 -0.156888795
800851 851.000000 17758100000851000 0.097488381 0.101880175 0.231638610 -0.205896842
800852 852.000000 17758100000852000 0.094986670 0.101966834 0.222643730 -0.241228102
800853 853.000000 17758100000853000 0.092504747 0.102159222 0.216638826 -0.257696420
800854 854.000000 17758100000854000 0.090052404 0.102445257 0.201934768 -0.274219279
800855 855.000000 17758100000855000 0.087639317 0.102800271 0.202451952 -0.306073549
800856 856.000000 17758100000856000 0.085275017 0.102472457 0.192030010 -0.323848907
800857 857.000000 17758100000857000 0.082968831 0.102633713 0.174232190 -0.349741249
800858 858.000000 17758100000858000 0.080729850 0.103077854 0.168374464 -0.379346344
800859 859.000000 17758100000859000 0.078566931 0.103345952 0.156256168 -0.384880386
800860 860.000000 17758100000860000 0.076488592 0.103366871 0.149763827 -0.390562674
800861 861.000000 17758100000861000 0.074503042 0.103725719 0.124081286 -0.418758575
800862 862.000000 17758100000862000 0.072618119 0.103754322 0.111120364 -0.462110160
800863 863.000000 17758100000863000 0.070841253 0.103884315 0.110817830 -0.454926022
800864 864.000000 17758100000864000 0.069179468 0.103490382 0.078722263 -0.448128229
800865 865.000000 17758100000865000 0.067639321 0.103764506 0.067807669 -0.464601980
800866 866.000000 17758100000866000 0.066226885 0.103849489 0.057700480 -0.471342195
800867 867.000000 17758100000867000 0.064947732 0.104245417 0.038879072 -0.498537313
800868 868.000000 17758100000868000 0.063806921 0.104198081 0.031202612 -0.439025404
800869 869.000000 17758100000869000 0.062808938 0.104051611 0.013832099 -0.447440570
800870 870.000000 17758100000870000 0.061957739 0.104187822 -0.014060696 -0.485460619
800871 871.000000 17758100000871000 0.061256673 0.103902061 -0.030096790 -0.480054040
800872 872.000000 17758100000872000 0.060708512 0.103935945 -0.049021306 -0.459398340
800873 873.000000 17758100000873000 0.060315412 0.104050981 -0.057922249 -0.483589805
800874 874.000000 17758100000874000 0.060078930 0.104072637 -0.064630834 -0.479344866
800875 875.000000 17758100000875000 0.059999999 0.104060176 -0.079843390 -0.409145141
800876 876.000000 17758100000876000 0.060078930 0.103845306 -0.108798237 -0.405111245
800877 877.000000 17758100000877000 0.060315412 0.103728305 -0.111089110 -0.421746056
800878 878.000000 17758100000878000 0.060708512 0.103468104 -0.118915710 -0.378717543
800879 879.000000 17758100000879000 0.061256673 0.103298190 -0.135164925 -0.402751690
800880 880.000000 17758100000880000 0.061957739 0.102998122 -0.153233224 -0.362671960
800881 881.000000 17758100000881000 0.062808938 0.102820833 -0.169211250 -0.312621030
800882 882.000000 17758100000882000 0.063806921 0.102556024 -0.182940617 -0.334821934
800883 883.000000 17758100000883000 0.064947732 0.102831522 -0.187581178 -0.294348932
800884 884.000000 17758100000884000 0.066226885 0.102584503 -0.197504562 -0.289120870
800885 885.000000 17758100000885000 0.067639321 0.102256604 -0.215164781 -0.270173617
800886 886.000000 17758100000886000 0.069179468 0.102053340 -0.215612349 -0.225993964
800887 887.000000 17758100000887000 0.070841253 0.101103811 -0.225350130 -0.213847302
800888 888.000000 17758100000888000 0.072618119 0.101471254 -0.230078058 -0.173081008
800889 889.000000 17758100000889000 0.074503042 0.101020712 -0.240901935 -0.119094993
800890 890.000000 17758100000890000 0.076488592 0.101191103 -0.246158720 -0.140618267
800891 891.000000 17758100000891000 0.078566931 0.100950572 -0.247805073 -0.117066195
800892 892.000000 17758100000892000 0.080729850 0.100611134 -0.249498684 -0.045889197
800893 893.000000 17758100000893000 0.082968831 0.100049426 -0.258347452 -0.053909496
800894 894.000000 17758100000894000 0.085275017 0.100250280 -0.245359525 -0.006524064
800895 895.000000 17758100000895000 0.087639317 0.099721513 -0.245841682 0.012679675
800896 896.000000 17758100000896000 0.090052404 0.099727684 -0.242865487 0.065739565
800897 897.000000 17758100000897000 0.092504747 0.099336999 -0.254615621 0.113962898
800898 898.000000 17758100000898000 0.094986670 0.098997978 -0.250167847 0.106693680
800899 899.000000 17758100000899000 0.097488381 0.098963659 -0.245391256 0.153909242
800900 900.000000 17758100000900000 0.100000001 0.098491889 -0.238254753 0.171982783
800901 901.000000 17758100000901000 0.102511622 0.098174304 -0.222754798 0.198557042
800902 902.000000 17758100000902000 0.105013326 0.098389859 -0.224885577 0.227265265
800903 903.000000 17758100000903000 0.107495256 0.097652511 -0.220303708 0.287896693
800904 904.000000 17758100000904000 0.109947592 0.098069614 -0.207224181 0.269944379
800905 905.000000 17758100000905000 0.112360679 0.097183505 -0.192999200 0.338263785
800906 906.000000 17758100000906000 0.114724979 0.097421296 -0.193191587 0.343138404
800907 907.000000 17758100000907000 0.117031172 0.097051649 -0.174411501 0.340146582
800908 908.000000 17758100000908000 0.119270146 0.096945111 -0.162738813 0.317861436
800909 909.000000 17758100000909000 0.121433072 0.096642029 -0.157643898 0.398277655
800910 910.000000 17758100000910000 0.123511411 0.096351893 -0.137599544 0.416407904
800911 911.000000 17758100000911000 0.125496954 0.096570209 -0.123600568 0.377473170
800912 912.000000 17758100000912000 0.127381891 0.096460149 -0.116299534 0.414089296
800913 913.000000 17758100000913000 0.129158750 0.096011419 -0.113284590 0.447054992
800914 914.000000 17758100000914000 0.130820528 0.096072005 -0.083939948 0.467745562
800915 915.000000 17758100000915000 0.132360682 0.096423315 -0.064450711 0.446784109
800916 916.000000 17758100000916000 0.133773118 0.096153131 -0.053933972 0.459914598
800917 917.000000 17758100000917000 0.135052264 0.096270428 -0.043915477 0.503897861
800918 918.000000 17758100000918000 0.136193082 0.096053777 -0.032488776 0.477402246
800919 919.000000 17758100000919000 0.137191057 0.096277427 -0.003530207 0.474101223
800920 920.000000 17758100000920000 0.138042256 0.096275487 0.005732753 0.464027164
800921 921.000000 17758100000921000 0.138743326 0.095780108 0.025447001 0.477014004
800922 922.000000 17758100000922000 0.139291495 0.095935399 0.033931780 0.454426047
800923 923.000000 17758100000923000 0.139684588 0.095958432 0.050396007 0.443453024
800924 924.000000 17758100000924000 0.139921069 0.096458497 0.069343460 0.445822467
800925 925.000000 17758100000925000 0.140000001 0.096411148 0.084502132 0.432165536
800926 926.000000 17758100000926000 0.139921069 0.096870462 0.107013710 0.416680097
800927 927.000000 17758100000927000 0.139684588 0.096346693 0.109492860 0.456321379
800928 928.000000 17758100000928000 0.139291495 0.096896806 0.136194725 0.405295410
800929 929.000000 17758100000929000 0.138743326 0.096731863 0.145980010 0.415155597
800930 930.000000 17758100000930000 0.138042256 0.096738912 0.147575224 0.338481697
800931 931.000000 17758100000931000 0.137191057 0.097261636 0.170850653 0.333024931
800932 932.000000 17758100000932000 0.136193082 0.097454253 0.183411475 0.338122623
800933 933.000000 17758100000933000 0.135052264 0.097296306 0.184216410 0.280037226
800934 934.000000 17758100000934000 0.133773118 0.097718279 0.198914167 0.241590845
800935 935.000000 17758100000935000 0.132360682 0.097962207 0.208344224 0.280825425
800936 936.000000 17758100000936000 0.130820528 0.098014530 0.223249495 0.244306061
800937 937.000000 17758100000937000 0.129158750 0.098284414 0.224770654 0.200632300
800938 938.000000 17758100000938000 0.127381891 0.098182921 0.228186547 0.208751758
800939 939.000000 17758100000939000 0.125496954 0.098400378 0.226508445 0.194467966
800940 940.000000 17758100000940000 0.123511411 0.099010406 0.245403511 0.172030152
800941 941.000000 17758100000941000 0.121433072 0.098655661 0.236296009 0.098205426
800942 942.000000 17758100000942000 0.119270146 0.099281443 0.258237301 0.075603324
800943 943.000000 17758100000943000 0.117031172 0.100078714 0.246974991 0.024228408
800944 944.000000 17758100000944000 0.114724979 0.099938358 0.244588059 0.021568706
800945 945.000000 17758100000945000 0.112360679 0.100119315 0.255768314 -0.047358975
800946 946.000000 17758100000946000 0.109947592 0.100433641 0.248177165 -0.015159725
800947 947.000000 17758100000947000 0.107495256 0.100648961 0.245740405 -0.056684989
800948 948.000000 17758100000948000 0.105013326 0.100760545 0.236067246 -0.101888212
800949 949.000000 17758100000949000 0.102511622 0.101232993 0.241895398 -0.126356446
800950 950.000000 17758100000950000 0.100000001 0.101597223 0.239132037 -0.194410276
800951 951.000000 17758100000951000 0.097488381 0.101666386 0.224239091 -0.213567673
800952 952.000000 17758100000952000 0.094986670 0.102180028 0.219441587 -0.220030888
800953 953.000000 17758100000953000 0.092504747 0.102133853 0.208091597 -0.226768495
800954 954.000000 17758100000954000 0.090052404 0.102732636 0.207129298 -0.270895447
800955 955.000000 17758100000955000 0.087639317 0.102857209 0.206495646 -0.268784598
800956 956.000000 17758100000956000 0.085275017 0.102638513 0.194045982 -0.300630029
800957 957.000000 17758100000957000 0.082968831 0.102806700 0.170488543 -0.324738266
800958 958.000000 17758100000958000 0.080729850 0.103337537 0.169839140 -0.367368976
800959 959.000000 17758100000959000 0.078566931 0.103349740 0.158288342 -0.386818501
800960 960.000000 17758100000960000 0.076488592 0.103244481 0.142231550 -0.414638096
800961 961.000000 17758100000961000 0.074503042 0.103378985 0.126735866 -0.372651035
800962 962.000000 17758100000962000 0.072618119 0.103616985 0.121768884 -0.432945022
800963 963.000000 17758100000963000 0.070841253 0.103567229 0.106365991 -0.444721923
800964 964.000000 17758100000964000 0.069179468 0.103538802 0.089175503 -0.456139498
800965 965.000000 17758100000965000 0.067639321 0.103822224 0.074373048 -0.473165934
800966 966.000000 17758100000966000 0.066226885 0.103436117 0.052281034 -0.436646010
800967 967.000000 17758100000967000 0.064947732 0.104033985 0.039081174 -0.460981742
800968 968.000000 17758100000968000 0.063806921 0.104198326 0.032946382 -0.484846956
800969 969.000000 17758100000969000 0.062808938 0.104396990 0.004008385 -0.477609793
800970 970.000000 17758100000970000 0.061957739 0.103804826 0.000107664 -0.511661431
800971 971.000000 17758100000971000 0.061256673 0.103971985 -0.016970488 -0.428531485
800972 972.000000 17758100000972000 0.060708512 0.104165066 -0.040900009 -0.456148249
800973 973.000000 17758100000973000 0.060315412 0.103770848 -0.047494252 -0.470891430
800974 974.000000 17758100000974000 0.060078930 0.103911923 -0.066613041 -0.458989184
800975 975.000000 17758100000975000 0.059999999 0.103612192 -0.080425025 -0.448789720
800976 976.000000 17758100000976000 0.060078930 0.103620191 -0.088470141 -0.403881382
800977 977.000000 17758100000977000 0.060315412 0.103529691 -0.116021300 -0.419430395
800978 978.000000 17758100000978000 0.060708512 0.103535871 -0.128269475 -0.424758909
800979 979.000000 17758100000979000 0.061256673 0.103508922 -0.140339584 -0.394337699
800980 980.000000 17758100000980000 0.061957739 0.103197359 -0.155200608 -0.356411866
800981 981.000000 17758100000981000 0.062808938 0.102982821 -0.159997918 -0.345557700
800982 982.000000 17758100000982000 0.063806921 0.102584532 -0.184297482 -0.345652731
800983 983.000000 17758100000983000 0.064947732 0.102723403 -0.183925659 -0.307779927
800984 984.000000 17758100000984000 0.066226885 0.102492977 -0.195773102 -0.272202438
800985 985.000000 17758100000985000 0.067639321 0.101835292 -0.210895340 -0.264768417
800986 986.000000 17758100000986000 0.069179468 0.102360845 -0.219325814 -0.220416611
800987 987.000000 17758100000987000 0.070841253 0.101273143 -0.223946900 -0.220373564
800988 988.000000 17758100000988000 0.072618119 0.101696724 -0.235929704 -0.167912575
800989 989.000000 17758100000989000 0.074503042 0.101359786 -0.241572055 -0.137867055
800990 990.000000 17758100000990000 0.076488592 0.100792268 -0.236039016 -0.108749187
800991 991.000000 17758100000991000 0.078566931 0.100551442 -0.237992894 -0.094689360
800992 992.000000 17758100000992000 0.080729850 0.100412191 -0.247138023 -0.043172552
800993 993.000000 17758100000993000 0.082968831 0.100002941 -0.256026540 -0.008412646
800994 994.000000 17758100000994000 0.085275017 0.099900802 -0.253104461 0.040369501
800995 995.000000 17758100000995000 0.087639317 0.099653674 -0.241310203 0.030305117
800996 996.000000 17758100000996000 0.090052404 0.099122508 -0.244203112 0.039496413
800997 997.000000 17758100000997000 0.092504747 0.098825377 -0.252892786 0.096036701
800998 998.000000 17758100000998000 0.094986670 0.098964075 -0.241445088 0.139528949
800999 999.000000 17758100000999000 0.097488381 0.098643603 -0.246207397 0.123252105
801000 1000.000000 17758100001000000 0.100000001 0.098751171 -0.245579782 0.147273126
801001 1001.000000 17758100001001000 0.102511622 0.098160280 -0.233685071 0.209367450
801002 1002.000000 17758100001002000 0.105013326 0.097967262 -0.222661833 0.248010277
801003 1003.000000 17758100001003000 0.107495256 0.097972539 -0.223327466 0.268018618
801004 1004.000000 17758100001004000 0.109947592 0.097718243 -0.208544912 0.274040632
801005 1005.000000 17758100001005000 0.112360679 0.097588675 -0.201451134 0.298130411
801006 1006.000000 17758100001006000 0.114724979 0.097420966 -0.186238059 0.316790467
801007 1007.000000 17758100001007000 0.117031172 0.097089926 -0.179119439 0.332242332
801008 1008.000000 17758100001008000 0.119270146 0.097160055 -0.166372907 0.393462305
801009 1009.000000 17758100001009000 0.121433072 0.097113060 -0.157820125 0.374744192
801010 1010.000000 17758100001010000 0.123511411 0.096535189 -0.139954233 0.364965079
801011 1011.000000 17758100001011000 0.125496954 0.096148312 -0.133700535 0.405020606
801012 1012.000000 17758100001012000 0.127381891 0.096412368 -0.108946989 0.436322641
801013 1013.000000 17758100001013000 0.129158750 0.096406196 -0.109544408 0.443970819
801014 1014.000000 17758100001014000 0.130820528 0.096178262 -0.076611781 0.465366294
801015 1015.000000 17758100001015000 0.132360682 0.096008530 -0.076162359 0.470741193
801016 1016.000000 17758100001016000 0.133773118 0.095949933 -0.058609586 0.465265837
801017 1017.000000 17758100001017000 0.135052264 0.096187386 -0.047294624 0.480835816
801018 1018.000000 17758100001018000 0.136193082 0.096039355 -0.030938820 0.493149371
801019 1019.000000 17758100001019000 0.137191057 0.095878588 -0.009968928 0.486360296
801020 1020.000000 17758100001020000 0.138042256 0.095978300 0.013257185 0.468844676
801021 1021.000000 17758100001021000 0.138743326 0.095995975 0.022237948 0.497484010
801022 1022.000000 17758100001022000 0.139291495 0.096241171 0.043724286 0.413466669
801023 1023.000000 17758100001023000 0.139684588 0.095911414 0.058204902 0.481696796
801024 1024.000000 17758100001024000 0.139921069 0.096399921 0.067589213 0.455078693
801025 1025.000000 17758100001025000 0.140000001 0.096199290 0.087678886 0.417906779
801026 1026.000000 17758100001026000 0.139921069 0.096088129 0.091501515 0.447309290
801027 1027.000000 17758100001027000 0.139684588 0.096204900 0.111888780 0.403017533
801028 1028.000000 17758100001028000 0.139291495 0.096708803 0.131639422 0.426863227
801029 1029.000000 17758100001029000 0.138743326 0.097016601 0.140776714 0.396851596
801030 1030.000000 17758100001030000 0.138042256 0.096957292 0.151856883 0.387138973
801031 1031.000000 17758100001031000 0.137191057 0.097268730 0.168521265 0.349038103
801032 1032.000000 17758100001032000 0.136193082 0.097449610 0.180371792 0.346633092
801033 1033.000000 17758100001033000 0.135052264 0.097605419 0.197751161 0.332362855
801034 1034.000000 17758100001034000 0.133773118 0.097788417 0.198891856 0.272780308
801035 1035.000000 17758100001035000 0.132360682 0.098034159 0.216385014 0.248990053
801036 1036.000000 17758100001036000 0.130820528 0.097971211 0.213506671 0.224292042
801037 1037.000000 17758100001037000 0.129158750 0.098274399 0.223106024 0.190042681
801038 1038.000000 17758100001038000 0.127381891 0.098733264 0.229446089 0.178935854
801039 1039.000000 17758100001039000 0.125496954 0.099060568 0.236143559 0.190142205
801040 1040.000000 17758100001040000 0.123511411 0.099113084 0.241652152 0.125272442
801041 1041.000000 17758100001041000 0.121433072 0.098987699 0.244703142 0.097314589
801042 1042.000000 17758100001042000 0.119270146 0.099668344 0.257283328 0.063540718
801043 1043.000000 17758100001043000 0.117031172 0.099673176 0.245486833 0.027628478
801044 1044.000000 17758100001044000 0.114724979 0.099890585 0.247807683 0.019715422
801045 1045.000000 17758100001045000 0.112360679 0.100257549 0.248958387 -0.025836787
801046 1046.000000 17758100001046000 0.109947592 0.100486200 0.254666863 -0.030542801
801047 1047.000000 17758100001047000 0.107495256 0.100392794 0.257583298 -0.088955207
801048 1048.000000 17758100001048000 0.105013326 0.100971521 0.248029425 -0.119900042
801049 1049.000000 17758100001049000 0.102511622 0.101267747 0.241312195 -0.115670626
801050 1050.000000 17758100001050000 0.100000001 0.101658860 0.238450402 -0.194834266
801051 1051.000000 17758100001051000 0.097488381 0.101768206 0.230920828 -0.201047116
801052 1052.000000 17758100001052000 0.094986670 0.101841088 0.229018522 -0.193478505
801053 1053.000000 17758100001053000 0.092504747 0.102132681 0.216998373 -0.282693064
801054 1054.000000 17758100001054000 0.090052404 0.102093798 0.206024425 -0.261257450
801055 1055.000000 17758100001055000 0.087639317 0.102295132 0.205096468 -0.309382548
801056 1056.000000 17758100001056000 0.085275017 0.102741585 0.187857817 -0.320369789
801057 1057.000000 17758100001057000 0.082968831 0.102960549 0.170453748 -0.338601787
801058 1058.000000 17758100001058000 0.080729850 0.103218481 0.168801100 -0.354233511
801059 1059.000000 17758100001059000 0.078566931 0.102945230 0.156755375 -0.398979640
801060 1060.000000 17758100001060000 0.076488592 0.103370426 0.147650356 -0.422384573
801061 1061.000000 17758100001061000 0.074503042 0.103702366 0.116771143 -0.426966418
801062 1062.000000 17758100001062000 0.072618119 0.103521276 0.115044052 -0.418936060
801063 1063.000000 17758100001063000 0.070841253 0.103559891 0.090327792 -0.472599466
801064 1064.000000 17758100001064000 0.069179468 0.103682843 0.089537556 -0.384982132
801065 1065.000000 17758100001065000 0.067639321 0.103829372 0.078208617 -0.419288407
801066 1066.000000 17758100001066000 0.066226885 0.103806413 0.044503862 -0.497454604
801067 1067.000000 17758100001067000 0.064947732 0.104357407 0.037729693 -0.494301844
801068 1068.000000 17758100001068000 0.063806921 0.103898945 0.028056557 -0.483848242
801069 1069.000000 17758100001069000 0.062808938 0.104108004 0.009319839 -0.472121932
801070 1070.000000 17758100001070000 0.061957739 0.104174463 -0.004790849 -0.465267411
801071 1071.000000 17758100001071000 0.061256673 0.103908702 -0.026882921 -0.464240748
801072 1072.000000 17758100001072000 0.060708512 0.104035109 -0.050339095 -0.450728357
801073 1073.000000 17758100001073000 0.060315412 0.103678210 -0.053610440 -0.457265650
801074 1074.000000 17758100001074000 0.060078930 0.104226150 -0.070148120 -0.410599284
801075 1075.000000 17758100001075000 0.059999999 0.103655796 -0.073183495 -0.469417617
801076 1076.000000 17758100001076000 0.060078930 0.103503044 -0.099259119 -0.435116864
801077 1077.000000 17758100001077000 0.060315412 0.103317497 -0.109656554 -0.427128879
801078 1078.000000 17758100001078000 0.060708512 0.103324198 -0.137281994 -0.399676360
801079 1079.000000 17758100001079000 0.061256673 0.103360220 -0.138606072 -0.417860612
801080 1080.000000 17758100001080000 0.061957739 0.102834267 -0.148883110 -0.403989172
801081 1081.000000 17758100001081000 0.062808938 0.103076951 -0.162296576 -0.339047663
801082 1082.000000 17758100001082000 0.063806921 0.102948425 -0.179318667 -0.346144374
801083 1083.000000 17758100001083000 0.064947732 0.102470902 -0.185617201 -0.341421331
801084 1084.000000 17758100001084000 0.066226885 0.102157272 -0.196365280 -0.271078952
801085 1085.000000 17758100001085000 0.067639321 0.102170832 -0.203385697 -0.275017600
801086 1086.000000 17758100001086000 0.069179468 0.102052047 -0.214243684 -0.241128069
801087 1087.000000 17758100001087000 0.070841253 0.101639823 -0.229519525 -0.232636474
801088 1088.000000 17758100001088000 0.072618119 0.101340528 -0.224876381 -0.180942004
801089 1089.000000 17758100001089000 0.074503042 0.101406858 -0.241505029 -0.145860815
801090 1090.000000 17758100001090000 0.076488592 0.101343846 -0.237006724 -0.105810931
801091 1091.000000 17758100001091000 0.078566931 0.101023958 -0.246599814 -0.082605941
801092 1092.000000 17758100001092000 0.080729850 0.100333054 -0.246116771 -0.085658668
801093 1093.000000 17758100001093000 0.082968831 0.100089510 -0.245947420 -0.023500566
801094 1094.000000 17758100001094000 0.085275017 0.100206623 -0.254262922 -0.006666976
801095 1095.000000 17758100001095000 0.087639317 0.099675079 -0.259049387 0.039085869
801096 1096.000000 17758100001096000 0.090052404 0.099572856 -0.257847154 0.055705048
801097 1097.000000 17758100001097000 0.092504747 0.098988787 -0.254500449 0.091477393
801098 1098.000000 17758100001098000 0.094986670 0.099309220 -0.241934323 0.118966894
801099 1099.000000 17758100001099000 0.097488381 0.098697589 -0.237556121 0.116171962
801100 1100.000000 17758100001100000 0.100000001 0.098802086 -0.243176204 0.167569188
801101 1101.000000 17758100001101000 0.102511622 0.098250179 -0.221876143 0.178130736
801102 1102.000000 17758100001102000 0.105013326 0.097494273 -0.225734280 0.218912578
801103 1103.000000 17758100001103000 0.107495256 0.097988058 -0.220590745 0.228159564
801104 1104.000000 17758100001104000 0.109947592 0.097718736 -0.212080214 0.257603892
801105 1105.000000 17758100001105000 0.112360679 0.097471002 -0.208218434 0.297180283
801106 1106.000000 17758100001106000 0.114724979 0.097233693 -0.194105513 0.353698445
801107 1107.000000 17758100001107000 0.117031172 0.097182819 -0.178002701 0.364227704
801108 1108.000000 17758100001108000 0.119270146 0.097227363 -0.169187991 0.366200883
801109 1109.000000 17758100001109000 0.121433072 0.096788138 -0.163104093 0.407546286
801110 1110.000000 17758100001110000 0.123511411 0.096776112 -0.141631195 0.390021642
801111 1111.000000 17758100001111000 0.125496954 0.096531827 -0.137219520 0.443018608
801112 1112.000000 17758100001112000 0.127381891 0.096373176 -0.116505500 0.431326489
801113 1113.000000 17758100001113000 0.129158750 0.096106682 -0.108050977 0.439439696
801114 1114.000000 17758100001114000 0.130820528 0.096332350 -0.092946264 0.472684465
801115 1115.000000 17758100001115000 0.132360682 0.096226440 -0.071712738 0.447410946
801116 1116.000000 17758100001116000 0.133773118 0.096003853 -0.058101431 0.444094280
801117 1117.000000 17758100001117000 0.135052264 0.096027624 -0.039275744 0.496157647
801118 1118.000000 17758100001118000 0.136193082 0.096059394 -0.029134292 0.490844381
801119 1119.000000 17758100001119000 0.137191057 0.096176699 -0.002674571 0.478582192
801120 1120.000000 17758100001120000 0.138042256 0.096106169 0.013172616 0.496705715
801121 1121.000000 17758100001121000 0.138743326 0.096265695 0.018264830 0.480018746
801122 1122.000000 17758100001122000 0.139291495 0.096031202 0.040358907 0.483135111
801123 1123.000000 17758100001123000 0.139684588 0.096225438 0.053429920 0.478603908
801124 1124.000000 17758100001124000 0.139921069 0.096085902 0.069404946 0.462155067
801125 1125.000000 17758100001125000 0.140000001 0.096412271 0.090247096 0.426933252
801126 1126.000000 17758100001126000 0.139921069 0.096675920 0.093135017 0.441969274
801127 1127.000000 17758100001127000 0.139684588 0.096186658 0.113559473 0.427401875
801128 1128.000000 17758100001128000 0.139291495 0.096595795 0.127407209 0.398977171
801129 1129.000000 17758100001129000 0.138743326 0.097056293 0.143697464 0.407187709
801130 1130.000000 17758100001130000 0.138042256 0.097067128 0.151318778 0.354123440
801131 1131.000000 17758100001131000 0.137191057 0.096954976 0.170246193 0.372201390
801132 1132.000000 17758100001132000 0.136193082 0.096913454 0.172090997 0.364599751
801133 1133.000000 17758100001133000 0.135052264 0.097311922 0.192627716 0.307585743
801134 1134.000000 17758100001134000 0.133773118 0.097783467 0.202525986 0.273764188
801135 1135.000000 17758100001135000 0.132360682 0.097684729 0.208677061 0.279457404
801136 1136.000000 17758100001136000 0.130820528 0.097966718 0.218317474 0.242859681
801137 1137.000000 17758100001137000 0.129158750 0.098452651 0.231703250 0.239125064
801138 1138.000000 17758100001138000 0.127381891 0.098426789 0.243202605 0.158993274
801139 1139.000000 17758100001139000 0.125496954 0.098789177 0.240256834 0.132267733
801140 1140.000000 17758100001140000 0.123511411 0.098628608 0.245712112 0.149513080
801141 1141.000000 17758100001141000 0.121433072 0.099143585 0.248098484 0.122409384
801142 1142.000000 17758100001142000 0.119270146 0.099786315 0.244666450 0.078581132
801143 1143.000000 17758100001143000 0.117031172 0.099484065 0.251822217 0.057685042
801144 1144.000000 17758100001144000 0.114724979 0.100196269 0.251558687 0.028157899
801145 1145.000000 17758100001145000 0.112360679 0.100220726 0.248710927 -0.005884144
801146 1146.000000 17758100001146000 0.109947592 0.100127684 0.253345146 -0.061500779
801147 1147.000000 17758100001147000 0.107495256 0.100887149 0.251339393 -0.104366650
801148 1148.000000 17758100001148000 0.105013326 0.101155651 0.250625368 -0.113671747
801149 1149.000000 17758100001149000 0.102511622 0.101147175 0.244677132 -0.136986624
801150 1150.000000 17758100001150000 0.100000001 0.101631487 0.227331638 -0.190943524
801151 1151.000000 17758100001151000 0.097488381 0.101981407 0.236885101 -0.178639965
801152 1152.000000 17758100001152000 0.094986670 0.101990741 0.224384981 -0.209608774
801153 1153.000000 17758100001153000 0.092504747 0.102133537 0.215466034 -0.258027445
801154 1154.000000 17758100001154000 0.090052404 0.102381593 0.214285827 -0.295723576
801155 1155.000000 17758100001155000 0.087639317 0.102857320 0.193584306 -0.292641684
801156 1156.000000 17758100001156000 0.085275017 0.103371145 0.190720480 -0.355348122
801157 1157.000000 17758100001157000 0.082968831 0.103023591 0.178063589 -0.340995181
801158 1158.000000 17758100001158000 0.080729850 0.103510218 0.167363009 -0.397547329
801159 1159.000000 17758100001159000 0.078566931 0.103196159 0.155056101 -0.368681023
801160 1160.000000 17758100001160000 0.076488592 0.103136863 0.140313729 -0.381311320
801161 1161.000000 17758100001161000 0.074503042 0.103324705 0.122494085 -0.390895293
801162 1162.000000 17758100001162000 0.072618119 0.103456372 0.116550701 -0.423296494
801163 1163.000000 17758100001163000 0.070841253 0.103715610 0.094452134 -0.427238362
801164 1164.000000 17758100001164000 0.069179468 0.103960009 0.086371160 -0.454336653
801165 1165.000000 17758100001165000 0.067639321 0.103941785 0.072230137 -0.431231651
801166 1166.000000 17758100001166000 0.066226885 0.104170825 0.068672963 -0.439109548
801167 1167.000000 17758100001167000 0.064947732 0.103984734 0.048632236 -0.458154010
801168 1168.000000 17758100001168000 0.063806921 0.104019946 0.023316296 -0.491903188
801169 1169.000000 17758100001169000 0.062808938 0.104365516 0.006672992 -0.498385094
801170 1170.000000 17758100001170000 0.061957739 0.104207192 -0.006507427 -0.478152423
801171 1171.000000 17758100001171000 0.061256673 0.103872557 -0.021765899 -0.486047460
801172 1172.000000 17758100001172000 0.060708512 0.103780984 -0.038379759 -0.476005585
801173 1173.000000 17758100001173000 0.060315412 0.103732501 -0.057370466 -0.463450500
801174 1174.000000 17758100001174000 0.060078930 0.103994773 -0.065965322 -0.440943626
801175 1175.000000 17758100001175000 0.059999999 0.103938634 -0.088247336 -0.397159462
801176 1176.000000 17758100001176000 0.060078930 0.103550761 -0.106917258 -0.407682326
801177 1177.000000 17758100001177000 0.060315412 0.103634634 -0.123801564 -0.418403385
801178 1178.000000 17758100001178000 0.060708512 0.103326111 -0.131034236 -0.402976303
801179 1179.000000 17758100001179000 0.061256673 0.103183212 -0.136775740 -0.408708842
801180 1180.000000 17758100001180000 0.061957739 0.103343750 -0.148677456 -0.355875161
801181 1181.000000 17758100001181000 0.062808938 0.102752878 -0.170345086 -0.335272858
801182 1182.000000 17758100001182000 0.063806921 0.103177561 -0.169005871 -0.345085583
801183 1183.000000 17758100001183000 0.064947732 0.102745994 -0.182484677 -0.304498251
801184 1184.000000 17758100001184000 0.066226885 0.102414270 -0.198755561 -0.285862038
801185 1185.000000 17758100001185000 0.067639321 0.102104072 -0.205568384 -0.310309750
801186 1186.000000 17758100001186000 0.069179468 0.102264671 -0.211832777 -0.238712852
801187 1187.000000 17758100001187000 0.070841253 0.101753686 -0.227126657 -0.197180802
801188 1188.000000 17758100001188000 0.072618119 0.101878825 -0.233462674 -0.196967790
801189 1189.000000 17758100001189000 0.074503042 0.101484670 -0.242580004 -0.139791064
801190 1190.000000 17758100001190000 0.076488592 0.101228314 -0.239228478 -0.151527941
801191 1191.000000 17758100001191000 0.078566931 0.100908004 -0.245455593 -0.097598427
801192 1192.000000 17758100001192000 0.080729850 0.100624378 -0.264604462 -0.049128437
801193 1193.000000 17758100001193000 0.082968831 0.100263092 -0.239634653 -0.020419796
801194 1194.000000 17758100001194000 0.085275017 0.100091901 -0.253365182 -0.007583720
801195 1195.000000 17758100001195000 0.087639317 0.099705220 -0.259218412 0.038917787
801196 1196.000000 17758100001196000 0.090052404 0.099606333 -0.250575423 0.022716920
801197 1197.000000 17758100001197000 0.092504747 0.098991971 -0.246070547 0.025410129
801198 1198.000000 17758100001198000 0.094986670 0.099148800 -0.242342946 0.150243381
801199 1199.000000 17758100001199000 0.097488381 0.098814160 -0.243406859 0.132931309
801200 1200.000000 17758100001200000 0.100000001 0.098612440 -0.234862885 0.173993956
801201 1201.000000 17758100001201000 0.102511622 0.098342823 -0.232665860 0.193811841
801202 1202.000000 17758100001202000 0.105013326 0.097742740 -0.219890233 0.243070122
801203 1203.000000 17758100001203000 0.107495256 0.097535020 -0.216175957 0.270367746
801204 1204.000000 17758100001204000 0.109947592 0.097967473 -0.206757461 0.274630260
801205 1205.000000 17758100001205000 0.112360679 0.097390330 -0.195113051 0.303660422
801206 1206.000000 17758100001206000 0.114724979 0.097356997 -0.186750451 0.355520912
801207 1207.000000 17758100001207000 0.117031172 0.097243713 -0.181997078 0.357308349
801208 1208.000000 17758100001208000 0.119270146 0.096864386 -0.166063537 0.407524789
801209 1209.000000 17758100001209000 0.121433072 0.096693105 -0.153724993 0.369431508
801210 1210.000000 17758100001210000 0.123511411 0.096430149 -0.132414536 0.401263967
801211 1211.000000 17758100001211000 0.125496954 0.096603533 -0.123674870 0.418377081
801212 1212.000000 17758100001212000 0.127381891 0.096432662 -0.116147138 0.418186031
801213 1213.000000 17758100001213000 0.129158750 0.096666335 -0.097705267 0.427181222
801214 1214.000000 17758100001214000 0.130820528 0.096059969 -0.092097175 0.478695349
801215 1215.000000 17758100001215000 0.132360682 0.095933034 -0.068831189 0.474999126
801216 1216.000000 17758100001216000 0.133773118 0.095969160 -0.055828702 0.474872780
801217 1217.000000 17758100001217000 0.135052264 0.096032953 -0.030583755 0.474550682
801218 1218.000000 17758100001218000 0.136193082 0.095524533 -0.026419875 0.485482269
801219 1219.000000 17758100001219000 0.137191057 0.096194844 -0.014662635 0.453229888
801220 1220.000000 17758100001220000 0.138042256 0.096287390 0.010023718 0.471773737
801221 1221.000000 17758100001221000 0.138743326 0.096197255 0.024674736 0.486663874
801222 1222.000000 17758100001222000 0.139291495 0.096220160 0.036967051 0.493390605
801223 1223.000000 17758100001223000 0.139684588 0.096196044 0.051971776 0.484792398
801224 1224.000000 17758100001224000 0.139921069 0.095953658 0.076971664 0.480964502
801225 1225.000000 17758100001225000 0.140000001 0.096546412 0.078244198 0.468310767
801226 1226.000000 17758100001226000 0.139921069 0.096165451 0.094646630 0.439138110
801227 1227.000000 17758100001227000 0.139684588 0.096591325 0.115225118 0.423221012
801228 1228.000000 17758100001228000 0.139291495 0.096322326 0.132764243 0.430768659
801229 1229.000000 17758100001229000 0.138743326 0.096512193 0.132329740 0.411853654
801230 1230.000000 17758100001230000 0.138042256 0.096914688 0.157332786 0.365725047
801231 1231.000000 17758100001231000 0.137191057 0.097568327 0.160358301 0.321039196
801232 1232.000000 17758100001232000 0.136193082 0.097217352 0.179591423 0.325123971
801233 1233.000000 17758100001233000 0.135052264 0.097254858 0.189928175 0.285646823
801234 1234.000000 17758100001234000 0.133773118 0.097443410 0.201264489 0.234559519
801235 1235.000000 17758100001235000 0.132360682 0.097778504 0.207592265 0.280340308
801236 1236.000000 17758100001236000 0.130820528 0.098305775 0.226153616 0.243038809
801237 1237.000000 17758100001237000 0.129158750 0.097989009 0.218655223 0.212451298
801238 1238.000000 17758100001238000 0.127381891 0.098637357 0.233234127 0.186637191
801239 1239.000000 17758100001239000 0.125496954 0.098768519 0.237317273 0.154327317
801240 1240.000000 17758100001240000 0.123511411 0.099204071 0.241951430 0.131798592
801241 1241.000000 17758100001241000 0.121433072 0.099452472 0.251398204 0.095831499
801242 1242.000000 17758100001242000 0.119270146 0.099834842 0.245697504 0.093209296
801243 1243.000000 17758100001243000 0.117031172 0.099969866 0.249319609 0.042325554
801244 1244.000000 17758100001244000 0.114724979 0.100158810 0.253410040 -0.002676644
801245 1245.000000 17758100001245000 0.112360679 0.100268569 0.248019765 -0.026247743
801246 1246.000000 17758100001246000 0.109947592 0.100770617 0.252533377 -0.051847946
801247 1247.000000 17758100001247000 0.107495256 0.100693695 0.252444081 -0.100269973
801248 1248.000000 17758100001248000 0.105013326 0.100813956 0.246167593 -0.110558278
801249 1249.000000 17758100001249000 0.102511622 0.100953655 0.240387952 -0.135523773
801250 1250.000000 17758100001250000 0.100000001 0.101070595 0.229629776 -0.199227980
801251 1251.000000 17758100001251000 0.097488381 0.101906964 0.226208979 -0.193885479
801252 1252.000000 17758100001252000 0.094986670 0.102168495 0.225222814 -0.201031923
801253 1253.000000 17758100001253000 0.092504747 0.102172099 0.220877378 -0.230597826
801254 1254.000000 17758100001254000 0.090052404 0.102384466 0.211548076 -0.238160533
801255 1255.000000 17758100001255000 0.087639317 0.102494063 0.187220149 -0.304639956
801256 1256.000000 17758100001256000 0.085275017 0.102678763 0.193556275 -0.284182425
801257 1257.000000 17758100001257000 0.082968831 0.102994521 0.185001715 -0.319690582
801258 1258.000000 17758100001258000 0.080729850 0.103342282 0.171813464 -0.417063056
801259 1259.000000 17758100001259000 0.078566931 0.103157110 0.164045406 -0.417398417
801260 1260.000000 17758100001260000 0.076488592 0.103563267 0.144676427 -0.410599855
801261 1261.000000 17758100001261000 0.074503042 0.103274123 0.134915642 -0.420825080
801262 1262.000000 17758100001262000 0.072618119 0.103392735 0.116560402 -0.407521571
801263 1263.000000 17758100001263000 0.070841253 0.103730409 0.091680280 -0.400057666
801264 1264.000000 17758100001264000 0.069179468 0.103787901 0.098135379 -0.418225945
801265 1265.000000 17758100001265000 0.067639321 0.103829070 0.066022519 -0.453417259
801266 1266.000000 17758100001266000 0.066226885 0.103662492 0.056765073 -0.494091247
801267 1267.000000 17758100001267000 0.064947732 0.104114468 0.041861388 -0.478166186
801268 1268.000000 17758100001268000 0.063806921 0.104169219 0.019262169 -0.473789264
801269 1269.000000 17758100001269000 0.062808938 0.103631457 -0.001718102 -0.479407873
801270 1270.000000 17758100001270000 0.061957739 0.104210568 -0.000652098 -0.477739867
801271 1271.000000 17758100001271000 0.061256673 0.104254061 -0.029878189 -0.478509355
801272 1272.000000 17758100001272000 0.060708512 0.104024381 -0.037751426 -0.481128792
801273 1273.000000 17758100001273000 0.060315412 0.104071091 -0.052300969 -0.435076066
801274 1274.000000 17758100001274000 0.060078930 0.103602639 -0.070693733 -0.459969504
801275 1275.000000 17758100001275000 0.059999999 0.103300736 -0.083603140 -0.421417641
801276 1276.000000 17758100001276000 0.060078930 0.103678758 -0.104226779 -0.405360398
801277 1277.000000 17758100001277000 0.060315412 0.103598174 -0.112287716 -0.422458226
801278 1278.000000 17758100001278000 0.060708512 0.103101273 -0.128020633 -0.409766833
801279 1279.000000 17758100001279000 0.061256673 0.103339451 -0.143456655 -0.342053105
801280 1280.000000 17758100001280000 0.061957739 0.103082305 -0.155525701 -0.353285820
801281 1281.000000 17758100001281000 0.062808938 0.103030596 -0.166478255 -0.368501850
801282 1282.000000 17758100001282000 0.063806921 0.102570810 -0.178077223 -0.295656621
801283 1283.000000 17758100001283000 0.064947732 0.102555819 -0.190190798 -0.292613331
801284 1284.000000 17758100001284000 0.066226885 0.102210297 -0.203310169 -0.312045933
801285 1285.000000 17758100001285000 0.067639321 0.102072885 -0.208699086 -0.253221907
801286 1286.000000 17758100001286000 0.069179468 0.101888416 -0.216380537 -0.221716683
801287 1287.000000 17758100001287000 0.070841253 0.102038113 -0.228656552 -0.183636193
801288 1288.000000 17758100001288000 0.072618119 0.101330382 -0.233824140 -0.181236050
801289 1289.000000 17758100001289000 0.074503042 0.101515928 -0.231739071 -0.142267338
801290 1290.000000 17758100001290000 0.076488592 0.100931076 -0.246057151 -0.133846199
801291 1291.000000 17758100001291000 0.078566931 0.101064011 -0.249991544 -0.116283096
801292 1292.000000 17758100001292000 0.080729850 0.100284139 -0.256853158 -0.067637029
801293 1293.000000 17758100001293000 0.082968831 0.100659826 -0.256503816 -0.070880380
801294 1294.000000 17758100001294000 0.085275017 0.100175008 -0.259965562 -0.000381078
801295 1295.000000 17758100001295000 0.087639317 0.100034667 -0.247291888 -0.017386786
801296 1296.000000 17758100001296000 0.090052404 0.099175656 -0.249661584 0.026579925
801297 1297.000000 17758100001297000 0.092504747 0.099212938 -0.248214287 0.088266162
801298 1298.000000 17758100001298000 0.094986670 0.098835453 -0.246300075 0.127617120
801299 1299.000000 17758100001299000 0.097488381 0.098756886 -0.245056048 0.146072739
801300 1300.000000 17758100001300000 0.100000001 0.098199496 -0.242173632 0.174926785
801301 1301.000000 17758100001301000 0.102511622 0.098166068 -0.227691462 0.198511557
801302 1302.000000 17758100001302000 0.105013326 0.097870665 -0.221720288 0.236102114
801303 1303.000000 17758100001303000 0.107495256 0.098062611 -0.213904030 0.243231076
801304 1304.000000 17758100001304000 0.109947592 0.097728890 -0.207916585 0.288329122
801305 1305.000000 17758100001305000 0.112360679 0.097198016 -0.192227388 0.289321138
801306 1306.000000 17758100001306000 0.114724979 0.097004689 -0.190914214 0.306518348
801307 1307.000000 17758100001307000 0.117031172 0.097132769 -0.184541214 0.326717971
801308 1308.000000 17758100001308000 0.119270146 0.096694670 -0.182240495 0.351352027
801309 1309.000000 17758100001309000 0.121433072 0.096576764 -0.157889851 0.336194852
801310 1310.000000 17758100001310000 0.123511411 0.096511688 -0.144523672 0.428987371
801311 1311.000000 17758100001311000 0.125496954 0.096745102 -0.123730771 0.430737213
801312 1312.000000 17758100001312000 0.127381891 0.096412038 -0.109501808 0.458076674
801313 1313.000000 17758100001313000 0.129158750 0.096269306 -0.098064470 0.466966237
801314 1314.000000 17758100001314000 0.130820528 0.096286658 -0.090554939 0.422382120
801315 1315.000000 17758100001315000 0.132360682 0.096094581 -0.064874932 0.454398477
801316 1316.000000 17758100001316000 0.133773118 0.096097905 -0.059151183 0.497754586
801317 1317.000000 17758100001317000 0.135052264 0.096495514 -0.040792668 0.452525792
801318 1318.000000 17758100001318000 0.136193082 0.095886768 -0.026080060 0.430503721
801319 1319.000000 17758100001319000 0.137191057 0.095835377 -0.006423925 0.428740647
801320 1320.000000 17758100001320000 0.138042256 0.096547711 0.000229839 0.468858509
801321 1321.000000 17758100001321000 0.138743326 0.096108365 0.028024238 0.490982333
801322 1322.000000 17758100001322000 0.139291495 0.096143768 0.042917667 0.461514664
801323 1323.000000 17758100001323000 0.139684588 0.095871763 0.052555676 0.477111528
801324 1324.000000 17758100001324000 0.139921069 0.096009455 0.071813537 0.456668213
801325 1325.000000 17758100001325000 0.140000001 0.096374514 0.083660438 0.433647879
801326 1326.000000 17758100001326000 0.139921069 0.095882658 0.103952098 0.435795055
801327 1327.000000 17758100001327000 0.139684588 0.096459656 0.118546983 0.394529182
801328 1328.000000 17758100001328000 0.139291495 0.096534932 0.124504653 0.373594344
801329 1329.000000 17758100001329000 0.138743326 0.096897598 0.139313795 0.411786319
801330 1330.000000 17758100001330000 0.138042256 0.097132889 0.159555200 0.390464903
801331 1331.000000 17758100001331000 0.137191057 0.097183138 0.163999982 0.374401472
801332 1332.000000 17758100001332000 0.136193082 0.097269932 0.181242594 0.370634563
801333 1333.000000 17758100001333000 0.135052264 0.097611098 0.188194929 0.284406763
801334 1334.000000 17758100001334000 0.133773118 0.097904828 0.204281292 0.274258970
801335 1335.000000 17758100001335000 0.132360682 0.098046647 0.214646476 0.257853976
801336 1336.000000 17758100001336000 0.130820528 0.097910126 0.218779746 0.223999759
801337 1337.000000 17758100001337000 0.129158750 0.098631369 0.228642497 0.230126456
801338 1338.000000 17758100001338000 0.127381891 0.098381791 0.234184398 0.172237188
801339 1339.000000 17758100001339000 0.125496954 0.098537587 0.235001405 0.147916753
801340 1340.000000 17758100001340000 0.123511411 0.099029875 0.248866457 0.151026675
801341 1341.000000 17758100001341000 0.121433072 0.099193677 0.237388551 0.103795617
801342 1342.000000 17758100001342000 0.119270146 0.099437421 0.245855132 0.047340747
801343 1343.000000 17758100001343000 0.117031172 0.099788647 0.254356750 0.052087139
801344 1344.000000 17758100001344000 0.114724979 0.100161822 0.251152619 0.008252645
801345 1345.000000 17758100001345000 0.112360679 0.100100726 0.250551620 -0.060718447
801346 1346.000000 17758100001346000 0.109947592 0.100922057 0.248629805 -0.059471404
801347 1347.000000 17758100001347000 0.107495256 0.100604462 0.255319905 -0.120131707
801348 1348.000000 17758100001348000 0.105013326 0.100986267 0.243791024 -0.130559416
801349 1349.000000 17758100001349000 0.102511622 0.101252805 0.247742305 -0.146890224
801350 1350.000000 17758100001350000 0.100000001 0.101359349 0.232053808 -0.151479058
801351 1351.000000 17758100001351000 0.097488381 0.101798638 0.235429723 -0.226439217
801352 1352.000000 17758100001352000 0.094986670 0.101955309 0.231834577 -0.214641960
801353 1353.000000 17758100001353000 0.092504747 0.102212301 0.222658687 -0.245079261
801354 1354.000000 17758100001354000 0.090052404 0.102304419 0.217617803 -0.256994468
801355 1355.000000 17758100001355000 0.087639317 0.102724841 0.199010372 -0.294319712
801356 1356.000000 17758100001356000 0.085275017 0.103132061 0.190081341 -0.340615967
801357 1357.000000 17758100001357000 0.082968831 0.103303102 0.171371817 -0.339081644
801358 1358.000000 17758100001358000 0.080729850 0.103072596 0.167199675 -0.350682075
801359 1359.000000 17758100001359000 0.078566931 0.102912006 0.147723945 -0.371477925
801360 1360.000000 17758100001360000 0.076488592 0.103300602 0.143979457 -0.406338031
801361 1361.000000 17758100001361000 0.074503042 0.103930301 0.128317059 -0.411689877
801362 1362.000000 17758100001362000 0.072618119 0.103711303 0.115922434 -0.396460796
801363 1363.000000 17758100001363000 0.070841253 0.103812880 0.098207530 -0.416701972
801364 1364.000000 17758100001364000 0.069179468 0.103619278 0.085839046 -0.445705300
801365 1365.000000 17758100001365000 0.067639321 0.103947472 0.070021961 -0.430121208
801366 1366.000000 17758100001366000 0.066226885 0.104112267 0.061595640 -0.439107128
801367 1367.000000 17758100001367000 0.064947732 0.103914132 0.044508937 -0.450131527
801368 1368.000000 17758100001368000 0.063806921 0.103565026 0.023686133 -0.511723232
801369 1369.000000 17758100001369000 0.062808938 0.104004543 0.011308315 -0.484101523
801370 1370.000000 17758100001370000 0.061957739 0.104401585 -0.002637444 -0.506594848
801371 1371.000000 17758100001371000 0.061256673 0.104415723 -0.021304686 -0.473093743
801372 1372.000000 17758100001372000 0.060708512 0.104115221 -0.034949789 -0.484125786
801373 1373.000000 17758100001373000 0.060315412 0.103882707 -0.052872522 -0.471468749
801374 1374.000000 17758100001374000 0.060078930 0.103747211 -0.070909147 -0.485153242
801375 1375.000000 17758100001375000 0.059999999 0.103933749 -0.090916171 -0.452358579
801376 1376.000000 17758100001376000 0.060078930 0.103634870 -0.094062820 -0.448791298
801377 1377.000000 17758100001377000 0.060315412 0.103602745 -0.110979276 -0.459377295
801378 1378.000000 17758100001378000 0.060708512 0.103476597 -0.126100049 -0.386893013
801379 1379.000000 17758100001379000 0.061256673 0.103381758 -0.144505540 -0.400889226
801380 1380.000000 17758100001380000 0.061957739 0.102976094 -0.153145114 -0.346903260
801381 1381.000000 17758100001381000 0.062808938 0.103222168 -0.168820523 -0.348053032
801382 1382.000000 17758100001382000 0.063806921 0.102608815 -0.186904648 -0.355666481
801383 1383.000000 17758100001383000 0.064947732 0.102563161 -0.190532533 -0.327248095
801384 1384.000000 17758100001384000 0.066226885 0.102345538 -0.205510902 -0.255465221
801385 1385.000000 17758100001385000 0.067639321 0.102303940 -0.208727626 -0.257470181
801386 1386.000000 17758100001386000 0.069179468 0.101999639 -0.217866667 -0.240923658
801387 1387.000000 17758100001387000 0.070841253 0.101838107 -0.218252886 -0.204827064
801388 1388.000000 17758100001388000 0.072618119 0.101523460 -0.247665483 -0.169046864
801389 1389.000000 17758100001389000 0.074503042 0.101081926 -0.229568913 -0.141249909
801390 1390.000000 17758100001390000 0.076488592 0.101210796 -0.243486412 -0.121401143
801391 1391.000000 17758100001391000 0.078566931 0.101101996 -0.246682552 -0.092159354
801392 1392.000000 17758100001392000 0.080729850 0.100342798 -0.243823984 -0.108161223
801393 1393.000000 17758100001393000 0.082968831 0.100162517 -0.251509002 -0.027626029
801394 1394.000000 17758100001394000 0.085275017 0.100045344 -0.255275895 -0.017377825
801395 1395.000000 17758100001395000 0.087639317 0.099596894 -0.259596642 0.040254081
801396 1396.000000 17758100001396000 0.090052404 0.099392182 -0.261333066 0.050642500
801397 1397.000000 17758100001397000 0.092504747 0.099271697 -0.248781871 0.088447267
801398 1398.000000 17758100001398000 0.094986670 0.099008572 -0.249105008 0.103986979
801399 1399.000000 17758100001399000 0.097488381 0.098903733 -0.249702105 0.167032391
801400 1400.000000 17758100001400000 0.100000001 0.098561131 -0.245188932 0.161422750
801401 1401.000000 17758100001401000 0.102511622 0.098371053 -0.226479694 0.178101588
801402 1402.000000 17758100001402000 0.105013326 0.097893830 -0.214912674 0.271183630
801403 1403.000000 17758100001403000 0.107495256 0.098029363 -0.218956295 0.268248819
801404 1404.000000 17758100001404000 0.109947592 0.097390951 -0.208058837 0.279065514
801405 1405.000000 17758100001405000 0.112360679 0.097296700 -0.202454477 0.328253102
801406 1406.000000 17758100001406000 0.114724979 0.096952644 -0.190692299 0.355718380
801407 1407.000000 17758100001407000 0.117031172 0.097169974 -0.176952662 0.333397527
801408 1408.000000 17758100001408000 0.119270146 0.097393527 -0.168390825 0.372904698
801409 1409.000000 17758100001409000 0.121433072 0.096888477 -0.151755180 0.379658948
801410 1410.000000 17758100001410000 0.123511411 0.096803267 -0.148628441 0.376940674
801411 1411.000000 17758100001411000 0.125496954 0.096736979 -0.133848379 0.417448488
801412 1412.000000 17758100001412000 0.127381891 0.096426963 -0.112354550 0.422802837
801413 1413.000000 17758100001413000 0.129158750 0.096079280 -0.101078833 0.450755880
801414 1414.000000 17758100001414000 0.130820528 0.096142507 -0.077078671 0.469562134
801415 1415.000000 17758100001415000 0.132360682 0.096011279 -0.064681655 0.433605384
801416 1416.000000 17758100001416000 0.133773118 0.095914214 -0.057676795 0.478492027
801417 1417.000000 17758100001417000 0.135052264 0.096291864 -0.040661899 0.462459295
801418 1418.000000 17758100001418000 0.136193082 0.095974934 -0.026193308 0.491299923
801419 1419.000000 17758100001419000 0.137191057 0.096050972 -0.012872426 0.476810276
801420 1420.000000 17758100001420000 0.138042256 0.095790853 0.012488935 0.443774968
801421 1421.000000 17758100001421000 0.138743326 0.096102938 0.022017582 0.471249005
801422 1422.000000 17758100001422000 0.139291495 0.096079246 0.035369513 0.460068165
801423 1423.000000 17758100001423000 0.139684588 0.096043500 0.061212568 0.441440768
801424 1424.000000 17758100001424000 0.139921069 0.095893670 0.075753138 0.459574799
801425 1425.000000 17758100001425000 0.140000001 0.096351527 0.085592393 0.480568250
801426 1426.000000 17758100001426000 0.139921069 0.096341054 0.097310439 0.449953977
801427 1427.000000 17758100001427000 0.139684588 0.096546730 0.117211986 0.437661717
801428 1428.000000 17758100001428000 0.139291495 0.097108157 0.115298202 0.408640339
801429 1429.000000 17758100001429000 0.138743326 0.096805052 0.138166045 0.377766762
801430 1430.000000 17758100001430000 0.138042256 0.097093510 0.153443575 0.406683632
801431 1431.000000 17758100001431000 0.137191057 0.097447173 0.162306017 0.372205035
801432 1432.000000 17758100001432000 0.136193082 0.097436696 0.180397930 0.326323956
801433 1433.000000 17758100001433000 0.135052264 0.097734885 0.197739691 0.340635329
801434 1434.000000 17758100001434000 0.133773118 0.097323021 0.199417382 0.314116597
801435 1435.000000 17758100001435000 0.132360682 0.097567218 0.213793253 0.254159540
801436 1436.000000 17758100001436000 0.130820528 0.098226168 0.219952672 0.233612477
801437 1437.000000 17758100001437000 0.129158750 0.098082770 0.237094584 0.231088297
801438 1438.000000 17758100001438000 0.127381891 0.098359353 0.227859041 0.174736117
801439 1439.000000 17758100001439000 0.125496954 0.098652166 0.237157843 0.187129207
801440 1440.000000 17758100001440000 0.123511411 0.098903165 0.245947074 0.114694073
801441 1441.000000 17758100001441000 0.121433072 0.099619063 0.248441856 0.150633318
801442 1442.000000 17758100001442000 0.119270146 0.099674390 0.242866611 0.069178135
801443 1443.000000 17758100001443000 0.117031172 0.099570659 0.258082134 0.046283396
801444 1444.000000 17758100001444000 0.114724979 0.100101129 0.255696413 0.043579236
801445 1445.000000 17758100001445000 0.112360679 0.100518995 0.249610968 -0.061721267
801446 1446.000000 17758100001446000 0.109947592 0.100796870 0.253001855 -0.058332787
801447 1447.000000 17758100001447000 0.107495256 0.100639355 0.256931685 -0.074175818
801448 1448.000000 17758100001448000 0.105013326 0.101229251 0.242354876 -0.076508117
801449 1449.000000 17758100001449000 0.102511622 0.101289634 0.237682641 -0.147962746
801450 1450.000000 17758100001450000 0.100000001 0.101438229 0.238119052 -0.179330357
801451 1451.000000 17758100001451000 0.097488381 0.101351846 0.226591592 -0.167048882
801452 1452.000000 17758100001452000 0.094986670 0.101803159 0.237035177 -0.187023465
801453 1453.000000 17758100001453000 0.092504747 0.102536696 0.215305332 -0.199582608
801454 1454.000000 17758100001454000 0.090052404 0.102200242 0.212878076 -0.255494609
801455 1455.000000 17758100001455000 0.087639317 0.102661445 0.198464811 -0.272559113
801456 1456.000000 17758100001456000 0.085275017 0.102972276 0.185117331 -0.337140275
801457 1457.000000 17758100001457000 0.082968831 0.102702247 0.171061147 -0.396064672
801458 1458.000000 17758100001458000 0.080729850 0.103105455 0.164607110 -0.378777573
801459 1459.000000 17758100001459000 0.078566931 0.103360086 0.157342979 -0.386173680
801460 1460.000000 17758100001460000 0.076488592 0.103755911 0.143607088 -0.397871172
801461 1461.000000 17758100001461000 0.074503042 0.103651686 0.138457189 -0.432915341
801462 1462.000000 17758100001462000 0.072618119 0.103575899 0.121588939 -0.385663200
801463 1463.000000 17758100001463000 0.070841253 0.103785070 0.105464397 -0.427314544
801464 1464.000000 17758100001464000 0.069179468 0.103864511 0.099635982 -0.440338093
801465 1465.000000 17758100001465000 0.067639321 0.104055386 0.081816253 -0.451665890
801466 1466.000000 17758100001466000 0.066226885 0.103403692 0.063551430 -0.463512163
801467 1467.000000 17758100001467000 0.064947732 0.104285028 0.036472844 -0.458343281
801468 1468.000000 17758100001468000 0.063806921 0.103920786 0.031869347 -0.456853600
801469 1469.000000 17758100001469000 0.062808938 0.104041067 0.008934221 -0.501751537
801470 1470.000000 17758100001470000 0.061957739 0.103759749 -0.013076978 -0.437393089
801471 1471.000000 17758100001471000 0.061256673 0.103532445 -0.023098706 -0.507845323
801472 1472.000000 17758100001472000 0.060708512 0.103992120 -0.040656793 -0.447807844
801473 1473.000000 17758100001473000 0.060315412 0.103719868 -0.055856761 -0.482684015
801474 1474.000000 17758100001474000 0.060078930 0.103542673 -0.065398632 -0.476656266
801475 1475.000000 17758100001475000 0.059999999 0.103855551 -0.084802474 -0.433519285
801476 1476.000000 17758100001476000 0.060078930 0.103636550 -0.103867616 -0.438991119
801477 1477.000000 17758100001477000 0.060315412 0.103503695 -0.111253518 -0.435436725
801478 1478.000000 17758100001478000 0.060708512 0.103313908 -0.128613668 -0.409199851
801479 1479.000000 17758100001479000 0.061256673 0.103516331 -0.143558639 -0.392940902
801480 1480.000000 17758100001480000 0.061957739 0.103212268 -0.153628783 -0.360788255
801481 1481.000000 17758100001481000 0.062808938 0.102710178 -0.158878376 -0.362350349
801482 1482.000000 17758100001482000 0.063806921 0.102624514 -0.183120439 -0.301423076
801483 1483.000000 17758100001483000 0.064947732 0.102531728 -0.189855780 -0.339512313
801484 1484.000000 17758100001484000 0.066226885 0.102419481 -0.198085957 -0.249961617
801485 1485.000000 17758100001485000 0.067639321 0.102593782 -0.204403235 -0.285437311
801486 1486.000000 17758100001486000 0.069179468 0.102042425 -0.220078474 -0.217821872
801487 1487.000000 17758100001487000 0.070841253 0.101841208 -0.227170799 -0.247242917
801488 1488.000000 17758100001488000 0.072618119 0.101470779 -0.233862836 -0.199134544
801489 1489.000000 17758100001489000 0.074503042 0.101163985 -0.241760943 -0.203985557
801490 1490.000000 17758100001490000 0.076488592 0.101302335 -0.244473151 -0.126384907
801491 1491.000000 17758100001491000 0.078566931 0.101040169 -0.240598263 -0.130155042
801492 1492.000000 17758100001492000 0.080729850 0.100553920 -0.261364853 -0.089021532
801493 1493.000000 17758100001493000 0.082968831 0.100175085 -0.253752498 -0.067124360
801494 1494.000000 17758100001494000 0.085275017 0.099455352 -0.259037436 0.040023650
801495 1495.000000 17758100001495000 0.087639317 0.100001960 -0.265105709 0.024655106
801496 1496.000000 17758100001496000 0.090052404 0.099532722 -0.251281661 0.010206993
801497 1497.000000 17758100001497000 0.092504747 0.099215447 -0.248602091 0.070231467
801498 1498.000000 17758100001498000 0.094986670 0.098871333 -0.237319978 0.067729237
801499 1499.000000 17758100001499000 0.097488381 0.098660766 -0.232346924 0.140150046
801500 1500.000000 17758100001500000 0.100000001 0.098257437 -0.241784795 0.191425672
801501 1501.000000 17758100001501000 0.102511622 0.098351910 -0.237378068 0.188949565
801502 1502.000000 17758100001502000 0.105013326 0.098028498 -0.234516646 0.218489162
801503 1503.000000 17758100001503000 0.107495256 0.098071590 -0.222993945 0.225015306
801504 1504.000000 17758100001504000 0.109947592 0.097433338 -0.207085284 0.304504888
801505 1505.000000 17758100001505000 0.112360679 0.097502912 -0.201173620 0.281174231
801506 1506.000000 17758100001506000 0.114724979 0.097347321 -0.183276084 0.335887141
801507 1507.000000 17758100001507000 0.117031172 0.097233896 -0.174975107 0.336072497
801508 1508.000000 17758100001508000 0.119270146 0.096826017 -0.163940526 0.288567080
801509 1509.000000 17758100001509000 0.121433072 0.096467755 -0.151393339 0.394379007
801510 1510.000000 17758100001510000 0.123511411 0.096866768 -0.146271898 0.358096144
801511 1511.000000 17758100001511000 0.125496954 0.096625943 -0.133486540 0.419628170
801512 1512.000000 17758100001512000 0.127381891 0.096679045 -0.115069619 0.417355137
801513 1513.000000 17758100001513000 0.129158750 0.096255841 -0.107921106 0.423580665
801514 1514.000000 17758100001514000 0.130820528 0.095811306 -0.089857711 0.435436471
801515 1515.000000 17758100001515000 0.132360682 0.095688673 -0.071254974 0.441529365
801516 1516.000000 17758100001516000 0.133773118 0.096247196 -0.057357132 0.454542584
801517 1517.000000 17758100001517000 0.135052264 0.096168066 -0.041519337 0.482115998
801518 1518.000000 17758100001518000 0.136193082 0.096029208 -0.022717754 0.502692642
801519 1519.000000 17758100001519000 0.137191057 0.096004194 -0.012978843 0.542026511
801520 1520.000000 17758100001520000 0.138042256 0.095969032 0.014000356 0.476113263
801521 1521.000000 17758100001521000 0.138743326 0.096008494 0.019386245 0.448051359
801522 1522.000000 17758100001522000 0.139291495 0.096044669 0.035144486 0.480941848
801523 1523.000000 17758100001523000 0.139684588 0.095984873 0.054094908 0.458391861
801524 1524.000000 17758100001524000 0.139921069 0.096034845 0.069614555 0.418168881
801525 1525.000000 17758100001525000 0.140000001 0.096068881 0.096763941 0.424682392
801526 1526.000000 17758100001526000 0.139921069 0.096233453 0.104228450 0.414930748
801527 1527.000000 17758100001527000 0.139684588 0.096429139 0.112546924 0.419849209
801528 1528.000000 17758100001528000 0.139291495 0.096541509 0.126342208 0.388994554
801529 1529.000000 17758100001529000 0.138743326 0.097108313 0.146004437 0.411696784
801530 1530.000000 17758100001530000 0.138042256 0.096938832 0.146744773 0.330480923
801531 1531.000000 17758100001531000 0.137191057 0.096798086 0.165364891 0.350511222
801532 1532.000000 17758100001532000 0.136193082 0.097125788 0.179852866 0.331653594
801533 1533.000000 17758100001533000 0.135052264 0.097414929 0.190639463 0.330514208
801534 1534.000000 17758100001534000 0.133773118 0.097324096 0.201010276 0.245723548
801535 1535.000000 17758100001535000 0.132360682 0.098263764 0.206690752 0.300413315
801536 1536.000000 17758100001536000 0.130820528 0.098319318 0.215721972 0.265540343
801537 1537.000000 17758100001537000 0.129158750 0.098255812 0.221732881 0.214674221
801538 1538.000000 17758100001538000 0.127381891 0.098096112 0.227365606 0.154790189
801539 1539.000000 17758100001539000 0.125496954 0.098729011 0.234435266 0.132503358
801540 1540.000000 17758100001540000 0.123511411 0.098807988 0.245015294 0.157877086
801541 1541.000000 17758100001541000 0.121433072 0.098989198 0.248518600 0.114625506
801542 1542.000000 17758100001542000 0.119270146 0.099655298 0.251388062 0.034907891
801543 1543.000000 17758100001543000 0.117031172 0.099755422 0.252979124 0.022789511
801544 1544.000000 17758100001544000 0.114724979 0.099911701 0.254043046 -0.010677766
801545 1545.000000 17758100001545000 0.112360679 0.100361857 0.253838425 -0.052686115
801546 1546.000000 17758100001546000 0.109947592 0.100163322 0.257156265 -0.075046143
801547 1547.000000 17758100001547000 0.107495256 0.100756505 0.257445964 -0.119859989
801548 1548.000000 17758100001548000 0.105013326 0.100709014 0.253766477 -0.094394548
801549 1549.000000 17758100001549000 0.102511622 0.101601055 0.229081028 -0.152937283
801550 1550.000000 17758100001550000 0.100000001 0.101684067 0.240518921 -0.182489720
801551 1551.000000 17758100001551000 0.097488381 0.101834600 0.224987016 -0.197588249
801552 1552.000000 17758100001552000 0.094986670 0.102030141 0.223970513 -0.179895768
801553 1553.000000 17758100001553000 0.092504747 0.102200010 0.217705447 -0.256807742
801554 1554.000000 17758100001554000 0.090052404 0.102739772 0.211032278 -0.257424873
801555 1555.000000 17758100001555000 0.087639317 0.102423411 0.202355677 -0.267722869
801556 1556.000000 17758100001556000 0.085275017 0.102594228 0.186564110 -0.291545312
801557 1557.000000 17758100001557000 0.082968831 0.102950846 0.174187290 -0.321696944
801558 1558.000000 17758100001558000 0.080729850 0.103105569 0.165802307 -0.366044197
801559 1559.000000 17758100001559000 0.078566931 0.103121550 0.155826500 -0.406492349
801560 1560.000000 17758100001560000 0.076488592 0.103322345 0.132136800 -0.368095912
801561 1561.000000 17758100001561000 0.074503042 0.103420796 0.139300703 -0.419683146
801562 1562.000000 17758100001562000 0.072618119 0.103687394 0.117747435 -0.426691935
801563 1563.000000 17758100001563000 0.070841253 0.103793869 0.103296830 -0.481413081
801564 1564.000000 17758100001564000 0.069179468 0.103625537 0.086890916 -0.442418320
801565 1565.000000 17758100001565000 0.067639321 0.103926399 0.080623037 -0.485351263
801566 1566.000000 17758100001566000 0.066226885 0.103986981 0.053330205 -0.466542337
801567 1567.000000 17758100001567000 0.064947732 0.103807517 0.045861393 -0.467006368
801568 1568.000000 17758100001568000 0.063806921 0.104138061 0.024161937 -0.464069198
801569 1569.000000 17758100001569000 0.062808938 0.103871543 0.016752367 -0.498870808
801570 1570.000000 17758100001570000 0.061957739 0.104169849 -0.007363440 -0.465699377
801571 1571.000000 17758100001571000 0.061256673 0.103848686 -0.024049810 -0.489729048
801572 1572.000000 17758100001572000 0.060708512 0.103735691 -0.050533367 -0.455464460
801573 1573.000000 17758100001573000 0.060315412 0.103528093 -0.049181057 -0.446027187
801574 1574.000000 17758100001574000 0.060078930 0.103638873 -0.064714990 -0.471862876
801575 1575.000000 17758100001575000 0.059999999 0.103935858 -0.086905653 -0.440328016
801576 1576.000000 17758100001576000 0.060078930 0.103401316 -0.093697991 -0.453174951
801577 1577.000000 17758100001577000 0.060315412 0.103532073 -0.114729061 -0.390336910
801578 1578.000000 17758100001578000 0.060708512 0.103513907 -0.127213808 -0.433336396
801579 1579.000000 17758100001579000 0.061256673 0.103173339 -0.136257476 -0.391958535
801580 1580.000000 17758100001580000 0.061957739 0.103159503 -0.156190414 -0.413703903
801581 1581.000000 17758100001581000 0.062808938 0.102981407 -0.163523514 -0.363185496
801582 1582.000000 17758100001582000 0.063806921 0.102812524 -0.181090398 -0.315191198
801583 1583.000000 17758100001583000 0.064947732 0.102540354 -0.190611899 -0.336073315
801584 1584.000000 17758100001584000 0.066226885 0.102155649 -0.188774302 -0.297414505
801585 1585.000000 17758100001585000 0.067639321 0.102287680 -0.215169776 -0.260536037
801586 1586.000000 17758100001586000 0.069179468 0.102046549 -0.211177791 -0.221384337
801587 1587.000000 17758100001587000 0.070841253 0.101447389 -0.228254929 -0.225277866
801588 1588.000000 17758100001588000 0.072618119 0.101548179 -0.229604767 -0.180406494
801589 1589.000000 17758100001589000 0.074503042 0.101231853 -0.237213509 -0.188040908
801590 1590.000000 17758100001590000 0.076488592 0.100748997 -0.251234474 -0.153301620
801591 1591.000000 17758100001591000 0.078566931 0.100453206 -0.250728432 -0.078603526
801592 1592.000000 17758100001592000 0.080729850 0.100332911 -0.256217030 -0.076002939
801593 1593.000000 17758100001593000 0.082968831 0.100426975 -0.256350164 -0.011813997
801594 1594.000000 17758100001594000 0.085275017 0.099891663 -0.251412732 -0.001810477
801595 1595.000000 17758100001595000 0.087639317 0.099366216 -0.243033730 -0.000606401
801596 1596.000000 17758100001596000 0.090052404 0.099477180 -0.266345839 0.052507979
801597 1597.000000 17758100001597000 0.092504747 0.099205582 -0.250014346 0.051601119
801598 1598.000000 17758100001598000 0.094986670 0.098967560 -0.245879416 0.129620805
801599 1599.000000 17758100001599000 0.097488381 0.098701662 -0.243598014 0.132406285
801600 1600.000000 17758100001600000 0.100000001 0.098596586 -0.233657932 0.200580066
801601 1601.000000 17758100001601000 0.102511622 0.098422641 -0.223432921 0.208297898
801602 1602.000000 17758100001602000 0.105013326 0.097946774 -0.218520512 0.263328219
801603 1603.000000 17758100001603000 0.107495256 0.097754248 -0.210330232 0.241327951
801604 1604.000000 17758100001604000 0.109947592 0.097872669 -0.205249474 0.284808378
801605 1605.000000 17758100001605000 0.112360679 0.097290974 -0.196733903 0.315249916
801606 1606.000000 17758100001606000 0.114724979 0.097132899 -0.188208995 0.331191933
801607 1607.000000 17758100001607000 0.117031172 0.096706585 -0.177105811 0.368506586
801608 1608.000000 17758100001608000 0.119270146 0.096456316 -0.175482020 0.339604847
801609 1609.000000 17758100001609000 0.121433072 0.096415012 -0.151759418 0.390771901
801610 1610.000000 17758100001610000 0.123511411 0.096493033 -0.149170881 0.391216897
801611 1611.000000 17758100001611000 0.125496954 0.096442008 -0.124157326 0.418832679
801612 1612.000000 17758100001612000 0.127381891 0.096448369 -0.114029203 0.418557091
801613 1613.000000 17758100001613000 0.129158750 0.096259591 -0.092066835 0.438415110
801614 1614.000000 17758100001614000 0.130820528 0.096451968 -0.078832785 0.451571375
801615 1615.000000 17758100001615000 0.132360682 0.095864145 -0.064754456 0.476970076
801616 1616.000000 17758100001616000 0.133773118 0.096366010 -0.046994610 0.472394658
801617 1617.000000 17758100001617000 0.135052264 0.095835139 -0.046392724 0.431667149
801618 1618.000000 17758100001618000 0.136193082 0.095856751 -0.023289995 0.481306427
801619 1619.000000 17758100001619000 0.137191057 0.095845472 -0.010633250 0.479983268
801620 1620.000000 17758100001620000 0.138042256 0.096095513 0.006277853 0.507017799
801621 1621.000000 17758100001621000 0.138743326 0.095542169 0.019869760 0.479673582
801622 1622.000000 17758100001622000 0.139291495 0.096392644 0.031973023 0.474256076
801623 1623.000000 17758100001623000 0.139684588 0.096241582 0.057699640 0.475380997
801624 1624.000000 17758100001624000 0.139921069 0.096268004 0.076651021 0.431844218
801625 1625.000000 17758100001625000 0.140000001 0.095962082 0.081400130 0.449321620
801626 1626.000000 17758100001626000 0.139921069 0.096263717 0.095260491 0.482466189
801627 1627.000000 17758100001627000 0.139684588 0.096412116 0.111217218 0.397531635
801628 1628.000000 17758100001628000 0.139291495 0.096622773 0.134571759 0.409199924
801629 1629.000000 17758100001629000 0.138743326 0.096656779 0.145768103 0.407799098
801630 1630.000000 17758100001630000 0.138042256 0.097233522 0.159413680 0.401354968
801631 1631.000000 17758100001631000 0.137191057 0.096822051 0.169799462 0.340696479
801632 1632.000000 17758100001632000 0.136193082 0.097234277 0.172180857 0.352926718
801633 1633.000000 17758100001633000 0.135052264 0.097837339 0.179895186 0.312831206
801634 1634.000000 17758100001634000 0.133773118 0.097963064 0.200338553 0.364905807
801635 1635.000000 17758100001635000 0.132360682 0.097898460 0.213568383 0.286423414
801636 1636.000000 17758100001636000 0.130820528 0.098274998 0.213430688 0.228180496
801637 1637.000000 17758100001637000 0.129158750 0.098446738 0.224547528 0.210554186
801638 1638.000000 17758100001638000 0.127381891 0.098610296 0.231390567 0.194940689
801639 1639.000000 17758100001639000 0.125496954 0.098946841 0.231260070 0.142675344
801640 1640.000000 17758100001640000 0.123511411 0.099035437 0.235689849 0.115315148
801641 1641.000000 17758100001641000 0.121433072 0.099502068 0.245315347 0.079131963
801642 1642.000000 17758100001642000 0.119270146 0.099972092 0.250068802 0.063962553
801643 1643.000000 17758100001643000 0.117031172 0.099487988 0.260009543 0.019072169
801644 1644.000000 17758100001644000 0.114724979 0.100259644 0.253634273 0.050629977
801645 1645.000000 17758100001645000 0.112360679 0.100720161 0.257734792 -0.016615241
801646 1646.000000 17758100001646000 0.109947592 0.100484886 0.255254487 -0.039151151
801647 1647.000000 17758100001647000 0.107495256 0.100832813 0.252253196 -0.042216195
801648 1648.000000 17758100001648000 0.105013326 0.101011502 0.245157928 -0.053051425
801649 1649.000000 17758100001649000 0.102511622 0.101351746 0.238396012 -0.164365597
801650 1650.000000 17758100001650000 0.100000001 0.101303902 0.239865011 -0.182887830
801651 1651.000000 17758100001651000 0.097488381 0.101561905 0.239444659 -0.210284032
801652 1652.000000 17758100001652000 0.094986670 0.102016190 0.228951077 -0.223179236
801653 1653.000000 17758100001653000 0.092504747 0.102286291 0.219205831 -0.254847895
801654 1654.000000 17758100001654000 0.090052404 0.102516541 0.211363486 -0.258985000
801655 1655.000000 17758100001655000 0.087639317 0.102890753 0.206190624 -0.342405306
801656 1656.000000 17758100001656000 0.085275017 0.102601740 0.186019674 -0.315591335
801657 1657.000000 17758100001657000 0.082968831 0.102674702 0.182225667 -0.347813537
801658 1658.000000 17758100001658000 0.080729850 0.103545230 0.161539603 -0.369837122
801659 1659.000000 17758100001659000 0.078566931 0.103207907 0.160123470 -0.363710783
801660 1660.000000 17758100001660000 0.076488592 0.103133144 0.134880117 -0.406716708
801661 1661.000000 17758100001661000 0.074503042 0.103377216 0.127488983 -0.347935742
801662 1662.000000 17758100001662000 0.072618119 0.103603738 0.116370925 -0.428737565
801663 1663.000000 17758100001663000 0.070841253 0.103318335 0.104332550 -0.449442101
801664 1664.000000 17758100001664000 0.069179468 0.103637214 0.093259805 -0.423836238
801665 1665.000000 17758100001665000 0.067639321 0.103935423 0.064661824 -0.461034845
801666 1666.000000 17758100001666000 0.066226885 0.103915159 0.057035959 -0.479682934
801667 1667.000000 17758100001667000 0.064947732 0.103797564 0.043339955 -0.470888569
801668 1668.000000 17758100001668000 0.063806921 0.104388150 0.028187373 -0.458026400
801669 1669.000000 17758100001669000 0.062808938 0.103813940 0.009343171 -0.478939024
801670 1670.000000 17758100001670000 0.061957739 0.104357506 -0.008099870 -0.495593863
801671 1671.000000 17758100001671000 0.061256673 0.104013756 -0.031137911 -0.463310433
801672 1672.000000 17758100001672000 0.060708512 0.103919485 -0.038649078 -0.461985555
801673 1673.000000 17758100001673000 0.060315412 0.104036326 -0.051901039 -0.470092596
801674 1674.000000 17758100001674000 0.060078930 0.103577817 -0.082956057 -0.463704854
801675 1675.000000 17758100001675000 0.059999999 0.103960707 -0.086783027 -0.456978406
801676 1676.000000 17758100001676000 0.060078930 0.103540760 -0.102723951 -0.455480584
801677 1677.000000 17758100001677000 0.060315412 0.103096626 -0.115551052 -0.442048380
801678 1678.000000 17758100001678000 0.060708512 0.103713576 -0.117402280 -0.428634752
801679 1679.000000 17758100001679000 0.061256673 0.103384889 -0.141442656 -0.377851085
801680 1680.000000 17758100001680000 0.061957739 0.102942189 -0.155983120 -0.338999430
801681 1681.000000 17758100001681000 0.062808938 0.102901031 -0.170701017 -0.333162510
801682 1682.000000 17758100001682000 0.063806921 0.103026855 -0.179252734 -0.334791134
801683 1683.000000 17758100001683000 0.064947732 0.102512808 -0.186844136 -0.305497348
801684 1684.000000 17758100001684000 0.066226885 0.102199271 -0.202618689 -0.283343444
801685 1685.000000 17758100001685000 0.067639321 0.102076958 -0.206392970 -0.275244148
801686 1686.000000 17758100001686000 0.069179468 0.102208069 -0.211331606 -0.188339421
801687 1687.000000 17758100001687000 0.070841253 0.101571832 -0.225222559 -0.189530262
801688 1688.000000 17758100001688000 0.072618119 0.101147117 -0.232525355 -0.225267047
801689 1689.000000 17758100001689000 0.074503042 0.101619152 -0.236848544 -0.176376960
801690 1690.000000 17758100001690000 0.076488592 0.101285438 -0.244920438 -0.142717409
801691 1691.000000 17758100001691000 0.078566931 0.100829686 -0.251924912 -0.083761331
801692 1692.000000 17758100001692000 0.080729850 0.100574739 -0.243738963 -0.064031752
801693 1693.000000 17758100001693000 0.082968831 0.100037374 -0.246422332 -0.060501706
801694 1694.000000 17758100001694000 0.085275017 0.099632188 -0.253187936 0.037344954
801695 1695.000000 17758100001695000 0.087639317 0.099676791 -0.246258413 0.018189572
801696 1696.000000 17758100001696000 0.090052404 0.099259425 -0.256384442 0.041770988
801697 1697.000000 17758100001697000 0.092504747 0.099017569 -0.247980849 0.079530402
801698 1698.000000 17758100001698000 0.094986670 0.098910084 -0.244863997 0.105687033
801699 1699.000000 17758100001699000 0.097488381 0.098889664 -0.252725227 0.109147484
801700 1700.000000 17758100001700000 0.100000001 0.098356137 -0.231719930 0.170155633
801701 1701.000000 17758100001701000 0.102511622 0.098356055 -0.226719338 0.208267036
801702 1702.000000 17758100001702000 0.105013326 0.097966526 -0.230871283 0.222560895
801703 1703.000000 17758100001703000 0.107495256 0.098331162 -0.225927211 0.235806216
801704 1704.000000 17758100001704000 0.109947592 0.097384495 -0.211346571 0.246102259
801705 1705.000000 17758100001705000 0.112360679 0.097492036 -0.210040946 0.298191219
801706 1706.000000 17758100001706000 0.114724979 0.097377839 -0.185727746 0.343385165
801707 1707.000000 17758100001707000 0.117031172 0.097368390 -0.182053133 0.326417815
801708 1708.000000 17758100001708000 0.119270146 0.096768414 -0.167472786 0.386389909
801709 1709.000000 17758100001709000 0.121433072 0.096795356 -0.152025562 0.394379437
801710 1710.000000 17758100001710000 0.123511411 0.096591656 -0.138792672 0.381338593
801711 1711.000000 17758100001711000 0.125496954 0.096866911 -0.130025904 0.397005168
801712 1712.000000 17758100001712000 0.127381891 0.096242340 -0.116103364 0.405167757
801713 1713.000000 17758100001713000 0.129158750 0.096329977 -0.114683274 0.446998700
801714 1714.000000 17758100001714000 0.130820528 0.095864020 -0.085666350 0.438665197
801715 1715.000000 17758100001715000 0.132360682 0.096231365 -0.067761654 0.493165673
801716 1716.000000 17758100001716000 0.133773118 0.095898683 -0.056575820 0.427774316
801717 1717.000000 17758100001717000 0.135052264 0.095931348 -0.034825470 0.449633713
801718 1718.000000 17758100001718000 0.136193082 0.096008346 -0.020562521 0.466177821
801719 1719.000000 17758100001719000 0.137191057 0.095999728 -0.005603839 0.460654804
801720 1720.000000 17758100001720000 0.138042256 0.095843148 0.012924943 0.463952578
801721 1721.000000 17758100001721000 0.138743326 0.096201189 0.018720663 0.469874094
801722 1722.000000 17758100001722000 0.139291495 0.096056080 0.038665115 0.481777057
801723 1723.000000 17758100001723000 0.139684588 0.096267123 0.052663695 0.488434388
801724 1724.000000 17758100001724000 0.139921069 0.096207918 0.073125611 0.430999580
801725 1725.000000 17758100001725000 0.140000001 0.096003549 0.084268909 0.437176632
801726 1726.000000 17758100001726000 0.139921069 0.096004735 0.098606206 0.445132853
801727 1727.000000 17758100001727000 0.139684588 0.096612621 0.115458502 0.452134721
801728 1728.000000 17758100001728000 0.139291495 0.096502678 0.132614573 0.390870041
801729 1729.000000 17758100001729000 0.138743326 0.096817346 0.146343215 0.377370624
801730 1730.000000 17758100001730000 0.138042256 0.097383736 0.146323185 0.375082706
801731 1731.000000 17758100001731000 0.137191057 0.097087763 0.172701732 0.373244680
801732 1732.000000 17758100001732000 0.136193082 0.097596927 0.170668982 0.352963878
801733 1733.000000 17758100001733000 0.135052264 0.097640487 0.198002645 0.314569974
801734 1734.000000 17758100001734000 0.133773118 0.097765591 0.203867109 0.301309486
801735 1735.000000 17758100001735000 0.132360682 0.097865909 0.216377623 0.269495917
801736 1736.000000 17758100001736000 0.130820528 0.097844546 0.217334073 0.251217941
801737 1737.000000 17758100001737000 0.129158750 0.098235528 0.225965329 0.199150419
801738 1738.000000 17758100001738000 0.127381891 0.098363210 0.233752588 0.163841199
801739 1739.000000 17758100001739000 0.125496954 0.098719802 0.231247363 0.142965937
801740 1740.000000 17758100001740000 0.123511411 0.099395860 0.241401752 0.125878997
801741 1741.000000 17758100001741000 0.121433072 0.099125038 0.248516437 0.119597925
801742 1742.000000 17758100001742000 0.119270146 0.099627313 0.245750575 0.031918250
801743 1743.000000 17758100001743000 0.117031172 0.099903364 0.244458280 0.063056880
801744 1744.000000 17758100001744000 0.114724979 0.099972896 0.247350380 -0.002164033
801745 1745.000000 17758100001745000 0.112360679 0.100152414 0.256853427 0.003836127
801746 1746.000000 17758100001746000 0.109947592 0.100773531 0.249356015 -0.058118316
801747 1747.000000 17758100001747000 0.107495256 0.100519450 0.250092048 -0.071529465
801748 1748.000000 17758100001748000 0.105013326 0.100980757 0.251509745 -0.115139166
801749 1749.000000 17758100001749000 0.102511622 0.101387641 0.240702703 -0.124394451
801750 1750.000000 17758100001750000 0.100000001 0.101478357 0.235948120 -0.190514737
801751 1751.000000 17758100001751000 0.097488381 0.102097493 0.230296853 -0.209725848
801752 1752.000000 17758100001752000 0.094986670 0.102070614 0.223767613 -0.239953604
801753 1753.000000 17758100001753000 0.092504747 0.102269828 0.212023177 -0.297343337
801754 1754.000000 17758100001754000 0.090052404 0.102579857 0.217479317 -0.248287368
801755 1755.000000 17758100001755000 0.087639317 0.102573308 0.199842717 -0.282897086
801756 1756.000000 17758100001756000 0.085275017 0.102719640 0.188277934 -0.368238911
801757 1757.000000 17758100001757000 0.082968831 0.102975364 0.176346324 -0.344388404
801758 1758.000000 17758100001758000 0.080729850 0.103052094 0.159606855 -0.370708573
801759 1759.000000 17758100001759000 0.078566931 0.103200022 0.162098537 -0.351356350
801760 1760.000000 17758100001760000 0.076488592 0.103095432 0.130622312 -0.414715125
801761 1761.000000 17758100001761000 0.074503042 0.103737352 0.136025879 -0.378702067
801762 1762.000000 17758100001762000 0.072618119 0.103683922 0.115977994 -0.419954604
801763 1763.000000 17758100001763000 0.070841253 0.103773839 0.104356353 -0.438907066
801764 1764.000000 17758100001764000 0.069179468 0.103627320 0.079282203 -0.428682634
801765 1765.000000 17758100001765000 0.067639321 0.103684996 0.072735500 -0.461635397
801766 1766.000000 17758100001766000 0.066226885 0.104100841 0.062500085 -0.470686309
801767 1767.000000 17758100001767000 0.064947732 0.103879107 0.039507862 -0.480531448
801768 1768.000000 17758100001768000 0.063806921 0.104024657 0.033745834 -0.470382552
801769 1769.000000 17758100001769000 0.062808938 0.103894395 -0.000356565 -0.466679464
801770 1770.000000 17758100001770000 0.061957739 0.103605999 -0.008061433 -0.509748456
801771 1771.000000 17758100001771000 0.061256673 0.103847083 -0.029776777 -0.480063301
801772 1772.000000 17758100001772000 0.060708512 0.104085120 -0.042606146 -0.475492146
801773 1773.000000 17758100001773000 0.060315412 0.104066198 -0.054537355 -0.443551847
801774 1774.000000 17758100001774000 0.060078930 0.103726349 -0.069400294 -0.480367904
801775 1775.000000 17758100001775000 0.059999999 0.103629489 -0.086863433 -0.431728328
801776 1776.000000 17758100001776000 0.060078930 0.103564726 -0.104652503 -0.422707224
801777 1777.000000 17758100001777000 0.060315412 0.103455198 -0.117080523 -0.424053485
801778 1778.000000 17758100001778000 0.060708512 0.103636350 -0.128433527 -0.452233149
801779 1779.000000 17758100001779000 0.061256673 0.103139051 -0.147809268 -0.380522124
801780 1780.000000 17758100001780000 0.061957739 0.103323445 -0.153880947 -0.390653692
801781 1781.000000 17758100001781000 0.062808938 0.102636316 -0.167814624 -0.349416184
801782 1782.000000 17758100001782000 0.063806921 0.102703007 -0.179299795 -0.299098990
801783 1783.000000 17758100001783000 0.064947732 0.102442973 -0.181817631 -0.325918852
801784 1784.000000 17758100001784000 0.066226885 0.102342090 -0.199265378 -0.260136869
801785 1785.000000 17758100001785000 0.067639321 0.102011180 -0.207888344 -0.277292990
801786 1786.000000 17758100001786000 0.069179468 0.101788652 -0.212978100 -0.248965551
801787 1787.000000 17758100001787000 0.070841253 0.101868207 -0.225358580 -0.181053106
801788 1788.000000 17758100001788000 0.072618119 0.101762934 -0.230172530 -0.164400099
801789 1789.000000 17758100001789000 0.074503042 0.101279602 -0.237682854 -0.129957936
801790 1790.000000 17758100001790000 0.076488592 0.100781319 -0.254590748 -0.080055074
801791 1791.000000 17758100001791000 0.078566931 0.101186632 -0.239691983 -0.092903955
801792 1792.000000 17758100001792000 0.080729850 0.100635147 -0.261237098 -0.073287475
801793 1793.000000 17758100001793000 0.082968831 0.100114053 -0.250592360 -0.029443654
801794 1794.000000 17758100001794000 0.085275017 0.100019072 -0.256773241 0.017241346
801795 1795.000000 17758100001795000 0.087639317 0.099764948 -0.253881724 -0.006267181
801796 1796.000000 17758100001796000 0.090052404 0.099655641 -0.252748881 0.027144240
801797 1797.000000 17758100001797000 0.092504747 0.099344723 -0.255288041 0.077633724
801798 1798.000000 17758100001798000 0.094986670 0.099116539 -0.253807283 0.111956625
801799 1799.000000 17758100001799000 0.097488381 0.098572489 -0.239014760 0.121776194
801800 1800.000000 17758100001800000 0.100000001 0.098115907 -0.238521755 0.171086078
801801 1801.000000 17758100001801000 0.102511622 0.097785947 -0.235365950 0.190504341
801802 1802.000000 17758100001802000 0.105013326 0.098192912 -0.221251982 0.220617509
801803 1803.000000 17758100001803000 0.107495256 0.098018375 -0.215202494 0.241484567
801804 1804.000000 17758100001804000 0.109947592 0.097149917 -0.208477859 0.311552857
801805 1805.000000 17758100001805000 0.112360679 0.097791991 -0.197971143 0.276425074
801806 1806.000000 17758100001806000 0.114724979 0.097122851 -0.188554171 0.327785372
801807 1807.000000 17758100001807000 0.117031172 0.097552943 -0.174474961 0.355445014
801808 1808.000000 17758100001808000 0.119270146 0.096978343 -0.167540225 0.356898830
801809 1809.000000 17758100001809000 0.121433072 0.096777432 -0.151064203 0.377199597
801810 1810.000000 17758100001810000 0.123511411 0.096666898 -0.143969842 0.401446537
801811 1811.000000 17758100001811000 0.125496954 0.096064406 -0.124875627 0.392806103
801812 1812.000000 17758100001812000 0.127381891 0.096820358 -0.108462199 0.426404985
801813 1813.000000 17758100001813000 0.129158750 0.096322881 -0.096667223 0.438939368
801814 1814.000000 17758100001814000 0.130820528 0.096122876 -0.083773922 0.468197200
801815 1815.000000 17758100001815000 0.132360682 0.095848535 -0.064613683 0.461506227
801816 1816.000000 17758100001816000 0.133773118 0.096129367 -0.047800272 0.492417016
801817 1817.000000 17758100001817000 0.135052264 0.095887382 -0.045601380 0.483361870
801818 1818.000000 17758100001818000 0.136193082 0.096202627 -0.016568661 0.462584811
801819 1819.000000 17758100001819000 0.137191057 0.096065029 -0.008486502 0.486175681
801820 1820.000000 17758100001820000 0.138042256 0.095918168 0.006556600 0.450230961
801821 1821.000000 17758100001821000 0.138743326 0.095723261 0.032652523 0.472394041
801822 1822.000000 17758100001822000 0.139291495 0.095866826 0.037491057 0.453263362
801823 1823.000000 17758100001823000 0.139684588 0.096027886 0.059603307 0.445183850
801824 1824.000000 17758100001824000 0.139921069 0.096519788 0.062615596 0.475742317
801825 1825.000000 17758100001825000 0.140000001 0.096377861 0.081121906 0.431412779
801826 1826.000000 17758100001826000 0.139921069 0.096450460 0.098194058 0.415484438
801827 1827.000000 17758100001827000 0.139684588 0.096360296 0.116309968 0.419538586
801828 1828.000000 17758100001828000 0.139291495 0.096590752 0.125220683 0.415179178
801829 1829.000000 17758100001829000 0.138743326 0.096784480 0.140695797 0.384596249
801830 1830.000000 17758100001830000 0.138042256 0.096523685 0.156483714 0.350916615
801831 1831.000000 17758100001831000 0.137191057 0.097576185 0.161384991 0.379025535
801832 1832.000000 17758100001832000 0.136193082 0.097258621 0.181631517 0.336288129
801833 1833.000000 17758100001833000 0.135052264 0.097191226 0.194115560 0.298554715
801834 1834.000000 17758100001834000 0.133773118 0.097924386 0.193773001 0.288359926
801835 1835.000000 17758100001835000 0.132360682 0.097791971 0.204365417 0.245063312
801836 1836.000000 17758100001836000 0.130820528 0.098067625 0.217462039 0.226958776
801837 1837.000000 17758100001837000 0.129158750 0.098783736 0.225408634 0.249279766
801838 1838.000000 17758100001838000 0.127381891 0.098762492 0.234357077 0.175366504
801839 1839.000000 17758100001839000 0.125496954 0.098605490 0.241594287 0.152082974
801840 1840.000000 17758100001840000 0.123511411 0.099136599 0.243154796 0.148949294
801841 1841.000000 17758100001841000 0.121433072 0.099142276 0.245342228 0.146186035
801842 1842.000000 17758100001842000 0.119270146 0.099456346 0.258882739 0.052800122
801843 1843.000000 17758100001843000 0.117031172 0.099728256 0.245217126 0.026180575
801844 1844.000000 17758100001844000 0.114724979 0.100089400 0.249658263 -0.003119059
801845 1845.000000 17758100001845000 0.112360679 0.100042483 0.258205946 -0.056934480
801846 1846.000000 17758100001846000 0.109947592 0.100556771 0.248252763 -0.083791567
801847 1847.000000 17758100001847000 0.107495256 0.100915823 0.256615774 -0.100828497
801848 1848.000000 17758100001848000 0.105013326 0.101036668 0.248223782 -0.085195942
801849 1849.000000 17758100001849000 0.102511622 0.101372892 0.255414138 -0.151096726
801850 1850.000000 17758100001850000 0.100000001 0.101354680 0.245488139 -0.198866987
801851 1851.000000 17758100001851000 0.097488381 0.101614627 0.232671642 -0.235448175
801852 1852.000000 17758100001852000 0.094986670 0.102065596 0.230041296 -0.183484791
801853 1853.000000 17758100001853000 0.092504747 0.101943791 0.214040086 -0.241100378
801854 1854.000000 17758100001854000 0.090052404 0.102124742 0.209273103 -0.270728588
801855 1855.000000 17758100001855000 0.087639317 0.102603071 0.194907197 -0.253346862
801856 1856.000000 17758100001856000 0.085275017 0.102553175 0.188091956 -0.323852197
801857 1857.000000 17758100001857000 0.082968831 0.102947632 0.176251087 -0.337540828
801858 1858.000000 17758100001858000 0.080729850 0.103135711 0.161741074 -0.366741272
801859 1859.000000 17758100001859000 0.078566931 0.103215587 0.165126902 -0.377710434
801860 1860.000000 17758100001860000 0.076488592 0.103297185 0.144746861 -0.390207024
801861 1861.000000 17758100001861000 0.074503042 0.103235129 0.135547770 -0.396899728
801862 1862.000000 17758100001862000 0.072618119 0.103738194 0.107204215 -0.428857469
801863 1863.000000 17758100001863000 0.070841253 0.103356250 0.099649255 -0.431964778
801864 1864.000000 17758100001864000 0.069179468 0.103682062 0.090095326 -0.453483627
801865 1865.000000 17758100001865000 0.067639321 0.103823014 0.074646270 -0.441302265
801866 1866.000000 17758100001866000 0.066226885 0.104214572 0.051585854 -0.454161780
801867 1867.000000 17758100001867000 0.064947732 0.103775827 0.035948184 -0.487754102
801868 1868.000000 17758100001868000 0.063806921 0.104053082 0.031455487 -0.487925528
801869 1869.000000 17758100001869000 0.062808938 0.104027789 0.008358160 -0.517087718
801870 1870.000000 17758100001870000 0.061957739 0.103783874 -0.010953978 -0.485165863
801871 1871.000000 17758100001871000 0.061256673 0.104319094 -0.027935696 -0.487647075
801872 1872.000000 17758100001872000 0.060708512 0.103777106 -0.037854184 -0.460696943
801873 1873.000000 17758100001873000 0.060315412 0.103686824 -0.050553067 -0.458487980
801874 1874.000000 17758100001874000 0.060078930 0.103872285 -0.061805473 -0.471692611
801875 1875.000000 17758100001875000 0.059999999 0.104057634 -0.089345421 -0.445196707
801876 1876.000000 17758100001876000 0.060078930 0.103828952 -0.098110342 -0.425061570
801877 1877.000000 17758100001877000 0.060315412 0.103411944 -0.106769272 -0.438668797
801878 1878.000000 17758100001878000 0.060708512 0.103199987 -0.135848854 -0.401874148
801879 1879.000000 17758100001879000 0.061256673 0.103147450 -0.152921968 -0.447097660
801880 1880.000000 17758100001880000 0.061957739 0.103134229 -0.155408668 -0.370956360
801881 1881.000000 17758100001881000 0.062808938 0.103101289 -0.163226886 -0.334188209
801882 1882.000000 17758100001882000 0.063806921 0.102661087 -0.180293191 -0.313224243
801883 1883.000000 17758100001883000 0.064947732 0.102576044 -0.186567660 -0.314098762
801884 1884.000000 17758100001884000 0.066226885 0.102178045 -0.200207699 -0.322718120
801885 1885.000000 17758100001885000 0.067639321 0.101983537 -0.211416384 -0.270570597
801886 1886.000000 17758100001886000 0.069179468 0.101968088 -0.223462026 -0.223843918
801887 1887.000000 17758100001887000 0.070841253 0.102040009 -0.214145719 -0.194307080
801888 1888.000000 17758100001888000 0.072618119 0.101837157 -0.229336842 -0.202644639
801889 1889.000000 17758100001889000 0.074503042 0.101235235 -0.250228530 -0.143966516
801890 1890.000000 17758100001890000 0.076488592 0.100801723 -0.240153667 -0.125158776
801891 1891.000000 17758100001891000 0.078566931 0.100730296 -0.239450721 -0.102228312
801892 1892.000000 17758100001892000 0.080729850 0.100773716 -0.253210731 -0.058131070
801893 1893.000000 17758100001893000 0.082968831 0.100133177 -0.249769793 -0.020700122
801894 1894.000000 17758100001894000 0.085275017 0.099716470 -0.254819325 -0.011323644
801895 1895.000000 17758100001895000 0.087639317 0.099423661 -0.257981966 -0.035190799
801896 1896.000000 17758100001896000 0.090052404 0.099642553 -0.246877009 0.045843406
801897 1897.000000 17758100001897000 0.092504747 0.099188313 -0.253235588 0.058345777
801898 1898.000000 17758100001898000 0.094986670 0.099034273 -0.247451758 0.094936433
801899 1899.000000 17758100001899000 0.097488381 0.098681542 -0.240365294 0.140020885
801900 1900.000000 17758100001900000 0.100000001 0.098791141 -0.242753555 0.155916866
801901 1901.000000 17758100001901000 0.102511622 0.098752615 -0.231851890 0.197572605
801902 1902.000000 17758100001902000 0.105013326 0.097802715 -0.233078924 0.217936408
801903 1903.000000 17758100001903000 0.107495256 0.098144143 -0.217334918 0.268606056
801904 1904.000000 17758100001904000 0.109947592 0.097522863 -0.208425024 0.254338429
801905 1905.000000 17758100001905000 0.112360679 0.097719290 -0.204787735 0.329468774
801906 1906.000000 17758100001906000 0.114724979 0.096719409 -0.192016998 0.318239169
801907 1907.000000 17758100001907000 0.117031172 0.096595600 -0.179119092 0.354786575
801908 1908.000000 17758100001908000 0.119270146 0.096946633 -0.169629319 0.355765077
801909 1909.000000 17758100001909000 0.121433072 0.097009653 -0.160506292 0.414161479
801910 1910.000000 17758100001910000 0.123511411 0.096465386 -0.137420166 0.421480527
801911 1911.000000 17758100001911000 0.125496954 0.096453112 -0.122700092 0.411217005
801912 1912.000000 17758100001912000 0.127381891 0.096433878 -0.118153295 0.405744571
801913 1913.000000 17758100001913000 0.129158750 0.096375645 -0.102549230 0.438351587
801914 1914.000000 17758100001914000 0.130820528 0.096601829 -0.084507969 0.431278472
801915 1915.000000 17758100001915000 0.132360682 0.096007533 -0.062441996 0.455723113
801916 1916.000000 17758100001916000 0.133773118 0.096526632 -0.051122168 0.478133504
801917 1917.000000 17758100001917000 0.135052264 0.096080991 -0.038700078 0.483313957
801918 1918.000000 17758100001918000 0.136193082 0.095876070 -0.023230665 0.473775051
801919 1919.000000 17758100001919000 0.137191057 0.096094245 -0.012505813 0.493988324
801920 1920.000000 17758100001920000 0.138042256 0.095915906 0.009324838 0.506408182
801921 1921.000000 17758100001921000 0.138743326 0.096016602 0.016265877 0.414957545
801922 1922.000000 17758100001922000 0.139291495 0.095779996 0.038167620 0.441170188
801923 1923.000000 17758100001923000 0.139684588 0.096205362 0.058630216 0.458694122
801924 1924.000000 17758100001924000 0.139921069 0.096203632 0.072059684 0.458240796
801925 1925.000000 17758100001925000 0.140000001 0.096465924 0.075175154 0.460963888
801926 1926.000000 17758100001926000 0.139921069 0.096522688 0.100631322 0.429762527
801927 1927.000000 17758100001927000 0.139684588 0.096493703 0.118096740 0.410615595
801928 1928.000000 17758100001928000 0.139291495 0.096666339 0.131412274 0.415102424
801929 1929.000000 17758100001929000 0.138743326 0.096944320 0.130734159 0.400040832
801930 1930.000000 17758100001930000 0.138042256 0.097022367 0.150254600 0.366813349
801931 1931.000000 17758100001931000 0.137191057 0.097442323 0.172944559 0.346150250
801932 1932.000000 17758100001932000 0.136193082 0.097187922 0.180346510 0.334081061
801933 1933.000000 17758100001933000 0.135052264 0.097181149 0.190928149 0.314706065
801934 1934.000000 17758100001934000 0.133773118 0.097446429 0.199028142 0.304256973
801935 1935.000000 17758100001935000 0.132360682 0.097692489 0.210312361 0.266785183
801936 1936.000000 17758100001936000 0.130820528 0.098103279 0.222187948 0.228191267
801937 1937.000000 17758100001937000 0.129158750 0.098294372 0.224653889 0.184117848
801938 1938.000000 17758100001938000 0.127381891 0.098501152 0.228470721 0.171202825
801939 1939.000000 17758100001939000 0.125496954 0.098643728 0.235747958 0.118594792
801940 1940.000000 17758100001940000 0.123511411 0.099001307 0.242400399 0.108830015
801941 1941.000000 17758100001941000 0.121433072 0.099347781 0.252825079 0.103430164
801942 1942.000000 17758100001942000 0.119270146 0.099278570 0.238336464 0.041574394
801943 1943.000000 17758100001943000 0.117031172 0.099099662 0.251404878 0.047810865
801944 1944.000000 17758100001944000 0.114724979 0.100125692 0.254950655 -0.004865302
801945 1945.000000 17758100001945000 0.112360679 0.100255714 0.257507570 -0.006862344
801946 1946.000000 17758100001946000 0.109947592 0.100442321 0.250802930 -0.016726601
801947 1947.000000 17758100001947000 0.107495256 0.101033455 0.239738361 -0.048531060
801948 1948.000000 17758100001948000 0.105013326 0.101070072 0.250776074 -0.101549325
801949 1949.000000 17758100001949000 0.102511622 0.100850909 0.240175095 -0.157346146
801950 1950.000000 17758100001950000 0.100000001 0.101661945 0.235470742 -0.133292154
801951 1951.000000 17758100001951000 0.097488381 0.101262510 0.227822256 -0.202709578
801952 1952.000000 17758100001952000 0.094986670 0.101657381 0.225729419 -0.215804126
801953 1953.000000 17758100001953000 0.092504747 0.102124297 0.215745210 -0.211666902
801954 1954.000000 17758100001954000 0.090052404 0.101896467 0.208723446 -0.267137085
801955 1955.000000 17758100001955000 0.087639317 0.102870523 0.207009126 -0.326627414
801956 1956.000000 17758100001956000 0.085275017 0.102765771 0.195023260 -0.326177601
801957 1957.000000 17758100001957000 0.082968831 0.103277592 0.178553245 -0.374599234
801958 1958.000000 17758100001958000 0.080729850 0.103052987 0.160399579 -0.375146793
801959 1959.000000 17758100001959000 0.078566931 0.103439111 0.161283353 -0.394051090
801960 1960.000000 17758100001960000 0.076488592 0.103457285 0.145054449 -0.394632253
801961 1961.000000 17758100001961000 0.074503042 0.103651286 0.128736645 -0.454376205
801962 1962.000000 17758100001962000 0.072618119 0.103469461 0.114847168 -0.436658835
801963 1963.000000 17758100001963000 0.070841253 0.103350527 0.096377733 -0.429591267
801964 1964.000000 17758100001964000 0.069179468 0.104084591 0.086937882 -0.450357054
801965 1965.000000 17758100001965000 0.067639321 0.104053315 0.082191806 -0.467767429
801966 1966.000000 17758100001966000 0.066226885 0.104015539 0.056137493 -0.447695812
801967 1967.000000 17758100001967000 0.064947732 0.103847898 0.041244568 -0.501488574
801968 1968.000000 17758100001968000 0.063806921 0.104075425 0.031861670 -0.427735575
801969 1969.000000 17758100001969000 0.062808938 0.104120430 0.006443455 -0.435964844
801970 1970.000000 17758100001970000 0.061957739 0.104078050 -0.007258439 -0.465779099
801971 1971.000000 17758100001971000 0.061256673 0.104098767 -0.026282982 -0.480648037
801972 1972.000000 17758100001972000 0.060708512 0.103993087 -0.043685367 -0.475795497
801973 1973.000000 17758100001973000 0.060315412 0.103975136 -0.052644446 -0.447851295
801974 1974.000000 17758100001974000 0.060078930 0.103649203 -0.061213579 -0.458757240
801975 1975.000000 17758100001975000 0.059999999 0.103940529 -0.083909917 -0.444645485
801976 1976.000000 17758100001976000 0.060078930 0.103540408 -0.094591193 -0.442902123
801977 1977.000000 17758100001977000 0.060315412 0.103552272 -0.118565263 -0.427732300
801978 1978.000000 17758100001978000 0.060708512 0.103817354 -0.127717537 -0.394793658
801979 1979.000000 17758100001979000 0.061256673 0.103444318 -0.143845031 -0.375558438
801980 1980.000000 17758100001980000 0.061957739 0.103416478 -0.160593629 -0.378110440
801981 1981.000000 17758100001981000 0.062808938 0.102796626 -0.172123461 -0.369027663
801982 1982.000000 17758100001982000 0.063806921 0.102633889 -0.179262011 -0.358413632
801983 1983.000000 17758100001983000 0.064947732 0.102470581 -0.187637148 -0.324125819
801984 1984.000000 17758100001984000 0.066226885 0.102360063 -0.208493271 -0.258268907
801985 1985.000000 17758100001985000 0.067639321 0.102193882 -0.204543417 -0.243433415
801986 1986.000000 17758100001986000 0.069179468 0.101892723 -0.215448364 -0.255169451
801987 1987.000000 17758100001987000 0.070841253 0.101572831 -0.230845784 -0.207911027
801988 1988.000000 17758100001988000 0.072618119 0.101175951 -0.230803073 -0.195565368
801989 1989.000000 17758100001989000 0.074503042 0.101569657 -0.231437179 -0.110812450
801990 1990.000000 17758100001990000 0.076488592 0.100850618 -0.242848198 -0.135996560
801991 1991.000000 17758100001991000 0.078566931 0.100798873 -0.246470386 -0.096075417
801992 1992.000000 17758100001992000 0.080729850 0.100217675 -0.253870172 -0.055417811
801993 1993.000000 17758100001993000 0.082968831 0.100255886 -0.257841132 -0.039170680
801994 1994.000000 17758100001994000 0.085275017 0.099901752 -0.249743396 -0.022183469
801995 1995.000000 17758100001995000 0.087639317 0.099974570 -0.249166797 0.012725164
801996 1996.000000 17758100001996000 0.090052404 0.099591322 -0.247977584 0.066152974
801997 1997.000000 17758100001997000 0.092504747 0.099265705 -0.243737626 0.063712304
801998 1998.000000 17758100001998000 0.094986670 0.099104446 -0.244242535 0.094997069
801999 1999.000000 17758100001999000 0.097488381 0.098282730 -0.235669373 0.142055664
802000 2000.000000 17758100002000000 0.100000001 0.098514589 -0.230345873 0.181185141
802001 2001.000000 17758100002001000 0.102511622 0.098247104 -0.230570090 0.202284086
802002 2002.000000 17758100002002000 0.105013326 0.097989686 -0.220676462 0.225797093
802003 2003.000000 17758100002003000 0.107495256 0.097674896 -0.216806931 0.271247716
802004 2004.000000 17758100002004000 0.109947592 0.097801322 -0.211416561 0.235227948
802005 2005.000000 17758100002005000 0.112360679 0.097394819 -0.197681464 0.302601736
802006 2006.000000 17758100002006000 0.114724979 0.097810121 -0.192972097 0.318886865
802007 2007.000000 17758100002007000 0.117031172 0.096719006 -0.184071930 0.370514737
802008 2008.000000 17758100002008000 0.119270146 0.097014856 -0.166809152 0.348993610
802009 2009.000000 17758100002009000 0.121433072 0.096670331 -0.149955936 0.391196891
802010 2010.000000 17758100002010000 0.123511411 0.096608536 -0.146091369 0.419313268
802011 2011.000000 17758100002011000 0.125496954 0.096324570 -0.132336231 0.381749477
802012 2012.000000 17758100002012000 0.127381891 0.096326335 -0.112602140 0.439797618
802013 2013.000000 17758100002013000 0.129158750 0.096077534 -0.096010551 0.436652313
802014 2014.000000 17758100002014000 0.130820528 0.095976598 -0.088488009 0.439665097
802015 2015.000000 17758100002015000 0.132360682 0.096115872 -0.069786178 0.455991291
802016 2016.000000 17758100002016000 0.133773118 0.095703034 -0.046322398 0.497399842
802017 2017.000000 17758100002017000 0.135052264 0.096085930 -0.034193880 0.472631231
802018 2018.000000 17758100002018000 0.136193082 0.095928943 -0.031185582 0.488848222
802019 2019.000000 17758100002019000 0.137191057 0.095694641 -0.011697005 0.521361656
802020 2020.000000 17758100002020000 0.138042256 0.096163166 0.011880598 0.462571340
802021 2021.000000 17758100002021000 0.138743326 0.096308149 0.010551098 0.495333519
802022 2022.000000 17758100002022000 0.139291495 0.096328697 0.041195818 0.485049520
802023 2023.000000 17758100002023000 0.139684588 0.095980196 0.052585308 0.449510386
802024 2024.000000 17758100002024000 0.139921069 0.096249230 0.074127032 0.491524664
802025 2025.000000 17758100002025000 0.140000001 0.096228222 0.094095701 0.451003705
802026 2026.000000 17758100002026000 0.139921069 0.096165803 0.103500343 0.455639910
802027 2027.000000 17758100002027000 0.139684588 0.096538955 0.113194140 0.427861847
802028 2028.000000 17758100002028000 0.139291495 0.096517540 0.129550287 0.403350656
802029 2029.000000 17758100002029000 0.138743326 0.096617615 0.143696227 0.383396026
802030 2030.000000 17758100002030000 0.138042256 0.097139597 0.151925713 0.384235589
802031 2031.000000 17758100002031000 0.137191057 0.096978783 0.169025412 0.365843148
802032 2032.000000 17758100002032000 0.136193082 0.096978255 0.181804176 0.321707194
802033 2033.000000 17758100002033000 0.135052264 0.097833180 0.192615489 0.306718320
802034 2034.000000 17758100002034000 0.133773118 0.097727499 0.198387696 0.320178101
802035 2035.000000 17758100002035000 0.132360682 0.098243812 0.205501565 0.273244281
802036 2036.000000 17758100002036000 0.130820528 0.098142062 0.224568891 0.195548149
802037 2037.000000 17758100002037000 0.129158750 0.098356109 0.233668845 0.208857073
802038 2038.000000 17758100002038000 0.127381891 0.098581185 0.233701464 0.169535717
802039 2039.000000 17758100002039000 0.125496954 0.098974156 0.237632281 0.151522272
802040 2040.000000 17758100002040000 0.123511411 0.099091443 0.238530880 0.119083376
802041 2041.000000 17758100002041000 0.121433072 0.099337355 0.258046914 0.121150911
802042 2042.000000 17758100002042000 0.119270146 0.099685646 0.251602670 0.083905007
802043 2043.000000 17758100002043000 0.117031172 0.099719503 0.258903317 0.060369567
802044 2044.000000 17758100002044000 0.114724979 0.099892442 0.251164003 0.008839742
802045 2045.000000 17758100002045000 0.112360679 0.100412407 0.241775275 -0.035190586
802046 2046.000000 17758100002046000 0.109947592 0.100741625 0.252001415 -0.023884267
802047 2047.000000 17758100002047000 0.107495256 0.100610717 0.242803142 -0.127088355
802048 2048.000000 17758100002048000 0.105013326 0.100971036 0.247097177 -0.075027546
802049 2049.000000 17758100002049000 0.102511622 0.101238788 0.238714583 -0.179030642
802050 2050.000000 17758100002050000 0.100000001 0.101475851 0.236979643 -0.151711351
802051 2051.000000 17758100002051000 0.097488381 0.102189698 0.233428623 -0.206732928
802052 2052.000000 17758100002052000 0.094986670 0.101471298 0.232472798 -0.199492731
802053 2053.000000 17758100002053000 0.092504747 0.102187053 0.220544418 -0.253669268
802054 2054.000000 17758100002054000 0.090052404 0.102340722 0.209519124 -0.244425255
802055 2055.000000 17758100002055000 0.087639317 0.102778839 0.200644495 -0.299726593
802056 2056.000000 17758100002056000 0.085275017 0.102966906 0.195371702 -0.320990771
802057 2057.000000 17758100002057000 0.082968831 0.102945735 0.180098955 -0.368993698
802058 2058.000000 17758100002058000 0.080729850 0.103089972 0.168410946 -0.329389123
802059 2059.000000 17758100002059000 0.078566931 0.103193584 0.150666701 -0.365400257
802060 2060.000000 17758100002060000 0.076488592 0.103084298 0.146629919 -0.405839676
802061 2061.000000 17758100002061000 0.074503042 0.103429703 0.127536309 -0.412267312
802062 2062.000000 17758100002062000 0.072618119 0.103772956 0.114387963 -0.414176419
802063 2063.000000 17758100002063000 0.070841253 0.103737283 0.106180467 -0.431634658
802064 2064.000000 17758100002064000 0.069179468 0.103987828 0.081873168 -0.436183922
802065 2065.000000 17758100002065000 0.067639321 0.103986309 0.066185986 -0.460306654
802066 2066.000000 17758100002066000 0.066226885 0.103884723 0.049531606 -0.447716534
802067 2067.000000 17758100002067000 0.064947732 0.104191722 0.037670065 -0.460536538
802068 2068.000000 17758100002068000 0.063806921 0.103728166 0.024304975 -0.480728959
802069 2069.000000 17758100002069000 0.062808938 0.103644091 0.014435484 -0.466273556
802070 2070.000000 17758100002070000 0.061957739 0.103580804 -0.007903781 -0.491980557
802071 2071.000000 17758100002071000 0.061256673 0.103791930 -0.026182553 -0.434790434
802072 2072.000000 17758100002072000 0.060708512 0.104172325 -0.029414780 -0.521772466
802073 2073.000000 17758100002073000 0.060315412 0.103464557 -0.048877919 -0.440853185
802074 2074.000000 17758100002074000 0.060078930 0.103670736 -0.075544852 -0.446545778
802075 2075.000000 17758100002075000 0.059999999 0.104045969 -0.078248542 -0.445591731
802076 2076.000000 17758100002076000 0.060078930 0.103803489 -0.089404846 -0.432356793
802077 2077.000000 17758100002077000 0.060315412 0.103381889 -0.113204918 -0.444292368
802078 2078.000000 17758100002078000 0.060708512 0.103447650 -0.122128494 -0.424029257
802079 2079.000000 17758100002079000 0.061256673 0.103457389 -0.140633646 -0.376102358
802080 2080.000000 17758100002080000 0.061957739 0.103034023 -0.153531112 -0.326022444
802081 2081.000000 17758100002081000 0.062808938 0.102755237 -0.163084669 -0.348985281
802082 2082.000000 17758100002082000 0.063806921 0.103035216 -0.182626103 -0.327635307
802083 2083.000000 17758100002083000 0.064947732 0.102407556 -0.192217455 -0.305140150
802084 2084.000000 17758100002084000 0.066226885 0.102558169 -0.202538516 -0.306898811
802085 2085.000000 17758100002085000 0.067639321 0.101913779 -0.203021766 -0.262608157
802086 2086.000000 17758100002086000 0.069179468 0.101782741 -0.220860004 -0.208656660
802087 2087.000000 17758100002087000 0.070841253 0.101692693 -0.222993551 -0.207149838
802088 2088.000000 17758100002088000 0.072618119 0.101157879 -0.231758646 -0.155253115
802089 2089.000000 17758100002089000 0.074503042 0.101428676 -0.240909053 -0.150564504
802090 2090.000000 17758100002090000 0.076488592 0.100948094 -0.249065455 -0.132995481
802091 2091.000000 17758100002091000 0.078566931 0.101279934 -0.236378714 -0.099957241
802092 2092.000000 17758100002092000 0.080729850 0.100225718 -0.249870868 -0.048561491
802093 2093.000000 17758100002093000 0.082968831 0.100031266 -0.246070582 -0.030611534
802094 2094.000000 17758100002094000 0.085275017 0.100027350 -0.251832002 -0.008831568
802095 2095.000000 17758100002095000 0.087639317 0.100187413 -0.257886725 -0.004445391
802096 2096.000000 17758100002096000 0.090052404 0.099740481 -0.244064877 0.055957215
802097 2097.000000 17758100002097000 0.092504747 0.099465386 -0.250503214 0.102198006
802098 2098.000000 17758100002098000 0.094986670 0.099133264 -0.248389142 0.154776848
802099 2099.000000 17758100002099000 0.097488381 0.098920872 -0.242193398 0.141175049
802100 2100.000000 17758100002100000 0.100000001 0.098651385 -0.237835287 0.156902870
802101 2101.000000 17758100002101000 0.102511622 0.098494841 -0.234850599 0.178265569
802102 2102.000000 17758100002102000 0.105013326 0.098211674 -0.224770128 0.198118502
802103 2103.000000 17758100002103000 0.107495256 0.097850028 -0.214324223 0.264739406
802104 2104.000000 17758100002104000 0.109947592 0.097547063 -0.213366282 0.257186286
802105 2105.000000 17758100002105000 0.112360679 0.097493038 -0.205177180 0.337802627
802106 2106.000000 17758100002106000 0.114724979 0.097243512 -0.185291733 0.301420332
802107 2107.000000 17758100002107000 0.117031172 0.097111103 -0.183968630 0.339201094
802108 2108.000000 17758100002108000 0.119270146 0.096598314 -0.164400841 0.379826792
802109 2109.000000 17758100002109000 0.121433072 0.096917367 -0.156597616 0.369519145
802110 2110.000000 17758100002110000 0.123511411 0.096983234 -0.138146999 0.424479139
802111 2111.000000 17758100002111000 0.125496954 0.096388690 -0.119371321 0.435002620
802112 2112.000000 17758100002112000 0.127381891 0.096147053 -0.110753836 0.408838437
802113 2113.000000 17758100002113000 0.129158750 0.096454667 -0.108880697 0.430483649
802114 2114.000000 17758100002114000 0.130820528 0.096372489 -0.083808434 0.469044905
802115 2115.000000 17758100002115000 0.132360682 0.095898930 -0.071760717 0.483594634
802116 2116.000000 17758100002116000 0.133773118 0.096132986 -0.058346015 0.473615326
802117 2117.000000 17758100002117000 0.135052264 0.096089352 -0.038590765 0.464261161
802118 2118.000000 17758100002118000 0.136193082 0.095722434 -0.034114975 0.486734599
802119 2119.000000 17758100002119000 0.137191057 0.095864071 -0.007486123 0.480617522
802120 2120.000000 17758100002120000 0.138042256 0.096423975 0.004428898 0.488896218
802121 2121.000000 17758100002121000 0.138743326 0.096232372 0.032277246 0.493423225
802122 2122.000000 17758100002122000 0.139291495 0.096207436 0.034768315 0.465345271
802123 2123.000000 17758100002123000 0.139684588 0.095647003 0.065668827 0.482192481
802124 2124.000000 17758100002124000 0.139921069 0.096213861 0.066257479 0.496437333
802125 2125.000000 17758100002125000 0.140000001 0.096513357 0.083893158 0.440052980
802126 2126.000000 17758100002126000 0.139921069 0.095891360 0.102636003 0.452164412
802127 2127.000000 17758100002127000 0.139684588 0.096499837 0.106668213 0.415349281
802128 2128.000000 17758100002128000 0.139291495 0.096876956 0.130483735 0.409304598
802129 2129.000000 17758100002129000 0.138743326 0.096844644 0.139681431 0.354668196
802130 2130.000000 17758100002130000 0.138042256 0.096780297 0.153999460 0.346359071
802131 2131.000000 17758100002131000 0.137191057 0.097147926 0.162538452 0.330805866
802132 2132.000000 17758100002132000 0.136193082 0.097325531 0.178215398 0.315748119
802133 2133.000000 17758100002133000 0.135052264 0.097294611 0.197040675 0.287518667
802134 2134.000000 17758100002134000 0.133773118 0.097908082 0.200843522 0.272044506
802135 2135.000000 17758100002135000 0.132360682 0.097921030 0.206909951 0.215810019
802136 2136.000000 17758100002136000 0.130820528 0.098301874 0.217311290 0.207341119
802137 2137.000000 17758100002137000 0.129158750 0.098228698 0.221050051 0.185273028
802138 2138.000000 17758100002138000 0.127381891 0.098468944 0.237327745 0.158800824
802139 2139.000000 17758100002139000 0.125496954 0.098600484 0.245212520 0.168060950
802140 2140.000000 17758100002140000 0.123511411 0.099145203 0.244211824 0.146941262
802141 2141.000000 17758100002141000 0.121433072 0.099079888 0.246219781 0.083527122
802142 2142.000000 17758100002142000 0.119270146 0.099472281 0.250920298 0.095233354
802143 2143.000000 17758100002143000 0.117031172 0.099677896 0.244197233 0.031267252
802144 2144.000000 17758100002144000 0.114724979 0.100320689 0.249415256 -0.008280814
802145 2145.000000 17758100002145000 0.112360679 0.100115505 0.249919750 -0.006811049
802146 2146.000000 17758100002146000 0.109947592 0.100421369 0.251526881 -0.060265175
802147 2147.000000 17758100002147000 0.107495256 0.100592440 0.247874898 -0.077166194
802148 2148.000000 17758100002148000 0.105013326 0.101067379 0.257595038 -0.075172345
802149 2149.000000 17758100002149000 0.102511622 0.101036056 0.231467156 -0.142416646
802150 2150.000000 17758100002150000 0.100000001 0.101536466 0.244325348 -0.171921100
802151 2151.000000 17758100002151000 0.097488381 0.101688804 0.233992506 -0.175460455
802152 2152.000000 17758100002152000 0.094986670 0.101752053 0.222117297 -0.245848586
802153 2153.000000 17758100002153000 0.092504747 0.101963509 0.219905477 -0.263781500
802154 2154.000000 17758100002154000 0.090052404 0.102511285 0.211092382 -0.233161208
802155 2155.000000 17758100002155000 0.087639317 0.102415309 0.200616904 -0.307932210
802156 2156.000000 17758100002156000 0.085275017 0.102853403 0.187747721 -0.323625255
802157 2157.000000 17758100002157000 0.082968831 0.103042904 0.176761693 -0.359219906
802158 2158.000000 17758100002158000 0.080729850 0.103119921 0.167755977 -0.338519634
802159 2159.000000 17758100002159000 0.078566931 0.103466809 0.158426267 -0.403938202
802160 2160.000000 17758100002160000 0.076488592 0.103238720 0.140171701 -0.406220569
802161 2161.000000 17758100002161000 0.074503042 0.103283648 0.130054572 -0.388414491
802162 2162.000000 17758100002162000 0.072618119 0.103395641 0.117071928 -0.414151606
802163 2163.000000 17758100002163000 0.070841253 0.103803312 0.101414175 -0.405546627
802164 2164.000000 17758100002164000 0.069179468 0.103350295 0.085996724 -0.453944619
802165 2165.000000 17758100002165000 0.067639321 0.103935065 0.064222009 -0.450436507
802166 2166.000000 17758100002166000 0.066226885 0.103772562 0.044588299 -0.497299700
802167 2167.000000 17758100002167000 0.064947732 0.103895741 0.050903097 -0.476413023
802168 2168.000000 17758100002168000 0.063806921 0.104015050 0.027931812 -0.454611400
802169 2169.000000 17758100002169000 0.062808938 0.103906513 0.006003664 -0.458857362
802170 2170.000000 17758100002170000 0.061957739 0.103839720 -0.010512746 -0.493660402
802171 2171.000000 17758100002171000 0.061256673 0.103572841 -0.021999894 -0.467486259
802172 2172.000000 17758100002172000 0.060708512 0.103887124 -0.032590607 -0.457829997
802173 2173.000000 17758100002173000 0.060315412 0.103621941 -0.050922248 -0.470138374
802174 2174.000000 17758100002174000 0.060078930 0.103572954 -0.062107819 -0.456250599
802175 2175.000000 17758100002175000 0.059999999 0.103677770 -0.085341408 -0.422370010
802176 2176.000000 17758100002176000 0.060078930 0.103624234 -0.106540465 -0.412164089
802177 2177.000000 17758100002177000 0.060315412 0.103593407 -0.122719313 -0.407383628
802178 2178.000000 17758100002178000 0.060708512 0.103420558 -0.127003354 -0.408304485
802179 2179.000000 17758100002179000 0.061256673 0.103021114 -0.135937189 -0.413102093
802180 2180.000000 17758100002180000 0.061957739 0.103286880 -0.158358726 -0.376153464
802181 2181.000000 17758100002181000 0.062808938 0.102839321 -0.168682974 -0.314556633
802182 2182.000000 17758100002182000 0.063806921 0.103097881 -0.182875027 -0.323330220
802183 2183.000000 17758100002183000 0.064947732 0.102231168 -0.201762999 -0.287798776
802184 2184.000000 17758100002184000 0.066226885 0.102192705 -0.197423880 -0.271822804
802185 2185.000000 17758100002185000 0.067639321 0.101852653 -0.210165135 -0.281709602
802186 2186.000000 17758100002186000 0.069179468 0.101980385 -0.216928871 -0.234068952
802187 2187.000000 17758100002187000 0.070841253 0.101825857 -0.222047052 -0.208458270
802188 2188.000000 17758100002188000 0.072618119 0.101146088 -0.232303212 -0.155983585
802189 2189.000000 17758100002189000 0.074503042 0.101256045 -0.230073358 -0.160879974
802190 2190.000000 17758100002190000 0.076488592 0.100858239 -0.238456281 -0.113543260
802191 2191.000000 17758100002191000 0.078566931 0.100730995 -0.242193520 -0.101132441
802192 2192.000000 17758100002192000 0.080729850 0.100274882 -0.254073115 -0.057074426
802193 2193.000000 17758100002193000 0.082968831 0.100159044 -0.247189445 -0.053709056
802194 2194.000000 17758100002194000 0.085275017 0.099987892 -0.252592054 0.009181014
802195 2195.000000 17758100002195000 0.087639317 0.099662301 -0.246136220 0.021154591
802196 2196.000000 17758100002196000 0.090052404 0.099664182 -0.249498221 0.077564804
802197 2197.000000 17758100002197000 0.092504747 0.099239160 -0.252191162 0.081230142
802198 2198.000000 17758100002198000 0.094986670 0.099124114 -0.238551570 0.082920006
802199 2199.000000 17758100002199000 0.097488381 0.098651092 -0.237494513 0.167885714
802200 2200.000000 17758100002200000 0.100000001 0.098531566 -0.238546038 0.129770966
802201 2201.000000 17758100002201000 0.102511622 0.098032820 -0.233291109 0.213386665
802202 2202.000000 17758100002202000 0.105013326 0.098018544 -0.239016826 0.215887083
802203 2203.000000 17758100002203000 0.107495256 0.098060102 -0.232228673 0.288732680
802204 2204.000000 17758100002204000 0.109947592 0.097607549 -0.210327787 0.241887851
802205 2205.000000 17758100002205000 0.112360679 0.097625088 -0.195631091 0.286470313
802206 2206.000000 17758100002206000 0.114724979 0.097318184 -0.179251047 0.332377005
802207 2207.000000 17758100002207000 0.117031172 0.097281411 -0.181859889 0.311385680
802208 2208.000000 17758100002208000 0.119270146 0.097219062 -0.173743844 0.364024586
802209 2209.000000 17758100002209000 0.121433072 0.096858323 -0.158178586 0.392595895
802210 2210.000000 17758100002210000 0.123511411 0.096409155 -0.138281958 0.399733690
802211 2211.000000 17758100002211000 0.125496954 0.096434870 -0.128674908 0.418683251
802212 2212.000000 17758100002212000 0.127381891 0.096543482 -0.111681671 0.374255928
802213 2213.000000 17758100002213000 0.129158750 0.095931657 -0.094469810 0.450501151
802214 2214.000000 17758100002214000 0.130820528 0.095959171 -0.090247479 0.453320672
802215 2215.000000 17758100002215000 0.132360682 0.095510720 -0.067635079 0.438977534
802216 2216.000000 17758100002216000 0.133773118 0.096116950 -0.052730617 0.475026478
802217 2217.000000 17758100002217000 0.135052264 0.096062208 -0.042073966 0.486190080
802218 2218.000000 17758100002218000 0.136193082 0.096016727 -0.022193488 0.448820892
802219 2219.000000 17758100002219000 0.137191057 0.095771272 -0.003586960 0.477346605
802220 2220.000000 17758100002220000 0.138042256 0.096136685 0.008905780 0.465108104
802221 2221.000000 17758100002221000 0.138743326 0.096065712 0.024159074 0.480742575
802222 2222.000000 17758100002222000 0.139291495 0.095947561 0.031609172 0.453452207
802223 2223.000000 17758100002223000 0.139684588 0.096009811 0.056459877 0.463538319
802224 2224.000000 17758100002224000 0.139921069 0.095852879 0.066138357 0.456454429
802225 2225.000000 17758100002225000 0.140000001 0.096383733 0.081669472 0.410198727
802226 2226.000000 17758100002226000 0.139921069 0.096450587 0.100501795 0.444898216
802227 2227.000000 17758100002227000 0.139684588 0.096573321 0.108452435 0.475807633
802228 2228.000000 17758100002228000 0.139291495 0.096557845 0.126237882 0.366328854
802229 2229.000000 17758100002229000 0.138743326 0.096342059 0.138615554 0.412070082
802230 2230.000000 17758100002230000 0.138042256 0.096948062 0.158260284 0.346007548
802231 2231.000000 17758100002231000 0.137191057 0.097144659 0.164984209 0.321005892
802232 2232.000000 17758100002232000 0.136193082 0.097718963 0.175826245 0.325240733
802233 2233.000000 17758100002233000 0.135052264 0.097472450 0.192785568 0.314498574
802234 2234.000000 17758100002234000 0.133773118 0.097705720 0.200841615 0.264637375
802235 2235.000000 17758100002235000 0.132360682 0.098127424 0.209612676 0.251091099
802236 2236.000000 17758100002236000 0.130820528 0.097869493 0.223217978 0.223313638
802237 2237.000000 17758100002237000 0.129158750 0.098189835 0.224591609 0.217456537
802238 2238.000000 17758100002238000 0.127381891 0.098359865 0.229536947 0.196984995
802239 2239.000000 17758100002239000 0.125496954 0.098670091 0.245320262 0.151494632
802240 2240.000000 17758100002240000 0.123511411 0.099234473 0.244209181 0.107275508
802241 2241.000000 17758100002241000 0.121433072 0.099001871 0.248019357 0.115900465
802242 2242.000000 17758100002242000 0.119270146 0.099566333 0.245145057 0.117457734
802243 2243.000000 17758100002243000 0.117031172 0.099630681 0.246652329 0.024313591
802244 2244.000000 17758100002244000 0.114724979 0.099924804 0.250073185 -0.022101680
802245 2245.000000 17758100002245000 0.112360679 0.100241636 0.248811971 -0.043608278
802246 2246.000000 17758100002246000 0.109947592 0.100377688 0.254427511 -0.034789642
802247 2247.000000 17758100002247000 0.107495256 0.100886315 0.253958334 -0.073757760
802248 2248.000000 17758100002248000 0.105013326 0.100828224 0.235010558 -0.095478099
802249 2249.000000 17758100002249000 0.102511622 0.101225823 0.239976776 -0.148556034
802250 2250.000000 17758100002250000 0.100000001 0.101517010 0.234403197 -0.184566633
802251 2251.000000 17758100002251000 0.097488381 0.101538004 0.230769447 -0.175519393
802252 2252.000000 17758100002252000 0.094986670 0.102109505 0.225365537 -0.195932834
802253 2253.000000 17758100002253000 0.092504747 0.102107001 0.216485120 -0.253545577
802254 2254.000000 17758100002254000 0.090052404 0.102432474 0.206084075 -0.260616318
802255 2255.000000 17758100002255000 0.087639317 0.102629243 0.191979940 -0.310547702
802256 2256.000000 17758100002256000 0.085275017 0.102786142 0.191045611 -0.295735381
802257 2257.000000 17758100002257000 0.082968831 0.102519381 0.168468146 -0.313172204
802258 2258.000000 17758100002258000 0.080729850 0.103145863 0.169050195 -0.348546128
802259 2259.000000 17758100002259000 0.078566931 0.103614078 0.152381944 -0.432974608
802260 2260.000000 17758100002260000 0.076488592 0.103675374 0.154054143 -0.345332818
802261 2261.000000 17758100002261000 0.074503042 0.103178822 0.125583907 -0.416614352
802262 2262.000000 17758100002262000 0.072618119 0.103982816 0.115406997 -0.431756461
802263 2263.000000 17758100002263000 0.070841253 0.103770868 0.107110336 -0.440138941
802264 2264.000000 17758100002264000 0.069179468 0.103670434 0.093042743 -0.471201718
802265 2265.000000 17758100002265000 0.067639321 0.104370011 0.069579834 -0.460129547
802266 2266.000000 17758100002266000 0.066226885 0.104025922 0.052733035 -0.439715617
802267 2267.000000 17758100002267000 0.064947732 0.103925372 0.031325936 -0.506804397
802268 2268.000000 17758100002268000 0.063806921 0.104144995 0.023982194 -0.478456763
802269 2269.000000 17758100002269000 0.062808938 0.103875472 0.003680286 -0.423934645
802270 2270.000000 17758100002270000 0.061957739 0.104192240 -0.001872654 -0.499361784
802271 2271.000000 17758100002271000 0.061256673 0.103985712 -0.024686104 -0.438459928
802272 2272.000000 17758100002272000 0.060708512 0.103772266 -0.037071483 -0.462376183
802273 2273.000000 17758100002273000 0.060315412 0.103518695 -0.052921540 -0.457412828
802274 2274.000000 17758100002274000 0.060078930 0.103864843 -0.068029315 -0.457511371
802275 2275.000000 17758100002275000 0.059999999 0.103959678 -0.091447957 -0.470476284
802276 2276.000000 17758100002276000 0.060078930 0.103819992 -0.094924930 -0.449397995
802277 2277.000000 17758100002277000 0.060315412 0.103199603 -0.111588918 -0.397626229
802278 2278.000000 17758100002278000 0.060708512 0.103375061 -0.123288762 -0.380943066
802279 2279.000000 17758100002279000 0.061256673 0.103397170 -0.141313320 -0.388087345
802280 2280.000000 17758100002280000 0.061957739 0.102947490 -0.145364404 -0.376731116
802281 2281.000000 17758100002281000 0.062808938 0.102902675 -0.174966226 -0.352167640
802282 2282.000000 17758100002282000 0.063806921 0.102553326 -0.176892440 -0.323781905
802283 2283.000000 17758100002283000 0.064947732 0.102545290 -0.180971623 -0.318614596
802284 2284.000000 17758100002284000 0.066226885 0.102684069 -0.200571453 -0.285540530
802285 2285.000000 17758100002285000 0.067639321 0.102015957 -0.199105132 -0.250527807
802286 2286.000000 17758100002286000 0.069179468 0.102110429 -0.220805521 -0.217073996
802287 2287.000000 17758100002287000 0.070841253 0.101939811 -0.227693866 -0.191552976
802288 2288.000000 17758100002288000 0.072618119 0.101280467 -0.225570988 -0.204190236
802289 2289.000000 17758100002289000 0.074503042 0.101377792 -0.231805475 -0.150252040
802290 2290.000000 17758100002290000 0.076488592 0.101119953 -0.245719807 -0.136828768
802291 2291.000000 17758100002291000 0.078566931 0.101078871 -0.242290861 -0.083540085
802292 2292.000000 17758100002292000 0.080729850 0.100577535 -0.247768020 -0.064661631
802293 2293.000000 17758100002293000 0.082968831 0.100584683 -0.255105508 -0.039652922
802294 2294.000000 17758100002294000 0.085275017 0.099869429 -0.253337636 -0.014218488
802295 2295.000000 17758100002295000 0.087639317 0.099855131 -0.257153393 0.022447303
802296 2296.000000 17758100002296000 0.090052404 0.099387787 -0.253562710 0.043971083
802297 2297.000000 17758100002297000 0.092504747 0.099173707 -0.255526134 0.105470807
802298 2298.000000 17758100002298000 0.094986670 0.099017641 -0.246024038 0.123864557
802299 2299.000000 17758100002299000 0.097488381 0.098972715 -0.247612880 0.120626888
802300 2300.000000 17758100002300000 0.100000001 0.098565180 -0.236634328 0.146373882
802301 2301.000000 17758100002301000 0.102511622 0.098356438 -0.230780866 0.191704842
802302 2302.000000 17758100002302000 0.105013326 0.097657936 -0.223623746 0.211660623
802303 2303.000000 17758100002303000 0.107495256 0.098207712 -0.217679963 0.275054379
802304 2304.000000 17758100002304000 0.109947592 0.097549142 -0.204807141 0.279521969
802305 2305.000000 17758100002305000 0.112360679 0.097309795 -0.198879917 0.277081484
802306 2306.000000 17758100002306000 0.114724979 0.097459616 -0.196216603 0.354609960
802307 2307.000000 17758100002307000 0.117031172 0.096893081 -0.188769748 0.337023073
802308 2308.000000 17758100002308000 0.119270146 0.096593115 -0.171224358 0.365059568
802309 2309.000000 17758100002309000 0.121433072 0.096919137 -0.157799676 0.380484447
802310 2310.000000 17758100002310000 0.123511411 0.096687072 -0.138856410 0.418869393
802311 2311.000000 17758100002311000 0.125496954 0.096602488 -0.128768663 0.418759461
802312 2312.000000 17758100002312000 0.127381891 0.096235203 -0.118082533 0.424398279
802313 2313.000000 17758100002313000 0.129158750 0.096517427 -0.095647534 0.427660265
802314 2314.000000 17758100002314000 0.130820528 0.096006874 -0.072731902 0.471492944
802315 2315.000000 17758100002315000 0.132360682 0.096119934 -0.063108548 0.450951310
802316 2316.000000 17758100002316000 0.133773118 0.096031983 -0.057186002 0.460380124
802317 2317.000000 17758100002317000 0.135052264 0.095580175 -0.043359895 0.452444933
802318 2318.000000 17758100002318000 0.136193082 0.095925604 -0.022871140 0.472528903
802319 2319.000000 17758100002319000 0.137191057 0.095856959 -0.009687440 0.482263032
802320 2320.000000 17758100002320000 0.138042256 0.096216357 0.007520497 0.504988767
802321 2321.000000 17758100002321000 0.138743326 0.096291154 0.018007054 0.471225473
802322 2322.000000 17758100002322000 0.139291495 0.096057665 0.033958846 0.517020170
802323 2323.000000 17758100002323000 0.139684588 0.096106666 0.056066639 0.481240545
802324 2324.000000 17758100002324000 0.139921069 0.096294802 0.067961762 0.429457910
802325 2325.000000 17758100002325000 0.140000001 0.096319149 0.088255058 0.456404246
802326 2326.000000 17758100002326000 0.139921069 0.096235902 0.097714762 0.450904240
802327 2327.000000 17758100002327000 0.139684588 0.096239929 0.106987021 0.445490028
802328 2328.000000 17758100002328000 0.139291495 0.096507613 0.128973334 0.418181638
802329 2329.000000 17758100002329000 0.138743326 0.096369372 0.145649030 0.396754250
802330 2330.000000 17758100002330000 0.138042256 0.097061198 0.156099944 0.369629706
802331 2331.000000 17758100002331000 0.137191057 0.097220879 0.163812456 0.347142124
802332 2332.000000 17758100002332000 0.136193082 0.097151510 0.172796461 0.324373220
802333 2333.000000 17758100002333000 0.135052264 0.097502633 0.194048011 0.297923469
802334 2334.000000 17758100002334000 0.133773118 0.097280014 0.203365816 0.297180019
802335 2335.000000 17758100002335000 0.132360682 0.097725403 0.205230961 0.263978386
802336 2336.000000 17758100002336000 0.130820528 0.097980040 0.220434324 0.250209850
802337 2337.000000 17758100002337000 0.129158750 0.098067654 0.222129500 0.214132390
802338 2338.000000 17758100002338000 0.127381891 0.098530619 0.225348153 0.205690471
802339 2339.000000 17758100002339000 0.125496954 0.098984196 0.236300470 0.147404050
802340 2340.000000 17758100002340000 0.123511411 0.099340848 0.235471068 0.131896845
802341 2341.000000 17758100002341000 0.121433072 0.099238184 0.248674027 0.084148904
802342 2342.000000 17758100002342000 0.119270146 0.099190664 0.246785979 0.049369254
802343 2343.000000 17758100002343000 0.117031172 0.099861867 0.250695369 0.025915071
802344 2344.000000 17758100002344000 0.114724979 0.100133495 0.247188973 -0.017034640
802345 2345.000000 17758100002345000 0.112360679 0.100631024 0.252130753 -0.026007727
802346 2346.000000 17758100002346000 0.109947592 0.100608150 0.249289121 -0.021291632
802347 2347.000000 17758100002347000 0.107495256 0.100534759 0.247910583 -0.062119637
802348 2348.000000 17758100002348000 0.105013326 0.101167019 0.251603898 -0.102574970
802349 2349.000000 17758100002349000 0.102511622 0.101162272 0.229797255 -0.122586358
802350 2350.000000 17758100002350000 0.100000001 0.101648739 0.232777840 -0.168135851
802351 2351.000000 17758100002351000 0.097488381 0.101594235 0.235689541 -0.174107733
802352 2352.000000 17758100002352000 0.094986670 0.102161215 0.233086394 -0.225497376
802353 2353.000000 17758100002353000 0.092504747 0.102212844 0.217255878 -0.235471727
802354 2354.000000 17758100002354000 0.090052404 0.102633768 0.214842132 -0.272082793
802355 2355.000000 17758100002355000 0.087639317 0.102845538 0.206731578 -0.311715442
802356 2356.000000 17758100002356000 0.085275017 0.102693106 0.185789510 -0.299736259
802357 2357.000000 17758100002357000 0.082968831 0.103107147 0.177551680 -0.341943776
802358 2358.000000 17758100002358000 0.080729850 0.103284802 0.160450573 -0.357180277
802359 2359.000000 17758100002359000 0.078566931 0.103263422 0.150141143 -0.397215085
802360 2360.000000 17758100002360000 0.076488592 0.103202897 0.138146903 -0.419301952
802361 2361.000000 17758100002361000 0.074503042 0.103328823 0.133489207 -0.427908949
802362 2362.000000 17758100002362000 0.072618119 0.103873428 0.121339354 -0.448891056
802363 2363.000000 17758100002363000 0.070841253 0.103838444 0.097560965 -0.467318806
802364 2364.000000 17758100002364000 0.069179468 0.103933457 0.083187052 -0.449442797
802365 2365.000000 17758100002365000 0.067639321 0.103890048 0.067448667 -0.439124806
802366 2366.000000 17758100002366000 0.066226885 0.103829782 0.049537311 -0.456447822
802367 2367.000000 17758100002367000 0.064947732 0.104002324 0.042991100 -0.453416436
802368 2368.000000 17758100002368000 0.063806921 0.104052984 0.024429937 -0.463222033
802369 2369.000000 17758100002369000 0.062808938 0.104149947 0.001247965 -0.490795606
802370 2370.000000 17758100002370000 0.061957739 0.103928054 -0.005370530 -0.442286982
802371 2371.000000 17758100002371000 0.061256673 0.103486751 -0.028761198 -0.471477342
802372 2372.000000 17758100002372000 0.060708512 0.104482138 -0.036919573 -0.442472474
802373 2373.000000 17758100002373000 0.060315412 0.103721835 -0.051122606 -0.465901891
802374 2374.000000 17758100002374000 0.060078930 0.103865830 -0.060591836 -0.479161493
802375 2375.000000 17758100002375000 0.059999999 0.103698875 -0.083607012 -0.445838045
802376 2376.000000 17758100002376000 0.060078930 0.103823392 -0.104860664 -0.483998561
802377 2377.000000 17758100002377000 0.060315412 0.103705460 -0.109587732 -0.399316297
802378 2378.000000 17758100002378000 0.060708512 0.103532757 -0.125068960 -0.387163392
802379 2379.000000 17758100002379000 0.061256673 0.103368714 -0.142547814 -0.374727392
802380 2380.000000 17758100002380000 0.061957739 0.102933882 -0.154110161 -0.360537884
802381 2381.000000 17758100002381000 0.062808938 0.102692437 -0.160197903 -0.323157547
802382 2382.000000 17758100002382000 0.063806921 0.102998499 -0.180196816 -0.351980434
802383 2383.000000 17758100002383000 0.064947732 0.102663676 -0.183193357 -0.301264144
802384 2384.000000 17758100002384000 0.066226885 0.102502799 -0.199598194 -0.268726139
802385 2385.000000 17758100002385000 0.067639321 0.102101149 -0.208426451 -0.274908741
802386 2386.000000 17758100002386000 0.069179468 0.101955565 -0.218041820 -0.247895515
802387 2387.000000 17758100002387000 0.070841253 0.102105296 -0.224262626 -0.226316545
802388 2388.000000 17758100002388000 0.072618119 0.101191097 -0.235075580 -0.181079569
802389 2389.000000 17758100002389000 0.074503042 0.101100447 -0.241055556 -0.181526289
802390 2390.000000 17758100002390000 0.076488592 0.101060401 -0.239820833 -0.118722956
802391 2391.000000 17758100002391000 0.078566931 0.100745823 -0.243107320 -0.119751077
802392 2392.000000 17758100002392000 0.080729850 0.100652142 -0.252612015 -0.048192665
802393 2393.000000 17758100002393000 0.082968831 0.099975320 -0.251397425 -0.051548814
802394 2394.000000 17758100002394000 0.085275017 0.099930236 -0.249727366 0.008047565
802395 2395.000000 17758100002395000 0.087639317 0.099109837 -0.249927107 -0.021916577
802396 2396.000000 17758100002396000 0.090052404 0.099451265 -0.257191513 0.060298309
802397 2397.000000 17758100002397000 0.092504747 0.099416387 -0.246730802 0.086656150
802398 2398.000000 17758100002398000 0.094986670 0.099048058 -0.252425204 0.081204051
802399 2399.000000 17758100002399000 0.097488381 0.098775530 -0.247896893 0.180789858
802400 2400.000000 17758100002400000 0.100000001 0.098310607 -0.241295563 0.175215118
802401 2401.000000 17758100002401000 0.102511622 0.097899792 -0.234297548 0.226228828
802402 2402.000000 17758100002402000 0.105013326 0.098118982 -0.224849489 0.209971447
802403 2403.000000 17758100002403000 0.107495256 0.098210636 -0.215417886 0.272381374
802404 2404.000000 17758100002404000 0.109947592 0.097765411 -0.207514303 0.287351347
802405 2405.000000 17758100002405000 0.112360679 0.097871945 -0.208695818 0.312249624
802406 2406.000000 17758100002406000 0.114724979 0.097186651 -0.190596907 0.338438683
802407 2407.000000 17758100002407000 0.117031172 0.096980914 -0.180376914 0.341549843
802408 2408.000000 17758100002408000 0.119270146 0.096759194 -0.165758198 0.331726981
802409 2409.000000 17758100002409000 0.121433072 0.096397052 -0.155475255 0.415107803
802410 2410.000000 17758100002410000 0.123511411 0.096704459 -0.137263984 0.378463659
802411 2411.000000 17758100002411000 0.125496954 0.096250067 -0.123940847 0.392329664
802412 2412.000000 17758100002412000 0.127381891 0.096362881 -0.115595122 0.410380815
802413 2413.000000 17758100002413000 0.129158750 0.096270444 -0.097766887 0.441840759
802414 2414.000000 17758100002414000 0.130820528 0.096066323 -0.084254821 0.465258909
802415 2415.000000 17758100002415000 0.132360682 0.096015372 -0.074328752 0.426177258
802416 2416.000000 17758100002416000 0.133773118 0.096346403 -0.058743640 0.429340638
802417 2417.000000 17758100002417000 0.135052264 0.096165753 -0.026100941 0.506857412
802418 2418.000000 17758100002418000 0.136193082 0.095995701 -0.022591537 0.464888630
802419 2419.000000 17758100002419000 0.137191057 0.095971297 -0.010122482 0.463611898
802420 2420.000000 17758100002420000 0.138042256 0.095922619 0.010225379 0.509162543
802421 2421.000000 17758100002421000 0.138743326 0.095949962 0.025344477 0.446995452
802422 2422.000000 17758100002422000 0.139291495 0.095856054 0.041551747 0.475251493
802423 2423.000000 17758100002423000 0.139684588 0.096099089 0.054408918 0.445825073
802424 2424.000000 17758100002424000 0.139921069 0.096279646 0.066829574 0.480769919
802425 2425.000000 17758100002425000 0.140000001 0.096101179 0.076171554 0.407094863
802426 2426.000000 17758100002426000 0.139921069 0.096239542 0.098658815 0.437778340
802427 2427.000000 17758100002427000 0.139684588 0.096348085 0.114534074 0.393965932
802428 2428.000000 17758100002428000 0.139291495 0.096359862 0.123094658 0.406892235
802429 2429.000000 17758100002429000 0.138743326 0.096689130 0.138995214 0.391569373
802430 2430.000000 17758100002430000 0.138042256 0.096905434 0.149007711 0.363176760
802431 2431.000000 17758100002431000 0.137191057 0.096920165 0.168139037 0.333396062
802432 2432.000000 17758100002432000 0.136193082 0.097142258 0.176423954 0.314337508
802433 2433.000000 17758100002433000 0.135052264 0.097533817 0.187184392 0.306484027
802434 2434.000000 17758100002434000 0.133773118 0.097516941 0.195675833 0.274795335
802435 2435.000000 17758100002435000 0.132360682 0.097776533 0.212703797 0.266155104
802436 2436.000000 17758100002436000 0.130820528 0.097757631 0.223570040 0.227986877
802437 2437.000000 17758100002437000 0.129158750 0.098573960 0.233858568 0.210384247
802438 2438.000000 17758100002438000 0.127381891 0.098768529 0.236711728 0.196180722
802439 2439.000000 17758100002439000 0.125496954 0.098659551 0.231543921 0.138059031
802440 2440.000000 17758100002440000 0.123511411 0.098974545 0.243558625 0.134187996
802441 2441.000000 17758100002441000 0.121433072 0.098878832 0.243476292 0.119283512
802442 2442.000000 17758100002442000 0.119270146 0.099733183 0.252537194 0.079015172
802443 2443.000000 17758100002443000 0.117031172 0.099852480 0.244206974 0.061026374
802444 2444.000000 17758100002444000 0.114724979 0.099961677 0.264116791 0.069662238
802445 2445.000000 17758100002445000 0.112360679 0.100354928 0.260193795 -0.017734155
802446 2446.000000 17758100002446000 0.109947592 0.100644909 0.257774222 -0.030395255
802447 2447.000000 17758100002447000 0.107495256 0.100631733 0.247421030 -0.095386792
802448 2448.000000 17758100002448000 0.105013326 0.100830066 0.240612631 -0.156981540
802449 2449.000000 17758100002449000 0.102511622 0.101081465 0.253768116 -0.211896466
802450 2450.000000 17758100002450000 0.100000001 0.101402198 0.233711383 -0.159887194
802451 2451.000000 17758100002451000 0.097488381 0.101746758 0.228677141 -0.232363294
802452 2452.000000 17758100002452000 0.094986670 0.101738627 0.225735723 -0.233727920
802453 2453.000000 17758100002453000 0.092504747 0.101867503 0.223446048 -0.245306052
802454 2454.000000 17758100002454000 0.090052404 0.101989083 0.209589018 -0.292589239
802455 2455.000000 17758100002455000 0.087639317 0.102246467 0.204615296 -0.312898434
802456 2456.000000 17758100002456000 0.085275017 0.102867712 0.180900719 -0.316886941
802457 2457.000000 17758100002457000 0.082968831 0.102910114 0.178226073 -0.327893238
802458 2458.000000 17758100002458000 0.080729850 0.103377254 0.164374765 -0.337814651
802459 2459.000000 17758100002459000 0.078566931 0.103341985 0.150480128 -0.385122255
802460 2460.000000 17758100002460000 0.076488592 0.103528185 0.144912912 -0.393054704
802461 2461.000000 17758100002461000 0.074503042 0.103863117 0.125295890 -0.377163345
802462 2462.000000 17758100002462000 0.072618119 0.103500345 0.111779859 -0.423648172
802463 2463.000000 17758100002463000 0.070841253 0.103825477 0.091377865 -0.438676525
802464 2464.000000 17758100002464000 0.069179468 0.103774211 0.083079843 -0.450330739
802465 2465.000000 17758100002465000 0.067639321 0.103677522 0.076668268 -0.479101468
802466 2466.000000 17758100002466000 0.066226885 0.104149367 0.047696781 -0.465877841
802467 2467.000000 17758100002467000 0.064947732 0.103843233 0.033167827 -0.495445781
802468 2468.000000 17758100002468000 0.063806921 0.104202032 0.023537332 -0.466384972
802469 2469.000000 17758100002469000 0.062808938 0.103834599 0.010493196 -0.484298714
802470 2470.000000 17758100002470000 0.061957739 0.103970170 -0.015949989 -0.504707079
802471 2471.000000 17758100002471000 0.061256673 0.103730815 -0.023683027 -0.451943124
802472 2472.000000 17758100002472000 0.060708512 0.103765529 -0.031697568 -0.481149513
802473 2473.000000 17758100002473000 0.060315412 0.103831054 -0.051291495 -0.416462418
802474 2474.000000 17758100002474000 0.060078930 0.103904120 -0.067523311 -0.426549922
802475 2475.000000 17758100002475000 0.059999999 0.103644047 -0.091525094 -0.419264324
802476 2476.000000 17758100002476000 0.060078930 0.103597305 -0.104683027 -0.440255472
802477 2477.000000 17758100002477000 0.060315412 0.103510963 -0.111216765 -0.423195036
802478 2478.000000 17758100002478000 0.060708512 0.103452374 -0.136937992 -0.400404351
802479 2479.000000 17758100002479000 0.061256673 0.103296142 -0.149712731 -0.399587856
802480 2480.000000 17758100002480000 0.061957739 0.102971052 -0.161600734 -0.349644404
802481 2481.000000 17758100002481000 0.062808938 0.102914183 -0.168790210 -0.340337764
802482 2482.000000 17758100002482000 0.063806921 0.102785152 -0.183578095 -0.322141658
802483 2483.000000 17758100002483000 0.064947732 0.102320692 -0.183074301 -0.297322860
802484 2484.000000 17758100002484000 0.066226885 0.102298346 -0.203669866 -0.279853109
802485 2485.000000 17758100002485000 0.067639321 0.102540550 -0.208190274 -0.216900613
802486 2486.000000 17758100002486000 0.069179468 0.101984645 -0.213581463 -0.233569099
802487 2487.000000 17758100002487000 0.070841253 0.101841516 -0.227762520 -0.182795701
802488 2488.000000 17758100002488000 0.072618119 0.101347716 -0.233403024 -0.175902267
802489 2489.000000 17758100002489000 0.074503042 0.101223950 -0.243747086 -0.163879462
802490 2490.000000 17758100002490000 0.076488592 0.100854075 -0.242696129 -0.120752472
802491 2491.000000 17758100002491000 0.078566931 0.100758406 -0.251750792 -0.113737987
802492 2492.000000 17758100002492000 0.080729850 0.100520617 -0.250251059 -0.085620892
802493 2493.000000 17758100002493000 0.082968831 0.100229420 -0.252491906 -0.011538440
802494 2494.000000 17758100002494000 0.085275017 0.099842196 -0.255150748 -0.004733668
802495 2495.000000 17758100002495000 0.087639317 0.099538239 -0.254830000 0.017165433
802496 2496.000000 17758100002496000 0.090052404 0.099651695 -0.248892042 0.067313930
802497 2497.000000 17758100002497000 0.092504747 0.099274780 -0.250273592 0.110881602
802498 2498.000000 17758100002498000 0.094986670 0.099197791 -0.251180415 0.123140299
802499 2499.000000 17758100002499000 0.097488381 0.098681037 -0.253026704 0.127907545
802500 2500.000000 17758100002500000 0.100000001 0.098528590 -0.230561258 0.158333963
802501 2501.000000 17758100002501000 0.102511622 0.098192698 -0.233293891 0.198493304
802502 2502.000000 17758100002502000 0.105013326 0.098031170 -0.226046656 0.184298652
802503 2503.000000 17758100002503000 0.107495256 0.097793571 -0.214751378 0.237802164
802504 2504.000000 17758100002504000 0.109947592 0.097549038 -0.200737169 0.262547124
802505 2505.000000 17758100002505000 0.112360679 0.097412474 -0.202960416 0.321202650
802506 2506.000000 17758100002506000 0.114724979 0.096970427 -0.191911544 0.337816646
802507 2507.000000 17758100002507000 0.117031172 0.096826212 -0.181653364 0.353866970
802508 2508.000000 17758100002508000 0.119270146 0.096916162 -0.172746600 0.378291441
802509 2509.000000 17758100002509000 0.121433072 0.096598703 -0.162409932 0.374052575
802510 2510.000000 17758100002510000 0.123511411 0.096682194 -0.142782623 0.419050672
802511 2511.000000 17758100002511000 0.125496954 0.096376454 -0.125174438 0.416165685
802512 2512.000000 17758100002512000 0.127381891 0.096377907 -0.112277869 0.417063864
802513 2513.000000 17758100002513000 0.129158750 0.096346199 -0.105244873 0.472654046
802514 2514.000000 17758100002514000 0.130820528 0.096338281 -0.083361623 0.456398076
802515 2515.000000 17758100002515000 0.132360682 0.096037478 -0.068302866 0.437284810
802516 2516.000000 17758100002516000 0.133773118 0.096175243 -0.052020695 0.434623612
802517 2517.000000 17758100002517000 0.135052264 0.096171576 -0.039383201 0.447990860
802518 2518.000000 17758100002518000 0.136193082 0.096204143 -0.027001983 0.482723023
802519 2519.000000 17758100002519000 0.137191057 0.095971371 -0.009352970 0.479448614
802520 2520.000000 17758100002520000 0.138042256 0.095883867 0.002277540 0.428444880
802521 2521.000000 17758100002521000 0.138743326 0.096099821 0.024087721 0.481827398
802522 2522.000000 17758100002522000 0.139291495 0.095954352 0.038820715 0.441123522
802523 2523.000000 17758100002523000 0.139684588 0.095508817 0.057016369 0.441177144
802524 2524.000000 17758100002524000 0.139921069 0.096155022 0.070413214 0.446853764
802525 2525.000000 17758100002525000 0.140000001 0.096628885 0.079099840 0.476495478
802526 2526.000000 17758100002526000 0.139921069 0.096468054 0.098010110 0.441780294
802527 2527.000000 17758100002527000 0.139684588 0.096313230 0.121737391 0.374758989
802528 2528.000000 17758100002528000 0.139291495 0.096567044 0.129814546 0.414237138
802529 2529.000000 17758100002529000 0.138743326 0.096954505 0.135194682 0.363544003
802530 2530.000000 17758100002530000 0.138042256 0.097084585 0.157066691 0.377013291
802531 2531.000000 17758100002531000 0.137191057 0.096871705 0.161442459 0.329370566
802532 2532.000000 17758100002532000 0.136193082 0.097137319 0.177139424 0.354740114
802533 2533.000000 17758100002533000 0.135052264 0.097186697 0.193044793 0.316328231
802534 2534.000000 17758100002534000 0.133773118 0.097740724 0.191180346 0.268699408
802535 2535.000000 17758100002535000 0.132360682 0.097757540 0.205871883 0.256042565
802536 2536.000000 17758100002536000 0.130820528 0.098118667 0.218511460 0.222321553
802537 2537.000000 17758100002537000 0.129158750 0.098476914 0.222719445 0.202804764
802538 2538.000000 17758100002538000 0.127381891 0.098285527 0.222931488 0.162299569
802539 2539.000000 17758100002539000 0.125496954 0.098723475 0.236657395 0.161003002
802540 2540.000000 17758100002540000 0.123511411 0.098759523 0.250536371 0.152572006
802541 2541.000000 17758100002541000 0.121433072 0.099025531 0.249929433 0.113123424
802542 2542.000000 17758100002542000 0.119270146 0.099281317 0.243682797 0.081079293
802543 2543.000000 17758100002543000 0.117031172 0.099849462 0.249072464 0.035733248
802544 2544.000000 17758100002544000 0.114724979 0.100161737 0.248069734 0.001532164
802545 2545.000000 17758100002545000 0.112360679 0.100274677 0.246231997 -0.043460079
802546 2546.000000 17758100002546000 0.109947592 0.100849383 0.252681288 -0.054495550
802547 2547.000000 17758100002547000 0.107495256 0.100846836 0.247875412 -0.097344089
802548 2548.000000 17758100002548000 0.105013326 0.100644418 0.236373497 -0.106370042
802549 2549.000000 17758100002549000 0.102511622 0.101167524 0.238299681 -0.117384898
802550 2550.000000 17758100002550000 0.100000001 0.101698258 0.240572324 -0.184106669
802551 2551.000000 17758100002551000 0.097488381 0.101846638 0.228236890 -0.213828929
802552 2552.000000 17758100002552000 0.094986670 0.102000275 0.223966647 -0.207232820
802553 2553.000000 17758100002553000 0.092504747 0.102236521 0.220092416 -0.224431542
802554 2554.000000 17758100002554000 0.090052404 0.102038684 0.213574078 -0.292277055
802555 2555.000000 17758100002555000 0.087639317 0.102654462 0.191903306 -0.306794572
802556 2556.000000 17758100002556000 0.085275017 0.102841592 0.190864378 -0.368166964
802557 2557.000000 17758100002557000 0.082968831 0.102901888 0.179696069 -0.305370979
802558 2558.000000 17758100002558000 0.080729850 0.103454090 0.165037583 -0.342238171
802559 2559.000000 17758100002559000 0.078566931 0.103295474 0.149015553 -0.369379111
802560 2560.000000 17758100002560000 0.076488592 0.103312742 0.137616478 -0.399289440
802561 2561.000000 17758100002561000 0.074503042 0.103537985 0.129217802 -0.424036343
802562 2562.000000 17758100002562000 0.072618119 0.103472930 0.115246263 -0.391362284
802563 2563.000000 17758100002563000 0.070841253 0.103826094 0.095631829 -0.403534305
802564 2564.000000 17758100002564000 0.069179468 0.103783034 0.089148725 -0.462091258
802565 2565.000000 17758100002565000 0.067639321 0.103646019 0.065330909 -0.459370716
802566 2566.000000 17758100002566000 0.066226885 0.103613688 0.053517371 -0.433275588
802567 2567.000000 17758100002567000 0.064947732 0.104101972 0.040721360 -0.489304765
802568 2568.000000 17758100002568000 0.063806921 0.103968581 0.015015557 -0.478892007
802569 2569.000000 17758100002569000 0.062808938 0.103961420 0.007368821 -0.474263926
802570 2570.000000 17758100002570000 0.061957739 0.104297491 -0.011207904 -0.480990428
802571 2571.000000 17758100002571000 0.061256673 0.103683974 -0.023623873 -0.472375513
802572 2572.000000 17758100002572000 0.060708512 0.103739453 -0.041174034 -0.468484461
802573 2573.000000 17758100002573000 0.060315412 0.103743955 -0.060510092 -0.457323831
802574 2574.000000 17758100002574000 0.060078930 0.103960318 -0.071997055 -0.502415565
802575 2575.000000 17758100002575000 0.059999999 0.103962170 -0.092075030 -0.432799815
802576 2576.000000 17758100002576000 0.060078930 0.103535048 -0.101434561 -0.433731055
802577 2577.000000 17758100002577000 0.060315412 0.103999028 -0.111463423 -0.435063615
802578 2578.000000 17758100002578000 0.060708512 0.103033767 -0.122408840 -0.429850861
802579 2579.000000 17758100002579000 0.061256673 0.103387909 -0.141596042 -0.357442191
802580 2580.000000 17758100002580000 0.061957739 0.102985053 -0.161859668 -0.406414595
802581 2581.000000 17758100002581000 0.062808938 0.102887867 -0.167188960 -0.320573266
802582 2582.000000 17758100002582000 0.063806921 0.103072308 -0.180346015 -0.323060905
802583 2583.000000 17758100002583000 0.064947732 0.102604444 -0.188317562 -0.287518310
802584 2584.000000 17758100002584000 0.066226885 0.102184950 -0.206774761 -0.271737060
802585 2585.000000 17758100002585000 0.067639321 0.102329203 -0.204768823 -0.285941214
802586 2586.000000 17758100002586000 0.069179468 0.101814190 -0.217690583 -0.209546552
802587 2587.000000 17758100002587000 0.070841253 0.101619364 -0.226879517 -0.210235575
802588 2588.000000 17758100002588000 0.072618119 0.101374962 -0.229574864 -0.208098571
802589 2589.000000 17758100002589000 0.074503042 0.101336332 -0.241897421 -0.153670115
802590 2590.000000 17758100002590000 0.076488592 0.100978184 -0.250311553 -0.109384639
802591 2591.000000 17758100002591000 0.078566931 0.100572273 -0.245161828 -0.136611024
802592 2592.000000 17758100002592000 0.080729850 0.100733162 -0.252541131 -0.044723372
802593 2593.000000 17758100002593000 0.082968831 0.100355287 -0.248499507 -0.061759371
802594 2594.000000 17758100002594000 0.085275017 0.099866561 -0.257087903 -0.031717586
802595 2595.000000 17758100002595000 0.087639317 0.099808011 -0.250558634 0.004725901
802596 2596.000000 17758100002596000 0.090052404 0.099480357 -0.246319241 0.097753790
802597 2597.000000 17758100002597000 0.092504747 0.099401871 -0.247482375 0.076531823
802598 2598.000000 17758100002598000 0.094986670 0.098838832 -0.248588656 0.132234339
802599 2599.000000 17758100002599000 0.097488381 0.098510885 -0.239299299 0.091828569
802600 2600.000000 17758100002600000 0.100000001 0.098336025 -0.234834301 0.175263700
802601 2601.000000 17758100002601000 0.102511622 0.098059706 -0.232858207 0.177327882
802602 2602.000000 17758100002602000 0.105013326 0.097928774 -0.228049446 0.214616187
802603 2603.000000 17758100002603000 0.107495256 0.097662033 -0.209545553 0.276444106
802604 2604.000000 17758100002604000 0.109947592 0.097488471 -0.206150438 0.279429018
802605 2605.000000 17758100002605000 0.112360679 0.097265751 -0.202002514 0.276243666
802606 2606.000000 17758100002606000 0.114724979 0.097358905 -0.183119039 0.330412210
802607 2607.000000 17758100002607000 0.117031172 0.097271645 -0.173303214 0.332137252
802608 2608.000000 17758100002608000 0.119270146 0.096865010 -0.170007108 0.354326525
802609 2609.000000 17758100002609000 0.121433072 0.097164876 -0.159716789 0.381189503
802610 2610.000000 17758100002610000 0.123511411 0.096808711 -0.139273094 0.371471434
802611 2611.000000 17758100002611000 0.125496954 0.096153306 -0.124613835 0.444372843
802612 2612.000000 17758100002612000 0.127381891 0.096565016 -0.118901284 0.460947901
802613 2613.000000 17758100002613000 0.129158750 0.096324154 -0.099439269 0.427408749
802614 2614.000000 17758100002614000 0.130820528 0.096410624 -0.076861861 0.460086992
802615 2615.000000 17758100002615000 0.132360682 0.096009444 -0.071927956 0.441390136
802616 2616.000000 17758100002616000 0.133773118 0.095871365 -0.056626860 0.428336476
802617 2617.000000 17758100002617000 0.135052264 0.096030370 -0.044895173 0.460682129
802618 2618.000000 17758100002618000 0.136193082 0.095809465 -0.023503616 0.493533841
802619 2619.000000 17758100002619000 0.137191057 0.096296486 -0.005881742 0.446336080
802620 2620.000000 17758100002620000 0.138042256 0.095968458 -0.000074130 0.489464568
802621 2621.000000 17758100002621000 0.138743326 0.096185945 0.020195322 0.494767291
802622 2622.000000 17758100002622000 0.139291495 0.096105695 0.032667871 0.447894596
802623 2623.000000 17758100002623000 0.139684588 0.096008077 0.053690524 0.494915256
802624 2624.000000 17758100002624000 0.139921069 0.096280002 0.080220632 0.469840693
802625 2625.000000 17758100002625000 0.140000001 0.096434235 0.083090665 0.448462381
802626 2626.000000 17758100002626000 0.139921069 0.096199792 0.108888687 0.442301637
802627 2627.000000 17758100002627000 0.139684588 0.096485476 0.118991241 0.426860186
802628 2628.000000 17758100002628000 0.139291495 0.096259641 0.120228009 0.386439286
802629 2629.000000 17758100002629000 0.138743326 0.096726092 0.146530914 0.377017245
802630 2630.000000 17758100002630000 0.138042256 0.096953357 0.154765183 0.370647936
802631 2631.000000 17758100002631000 0.137191057 0.097121176 0.175820313 0.366266515
802632 2632.000000 17758100002632000 0.136193082 0.097315000 0.177061643 0.324563585
802633 2633.000000 17758100002633000 0.135052264 0.097406059 0.183185447 0.312414403
802634 2634.000000 17758100002634000 0.133773118 0.097814411 0.191709601 0.275932273
802635 2635.000000 17758100002635000 0.132360682 0.097453419 0.201083669 0.246806439
802636 2636.000000 17758100002636000 0.130820528 0.098286965 0.218653395 0.250639916
802637 2637.000000 17758100002637000 0.129158750 0.098123627 0.221743744 0.216949762
802638 2638.000000 17758100002638000 0.127381891 0.098875933 0.229343978 0.199366456
802639 2639.000000 17758100002639000 0.125496954 0.098740478 0.239638029 0.162087287
802640 2640.000000 17758100002640000 0.123511411 0.099019147 0.249619235 0.133238622
802641 2641.000000 17758100002641000 0.121433072 0.099039204 0.243835272 0.119959780
802642 2642.000000 17758100002642000 0.119270146 0.099527433 0.248038363 0.038906823
802643 2643.000000 17758100002643000 0.117031172 0.099724423 0.240436373 0.046580028
802644 2644.000000 17758100002644000 0.114724979 0.100129001 0.255508465 0.040425341
802645 2645.000000 17758100002645000 0.112360679 0.100267338 0.262055752 -0.079198658
802646 2646.000000 17758100002646000 0.109947592 0.100305967 0.246703543 -0.087908600
802647 2647.000000 17758100002647000 0.107495256 0.100941295 0.248342709 -0.082786705
802648 2648.000000 17758100002648000 0.105013326 0.100822206 0.244095935 -0.090078131
802649 2649.000000 17758100002649000 0.102511622 0.101146453 0.247058641 -0.139637207
802650 2650.000000 17758100002650000 0.100000001 0.101473234 0.249519712 -0.156927963
802651 2651.000000 17758100002651000 0.097488381 0.101516202 0.227881328 -0.211057956
802652 2652.000000 17758100002652000 0.094986670 0.102206794 0.228938627 -0.246796853
802653 2653.000000 17758100002653000 0.092504747 0.102319130 0.212425096 -0.282935374
802654 2654.000000 17758100002654000 0.090052404 0.102283209 0.211852178 -0.283266756
802655 2655.000000 17758100002655000 0.087639317 0.102398658 0.198340273 -0.308340320
802656 2656.000000 17758100002656000 0.085275017 0.102867428 0.191255194 -0.302738371
802657 2657.000000 17758100002657000 0.082968831 0.102689175 0.185083719 -0.346121331
802658 2658.000000 17758100002658000 0.080729850 0.103139677 0.172508711 -0.355923081
802659 2659.000000 17758100002659000 0.078566931 0.103170565 0.158129152 -0.386208574
802660 2660.000000 17758100002660000 0.076488592 0.103432231 0.142246937 -0.386101401
802661 2661.000000 17758100002661000 0.074503042 0.103206186 0.130904152 -0.409546811
802662 2662.000000 17758100002662000 0.072618119 0.103604369 0.118525292 -0.402014299
802663 2663.000000 17758100002663000 0.070841253 0.103781764 0.098935569 -0.427750007
802664 2664.000000 17758100002664000 0.069179468 0.103818493 0.086061909 -0.472458601
802665 2665.000000 17758100002665000 0.067639321 0.103826641 0.073767603 -0.429771678
802666 2666.000000 17758100002666000 0.066226885 0.103467751 0.052180228 -0.421364452
802667 2667.000000 17758100002667000 0.064947732 0.104157962 0.032642550 -0.460347567
802668 2668.000000 17758100002668000 0.063806921 0.104171107 0.021726025 -0.510915314
802669 2669.000000 17758100002669000 0.062808938 0.104121783 0.007709074 -0.430815721
802670 2670.000000 17758100002670000 0.061957739 0.103805482 -0.001465642 -0.504230058
802671 2671.000000 17758100002671000 0.061256673 0.104212252 -0.018083579 -0.454926791
802672 2672.000000 17758100002672000 0.060708512 0.103886983 -0.049559746 -0.483686416
802673 2673.000000 17758100002673000 0.060315412 0.104132948 -0.054365571 -0.453045977
802674 2674.000000 17758100002674000 0.060078930 0.103829062 -0.079099826 -0.444616580
802675 2675.000000 17758100002675000 0.059999999 0.103959601 -0.085465603 -0.451276768
802676 2676.000000 17758100002676000 0.060078930 0.103699458 -0.105022437 -0.448674399
802677 2677.000000 17758100002677000 0.060315412 0.103291810 -0.118620943 -0.438686847
802678 2678.000000 17758100002678000 0.060708512 0.103443124 -0.136782750 -0.410178091
802679 2679.000000 17758100002679000 0.061256673 0.102983862 -0.150103535 -0.371922942
802680 2680.000000 17758100002680000 0.061957739 0.103230614 -0.145136909 -0.363051956
802681 2681.000000 17758100002681000 0.062808938 0.102991347 -0.164227813 -0.325279553
802682 2682.000000 17758100002682000 0.063806921 0.102734337 -0.186614113 -0.329919119
802683 2683.000000 17758100002683000 0.064947732 0.102568298 -0.187594622 -0.322721734
802684 2684.000000 17758100002684000 0.066226885 0.102816819 -0.207452205 -0.292964595
802685 2685.000000 17758100002685000 0.067639321 0.102050369 -0.206783252 -0.250595710
802686 2686.000000 17758100002686000 0.069179468 0.101927585 -0.220161235 -0.252038857
802687 2687.000000 17758100002687000 0.070841253 0.101423642 -0.241144122 -0.227610293
802688 2688.000000 17758100002688000 0.072618119 0.101809835 -0.219703405 -0.171560065
802689 2689.000000 17758100002689000 0.074503042 0.101269141 -0.240829589 -0.124336467
802690 2690.000000 17758100002690000 0.076488592 0.101135284 -0.252909588 -0.123246439
802691 2691.000000 17758100002691000 0.078566931 0.100782728 -0.248005740 -0.120776308
802692 2692.000000 17758100002692000 0.080729850 0.100021501 -0.253868433 -0.051422103
802693 2693.000000 17758100002693000 0.082968831 0.100232239 -0.248329976 -0.057346504
802694 2694.000000 17758100002694000 0.085275017 0.100138529 -0.250920906 -0.033180113
802695 2695.000000 17758100002695000 0.087639317 0.099653904 -0.254351241 -0.016962266
802696 2696.000000 17758100002696000 0.090052404 0.099324315 -0.258288199 0.080613827
802697 2697.000000 17758100002697000 0.092504747 0.099260184 -0.255049761 0.083093481
802698 2698.000000 17758100002698000 0.094986670 0.098744741 -0.246579953 0.133387813
802699 2699.000000 17758100002699000 0.097488381 0.099072122 -0.241631297 0.153130111
802700 2700.000000 17758100002700000 0.100000001 0.098744058 -0.238999917 0.161551028
802701 2701.000000 17758100002701000 0.102511622 0.098329035 -0.228918393 0.218470821
802702 2702.000000 17758100002702000 0.105013326 0.097738783 -0.232729604 0.217260078
802703 2703.000000 17758100002703000 0.107495256 0.097957183 -0.230866655 0.247965440
802704 2704.000000 17758100002704000 0.109947592 0.097679270 -0.211652127 0.258094489
802705 2705.000000 17758100002705000 0.112360679 0.097262702 -0.201995279 0.311789365
802706 2706.000000 17758100002706000 0.114724979 0.097179057 -0.185574484 0.326267695
802707 2707.000000 17758100002707000 0.117031172 0.096881365 -0.178122596 0.339587263
802708 2708.000000 17758100002708000 0.119270146 0.097139347 -0.170014745 0.399216181
802709 2709.000000 17758100002709000 0.121433072 0.096820260 -0.163329802 0.395510272
802710 2710.000000 17758100002710000 0.123511411 0.096872131 -0.142324607 0.417594300
802711 2711.000000 17758100002711000 0.125496954 0.096292256 -0.136016811 0.399271178
802712 2712.000000 17758100002712000 0.127381891 0.096502482 -0.117585234 0.453330701
802713 2713.000000 17758100002713000 0.129158750 0.096057614 -0.098746617 0.456009557
802714 2714.000000 17758100002714000 0.130820528 0.096105350 -0.083311615 0.463533435
802715 2715.000000 17758100002715000 0.132360682 0.096008619 -0.075464101 0.442976973
802716 2716.000000 17758100002716000 0.133773118 0.095914382 -0.044236318 0.454963913
802717 2717.000000 17758100002717000 0.135052264 0.095910176 -0.038964502 0.458108725
802718 2718.000000 17758100002718000 0.136193082 0.096083046 -0.025105265 0.467140637
802719 2719.000000 17758100002719000 0.137191057 0.095545658 -0.006689177 0.479094132
802720 2720.000000 17758100002720000 0.138042256 0.095643304 -0.000603431 0.465312504
802721 2721.000000 17758100002721000 0.138743326 0.095943398 0.020491315 0.483050719
802722 2722.000000 17758100002722000 0.139291495 0.095832258 0.046323282 0.463707408
802723 2723.000000 17758100002723000 0.139684588 0.096147943 0.053820841 0.486699770
802724 2724.000000 17758100002724000 0.139921069 0.096141628 0.071431426 0.447709491
802725 2725.000000 17758100002725000 0.140000001 0.095986482 0.090553820 0.441313665
802726 2726.000000 17758100002726000 0.139921069 0.096601453 0.100720091 0.471409742
802727 2727.000000 17758100002727000 0.139684588 0.096567130 0.114441286 0.466670867
802728 2728.000000 17758100002728000 0.139291495 0.096517269 0.131957617 0.405389165
802729 2729.000000 17758100002729000 0.138743326 0.096690122 0.140704707 0.413676260
802730 2730.000000 17758100002730000 0.138042256 0.096735412 0.157660772 0.362751971
802731 2731.000000 17758100002731000 0.137191057 0.096995272 0.167237280 0.353475123
802732 2732.000000 17758100002732000 0.136193082 0.097453228 0.180057509 0.326229636
802733 2733.000000 17758100002733000 0.135052264 0.097400400 0.182224477 0.325692261
802734 2734.000000 17758100002734000 0.133773118 0.097634567 0.204204199 0.280103735
802735 2735.000000 17758100002735000 0.132360682 0.098026418 0.208290639 0.274546065
802736 2736.000000 17758100002736000 0.130820528 0.098028095 0.215529151 0.258237931
802737 2737.000000 17758100002737000 0.129158750 0.098391475 0.226062005 0.223227248
802738 2738.000000 17758100002738000 0.127381891 0.098502104 0.237017473 0.181099891
802739 2739.000000 17758100002739000 0.125496954 0.098845880 0.235462937 0.104917733
802740 2740.000000 17758100002740000 0.123511411 0.098735081 0.239351095 0.144075227
802741 2741.000000 17758100002741000 0.121433072 0.099369439 0.240007766 0.119787014
802742 2742.000000 17758100002742000 0.119270146 0.099169737 0.252716039 0.087412006
802743 2743.000000 17758100002743000 0.117031172 0.099715253 0.248952551 0.047916332
802744 2744.000000 17758100002744000 0.114724979 0.099982178 0.253742229 0.029142029
802745 2745.000000 17758100002745000 0.112360679 0.100264159 0.252378350 -0.040112735
802746 2746.000000 17758100002746000 0.109947592 0.100262204 0.251738834 -0.077588572
802747 2747.000000 17758100002747000 0.107495256 0.100766764 0.252937810 -0.091520265
802748 2748.000000 17758100002748000 0.105013326 0.100722151 0.246245190 -0.126616282
802749 2749.000000 17758100002749000 0.102511622 0.101062925 0.236918350 -0.167463445
802750 2750.000000 17758100002750000 0.100000001 0.101371847 0.236658105 -0.137152600
802751 2751.000000 17758100002751000 0.097488381 0.101919560 0.235738559 -0.230068476
802752 2752.000000 17758100002752000 0.094986670 0.101898069 0.227954655 -0.254160242
802753 2753.000000 17758100002753000 0.092504747 0.102021584 0.218047834 -0.251336230
802754 2754.000000 17758100002754000 0.090052404 0.102574906 0.208146772 -0.291478129
802755 2755.000000 17758100002755000 0.087639317 0.102384267 0.196376342 -0.301744467
802756 2756.000000 17758100002756000 0.085275017 0.103192618 0.188849930 -0.352102258
802757 2757.000000 17758100002757000 0.082968831 0.102821382 0.180224435 -0.338963788
802758 2758.000000 17758100002758000 0.080729850 0.103257453 0.169003794 -0.341282864
802759 2759.000000 17758100002759000 0.078566931 0.103310619 0.157090413 -0.383867686
802760 2760.000000 17758100002760000 0.076488592 0.103583198 0.141936584 -0.413358538
802761 2761.000000 17758100002761000 0.074503042 0.103512325 0.128389880 -0.422949661
802762 2762.000000 17758100002762000 0.072618119 0.103891888 0.115163816 -0.407110035
802763 2763.000000 17758100002763000 0.070841253 0.103750866 0.096356736 -0.453876149
802764 2764.000000 17758100002764000 0.069179468 0.103700300 0.087582143 -0.454117952
802765 2765.000000 17758100002765000 0.067639321 0.103792470 0.077390652 -0.496578058
802766 2766.000000 17758100002766000 0.066226885 0.104104635 0.057468645 -0.452718428
802767 2767.000000 17758100002767000 0.064947732 0.104138321 0.038235718 -0.473350224
802768 2768.000000 17758100002768000 0.063806921 0.103937088 0.032070787 -0.470826095
802769 2769.000000 17758100002769000 0.062808938 0.104186855 0.010967217 -0.452687423
802770 2770.000000 17758100002770000 0.061957739 0.104044903 -0.010359926 -0.493937055
802771 2771.000000 17758100002771000 0.061256673 0.103869994 -0.016984671 -0.474505360
802772 2772.000000 17758100002772000 0.060708512 0.103903655 -0.037461889 -0.494304244
802773 2773.000000 17758100002773000 0.060315412 0.103979380 -0.058799383 -0.486176911
802774 2774.000000 17758100002774000 0.060078930 0.103841553 -0.071945340 -0.493564141
802775 2775.000000 17758100002775000 0.059999999 0.103746268 -0.083734119 -0.406493169
802776 2776.000000 17758100002776000 0.060078930 0.103837876 -0.105565712 -0.428945360
802777 2777.000000 17758100002777000 0.060315412 0.103486042 -0.113343953 -0.401698498
802778 2778.000000 17758100002778000 0.060708512 0.103528205 -0.130437761 -0.393574262
802779 2779.000000 17758100002779000 0.061256673 0.103236217 -0.140676550 -0.397022881
802780 2780.000000 17758100002780000 0.061957739 0.103173588 -0.160681568 -0.397524112
802781 2781.000000 17758100002781000 0.062808938 0.102979403 -0.160976037 -0.352898000
802782 2782.000000 17758100002782000 0.063806921 0.102768604 -0.177327659 -0.345578800
802783 2783.000000 17758100002783000 0.064947732 0.102984124 -0.192425087 -0.322622752
802784 2784.000000 17758100002784000 0.066226885 0.102217557 -0.193405998 -0.278307569
802785 2785.000000 17758100002785000 0.067639321 0.102087778 -0.206493661 -0.236238648
802786 2786.000000 17758100002786000 0.069179468 0.101700266 -0.226272705 -0.231194579
802787 2787.000000 17758100002787000 0.070841253 0.101865273 -0.218186067 -0.227262742
802788 2788.000000 17758100002788000 0.072618119 0.101414990 -0.230611608 -0.203430252
802789 2789.000000 17758100002789000 0.074503042 0.101517614 -0.230921972 -0.172492601
802790 2790.000000 17758100002790000 0.076488592 0.100704320 -0.235971212 -0.102212959
802791 2791.000000 17758100002791000 0.078566931 0.100834300 -0.243966645 -0.098365840
802792 2792.000000 17758100002792000 0.080729850 0.100473473 -0.245591159 -0.051308438
802793 2793.000000 17758100002793000 0.082968831 0.099841087 -0.252427342 -0.038705477
802794 2794.000000 17758100002794000 0.085275017 0.099934859 -0.250064266 0.008917263
802795 2795.000000 17758100002795000 0.087639317 0.099829778 -0.244374599 0.007105358
802796 2796.000000 17758100002796000 0.090052404 0.099666556 -0.247077442 0.063552403
802797 2797.000000 17758100002797000 0.092504747 0.099446834 -0.251806816 0.075793257
802798 2798.000000 17758100002798000 0.094986670 0.099005186 -0.244802342 0.139129719
802799 2799.000000 17758100002799000 0.097488381 0.098785969 -0.242074410 0.150558935
802800 2800.000000 17758100002800000 0.100000001 0.098389181 -0.233629310 0.171304471
802801 2801.000000 17758100002801000 0.102511622 0.098385376 -0.232235227 0.204464085
802802 2802.000000 17758100002802000 0.105013326 0.097918253 -0.227759492 0.203939987
802803 2803.000000 17758100002803000 0.107495256 0.097802337 -0.215034848 0.267337593
802804 2804.000000 17758100002804000 0.109947592 0.097578939 -0.210263990 0.279465827
802805 2805.000000 17758100002805000 0.112360679 0.097238913 -0.197503781 0.302649334
802806 2806.000000 17758100002806000 0.114724979 0.097439672 -0.198126032 0.315653518
802807 2807.000000 17758100002807000 0.117031172 0.097185371 -0.180674598 0.361450585
802808 2808.000000 17758100002808000 0.119270146 0.097047195 -0.177779805 0.329237262
802809 2809.000000 17758100002809000 0.121433072 0.096964391 -0.160663983 0.373709447
802810 2810.000000 17758100002810000 0.123511411 0.096485390 -0.150537879 0.368715679
802811 2811.000000 17758100002811000 0.125496954 0.095934533 -0.126688734 0.433351617
802812 2812.000000 17758100002812000 0.127381891 0.096407920 -0.119164373 0.411343320
802813 2813.000000 17758100002813000 0.129158750 0.096277167 -0.100600760 0.445819160
802814 2814.000000 17758100002814000 0.130820528 0.096012426 -0.085215382 0.435029958
802815 2815.000000 17758100002815000 0.132360682 0.096330016 -0.069235026 0.502457091
802816 2816.000000 17758100002816000 0.133773118 0.096044406 -0.059705676 0.473293048
802817 2817.000000 17758100002817000 0.135052264 0.096036497 -0.044385232 0.476958855
802818 2818.000000 17758100002818000 0.136193082 0.095919056 -0.030494859 0.520277090
802819 2819.000000 17758100002819000 0.137191057 0.096400530 -0.010424679 0.472308520
802820 2820.000000 17758100002820000 0.138042256 0.095931719 0.015601866 0.475656455
802821 2821.000000 17758100002821000 0.138743326 0.096303534 0.026401169 0.434048702
802822 2822.000000 17758100002822000 0.139291495 0.096287228 0.041396701 0.510831737
802823 2823.000000 17758100002823000 0.139684588 0.095825382 0.049320141 0.458317388
802824 2824.000000 17758100002824000 0.139921069 0.096302299 0.072049390 0.461230718
802825 2825.000000 17758100002825000 0.140000001 0.096274260 0.081132430 0.456930939
802826 2826.000000 17758100002826000 0.139921069 0.096435237 0.093444434 0.407441360
802827 2827.000000 17758100002827000 0.139684588 0.096459889 0.118456257 0.394297605
802828 2828.000000 17758100002828000 0.139291495 0.096761493 0.125678013 0.367632470
802829 2829.000000 17758100002829000 0.138743326 0.096896542 0.141281108 0.390917211
802830 2830.000000 17758100002830000 0.138042256 0.096875602 0.151825819 0.362611526
802831 2831.000000 17758100002831000 0.137191057 0.097200975 0.167595998 0.349767666
802832 2832.000000 17758100002832000 0.136193082 0.097246461 0.183692198 0.333256662
802833 2833.000000 17758100002833000 0.135052264 0.097221843 0.191853546 0.325604443
802834 2834.000000 17758100002834000 0.133773118 0.097414105 0.195206373 0.245014086
802835 2835.000000 17758100002835000 0.132360682 0.097579768 0.209564214 0.259969895
802836 2836.000000 17758100002836000 0.130820528 0.098604321 0.215353085 0.218622828
802837 2837.000000 17758100002837000 0.129158750 0.098344419 0.222500932 0.200734398
802838 2838.000000 17758100002838000 0.127381891 0.098088428 0.231000486 0.195529500
802839 2839.000000 17758100002839000 0.125496954 0.098649829 0.238805466 0.168123345
802840 2840.000000 17758100002840000 0.123511411 0.099328904 0.235416415 0.078280031
802841 2841.000000 17758100002841000 0.121433072 0.098939753 0.239620301 0.077968338
802842 2842.000000 17758100002842000 0.119270146 0.099348021 0.243415487 0.075490086
802843 2843.000000 17758100002843000 0.117031172 0.100005538 0.244321683 0.031689858
802844 2844.000000 17758100002844000 0.114724979 0.100067888 0.245043955 -0.011553268
802845 2845.000000 17758100002845000 0.112360679 0.100491176 0.250760960 -0.006920666
802846 2846.000000 17758100002846000 0.109947592 0.100189068 0.251149681 -0.066668764
802847 2847.000000 17758100002847000 0.107495256 0.101205157 0.253563006 -0.071026838
802848 2848.000000 17758100002848000 0.105013326 0.100908069 0.245394303 -0.084069950
802849 2849.000000 17758100002849000 0.102511622 0.101323047 0.245994473 -0.154179904
802850 2850.000000 17758100002850000 0.100000001 0.101704769 0.239303343 -0.178760522
802851 2851.000000 17758100002851000 0.097488381 0.101793940 0.229140205 -0.212875900
802852 2852.000000 17758100002852000 0.094986670 0.101967465 0.228776568 -0.216692248
802853 2853.000000 17758100002853000 0.092504747 0.102139196 0.215588484 -0.255843968
802854 2854.000000 17758100002854000 0.090052404 0.102470610 0.215126488 -0.241377718
802855 2855.000000 17758100002855000 0.087639317 0.102841754 0.200772731 -0.270458132
802856 2856.000000 17758100002856000 0.085275017 0.102818269 0.195230940 -0.338140069
802857 2857.000000 17758100002857000 0.082968831 0.102875892 0.183860026 -0.345799877
802858 2858.000000 17758100002858000 0.080729850 0.102837475 0.167794325 -0.349560594
802859 2859.000000 17758100002859000 0.078566931 0.103501349 0.161606918 -0.387881391
802860 2860.000000 17758100002860000 0.076488592 0.103479113 0.136347057 -0.367224477
802861 2861.000000 17758100002861000 0.074503042 0.103128707 0.124836231 -0.409260845
802862 2862.000000 17758100002862000 0.072618119 0.103704314 0.116464872 -0.409502895
802863 2863.000000 17758100002863000 0.070841253 0.103574813 0.103212776 -0.447890915
802864 2864.000000 17758100002864000 0.069179468 0.103841650 0.087348577 -0.449676891
802865 2865.000000 17758100002865000 0.067639321 0.103838932 0.059837549 -0.440399789
802866 2866.000000 17758100002866000 0.066226885 0.103840592 0.046095182 -0.496856466
802867 2867.000000 17758100002867000 0.064947732 0.103931514 0.051357146 -0.452085581
802868 2868.000000 17758100002868000 0.063806921 0.103964740 0.017745561 -0.467374349
802869 2869.000000 17758100002869000 0.062808938 0.104041197 0.009365866 -0.486845769
802870 2870.000000 17758100002870000 0.061957739 0.103585875 -0.000340130 -0.471959383
802871 2871.000000 17758100002871000 0.061256673 0.104052122 -0.015910878 -0.494307840
802872 2872.000000 17758100002872000 0.060708512 0.104012810 -0.037455275 -0.464825902
802873 2873.000000 17758100002873000 0.060315412 0.103873578 -0.055920005 -0.471380311
802874 2874.000000 17758100002874000 0.060078930 0.103930212 -0.068498161 -0.461526331
802875 2875.000000 17758100002875000 0.059999999 0.103669541 -0.085323424 -0.429015286
802876 2876.000000 17758100002876000 0.060078930 0.103715245 -0.106441948 -0.443852734
802877 2877.000000 17758100002877000 0.060315412 0.103596422 -0.117709281 -0.437811492
802878 2878.000000 17758100002878000 0.060708512 0.103233073 -0.127332899 -0.397788922
802879 2879.000000 17758100002879000 0.061256673 0.103121028 -0.145253476 -0.397124740
802880 2880.000000 17758100002880000 0.061957739 0.102775078 -0.147251204 -0.352623132
802881 2881.000000 17758100002881000 0.062808938 0.103309611 -0.169962332 -0.399991765
802882 2882.000000 17758100002882000 0.063806921 0.102568525 -0.181219093 -0.330811485
802883 2883.000000 17758100002883000 0.064947732 0.102653459 -0.180766613 -0.325779116
802884 2884.000000 17758100002884000 0.066226885 0.102454333 -0.199150652 -0.274629860
802885 2885.000000 17758100002885000 0.067639321 0.102223121 -0.215136863 -0.257888480
802886 2886.000000 17758100002886000 0.069179468 0.101901173 -0.220057600 -0.282149390
802887 2887.000000 17758100002887000 0.070841253 0.101663267 -0.236027587 -0.228587782
802888 2888.000000 17758100002888000 0.072618119 0.101381808 -0.239932934 -0.159215489
802889 2889.000000 17758100002889000 0.074503042 0.101233186 -0.235407170 -0.148890741
802890 2890.000000 17758100002890000 0.076488592 0.101441628 -0.237039611 -0.099182570
802891 2891.000000 17758100002891000 0.078566931 0.101004135 -0.248245351 -0.056026722
802892 2892.000000 17758100002892000 0.080729850 0.100327499 -0.251902112 -0.063920823
802893 2893.000000 17758100002893000 0.082968831 0.100002616 -0.252443412 -0.014494749
802894 2894.000000 17758100002894000 0.085275017 0.100154328 -0.250162164 -0.012889778
802895 2895.000000 17758100002895000 0.087639317 0.099843990 -0.259096886 0.020180334
802896 2896.000000 17758100002896000 0.090052404 0.099241852 -0.254148037 0.037968009
802897 2897.000000 17758100002897000 0.092504747 0.099679925 -0.249592007 0.050422629
802898 2898.000000 17758100002898000 0.094986670 0.099143746 -0.252991249 0.101683160
802899 2899.000000 17758100002899000 0.097488381 0.098854679 -0.241630040 0.127816772
802900 2900.000000 17758100002900000 0.100000001 0.098384926 -0.240647635 0.175484572
802901 2901.000000 17758100002901000 0.102511622 0.098274869 -0.233346667 0.170880395
802902 2902.000000 17758100002902000 0.105013326 0.098079203 -0.235520758 0.239346504
802903 2903.000000 17758100002903000 0.107495256 0.097809461 -0.219918725 0.223509404
802904 2904.000000 17758100002904000 0.109947592 0.097897852 -0.199080054 0.263226597
802905 2905.000000 17758100002905000 0.112360679 0.097691270 -0.206965775 0.296253284
802906 2906.000000 17758100002906000 0.114724979 0.097308394 -0.201252450 0.323084035
802907 2907.000000 17758100002907000 0.117031172 0.096923851 -0.179916163 0.385091020
802908 2908.000000 17758100002908000 0.119270146 0.096929922 -0.167643247 0.375806362
802909 2909.000000 17758100002909000 0.121433072 0.096633647 -0.157154069 0.427647516
802910 2910.000000 17758100002910000 0.123511411 0.096666339 -0.144401481 0.399240375
802911 2911.000000 17758100002911000 0.125496954 0.096603792 -0.130529617 0.444445261
802912 2912.000000 17758100002912000 0.127381891 0.096163769 -0.112249984 0.401845414
802913 2913.000000 17758100002913000 0.129158750 0.095806380 -0.099996996 0.427248430
802914 2914.000000 17758100002914000 0.130820528 0.096163798 -0.085939831 0.447654785
802915 2915.000000 17758100002915000 0.132360682 0.096364198 -0.076626806 0.456131661
802916 2916.000000 17758100002916000 0.133773118 0.095809693 -0.049672206 0.458876647
802917 2917.000000 17758100002917000 0.135052264 0.096240212 -0.042852780 0.468378143
802918 2918.000000 17758100002918000 0.136193082 0.096114332 -0.024900366 0.472236270
802919 2919.000000 17758100002919000 0.137191057 0.096149187 -0.003034283 0.482834821
802920 2920.000000 17758100002920000 0.138042256 0.095913770 0.004759924 0.478977795
802921 2921.000000 17758100002921000 0.138743326 0.096250596 0.023053378 0.504620306
802922 2922.000000 17758100002922000 0.139291495 0.095747385 0.041635271 0.495617129
802923 2923.000000 17758100002923000 0.139684588 0.095928417 0.050090425 0.428945175
802924 2924.000000 17758100002924000 0.139921069 0.096082057 0.072003237 0.462987196
802925 2925.000000 17758100002925000 0.140000001 0.096271248 0.086643628 0.454492933
802926 2926.000000 17758100002926000 0.139921069 0.096525613 0.108362000 0.432263120
802927 2927.000000 17758100002927000 0.139684588 0.096315463 0.110554942 0.425640307
802928 2928.000000 17758100002928000 0.139291495 0.096872485 0.126824262 0.410780938
802929 2929.000000 17758100002929000 0.138743326 0.096496296 0.141837448 0.383628354
802930 2930.000000 17758100002930000 0.138042256 0.096794450 0.150584888 0.382954997
802931 2931.000000 17758100002931000 0.137191057 0.097229032 0.171682624 0.297489521
802932 2932.000000 17758100002932000 0.136193082 0.097363883 0.180767435 0.319490280
802933 2933.000000 17758100002933000 0.135052264 0.097695788 0.186333061 0.322593696
802934 2934.000000 17758100002934000 0.133773118 0.097409730 0.202692383 0.295157909
802935 2935.000000 17758100002935000 0.132360682 0.097591918 0.207504335 0.233877144
802936 2936.000000 17758100002936000 0.130820528 0.098041510 0.209568009 0.288353931
802937 2937.000000 17758100002937000 0.129158750 0.098150274 0.221066633 0.201760341
802938 2938.000000 17758100002938000 0.127381891 0.098534284 0.227776216 0.186462335
802939 2939.000000 17758100002939000 0.125496954 0.098731566 0.242879899 0.137369959
802940 2940.000000 17758100002940000 0.123511411 0.099327746 0.251797669 0.178107752
802941 2941.000000 17758100002941000 0.121433072 0.098852664 0.252739087 0.063836960
802942 2942.000000 17758100002942000 0.119270146 0.099165062 0.249307089 0.067592835
802943 2943.000000 17758100002943000 0.117031172 0.099735818 0.245891871 0.060816344
802944 2944.000000 17758100002944000 0.114724979 0.099869291 0.253514869 -0.010500814
802945 2945.000000 17758100002945000 0.112360679 0.100333657 0.260576930 -0.039756538
802946 2946.000000 17758100002946000 0.109947592 0.100349311 0.257434506 -0.067802879
802947 2947.000000 17758100002947000 0.107495256 0.100464624 0.252050999 -0.075373118
802948 2948.000000 17758100002948000 0.105013326 0.100752017 0.241782796 -0.101305167
802949 2949.000000 17758100002949000 0.102511622 0.101487923 0.244940336 -0.120080546
802950 2950.000000 17758100002950000 0.100000001 0.101442627 0.236052771 -0.147488179
802951 2951.000000 17758100002951000 0.097488381 0.101525121 0.236580429 -0.174512892
802952 2952.000000 17758100002952000 0.094986670 0.102034055 0.219259264 -0.227279169
802953 2953.000000 17758100002953000 0.092504747 0.102046236 0.213224541 -0.242475940
802954 2954.000000 17758100002954000 0.090052404 0.102610098 0.210405785 -0.286152830
802955 2955.000000 17758100002955000 0.087639317 0.102639200 0.197604921 -0.285861064
802956 2956.000000 17758100002956000 0.085275017 0.102623858 0.188586519 -0.338498287
802957 2957.000000 17758100002957000 0.082968831 0.102640645 0.177907898 -0.349163360
802958 2958.000000 17758100002958000 0.080729850 0.102936325 0.168046950 -0.347451190
802959 2959.000000 17758100002959000 0.078566931 0.103236982 0.157589612 -0.380832330
802960 2960.000000 17758100002960000 0.076488592 0.103700839 0.141699500 -0.425816810
802961 2961.000000 17758100002961000 0.074503042 0.103155041 0.125960561 -0.439778044
802962 2962.000000 17758100002962000 0.072618119 0.103669822 0.113691274 -0.472297013
802963 2963.000000 17758100002963000 0.070841253 0.103626047 0.103183519 -0.426421176
802964 2964.000000 17758100002964000 0.069179468 0.103722333 0.093650615 -0.426244922
802965 2965.000000 17758100002965000 0.067639321 0.103743871 0.067751687 -0.441259381
802966 2966.000000 17758100002966000 0.066226885 0.104003378 0.066692236 -0.426415059
802967 2967.000000 17758100002967000 0.064947732 0.103954059 0.035988034 -0.477343237
802968 2968.000000 17758100002968000 0.063806921 0.104213104 0.024420681 -0.486148152
802969 2969.000000 17758100002969000 0.062808938 0.104018559 0.009497302 -0.492762739
802970 2970.000000 17758100002970000 0.061957739 0.103950648 -0.004654154 -0.502969721
802971 2971.000000 17758100002971000 0.061256673 0.104166490 -0.019895452 -0.464111569
802972 2972.000000 17758100002972000 0.060708512 0.104362506 -0.031278732 -0.476199181
802973 2973.000000 17758100002973000 0.060315412 0.103957077 -0.058719381 -0.458024896
802974 2974.000000 17758100002974000 0.060078930 0.104176424 -0.066387608 -0.448580747
802975 2975.000000 17758100002975000 0.059999999 0.104136194 -0.092011898 -0.439508101
802976 2976.000000 17758100002976000 0.060078930 0.103733182 -0.101022763 -0.405888229
802977 2977.000000 17758100002977000 0.060315412 0.103830876 -0.113459996 -0.447609612
802978 2978.000000 17758100002978000 0.060708512 0.103379793 -0.132542573 -0.418999190
802979 2979.000000 17758100002979000 0.061256673 0.103280790 -0.139771709 -0.398694075
802980 2980.000000 17758100002980000 0.061957739 0.103113736 -0.154136366 -0.374466370
802981 2981.000000 17758100002981000 0.062808938 0.103063381 -0.162267180 -0.372361725
802982 2982.000000 17758100002982000 0.063806921 0.102801861 -0.179572470 -0.292684256
802983 2983.000000 17758100002983000 0.064947732 0.102534050 -0.180345047 -0.331221024
802984 2984.000000 17758100002984000 0.066226885 0.102041218 -0.198226294 -0.302729422
802985 2985.000000 17758100002985000 0.067639321 0.101905201 -0.204193034 -0.242448828
802986 2986.000000 17758100002986000 0.069179468 0.101682830 -0.220515054 -0.226561331
802987 2987.000000 17758100002987000 0.070841253 0.101470757 -0.224135781 -0.233394901
802988 2988.000000 17758100002988000 0.072618119 0.101324006 -0.231837522 -0.171583414
802989 2989.000000 17758100002989000 0.074503042 0.100958472 -0.239271048 -0.141866930
802990 2990.000000 17758100002990000 0.076488592 0.101015046 -0.240442720 -0.150880636
802991 2991.000000 17758100002991000 0.078566931 0.100835173 -0.238101319 -0.113380209
802992 2992.000000 17758100002992000 0.080729850 0.100546764 -0.247439707 -0.042974439
802993 2993.000000 17758100002993000 0.082968831 0.100019337 -0.262950482 -0.028042873
802994 2994.000000 17758100002994000 0.085275017 0.099912862 -0.258682162 -0.010087115
802995 2995.000000 17758100002995000 0.087639317 0.099749676 -0.250229405 0.017347605
802996 2996.000000 17758100002996000 0.090052404 0.099647102 -0.247421810 0.024710044
802997 2997.000000 17758100002997000 0.092504747 0.099431978 -0.245695558 0.098861931
802998 2998.000000 17758100002998000 0.094986670 0.098739335 -0.240714448 0.077923689
802999 2999.000000 17758100002999000 0.097488381 0.098762239 -0.243779817 0.161853560
