# SYNTHETIC PLACEHOLDER — replace with real WMX3 CoreMotion Data Log
# profile=sine_5hz backend=newton frequency=5Hz amplitude=0.12rad dt=0.001s
CYCLE TIME SYSTEM_TIME CMDPOS0 FBKPOS0 FBKVEL0 FBKTRQ0
700000 0.000000 17758100000000000 0.100000001 0.100417542 0.007169932 -0.027142578
700001 1.000000 17758100000001000 0.103769287 0.099944454 -0.000904261 0.024178751
700002 2.000000 17758100000002000 0.107534863 0.099966624 0.002480233 0.024869742
700003 3.000000 17758100000003000 0.111292996 0.100044214 -0.000766933 0.080069979
700004 4.000000 17758100000004000 0.115039989 0.100179644 -0.008479695 0.095048043
700005 5.000000 17758100000005000 0.118772134 0.099812141 0.001007279 0.137061653
700006 6.000000 17758100000006000 0.122485757 0.100096090 0.009343292 0.195825730
700007 7.000000 17758100000007000 0.126177192 0.099736473 0.018723406 0.216419348
700008 8.000000 17758100000008000 0.129842788 0.100095280 0.016712526 0.239044316
700009 9.000000 17758100000009000 0.133478940 0.100162242 0.032228903 0.306467170
700010 10.000000 17758100000010000 0.137082040 0.100025049 0.050303849 0.333085755
700011 11.000000 17758100000011000 0.140648544 0.100114266 0.057914655 0.338926704
700012 12.000000 17758100000012000 0.144174948 0.099925524 0.073990625 0.399022101
700013 13.000000 17758100000013000 0.147657752 0.100437979 0.074354418 0.427520910
700014 14.000000 17758100000014000 0.151093513 0.100301516 0.088094752 0.431105206
700015 15.000000 17758100000015000 0.154478863 0.100198787 0.104588137 0.489521436
700016 16.000000 17758100000016000 0.157810435 0.100394966 0.111597792 0.483120642
700017 17.000000 17758100000017000 0.161084965 0.100544845 0.143829391 0.526586608
700018 18.000000 17758100000018000 0.164299220 0.101104213 0.147254043 0.567057945
700019 19.000000 17758100000019000 0.167450011 0.101191273 0.171993133 0.544008979
700020 20.000000 17758100000020000 0.170534223 0.101226086 0.192646425 0.591026287
700021 21.000000 17758100000021000 0.173548847 0.101441507 0.211293784 0.609784902
700022 22.000000 17758100000022000 0.176490873 0.101789976 0.232456533 0.652524863
700023 23.000000 17758100000023000 0.179357424 0.101676843 0.248705402 0.630952702
700024 24.000000 17758100000024000 0.182145655 0.102034002 0.263577241 0.678374958
700025 25.000000 17758100000025000 0.184852809 0.102659336 0.296146830 0.635065480
700026 26.000000 17758100000026000 0.187476233 0.102711969 0.309853880 0.653204737
700027 27.000000 17758100000027000 0.190013334 0.103061953 0.332002837 0.695142587
700028 28.000000 17758100000028000 0.192461595 0.103591304 0.373272757 0.677743511
700029 29.000000 17758100000029000 0.194818601 0.103743118 0.369711472 0.693211542
700030 30.000000 17758100000030000 0.197082043 0.104272801 0.407865720 0.682006458
700031 31.000000 17758100000031000 0.199249670 0.104809860 0.426311920 0.699312445
700032 32.000000 17758100000032000 0.201319352 0.105047173 0.446535569 0.680114049
700033 33.000000 17758100000033000 0.203289047 0.105581946 0.474090898 0.719969645
700034 34.000000 17758100000034000 0.205156803 0.106352847 0.494511897 0.679380664
700035 35.000000 17758100000035000 0.206920788 0.106557034 0.521567328 0.670682836
700036 36.000000 17758100000036000 0.208579242 0.107087100 0.544624726 0.718437071
700037 37.000000 17758100000037000 0.210130557 0.107422566 0.567423516 0.696401993
700038 38.000000 17758100000038000 0.211573184 0.108600853 0.585626523 0.679632570
700039 39.000000 17758100000039000 0.212905690 0.109078611 0.605968723 0.698869060
700040 40.000000 17758100000040000 0.214126781 0.109776499 0.626566806 0.666779951
700041 41.000000 17758100000041000 0.215235248 0.110231814 0.655313119 0.666565682
700042 42.000000 17758100000042000 0.216229975 0.110705245 0.675575102 0.639970149
700043 43.000000 17758100000043000 0.217110008 0.111685992 0.694428920 0.658840564
700044 44.000000 17758100000044000 0.217874467 0.112190578 0.720882854 0.598629559
700045 45.000000 17758100000045000 0.218522608 0.113241213 0.734659296 0.591172771
700046 46.000000 17758100000046000 0.219053760 0.114086086 0.748145363 0.585996330
700047 47.000000 17758100000047000 0.219467431 0.114949647 0.768557254 0.564398348
700048 48.000000 17758100000048000 0.219763204 0.115500140 0.796678702 0.554336476
700049 49.000000 17758100000049000 0.219940782 0.116030510 0.811189717 0.526318477
700050 50.000000 17758100000050000 0.219999999 0.116912305 0.828942356 0.527785246
700051 51.000000 17758100000051000 0.219940782 0.118163087 0.838311781 0.486768041
700052 52.000000 17758100000052000 0.219763204 0.118804832 0.855685249 0.424960429
700053 53.000000 17758100000053000 0.219467431 0.119472094 0.868663999 0.430534693
700054 54.000000 17758100000054000 0.219053760 0.120404654 0.877799469 0.433940714
700055 55.000000 17758100000055000 0.218522608 0.121461590 0.892680675 0.378499739
700056 56.000000 17758100000056000 0.217874467 0.122375442 0.900473073 0.330800321
700057 57.000000 17758100000057000 0.217110008 0.123083869 0.920314801 0.372086934
700058 58.000000 17758100000058000 0.216229975 0.124249318 0.920979222 0.312009278
700059 59.000000 17758100000059000 0.215235248 0.124984010 0.940231330 0.271494424
700060 60.000000 17758100000060000 0.214126781 0.125671239 0.948563811 0.263211058
700061 61.000000 17758100000061000 0.212905690 0.126838091 0.956158171 0.206819352
700062 62.000000 17758100000062000 0.211573184 0.127865380 0.951501401 0.176965769
700063 63.000000 17758100000063000 0.210130557 0.128936818 0.967852706 0.136385898
700064 64.000000 17758100000064000 0.208579242 0.129727857 0.969580383 0.089581373
700065 65.000000 17758100000065000 0.206920788 0.130905871 0.972160612 0.098899823
700066 66.000000 17758100000066000 0.205156803 0.131856154 0.977928297 0.022286004
700067 67.000000 17758100000067000 0.203289047 0.133107206 0.968660784 0.010112971
700068 68.000000 17758100000068000 0.201319352 0.133537779 0.978773241 -0.035344805
700069 69.000000 17758100000069000 0.199249670 0.134650353 0.976966907 -0.033164294
700070 70.000000 17758100000070000 0.197082043 0.135347384 0.974935280 -0.098340892
700071 71.000000 17758100000071000 0.194818601 0.136682152 0.977605094 -0.108900601
700072 72.000000 17758100000072000 0.192461595 0.137853007 0.963858581 -0.167077800
700073 73.000000 17758100000073000 0.190013334 0.139038718 0.957181109 -0.173074141
700074 74.000000 17758100000074000 0.187476233 0.139574876 0.958350264 -0.214827197
700075 75.000000 17758100000075000 0.184852809 0.140645990 0.950170254 -0.216521681
700076 76.000000 17758100000076000 0.182145655 0.141521305 0.936433825 -0.293270395
700077 77.000000 17758100000077000 0.179357424 0.142460756 0.930679538 -0.334171324
700078 78.000000 17758100000078000 0.176490873 0.143395861 0.912376517 -0.366312769
700079 79.000000 17758100000079000 0.173548847 0.144341509 0.902376029 -0.329576980
700080 80.000000 17758100000080000 0.170534223 0.145239582 0.883786151 -0.377426880
700081 81.000000 17758100000081000 0.167450011 0.146130011 0.876975620 -0.422348566
700082 82.000000 17758100000082000 0.164299220 0.146771132 0.855159634 -0.511906927
700083 83.000000 17758100000083000 0.161084965 0.147806545 0.842917394 -0.494154382
700084 84.000000 17758100000084000 0.157810435 0.148457370 0.833453979 -0.569759872
700085 85.000000 17758100000085000 0.154478863 0.149529297 0.804146277 -0.602845897
700086 86.000000 17758100000086000 0.151093513 0.150106367 0.788454437 -0.573707439
700087 87.000000 17758100000087000 0.147657752 0.150401492 0.759386389 -0.645307978
700088 88.000000 17758100000088000 0.144174948 0.151600701 0.749753887 -0.665511901
700089 89.000000 17758100000089000 0.140648544 0.152461216 0.725305626 -0.692879741
700090 90.000000 17758100000090000 0.137082040 0.153200449 0.705005706 -0.712587312
700091 91.000000 17758100000091000 0.133478940 0.153697918 0.674923913 -0.722137692
700092 92.000000 17758100000092000 0.129842788 0.154317694 0.658844663 -0.768002788
700093 93.000000 17758100000093000 0.126177192 0.154928990 0.628215458 -0.809758792
700094 94.000000 17758100000094000 0.122485757 0.155566206 0.596376790 -0.828832384
700095 95.000000 17758100000095000 0.118772134 0.156312465 0.562697123 -0.844523566
700096 96.000000 17758100000096000 0.115039989 0.156943027 0.535582155 -0.875145226
700097 97.000000 17758100000097000 0.111292996 0.157161990 0.508063419 -0.921641559
700098 98.000000 17758100000098000 0.107534863 0.157773055 0.467405538 -0.901293416
700099 99.000000 17758100000099000 0.103769287 0.158004667 0.445543721 -0.971373163
700100 100.000000 17758100000100000 0.100000001 0.158429922 0.427906102 -0.943171460
700101 101.000000 17758100000101000 0.096230708 0.158654964 0.382771073 -0.997534837
700102 102.000000 17758100000102000 0.092465140 0.159276089 0.353816317 -1.001450076
700103 103.000000 17758100000103000 0.088707000 0.159426253 0.319870616 -1.021444776
700104 104.000000 17758100000104000 0.084960014 0.160059550 0.274448106 -1.074582268
700105 105.000000 17758100000105000 0.081227861 0.160298445 0.240657882 -1.046979283
700106 106.000000 17758100000106000 0.077514239 0.160481988 0.202898568 -1.035678771
700107 107.000000 17758100000107000 0.073822811 0.160628531 0.174893292 -1.098525259
700108 108.000000 17758100000108000 0.070157215 0.160725505 0.134237537 -1.113987274
700109 109.000000 17758100000109000 0.066521071 0.160846004 0.091903292 -1.115624010
700110 110.000000 17758100000110000 0.062917963 0.161023937 0.060654046 -1.138113539
700111 111.000000 17758100000111000 0.059351448 0.160852079 0.022592027 -1.145872145
700112 112.000000 17758100000112000 0.055825055 0.160511940 -0.007546310 -1.133143416
700113 113.000000 17758100000113000 0.052342255 0.160786209 -0.052790681 -1.139766593
700114 114.000000 17758100000114000 0.048906486 0.160515724 -0.088332806 -1.173413749
700115 115.000000 17758100000115000 0.045521140 0.160441142 -0.136153355 -1.166702509
700116 116.000000 17758100000116000 0.042189561 0.160119309 -0.169255785 -1.193222761
700117 117.000000 17758100000117000 0.038915031 0.160270199 -0.203949340 -1.190323708
700118 118.000000 17758100000118000 0.035700783 0.160159620 -0.241211170 -1.179471570
700119 119.000000 17758100000119000 0.032549996 0.159724236 -0.288625759 -1.185734831
700120 120.000000 17758100000120000 0.029465770 0.159013949 -0.336130083 -1.195850764
700121 121.000000 17758100000121000 0.026451154 0.158604670 -0.365953033 -1.157008525
700122 122.000000 17758100000122000 0.023509121 0.158817711 -0.410113506 -1.196014262
700123 123.000000 17758100000123000 0.020642577 0.158275765 -0.435025088 -1.176030719
700124 124.000000 17758100000124000 0.017854348 0.157774654 -0.487027379 -1.185232698
700125 125.000000 17758100000125000 0.015147186 0.156966939 -0.523210790 -1.160667377
700126 126.000000 17758100000126000 0.012523765 0.156534132 -0.554520984 -1.111937728
700127 127.000000 17758100000127000 0.009986672 0.155359213 -0.592057746 -1.131254339
700128 128.000000 17758100000128000 0.007538411 0.155368297 -0.639399000 -1.143224055
700129 129.000000 17758100000129000 0.005181399 0.154968056 -0.676719140 -1.105389427
700130 130.000000 17758100000130000 0.002917961 0.153950202 -0.711554088 -1.143015520
700131 131.000000 17758100000131000 0.000750331 0.153369158 -0.745843004 -1.116839852
700132 132.000000 17758100000132000 -0.001319351 0.152523906 -0.773774272 -1.099195862
700133 133.000000 17758100000133000 -0.003289043 0.151084988 -0.812613617 -1.048913541
700134 134.000000 17758100000134000 -0.005156802 0.150843952 -0.853408560 -1.082463429
700135 135.000000 17758100000135000 -0.006920783 0.149471567 -0.888275335 -1.032203475
700136 136.000000 17758100000136000 -0.008579247 0.148485010 -0.925961504 -1.021717260
700137 137.000000 17758100000137000 -0.010130555 0.148081254 -0.959410182 -0.999052400
700138 138.000000 17758100000138000 -0.011573179 0.146751309 -0.988740925 -0.982671489
700139 139.000000 17758100000139000 -0.012905693 0.145904481 -1.020687095 -0.962198419
700140 140.000000 17758100000140000 -0.014126782 0.145048527 -1.042531632 -0.924450693
700141 141.000000 17758100000141000 -0.015235242 0.143877377 -1.081647365 -0.898164530
700142 142.000000 17758100000142000 -0.016229980 0.142755191 -1.112318105 -0.837681886
700143 143.000000 17758100000143000 -0.017110011 0.141357310 -1.136352403 -0.867157577
700144 144.000000 17758100000144000 -0.017874470 0.140364629 -1.169749395 -0.830159844
700145 145.000000 17758100000145000 -0.018522602 0.138990995 -1.200695548 -0.812799106
700146 146.000000 17758100000146000 -0.019053765 0.138051964 -1.223921097 -0.756207719
700147 147.000000 17758100000147000 -0.019467436 0.136577110 -1.239761451 -0.742725490
700148 148.000000 17758100000148000 -0.019763207 0.135433812 -1.263851173 -0.741606827
700149 149.000000 17758100000149000 -0.019940788 0.134229783 -1.286951834 -0.672963469
700150 150.000000 17758100000150000 -0.020000000 0.132942038 -1.303668867 -0.653978178
700151 151.000000 17758100000151000 -0.019940788 0.131256685 -1.330360100 -0.631562564
700152 152.000000 17758100000152000 -0.019763207 0.129884281 -1.350167247 -0.552346500
700153 153.000000 17758100000153000 -0.019467436 0.128882278 -1.366646195 -0.586137659
700154 154.000000 17758100000154000 -0.019053765 0.127391451 -1.394810424 -0.519727550
700155 155.000000 17758100000155000 -0.018522602 0.125664029 -1.412883119 -0.479912807
700156 156.000000 17758100000156000 -0.017874470 0.124486740 -1.420304986 -0.449980922
700157 157.000000 17758100000157000 -0.017110011 0.123132076 -1.436999612 -0.392102159
700158 158.000000 17758100000158000 -0.016229980 0.121872042 -1.447616220 -0.370345036
700159 159.000000 17758100000159000 -0.015235242 0.120256243 -1.463743183 -0.317844821
700160 160.000000 17758100000160000 -0.014126782 0.118613303 -1.479228145 -0.250897147
700161 161.000000 17758100000161000 -0.012905693 0.117055445 -1.473723710 -0.236952812
700162 162.000000 17758100000162000 -0.011573179 0.115684849 -1.492022381 -0.222046788
700163 163.000000 17758100000163000 -0.010130555 0.114567225 -1.496780596 -0.223353477
700164 164.000000 17758100000164000 -0.008579247 0.113216487 -1.505609300 -0.177077088
700165 165.000000 17758100000165000 -0.006920783 0.111402051 -1.504166373 -0.099961141
700166 166.000000 17758100000166000 -0.005156802 0.109605640 -1.509405895 -0.059916392
700167 167.000000 17758100000167000 -0.003289043 0.108287461 -1.509513652 -0.053247828
700168 168.000000 17758100000168000 -0.001319351 0.106528296 -1.512390668 0.040864898
700169 169.000000 17758100000169000 0.000750331 0.105576609 -1.504395195 0.028948117
700170 170.000000 17758100000170000 0.002917961 0.103547761 -1.501475734 0.087099853
700171 171.000000 17758100000171000 0.005181399 0.102401985 -1.497866941 0.106576859
700172 172.000000 17758100000172000 0.007538411 0.100528451 -1.492287542 0.181842534
700173 173.000000 17758100000173000 0.009986672 0.099137982 -1.497408907 0.199960474
700174 174.000000 17758100000174000 0.012523765 0.097964336 -1.489366627 0.222218366
700175 175.000000 17758100000175000 0.015147186 0.096296586 -1.476162786 0.298293171
700176 176.000000 17758100000176000 0.017854348 0.094822024 -1.454728550 0.329842063
700177 177.000000 17758100000177000 0.020642577 0.093346035 -1.444058664 0.321404882
700178 178.000000 17758100000178000 0.023509121 0.091903795 -1.440840035 0.415399775
700179 179.000000 17758100000179000 0.026451154 0.090742659 -1.423768477 0.427150492
700180 180.000000 17758100000180000 0.029465770 0.089354229 -1.405299274 0.452310089
700181 181.000000 17758100000181000 0.032549996 0.087984199 -1.391941959 0.508145437
700182 182.000000 17758100000182000 0.035700783 0.086340104 -1.369834995 0.562611405
700183 183.000000 17758100000183000 0.038915031 0.084962714 -1.350657658 0.562288964
700184 184.000000 17758100000184000 0.042189561 0.083761272 -1.335363941 0.599624901
700185 185.000000 17758100000185000 0.045521140 0.082245507 -1.312824280 0.638005624
700186 186.000000 17758100000186000 0.048906486 0.081124561 -1.294376976 0.688278921
700187 187.000000 17758100000187000 0.052342255 0.079964411 -1.256844941 0.700714454
700188 188.000000 17758100000188000 0.055825055 0.078882956 -1.245062051 0.750566382
700189 189.000000 17758100000189000 0.059351448 0.077308009 -1.213420920 0.801852521
700190 190.000000 17758100000190000 0.062917963 0.076007486 -1.186349445 0.827505526
700191 191.000000 17758100000191000 0.066521071 0.075332802 -1.155122897 0.843058238
700192 192.000000 17758100000192000 0.070157215 0.073894768 -1.127403413 0.853103822
700193 193.000000 17758100000193000 0.073822811 0.072898182 -1.104618445 0.926510403
700194 194.000000 17758100000194000 0.077514239 0.071922937 -1.074353824 0.943532222
700195 195.000000 17758100000195000 0.081227861 0.070766918 -1.035780202 0.931264804
700196 196.000000 17758100000196000 0.084960014 0.069887109 -1.004204784 1.006967814
700197 197.000000 17758100000197000 0.088707000 0.068793606 -0.972565852 1.002480596
700198 198.000000 17758100000198000 0.092465140 0.067908760 -0.948966468 1.043602600
700199 199.000000 17758100000199000 0.096230708 0.066862335 -0.899796900 1.082854129
700200 200.000000 17758100000200000 0.100000001 0.065752308 -0.863340834 1.083916749
700201 201.000000 17758100000201000 0.103769287 0.064934445 -0.824170724 1.115092887
700202 202.000000 17758100000202000 0.107534863 0.064498610 -0.782216441 1.147549002
700203 203.000000 17758100000203000 0.111292996 0.063567702 -0.756600455 1.122674380
700204 204.000000 17758100000204000 0.115039989 0.062676688 -0.712488216 1.183669087
700205 205.000000 17758100000205000 0.118772134 0.062054789 -0.671450989 1.215036312
700206 206.000000 17758100000206000 0.122485757 0.061849339 -0.631952029 1.201635867
700207 207.000000 17758100000207000 0.126177192 0.060967590 -0.585989028 1.231375325
700208 208.000000 17758100000208000 0.129842788 0.060757833 -0.553627364 1.220492419
700209 209.000000 17758100000209000 0.133478940 0.059797464 -0.510000220 1.231736059
700210 210.000000 17758100000210000 0.137082040 0.059397951 -0.469460913 1.245010515
700211 211.000000 17758100000211000 0.140648544 0.059186375 -0.426311554 1.251723495
700212 212.000000 17758100000212000 0.144174948 0.058575631 -0.379865303 1.281514071
700213 213.000000 17758100000213000 0.147657752 0.058228299 -0.333955024 1.299931092
700214 214.000000 17758100000214000 0.151093513 0.057534526 -0.291440477 1.296936434
700215 215.000000 17758100000215000 0.154478863 0.057977305 -0.256915743 1.330364732
700216 216.000000 17758100000216000 0.157810435 0.057193997 -0.210701320 1.284124692
700217 217.000000 17758100000217000 0.161084965 0.057523047 -0.165118040 1.303077319
700218 218.000000 17758100000218000 0.164299220 0.057376463 -0.124813821 1.331720303
700219 219.000000 17758100000219000 0.167450011 0.057398146 -0.076469372 1.314133077
700220 220.000000 17758100000220000 0.170534223 0.057134853 -0.035293752 1.343827593
700221 221.000000 17758100000221000 0.173548847 0.056773662 -0.001699981 1.308911004
700222 222.000000 17758100000222000 0.176490873 0.057036066 0.051366601 1.315232311
700223 223.000000 17758100000223000 0.179357424 0.057189147 0.087539186 1.320787702
700224 224.000000 17758100000224000 0.182145655 0.057210077 0.128773399 1.308516802
700225 225.000000 17758100000225000 0.184852809 0.057387405 0.177988818 1.337024968
700226 226.000000 17758100000226000 0.187476233 0.057629941 0.220810174 1.286323396
700227 227.000000 17758100000227000 0.190013334 0.058499914 0.266049510 1.287335626
700228 228.000000 17758100000228000 0.192461595 0.058229114 0.307829425 1.253647610
700229 229.000000 17758100000229000 0.194818601 0.058678702 0.348287604 1.266029897
700230 230.000000 17758100000230000 0.197082043 0.058939090 0.387981423 1.238284754
700231 231.000000 17758100000231000 0.199249670 0.059342611 0.438870445 1.258378798
700232 232.000000 17758100000232000 0.201319352 0.060361096 0.469631904 1.206076342
700233 233.000000 17758100000233000 0.203289047 0.060598902 0.517363192 1.195195818
700234 234.000000 17758100000234000 0.205156803 0.061540974 0.549588914 1.171446734
700235 235.000000 17758100000235000 0.206920788 0.061748637 0.591747421 1.169705000
700236 236.000000 17758100000236000 0.208579242 0.062658578 0.629573605 1.145120132
700237 237.000000 17758100000237000 0.210130557 0.062839390 0.659207986 1.129951487
700238 238.000000 17758100000238000 0.211573184 0.064084057 0.706680502 1.107963293
700239 239.000000 17758100000239000 0.212905690 0.064149761 0.741199764 1.101809037
700240 240.000000 17758100000240000 0.214126781 0.065238199 0.780584709 1.077732308
700241 241.000000 17758100000241000 0.215235248 0.065683187 0.814857126 1.053626179
700242 242.000000 17758100000242000 0.216229975 0.067236223 0.860096888 0.976700345
700243 243.000000 17758100000243000 0.217110008 0.067991589 0.884750112 0.971905389
700244 244.000000 17758100000244000 0.217874467 0.069103599 0.919065304 0.941636368
700245 245.000000 17758100000245000 0.218522608 0.069678286 0.939134089 0.930159727
700246 246.000000 17758100000246000 0.219053760 0.070639281 0.970426798 0.898211316
700247 247.000000 17758100000247000 0.219467431 0.071740257 0.999379199 0.868515480
700248 248.000000 17758100000248000 0.219763204 0.072713442 1.023999378 0.821012035
700249 249.000000 17758100000249000 0.219940782 0.073955810 1.060329557 0.795603989
700250 250.000000 17758100000250000 0.219999999 0.074856556 1.077552138 0.771751914
700251 251.000000 17758100000251000 0.219940782 0.075600992 1.103382453 0.735876561
700252 252.000000 17758100000252000 0.219763204 0.076779470 1.136479946 0.716106487
700253 253.000000 17758100000253000 0.219467431 0.077888714 1.160503645 0.670440892
700254 254.000000 17758100000254000 0.219053760 0.079186279 1.164748780 0.624237009
700255 255.000000 17758100000255000 0.218522608 0.080680905 1.197025770 0.571814952
700256 256.000000 17758100000256000 0.217874467 0.081404348 1.216784582 0.567724274
700257 257.000000 17758100000257000 0.217110008 0.083009570 1.236170063 0.525170092
700258 258.000000 17758100000258000 0.216229975 0.084334680 1.251568758 0.466954467
700259 259.000000 17758100000259000 0.215235248 0.085409554 1.253562978 0.469026920
700260 260.000000 17758100000260000 0.214126781 0.086444697 1.269296536 0.429650633
700261 261.000000 17758100000261000 0.212905690 0.087905387 1.294316168 0.374687449
700262 262.000000 17758100000262000 0.211573184 0.089226764 1.301536553 0.355228938
700263 263.000000 17758100000263000 0.210130557 0.090538192 1.313551588 0.305285487
700264 264.000000 17758100000264000 0.208579242 0.092149436 1.310018486 0.266534726
700265 265.000000 17758100000265000 0.206920788 0.093285645 1.329248270 0.212154803
700266 266.000000 17758100000266000 0.205156803 0.094770320 1.326350450 0.179586632
700267 267.000000 17758100000267000 0.203289047 0.096451555 1.342123316 0.118998386
700268 268.000000 17758100000268000 0.201319352 0.097425558 1.343785408 0.082590950
700269 269.000000 17758100000269000 0.199249670 0.098388215 1.346513596 0.043406441
700270 270.000000 17758100000270000 0.197082043 0.100456791 1.341115826 -0.003512477
700271 271.000000 17758100000271000 0.194818601 0.101332702 1.340274733 -0.040387007
700272 272.000000 17758100000272000 0.192461595 0.102615544 1.347140320 -0.088275988
700273 273.000000 17758100000273000 0.190013334 0.104327204 1.340157493 -0.122925200
700274 274.000000 17758100000274000 0.187476233 0.105184814 1.340042293 -0.153585281
700275 275.000000 17758100000275000 0.184852809 0.106645248 1.323313965 -0.214254297
700276 276.000000 17758100000276000 0.182145655 0.108008155 1.327251763 -0.234859209
700277 277.000000 17758100000277000 0.179357424 0.109350116 1.312527527 -0.296108250
700278 278.000000 17758100000278000 0.176490873 0.110873257 1.309040732 -0.319666754
700279 279.000000 17758100000279000 0.173548847 0.112030256 1.300668126 -0.316939357
700280 280.000000 17758100000280000 0.170534223 0.113383464 1.287611967 -0.391405135
700281 281.000000 17758100000281000 0.167450011 0.114429926 1.261500839 -0.421254607
700282 282.000000 17758100000282000 0.164299220 0.116107696 1.251724575 -0.444714958
700283 283.000000 17758100000283000 0.161084965 0.116844488 1.230461537 -0.522513361
700284 284.000000 17758100000284000 0.157810435 0.118339722 1.216222036 -0.514576584
700285 285.000000 17758100000285000 0.154478863 0.119376150 1.202020248 -0.595647288
700286 286.000000 17758100000286000 0.151093513 0.120409551 1.183424664 -0.593593749
700287 287.000000 17758100000287000 0.147657752 0.121496536 1.153232241 -0.639126593
700288 288.000000 17758100000288000 0.144174948 0.123260798 1.145566265 -0.703613506
700289 289.000000 17758100000289000 0.140648544 0.123998536 1.109928425 -0.700113967
700290 290.000000 17758100000290000 0.137082040 0.125204824 1.097901957 -0.757122090
700291 291.000000 17758100000291000 0.133478940 0.125820013 1.052652878 -0.769756423
700292 292.000000 17758100000292000 0.129842788 0.126963295 1.030270976 -0.832691324
700293 293.000000 17758100000293000 0.126177192 0.128386638 0.992570678 -0.806190404
700294 294.000000 17758100000294000 0.122485757 0.129568122 0.985882240 -0.859796783
700295 295.000000 17758100000295000 0.118772134 0.130387275 0.947787717 -0.888165575
700296 296.000000 17758100000296000 0.115039989 0.130941371 0.918639059 -0.916001488
700297 297.000000 17758100000297000 0.111292996 0.131813482 0.885376564 -0.954065013
700298 298.000000 17758100000298000 0.107534863 0.132871030 0.857995522 -0.952694578
700299 299.000000 17758100000299000 0.103769287 0.133472805 0.829975540 -0.970893584
700300 300.000000 17758100000300000 0.100000001 0.134666911 0.792342638 -1.061472685
700301 301.000000 17758100000301000 0.096230708 0.135266677 0.750589724 -1.062323266
700302 302.000000 17758100000302000 0.092465140 0.136161916 0.722673746 -1.070437475
700303 303.000000 17758100000303000 0.088707000 0.136529828 0.686046816 -1.120926244
700304 304.000000 17758100000304000 0.084960014 0.137185376 0.648759574 -1.103830859
700305 305.000000 17758100000305000 0.081227861 0.137600511 0.609029668 -1.113357051
700306 306.000000 17758100000306000 0.077514239 0.138046427 0.568234705 -1.142089962
700307 307.000000 17758100000307000 0.073822811 0.138811788 0.535791001 -1.165979762
700308 308.000000 17758100000308000 0.070157215 0.139198416 0.493355134 -1.143518528
700309 309.000000 17758100000309000 0.066521071 0.139994672 0.451958378 -1.183049285
700310 310.000000 17758100000310000 0.062917963 0.140366871 0.413518983 -1.230136266
700311 311.000000 17758100000311000 0.059351448 0.140913645 0.377104488 -1.235585332
700312 312.000000 17758100000312000 0.055825055 0.140937637 0.347742670 -1.260724556
700313 313.000000 17758100000313000 0.052342255 0.141089383 0.287956037 -1.261612377
700314 314.000000 17758100000314000 0.048906486 0.141294588 0.255544992 -1.275045313
700315 315.000000 17758100000315000 0.045521140 0.141874837 0.209616806 -1.226286215
700316 316.000000 17758100000316000 0.042189561 0.142049953 0.162253707 -1.285069207
700317 317.000000 17758100000317000 0.038915031 0.141698972 0.130062180 -1.272429342
700318 318.000000 17758100000318000 0.035700783 0.142152401 0.085270145 -1.269689339
700319 319.000000 17758100000319000 0.032549996 0.142520696 0.036983538 -1.274970246
700320 320.000000 17758100000320000 0.029465770 0.142488098 0.006445305 -1.284783171
700321 321.000000 17758100000321000 0.026451154 0.142164219 -0.044880017 -1.259583773
700322 322.000000 17758100000322000 0.023509121 0.141983135 -0.082231495 -1.263452980
700323 323.000000 17758100000323000 0.020642577 0.141920467 -0.132963567 -1.242855150
700324 324.000000 17758100000324000 0.017854348 0.141602652 -0.178018285 -1.272402271
700325 325.000000 17758100000325000 0.015147186 0.141476636 -0.215840069 -1.267858815
700326 326.000000 17758100000326000 0.012523765 0.140990327 -0.255264888 -1.236706333
700327 327.000000 17758100000327000 0.009986672 0.141161490 -0.286596718 -1.231807408
700328 328.000000 17758100000328000 0.007538411 0.140693798 -0.343425527 -1.237454667
700329 329.000000 17758100000329000 0.005181399 0.140380764 -0.381820765 -1.207632612
700330 330.000000 17758100000330000 0.002917961 0.139785981 -0.420121699 -1.222914516
700331 331.000000 17758100000331000 0.000750331 0.139617343 -0.450721637 -1.179183109
700332 332.000000 17758100000332000 -0.001319351 0.138823375 -0.491389320 -1.175649069
700333 333.000000 17758100000333000 -0.003289043 0.138456108 -0.542105464 -1.179340428
700334 334.000000 17758100000334000 -0.005156802 0.137912730 -0.571886645 -1.178252754
700335 335.000000 17758100000335000 -0.006920783 0.137210954 -0.619054744 -1.137074035
700336 336.000000 17758100000336000 -0.008579247 0.136336586 -0.649386273 -1.131488713
700337 337.000000 17758100000337000 -0.010130555 0.135850352 -0.689371448 -1.091359890
700338 338.000000 17758100000338000 -0.011573179 0.135313355 -0.728209435 -1.078673731
700339 339.000000 17758100000339000 -0.012905693 0.134268075 -0.753599412 -1.082176025
700340 340.000000 17758100000340000 -0.014126782 0.133592167 -0.784136440 -1.024626315
700341 341.000000 17758100000341000 -0.015235242 0.132764032 -0.829560731 -1.025955681
700342 342.000000 17758100000342000 -0.016229980 0.131724059 -0.857950785 -0.986864959
700343 343.000000 17758100000343000 -0.017110011 0.131153838 -0.890227972 -0.927095288
700344 344.000000 17758100000344000 -0.017874470 0.129836551 -0.917383016 -0.944636561
700345 345.000000 17758100000345000 -0.018522602 0.129244376 -0.955524020 -0.919104952
700346 346.000000 17758100000346000 -0.019053765 0.128458499 -0.991467480 -0.854946771
700347 347.000000 17758100000347000 -0.019467436 0.127383918 -1.009969717 -0.810277491
700348 348.000000 17758100000348000 -0.019763207 0.125835705 -1.034787683 -0.824199619
700349 349.000000 17758100000349000 -0.019940788 0.125044464 -1.067746212 -0.774568818
700350 350.000000 17758100000350000 -0.020000000 0.123650338 -1.086547062 -0.723861808
700351 351.000000 17758100000351000 -0.019940788 0.122870598 -1.113067897 -0.724075206
700352 352.000000 17758100000352000 -0.019763207 0.121781625 -1.134692732 -0.694816207
700353 353.000000 17758100000353000 -0.019467436 0.120182280 -1.164611249 -0.661675916
700354 354.000000 17758100000354000 -0.019053765 0.119667306 -1.179819589 -0.619764518
700355 355.000000 17758100000355000 -0.018522602 0.117863687 -1.198261972 -0.558690912
700356 356.000000 17758100000356000 -0.017874470 0.116862219 -1.224494559 -0.542305487
700357 357.000000 17758100000357000 -0.017110011 0.115255103 -1.236188758 -0.490499675
700358 358.000000 17758100000358000 -0.016229980 0.114317236 -1.242510865 -0.466891355
700359 359.000000 17758100000359000 -0.015235242 0.113368141 -1.262292941 -0.425227394
700360 360.000000 17758100000360000 -0.014126782 0.111846096 -1.277304719 -0.374191056
700361 361.000000 17758100000361000 -0.012905693 0.110631614 -1.290552459 -0.356640655
700362 362.000000 17758100000362000 -0.011573179 0.109143231 -1.294390339 -0.323123617
700363 363.000000 17758100000363000 -0.010130555 0.107679279 -1.307423563 -0.265539953
700364 364.000000 17758100000364000 -0.008579247 0.106376182 -1.318848074 -0.241504944
700365 365.000000 17758100000365000 -0.006920783 0.105207755 -1.333081033 -0.226177824
700366 366.000000 17758100000366000 -0.005156802 0.103860118 -1.329832809 -0.161313522
700367 367.000000 17758100000367000 -0.003289043 0.102675515 -1.338784935 -0.094415807
700368 368.000000 17758100000368000 -0.001319351 0.101208971 -1.339572827 -0.075483839
700369 369.000000 17758100000369000 0.000750331 0.099682983 -1.337537238 -0.010193082
700370 370.000000 17758100000370000 0.002917961 0.098550276 -1.352025965 0.008331250
700371 371.000000 17758100000371000 0.005181399 0.096992983 -1.341232905 0.053304045
700372 372.000000 17758100000372000 0.007538411 0.096140888 -1.333586367 0.107264309
700373 373.000000 17758100000373000 0.009986672 0.094487053 -1.336863989 0.136901870
700374 374.000000 17758100000374000 0.012523765 0.093311175 -1.330646847 0.177171407
700375 375.000000 17758100000375000 0.015147186 0.092045605 -1.319005341 0.168957925
700376 376.000000 17758100000376000 0.017854348 0.090380916 -1.308886158 0.246642293
700377 377.000000 17758100000377000 0.020642577 0.089161282 -1.307771405 0.325150484
700378 378.000000 17758100000378000 0.023509121 0.088160292 -1.291812011 0.287262334
700379 379.000000 17758100000379000 0.026451154 0.087130998 -1.285064817 0.363002084
700380 380.000000 17758100000380000 0.029465770 0.085738591 -1.277879908 0.428001807
700381 381.000000 17758100000381000 0.032549996 0.084173266 -1.262019880 0.460037099
700382 382.000000 17758100000382000 0.035700783 0.083153192 -1.247974677 0.518244392
700383 383.000000 17758100000383000 0.038915031 0.081840292 -1.234896894 0.537176807
700384 384.000000 17758100000384000 0.042189561 0.080355185 -1.211699956 0.532783142
700385 385.000000 17758100000385000 0.045521140 0.079346551 -1.189193461 0.568075917
700386 386.000000 17758100000386000 0.048906486 0.078023297 -1.164261931 0.637120469
700387 387.000000 17758100000387000 0.052342255 0.076762119 -1.149544693 0.638357952
700388 388.000000 17758100000388000 0.055825055 0.076049940 -1.128285883 0.689344005
700389 389.000000 17758100000389000 0.059351448 0.074994630 -1.108113611 0.743322326
700390 390.000000 17758100000390000 0.062917963 0.074030561 -1.087288736 0.725529762
700391 391.000000 17758100000391000 0.066521071 0.072740767 -1.059013539 0.784141492
700392 392.000000 17758100000392000 0.070157215 0.071626409 -1.021181097 0.828659701
700393 393.000000 17758100000393000 0.073822811 0.070529387 -0.997786655 0.846865084
700394 394.000000 17758100000394000 0.077514239 0.069365369 -0.965797469 0.861485061
700395 395.000000 17758100000395000 0.081227861 0.068702454 -0.950042163 0.882329921
700396 396.000000 17758100000396000 0.084960014 0.067625634 -0.912859889 0.958450620
700397 397.000000 17758100000397000 0.088707000 0.067042222 -0.880057674 0.985589828
700398 398.000000 17758100000398000 0.092465140 0.066169242 -0.847984801 1.005449977
700399 399.000000 17758100000399000 0.096230708 0.065437442 -0.814333629 1.039034621
700400 400.000000 17758100000400000 0.100000001 0.064815264 -0.782968141 1.008202706
700401 401.000000 17758100000401000 0.103769287 0.063538979 -0.745243713 1.050477568
700402 402.000000 17758100000402000 0.107534863 0.063088296 -0.712854642 1.090098324
700403 403.000000 17758100000403000 0.111292996 0.062468048 -0.675385082 1.077098833
700404 404.000000 17758100000404000 0.115039989 0.061840869 -0.633607263 1.132324872
700405 405.000000 17758100000405000 0.118772134 0.060693290 -0.604179751 1.141199249
700406 406.000000 17758100000406000 0.122485757 0.060749428 -0.553663607 1.150754871
700407 407.000000 17758100000407000 0.126177192 0.060594167 -0.521200722 1.162832672
700408 408.000000 17758100000408000 0.129842788 0.059720990 -0.492904458 1.205581838
700409 409.000000 17758100000409000 0.133478940 0.058955450 -0.446064530 1.195925077
700410 410.000000 17758100000410000 0.137082040 0.058355423 -0.396489941 1.234121467
700411 411.000000 17758100000411000 0.140648544 0.058304306 -0.371537051 1.266739381
700412 412.000000 17758100000412000 0.144174948 0.058099414 -0.319440685 1.219959016
700413 413.000000 17758100000413000 0.147657752 0.057709798 -0.280331531 1.288183280
700414 414.000000 17758100000414000 0.151093513 0.057586062 -0.227522709 1.249345202
700415 415.000000 17758100000415000 0.154478863 0.057621850 -0.203887908 1.235038234
700416 416.000000 17758100000416000 0.157810435 0.057314715 -0.151769200 1.279177645
700417 417.000000 17758100000417000 0.161084965 0.056888465 -0.117776259 1.258536171
700418 418.000000 17758100000418000 0.164299220 0.057188551 -0.073894455 1.244503680
700419 419.000000 17758100000419000 0.167450011 0.056922569 -0.034835828 1.276692755
700420 420.000000 17758100000420000 0.170534223 0.057089330 0.012315618 1.296495986
700421 421.000000 17758100000421000 0.173548847 0.057037090 0.055656521 1.239335949
700422 422.000000 17758100000422000 0.176490873 0.056958323 0.095984405 1.262511106
700423 423.000000 17758100000423000 0.179357424 0.057524566 0.141204780 1.266436171
700424 424.000000 17758100000424000 0.182145655 0.057181537 0.186158737 1.268182431
700425 425.000000 17758100000425000 0.184852809 0.057730505 0.225200904 1.269687524
700426 426.000000 17758100000426000 0.187476233 0.057754986 0.271487374 1.227738329
700427 427.000000 17758100000427000 0.190013334 0.057736181 0.311277869 1.241560473
700428 428.000000 17758100000428000 0.192461595 0.058546702 0.341978844 1.257156502
700429 429.000000 17758100000429000 0.194818601 0.058783971 0.384226858 1.208049889
700430 430.000000 17758100000430000 0.197082043 0.059703012 0.418975556 1.192036459
700431 431.000000 17758100000431000 0.199249670 0.060080657 0.471139531 1.183471111
700432 432.000000 17758100000432000 0.201319352 0.060177414 0.508865414 1.156015371
700433 433.000000 17758100000433000 0.203289047 0.060998639 0.546455135 1.209286737
700434 434.000000 17758100000434000 0.205156803 0.061759888 0.580673974 1.153374957
700435 435.000000 17758100000435000 0.206920788 0.061991464 0.628959968 1.157235753
700436 436.000000 17758100000436000 0.208579242 0.063068427 0.652615394 1.087545025
700437 437.000000 17758100000437000 0.210130557 0.063587046 0.689150661 1.059085741
700438 438.000000 17758100000438000 0.211573184 0.064123502 0.738061342 1.068732811
700439 439.000000 17758100000439000 0.212905690 0.065075714 0.765647074 1.068179807
700440 440.000000 17758100000440000 0.214126781 0.065913859 0.801420262 1.055525279
700441 441.000000 17758100000441000 0.215235248 0.066982673 0.838104351 0.991249849
700442 442.000000 17758100000442000 0.216229975 0.067656018 0.866766379 0.999268687
700443 443.000000 17758100000443000 0.217110008 0.068197854 0.904770665 0.948445266
700444 444.000000 17758100000444000 0.217874467 0.069028277 0.938738954 0.929268500
700445 445.000000 17758100000445000 0.218522608 0.070032078 0.966662314 0.887573637
700446 446.000000 17758100000446000 0.219053760 0.071410135 0.990833030 0.889233810
700447 447.000000 17758100000447000 0.219467431 0.072466921 1.021490552 0.821149597
700448 448.000000 17758100000448000 0.219763204 0.073388359 1.046221768 0.817034361
700449 449.000000 17758100000449000 0.219940782 0.074446359 1.075794013 0.772167229
700450 450.000000 17758100000450000 0.219999999 0.075396244 1.094841986 0.711792046
700451 451.000000 17758100000451000 0.219940782 0.076834714 1.126857116 0.706684259
700452 452.000000 17758100000452000 0.219763204 0.077880361 1.143290915 0.683955948
700453 453.000000 17758100000453000 0.219467431 0.079223188 1.169145872 0.628298378
700454 454.000000 17758100000454000 0.219053760 0.080440232 1.198514735 0.593530424
700455 455.000000 17758100000455000 0.218522608 0.081316259 1.202142410 0.565814119
700456 456.000000 17758100000456000 0.217874467 0.082653311 1.221696804 0.517410302
700457 457.000000 17758100000457000 0.217110008 0.083896253 1.242060826 0.516473502
700458 458.000000 17758100000458000 0.216229975 0.085145400 1.259010350 0.457210562
700459 459.000000 17758100000459000 0.215235248 0.086441362 1.267096541 0.419573828
700460 460.000000 17758100000460000 0.214126781 0.087894131 1.297218286 0.397440830
700461 461.000000 17758100000461000 0.212905690 0.089040505 1.299045174 0.353030457
700462 462.000000 17758100000462000 0.211573184 0.090645625 1.302884513 0.299535611
700463 463.000000 17758100000463000 0.210130557 0.091495085 1.322851716 0.312200096
700464 464.000000 17758100000464000 0.208579242 0.093033598 1.325689889 0.244931072
700465 465.000000 17758100000465000 0.206920788 0.094426075 1.329893221 0.178427237
700466 466.000000 17758100000466000 0.205156803 0.095608599 1.337922215 0.162406355
700467 467.000000 17758100000467000 0.203289047 0.096900849 1.352632954 0.109973224
700468 468.000000 17758100000468000 0.201319352 0.097860361 1.347858869 0.091730105
700469 469.000000 17758100000469000 0.199249670 0.099725367 1.350622544 0.041100878
700470 470.000000 17758100000470000 0.197082043 0.101269755 1.344533078 -0.014184514
700471 471.000000 17758100000471000 0.194818601 0.102416824 1.352891408 -0.082530236
700472 472.000000 17758100000472000 0.192461595 0.103377253 1.348605129 -0.048802884
700473 473.000000 17758100000473000 0.190013334 0.105465311 1.344795399 -0.141516125
700474 474.000000 17758100000474000 0.187476233 0.106329494 1.343649284 -0.155469336
700475 475.000000 17758100000475000 0.184852809 0.107954353 1.331278291 -0.199332282
700476 476.000000 17758100000476000 0.182145655 0.109288954 1.324065387 -0.258450387
700477 477.000000 17758100000477000 0.179357424 0.110410092 1.309530915 -0.299126741
700478 478.000000 17758100000478000 0.176490873 0.111991407 1.302697138 -0.306902677
700479 479.000000 17758100000479000 0.173548847 0.113090438 1.286873164 -0.326129908
700480 480.000000 17758100000480000 0.170534223 0.114057551 1.280932757 -0.382783256
700481 481.000000 17758100000481000 0.167450011 0.115305122 1.270237011 -0.404461525
700482 482.000000 17758100000482000 0.164299220 0.116798347 1.253658943 -0.455761132
700483 483.000000 17758100000483000 0.161084965 0.117886576 1.233567808 -0.488198503
700484 484.000000 17758100000484000 0.157810435 0.119331821 1.216378662 -0.532031114
700485 485.000000 17758100000485000 0.154478863 0.120384597 1.191794276 -0.548002138
700486 486.000000 17758100000486000 0.151093513 0.121656819 1.187729036 -0.570741313
700487 487.000000 17758100000487000 0.147657752 0.122575672 1.156863074 -0.621817406
700488 488.000000 17758100000488000 0.144174948 0.123755505 1.143706879 -0.703605716
700489 489.000000 17758100000489000 0.140648544 0.124741848 1.109549624 -0.729166775
700490 490.000000 17758100000490000 0.137082040 0.125853527 1.078667370 -0.734781632
700491 491.000000 17758100000491000 0.133478940 0.127286722 1.063261294 -0.762707956
700492 492.000000 17758100000492000 0.129842788 0.128343139 1.042081478 -0.822481826
700493 493.000000 17758100000493000 0.126177192 0.129102038 1.006910368 -0.845651873
700494 494.000000 17758100000494000 0.122485757 0.130487467 0.984254513 -0.872060042
700495 495.000000 17758100000495000 0.118772134 0.131142256 0.947682683 -0.884674876
700496 496.000000 17758100000496000 0.115039989 0.132194199 0.918866072 -0.915885039
700497 497.000000 17758100000497000 0.111292996 0.133235195 0.893222356 -0.938426450
700498 498.000000 17758100000498000 0.107534863 0.133701630 0.843098151 -1.001845724
700499 499.000000 17758100000499000 0.103769287 0.134373784 0.816153105 -0.995816831
700500 500.000000 17758100000500000 0.100000001 0.135155688 0.780781982 -1.035377308
700501 501.000000 17758100000501000 0.096230708 0.136007813 0.745957691 -1.052738389
700502 502.000000 17758100000502000 0.092465140 0.136979438 0.717941962 -1.054839785
700503 503.000000 17758100000503000 0.088707000 0.137665271 0.674958210 -1.093482266
700504 504.000000 17758100000504000 0.084960014 0.138128680 0.646465462 -1.069737759
700505 505.000000 17758100000505000 0.081227861 0.139386430 0.602935638 -1.122533485
700506 506.000000 17758100000506000 0.077514239 0.139213365 0.565269356 -1.134358408
700507 507.000000 17758100000507000 0.073822811 0.139700257 0.525862579 -1.186961327
700508 508.000000 17758100000508000 0.070157215 0.140280414 0.485031855 -1.183247541
700509 509.000000 17758100000509000 0.066521071 0.141022123 0.444619101 -1.217512431
700510 510.000000 17758100000510000 0.062917963 0.140863245 0.407895731 -1.191342754
700511 511.000000 17758100000511000 0.059351448 0.141160920 0.363731800 -1.215555315
700512 512.000000 17758100000512000 0.055825055 0.141510537 0.331033086 -1.230013597
700513 513.000000 17758100000513000 0.052342255 0.142188801 0.289244547 -1.261413841
700514 514.000000 17758100000514000 0.048906486 0.142896171 0.241275759 -1.234911824
700515 515.000000 17758100000515000 0.045521140 0.142566617 0.200740876 -1.288154360
700516 516.000000 17758100000516000 0.042189561 0.142735831 0.156344335 -1.190625413
700517 517.000000 17758100000517000 0.038915031 0.142561646 0.113385699 -1.277002066
700518 518.000000 17758100000518000 0.035700783 0.142735491 0.080629256 -1.286261347
700519 519.000000 17758100000519000 0.032549996 0.143329902 0.032096507 -1.269453338
700520 520.000000 17758100000520000 0.029465770 0.142845070 -0.008760632 -1.279352084
700521 521.000000 17758100000521000 0.026451154 0.142993989 -0.058063080 -1.257156397
700522 522.000000 17758100000522000 0.023509121 0.142504541 -0.091226986 -1.272431278
700523 523.000000 17758100000523000 0.020642577 0.142522867 -0.142196044 -1.265265180
700524 524.000000 17758100000524000 0.017854348 0.142898122 -0.181870802 -1.253825109
700525 525.000000 17758100000525000 0.015147186 0.142399561 -0.216167905 -1.255822614
700526 526.000000 17758100000526000 0.012523765 0.141716488 -0.258724679 -1.259226773
700527 527.000000 17758100000527000 0.009986672 0.141625022 -0.300576728 -1.246536867
700528 528.000000 17758100000528000 0.007538411 0.140833757 -0.353882771 -1.260461872
700529 529.000000 17758100000529000 0.005181399 0.140759769 -0.383347646 -1.179074787
700530 530.000000 17758100000530000 0.002917961 0.140567929 -0.429824581 -1.208458722
700531 531.000000 17758100000531000 0.000750331 0.139868643 -0.464860227 -1.212795914
700532 532.000000 17758100000532000 -0.001319351 0.139635393 -0.501871261 -1.203194034
700533 533.000000 17758100000533000 -0.003289043 0.138953384 -0.554320233 -1.129791269
700534 534.000000 17758100000534000 -0.005156802 0.138506907 -0.581646441 -1.179253384
700535 535.000000 17758100000535000 -0.006920783 0.138026183 -0.623001252 -1.134560295
700536 536.000000 17758100000536000 -0.008579247 0.137110982 -0.659011047 -1.120431408
700537 537.000000 17758100000537000 -0.010130555 0.136375761 -0.691636558 -1.094895392
700538 538.000000 17758100000538000 -0.011573179 0.135781833 -0.731928031 -1.092350010
700539 539.000000 17758100000539000 -0.012905693 0.135132429 -0.753915841 -1.019948007
700540 540.000000 17758100000540000 -0.014126782 0.133785051 -0.803431185 -1.028613918
700541 541.000000 17758100000541000 -0.015235242 0.133466378 -0.839004487 -0.999471457
700542 542.000000 17758100000542000 -0.016229980 0.132637081 -0.877132169 -0.992480566
700543 543.000000 17758100000543000 -0.017110011 0.131089892 -0.899765050 -0.953559910
700544 544.000000 17758100000544000 -0.017874470 0.130496122 -0.935295363 -0.923934111
700545 545.000000 17758100000545000 -0.018522602 0.129888092 -0.958745083 -0.887792192
700546 546.000000 17758100000546000 -0.019053765 0.128653350 -0.995189115 -0.861649279
700547 547.000000 17758100000547000 -0.019467436 0.127598379 -1.014491514 -0.818182509
700548 548.000000 17758100000548000 -0.019763207 0.126684953 -1.054172809 -0.774661292
700549 549.000000 17758100000549000 -0.019940788 0.125531930 -1.058505521 -0.760678493
700550 550.000000 17758100000550000 -0.020000000 0.124023188 -1.099919356 -0.743258908
700551 551.000000 17758100000551000 -0.019940788 0.123178796 -1.130857035 -0.699789236
700552 552.000000 17758100000552000 -0.019763207 0.122129407 -1.145827946 -0.675058434
700553 553.000000 17758100000553000 -0.019467436 0.120951690 -1.163366161 -0.624831940
700554 554.000000 17758100000554000 -0.019053765 0.119853399 -1.193391822 -0.599649596
700555 555.000000 17758100000555000 -0.018522602 0.118441647 -1.209375252 -0.576094768
700556 556.000000 17758100000556000 -0.017874470 0.117219121 -1.226328732 -0.562915989
700557 557.000000 17758100000557000 -0.017110011 0.116196413 -1.238098352 -0.505033864
700558 558.000000 17758100000558000 -0.016229980 0.114819563 -1.271421593 -0.445712983
700559 559.000000 17758100000559000 -0.015235242 0.113839999 -1.270067342 -0.408987208
700560 560.000000 17758100000560000 -0.014126782 0.112255615 -1.296604664 -0.389056160
700561 561.000000 17758100000561000 -0.012905693 0.111047411 -1.301331426 -0.361025791
700562 562.000000 17758100000562000 -0.011573179 0.109679238 -1.306355448 -0.325192943
700563 563.000000 17758100000563000 -0.010130555 0.108327331 -1.319031584 -0.282740289
700564 564.000000 17758100000564000 -0.008579247 0.107126016 -1.329884422 -0.236231447
700565 565.000000 17758100000565000 -0.006920783 0.105896698 -1.335832538 -0.154288490
700566 566.000000 17758100000566000 -0.005156802 0.104042847 -1.336977149 -0.159059699
700567 567.000000 17758100000567000 -0.003289043 0.102861231 -1.342623686 -0.110376172
700568 568.000000 17758100000568000 -0.001319351 0.101880553 -1.346184255 -0.086575027
700569 569.000000 17758100000569000 0.000750331 0.100326741 -1.351145963 -0.031794093
700570 570.000000 17758100000570000 0.002917961 0.098631141 -1.351893951 0.004551062
700571 571.000000 17758100000571000 0.005181399 0.097740065 -1.347024593 0.025313243
700572 572.000000 17758100000572000 0.007538411 0.096468512 -1.352759803 0.107013801
700573 573.000000 17758100000573000 0.009986672 0.094911845 -1.340843392 0.096735883
700574 574.000000 17758100000574000 0.012523765 0.093654471 -1.338678410 0.150506653
700575 575.000000 17758100000575000 0.015147186 0.092393200 -1.332024482 0.165508868
700576 576.000000 17758100000576000 0.017854348 0.091040725 -1.325136526 0.270535839
700577 577.000000 17758100000577000 0.020642577 0.089592031 -1.311684473 0.295502395
700578 578.000000 17758100000578000 0.023509121 0.088203471 -1.298629979 0.336272305
700579 579.000000 17758100000579000 0.026451154 0.087396726 -1.286691834 0.358598885
700580 580.000000 17758100000580000 0.029465770 0.085566371 -1.277943872 0.370439091
700581 581.000000 17758100000581000 0.032549996 0.084253209 -1.274921341 0.429545198
700582 582.000000 17758100000582000 0.035700783 0.083319363 -1.252565204 0.439030154
700583 583.000000 17758100000583000 0.038915031 0.082389132 -1.228526635 0.501424003
700584 584.000000 17758100000584000 0.042189561 0.080897769 -1.209471829 0.564257888
700585 585.000000 17758100000585000 0.045521140 0.079229932 -1.191311940 0.536094888
700586 586.000000 17758100000586000 0.048906486 0.078124165 -1.185351912 0.597336928
700587 587.000000 17758100000587000 0.052342255 0.077527876 -1.169100040 0.663663374
700588 588.000000 17758100000588000 0.055825055 0.075985294 -1.136010367 0.667409964
700589 589.000000 17758100000589000 0.059351448 0.074745422 -1.106613541 0.732838896
700590 590.000000 17758100000590000 0.062917963 0.074230622 -1.085729835 0.738563528
700591 591.000000 17758100000591000 0.066521071 0.072709649 -1.059357202 0.802216219
700592 592.000000 17758100000592000 0.070157215 0.071884262 -1.036546013 0.789107432
700593 593.000000 17758100000593000 0.073822811 0.070857330 -1.003150315 0.871473032
700594 594.000000 17758100000594000 0.077514239 0.069877230 -0.970894309 0.874688555
700595 595.000000 17758100000595000 0.081227861 0.068693023 -0.953716996 0.901335021
700596 596.000000 17758100000596000 0.084960014 0.068290166 -0.911377109 0.945183098
700597 597.000000 17758100000597000 0.088707000 0.067312551 -0.884718582 0.955990673
700598 598.000000 17758100000598000 0.092465140 0.066405119 -0.854536860 0.996949710
700599 599.000000 17758100000599000 0.096230708 0.065812163 -0.819999707 1.038500986
700600 600.000000 17758100000600000 0.100000001 0.065205966 -0.785195310 1.036038327
700601 601.000000 17758100000601000 0.103769287 0.064205834 -0.752881749 1.069687717
700602 602.000000 17758100000602000 0.107534863 0.063144116 -0.712521110 1.064809718
700603 603.000000 17758100000603000 0.111292996 0.062229505 -0.679458804 1.066249731
700604 604.000000 17758100000604000 0.115039989 0.061893787 -0.645692041 1.142103097
700605 605.000000 17758100000605000 0.118772134 0.061679895 -0.605186060 1.140144432
700606 606.000000 17758100000606000 0.122485757 0.060530932 -0.556227964 1.145283316
700607 607.000000 17758100000607000 0.126177192 0.060011051 -0.518042523 1.167901235
700608 608.000000 17758100000608000 0.129842788 0.059830664 -0.487968807 1.179257450
700609 609.000000 17758100000609000 0.133478940 0.059040052 -0.452432876 1.177754937
700610 610.000000 17758100000610000 0.137082040 0.058603986 -0.407655418 1.223435018
700611 611.000000 17758100000611000 0.140648544 0.058880496 -0.359654769 1.241741486
700612 612.000000 17758100000612000 0.144174948 0.058381837 -0.322536785 1.251286048
700613 613.000000 17758100000613000 0.147657752 0.057919986 -0.284846877 1.234630297
700614 614.000000 17758100000614000 0.151093513 0.057842953 -0.251078457 1.218122572
700615 615.000000 17758100000615000 0.154478863 0.057619777 -0.197500592 1.269271980
700616 616.000000 17758100000616000 0.157810435 0.057630855 -0.158991290 1.248195561
700617 617.000000 17758100000617000 0.161084965 0.057486031 -0.123057439 1.249686941
700618 618.000000 17758100000618000 0.164299220 0.057101404 -0.073747503 1.247693989
700619 619.000000 17758100000619000 0.167450011 0.057218045 -0.032895445 1.265475851
700620 620.000000 17758100000620000 0.170534223 0.056740692 0.007447820 1.288720550
700621 621.000000 17758100000621000 0.173548847 0.057203422 0.046497797 1.253006565
700622 622.000000 17758100000622000 0.176490873 0.057490800 0.093503148 1.246247842
700623 623.000000 17758100000623000 0.179357424 0.057555322 0.141828409 1.254420981
700624 624.000000 17758100000624000 0.182145655 0.057569377 0.170893328 1.230324135
700625 625.000000 17758100000625000 0.184852809 0.057900603 0.219590120 1.253162572
700626 626.000000 17758100000626000 0.187476233 0.057893273 0.273817258 1.238250943
700627 627.000000 17758100000627000 0.190013334 0.058330835 0.303617248 1.203330429
700628 628.000000 17758100000628000 0.192461595 0.058779334 0.341993093 1.211065944
700629 629.000000 17758100000629000 0.194818601 0.059015016 0.388382435 1.226896103
700630 630.000000 17758100000630000 0.197082043 0.059192773 0.437026777 1.212921307
700631 631.000000 17758100000631000 0.199249670 0.060246690 0.465996434 1.179992859
700632 632.000000 17758100000632000 0.201319352 0.060452586 0.512796944 1.166349134
700633 633.000000 17758100000633000 0.203289047 0.060886305 0.545361214 1.152250343
700634 634.000000 17758100000634000 0.205156803 0.061629512 0.590823869 1.148168267
700635 635.000000 17758100000635000 0.206920788 0.062144945 0.622306392 1.134960984
700636 636.000000 17758100000636000 0.208579242 0.063025913 0.656293342 1.121602998
700637 637.000000 17758100000637000 0.210130557 0.063733457 0.699722137 1.115881279
700638 638.000000 17758100000638000 0.211573184 0.064279175 0.729156881 1.064925826
700639 639.000000 17758100000639000 0.212905690 0.065105774 0.760754710 1.092785643
700640 640.000000 17758100000640000 0.214126781 0.065985127 0.804369844 0.986059815
700641 641.000000 17758100000641000 0.215235248 0.066749328 0.838200144 0.948802152
700642 642.000000 17758100000642000 0.216229975 0.067961146 0.864949870 0.976867543
700643 643.000000 17758100000643000 0.217110008 0.068188453 0.903060898 0.930367359
700644 644.000000 17758100000644000 0.217874467 0.069258631 0.932994033 0.962217602
700645 645.000000 17758100000645000 0.218522608 0.070337936 0.967458028 0.901802559
700646 646.000000 17758100000646000 0.219053760 0.071305940 0.992273995 0.868350463
700647 647.000000 17758100000647000 0.219467431 0.072941726 1.016687085 0.869516918
700648 648.000000 17758100000648000 0.219763204 0.073375369 1.037134741 0.798691301
700649 649.000000 17758100000649000 0.219940782 0.074841366 1.066575823 0.777765497
700650 650.000000 17758100000650000 0.219999999 0.075167202 1.096704772 0.749370638
700651 651.000000 17758100000651000 0.219940782 0.076330736 1.123909271 0.673155558
700652 652.000000 17758100000652000 0.219763204 0.077672199 1.150501754 0.682723108
700653 653.000000 17758100000653000 0.219467431 0.078952357 1.173152836 0.657230783
700654 654.000000 17758100000654000 0.219053760 0.080016592 1.187592140 0.605164601
700655 655.000000 17758100000655000 0.218522608 0.081647430 1.205394520 0.570500620
700656 656.000000 17758100000656000 0.217874467 0.082819117 1.228649641 0.573790459
700657 657.000000 17758100000657000 0.217110008 0.083495462 1.248284085 0.514899374
700658 658.000000 17758100000658000 0.216229975 0.085356829 1.253396301 0.476989874
700659 659.000000 17758100000659000 0.215235248 0.086421182 1.278962837 0.446618369
700660 660.000000 17758100000660000 0.214126781 0.087772084 1.278680676 0.388195212
700661 661.000000 17758100000661000 0.212905690 0.089052692 1.301402671 0.382164249
700662 662.000000 17758100000662000 0.211573184 0.090248743 1.312978379 0.316308951
700663 663.000000 17758100000663000 0.210130557 0.091636320 1.315551382 0.267433898
700664 664.000000 17758100000664000 0.208579242 0.093075387 1.326132023 0.244495922
700665 665.000000 17758100000665000 0.206920788 0.094106024 1.338350626 0.189494931
700666 666.000000 17758100000666000 0.205156803 0.095834980 1.349763285 0.150461790
700667 667.000000 17758100000667000 0.203289047 0.097194799 1.341622417 0.126647284
700668 668.000000 17758100000668000 0.201319352 0.098183518 1.349219657 0.078082494
700669 669.000000 17758100000669000 0.199249670 0.099621256 1.348725509 0.029313486
700670 670.000000 17758100000670000 0.197082043 0.101012481 1.346556871 -0.002785043
700671 671.000000 17758100000671000 0.194818601 0.102258755 1.351518540 -0.054228114
700672 672.000000 17758100000672000 0.192461595 0.104031042 1.338378627 -0.064510898
700673 673.000000 17758100000673000 0.190013334 0.104514358 1.345919488 -0.121690507
700674 674.000000 17758100000674000 0.187476233 0.105875019 1.333712173 -0.175009967
700675 675.000000 17758100000675000 0.184852809 0.107389249 1.329368873 -0.202323920
700676 676.000000 17758100000676000 0.182145655 0.108868411 1.327211715 -0.267831181
700677 677.000000 17758100000677000 0.179357424 0.109935410 1.314535511 -0.257125516
700678 678.000000 17758100000678000 0.176490873 0.111659115 1.303200703 -0.317615935
700679 679.000000 17758100000679000 0.173548847 0.113209253 1.290305975 -0.400406843
700680 680.000000 17758100000680000 0.170534223 0.114346290 1.285500773 -0.365835036
700681 681.000000 17758100000681000 0.167450011 0.115411876 1.263040227 -0.399358607
700682 682.000000 17758100000682000 0.164299220 0.116888016 1.256060003 -0.461850086
700683 683.000000 17758100000683000 0.161084965 0.117688571 1.234603043 -0.528210970
700684 684.000000 17758100000684000 0.157810435 0.119250955 1.220251884 -0.568443912
700685 685.000000 17758100000685000 0.154478863 0.120233184 1.199987458 -0.556642520
700686 686.000000 17758100000686000 0.151093513 0.121676393 1.176193763 -0.601832004
700687 687.000000 17758100000687000 0.147657752 0.123129448 1.148522533 -0.685105277
700688 688.000000 17758100000688000 0.144174948 0.123965786 1.127594309 -0.690681175
700689 689.000000 17758100000689000 0.140648544 0.124355608 1.112660442 -0.705151198
700690 690.000000 17758100000690000 0.137082040 0.126195518 1.086133419 -0.766445080
700691 691.000000 17758100000691000 0.133478940 0.127094146 1.053607863 -0.784752496
700692 692.000000 17758100000692000 0.129842788 0.127698101 1.031878601 -0.824943745
700693 693.000000 17758100000693000 0.126177192 0.128971928 1.001184622 -0.853288056
700694 694.000000 17758100000694000 0.122485757 0.130001045 0.968798543 -0.852298985
700695 695.000000 17758100000695000 0.118772134 0.131148096 0.950571989 -0.912498410
700696 696.000000 17758100000696000 0.115039989 0.132214450 0.910293598 -0.958056619
700697 697.000000 17758100000697000 0.111292996 0.132881596 0.883403002 -0.943505858
700698 698.000000 17758100000698000 0.107534863 0.133485519 0.850392960 -0.965816338
700699 699.000000 17758100000699000 0.103769287 0.134207228 0.820255376 -0.997916639
700700 700.000000 17758100000700000 0.100000001 0.135045061 0.785897852 -1.006641379
700701 701.000000 17758100000701000 0.096230708 0.136070625 0.740176292 -1.009329725
700702 702.000000 17758100000702000 0.092465140 0.136861325 0.715482700 -1.090953330
700703 703.000000 17758100000703000 0.088707000 0.137167811 0.672506850 -1.080138813
700704 704.000000 17758100000704000 0.084960014 0.138288071 0.633151022 -1.108586113
700705 705.000000 17758100000705000 0.081227861 0.138675000 0.603688446 -1.124591714
700706 706.000000 17758100000706000 0.077514239 0.139133749 0.569772934 -1.167361167
700707 707.000000 17758100000707000 0.073822811 0.139518778 0.536181864 -1.168217735
700708 708.000000 17758100000708000 0.070157215 0.140472472 0.493080601 -1.188097019
700709 709.000000 17758100000709000 0.066521071 0.140823679 0.446087703 -1.178097925
700710 710.000000 17758100000710000 0.062917963 0.141477580 0.410661014 -1.227416059
700711 711.000000 17758100000711000 0.059351448 0.141683012 0.366711103 -1.220132919
700712 712.000000 17758100000712000 0.055825055 0.142254670 0.320358937 -1.226298181
700713 713.000000 17758100000713000 0.052342255 0.141857372 0.284833021 -1.246448185
700714 714.000000 17758100000714000 0.048906486 0.142300690 0.242095534 -1.209858961
700715 715.000000 17758100000715000 0.045521140 0.142353657 0.188168487 -1.279980193
700716 716.000000 17758100000716000 0.042189561 0.142224029 0.148874748 -1.240222993
700717 717.000000 17758100000717000 0.038915031 0.142765889 0.112362983 -1.283923223
700718 718.000000 17758100000718000 0.035700783 0.143041393 0.075277373 -1.220038353
700719 719.000000 17758100000719000 0.032549996 0.143191693 0.035550377 -1.246722298
700720 720.000000 17758100000720000 0.029465770 0.142699654 -0.016652815 -1.253797431
700721 721.000000 17758100000721000 0.026451154 0.142648676 -0.046049880 -1.279487588
700722 722.000000 17758100000722000 0.023509121 0.142768181 -0.089656525 -1.298811250
700723 723.000000 17758100000723000 0.020642577 0.142555843 -0.142944303 -1.283627341
700724 724.000000 17758100000724000 0.017854348 0.142498463 -0.176186654 -1.264964200
700725 725.000000 17758100000725000 0.015147186 0.142175988 -0.221403816 -1.221372575
700726 726.000000 17758100000726000 0.012523765 0.141710110 -0.268139392 -1.222232114
700727 727.000000 17758100000727000 0.009986672 0.141906234 -0.302614510 -1.288740944
700728 728.000000 17758100000728000 0.007538411 0.141541472 -0.351872785 -1.216175625
700729 729.000000 17758100000729000 0.005181399 0.140949412 -0.391703848 -1.188612804
700730 730.000000 17758100000730000 0.002917961 0.140349055 -0.425498933 -1.218733418
700731 731.000000 17758100000731000 0.000750331 0.140163885 -0.459874019 -1.192526784
700732 732.000000 17758100000732000 -0.001319351 0.139047156 -0.505657955 -1.181359891
700733 733.000000 17758100000733000 -0.003289043 0.138857780 -0.546777456 -1.154162653
700734 734.000000 17758100000734000 -0.005156802 0.138724868 -0.587573836 -1.133080921
700735 735.000000 17758100000735000 -0.006920783 0.137587125 -0.621052405 -1.069847902
700736 736.000000 17758100000736000 -0.008579247 0.136950342 -0.663633166 -1.088442907
700737 737.000000 17758100000737000 -0.010130555 0.136352936 -0.690440465 -1.090935982
700738 738.000000 17758100000738000 -0.011573179 0.135788550 -0.737261893 -1.061140363
700739 739.000000 17758100000739000 -0.012905693 0.134747796 -0.766913585 -1.019766535
700740 740.000000 17758100000740000 -0.014126782 0.133986101 -0.799768156 -1.031483515
700741 741.000000 17758100000741000 -0.015235242 0.133370189 -0.835587818 -1.019588225
700742 742.000000 17758100000742000 -0.016229980 0.131972759 -0.858841355 -1.031037601
700743 743.000000 17758100000743000 -0.017110011 0.131737594 -0.901287218 -0.929908834
700744 744.000000 17758100000744000 -0.017874470 0.130538732 -0.945072375 -0.916305946
700745 745.000000 17758100000745000 -0.018522602 0.129522220 -0.962033207 -0.872153592
700746 746.000000 17758100000746000 -0.019053765 0.128582148 -0.990512190 -0.854537667
700747 747.000000 17758100000747000 -0.019467436 0.127557996 -1.025553072 -0.872697159
700748 748.000000 17758100000748000 -0.019763207 0.126705475 -1.054538758 -0.806343913
700749 749.000000 17758100000749000 -0.019940788 0.125609333 -1.076109565 -0.814182239
700750 750.000000 17758100000750000 -0.020000000 0.124536912 -1.093260988 -0.749963625
700751 751.000000 17758100000751000 -0.019940788 0.123543032 -1.121436683 -0.672301197
700752 752.000000 17758100000752000 -0.019763207 0.121874925 -1.144030049 -0.682953128
700753 753.000000 17758100000753000 -0.019467436 0.121001840 -1.161391819 -0.636009529
700754 754.000000 17758100000754000 -0.019053765 0.120149820 -1.185118414 -0.600864659
700755 755.000000 17758100000755000 -0.018522602 0.118613765 -1.207836421 -0.583779304
700756 756.000000 17758100000756000 -0.017874470 0.117450536 -1.223655029 -0.531678899
700757 757.000000 17758100000757000 -0.017110011 0.115977364 -1.247434958 -0.494517536
700758 758.000000 17758100000758000 -0.016229980 0.114861965 -1.257484560 -0.454724792
700759 759.000000 17758100000759000 -0.015235242 0.113584454 -1.280765546 -0.419571687
700760 760.000000 17758100000760000 -0.014126782 0.112101163 -1.285657281 -0.409362945
700761 761.000000 17758100000761000 -0.012905693 0.110923032 -1.293800661 -0.343149614
700762 762.000000 17758100000762000 -0.011573179 0.109520651 -1.298851252 -0.321003117
700763 763.000000 17758100000763000 -0.010130555 0.108579956 -1.326172123 -0.260377130
700764 764.000000 17758100000764000 -0.008579247 0.107083344 -1.333820191 -0.210899568
700765 765.000000 17758100000765000 -0.006920783 0.105518625 -1.337956834 -0.180505898
700766 766.000000 17758100000766000 -0.005156802 0.104003195 -1.334564655 -0.194886054
700767 767.000000 17758100000767000 -0.003289043 0.103244783 -1.333043830 -0.130136873
700768 768.000000 17758100000768000 -0.001319351 0.101529133 -1.350863611 -0.074408672
700769 769.000000 17758100000769000 0.000750331 0.099868521 -1.351224361 -0.040716230
700770 770.000000 17758100000770000 0.002917961 0.098594930 -1.342225048 0.010132334
700771 771.000000 17758100000771000 0.005181399 0.097743767 -1.351196219 0.050749172
700772 772.000000 17758100000772000 0.007538411 0.096672339 -1.349576887 0.057864961
700773 773.000000 17758100000773000 0.009986672 0.094936786 -1.340897585 0.123815641
700774 774.000000 17758100000774000 0.012523765 0.093756618 -1.331685447 0.157865184
700775 775.000000 17758100000775000 0.015147186 0.092189169 -1.323496598 0.198180284
700776 776.000000 17758100000776000 0.017854348 0.091009919 -1.319262862 0.214528527
700777 777.000000 17758100000777000 0.020642577 0.089331714 -1.309226319 0.271566025
700778 778.000000 17758100000778000 0.023509121 0.088003270 -1.291567045 0.295873393
700779 779.000000 17758100000779000 0.026451154 0.087179553 -1.295251888 0.367928124
700780 780.000000 17758100000780000 0.029465770 0.086106586 -1.278424936 0.425115821
700781 781.000000 17758100000781000 0.032549996 0.084585769 -1.267994650 0.445371567
700782 782.000000 17758100000782000 0.035700783 0.083079493 -1.246923150 0.488299359
700783 783.000000 17758100000783000 0.038915031 0.082179094 -1.231097394 0.488800288
700784 784.000000 17758100000784000 0.042189561 0.080828056 -1.206414218 0.520129763
700785 785.000000 17758100000785000 0.045521140 0.079272934 -1.203202069 0.561429568
700786 786.000000 17758100000786000 0.048906486 0.078782169 -1.182848580 0.631514235
700787 787.000000 17758100000787000 0.052342255 0.076933839 -1.168918308 0.659118695
700788 788.000000 17758100000788000 0.055825055 0.076065507 -1.132771367 0.672571031
700789 789.000000 17758100000789000 0.059351448 0.075196371 -1.115954232 0.698068482
700790 790.000000 17758100000790000 0.062917963 0.073894157 -1.072801933 0.742253714
700791 791.000000 17758100000791000 0.066521071 0.072941321 -1.065141232 0.779756274
700792 792.000000 17758100000792000 0.070157215 0.072167932 -1.036854704 0.805457152
700793 793.000000 17758100000793000 0.073822811 0.070885815 -1.012154232 0.851608189
700794 794.000000 17758100000794000 0.077514239 0.069914496 -0.979444884 0.869303627
700795 795.000000 17758100000795000 0.081227861 0.068745241 -0.941417716 0.919755975
700796 796.000000 17758100000796000 0.084960014 0.068104453 -0.910247030 0.978586213
700797 797.000000 17758100000797000 0.088707000 0.066898404 -0.885672961 0.985326441
700798 798.000000 17758100000798000 0.092465140 0.066555447 -0.842942101 0.951813522
700799 799.000000 17758100000799000 0.096230708 0.065478817 -0.828676404 1.026123035
700800 800.000000 17758100000800000 0.100000001 0.064535380 -0.785018756 1.035976265
700801 801.000000 17758100000801000 0.103769287 0.063550807 -0.743684649 1.047892720
700802 802.000000 17758100000802000 0.107534863 0.063419331 -0.713791933 1.081528771
700803 803.000000 17758100000803000 0.111292996 0.062481583 -0.676427646 1.125297135
700804 804.000000 17758100000804000 0.115039989 0.061702394 -0.634064935 1.099947702
700805 805.000000 17758100000805000 0.118772134 0.061253224 -0.605117260 1.123171573
700806 806.000000 17758100000806000 0.122485757 0.060823111 -0.575154748 1.150043409
700807 807.000000 17758100000807000 0.126177192 0.060437056 -0.525872670 1.213634181
700808 808.000000 17758100000808000 0.129842788 0.060258427 -0.479391327 1.218539853
700809 809.000000 17758100000809000 0.133478940 0.059439512 -0.446791751 1.219929309
700810 810.000000 17758100000810000 0.137082040 0.058646619 -0.407371366 1.167439965
700811 811.000000 17758100000811000 0.140648544 0.058352724 -0.368237495 1.227328792
700812 812.000000 17758100000812000 0.144174948 0.058101821 -0.336010745 1.219484522
700813 813.000000 17758100000813000 0.147657752 0.057689158 -0.286113916 1.274771024
700814 814.000000 17758100000814000 0.151093513 0.057716322 -0.243661906 1.252432225
700815 815.000000 17758100000815000 0.154478863 0.057084261 -0.191290157 1.271432249
700816 816.000000 17758100000816000 0.157810435 0.057049763 -0.160498087 1.246773974
700817 817.000000 17758100000817000 0.161084965 0.057181146 -0.110122891 1.268814024
700818 818.000000 17758100000818000 0.164299220 0.057337430 -0.071070720 1.316374888
700819 819.000000 17758100000819000 0.167450011 0.057089855 -0.029241672 1.260644546
700820 820.000000 17758100000820000 0.170534223 0.057030559 0.011868109 1.272166804
700821 821.000000 17758100000821000 0.173548847 0.056921948 0.052185548 1.263892161
700822 822.000000 17758100000822000 0.176490873 0.057114108 0.091987042 1.298310241
700823 823.000000 17758100000823000 0.179357424 0.056880082 0.130062376 1.260504583
700824 824.000000 17758100000824000 0.182145655 0.057749791 0.182812614 1.231088381
700825 825.000000 17758100000825000 0.184852809 0.057774080 0.221532358 1.250527243
700826 826.000000 17758100000826000 0.187476233 0.058037425 0.267109180 1.276168147
700827 827.000000 17758100000827000 0.190013334 0.058381991 0.313557905 1.238515192
700828 828.000000 17758100000828000 0.192461595 0.058890613 0.351846760 1.226756076
700829 829.000000 17758100000829000 0.194818601 0.059220985 0.387570183 1.220158627
700830 830.000000 17758100000830000 0.197082043 0.059413463 0.426447760 1.244254785
700831 831.000000 17758100000831000 0.199249670 0.060113983 0.464350195 1.196023709
700832 832.000000 17758100000832000 0.201319352 0.060217697 0.503517670 1.182942043
700833 833.000000 17758100000833000 0.203289047 0.060834182 0.538094694 1.189635078
700834 834.000000 17758100000834000 0.205156803 0.061312462 0.588324434 1.156035118
700835 835.000000 17758100000835000 0.206920788 0.062289126 0.618286532 1.119188500
700836 836.000000 17758100000836000 0.208579242 0.062778436 0.663328989 1.125252979
700837 837.000000 17758100000837000 0.210130557 0.063789068 0.699115067 1.079086733
700838 838.000000 17758100000838000 0.211573184 0.064314887 0.738224605 1.042952657
700839 839.000000 17758100000839000 0.212905690 0.064871452 0.763957056 0.984143954
700840 840.000000 17758100000840000 0.214126781 0.065986333 0.800912246 1.022341353
700841 841.000000 17758100000841000 0.215235248 0.067167106 0.827866154 0.990519034
700842 842.000000 17758100000842000 0.216229975 0.067779532 0.870428186 0.983323960
700843 843.000000 17758100000843000 0.217110008 0.068383240 0.907708742 0.947243854
700844 844.000000 17758100000844000 0.217874467 0.069494108 0.945126874 0.922697080
700845 845.000000 17758100000845000 0.218522608 0.070541981 0.965622895 0.917161541
700846 846.000000 17758100000846000 0.219053760 0.071124630 0.989240881 0.866577003
700847 847.000000 17758100000847000 0.219467431 0.072287398 1.015243684 0.860437558
700848 848.000000 17758100000848000 0.219763204 0.073595294 1.037274837 0.837217042
700849 849.000000 17758100000849000 0.219940782 0.074584443 1.076908267 0.735883865
700850 850.000000 17758100000850000 0.219999999 0.075618059 1.094922505 0.744618891
700851 851.000000 17758100000851000 0.219940782 0.076845818 1.120414886 0.713717409
700852 852.000000 17758100000852000 0.219763204 0.077811588 1.145883774 0.680337492
700853 853.000000 17758100000853000 0.219467431 0.079070124 1.166502366 0.638097870
700854 854.000000 17758100000854000 0.219053760 0.080140839 1.193582384 0.632358392
700855 855.000000 17758100000855000 0.218522608 0.081625718 1.211001754 0.586613713
700856 856.000000 17758100000856000 0.217874467 0.082772034 1.227733132 0.557276709
700857 857.000000 17758100000857000 0.217110008 0.083898066 1.243331229 0.534542490
700858 858.000000 17758100000858000 0.216229975 0.084994355 1.259603300 0.470167612
700859 859.000000 17758100000859000 0.215235248 0.086103150 1.273409214 0.428253371
700860 860.000000 17758100000860000 0.214126781 0.087958114 1.287657859 0.326291059
700861 861.000000 17758100000861000 0.212905690 0.088914366 1.297710049 0.348294066
700862 862.000000 17758100000862000 0.211573184 0.090249163 1.311514046 0.316647956
700863 863.000000 17758100000863000 0.210130557 0.091737673 1.326720620 0.280241486
700864 864.000000 17758100000864000 0.208579242 0.093173286 1.329237280 0.223740676
700865 865.000000 17758100000865000 0.206920788 0.094201920 1.320556121 0.231692384
700866 866.000000 17758100000866000 0.205156803 0.095431790 1.339609406 0.174868791
700867 867.000000 17758100000867000 0.203289047 0.097192933 1.345700600 0.076242378
700868 868.000000 17758100000868000 0.201319352 0.098169262 1.350741860 0.089889975
700869 869.000000 17758100000869000 0.199249670 0.099859703 1.339680397 0.035846855
700870 870.000000 17758100000870000 0.197082043 0.100801602 1.349097872 -0.026938781
700871 871.000000 17758100000871000 0.194818601 0.102386077 1.344748279 -0.051100055
700872 872.000000 17758100000872000 0.192461595 0.103616335 1.347805550 -0.061992840
700873 873.000000 17758100000873000 0.190013334 0.104837308 1.345854413 -0.102709489
700874 874.000000 17758100000874000 0.187476233 0.106444630 1.339422286 -0.199384356
700875 875.000000 17758100000875000 0.184852809 0.107808000 1.327314455 -0.184591075
700876 876.000000 17758100000876000 0.182145655 0.109233660 1.321189475 -0.260991400
700877 877.000000 17758100000877000 0.179357424 0.109887289 1.317606827 -0.296317699
700878 878.000000 17758100000878000 0.176490873 0.111566420 1.305949146 -0.320898924
700879 879.000000 17758100000879000 0.173548847 0.112865366 1.293055181 -0.363221931
700880 880.000000 17758100000880000 0.170534223 0.114241006 1.279419107 -0.413343407
700881 881.000000 17758100000881000 0.167450011 0.115562755 1.262637716 -0.432130414
700882 882.000000 17758100000882000 0.164299220 0.116593152 1.254944353 -0.481481162
700883 883.000000 17758100000883000 0.161084965 0.118159995 1.232417437 -0.527129457
700884 884.000000 17758100000884000 0.157810435 0.118793781 1.225251052 -0.522277254
700885 885.000000 17758100000885000 0.154478863 0.120317144 1.197067736 -0.567638227
700886 886.000000 17758100000886000 0.151093513 0.121620222 1.174376312 -0.630605251
700887 887.000000 17758100000887000 0.147657752 0.122594576 1.154413814 -0.620284632
700888 888.000000 17758100000888000 0.144174948 0.124061417 1.130939885 -0.681826169
700889 889.000000 17758100000889000 0.140648544 0.124929021 1.116516223 -0.747066490
700890 890.000000 17758100000890000 0.137082040 0.126074026 1.087988819 -0.753431263
700891 891.000000 17758100000891000 0.133478940 0.127112673 1.046150468 -0.803988018
700892 892.000000 17758100000892000 0.129842788 0.128334174 1.037163683 -0.811235555
700893 893.000000 17758100000893000 0.126177192 0.128776665 1.003757891 -0.874942161
700894 894.000000 17758100000894000 0.122485757 0.130059922 0.977260090 -0.877661576
700895 895.000000 17758100000895000 0.118772134 0.130846638 0.943403064 -0.917793424
700896 896.000000 17758100000896000 0.115039989 0.132118757 0.921752330 -0.944021022
700897 897.000000 17758100000897000 0.111292996 0.132541066 0.884205463 -0.983400092
700898 898.000000 17758100000898000 0.107534863 0.133587804 0.853626292 -0.967751202
700899 899.000000 17758100000899000 0.103769287 0.134571538 0.818071616 -1.025575682
700900 900.000000 17758100000900000 0.100000001 0.135848676 0.784133737 -1.045764203
700901 901.000000 17758100000901000 0.096230708 0.135921315 0.750077542 -1.066009803
700902 902.000000 17758100000902000 0.092465140 0.136387829 0.713814390 -1.097819779
700903 903.000000 17758100000903000 0.088707000 0.137900992 0.676324932 -1.107504451
700904 904.000000 17758100000904000 0.084960014 0.138237718 0.642084714 -1.124383436
700905 905.000000 17758100000905000 0.081227861 0.138697532 0.609079237 -1.133806613
700906 906.000000 17758100000906000 0.077514239 0.139162342 0.561397185 -1.142878617
700907 907.000000 17758100000907000 0.073822811 0.139836040 0.531662988 -1.155579106
700908 908.000000 17758100000908000 0.070157215 0.140005093 0.483675060 -1.182563115
700909 909.000000 17758100000909000 0.066521071 0.140683334 0.449475434 -1.185776845
700910 910.000000 17758100000910000 0.062917963 0.141280099 0.408967555 -1.213934777
700911 911.000000 17758100000911000 0.059351448 0.141447918 0.358814551 -1.190018362
700912 912.000000 17758100000912000 0.055825055 0.141818102 0.319595219 -1.249858615
700913 913.000000 17758100000913000 0.052342255 0.142053958 0.280983954 -1.236031464
700914 914.000000 17758100000914000 0.048906486 0.142496153 0.238917048 -1.241704599
700915 915.000000 17758100000915000 0.045521140 0.142536578 0.202060154 -1.254125411
700916 916.000000 17758100000916000 0.042189561 0.142243799 0.160031846 -1.256978885
700917 917.000000 17758100000917000 0.038915031 0.142799740 0.113276324 -1.220876808
700918 918.000000 17758100000918000 0.035700783 0.142996391 0.077138233 -1.266616186
700919 919.000000 17758100000919000 0.032549996 0.142762438 0.039547383 -1.272930483
700920 920.000000 17758100000920000 0.029465770 0.142964840 -0.010797484 -1.252148796
700921 921.000000 17758100000921000 0.026451154 0.142596814 -0.052530744 -1.291088026
700922 922.000000 17758100000922000 0.023509121 0.142786615 -0.090292090 -1.255607742
700923 923.000000 17758100000923000 0.020642577 0.142431448 -0.139466772 -1.301512306
700924 924.000000 17758100000924000 0.017854348 0.142053850 -0.178665267 -1.240883388
700925 925.000000 17758100000925000 0.015147186 0.142580071 -0.222429978 -1.253961706
700926 926.000000 17758100000926000 0.012523765 0.142095709 -0.263061828 -1.254232039
700927 927.000000 17758100000927000 0.009986672 0.141703867 -0.288916962 -1.256338026
700928 928.000000 17758100000928000 0.007538411 0.141005233 -0.348149974 -1.254402881
700929 929.000000 17758100000929000 0.005181399 0.141002537 -0.380554655 -1.178367530
700930 930.000000 17758100000930000 0.002917961 0.140664308 -0.429538196 -1.217440898
700931 931.000000 17758100000931000 0.000750331 0.139835357 -0.460045340 -1.232052636
700932 932.000000 17758100000932000 -0.001319351 0.140035019 -0.502917092 -1.142768133
700933 933.000000 17758100000933000 -0.003289043 0.138911154 -0.544027368 -1.177282643
700934 934.000000 17758100000934000 -0.005156802 0.138524263 -0.574350835 -1.166924017
700935 935.000000 17758100000935000 -0.006920783 0.137793681 -0.624147670 -1.118750266
700936 936.000000 17758100000936000 -0.008579247 0.136933856 -0.659241648 -1.139819343
700937 937.000000 17758100000937000 -0.010130555 0.136462021 -0.686922593 -1.090767558
700938 938.000000 17758100000938000 -0.011573179 0.135768982 -0.726937254 -1.056330712
700939 939.000000 17758100000939000 -0.012905693 0.134767978 -0.754856716 -1.060132144
700940 940.000000 17758100000940000 -0.014126782 0.134412636 -0.800691822 -1.004910719
700941 941.000000 17758100000941000 -0.015235242 0.133253600 -0.832055737 -0.995635941
700942 942.000000 17758100000942000 -0.016229980 0.132263782 -0.864412858 -0.977419198
700943 943.000000 17758100000943000 -0.017110011 0.131779237 -0.903539815 -0.947545441
700944 944.000000 17758100000944000 -0.017874470 0.130385813 -0.938521362 -0.869104222
700945 945.000000 17758100000945000 -0.018522602 0.129735230 -0.964766031 -0.903083256
700946 946.000000 17758100000946000 -0.019053765 0.128260988 -0.992468711 -0.860439621
700947 947.000000 17758100000947000 -0.019467436 0.127719237 -1.024503374 -0.809392717
700948 948.000000 17758100000948000 -0.019763207 0.126647267 -1.046289031 -0.817014161
700949 949.000000 17758100000949000 -0.019940788 0.125538859 -1.081585316 -0.740205068
700950 950.000000 17758100000950000 -0.020000000 0.124224024 -1.104027713 -0.737429405
700951 951.000000 17758100000951000 -0.019940788 0.122934772 -1.124544976 -0.714900409
700952 952.000000 17758100000952000 -0.019763207 0.122117730 -1.143980510 -0.717982940
700953 953.000000 17758100000953000 -0.019467436 0.120667646 -1.157898119 -0.650033242
700954 954.000000 17758100000954000 -0.019053765 0.119489893 -1.185646022 -0.613672372
700955 955.000000 17758100000955000 -0.018522602 0.118288431 -1.203403966 -0.569809784
700956 956.000000 17758100000956000 -0.017874470 0.117283497 -1.226986786 -0.521287971
700957 957.000000 17758100000957000 -0.017110011 0.116010458 -1.243682246 -0.499993441
700958 958.000000 17758100000958000 -0.016229980 0.114918012 -1.255247234 -0.491983690
700959 959.000000 17758100000959000 -0.015235242 0.113781145 -1.281809243 -0.443960118
700960 960.000000 17758100000960000 -0.014126782 0.112398990 -1.280594548 -0.364083226
700961 961.000000 17758100000961000 -0.012905693 0.111027226 -1.289762025 -0.369283538
700962 962.000000 17758100000962000 -0.011573179 0.109704217 -1.312881851 -0.293597121
700963 963.000000 17758100000963000 -0.010130555 0.108520330 -1.316954086 -0.318610323
700964 964.000000 17758100000964000 -0.008579247 0.107333944 -1.325699812 -0.203334875
700965 965.000000 17758100000965000 -0.006920783 0.105455694 -1.335715189 -0.223300664
700966 966.000000 17758100000966000 -0.005156802 0.104457469 -1.337243717 -0.134164974
700967 967.000000 17758100000967000 -0.003289043 0.103316272 -1.341558154 -0.106796923
700968 968.000000 17758100000968000 -0.001319351 0.101876421 -1.342155211 -0.078252756
700969 969.000000 17758100000969000 0.000750331 0.100621580 -1.347827290 -0.025260337
700970 970.000000 17758100000970000 0.002917961 0.099192843 -1.345868213 0.024263255
700971 971.000000 17758100000971000 0.005181399 0.097551515 -1.344318880 0.041350127
700972 972.000000 17758100000972000 0.007538411 0.096068052 -1.351441886 0.079824007
700973 973.000000 17758100000973000 0.009986672 0.094825118 -1.347200626 0.142343780
700974 974.000000 17758100000974000 0.012523765 0.093842219 -1.336871413 0.160650732
700975 975.000000 17758100000975000 0.015147186 0.092597454 -1.328534836 0.167432114
700976 976.000000 17758100000976000 0.017854348 0.090897505 -1.326102747 0.262997718
700977 977.000000 17758100000977000 0.020642577 0.089782139 -1.310215235 0.260842119
700978 978.000000 17758100000978000 0.023509121 0.088748649 -1.302857948 0.317426125
700979 979.000000 17758100000979000 0.026451154 0.086517017 -1.295878076 0.349203465
700980 980.000000 17758100000980000 0.029465770 0.085518255 -1.282108121 0.402158777
700981 981.000000 17758100000981000 0.032549996 0.084395325 -1.265818797 0.451100668
700982 982.000000 17758100000982000 0.035700783 0.083484351 -1.253811748 0.480880906
700983 983.000000 17758100000983000 0.038915031 0.081918283 -1.230569040 0.532177528
700984 984.000000 17758100000984000 0.042189561 0.080830554 -1.220108831 0.544881750
700985 985.000000 17758100000985000 0.045521140 0.079652340 -1.195640613 0.592738136
700986 986.000000 17758100000986000 0.048906486 0.078198568 -1.183010979 0.590780431
700987 987.000000 17758100000987000 0.052342255 0.077356070 -1.153981450 0.653426135
700988 988.000000 17758100000988000 0.055825055 0.076331405 -1.129414821 0.671544465
700989 989.000000 17758100000989000 0.059351448 0.074888864 -1.116384182 0.706451540
700990 990.000000 17758100000990000 0.062917963 0.073970153 -1.083282530 0.732815285
700991 991.000000 17758100000991000 0.066521071 0.072667207 -1.058443923 0.754312138
700992 992.000000 17758100000992000 0.070157215 0.072077165 -1.027169159 0.816189086
700993 993.000000 17758100000993000 0.073822811 0.070764003 -1.005099126 0.844968204
700994 994.000000 17758100000994000 0.077514239 0.069923846 -0.974803545 0.898193762
700995 995.000000 17758100000995000 0.081227861 0.068687935 -0.940924364 0.949184931
700996 996.000000 17758100000996000 0.084960014 0.068096322 -0.906151288 0.927519250
700997 997.000000 17758100000997000 0.088707000 0.066902299 -0.882643690 0.965158723
700998 998.000000 17758100000998000 0.092465140 0.066136720 -0.855502581 0.961336194
700999 999.000000 17758100000999000 0.096230708 0.065540456 -0.819104958 1.031692070
701000 1000.000000 17758100001000000 0.100000001 0.064572146 -0.785439184 1.034077622
701001 1001.000000 17758100001001000 0.103769287 0.064005652 -0.757350953 1.047878233
701002 1002.000000 17758100001002000 0.107534863 0.063038042 -0.715175693 1.068768790
701003 1003.000000 17758100001003000 0.111292996 0.062659894 -0.685441019 1.058425151
701004 1004.000000 17758100001004000 0.115039989 0.062142271 -0.634445886 1.117392360
701005 1005.000000 17758100001005000 0.118772134 0.061270127 -0.602812217 1.138497496
701006 1006.000000 17758100001006000 0.122485757 0.061026060 -0.572258264 1.188578582
701007 1007.000000 17758100001007000 0.126177192 0.060019259 -0.519116257 1.165285946
701008 1008.000000 17758100001008000 0.129842788 0.059935040 -0.478908222 1.174092175
701009 1009.000000 17758100001009000 0.133478940 0.058908247 -0.448940217 1.200028621
701010 1010.000000 17758100001010000 0.137082040 0.059254281 -0.416691609 1.246714119
701011 1011.000000 17758100001011000 0.140648544 0.058589706 -0.361727652 1.223282626
701012 1012.000000 17758100001012000 0.144174948 0.058203418 -0.336898043 1.261957901
701013 1013.000000 17758100001013000 0.147657752 0.058261560 -0.291283836 1.281778245
701014 1014.000000 17758100001014000 0.151093513 0.057732325 -0.241153585 1.228351592
701015 1015.000000 17758100001015000 0.154478863 0.057536063 -0.198464299 1.228941435
701016 1016.000000 17758100001016000 0.157810435 0.057070581 -0.157226771 1.259325451
701017 1017.000000 17758100001017000 0.161084965 0.057083747 -0.115417796 1.275092003
701018 1018.000000 17758100001018000 0.164299220 0.057125619 -0.073813321 1.262122345
701019 1019.000000 17758100001019000 0.167450011 0.057374672 -0.037343789 1.233340127
701020 1020.000000 17758100001020000 0.170534223 0.057085897 0.010963451 1.285743633
701021 1021.000000 17758100001021000 0.173548847 0.056952878 0.035613866 1.221303700
701022 1022.000000 17758100001022000 0.176490873 0.057079767 0.088512013 1.281333141
701023 1023.000000 17758100001023000 0.179357424 0.057118338 0.134423854 1.266320358
701024 1024.000000 17758100001024000 0.182145655 0.057559824 0.182486983 1.233850127
701025 1025.000000 17758100001025000 0.184852809 0.057500274 0.219262552 1.235755514
701026 1026.000000 17758100001026000 0.187476233 0.058190880 0.260867302 1.259436219
701027 1027.000000 17758100001027000 0.190013334 0.058192793 0.313904523 1.266608218
701028 1028.000000 17758100001028000 0.192461595 0.058199880 0.341467589 1.219290283
701029 1029.000000 17758100001029000 0.194818601 0.059270693 0.382317164 1.226377925
701030 1030.000000 17758100001030000 0.197082043 0.059838449 0.429294490 1.220807496
701031 1031.000000 17758100001031000 0.199249670 0.060174214 0.468258991 1.202979419
701032 1032.000000 17758100001032000 0.201319352 0.060307747 0.495286153 1.166356282
701033 1033.000000 17758100001033000 0.203289047 0.061161038 0.541539749 1.134736741
701034 1034.000000 17758100001034000 0.205156803 0.061826343 0.579137843 1.149437076
701035 1035.000000 17758100001035000 0.206920788 0.062354049 0.618422449 1.156266270
701036 1036.000000 17758100001036000 0.208579242 0.062810393 0.661665720 1.098779264
701037 1037.000000 17758100001037000 0.210130557 0.063640748 0.698957320 1.083787514
701038 1038.000000 17758100001038000 0.211573184 0.064338481 0.732684020 1.011113182
701039 1039.000000 17758100001039000 0.212905690 0.064970678 0.766107800 1.066845471
701040 1040.000000 17758100001040000 0.214126781 0.066070960 0.801621569 1.032145997
701041 1041.000000 17758100001041000 0.215235248 0.066830196 0.824563265 1.012802890
701042 1042.000000 17758100001042000 0.216229975 0.067552551 0.870203624 0.989856036
701043 1043.000000 17758100001043000 0.217110008 0.068736118 0.904330627 0.902654324
701044 1044.000000 17758100001044000 0.217874467 0.069352413 0.930312312 0.918254021
701045 1045.000000 17758100001045000 0.218522608 0.070533984 0.952643917 0.896424348
701046 1046.000000 17758100001046000 0.219053760 0.071307753 0.992766620 0.837010680
701047 1047.000000 17758100001047000 0.219467431 0.072206075 1.012711603 0.823433733
701048 1048.000000 17758100001048000 0.219763204 0.073419008 1.053492003 0.822548508
701049 1049.000000 17758100001049000 0.219940782 0.074240062 1.071876698 0.771557559
701050 1050.000000 17758100001050000 0.219999999 0.075214676 1.094319113 0.733832985
701051 1051.000000 17758100001051000 0.219940782 0.076641679 1.125567422 0.691365794
701052 1052.000000 17758100001052000 0.219763204 0.077679853 1.142242786 0.721132716
701053 1053.000000 17758100001053000 0.219467431 0.078819360 1.165974930 0.628622415
701054 1054.000000 17758100001054000 0.219053760 0.079684044 1.183160977 0.607241759
701055 1055.000000 17758100001055000 0.218522608 0.081176552 1.217221589 0.542824397
701056 1056.000000 17758100001056000 0.217874467 0.082432199 1.228152682 0.530317989
701057 1057.000000 17758100001057000 0.217110008 0.084025335 1.244232856 0.496422017
701058 1058.000000 17758100001058000 0.216229975 0.085186099 1.257893788 0.447327718
701059 1059.000000 17758100001059000 0.215235248 0.086391437 1.268032147 0.427309219
701060 1060.000000 17758100001060000 0.214126781 0.087726556 1.287730992 0.363873212
701061 1061.000000 17758100001061000 0.212905690 0.089026327 1.299166992 0.380943038
701062 1062.000000 17758100001062000 0.211573184 0.090069711 1.306194577 0.311286213
701063 1063.000000 17758100001063000 0.210130557 0.091576965 1.314500914 0.312458813
701064 1064.000000 17758100001064000 0.208579242 0.093240245 1.324561865 0.287115726
701065 1065.000000 17758100001065000 0.206920788 0.094286920 1.326859337 0.185076128
701066 1066.000000 17758100001066000 0.205156803 0.095840207 1.346614894 0.162374885
701067 1067.000000 17758100001067000 0.203289047 0.097090549 1.341252553 0.144737238
701068 1068.000000 17758100001068000 0.201319352 0.098215932 1.347694261 0.073191894
701069 1069.000000 17758100001069000 0.199249670 0.099504410 1.335876929 0.005309398
701070 1070.000000 17758100001070000 0.197082043 0.101142017 1.352812281 -0.011812554
701071 1071.000000 17758100001071000 0.194818601 0.102694490 1.338701576 -0.031106847
701072 1072.000000 17758100001072000 0.192461595 0.103822809 1.344344106 -0.071948430
701073 1073.000000 17758100001073000 0.190013334 0.105202767 1.342927245 -0.107506887
701074 1074.000000 17758100001074000 0.187476233 0.106196118 1.343663294 -0.161126554
701075 1075.000000 17758100001075000 0.184852809 0.107350233 1.327983198 -0.191026714
701076 1076.000000 17758100001076000 0.182145655 0.108741174 1.324064190 -0.272871849
701077 1077.000000 17758100001077000 0.179357424 0.110260423 1.317785058 -0.297151851
701078 1078.000000 17758100001078000 0.176490873 0.111359333 1.299782948 -0.346656204
701079 1079.000000 17758100001079000 0.173548847 0.113022980 1.292068050 -0.372975053
701080 1080.000000 17758100001080000 0.170534223 0.114325535 1.276855020 -0.423220646
701081 1081.000000 17758100001081000 0.167450011 0.115876342 1.264509130 -0.439451302
701082 1082.000000 17758100001082000 0.164299220 0.116867827 1.248025468 -0.438854981
701083 1083.000000 17758100001083000 0.161084965 0.117649591 1.237725088 -0.504701248
701084 1084.000000 17758100001084000 0.157810435 0.119171803 1.216993447 -0.567780073
701085 1085.000000 17758100001085000 0.154478863 0.120194241 1.192795794 -0.561563510
701086 1086.000000 17758100001086000 0.151093513 0.121372249 1.171992635 -0.612046762
701087 1087.000000 17758100001087000 0.147657752 0.122416883 1.155205135 -0.627938138
701088 1088.000000 17758100001088000 0.144174948 0.123830240 1.141741194 -0.699551402
701089 1089.000000 17758100001089000 0.140648544 0.125152947 1.107427836 -0.733935360
701090 1090.000000 17758100001090000 0.137082040 0.125727290 1.080633521 -0.736648853
701091 1091.000000 17758100001091000 0.133478940 0.126950821 1.061411142 -0.786229469
701092 1092.000000 17758100001092000 0.129842788 0.128109582 1.030971705 -0.820518917
701093 1093.000000 17758100001093000 0.126177192 0.128977650 1.004427601 -0.811339180
701094 1094.000000 17758100001094000 0.122485757 0.130201125 0.978656575 -0.853124201
701095 1095.000000 17758100001095000 0.118772134 0.131096971 0.947788932 -0.913727001
701096 1096.000000 17758100001096000 0.115039989 0.131998211 0.913913730 -0.905931302
701097 1097.000000 17758100001097000 0.111292996 0.132732626 0.880037360 -0.986789995
701098 1098.000000 17758100001098000 0.107534863 0.133753529 0.860034987 -0.977833005
701099 1099.000000 17758100001099000 0.103769287 0.134284087 0.820318925 -0.975549614
701100 1100.000000 17758100001100000 0.100000001 0.135207098 0.778576438 -1.045612741
701101 1101.000000 17758100001101000 0.096230708 0.136037300 0.758434975 -1.023019806
701102 1102.000000 17758100001102000 0.092465140 0.136860455 0.718204916 -1.084122753
701103 1103.000000 17758100001103000 0.088707000 0.137722927 0.677629330 -1.112408013
701104 1104.000000 17758100001104000 0.084960014 0.138348505 0.635725831 -1.097654348
701105 1105.000000 17758100001105000 0.081227861 0.139035916 0.601978125 -1.160255756
701106 1106.000000 17758100001106000 0.077514239 0.139228658 0.553781674 -1.138539809
701107 1107.000000 17758100001107000 0.073822811 0.139536890 0.525096640 -1.159512689
701108 1108.000000 17758100001108000 0.070157215 0.140409510 0.489426118 -1.174016406
701109 1109.000000 17758100001109000 0.066521071 0.140688776 0.440212336 -1.198988236
701110 1110.000000 17758100001110000 0.062917963 0.141391321 0.404587278 -1.190843960
701111 1111.000000 17758100001111000 0.059351448 0.141584336 0.372726497 -1.213816010
701112 1112.000000 17758100001112000 0.055825055 0.141895259 0.318196452 -1.226533467
701113 1113.000000 17758100001113000 0.052342255 0.141794294 0.281263633 -1.232986299
701114 1114.000000 17758100001114000 0.048906486 0.142072290 0.247196911 -1.288544177
701115 1115.000000 17758100001115000 0.045521140 0.142461226 0.187730057 -1.242095793
701116 1116.000000 17758100001116000 0.042189561 0.142732595 0.158593013 -1.239624396
701117 1117.000000 17758100001117000 0.038915031 0.142845013 0.116979994 -1.261626372
701118 1118.000000 17758100001118000 0.035700783 0.142599117 0.063723905 -1.243429909
701119 1119.000000 17758100001119000 0.032549996 0.143023166 0.029674863 -1.276184600
701120 1120.000000 17758100001120000 0.029465770 0.143068964 -0.015492353 -1.301557825
701121 1121.000000 17758100001121000 0.026451154 0.142805717 -0.051345581 -1.269816337
701122 1122.000000 17758100001122000 0.023509121 0.142448264 -0.097561871 -1.261663032
701123 1123.000000 17758100001123000 0.020642577 0.142833582 -0.138904669 -1.284281188
701124 1124.000000 17758100001124000 0.017854348 0.142725319 -0.179358909 -1.254439774
701125 1125.000000 17758100001125000 0.015147186 0.142244936 -0.220627678 -1.253235351
701126 1126.000000 17758100001126000 0.012523765 0.141633029 -0.251175632 -1.259426345
701127 1127.000000 17758100001127000 0.009986672 0.141556074 -0.310801607 -1.226346400
701128 1128.000000 17758100001128000 0.007538411 0.141145847 -0.346526979 -1.254639855
701129 1129.000000 17758100001129000 0.005181399 0.140980251 -0.384497619 -1.197575974
701130 1130.000000 17758100001130000 0.002917961 0.140281594 -0.435170652 -1.214235601
701131 1131.000000 17758100001131000 0.000750331 0.140060385 -0.473012666 -1.169303047
701132 1132.000000 17758100001132000 -0.001319351 0.139436872 -0.501671489 -1.177474154
701133 1133.000000 17758100001133000 -0.003289043 0.138908983 -0.547009139 -1.156593262
701134 1134.000000 17758100001134000 -0.005156802 0.137878764 -0.575903285 -1.150384170
701135 1135.000000 17758100001135000 -0.006920783 0.137671214 -0.621702592 -1.116854242
701136 1136.000000 17758100001136000 -0.008579247 0.137105873 -0.662357514 -1.133058640
701137 1137.000000 17758100001137000 -0.010130555 0.136204720 -0.695272231 -1.098173504
701138 1138.000000 17758100001138000 -0.011573179 0.135218771 -0.732450437 -1.086743403
701139 1139.000000 17758100001139000 -0.012905693 0.134713104 -0.760513244 -1.097072331
701140 1140.000000 17758100001140000 -0.014126782 0.133928551 -0.801249952 -1.028745170
701141 1141.000000 17758100001141000 -0.015235242 0.133130161 -0.821629613 -0.986642989
701142 1142.000000 17758100001142000 -0.016229980 0.132239829 -0.867157687 -0.993177342
701143 1143.000000 17758100001143000 -0.017110011 0.131677504 -0.892508456 -0.939574857
701144 1144.000000 17758100001144000 -0.017874470 0.130449824 -0.939962804 -0.891602809
701145 1145.000000 17758100001145000 -0.018522602 0.129841367 -0.956456322 -0.871314119
701146 1146.000000 17758100001146000 -0.019053765 0.129099375 -0.995236409 -0.893527981
701147 1147.000000 17758100001147000 -0.019467436 0.127656336 -1.014961229 -0.837935302
701148 1148.000000 17758100001148000 -0.019763207 0.126734861 -1.048416968 -0.840569962
701149 1149.000000 17758100001149000 -0.019940788 0.125330546 -1.068688784 -0.788277930
701150 1150.000000 17758100001150000 -0.020000000 0.124859073 -1.092034424 -0.731728371
701151 1151.000000 17758100001151000 -0.019940788 0.123270453 -1.121807791 -0.694002655
701152 1152.000000 17758100001152000 -0.019763207 0.122409414 -1.137089771 -0.694693132
701153 1153.000000 17758100001153000 -0.019467436 0.121149444 -1.167300227 -0.675233370
701154 1154.000000 17758100001154000 -0.019053765 0.119878791 -1.189818800 -0.602079803
701155 1155.000000 17758100001155000 -0.018522602 0.117943598 -1.213654416 -0.568208838
701156 1156.000000 17758100001156000 -0.017874470 0.117406507 -1.224444352 -0.564236683
701157 1157.000000 17758100001157000 -0.017110011 0.115892584 -1.238269116 -0.488975862
701158 1158.000000 17758100001158000 -0.016229980 0.114753858 -1.253907599 -0.484051718
701159 1159.000000 17758100001159000 -0.015235242 0.113871888 -1.270911333 -0.449381932
701160 1160.000000 17758100001160000 -0.014126782 0.112616931 -1.290105152 -0.392769746
701161 1161.000000 17758100001161000 -0.012905693 0.111022686 -1.295550278 -0.381888208
701162 1162.000000 17758100001162000 -0.011573179 0.109606785 -1.308867172 -0.298048014
701163 1163.000000 17758100001163000 -0.010130555 0.108545136 -1.317246716 -0.241855530
701164 1164.000000 17758100001164000 -0.008579247 0.106876534 -1.325124197 -0.218792909
701165 1165.000000 17758100001165000 -0.006920783 0.105532932 -1.328746381 -0.217852088
701166 1166.000000 17758100001166000 -0.005156802 0.104687430 -1.333637242 -0.164721494
701167 1167.000000 17758100001167000 -0.003289043 0.103019625 -1.350056992 -0.102161556
701168 1168.000000 17758100001168000 -0.001319351 0.101756844 -1.343156856 -0.053921419
701169 1169.000000 17758100001169000 0.000750331 0.100458822 -1.351987623 -0.050518419
701170 1170.000000 17758100001170000 0.002917961 0.098804821 -1.351064492 -0.001226180
701171 1171.000000 17758100001171000 0.005181399 0.097545212 -1.350923452 0.043699234
701172 1172.000000 17758100001172000 0.007538411 0.096359311 -1.357889849 0.090780131
701173 1173.000000 17758100001173000 0.009986672 0.095042277 -1.346002207 0.131586300
701174 1174.000000 17758100001174000 0.012523765 0.093853280 -1.339010181 0.167940971
701175 1175.000000 17758100001175000 0.015147186 0.092379156 -1.333062555 0.174489990
701176 1176.000000 17758100001176000 0.017854348 0.090775695 -1.333154984 0.237019784
701177 1177.000000 17758100001177000 0.020642577 0.090103504 -1.305432202 0.294707976
701178 1178.000000 17758100001178000 0.023509121 0.088386884 -1.299535285 0.310303752
701179 1179.000000 17758100001179000 0.026451154 0.086921581 -1.294106484 0.379996561
701180 1180.000000 17758100001180000 0.029465770 0.085584984 -1.283786919 0.422834975
701181 1181.000000 17758100001181000 0.032549996 0.084258665 -1.259966286 0.413949073
701182 1182.000000 17758100001182000 0.035700783 0.082917043 -1.250020544 0.437112340
701183 1183.000000 17758100001183000 0.038915031 0.082313165 -1.232800833 0.492259684
701184 1184.000000 17758100001184000 0.042189561 0.080742577 -1.208973469 0.563709347
701185 1185.000000 17758100001185000 0.045521140 0.079332427 -1.190219670 0.545720069
701186 1186.000000 17758100001186000 0.048906486 0.078384990 -1.178763635 0.622714511
701187 1187.000000 17758100001187000 0.052342255 0.077131661 -1.154870118 0.654787098
701188 1188.000000 17758100001188000 0.055825055 0.075774875 -1.134695557 0.677351975
701189 1189.000000 17758100001189000 0.059351448 0.075075728 -1.115093059 0.723237552
701190 1190.000000 17758100001190000 0.062917963 0.073940867 -1.084931590 0.748587484
701191 1191.000000 17758100001191000 0.066521071 0.073214559 -1.053928369 0.773868296
701192 1192.000000 17758100001192000 0.070157215 0.071703331 -1.032858933 0.809743784
701193 1193.000000 17758100001193000 0.073822811 0.070930066 -1.004016360 0.831094692
701194 1194.000000 17758100001194000 0.077514239 0.069696491 -0.975478099 0.854610039
701195 1195.000000 17758100001195000 0.081227861 0.069295972 -0.938200205 0.884820448
701196 1196.000000 17758100001196000 0.084960014 0.068046618 -0.917533454 0.897895609
701197 1197.000000 17758100001197000 0.088707000 0.067386843 -0.875874448 0.947539172
701198 1198.000000 17758100001198000 0.092465140 0.066295464 -0.859212991 0.970667259
701199 1199.000000 17758100001199000 0.096230708 0.065558287 -0.810647917 1.018269118
701200 1200.000000 17758100001200000 0.100000001 0.064938808 -0.787475700 0.979124064
701201 1201.000000 17758100001201000 0.103769287 0.063543579 -0.746212938 1.085465680
701202 1202.000000 17758100001202000 0.107534863 0.063340238 -0.714384395 1.059592947
701203 1203.000000 17758100001203000 0.111292996 0.062682883 -0.683841423 1.087648808
701204 1204.000000 17758100001204000 0.115039989 0.061677825 -0.640628256 1.119539004
701205 1205.000000 17758100001205000 0.118772134 0.061252951 -0.605431077 1.126382049
701206 1206.000000 17758100001206000 0.122485757 0.060916988 -0.573693106 1.176676392
701207 1207.000000 17758100001207000 0.126177192 0.060278447 -0.522519033 1.167967121
701208 1208.000000 17758100001208000 0.129842788 0.059371411 -0.494576143 1.141417711
701209 1209.000000 17758100001209000 0.133478940 0.059514055 -0.441463829 1.195186672
701210 1210.000000 17758100001210000 0.137082040 0.058755538 -0.400380749 1.186728590
701211 1211.000000 17758100001211000 0.140648544 0.058641115 -0.371620666 1.208809098
701212 1212.000000 17758100001212000 0.144174948 0.058333680 -0.324666095 1.218900090
701213 1213.000000 17758100001213000 0.147657752 0.057916473 -0.286133481 1.252114532
701214 1214.000000 17758100001214000 0.151093513 0.057715640 -0.250516380 1.248448084
701215 1215.000000 17758100001215000 0.154478863 0.057536365 -0.209034046 1.242892387
701216 1216.000000 17758100001216000 0.157810435 0.057404306 -0.162148126 1.262424628
701217 1217.000000 17758100001217000 0.161084965 0.056867094 -0.116484929 1.306839200
701218 1218.000000 17758100001218000 0.164299220 0.057010248 -0.083195186 1.271694507
701219 1219.000000 17758100001219000 0.167450011 0.057041031 -0.026579930 1.303923566
701220 1220.000000 17758100001220000 0.170534223 0.056945662 0.003176421 1.280669686
701221 1221.000000 17758100001221000 0.173548847 0.057365468 0.049020714 1.260179315
701222 1222.000000 17758100001222000 0.176490873 0.057232389 0.099218709 1.284697883
701223 1223.000000 17758100001223000 0.179357424 0.057433407 0.135263043 1.310124002
701224 1224.000000 17758100001224000 0.182145655 0.057496473 0.175854093 1.299488448
701225 1225.000000 17758100001225000 0.184852809 0.057595439 0.211487691 1.242429135
701226 1226.000000 17758100001226000 0.187476233 0.058118728 0.252371860 1.248274628
701227 1227.000000 17758100001227000 0.190013334 0.058062470 0.300890699 1.194804473
701228 1228.000000 17758100001228000 0.192461595 0.058655652 0.344687521 1.211224287
701229 1229.000000 17758100001229000 0.194818601 0.059302790 0.396252153 1.216415581
701230 1230.000000 17758100001230000 0.197082043 0.059535331 0.435162070 1.218221318
701231 1231.000000 17758100001231000 0.199249670 0.060120807 0.466380968 1.192140091
701232 1232.000000 17758100001232000 0.201319352 0.060800438 0.499893527 1.124868679
701233 1233.000000 17758100001233000 0.203289047 0.061047495 0.540723208 1.177499274
701234 1234.000000 17758100001234000 0.205156803 0.061552893 0.578931283 1.152487998
701235 1235.000000 17758100001235000 0.206920788 0.062093606 0.631619756 1.116794411
701236 1236.000000 17758100001236000 0.208579242 0.062905877 0.664053691 1.134011653
701237 1237.000000 17758100001237000 0.210130557 0.063512195 0.698678429 1.146732860
701238 1238.000000 17758100001238000 0.211573184 0.064564797 0.733382115 1.101351393
701239 1239.000000 17758100001239000 0.212905690 0.064908948 0.768097361 1.065909847
701240 1240.000000 17758100001240000 0.214126781 0.065843346 0.790804128 0.958450983
701241 1241.000000 17758100001241000 0.215235248 0.066634437 0.826411212 0.990141859
701242 1242.000000 17758100001242000 0.216229975 0.067858066 0.869128132 0.982254514
701243 1243.000000 17758100001243000 0.217110008 0.068387212 0.891325141 0.930917568
701244 1244.000000 17758100001244000 0.217874467 0.069124310 0.925279563 0.913589984
701245 1245.000000 17758100001245000 0.218522608 0.070164215 0.955180520 0.871393919
701246 1246.000000 17758100001246000 0.219053760 0.071110761 0.989632971 0.883992023
701247 1247.000000 17758100001247000 0.219467431 0.072404036 1.025586526 0.827894765
701248 1248.000000 17758100001248000 0.219763204 0.073590090 1.043731807 0.767051959
701249 1249.000000 17758100001249000 0.219940782 0.074243042 1.060076364 0.760984128
701250 1250.000000 17758100001250000 0.219999999 0.075192727 1.095028625 0.717837035
701251 1251.000000 17758100001251000 0.219940782 0.076900780 1.124768196 0.747704502
701252 1252.000000 17758100001252000 0.219763204 0.077710465 1.139218341 0.710939824
701253 1253.000000 17758100001253000 0.219467431 0.078916483 1.171041378 0.634382259
701254 1254.000000 17758100001254000 0.219053760 0.080148526 1.182868971 0.593002164
701255 1255.000000 17758100001255000 0.218522608 0.081514565 1.203435846 0.578598483
701256 1256.000000 17758100001256000 0.217874467 0.082703478 1.228413204 0.540716360
701257 1257.000000 17758100001257000 0.217110008 0.084016630 1.237719144 0.525692167
701258 1258.000000 17758100001258000 0.216229975 0.084986906 1.262314405 0.474827813
701259 1259.000000 17758100001259000 0.215235248 0.086441640 1.272489855 0.409125001
701260 1260.000000 17758100001260000 0.214126781 0.087766770 1.278511111 0.401624021
701261 1261.000000 17758100001261000 0.212905690 0.088926319 1.301041669 0.355766586
701262 1262.000000 17758100001262000 0.211573184 0.090513402 1.312378058 0.304285364
701263 1263.000000 17758100001263000 0.210130557 0.091404544 1.323876797 0.292268261
701264 1264.000000 17758100001264000 0.208579242 0.092757670 1.330596963 0.259630503
701265 1265.000000 17758100001265000 0.206920788 0.094303021 1.335072474 0.181264599
701266 1266.000000 17758100001266000 0.205156803 0.095665443 1.335142762 0.173234239
701267 1267.000000 17758100001267000 0.203289047 0.097223378 1.345830800 0.126332988
701268 1268.000000 17758100001268000 0.201319352 0.098131286 1.340634017 0.096871746
701269 1269.000000 17758100001269000 0.199249670 0.099369399 1.355177737 0.006096954
701270 1270.000000 17758100001270000 0.197082043 0.100724963 1.346942923 0.022576465
701271 1271.000000 17758100001271000 0.194818601 0.102430951 1.342258757 -0.008977987
701272 1272.000000 17758100001272000 0.192461595 0.103828300 1.346365247 -0.088232128
701273 1273.000000 17758100001273000 0.190013334 0.105070352 1.339162426 -0.105721440
701274 1274.000000 17758100001274000 0.187476233 0.106275537 1.344204855 -0.139080540
701275 1275.000000 17758100001275000 0.184852809 0.107400264 1.329673177 -0.210809326
701276 1276.000000 17758100001276000 0.182145655 0.109081660 1.327300556 -0.254979138
701277 1277.000000 17758100001277000 0.179357424 0.110473943 1.316069204 -0.274790895
701278 1278.000000 17758100001278000 0.176490873 0.111489089 1.306651851 -0.306859154
701279 1279.000000 17758100001279000 0.173548847 0.113344725 1.289281970 -0.364423239
701280 1280.000000 17758100001280000 0.170534223 0.114325545 1.275790255 -0.400372070
701281 1281.000000 17758100001281000 0.167450011 0.115484096 1.270615930 -0.455190813
701282 1282.000000 17758100001282000 0.164299220 0.117074429 1.253413977 -0.439156865
701283 1283.000000 17758100001283000 0.161084965 0.118173616 1.231874090 -0.502864483
701284 1284.000000 17758100001284000 0.157810435 0.119128643 1.224431221 -0.513867678
701285 1285.000000 17758100001285000 0.154478863 0.119940210 1.199512375 -0.598322372
701286 1286.000000 17758100001286000 0.151093513 0.121356835 1.178697768 -0.573909710
701287 1287.000000 17758100001287000 0.147657752 0.122838057 1.154488160 -0.672724664
701288 1288.000000 17758100001288000 0.144174948 0.123575379 1.133878269 -0.662047525
701289 1289.000000 17758100001289000 0.140648544 0.125060157 1.109515554 -0.720294472
701290 1290.000000 17758100001290000 0.137082040 0.126077169 1.074576626 -0.750453190
701291 1291.000000 17758100001291000 0.133478940 0.126847301 1.053296878 -0.768581912
701292 1292.000000 17758100001292000 0.129842788 0.128292421 1.032289631 -0.825450981
701293 1293.000000 17758100001293000 0.126177192 0.128869380 0.997917182 -0.858892623
701294 1294.000000 17758100001294000 0.122485757 0.129762460 0.968700649 -0.849160027
701295 1295.000000 17758100001295000 0.118772134 0.131079707 0.948123430 -0.886933905
701296 1296.000000 17758100001296000 0.115039989 0.132048357 0.918611069 -0.910492023
701297 1297.000000 17758100001297000 0.111292996 0.133241552 0.887510771 -0.928390612
701298 1298.000000 17758100001298000 0.107534863 0.133409384 0.844184210 -1.005388296
701299 1299.000000 17758100001299000 0.103769287 0.134769593 0.820934520 -0.984585732
701300 1300.000000 17758100001300000 0.100000001 0.135308147 0.790816461 -1.012452426
701301 1301.000000 17758100001301000 0.096230708 0.135824059 0.755355377 -1.076811272
701302 1302.000000 17758100001302000 0.092465140 0.137121995 0.711256744 -1.104250628
701303 1303.000000 17758100001303000 0.088707000 0.137153343 0.682791958 -1.092093355
701304 1304.000000 17758100001304000 0.084960014 0.138024011 0.636019049 -1.124314132
701305 1305.000000 17758100001305000 0.081227861 0.138534639 0.599091664 -1.168873442
701306 1306.000000 17758100001306000 0.077514239 0.138791303 0.562023841 -1.164463098
701307 1307.000000 17758100001307000 0.073822811 0.139837778 0.528105639 -1.183170649
701308 1308.000000 17758100001308000 0.070157215 0.140645479 0.478267669 -1.180363014
701309 1309.000000 17758100001309000 0.066521071 0.140892359 0.447167649 -1.195189609
701310 1310.000000 17758100001310000 0.062917963 0.141055810 0.403472732 -1.222650773
701311 1311.000000 17758100001311000 0.059351448 0.141081910 0.369069022 -1.206161522
701312 1312.000000 17758100001312000 0.055825055 0.141862234 0.318012057 -1.241761039
701313 1313.000000 17758100001313000 0.052342255 0.142102121 0.283253481 -1.240228926
701314 1314.000000 17758100001314000 0.048906486 0.142538805 0.243253658 -1.205135348
701315 1315.000000 17758100001315000 0.045521140 0.142880409 0.199641585 -1.283655249
701316 1316.000000 17758100001316000 0.042189561 0.142811218 0.154457320 -1.277470329
701317 1317.000000 17758100001317000 0.038915031 0.142928369 0.118875382 -1.245385293
701318 1318.000000 17758100001318000 0.035700783 0.143109814 0.076741166 -1.290451804
701319 1319.000000 17758100001319000 0.032549996 0.143307330 0.030453913 -1.283883678
701320 1320.000000 17758100001320000 0.029465770 0.142985087 -0.016501275 -1.282985344
701321 1321.000000 17758100001321000 0.026451154 0.142924815 -0.060028971 -1.252790157
701322 1322.000000 17758100001322000 0.023509121 0.142594254 -0.088729572 -1.312280605
701323 1323.000000 17758100001323000 0.020642577 0.142937318 -0.132385354 -1.257623905
701324 1324.000000 17758100001324000 0.017854348 0.142399738 -0.169619403 -1.229135942
701325 1325.000000 17758100001325000 0.015147186 0.141876889 -0.226394730 -1.255150750
701326 1326.000000 17758100001326000 0.012523765 0.142261293 -0.259941201 -1.234466921
701327 1327.000000 17758100001327000 0.009986672 0.142037361 -0.301371749 -1.275483204
701328 1328.000000 17758100001328000 0.007538411 0.141233244 -0.343883550 -1.199605096
701329 1329.000000 17758100001329000 0.005181399 0.141057790 -0.385074971 -1.237511434
701330 1330.000000 17758100001330000 0.002917961 0.140316570 -0.432805517 -1.227665037
701331 1331.000000 17758100001331000 0.000750331 0.139952643 -0.465617612 -1.149185857
701332 1332.000000 17758100001332000 -0.001319351 0.139682655 -0.506957777 -1.202540378
701333 1333.000000 17758100001333000 -0.003289043 0.139086974 -0.544421358 -1.178112181
701334 1334.000000 17758100001334000 -0.005156802 0.138478813 -0.582165591 -1.123586177
701335 1335.000000 17758100001335000 -0.006920783 0.137985868 -0.620152219 -1.101064800
701336 1336.000000 17758100001336000 -0.008579247 0.136998453 -0.649193811 -1.104375756
701337 1337.000000 17758100001337000 -0.010130555 0.136299707 -0.699348002 -1.109776469
701338 1338.000000 17758100001338000 -0.011573179 0.135458207 -0.742150368 -1.070350969
701339 1339.000000 17758100001339000 -0.012905693 0.135407638 -0.767034957 -1.024055672
701340 1340.000000 17758100001340000 -0.014126782 0.133706598 -0.803059107 -1.015205166
701341 1341.000000 17758100001341000 -0.015235242 0.133157201 -0.826953467 -1.000312810
701342 1342.000000 17758100001342000 -0.016229980 0.132420749 -0.869167582 -0.975998364
701343 1343.000000 17758100001343000 -0.017110011 0.131471237 -0.901734425 -0.965638048
701344 1344.000000 17758100001344000 -0.017874470 0.130534680 -0.931602075 -0.916596501
701345 1345.000000 17758100001345000 -0.018522602 0.129576133 -0.958664590 -0.899981374
701346 1346.000000 17758100001346000 -0.019053765 0.128468165 -0.995466908 -0.877947187
701347 1347.000000 17758100001347000 -0.019467436 0.127872087 -1.016917862 -0.855327039
701348 1348.000000 17758100001348000 -0.019763207 0.126784129 -1.041519030 -0.829742195
701349 1349.000000 17758100001349000 -0.019940788 0.125761643 -1.073405443 -0.737425557
701350 1350.000000 17758100001350000 -0.020000000 0.124520435 -1.087204686 -0.732047363
701351 1351.000000 17758100001351000 -0.019940788 0.122972334 -1.121268930 -0.708441620
701352 1352.000000 17758100001352000 -0.019763207 0.121857050 -1.139137927 -0.691213585
701353 1353.000000 17758100001353000 -0.019467436 0.121058962 -1.166557596 -0.674615383
701354 1354.000000 17758100001354000 -0.019053765 0.119946018 -1.191610968 -0.598562988
701355 1355.000000 17758100001355000 -0.018522602 0.118455196 -1.206252539 -0.546159604
701356 1356.000000 17758100001356000 -0.017874470 0.117278743 -1.226272947 -0.543812732
701357 1357.000000 17758100001357000 -0.017110011 0.115923934 -1.243036177 -0.515773488
701358 1358.000000 17758100001358000 -0.016229980 0.114809102 -1.260823842 -0.477965339
701359 1359.000000 17758100001359000 -0.015235242 0.113572582 -1.274825898 -0.435317610
701360 1360.000000 17758100001360000 -0.014126782 0.112162542 -1.286648390 -0.417993537
701361 1361.000000 17758100001361000 -0.012905693 0.111086371 -1.302027724 -0.330874624
701362 1362.000000 17758100001362000 -0.011573179 0.109816508 -1.306719798 -0.326801318
701363 1363.000000 17758100001363000 -0.010130555 0.108340475 -1.313822594 -0.265863461
701364 1364.000000 17758100001364000 -0.008579247 0.107130214 -1.318846825 -0.245009596
701365 1365.000000 17758100001365000 -0.006920783 0.105697937 -1.327867773 -0.203198794
701366 1366.000000 17758100001366000 -0.005156802 0.104465075 -1.342325450 -0.174985593
701367 1367.000000 17758100001367000 -0.003289043 0.103199939 -1.345654590 -0.113088025
701368 1368.000000 17758100001368000 -0.001319351 0.101634281 -1.354811785 -0.056998494
701369 1369.000000 17758100001369000 0.000750331 0.100124085 -1.340163472 -0.044957966
701370 1370.000000 17758100001370000 0.002917961 0.099059174 -1.344759523 0.024555351
701371 1371.000000 17758100001371000 0.005181399 0.097357281 -1.350391879 0.033534042
701372 1372.000000 17758100001372000 0.007538411 0.096398224 -1.348344310 0.120782325
701373 1373.000000 17758100001373000 0.009986672 0.095115607 -1.347508754 0.138306439
701374 1374.000000 17758100001374000 0.012523765 0.093233978 -1.342551689 0.205451102
701375 1375.000000 17758100001375000 0.015147186 0.091871167 -1.327332902 0.184527464
701376 1376.000000 17758100001376000 0.017854348 0.090885696 -1.321351867 0.246323269
701377 1377.000000 17758100001377000 0.020642577 0.089419204 -1.310725816 0.252991022
701378 1378.000000 17758100001378000 0.023509121 0.088256657 -1.298884988 0.329538351
701379 1379.000000 17758100001379000 0.026451154 0.086890082 -1.288416134 0.398695210
701380 1380.000000 17758100001380000 0.029465770 0.085974074 -1.280255249 0.409299713
701381 1381.000000 17758100001381000 0.032549996 0.084419024 -1.268089860 0.404865468
701382 1382.000000 17758100001382000 0.035700783 0.083131348 -1.251202669 0.469437562
701383 1383.000000 17758100001383000 0.038915031 0.082100730 -1.237018796 0.493995666
701384 1384.000000 17758100001384000 0.042189561 0.080778641 -1.213154641 0.562146197
701385 1385.000000 17758100001385000 0.045521140 0.079691365 -1.194526762 0.585944613
701386 1386.000000 17758100001386000 0.048906486 0.078169313 -1.177455963 0.602196987
701387 1387.000000 17758100001387000 0.052342255 0.077394836 -1.157506855 0.632078139
701388 1388.000000 17758100001388000 0.055825055 0.076244824 -1.141273343 0.728632400
701389 1389.000000 17758100001389000 0.059351448 0.075210598 -1.118364132 0.692688935
701390 1390.000000 17758100001390000 0.062917963 0.073853059 -1.085987505 0.733982517
701391 1391.000000 17758100001391000 0.066521071 0.072837577 -1.055910714 0.806998502
701392 1392.000000 17758100001392000 0.070157215 0.071584132 -1.035996577 0.812123806
701393 1393.000000 17758100001393000 0.073822811 0.071007534 -0.997471287 0.816124822
701394 1394.000000 17758100001394000 0.077514239 0.069834303 -0.975652357 0.843689032
701395 1395.000000 17758100001395000 0.081227861 0.069024568 -0.956566301 0.940632765
701396 1396.000000 17758100001396000 0.084960014 0.067870511 -0.917437466 0.882014398
701397 1397.000000 17758100001397000 0.088707000 0.067046403 -0.888335664 0.979153143
701398 1398.000000 17758100001398000 0.092465140 0.066278258 -0.842018018 0.981524830
701399 1399.000000 17758100001399000 0.096230708 0.065350248 -0.824053102 0.961269499
701400 1400.000000 17758100001400000 0.100000001 0.064753371 -0.782447052 1.011618629
701401 1401.000000 17758100001401000 0.103769287 0.063681881 -0.743927976 1.000438529
701402 1402.000000 17758100001402000 0.107534863 0.063000188 -0.715097460 1.083531352
701403 1403.000000 17758100001403000 0.111292996 0.062476224 -0.676655270 1.119149859
701404 1404.000000 17758100001404000 0.115039989 0.061924259 -0.635478154 1.124775981
701405 1405.000000 17758100001405000 0.118772134 0.061328791 -0.593289298 1.091279634
701406 1406.000000 17758100001406000 0.122485757 0.060969654 -0.552988983 1.135196650
701407 1407.000000 17758100001407000 0.126177192 0.059974918 -0.523057207 1.207701955
701408 1408.000000 17758100001408000 0.129842788 0.059725518 -0.483110324 1.189596740
701409 1409.000000 17758100001409000 0.133478940 0.059131560 -0.452106585 1.161413338
701410 1410.000000 17758100001410000 0.137082040 0.059057100 -0.403363723 1.243696941
701411 1411.000000 17758100001411000 0.140648544 0.058651763 -0.356998175 1.237387023
701412 1412.000000 17758100001412000 0.144174948 0.057752368 -0.322937018 1.229587848
701413 1413.000000 17758100001413000 0.147657752 0.057884956 -0.280171307 1.258368959
701414 1414.000000 17758100001414000 0.151093513 0.057778878 -0.256957499 1.257997745
701415 1415.000000 17758100001415000 0.154478863 0.057819776 -0.196282250 1.270040934
701416 1416.000000 17758100001416000 0.157810435 0.057834269 -0.156416116 1.255142247
701417 1417.000000 17758100001417000 0.161084965 0.057356370 -0.125870274 1.274838238
701418 1418.000000 17758100001418000 0.164299220 0.056681096 -0.060601678 1.262411068
701419 1419.000000 17758100001419000 0.167450011 0.057237088 -0.028893443 1.257947578
701420 1420.000000 17758100001420000 0.170534223 0.057357653 0.010132024 1.259931867
701421 1421.000000 17758100001421000 0.173548847 0.057074187 0.058562362 1.286444647
701422 1422.000000 17758100001422000 0.176490873 0.057235727 0.097087476 1.234012820
701423 1423.000000 17758100001423000 0.179357424 0.057369855 0.134910788 1.279141487
701424 1424.000000 17758100001424000 0.182145655 0.057434011 0.179174044 1.242520975
701425 1425.000000 17758100001425000 0.184852809 0.057867983 0.222795891 1.196284901
701426 1426.000000 17758100001426000 0.187476233 0.058235187 0.262715959 1.273660999
701427 1427.000000 17758100001427000 0.190013334 0.058292533 0.293917133 1.269565692
701428 1428.000000 17758100001428000 0.192461595 0.058812701 0.339020115 1.225412236
701429 1429.000000 17758100001429000 0.194818601 0.059021606 0.392257734 1.199699781
701430 1430.000000 17758100001430000 0.197082043 0.059301448 0.425926751 1.206969047
701431 1431.000000 17758100001431000 0.199249670 0.059950696 0.466116878 1.192550480
701432 1432.000000 17758100001432000 0.201319352 0.060187676 0.509398367 1.182177519
701433 1433.000000 17758100001433000 0.203289047 0.060955870 0.542300159 1.152514719
701434 1434.000000 17758100001434000 0.205156803 0.061785836 0.582185985 1.144169961
701435 1435.000000 17758100001435000 0.206920788 0.062320446 0.621319287 1.124140719
701436 1436.000000 17758100001436000 0.208579242 0.063004346 0.660821224 1.119302053
701437 1437.000000 17758100001437000 0.210130557 0.063561441 0.694869773 1.094632042
701438 1438.000000 17758100001438000 0.211573184 0.064188758 0.736732299 1.083158557
701439 1439.000000 17758100001439000 0.212905690 0.065160941 0.770565447 1.044888345
701440 1440.000000 17758100001440000 0.214126781 0.065692765 0.796995787 1.032914211
701441 1441.000000 17758100001441000 0.215235248 0.067041722 0.832363934 0.979441379
701442 1442.000000 17758100001442000 0.216229975 0.067544767 0.869931046 1.012774869
701443 1443.000000 17758100001443000 0.217110008 0.068444954 0.898184106 0.943011292
701444 1444.000000 17758100001444000 0.217874467 0.069663096 0.936490773 0.937933015
701445 1445.000000 17758100001445000 0.218522608 0.070392341 0.967850258 0.933930958
701446 1446.000000 17758100001446000 0.219053760 0.071484525 0.990075695 0.858326305
701447 1447.000000 17758100001447000 0.219467431 0.072436745 1.017889093 0.825511231
701448 1448.000000 17758100001448000 0.219763204 0.073720806 1.057735232 0.784388809
701449 1449.000000 17758100001449000 0.219940782 0.074338808 1.067206196 0.761687903
701450 1450.000000 17758100001450000 0.219999999 0.075931917 1.095111865 0.745455986
701451 1451.000000 17758100001451000 0.219940782 0.076666789 1.121786846 0.689452518
701452 1452.000000 17758100001452000 0.219763204 0.077684374 1.146983399 0.691777725
701453 1453.000000 17758100001453000 0.219467431 0.078665554 1.162024643 0.665322140
701454 1454.000000 17758100001454000 0.219053760 0.080032319 1.187421993 0.604626169
701455 1455.000000 17758100001455000 0.218522608 0.081336533 1.201352094 0.571334447
701456 1456.000000 17758100001456000 0.217874467 0.082676669 1.226175926 0.528230946
701457 1457.000000 17758100001457000 0.217110008 0.084229007 1.240084936 0.487961420
701458 1458.000000 17758100001458000 0.216229975 0.084923657 1.249853063 0.450792639
701459 1459.000000 17758100001459000 0.215235248 0.086434757 1.276266590 0.452103902
701460 1460.000000 17758100001460000 0.214126781 0.087884027 1.278390224 0.387327094
701461 1461.000000 17758100001461000 0.212905690 0.088932201 1.310506988 0.332240615
701462 1462.000000 17758100001462000 0.211573184 0.090377455 1.305270431 0.280772664
701463 1463.000000 17758100001463000 0.210130557 0.091513489 1.316761075 0.275028029
701464 1464.000000 17758100001464000 0.208579242 0.093148109 1.332423342 0.232121875
701465 1465.000000 17758100001465000 0.206920788 0.094552561 1.337180881 0.206239779
701466 1466.000000 17758100001466000 0.205156803 0.095506922 1.345543592 0.162827759
701467 1467.000000 17758100001467000 0.203289047 0.096895345 1.341212605 0.077228505
701468 1468.000000 17758100001468000 0.201319352 0.098257903 1.345496960 0.085519038
701469 1469.000000 17758100001469000 0.199249670 0.099603838 1.343744885 0.058281209
701470 1470.000000 17758100001470000 0.197082043 0.101066229 1.351263391 0.012147940
701471 1471.000000 17758100001471000 0.194818601 0.102570466 1.351525270 -0.093365612
701472 1472.000000 17758100001472000 0.192461595 0.103974163 1.339414511 -0.104889280
701473 1473.000000 17758100001473000 0.190013334 0.105307897 1.347201425 -0.105336299
701474 1474.000000 17758100001474000 0.187476233 0.106586068 1.328967504 -0.159645772
701475 1475.000000 17758100001475000 0.184852809 0.107732101 1.330693834 -0.183677751
701476 1476.000000 17758100001476000 0.182145655 0.109152995 1.321276137 -0.234101546
701477 1477.000000 17758100001477000 0.179357424 0.110451432 1.317193000 -0.278003507
701478 1478.000000 17758100001478000 0.176490873 0.111664496 1.307939463 -0.304544750
701479 1479.000000 17758100001479000 0.173548847 0.112684811 1.290072757 -0.368760356
701480 1480.000000 17758100001480000 0.170534223 0.114117282 1.283084986 -0.412813462
701481 1481.000000 17758100001481000 0.167450011 0.115375740 1.260651737 -0.464569597
701482 1482.000000 17758100001482000 0.164299220 0.116612585 1.253866449 -0.490305596
701483 1483.000000 17758100001483000 0.161084965 0.117977601 1.229839789 -0.525390522
701484 1484.000000 17758100001484000 0.157810435 0.119195019 1.212551452 -0.566383006
701485 1485.000000 17758100001485000 0.154478863 0.120144158 1.201675712 -0.597131870
701486 1486.000000 17758100001486000 0.151093513 0.121417812 1.177208099 -0.616764074
701487 1487.000000 17758100001487000 0.147657752 0.122510512 1.155439013 -0.645442326
701488 1488.000000 17758100001488000 0.144174948 0.123703345 1.138442553 -0.683136201
701489 1489.000000 17758100001489000 0.140648544 0.125174944 1.113040532 -0.720841771
701490 1490.000000 17758100001490000 0.137082040 0.126043563 1.087551703 -0.739908984
701491 1491.000000 17758100001491000 0.133478940 0.126988169 1.058286150 -0.781912137
701492 1492.000000 17758100001492000 0.129842788 0.127820794 1.033789438 -0.793057591
701493 1493.000000 17758100001493000 0.126177192 0.129255839 1.000675411 -0.832000218
701494 1494.000000 17758100001494000 0.122485757 0.130282072 0.974391409 -0.864238810
701495 1495.000000 17758100001495000 0.118772134 0.131267953 0.955422918 -0.887367973
701496 1496.000000 17758100001496000 0.115039989 0.132034622 0.910319956 -0.922364817
701497 1497.000000 17758100001497000 0.111292996 0.132625373 0.875131871 -0.982410796
701498 1498.000000 17758100001498000 0.107534863 0.133869305 0.854299295 -0.996390083
701499 1499.000000 17758100001499000 0.103769287 0.134899308 0.818718803 -1.006219222
701500 1500.000000 17758100001500000 0.100000001 0.135403595 0.788432383 -1.013913856
701501 1501.000000 17758100001501000 0.096230708 0.136377822 0.751627681 -1.031522724
701502 1502.000000 17758100001502000 0.092465140 0.136566368 0.715310689 -1.045257099
701503 1503.000000 17758100001503000 0.088707000 0.137595549 0.672410905 -1.049871800
701504 1504.000000 17758100001504000 0.084960014 0.138087467 0.639748525 -1.109408027
701505 1505.000000 17758100001505000 0.081227861 0.138574851 0.599498572 -1.180824025
701506 1506.000000 17758100001506000 0.077514239 0.139076792 0.561131059 -1.146478852
701507 1507.000000 17758100001507000 0.073822811 0.140173816 0.527864172 -1.174674827
701508 1508.000000 17758100001508000 0.070157215 0.140311536 0.487728812 -1.195506057
701509 1509.000000 17758100001509000 0.066521071 0.140822807 0.454523758 -1.193874922
701510 1510.000000 17758100001510000 0.062917963 0.140858598 0.406511504 -1.241522364
701511 1511.000000 17758100001511000 0.059351448 0.141636787 0.358799670 -1.244580916
701512 1512.000000 17758100001512000 0.055825055 0.142086990 0.324269662 -1.238015319
701513 1513.000000 17758100001513000 0.052342255 0.141984693 0.286610645 -1.274853076
701514 1514.000000 17758100001514000 0.048906486 0.142010075 0.243173670 -1.235262352
701515 1515.000000 17758100001515000 0.045521140 0.142791547 0.197189625 -1.233938174
701516 1516.000000 17758100001516000 0.042189561 0.142622400 0.153139091 -1.268838666
701517 1517.000000 17758100001517000 0.038915031 0.142642241 0.114451466 -1.268713978
701518 1518.000000 17758100001518000 0.035700783 0.143084580 0.065956551 -1.310269375
701519 1519.000000 17758100001519000 0.032549996 0.143001312 0.032127426 -1.271213255
701520 1520.000000 17758100001520000 0.029465770 0.142890417 -0.012940835 -1.274393261
701521 1521.000000 17758100001521000 0.026451154 0.142897910 -0.047893143 -1.260532582
701522 1522.000000 17758100001522000 0.023509121 0.142669246 -0.093752706 -1.284222677
701523 1523.000000 17758100001523000 0.020642577 0.142575848 -0.131034275 -1.264266303
701524 1524.000000 17758100001524000 0.017854348 0.142297467 -0.169171902 -1.242693301
701525 1525.000000 17758100001525000 0.015147186 0.141803632 -0.223357095 -1.242925759
701526 1526.000000 17758100001526000 0.012523765 0.141993690 -0.254910468 -1.255667383
701527 1527.000000 17758100001527000 0.009986672 0.141785568 -0.294686354 -1.216996749
701528 1528.000000 17758100001528000 0.007538411 0.141327924 -0.341325221 -1.234341158
701529 1529.000000 17758100001529000 0.005181399 0.140794017 -0.389969646 -1.240391702
701530 1530.000000 17758100001530000 0.002917961 0.140552091 -0.429630682 -1.219784270
701531 1531.000000 17758100001531000 0.000750331 0.140126145 -0.466289634 -1.161755097
701532 1532.000000 17758100001532000 -0.001319351 0.139170255 -0.506597808 -1.180134143
701533 1533.000000 17758100001533000 -0.003289043 0.138786458 -0.545041002 -1.145310785
701534 1534.000000 17758100001534000 -0.005156802 0.138489396 -0.571216093 -1.166349248
701535 1535.000000 17758100001535000 -0.006920783 0.137934333 -0.606940053 -1.120404525
701536 1536.000000 17758100001536000 -0.008579247 0.136856450 -0.663403042 -1.109443818
701537 1537.000000 17758100001537000 -0.010130555 0.136382791 -0.695775581 -1.087350179
701538 1538.000000 17758100001538000 -0.011573179 0.135632742 -0.726782447 -1.091300244
701539 1539.000000 17758100001539000 -0.012905693 0.135022227 -0.767323576 -1.075529534
701540 1540.000000 17758100001540000 -0.014126782 0.133953120 -0.801226808 -1.007535818
701541 1541.000000 17758100001541000 -0.015235242 0.133390984 -0.835868841 -0.983070404
701542 1542.000000 17758100001542000 -0.016229980 0.132427095 -0.866528708 -0.937933903
701543 1543.000000 17758100001543000 -0.017110011 0.131500436 -0.907620835 -0.975233356
701544 1544.000000 17758100001544000 -0.017874470 0.130686110 -0.928243953 -0.912745928
701545 1545.000000 17758100001545000 -0.018522602 0.129847375 -0.966770556 -0.916957800
701546 1546.000000 17758100001546000 -0.019053765 0.128942536 -0.985563391 -0.878323596
701547 1547.000000 17758100001547000 -0.019467436 0.127275515 -1.025631711 -0.835197459
701548 1548.000000 17758100001548000 -0.019763207 0.126811607 -1.031234669 -0.793981059
701549 1549.000000 17758100001549000 -0.019940788 0.125483554 -1.070286350 -0.766624304
701550 1550.000000 17758100001550000 -0.020000000 0.124464128 -1.100583536 -0.752180572
701551 1551.000000 17758100001551000 -0.019940788 0.122653373 -1.120399635 -0.707089441
701552 1552.000000 17758100001552000 -0.019763207 0.122153654 -1.137948020 -0.701003497
701553 1553.000000 17758100001553000 -0.019467436 0.120852210 -1.161675431 -0.623962993
701554 1554.000000 17758100001554000 -0.019053765 0.119938727 -1.192238006 -0.599994526
701555 1555.000000 17758100001555000 -0.018522602 0.118897119 -1.210913449 -0.596673820
701556 1556.000000 17758100001556000 -0.017874470 0.117263770 -1.225575153 -0.579188031
701557 1557.000000 17758100001557000 -0.017110011 0.116251702 -1.243771566 -0.524181620
701558 1558.000000 17758100001558000 -0.016229980 0.114671166 -1.254354324 -0.428256794
701559 1559.000000 17758100001559000 -0.015235242 0.113514750 -1.270595778 -0.436851267
701560 1560.000000 17758100001560000 -0.014126782 0.111924823 -1.285091503 -0.388268768
701561 1561.000000 17758100001561000 -0.012905693 0.110981882 -1.299248200 -0.338632602
701562 1562.000000 17758100001562000 -0.011573179 0.109956618 -1.301694120 -0.308102480
701563 1563.000000 17758100001563000 -0.010130555 0.108732771 -1.317336310 -0.266323127
701564 1564.000000 17758100001564000 -0.008579247 0.106732922 -1.327492521 -0.249698964
701565 1565.000000 17758100001565000 -0.006920783 0.105885549 -1.332053472 -0.193808040
701566 1566.000000 17758100001566000 -0.005156802 0.103985189 -1.340721368 -0.207334341
701567 1567.000000 17758100001567000 -0.003289043 0.102926158 -1.345904539 -0.119781009
701568 1568.000000 17758100001568000 -0.001319351 0.101480428 -1.338676778 -0.052860641
701569 1569.000000 17758100001569000 0.000750331 0.100288898 -1.350051340 -0.015594532
701570 1570.000000 17758100001570000 0.002917961 0.099009932 -1.350002024 -0.022054927
701571 1571.000000 17758100001571000 0.005181399 0.097828855 -1.349550311 0.033357144
701572 1572.000000 17758100001572000 0.007538411 0.096317630 -1.348440883 0.086831535
701573 1573.000000 17758100001573000 0.009986672 0.094465461 -1.338899558 0.109501579
701574 1574.000000 17758100001574000 0.012523765 0.093520473 -1.334711863 0.149868731
701575 1575.000000 17758100001575000 0.015147186 0.092276732 -1.328221855 0.207032280
701576 1576.000000 17758100001576000 0.017854348 0.090816247 -1.328489029 0.219900477
701577 1577.000000 17758100001577000 0.020642577 0.089289007 -1.318976117 0.339667733
701578 1578.000000 17758100001578000 0.023509121 0.088780097 -1.305050049 0.346457989
701579 1579.000000 17758100001579000 0.026451154 0.086789157 -1.292079574 0.360235329
701580 1580.000000 17758100001580000 0.029465770 0.085942951 -1.274186573 0.365479615
701581 1581.000000 17758100001581000 0.032549996 0.084793826 -1.264463285 0.437026038
701582 1582.000000 17758100001582000 0.035700783 0.083351150 -1.250502762 0.472623803
701583 1583.000000 17758100001583000 0.038915031 0.081695629 -1.230622931 0.478007810
701584 1584.000000 17758100001584000 0.042189561 0.080355572 -1.220764079 0.518531066
701585 1585.000000 17758100001585000 0.045521140 0.079524177 -1.195427113 0.558950190
701586 1586.000000 17758100001586000 0.048906486 0.078396497 -1.181134343 0.618417256
701587 1587.000000 17758100001587000 0.052342255 0.077395432 -1.156858341 0.653768125
701588 1588.000000 17758100001588000 0.055825055 0.075909068 -1.132345631 0.677125591
701589 1589.000000 17758100001589000 0.059351448 0.074980548 -1.109185323 0.704224815
701590 1590.000000 17758100001590000 0.062917963 0.073931825 -1.082628149 0.794359922
701591 1591.000000 17758100001591000 0.066521071 0.073330996 -1.053410321 0.798098578
701592 1592.000000 17758100001592000 0.070157215 0.071971356 -1.024717113 0.796564787
701593 1593.000000 17758100001593000 0.073822811 0.070658625 -1.000915124 0.848627025
701594 1594.000000 17758100001594000 0.077514239 0.069802009 -0.973115718 0.857539442
701595 1595.000000 17758100001595000 0.081227861 0.068798646 -0.952232889 0.900686872
701596 1596.000000 17758100001596000 0.084960014 0.068112915 -0.920476988 0.884890897
701597 1597.000000 17758100001597000 0.088707000 0.067165628 -0.881980637 0.968216072
701598 1598.000000 17758100001598000 0.092465140 0.066397384 -0.847368858 0.990130215
701599 1599.000000 17758100001599000 0.096230708 0.065766944 -0.813787294 1.041652625
701600 1600.000000 17758100001600000 0.100000001 0.064948040 -0.775869990 1.016765495
701601 1601.000000 17758100001601000 0.103769287 0.063609134 -0.750916261 1.022120410
701602 1602.000000 17758100001602000 0.107534863 0.063314067 -0.709363118 1.050109680
701603 1603.000000 17758100001603000 0.111292996 0.062519129 -0.680684645 1.094170556
701604 1604.000000 17758100001604000 0.115039989 0.062049478 -0.643664928 1.113633353
701605 1605.000000 17758100001605000 0.118772134 0.061235405 -0.592628579 1.147901999
701606 1606.000000 17758100001606000 0.122485757 0.060840957 -0.567680785 1.159196577
701607 1607.000000 17758100001607000 0.126177192 0.060231220 -0.521932043 1.148874284
701608 1608.000000 17758100001608000 0.129842788 0.060079008 -0.488559868 1.195042058
701609 1609.000000 17758100001609000 0.133478940 0.058957368 -0.447177958 1.185098059
701610 1610.000000 17758100001610000 0.137082040 0.058970508 -0.412888533 1.192375727
701611 1611.000000 17758100001611000 0.140648544 0.059092615 -0.360912220 1.247604447
701612 1612.000000 17758100001612000 0.144174948 0.058211743 -0.328319982 1.224802178
701613 1613.000000 17758100001613000 0.147657752 0.058114940 -0.288304847 1.247870740
701614 1614.000000 17758100001614000 0.151093513 0.057602603 -0.245687498 1.208305707
701615 1615.000000 17758100001615000 0.154478863 0.057793223 -0.201353661 1.255340456
701616 1616.000000 17758100001616000 0.157810435 0.056930523 -0.156566859 1.247159659
701617 1617.000000 17758100001617000 0.161084965 0.057224149 -0.108331592 1.294811359
701618 1618.000000 17758100001618000 0.164299220 0.057040514 -0.072830431 1.277256259
701619 1619.000000 17758100001619000 0.167450011 0.056994838 -0.027557714 1.248412001
701620 1620.000000 17758100001620000 0.170534223 0.056848967 0.011539074 1.286691126
701621 1621.000000 17758100001621000 0.173548847 0.056869547 0.044767725 1.230387425
701622 1622.000000 17758100001622000 0.176490873 0.057203356 0.101475433 1.280492176
701623 1623.000000 17758100001623000 0.179357424 0.057473567 0.139203519 1.271668089
701624 1624.000000 17758100001624000 0.182145655 0.057669930 0.172695654 1.266255327
701625 1625.000000 17758100001625000 0.184852809 0.057452692 0.229524210 1.231466472
701626 1626.000000 17758100001626000 0.187476233 0.057735887 0.266962701 1.250370301
701627 1627.000000 17758100001627000 0.190013334 0.058172418 0.303716130 1.246736750
701628 1628.000000 17758100001628000 0.192461595 0.058686509 0.345380855 1.209245702
701629 1629.000000 17758100001629000 0.194818601 0.059150990 0.391178180 1.207494055
701630 1630.000000 17758100001630000 0.197082043 0.059343842 0.429756887 1.211594879
701631 1631.000000 17758100001631000 0.199249670 0.059907394 0.459774804 1.230761264
701632 1632.000000 17758100001632000 0.201319352 0.060348076 0.502982172 1.219153167
701633 1633.000000 17758100001633000 0.203289047 0.061139603 0.548593596 1.154141341
701634 1634.000000 17758100001634000 0.205156803 0.061954949 0.587999040 1.185087202
701635 1635.000000 17758100001635000 0.206920788 0.062360370 0.617845553 1.138195053
701636 1636.000000 17758100001636000 0.208579242 0.062847848 0.656958629 1.094278846
701637 1637.000000 17758100001637000 0.210130557 0.063544347 0.685855435 1.069640299
701638 1638.000000 17758100001638000 0.211573184 0.064407753 0.736198280 1.078393035
701639 1639.000000 17758100001639000 0.212905690 0.064653278 0.760021025 1.065986061
701640 1640.000000 17758100001640000 0.214126781 0.065998439 0.803021421 1.017748399
701641 1641.000000 17758100001641000 0.215235248 0.066669893 0.832016675 0.977277286
701642 1642.000000 17758100001642000 0.216229975 0.067737785 0.865908684 1.000934643
701643 1643.000000 17758100001643000 0.217110008 0.068538094 0.897749239 0.935099282
701644 1644.000000 17758100001644000 0.217874467 0.069307529 0.925040758 0.940113123
701645 1645.000000 17758100001645000 0.218522608 0.070244477 0.964918307 0.882224535
701646 1646.000000 17758100001646000 0.219053760 0.071546947 0.987043016 0.857486304
701647 1647.000000 17758100001647000 0.219467431 0.072385746 1.014694428 0.840499556
701648 1648.000000 17758100001648000 0.219763204 0.073448913 1.051018615 0.794357367
701649 1649.000000 17758100001649000 0.219940782 0.074468232 1.073648874 0.782328152
701650 1650.000000 17758100001650000 0.219999999 0.075448814 1.100652392 0.757590023
701651 1651.000000 17758100001651000 0.219940782 0.076602471 1.115950841 0.703400193
701652 1652.000000 17758100001652000 0.219763204 0.077572914 1.139967504 0.684358259
701653 1653.000000 17758100001653000 0.219467431 0.078915994 1.173463591 0.617175015
701654 1654.000000 17758100001654000 0.219053760 0.079939536 1.188357102 0.663144965
701655 1655.000000 17758100001655000 0.218522608 0.081530784 1.206716535 0.571520866
701656 1656.000000 17758100001656000 0.217874467 0.082562516 1.230450052 0.504537753
701657 1657.000000 17758100001657000 0.217110008 0.083595634 1.251851870 0.487141783
701658 1658.000000 17758100001658000 0.216229975 0.085207602 1.260775421 0.470971474
701659 1659.000000 17758100001659000 0.215235248 0.086556314 1.277596059 0.389734673
701660 1660.000000 17758100001660000 0.214126781 0.087575135 1.282817200 0.415721372
701661 1661.000000 17758100001661000 0.212905690 0.089095353 1.294564066 0.354581063
701662 1662.000000 17758100001662000 0.211573184 0.090179614 1.306327163 0.304618922
701663 1663.000000 17758100001663000 0.210130557 0.091390568 1.327847799 0.286790385
701664 1664.000000 17758100001664000 0.208579242 0.092827707 1.327790997 0.251492322
701665 1665.000000 17758100001665000 0.206920788 0.094098391 1.326357557 0.238867825
701666 1666.000000 17758100001666000 0.205156803 0.095459125 1.346883441 0.148090812
701667 1667.000000 17758100001667000 0.203289047 0.097002531 1.339513909 0.111193188
701668 1668.000000 17758100001668000 0.201319352 0.098350010 1.339012327 0.095316670
701669 1669.000000 17758100001669000 0.199249670 0.099921739 1.348008359 0.031616733
701670 1670.000000 17758100001670000 0.197082043 0.101128833 1.354643484 -0.026865497
701671 1671.000000 17758100001671000 0.194818601 0.102479748 1.341597596 -0.044430374
701672 1672.000000 17758100001672000 0.192461595 0.103539531 1.335087315 -0.090573842
701673 1673.000000 17758100001673000 0.190013334 0.105013839 1.342960360 -0.090122212
701674 1674.000000 17758100001674000 0.187476233 0.106166802 1.340226774 -0.160761526
701675 1675.000000 17758100001675000 0.184852809 0.107570146 1.329779426 -0.196755822
701676 1676.000000 17758100001676000 0.182145655 0.109120730 1.321326888 -0.226287269
701677 1677.000000 17758100001677000 0.179357424 0.110066011 1.320571980 -0.267643059
701678 1678.000000 17758100001678000 0.176490873 0.111596786 1.302004512 -0.312114547
701679 1679.000000 17758100001679000 0.173548847 0.112545976 1.289319357 -0.352025023
701680 1680.000000 17758100001680000 0.170534223 0.114346477 1.284397420 -0.375410878
701681 1681.000000 17758100001681000 0.167450011 0.115544169 1.255579396 -0.404655463
701682 1682.000000 17758100001682000 0.164299220 0.116686636 1.255126145 -0.466621497
701683 1683.000000 17758100001683000 0.161084965 0.118165148 1.237075384 -0.554528530
701684 1684.000000 17758100001684000 0.157810435 0.119232678 1.218110796 -0.552412545
701685 1685.000000 17758100001685000 0.154478863 0.120523679 1.196023794 -0.566419847
701686 1686.000000 17758100001686000 0.151093513 0.121370294 1.178263595 -0.632898079
701687 1687.000000 17758100001687000 0.147657752 0.122821630 1.157982108 -0.691376174
701688 1688.000000 17758100001688000 0.144174948 0.124043523 1.132918797 -0.681952112
701689 1689.000000 17758100001689000 0.140648544 0.124847020 1.111030248 -0.720634438
701690 1690.000000 17758100001690000 0.137082040 0.125750327 1.079192845 -0.760739081
701691 1691.000000 17758100001691000 0.133478940 0.127287531 1.063146528 -0.805564255
701692 1692.000000 17758100001692000 0.129842788 0.128147888 1.038461905 -0.789158334
701693 1693.000000 17758100001693000 0.126177192 0.129003906 1.000959369 -0.823586375
701694 1694.000000 17758100001694000 0.122485757 0.130004376 0.968938384 -0.880832977
701695 1695.000000 17758100001695000 0.118772134 0.131133726 0.942193396 -0.916556484
701696 1696.000000 17758100001696000 0.115039989 0.131694878 0.923652806 -0.956983177
701697 1697.000000 17758100001697000 0.111292996 0.133150623 0.885055639 -0.962163571
701698 1698.000000 17758100001698000 0.107534863 0.133794834 0.855727742 -0.967964023
701699 1699.000000 17758100001699000 0.103769287 0.134587378 0.819322086 -1.006828328
701700 1700.000000 17758100001700000 0.100000001 0.135295061 0.786881343 -1.005186178
701701 1701.000000 17758100001701000 0.096230708 0.135979780 0.752707009 -1.043510504
701702 1702.000000 17758100001702000 0.092465140 0.136620616 0.707154613 -1.060677888
701703 1703.000000 17758100001703000 0.088707000 0.137162262 0.675969938 -1.098217753
701704 1704.000000 17758100001704000 0.084960014 0.137911334 0.634681849 -1.136514073
701705 1705.000000 17758100001705000 0.081227861 0.138665865 0.604825624 -1.094976538
701706 1706.000000 17758100001706000 0.077514239 0.139087941 0.564264086 -1.154123446
701707 1707.000000 17758100001707000 0.073822811 0.139828079 0.531601865 -1.190343009
701708 1708.000000 17758100001708000 0.070157215 0.140171386 0.487454259 -1.169827400
701709 1709.000000 17758100001709000 0.066521071 0.140795894 0.448574546 -1.222245279
701710 1710.000000 17758100001710000 0.062917963 0.141335717 0.397550406 -1.207016050
701711 1711.000000 17758100001711000 0.059351448 0.141058817 0.368428728 -1.207694226
701712 1712.000000 17758100001712000 0.055825055 0.141589503 0.318736667 -1.212349766
701713 1713.000000 17758100001713000 0.052342255 0.142073056 0.285016064 -1.218366759
701714 1714.000000 17758100001714000 0.048906486 0.142435937 0.245370719 -1.264904480
701715 1715.000000 17758100001715000 0.045521140 0.142151327 0.199182560 -1.244963365
701716 1716.000000 17758100001716000 0.042189561 0.142639393 0.164028428 -1.246927093
701717 1717.000000 17758100001717000 0.038915031 0.142991531 0.117463345 -1.270121420
701718 1718.000000 17758100001718000 0.035700783 0.142803227 0.064370291 -1.289651229
701719 1719.000000 17758100001719000 0.032549996 0.143194444 0.021735525 -1.295616860
701720 1720.000000 17758100001720000 0.029465770 0.143056621 -0.006487488 -1.258420912
701721 1721.000000 17758100001721000 0.026451154 0.142872141 -0.048491166 -1.283994665
701722 1722.000000 17758100001722000 0.023509121 0.142381387 -0.100948395 -1.296469821
701723 1723.000000 17758100001723000 0.020642577 0.142604522 -0.127251144 -1.262983308
701724 1724.000000 17758100001724000 0.017854348 0.142511942 -0.177350202 -1.261193645
701725 1725.000000 17758100001725000 0.015147186 0.142042833 -0.222299593 -1.254685490
701726 1726.000000 17758100001726000 0.012523765 0.141744835 -0.264164268 -1.245668416
701727 1727.000000 17758100001727000 0.009986672 0.141620851 -0.304364393 -1.254209928
701728 1728.000000 17758100001728000 0.007538411 0.141375990 -0.342752446 -1.233017253
701729 1729.000000 17758100001729000 0.005181399 0.140829567 -0.384456841 -1.206931592
701730 1730.000000 17758100001730000 0.002917961 0.140759109 -0.427183051 -1.203870714
701731 1731.000000 17758100001731000 0.000750331 0.139924793 -0.467858188 -1.169467341
701732 1732.000000 17758100001732000 -0.001319351 0.139215618 -0.509017235 -1.188447037
701733 1733.000000 17758100001733000 -0.003289043 0.139068107 -0.540797908 -1.170609311
701734 1734.000000 17758100001734000 -0.005156802 0.138419678 -0.583409990 -1.142001088
701735 1735.000000 17758100001735000 -0.006920783 0.137669853 -0.622397870 -1.155615674
701736 1736.000000 17758100001736000 -0.008579247 0.136980705 -0.654646082 -1.105784514
701737 1737.000000 17758100001737000 -0.010130555 0.136508985 -0.688088437 -1.111553530
701738 1738.000000 17758100001738000 -0.011573179 0.135533504 -0.735702346 -1.072472548
701739 1739.000000 17758100001739000 -0.012905693 0.135250541 -0.768827300 -1.047032348
701740 1740.000000 17758100001740000 -0.014126782 0.134406519 -0.805876912 -1.021300367
701741 1741.000000 17758100001741000 -0.015235242 0.133299022 -0.840358681 -0.984711081
701742 1742.000000 17758100001742000 -0.016229980 0.132315560 -0.861241467 -0.997369802
701743 1743.000000 17758100001743000 -0.017110011 0.131513050 -0.899305891 -0.968611273
701744 1744.000000 17758100001744000 -0.017874470 0.130147688 -0.919870153 -0.926649160
701745 1745.000000 17758100001745000 -0.018522602 0.129643258 -0.962983449 -0.900081994
701746 1746.000000 17758100001746000 -0.019053765 0.128786218 -0.990421069 -0.864971829
701747 1747.000000 17758100001747000 -0.019467436 0.127715364 -1.018995117 -0.844300564
701748 1748.000000 17758100001748000 -0.019763207 0.126334048 -1.049720701 -0.823085054
701749 1749.000000 17758100001749000 -0.019940788 0.125470652 -1.075754150 -0.773117405
701750 1750.000000 17758100001750000 -0.020000000 0.124535664 -1.103156053 -0.763276724
701751 1751.000000 17758100001751000 -0.019940788 0.123398815 -1.127049533 -0.687916024
701752 1752.000000 17758100001752000 -0.019763207 0.121744969 -1.143924151 -0.663008954
701753 1753.000000 17758100001753000 -0.019467436 0.121121163 -1.160853562 -0.641052850
701754 1754.000000 17758100001754000 -0.019053765 0.119900416 -1.195634447 -0.634665909
701755 1755.000000 17758100001755000 -0.018522602 0.118810387 -1.207335166 -0.602692157
701756 1756.000000 17758100001756000 -0.017874470 0.117345446 -1.231852047 -0.532618550
701757 1757.000000 17758100001757000 -0.017110011 0.115962830 -1.254753205 -0.488292233
701758 1758.000000 17758100001758000 -0.016229980 0.114497248 -1.265445277 -0.420946334
701759 1759.000000 17758100001759000 -0.015235242 0.113544770 -1.278009316 -0.480599183
701760 1760.000000 17758100001760000 -0.014126782 0.112496261 -1.298391707 -0.388292380
701761 1761.000000 17758100001761000 -0.012905693 0.110658238 -1.289960925 -0.350852183
701762 1762.000000 17758100001762000 -0.011573179 0.110011332 -1.310475935 -0.278242904
701763 1763.000000 17758100001763000 -0.010130555 0.108493735 -1.312935476 -0.285828979
701764 1764.000000 17758100001764000 -0.008579247 0.107346094 -1.327148202 -0.247543558
701765 1765.000000 17758100001765000 -0.006920783 0.105524231 -1.327375547 -0.219657328
701766 1766.000000 17758100001766000 -0.005156802 0.104147907 -1.334956258 -0.172378940
701767 1767.000000 17758100001767000 -0.003289043 0.103139668 -1.339276166 -0.124522217
701768 1768.000000 17758100001768000 -0.001319351 0.101526383 -1.344900215 -0.085045237
701769 1769.000000 17758100001769000 0.000750331 0.100267836 -1.350818634 -0.035629737
701770 1770.000000 17758100001770000 0.002917961 0.099339276 -1.344179109 -0.001544285
701771 1771.000000 17758100001771000 0.005181399 0.097589936 -1.346483799 0.026205820
701772 1772.000000 17758100001772000 0.007538411 0.096218119 -1.351264755 0.077533360
701773 1773.000000 17758100001773000 0.009986672 0.094887750 -1.343097615 0.104757617
701774 1774.000000 17758100001774000 0.012523765 0.093558162 -1.328249360 0.203073381
701775 1775.000000 17758100001775000 0.015147186 0.092353926 -1.331471512 0.230202171
701776 1776.000000 17758100001776000 0.017854348 0.091057264 -1.325960274 0.252405942
701777 1777.000000 17758100001777000 0.020642577 0.089618545 -1.330087219 0.249141811
701778 1778.000000 17758100001778000 0.023509121 0.088472478 -1.312293803 0.343321235
701779 1779.000000 17758100001779000 0.026451154 0.087291061 -1.289837094 0.337937929
701780 1780.000000 17758100001780000 0.029465770 0.085910819 -1.278911395 0.363998171
701781 1781.000000 17758100001781000 0.032549996 0.084845898 -1.252641118 0.428953697
701782 1782.000000 17758100001782000 0.035700783 0.083315991 -1.250164996 0.472454367
701783 1783.000000 17758100001783000 0.038915031 0.081961839 -1.237884996 0.524635277
701784 1784.000000 17758100001784000 0.042189561 0.080900440 -1.207814518 0.529707916
701785 1785.000000 17758100001785000 0.045521140 0.079569928 -1.199357604 0.588440226
701786 1786.000000 17758100001786000 0.048906486 0.078814624 -1.171606170 0.615597826
701787 1787.000000 17758100001787000 0.052342255 0.076961328 -1.149419075 0.684531934
701788 1788.000000 17758100001788000 0.055825055 0.076033294 -1.128233987 0.695286074
701789 1789.000000 17758100001789000 0.059351448 0.075276319 -1.105601619 0.711200357
701790 1790.000000 17758100001790000 0.062917963 0.073631919 -1.082203608 0.767656083
701791 1791.000000 17758100001791000 0.066521071 0.072529292 -1.055568121 0.772127930
701792 1792.000000 17758100001792000 0.070157215 0.071584282 -1.033566287 0.832320212
701793 1793.000000 17758100001793000 0.073822811 0.070938060 -0.991579253 0.838870531
701794 1794.000000 17758100001794000 0.077514239 0.069895728 -0.990334321 0.866525308
701795 1795.000000 17758100001795000 0.081227861 0.068602692 -0.940798410 0.928870918
701796 1796.000000 17758100001796000 0.084960014 0.068277933 -0.920863053 0.965296014
701797 1797.000000 17758100001797000 0.088707000 0.067014032 -0.889705666 0.966073086
701798 1798.000000 17758100001798000 0.092465140 0.066327699 -0.851724171 1.017624009
701799 1799.000000 17758100001799000 0.096230708 0.065305615 -0.818532754 1.014302150
701800 1800.000000 17758100001800000 0.100000001 0.065080497 -0.782485401 1.006024876
701801 1801.000000 17758100001801000 0.103769287 0.063676648 -0.752962271 1.106519327
701802 1802.000000 17758100001802000 0.107534863 0.063180864 -0.714105141 1.064489901
701803 1803.000000 17758100001803000 0.111292996 0.062672553 -0.669172955 1.128931769
701804 1804.000000 17758100001804000 0.115039989 0.061821095 -0.643624034 1.119704340
701805 1805.000000 17758100001805000 0.118772134 0.061396975 -0.609566841 1.144793659
701806 1806.000000 17758100001806000 0.122485757 0.060653000 -0.567142725 1.147401731
701807 1807.000000 17758100001807000 0.126177192 0.060430397 -0.524643139 1.141550054
701808 1808.000000 17758100001808000 0.129842788 0.059708715 -0.484483824 1.186110154
701809 1809.000000 17758100001809000 0.133478940 0.059304965 -0.445715866 1.189820493
701810 1810.000000 17758100001810000 0.137082040 0.059337990 -0.413580762 1.205633421
701811 1811.000000 17758100001811000 0.140648544 0.058536106 -0.361100398 1.235083158
701812 1812.000000 17758100001812000 0.144174948 0.058220186 -0.330643966 1.243241448
701813 1813.000000 17758100001813000 0.147657752 0.058021573 -0.285377869 1.265532472
701814 1814.000000 17758100001814000 0.151093513 0.057703987 -0.239830464 1.256411650
701815 1815.000000 17758100001815000 0.154478863 0.057309677 -0.198118436 1.245819197
701816 1816.000000 17758100001816000 0.157810435 0.057157991 -0.153134504 1.272533013
701817 1817.000000 17758100001817000 0.161084965 0.057385870 -0.114110323 1.288514879
701818 1818.000000 17758100001818000 0.164299220 0.056926678 -0.073800509 1.246463369
701819 1819.000000 17758100001819000 0.167450011 0.057029030 -0.033795764 1.237054412
701820 1820.000000 17758100001820000 0.170534223 0.057023493 0.013088834 1.261184021
701821 1821.000000 17758100001821000 0.173548847 0.057012301 0.057847029 1.241765185
701822 1822.000000 17758100001822000 0.176490873 0.056986103 0.096010443 1.272304066
701823 1823.000000 17758100001823000 0.179357424 0.057456778 0.136103132 1.208862463
701824 1824.000000 17758100001824000 0.182145655 0.057606019 0.175481969 1.265690708
701825 1825.000000 17758100001825000 0.184852809 0.057732687 0.224249407 1.237453500
701826 1826.000000 17758100001826000 0.187476233 0.058130840 0.261496123 1.248604320
701827 1827.000000 17758100001827000 0.190013334 0.058433909 0.297660895 1.256943933
701828 1828.000000 17758100001828000 0.192461595 0.058332741 0.340600138 1.232929435
701829 1829.000000 17758100001829000 0.194818601 0.058830748 0.385952568 1.223873726
701830 1830.000000 17758100001830000 0.197082043 0.059623140 0.431924484 1.227119033
701831 1831.000000 17758100001831000 0.199249670 0.059853954 0.458802140 1.204888633
701832 1832.000000 17758100001832000 0.201319352 0.060346510 0.506818978 1.192698145
701833 1833.000000 17758100001833000 0.203289047 0.061096447 0.545439021 1.154520081
701834 1834.000000 17758100001834000 0.205156803 0.061542980 0.578228749 1.164572174
701835 1835.000000 17758100001835000 0.206920788 0.062158905 0.625331682 1.122143394
701836 1836.000000 17758100001836000 0.208579242 0.062924773 0.664676304 1.093945499
701837 1837.000000 17758100001837000 0.210130557 0.063551022 0.678464459 1.070952900
701838 1838.000000 17758100001838000 0.211573184 0.064437701 0.718856615 1.088495204
701839 1839.000000 17758100001839000 0.212905690 0.064585442 0.761071255 1.052735921
701840 1840.000000 17758100001840000 0.214126781 0.066082621 0.807464852 0.997192129
701841 1841.000000 17758100001841000 0.215235248 0.066735431 0.831564546 0.981565768
701842 1842.000000 17758100001842000 0.216229975 0.067591109 0.865198074 0.982019462
701843 1843.000000 17758100001843000 0.217110008 0.068457055 0.892819837 0.959044541
701844 1844.000000 17758100001844000 0.217874467 0.069496372 0.937910367 0.924326698
701845 1845.000000 17758100001845000 0.218522608 0.070387642 0.967218463 0.912111348
701846 1846.000000 17758100001846000 0.219053760 0.071414135 0.983569061 0.891837739
701847 1847.000000 17758100001847000 0.219467431 0.072715104 1.015995651 0.815826201
701848 1848.000000 17758100001848000 0.219763204 0.073453751 1.046711202 0.827099381
701849 1849.000000 17758100001849000 0.219940782 0.074460480 1.068988879 0.797431881
701850 1850.000000 17758100001850000 0.219999999 0.075425703 1.093533797 0.768451206
701851 1851.000000 17758100001851000 0.219940782 0.076734130 1.113668514 0.664027415
701852 1852.000000 17758100001852000 0.219763204 0.077804064 1.141714988 0.675490153
701853 1853.000000 17758100001853000 0.219467431 0.078928946 1.159492805 0.672763960
701854 1854.000000 17758100001854000 0.219053760 0.080341415 1.178964591 0.621363887
701855 1855.000000 17758100001855000 0.218522608 0.081266146 1.207388372 0.560304492
701856 1856.000000 17758100001856000 0.217874467 0.082937101 1.230901296 0.520230730
701857 1857.000000 17758100001857000 0.217110008 0.083835426 1.240139432 0.465953144
701858 1858.000000 17758100001858000 0.216229975 0.084901043 1.253877392 0.470166127
701859 1859.000000 17758100001859000 0.215235248 0.086105736 1.269189260 0.449196512
701860 1860.000000 17758100001860000 0.214126781 0.087674777 1.283804423 0.416118352
701861 1861.000000 17758100001861000 0.212905690 0.088926257 1.295119824 0.353571379
701862 1862.000000 17758100001862000 0.211573184 0.090262379 1.309301546 0.311314374
701863 1863.000000 17758100001863000 0.210130557 0.091653115 1.322917629 0.233295338
701864 1864.000000 17758100001864000 0.208579242 0.093124204 1.330851691 0.214495988
701865 1865.000000 17758100001865000 0.206920788 0.094045180 1.335305682 0.201823419
701866 1866.000000 17758100001866000 0.205156803 0.096110071 1.340166711 0.162327135
701867 1867.000000 17758100001867000 0.203289047 0.097325942 1.346658850 0.094609117
701868 1868.000000 17758100001868000 0.201319352 0.098300110 1.353501704 0.077803330
701869 1869.000000 17758100001869000 0.199249670 0.099602897 1.349941558 0.008386808
701870 1870.000000 17758100001870000 0.197082043 0.100911832 1.344919809 -0.005521938
701871 1871.000000 17758100001871000 0.194818601 0.102509480 1.344909168 -0.057399176
701872 1872.000000 17758100001872000 0.192461595 0.103628594 1.335478467 -0.066715326
701873 1873.000000 17758100001873000 0.190013334 0.105001994 1.343172005 -0.136308297
701874 1874.000000 17758100001874000 0.187476233 0.106473688 1.332426230 -0.179718132
701875 1875.000000 17758100001875000 0.184852809 0.107445502 1.323145665 -0.193390858
701876 1876.000000 17758100001876000 0.182145655 0.108798977 1.332885195 -0.265580665
701877 1877.000000 17758100001877000 0.179357424 0.110012155 1.311925540 -0.290938834
701878 1878.000000 17758100001878000 0.176490873 0.111564043 1.301460453 -0.369720515
701879 1879.000000 17758100001879000 0.173548847 0.112687096 1.290901940 -0.366285496
701880 1880.000000 17758100001880000 0.170534223 0.114224222 1.284985454 -0.382519693
701881 1881.000000 17758100001881000 0.167450011 0.115748535 1.259528376 -0.428432074
701882 1882.000000 17758100001882000 0.164299220 0.116482748 1.253725887 -0.475759719
701883 1883.000000 17758100001883000 0.161084965 0.117885731 1.224240566 -0.508215858
701884 1884.000000 17758100001884000 0.157810435 0.119103126 1.214935056 -0.589317404
701885 1885.000000 17758100001885000 0.154478863 0.120129829 1.194643838 -0.589615013
701886 1886.000000 17758100001886000 0.151093513 0.121377339 1.169316572 -0.604574406
701887 1887.000000 17758100001887000 0.147657752 0.122865328 1.163132375 -0.679163050
701888 1888.000000 17758100001888000 0.144174948 0.123825870 1.130948540 -0.663080066
701889 1889.000000 17758100001889000 0.140648544 0.124783400 1.113682015 -0.686951883
701890 1890.000000 17758100001890000 0.137082040 0.125723682 1.082961377 -0.753118200
701891 1891.000000 17758100001891000 0.133478940 0.127073690 1.055112635 -0.757181598
701892 1892.000000 17758100001892000 0.129842788 0.128423736 1.017771971 -0.810938614
701893 1893.000000 17758100001893000 0.126177192 0.129427254 1.011238486 -0.855113603
701894 1894.000000 17758100001894000 0.122485757 0.130184915 0.978940239 -0.875535360
701895 1895.000000 17758100001895000 0.118772134 0.131160868 0.942501432 -0.885062785
701896 1896.000000 17758100001896000 0.115039989 0.131740888 0.921583124 -0.934021076
701897 1897.000000 17758100001897000 0.111292996 0.133004322 0.881648521 -0.956034242
701898 1898.000000 17758100001898000 0.107534863 0.133677002 0.851937303 -0.973398206
701899 1899.000000 17758100001899000 0.103769287 0.134828505 0.819676966 -0.978321945
701900 1900.000000 17758100001900000 0.100000001 0.135473417 0.784031811 -1.049516887
701901 1901.000000 17758100001901000 0.096230708 0.135729466 0.740954014 -1.082296498
701902 1902.000000 17758100001902000 0.092465140 0.137029439 0.717584567 -1.079565362
701903 1903.000000 17758100001903000 0.088707000 0.137695352 0.676084731 -1.113719765
701904 1904.000000 17758100001904000 0.084960014 0.138116165 0.644820850 -1.118871879
701905 1905.000000 17758100001905000 0.081227861 0.138935252 0.601870007 -1.130493098
701906 1906.000000 17758100001906000 0.077514239 0.139358571 0.562907630 -1.169424090
701907 1907.000000 17758100001907000 0.073822811 0.140097124 0.522323518 -1.155526252
701908 1908.000000 17758100001908000 0.070157215 0.140310959 0.482966859 -1.143052155
701909 1909.000000 17758100001909000 0.066521071 0.140405194 0.445889710 -1.193099788
701910 1910.000000 17758100001910000 0.062917963 0.140946790 0.399429187 -1.219924241
701911 1911.000000 17758100001911000 0.059351448 0.141489790 0.366596144 -1.218532776
701912 1912.000000 17758100001912000 0.055825055 0.141878178 0.320770871 -1.230423916
701913 1913.000000 17758100001913000 0.052342255 0.142107549 0.279386085 -1.245496791
701914 1914.000000 17758100001914000 0.048906486 0.142494915 0.248445592 -1.243885125
701915 1915.000000 17758100001915000 0.045521140 0.142307109 0.195525225 -1.257357835
701916 1916.000000 17758100001916000 0.042189561 0.142355658 0.166064633 -1.296075817
701917 1917.000000 17758100001917000 0.038915031 0.142936730 0.108908491 -1.290200684
701918 1918.000000 17758100001918000 0.035700783 0.142751533 0.075618107 -1.293650847
701919 1919.000000 17758100001919000 0.032549996 0.142941336 0.024774396 -1.245447463
701920 1920.000000 17758100001920000 0.029465770 0.142711816 -0.008911465 -1.265883480
701921 1921.000000 17758100001921000 0.026451154 0.142796329 -0.048255987 -1.273976768
701922 1922.000000 17758100001922000 0.023509121 0.142800235 -0.091036261 -1.284186223
701923 1923.000000 17758100001923000 0.020642577 0.142307195 -0.130735335 -1.283743588
701924 1924.000000 17758100001924000 0.017854348 0.142478578 -0.179809126 -1.220562379
701925 1925.000000 17758100001925000 0.015147186 0.142342690 -0.228494428 -1.257133330
701926 1926.000000 17758100001926000 0.012523765 0.142157692 -0.257799118 -1.254122157
701927 1927.000000 17758100001927000 0.009986672 0.141681257 -0.309541059 -1.292022768
701928 1928.000000 17758100001928000 0.007538411 0.141150164 -0.341388984 -1.256259692
701929 1929.000000 17758100001929000 0.005181399 0.141129098 -0.386092010 -1.210361838
701930 1930.000000 17758100001930000 0.002917961 0.140654510 -0.424701963 -1.216357389
701931 1931.000000 17758100001931000 0.000750331 0.140216144 -0.464767510 -1.218754497
701932 1932.000000 17758100001932000 -0.001319351 0.139600816 -0.510757143 -1.160034822
701933 1933.000000 17758100001933000 -0.003289043 0.138975777 -0.546999842 -1.160857793
701934 1934.000000 17758100001934000 -0.005156802 0.138511923 -0.580970156 -1.127769636
701935 1935.000000 17758100001935000 -0.006920783 0.137629311 -0.628615951 -1.155961119
701936 1936.000000 17758100001936000 -0.008579247 0.137378880 -0.660313469 -1.118952622
701937 1937.000000 17758100001937000 -0.010130555 0.136256902 -0.691133710 -1.118416798
701938 1938.000000 17758100001938000 -0.011573179 0.135507453 -0.730519664 -1.060616172
701939 1939.000000 17758100001939000 -0.012905693 0.135223520 -0.763257571 -1.033177845
701940 1940.000000 17758100001940000 -0.014126782 0.133899511 -0.799941259 -0.997590763
701941 1941.000000 17758100001941000 -0.015235242 0.133301350 -0.832240613 -1.026389464
701942 1942.000000 17758100001942000 -0.016229980 0.132561214 -0.860464494 -0.965645348
701943 1943.000000 17758100001943000 -0.017110011 0.131536952 -0.905822855 -0.928135033
701944 1944.000000 17758100001944000 -0.017874470 0.130374461 -0.932596324 -0.891608034
701945 1945.000000 17758100001945000 -0.018522602 0.129524195 -0.961749900 -0.882829526
701946 1946.000000 17758100001946000 -0.019053765 0.128428183 -0.994882783 -0.870144459
701947 1947.000000 17758100001947000 -0.019467436 0.127496097 -1.020017613 -0.806056757
701948 1948.000000 17758100001948000 -0.019763207 0.126585032 -1.036731612 -0.797450723
701949 1949.000000 17758100001949000 -0.019940788 0.125165125 -1.074012501 -0.814406291
701950 1950.000000 17758100001950000 -0.020000000 0.124466045 -1.102542876 -0.717415925
701951 1951.000000 17758100001951000 -0.019940788 0.122997648 -1.121999948 -0.713380610
701952 1952.000000 17758100001952000 -0.019763207 0.122135191 -1.148092181 -0.666401527
701953 1953.000000 17758100001953000 -0.019467436 0.120557550 -1.167561701 -0.648513440
701954 1954.000000 17758100001954000 -0.019053765 0.119658719 -1.199865070 -0.584272847
701955 1955.000000 17758100001955000 -0.018522602 0.119010069 -1.211652132 -0.564159046
701956 1956.000000 17758100001956000 -0.017874470 0.117560342 -1.225998000 -0.542238349
701957 1957.000000 17758100001957000 -0.017110011 0.116003457 -1.233656983 -0.516233263
701958 1958.000000 17758100001958000 -0.016229980 0.114848066 -1.252115558 -0.443206768
701959 1959.000000 17758100001959000 -0.015235242 0.113452457 -1.270616770 -0.414345219
701960 1960.000000 17758100001960000 -0.014126782 0.112421409 -1.284889579 -0.395632348
701961 1961.000000 17758100001961000 -0.012905693 0.111245431 -1.295623178 -0.333867820
701962 1962.000000 17758100001962000 -0.011573179 0.109748492 -1.301638527 -0.298586059
701963 1963.000000 17758100001963000 -0.010130555 0.108645009 -1.317527362 -0.262500008
701964 1964.000000 17758100001964000 -0.008579247 0.107126265 -1.326869872 -0.232565617
701965 1965.000000 17758100001965000 -0.006920783 0.105712766 -1.331628133 -0.197920046
701966 1966.000000 17758100001966000 -0.005156802 0.104631663 -1.339929544 -0.159225759
701967 1967.000000 17758100001967000 -0.003289043 0.103333767 -1.350626224 -0.123434182
701968 1968.000000 17758100001968000 -0.001319351 0.102009066 -1.341022291 -0.061019990
701969 1969.000000 17758100001969000 0.000750331 0.100590135 -1.342475576 -0.055216168
701970 1970.000000 17758100001970000 0.002917961 0.099062973 -1.348053562 0.032508484
701971 1971.000000 17758100001971000 0.005181399 0.097856355 -1.349583580 0.013146248
701972 1972.000000 17758100001972000 0.007538411 0.096502756 -1.341805811 0.108388632
701973 1973.000000 17758100001973000 0.009986672 0.094739160 -1.344802400 0.146287344
701974 1974.000000 17758100001974000 0.012523765 0.093190770 -1.341043127 0.189320930
701975 1975.000000 17758100001975000 0.015147186 0.092225244 -1.330049090 0.208740732
701976 1976.000000 17758100001976000 0.017854348 0.091166097 -1.319729939 0.241198767
701977 1977.000000 17758100001977000 0.020642577 0.089603174 -1.307438951 0.238998898
701978 1978.000000 17758100001978000 0.023509121 0.088537621 -1.292034991 0.299278940
701979 1979.000000 17758100001979000 0.026451154 0.086714847 -1.284361658 0.327885182
701980 1980.000000 17758100001980000 0.029465770 0.085476764 -1.281055901 0.388048302
701981 1981.000000 17758100001981000 0.032549996 0.084102686 -1.271062576 0.433109420
701982 1982.000000 17758100001982000 0.035700783 0.082837190 -1.249726846 0.485648525
701983 1983.000000 17758100001983000 0.038915031 0.082023484 -1.235319849 0.485964674
701984 1984.000000 17758100001984000 0.042189561 0.080706211 -1.213848552 0.526696376
701985 1985.000000 17758100001985000 0.045521140 0.079590980 -1.195057641 0.594643934
701986 1986.000000 17758100001986000 0.048906486 0.077940494 -1.175459634 0.611983137
701987 1987.000000 17758100001987000 0.052342255 0.077185589 -1.156831575 0.648170064
701988 1988.000000 17758100001988000 0.055825055 0.076412097 -1.125686163 0.742663442
701989 1989.000000 17758100001989000 0.059351448 0.075340217 -1.109219913 0.716915613
701990 1990.000000 17758100001990000 0.062917963 0.073883680 -1.083954671 0.756739748
701991 1991.000000 17758100001991000 0.066521071 0.072694542 -1.056024535 0.803005068
701992 1992.000000 17758100001992000 0.070157215 0.071652978 -1.024438717 0.827195317
701993 1993.000000 17758100001993000 0.073822811 0.070392759 -1.003596633 0.898327994
701994 1994.000000 17758100001994000 0.077514239 0.069714776 -0.987397972 0.870096525
701995 1995.000000 17758100001995000 0.081227861 0.068998974 -0.948269960 0.889280194
701996 1996.000000 17758100001996000 0.084960014 0.068184521 -0.908881758 0.922626984
701997 1997.000000 17758100001997000 0.088707000 0.067151324 -0.871844239 0.976994478
701998 1998.000000 17758100001998000 0.092465140 0.066076491 -0.849806736 0.977217896
701999 1999.000000 17758100001999000 0.096230708 0.065478342 -0.807843532 1.011321518
702000 2000.000000 17758100002000000 0.100000001 0.064564068 -0.780149151 1.034801568
702001 2001.000000 17758100002001000 0.103769287 0.063762031 -0.752536559 1.050211617
702002 2002.000000 17758100002002000 0.107534863 0.063098831 -0.713688558 1.050390406
702003 2003.000000 17758100002003000 0.111292996 0.062722438 -0.685398658 1.108517244
702004 2004.000000 17758100002004000 0.115039989 0.062089650 -0.638530242 1.108132694
702005 2005.000000 17758100002005000 0.118772134 0.061418962 -0.603479664 1.140982930
702006 2006.000000 17758100002006000 0.122485757 0.060425686 -0.566000433 1.166183205
702007 2007.000000 17758100002007000 0.126177192 0.060021036 -0.520289175 1.166352329
702008 2008.000000 17758100002008000 0.129842788 0.059864435 -0.484005582 1.152371750
702009 2009.000000 17758100002009000 0.133478940 0.059159571 -0.443741943 1.211960133
702010 2010.000000 17758100002010000 0.137082040 0.058792518 -0.407710906 1.212556449
702011 2011.000000 17758100002011000 0.140648544 0.058778443 -0.366266023 1.213626123
702012 2012.000000 17758100002012000 0.144174948 0.058338916 -0.328937862 1.218043311
702013 2013.000000 17758100002013000 0.147657752 0.057847680 -0.276263145 1.217625319
702014 2014.000000 17758100002014000 0.151093513 0.057792213 -0.238960026 1.244243791
702015 2015.000000 17758100002015000 0.154478863 0.057323613 -0.196880569 1.220146578
702016 2016.000000 17758100002016000 0.157810435 0.057246728 -0.161905777 1.290248562
702017 2017.000000 17758100002017000 0.161084965 0.057019750 -0.119605813 1.270118989
702018 2018.000000 17758100002018000 0.164299220 0.056863493 -0.070363543 1.268884367
702019 2019.000000 17758100002019000 0.167450011 0.056596313 -0.032249286 1.291272077
702020 2020.000000 17758100002020000 0.170534223 0.057106355 0.014125563 1.307083367
702021 2021.000000 17758100002021000 0.173548847 0.056726667 0.062138507 1.277235243
702022 2022.000000 17758100002022000 0.176490873 0.057520350 0.096780099 1.275523996
702023 2023.000000 17758100002023000 0.179357424 0.057837582 0.136241079 1.296753717
702024 2024.000000 17758100002024000 0.182145655 0.057592446 0.170961338 1.266062558
702025 2025.000000 17758100002025000 0.184852809 0.057772014 0.221060520 1.227227063
702026 2026.000000 17758100002026000 0.187476233 0.057822592 0.257666801 1.235781276
702027 2027.000000 17758100002027000 0.190013334 0.058259987 0.311302914 1.225636756
702028 2028.000000 17758100002028000 0.192461595 0.058657208 0.342556028 1.216456075
702029 2029.000000 17758100002029000 0.194818601 0.058908352 0.388308387 1.202937263
702030 2030.000000 17758100002030000 0.197082043 0.059444590 0.436809051 1.224601201
702031 2031.000000 17758100002031000 0.199249670 0.060159579 0.478297358 1.197573606
702032 2032.000000 17758100002032000 0.201319352 0.060472983 0.499388425 1.177234792
702033 2033.000000 17758100002033000 0.203289047 0.061153249 0.535707325 1.171820140
702034 2034.000000 17758100002034000 0.205156803 0.061658271 0.575750180 1.109816893
702035 2035.000000 17758100002035000 0.206920788 0.062599725 0.614890652 1.142822425
702036 2036.000000 17758100002036000 0.208579242 0.062591996 0.656940137 1.103637767
702037 2037.000000 17758100002037000 0.210130557 0.063870775 0.692622425 1.106987888
702038 2038.000000 17758100002038000 0.211573184 0.064120277 0.726046252 1.084527504
702039 2039.000000 17758100002039000 0.212905690 0.064969441 0.769883184 1.034560980
702040 2040.000000 17758100002040000 0.214126781 0.065871028 0.797028067 1.036376197
702041 2041.000000 17758100002041000 0.215235248 0.066719614 0.823353068 1.028934962
702042 2042.000000 17758100002042000 0.216229975 0.067292658 0.859946486 0.966023915
702043 2043.000000 17758100002043000 0.217110008 0.068913351 0.910978616 0.934480559
702044 2044.000000 17758100002044000 0.217874467 0.069203038 0.927945197 0.952103273
702045 2045.000000 17758100002045000 0.218522608 0.070556228 0.966638079 0.901100426
702046 2046.000000 17758100002046000 0.219053760 0.071466630 0.981583402 0.908917901
702047 2047.000000 17758100002047000 0.219467431 0.072484748 1.016350454 0.819257372
702048 2048.000000 17758100002048000 0.219763204 0.073798498 1.045019691 0.774259376
702049 2049.000000 17758100002049000 0.219940782 0.074568922 1.062767761 0.760345662
702050 2050.000000 17758100002050000 0.219999999 0.075480739 1.093750911 0.769205633
702051 2051.000000 17758100002051000 0.219940782 0.076826333 1.122276612 0.703346616
702052 2052.000000 17758100002052000 0.219763204 0.077577840 1.144024378 0.657460068
702053 2053.000000 17758100002053000 0.219467431 0.078787061 1.160594136 0.629352762
702054 2054.000000 17758100002054000 0.219053760 0.080319005 1.189407304 0.632328551
702055 2055.000000 17758100002055000 0.218522608 0.081343149 1.203258220 0.574852373
702056 2056.000000 17758100002056000 0.217874467 0.082580978 1.225257150 0.567580418
702057 2057.000000 17758100002057000 0.217110008 0.084446159 1.239903543 0.513060383
702058 2058.000000 17758100002058000 0.216229975 0.085124490 1.259917812 0.472273877
702059 2059.000000 17758100002059000 0.215235248 0.086670958 1.274311796 0.459846417
702060 2060.000000 17758100002060000 0.214126781 0.087765641 1.285514962 0.412551897
702061 2061.000000 17758100002061000 0.212905690 0.089258893 1.295927784 0.347257325
702062 2062.000000 17758100002062000 0.211573184 0.090377829 1.309688518 0.281154565
702063 2063.000000 17758100002063000 0.210130557 0.091636378 1.324569939 0.307045187
702064 2064.000000 17758100002064000 0.208579242 0.092856921 1.321993441 0.195185523
702065 2065.000000 17758100002065000 0.206920788 0.094274487 1.318500080 0.177234249
702066 2066.000000 17758100002066000 0.205156803 0.095699302 1.338851412 0.165453577
702067 2067.000000 17758100002067000 0.203289047 0.097070301 1.345119255 0.099795953
702068 2068.000000 17758100002068000 0.201319352 0.098421717 1.351123605 0.082372226
702069 2069.000000 17758100002069000 0.199249670 0.099377377 1.347140173 0.039176571
702070 2070.000000 17758100002070000 0.197082043 0.101020146 1.351035262 0.002309052
702071 2071.000000 17758100002071000 0.194818601 0.102329230 1.348419091 -0.035617330
702072 2072.000000 17758100002072000 0.192461595 0.103705088 1.349827114 -0.075675339
702073 2073.000000 17758100002073000 0.190013334 0.105461604 1.342072581 -0.116413387
702074 2074.000000 17758100002074000 0.187476233 0.106355526 1.334193833 -0.132385669
702075 2075.000000 17758100002075000 0.184852809 0.107966358 1.330537732 -0.227194058
702076 2076.000000 17758100002076000 0.182145655 0.109294346 1.329042720 -0.225277082
702077 2077.000000 17758100002077000 0.179357424 0.110472922 1.315191793 -0.231928925
702078 2078.000000 17758100002078000 0.176490873 0.111778642 1.296637998 -0.337771449
702079 2079.000000 17758100002079000 0.173548847 0.113193538 1.282195105 -0.369053250
702080 2080.000000 17758100002080000 0.170534223 0.114334029 1.280533248 -0.363439617
702081 2081.000000 17758100002081000 0.167450011 0.115510120 1.267932490 -0.457030280
702082 2082.000000 17758100002082000 0.164299220 0.116698848 1.253307218 -0.464728590
702083 2083.000000 17758100002083000 0.161084965 0.117795114 1.228735095 -0.534320313
702084 2084.000000 17758100002084000 0.157810435 0.119501649 1.219099723 -0.522902077
702085 2085.000000 17758100002085000 0.154478863 0.120735191 1.195553052 -0.578037139
702086 2086.000000 17758100002086000 0.151093513 0.121400101 1.178999373 -0.578337977
702087 2087.000000 17758100002087000 0.147657752 0.122519380 1.151027944 -0.644524722
702088 2088.000000 17758100002088000 0.144174948 0.123634699 1.132577451 -0.682506850
702089 2089.000000 17758100002089000 0.140648544 0.124927903 1.105135065 -0.725226237
702090 2090.000000 17758100002090000 0.137082040 0.126099264 1.077778662 -0.797535927
702091 2091.000000 17758100002091000 0.133478940 0.126766570 1.060350243 -0.793869687
702092 2092.000000 17758100002092000 0.129842788 0.127914258 1.033958226 -0.797866006
702093 2093.000000 17758100002093000 0.126177192 0.129162136 1.006466108 -0.826401592
702094 2094.000000 17758100002094000 0.122485757 0.130179946 0.983132913 -0.857637455
702095 2095.000000 17758100002095000 0.118772134 0.131375644 0.945367342 -0.946786288
702096 2096.000000 17758100002096000 0.115039989 0.132057118 0.914025714 -0.936256290
702097 2097.000000 17758100002097000 0.111292996 0.132561026 0.888782627 -0.928416623
702098 2098.000000 17758100002098000 0.107534863 0.133683800 0.840984459 -0.974492214
702099 2099.000000 17758100002099000 0.103769287 0.134751684 0.812052565 -1.012507533
702100 2100.000000 17758100002100000 0.100000001 0.135815782 0.783157878 -1.016728629
702101 2101.000000 17758100002101000 0.096230708 0.135814512 0.751852468 -1.030039832
702102 2102.000000 17758100002102000 0.092465140 0.136930181 0.710536112 -1.065290813
702103 2103.000000 17758100002103000 0.088707000 0.137463155 0.668358130 -1.111624686
702104 2104.000000 17758100002104000 0.084960014 0.138243087 0.638431680 -1.103907685
702105 2105.000000 17758100002105000 0.081227861 0.138752769 0.601726738 -1.134676350
702106 2106.000000 17758100002106000 0.077514239 0.138907283 0.561808473 -1.157586347
702107 2107.000000 17758100002107000 0.073822811 0.139983925 0.529114746 -1.164848538
702108 2108.000000 17758100002108000 0.070157215 0.140309420 0.482441978 -1.152370870
702109 2109.000000 17758100002109000 0.066521071 0.140580218 0.448288753 -1.174772051
702110 2110.000000 17758100002110000 0.062917963 0.140997502 0.401915128 -1.189657033
702111 2111.000000 17758100002111000 0.059351448 0.141706365 0.371229048 -1.216949171
702112 2112.000000 17758100002112000 0.055825055 0.141547273 0.318667472 -1.214399586
702113 2113.000000 17758100002113000 0.052342255 0.141893035 0.283459762 -1.239775017
702114 2114.000000 17758100002114000 0.048906486 0.142452645 0.241382259 -1.241959316
702115 2115.000000 17758100002115000 0.045521140 0.142610318 0.208784886 -1.272370173
702116 2116.000000 17758100002116000 0.042189561 0.142661478 0.147870085 -1.265268546
702117 2117.000000 17758100002117000 0.038915031 0.142585318 0.119435665 -1.275891676
702118 2118.000000 17758100002118000 0.035700783 0.142972028 0.078111228 -1.293035346
702119 2119.000000 17758100002119000 0.032549996 0.142692067 0.026838565 -1.284705028
702120 2120.000000 17758100002120000 0.029465770 0.143000132 -0.005433833 -1.239594467
702121 2121.000000 17758100002121000 0.026451154 0.143117305 -0.051820046 -1.280025052
702122 2122.000000 17758100002122000 0.023509121 0.142742124 -0.097868731 -1.280430035
702123 2123.000000 17758100002123000 0.020642577 0.142439289 -0.139828475 -1.243935123
702124 2124.000000 17758100002124000 0.017854348 0.142480596 -0.184861484 -1.246915027
702125 2125.000000 17758100002125000 0.015147186 0.142131766 -0.224700374 -1.257615807
702126 2126.000000 17758100002126000 0.012523765 0.142422482 -0.266590870 -1.273988752
702127 2127.000000 17758100002127000 0.009986672 0.142006311 -0.297388675 -1.230928483
702128 2128.000000 17758100002128000 0.007538411 0.140819116 -0.346863528 -1.217830378
702129 2129.000000 17758100002129000 0.005181399 0.140948656 -0.385826590 -1.205866756
702130 2130.000000 17758100002130000 0.002917961 0.140577912 -0.419884587 -1.201616748
702131 2131.000000 17758100002131000 0.000750331 0.140399309 -0.471856233 -1.251483020
702132 2132.000000 17758100002132000 -0.001319351 0.139574249 -0.511167286 -1.163108817
702133 2133.000000 17758100002133000 -0.003289043 0.139077927 -0.545420056 -1.202839153
702134 2134.000000 17758100002134000 -0.005156802 0.138196172 -0.572851143 -1.148054727
702135 2135.000000 17758100002135000 -0.006920783 0.137833641 -0.617031728 -1.155104426
702136 2136.000000 17758100002136000 -0.008579247 0.137142988 -0.659121749 -1.115542096
702137 2137.000000 17758100002137000 -0.010130555 0.136427321 -0.697803540 -1.062185683
702138 2138.000000 17758100002138000 -0.011573179 0.135537664 -0.728651802 -1.061052394
702139 2139.000000 17758100002139000 -0.012905693 0.135123330 -0.769327441 -1.042921375
702140 2140.000000 17758100002140000 -0.014126782 0.134049638 -0.804244755 -1.003905283
702141 2141.000000 17758100002141000 -0.015235242 0.133438657 -0.826272656 -1.000601797
702142 2142.000000 17758100002142000 -0.016229980 0.132433527 -0.870349314 -0.972899780
702143 2143.000000 17758100002143000 -0.017110011 0.131486861 -0.897085759 -0.946861212
702144 2144.000000 17758100002144000 -0.017874470 0.130624839 -0.931415362 -0.900574949
702145 2145.000000 17758100002145000 -0.018522602 0.129490299 -0.957570042 -0.882969750
702146 2146.000000 17758100002146000 -0.019053765 0.128685437 -0.995977310 -0.856537775
702147 2147.000000 17758100002147000 -0.019467436 0.127485187 -1.020345443 -0.860614356
702148 2148.000000 17758100002148000 -0.019763207 0.126407914 -1.044110141 -0.786448126
702149 2149.000000 17758100002149000 -0.019940788 0.125374788 -1.079052730 -0.756410736
702150 2150.000000 17758100002150000 -0.020000000 0.124392155 -1.091333416 -0.732909424
702151 2151.000000 17758100002151000 -0.019940788 0.122901004 -1.119824131 -0.692768292
702152 2152.000000 17758100002152000 -0.019763207 0.122223331 -1.133303162 -0.670520575
702153 2153.000000 17758100002153000 -0.019467436 0.120868682 -1.168731580 -0.670326028
702154 2154.000000 17758100002154000 -0.019053765 0.119849443 -1.187988495 -0.630738934
702155 2155.000000 17758100002155000 -0.018522602 0.118419669 -1.208722253 -0.569062659
702156 2156.000000 17758100002156000 -0.017874470 0.117217669 -1.220599232 -0.542952692
702157 2157.000000 17758100002157000 -0.017110011 0.116199426 -1.251860002 -0.505661855
702158 2158.000000 17758100002158000 -0.016229980 0.114631237 -1.254630681 -0.459139358
702159 2159.000000 17758100002159000 -0.015235242 0.113436620 -1.261682768 -0.426956292
702160 2160.000000 17758100002160000 -0.014126782 0.112294310 -1.287154881 -0.382452835
702161 2161.000000 17758100002161000 -0.012905693 0.110950272 -1.294236661 -0.320973532
702162 2162.000000 17758100002162000 -0.011573179 0.109672186 -1.309976358 -0.315363381
702163 2163.000000 17758100002163000 -0.010130555 0.108239845 -1.309079760 -0.292162502
702164 2164.000000 17758100002164000 -0.008579247 0.106882164 -1.341388760 -0.216600533
702165 2165.000000 17758100002165000 -0.006920783 0.105451280 -1.329395278 -0.208973926
702166 2166.000000 17758100002166000 -0.005156802 0.104504238 -1.332300145 -0.180560130
702167 2167.000000 17758100002167000 -0.003289043 0.103358666 -1.337075245 -0.093367763
702168 2168.000000 17758100002168000 -0.001319351 0.101885533 -1.359896806 -0.096447314
702169 2169.000000 17758100002169000 0.000750331 0.100426987 -1.350546505 -0.075028818
702170 2170.000000 17758100002170000 0.002917961 0.098956640 -1.339069778 -0.029841848
702171 2171.000000 17758100002171000 0.005181399 0.097580228 -1.351339131 0.057183592
702172 2172.000000 17758100002172000 0.007538411 0.096127691 -1.346488994 0.047876801
702173 2173.000000 17758100002173000 0.009986672 0.094936845 -1.345711512 0.100204785
702174 2174.000000 17758100002174000 0.012523765 0.093853328 -1.335822665 0.175575911
702175 2175.000000 17758100002175000 0.015147186 0.092277411 -1.339157570 0.215085086
702176 2176.000000 17758100002176000 0.017854348 0.091305229 -1.310932840 0.247445181
702177 2177.000000 17758100002177000 0.020642577 0.089594268 -1.313386852 0.284200948
702178 2178.000000 17758100002178000 0.023509121 0.088462656 -1.307638271 0.351305078
702179 2179.000000 17758100002179000 0.026451154 0.087006838 -1.285466643 0.369063956
702180 2180.000000 17758100002180000 0.029465770 0.085719225 -1.282262185 0.423663572
702181 2181.000000 17758100002181000 0.032549996 0.084535287 -1.265344054 0.453927060
702182 2182.000000 17758100002182000 0.035700783 0.083277274 -1.251308276 0.460497522
702183 2183.000000 17758100002183000 0.038915031 0.081919085 -1.241428486 0.529704781
702184 2184.000000 17758100002184000 0.042189561 0.080822511 -1.216432395 0.540864126
702185 2185.000000 17758100002185000 0.045521140 0.079571438 -1.192041549 0.588274604
702186 2186.000000 17758100002186000 0.048906486 0.078723958 -1.183765589 0.620738634
702187 2187.000000 17758100002187000 0.052342255 0.077140618 -1.161212060 0.665364555
702188 2188.000000 17758100002188000 0.055825055 0.076300739 -1.129368286 0.672487835
702189 2189.000000 17758100002189000 0.059351448 0.075161951 -1.113210667 0.711130313
702190 2190.000000 17758100002190000 0.062917963 0.073892003 -1.081746551 0.790853421
702191 2191.000000 17758100002191000 0.066521071 0.072971706 -1.068677440 0.775947912
702192 2192.000000 17758100002192000 0.070157215 0.071608703 -1.036252233 0.792499852
702193 2193.000000 17758100002193000 0.073822811 0.070733335 -0.995520325 0.859975717
702194 2194.000000 17758100002194000 0.077514239 0.069728106 -0.979316883 0.841627818
702195 2195.000000 17758100002195000 0.081227861 0.069076021 -0.948818801 0.919578611
702196 2196.000000 17758100002196000 0.084960014 0.067875829 -0.915741891 0.976902504
702197 2197.000000 17758100002197000 0.088707000 0.067528289 -0.878058936 0.942327847
702198 2198.000000 17758100002198000 0.092465140 0.066187753 -0.861672065 1.011917337
702199 2199.000000 17758100002199000 0.096230708 0.065531869 -0.821105018 1.023177714
702200 2200.000000 17758100002200000 0.100000001 0.064654544 -0.784477436 1.020406548
702201 2201.000000 17758100002201000 0.103769287 0.064021114 -0.751304549 1.067028771
702202 2202.000000 17758100002202000 0.107534863 0.063150931 -0.715113655 1.122040509
702203 2203.000000 17758100002203000 0.111292996 0.062131956 -0.686207678 1.058038432
702204 2204.000000 17758100002204000 0.115039989 0.061699193 -0.644857445 1.109986817
702205 2205.000000 17758100002205000 0.118772134 0.061361569 -0.586888750 1.121356303
702206 2206.000000 17758100002206000 0.122485757 0.060818722 -0.566499724 1.141960486
702207 2207.000000 17758100002207000 0.126177192 0.060368487 -0.521918281 1.148427210
702208 2208.000000 17758100002208000 0.129842788 0.059850850 -0.484837934 1.197669182
702209 2209.000000 17758100002209000 0.133478940 0.059184772 -0.445102663 1.187880907
702210 2210.000000 17758100002210000 0.137082040 0.058894519 -0.412414692 1.226330154
702211 2211.000000 17758100002211000 0.140648544 0.058383220 -0.364280859 1.227127632
702212 2212.000000 17758100002212000 0.144174948 0.058060739 -0.326222340 1.193082816
702213 2213.000000 17758100002213000 0.147657752 0.057737475 -0.280586468 1.262990350
702214 2214.000000 17758100002214000 0.151093513 0.057609442 -0.241801027 1.240960138
702215 2215.000000 17758100002215000 0.154478863 0.057735049 -0.196301189 1.240732047
702216 2216.000000 17758100002216000 0.157810435 0.057276127 -0.153405436 1.269071649
702217 2217.000000 17758100002217000 0.161084965 0.057312443 -0.119116737 1.263541504
702218 2218.000000 17758100002218000 0.164299220 0.057349224 -0.073651861 1.305072129
702219 2219.000000 17758100002219000 0.167450011 0.057415219 -0.037239825 1.277546325
702220 2220.000000 17758100002220000 0.170534223 0.057038860 0.027643591 1.289235347
702221 2221.000000 17758100002221000 0.173548847 0.057062890 0.049617910 1.298889557
702222 2222.000000 17758100002222000 0.176490873 0.057206239 0.091060153 1.263021169
702223 2223.000000 17758100002223000 0.179357424 0.057476767 0.130032886 1.291935452
702224 2224.000000 17758100002224000 0.182145655 0.058031072 0.170375148 1.266298916
702225 2225.000000 17758100002225000 0.184852809 0.057457539 0.209449665 1.245660367
702226 2226.000000 17758100002226000 0.187476233 0.058160117 0.265648540 1.259346383
702227 2227.000000 17758100002227000 0.190013334 0.058118783 0.304881507 1.250372971
702228 2228.000000 17758100002228000 0.192461595 0.058521297 0.347979606 1.253037196
702229 2229.000000 17758100002229000 0.194818601 0.059238968 0.391891195 1.201735009
702230 2230.000000 17758100002230000 0.197082043 0.059462492 0.415668022 1.194122105
702231 2231.000000 17758100002231000 0.199249670 0.060097601 0.465294236 1.163949767
702232 2232.000000 17758100002232000 0.201319352 0.060333841 0.507251094 1.210964854
702233 2233.000000 17758100002233000 0.203289047 0.060884659 0.547410286 1.195749746
702234 2234.000000 17758100002234000 0.205156803 0.061670787 0.587703315 1.157093502
702235 2235.000000 17758100002235000 0.206920788 0.062170665 0.620978048 1.130886203
702236 2236.000000 17758100002236000 0.208579242 0.062823731 0.657681182 1.089103765
702237 2237.000000 17758100002237000 0.210130557 0.063462096 0.689146571 1.076267035
702238 2238.000000 17758100002238000 0.211573184 0.064268192 0.728003767 1.075161356
702239 2239.000000 17758100002239000 0.212905690 0.065000283 0.773210713 1.060360649
702240 2240.000000 17758100002240000 0.214126781 0.065709211 0.797991076 1.068190541
702241 2241.000000 17758100002241000 0.215235248 0.066392056 0.831298066 0.991490293
702242 2242.000000 17758100002242000 0.216229975 0.067595312 0.875481657 0.939910884
702243 2243.000000 17758100002243000 0.217110008 0.068239371 0.900991845 0.934414623
702244 2244.000000 17758100002244000 0.217874467 0.069434967 0.926834762 0.923782812
702245 2245.000000 17758100002245000 0.218522608 0.070722343 0.957407352 0.883115786
702246 2246.000000 17758100002246000 0.219053760 0.071304621 0.991329334 0.909732796
702247 2247.000000 17758100002247000 0.219467431 0.072603061 1.020105607 0.823731940
702248 2248.000000 17758100002248000 0.219763204 0.073634396 1.041187931 0.801637293
702249 2249.000000 17758100002249000 0.219940782 0.074294530 1.071934887 0.750886643
702250 2250.000000 17758100002250000 0.219999999 0.075479980 1.102063081 0.738169056
702251 2251.000000 17758100002251000 0.219940782 0.076911288 1.132354386 0.705834876
702252 2252.000000 17758100002252000 0.219763204 0.078087941 1.144555198 0.689987034
702253 2253.000000 17758100002253000 0.219467431 0.079091526 1.157556839 0.661246204
702254 2254.000000 17758100002254000 0.219053760 0.080535309 1.184583039 0.632149611
702255 2255.000000 17758100002255000 0.218522608 0.081465352 1.204912569 0.582216997
702256 2256.000000 17758100002256000 0.217874467 0.082443042 1.225480696 0.535490800
702257 2257.000000 17758100002257000 0.217110008 0.084282776 1.241481557 0.508327661
702258 2258.000000 17758100002258000 0.216229975 0.084954888 1.267219963 0.438172090
702259 2259.000000 17758100002259000 0.215235248 0.086360419 1.266636304 0.422403017
702260 2260.000000 17758100002260000 0.214126781 0.087982464 1.272850166 0.411331596
702261 2261.000000 17758100002261000 0.212905690 0.089272444 1.297903049 0.355886641
702262 2262.000000 17758100002262000 0.211573184 0.090768493 1.303066097 0.313659049
702263 2263.000000 17758100002263000 0.210130557 0.091842413 1.316657580 0.252793497
702264 2264.000000 17758100002264000 0.208579242 0.092906534 1.331687090 0.235472991
702265 2265.000000 17758100002265000 0.206920788 0.094402909 1.322252557 0.207670044
702266 2266.000000 17758100002266000 0.205156803 0.095988430 1.341676568 0.143806280
702267 2267.000000 17758100002267000 0.203289047 0.097006664 1.349405457 0.120156815
702268 2268.000000 17758100002268000 0.201319352 0.098406114 1.352090021 0.083729727
702269 2269.000000 17758100002269000 0.199249670 0.100114690 1.333965065 0.060753114
702270 2270.000000 17758100002270000 0.197082043 0.101209675 1.350006422 -0.048270642
702271 2271.000000 17758100002271000 0.194818601 0.102480179 1.356209178 -0.050853209
702272 2272.000000 17758100002272000 0.192461595 0.103780661 1.356279836 -0.064456466
702273 2273.000000 17758100002273000 0.190013334 0.105132767 1.343338770 -0.153291156
702274 2274.000000 17758100002274000 0.187476233 0.106514894 1.334259784 -0.168214431
702275 2275.000000 17758100002275000 0.184852809 0.107520435 1.323771750 -0.209004572
702276 2276.000000 17758100002276000 0.182145655 0.109489058 1.324677152 -0.237163478
702277 2277.000000 17758100002277000 0.179357424 0.110730126 1.313292270 -0.300390447
702278 2278.000000 17758100002278000 0.176490873 0.111514941 1.305157551 -0.341634546
702279 2279.000000 17758100002279000 0.173548847 0.112896339 1.283073313 -0.340727803
702280 2280.000000 17758100002280000 0.170534223 0.114508269 1.279575865 -0.409149148
702281 2281.000000 17758100002281000 0.167450011 0.115186845 1.271430858 -0.456275980
702282 2282.000000 17758100002282000 0.164299220 0.116662294 1.253485347 -0.464072623
702283 2283.000000 17758100002283000 0.161084965 0.117969991 1.234245482 -0.535980632
702284 2284.000000 17758100002284000 0.157810435 0.118973156 1.218660053 -0.562062259
702285 2285.000000 17758100002285000 0.154478863 0.120367443 1.193905899 -0.581589592
702286 2286.000000 17758100002286000 0.151093513 0.121319342 1.173146537 -0.588191474
702287 2287.000000 17758100002287000 0.147657752 0.122718963 1.149778605 -0.652685727
702288 2288.000000 17758100002288000 0.144174948 0.123979058 1.140458733 -0.670661260
702289 2289.000000 17758100002289000 0.140648544 0.124928711 1.110476723 -0.725158451
702290 2290.000000 17758100002290000 0.137082040 0.126233915 1.078980541 -0.774854055
702291 2291.000000 17758100002291000 0.133478940 0.127483023 1.054298213 -0.776033134
702292 2292.000000 17758100002292000 0.129842788 0.127897585 1.030125753 -0.784503681
702293 2293.000000 17758100002293000 0.126177192 0.129030339 1.002789407 -0.831815712
702294 2294.000000 17758100002294000 0.122485757 0.130178079 0.979958125 -0.881728979
702295 2295.000000 17758100002295000 0.118772134 0.131300035 0.952727284 -0.920698309
702296 2296.000000 17758100002296000 0.115039989 0.132013954 0.921964674 -0.960151735
702297 2297.000000 17758100002297000 0.111292996 0.132898069 0.889178311 -0.975924696
702298 2298.000000 17758100002298000 0.107534863 0.133520485 0.848557260 -0.956175281
702299 2299.000000 17758100002299000 0.103769287 0.134632070 0.820425926 -0.972025991
702300 2300.000000 17758100002300000 0.100000001 0.135344415 0.789217487 -0.981034176
702301 2301.000000 17758100002301000 0.096230708 0.136006153 0.746033922 -1.049263956
702302 2302.000000 17758100002302000 0.092465140 0.136382328 0.713783189 -1.096199010
702303 2303.000000 17758100002303000 0.088707000 0.137435993 0.679940899 -1.079206518
702304 2304.000000 17758100002304000 0.084960014 0.137925141 0.642222940 -1.145711555
702305 2305.000000 17758100002305000 0.081227861 0.138557994 0.605732063 -1.148935123
702306 2306.000000 17758100002306000 0.077514239 0.138775091 0.567679674 -1.148904251
702307 2307.000000 17758100002307000 0.073822811 0.139888305 0.536898728 -1.194217244
702308 2308.000000 17758100002308000 0.070157215 0.140151564 0.484904626 -1.194649249
702309 2309.000000 17758100002309000 0.066521071 0.141069001 0.456674023 -1.220360469
702310 2310.000000 17758100002310000 0.062917963 0.141109356 0.407982575 -1.195067165
702311 2311.000000 17758100002311000 0.059351448 0.141648918 0.365072135 -1.204932563
702312 2312.000000 17758100002312000 0.055825055 0.141727138 0.319650780 -1.230752292
702313 2313.000000 17758100002313000 0.052342255 0.142109490 0.290488386 -1.230074663
702314 2314.000000 17758100002314000 0.048906486 0.142579290 0.235699179 -1.229496097
702315 2315.000000 17758100002315000 0.045521140 0.142024065 0.200151212 -1.273417476
702316 2316.000000 17758100002316000 0.042189561 0.142836725 0.167434526 -1.256806286
702317 2317.000000 17758100002317000 0.038915031 0.142772593 0.123315090 -1.278898049
702318 2318.000000 17758100002318000 0.035700783 0.142773035 0.076848757 -1.262853242
702319 2319.000000 17758100002319000 0.032549996 0.143168685 0.031387957 -1.226218895
702320 2320.000000 17758100002320000 0.029465770 0.142954638 -0.012846571 -1.263272587
702321 2321.000000 17758100002321000 0.026451154 0.142521857 -0.057267564 -1.251678114
702322 2322.000000 17758100002322000 0.023509121 0.142991705 -0.095014521 -1.266103736
702323 2323.000000 17758100002323000 0.020642577 0.142486707 -0.142553921 -1.273080558
702324 2324.000000 17758100002324000 0.017854348 0.141975061 -0.181434490 -1.266995231
702325 2325.000000 17758100002325000 0.015147186 0.142470185 -0.215283886 -1.254882157
702326 2326.000000 17758100002326000 0.012523765 0.142035089 -0.264419716 -1.252350599
702327 2327.000000 17758100002327000 0.009986672 0.141779499 -0.303483864 -1.257859333
702328 2328.000000 17758100002328000 0.007538411 0.141713977 -0.351568068 -1.235746227
702329 2329.000000 17758100002329000 0.005181399 0.140813377 -0.380054145 -1.251216768
702330 2330.000000 17758100002330000 0.002917961 0.140385986 -0.421159986 -1.226754490
702331 2331.000000 17758100002331000 0.000750331 0.139966897 -0.469908783 -1.161765349
702332 2332.000000 17758100002332000 -0.001319351 0.139853918 -0.510507208 -1.203605572
702333 2333.000000 17758100002333000 -0.003289043 0.139168798 -0.543588449 -1.165886584
702334 2334.000000 17758100002334000 -0.005156802 0.138323683 -0.585576812 -1.143742300
702335 2335.000000 17758100002335000 -0.006920783 0.137957186 -0.618122486 -1.126904205
702336 2336.000000 17758100002336000 -0.008579247 0.137161206 -0.662492052 -1.100732031
702337 2337.000000 17758100002337000 -0.010130555 0.136660554 -0.697160358 -1.102815527
702338 2338.000000 17758100002338000 -0.011573179 0.135629604 -0.732795532 -1.045327508
702339 2339.000000 17758100002339000 -0.012905693 0.134888602 -0.767657072 -1.038876637
702340 2340.000000 17758100002340000 -0.014126782 0.134080871 -0.799708162 -1.042782824
702341 2341.000000 17758100002341000 -0.015235242 0.133053693 -0.841663358 -1.027601114
702342 2342.000000 17758100002342000 -0.016229980 0.132624213 -0.873591077 -0.988036229
702343 2343.000000 17758100002343000 -0.017110011 0.131692955 -0.895228129 -0.953228829
702344 2344.000000 17758100002344000 -0.017874470 0.130423764 -0.928453920 -0.874361964
702345 2345.000000 17758100002345000 -0.018522602 0.129634251 -0.958810695 -0.889872525
702346 2346.000000 17758100002346000 -0.019053765 0.128621346 -0.995429639 -0.889877607
702347 2347.000000 17758100002347000 -0.019467436 0.127755792 -1.015362886 -0.849319401
702348 2348.000000 17758100002348000 -0.019763207 0.126428015 -1.051201033 -0.813557627
702349 2349.000000 17758100002349000 -0.019940788 0.125728086 -1.068198630 -0.780166276
702350 2350.000000 17758100002350000 -0.020000000 0.124525590 -1.101881115 -0.745964692
702351 2351.000000 17758100002351000 -0.019940788 0.123683344 -1.113411032 -0.681464042
702352 2352.000000 17758100002352000 -0.019763207 0.122384894 -1.137167242 -0.683339854
702353 2353.000000 17758100002353000 -0.019467436 0.120745759 -1.167694974 -0.621080941
702354 2354.000000 17758100002354000 -0.019053765 0.119674836 -1.196227821 -0.607918044
702355 2355.000000 17758100002355000 -0.018522602 0.118760411 -1.198348427 -0.539300479
702356 2356.000000 17758100002356000 -0.017874470 0.117365685 -1.232306362 -0.516653582
702357 2357.000000 17758100002357000 -0.017110011 0.115824143 -1.232751679 -0.524862008
702358 2358.000000 17758100002358000 -0.016229980 0.114990875 -1.255827276 -0.453063628
702359 2359.000000 17758100002359000 -0.015235242 0.113698625 -1.276072200 -0.442989322
702360 2360.000000 17758100002360000 -0.014126782 0.112155885 -1.290021667 -0.352209071
702361 2361.000000 17758100002361000 -0.012905693 0.111090619 -1.294652114 -0.368148986
702362 2362.000000 17758100002362000 -0.011573179 0.109229313 -1.307222734 -0.314769178
702363 2363.000000 17758100002363000 -0.010130555 0.108267049 -1.323883911 -0.274714512
702364 2364.000000 17758100002364000 -0.008579247 0.107020862 -1.333108961 -0.216573940
702365 2365.000000 17758100002365000 -0.006920783 0.105728084 -1.340959748 -0.211562774
702366 2366.000000 17758100002366000 -0.005156802 0.104501907 -1.346876583 -0.168537553
702367 2367.000000 17758100002367000 -0.003289043 0.102551675 -1.349954090 -0.092729953
702368 2368.000000 17758100002368000 -0.001319351 0.101547403 -1.340565071 -0.098298179
702369 2369.000000 17758100002369000 0.000750331 0.100413591 -1.352383516 -0.064547733
702370 2370.000000 17758100002370000 0.002917961 0.098848753 -1.341906378 -0.024306906
702371 2371.000000 17758100002371000 0.005181399 0.097875051 -1.346009523 0.035265693
702372 2372.000000 17758100002372000 0.007538411 0.096243993 -1.348496123 0.059278041
702373 2373.000000 17758100002373000 0.009986672 0.095009036 -1.340268851 0.123765994
702374 2374.000000 17758100002374000 0.012523765 0.093574702 -1.338219146 0.168596508
702375 2375.000000 17758100002375000 0.015147186 0.092535578 -1.327486318 0.163141056
702376 2376.000000 17758100002376000 0.017854348 0.090794729 -1.337491533 0.209711728
702377 2377.000000 17758100002377000 0.020642577 0.089684733 -1.315640793 0.290111992
702378 2378.000000 17758100002378000 0.023509121 0.088473161 -1.304244313 0.330823472
702379 2379.000000 17758100002379000 0.026451154 0.087015303 -1.290744378 0.372339542
702380 2380.000000 17758100002380000 0.029465770 0.085873901 -1.283088661 0.379094102
702381 2381.000000 17758100002381000 0.032549996 0.084310621 -1.272037378 0.402798225
702382 2382.000000 17758100002382000 0.035700783 0.083381694 -1.249411619 0.457565753
702383 2383.000000 17758100002383000 0.038915031 0.082283490 -1.235372573 0.502359931
702384 2384.000000 17758100002384000 0.042189561 0.080924771 -1.205663780 0.528830519
702385 2385.000000 17758100002385000 0.045521140 0.079506430 -1.195028217 0.551536131
702386 2386.000000 17758100002386000 0.048906486 0.078336601 -1.176270498 0.605163305
702387 2387.000000 17758100002387000 0.052342255 0.077621971 -1.161062881 0.647080507
702388 2388.000000 17758100002388000 0.055825055 0.076293612 -1.131449270 0.633944349
702389 2389.000000 17758100002389000 0.059351448 0.075229728 -1.104478544 0.683185172
702390 2390.000000 17758100002390000 0.062917963 0.074346661 -1.088082687 0.736835917
702391 2391.000000 17758100002391000 0.066521071 0.073005576 -1.058656888 0.778130597
702392 2392.000000 17758100002392000 0.070157215 0.071657281 -1.029127785 0.807944585
702393 2393.000000 17758100002393000 0.073822811 0.070775563 -1.003876151 0.846113137
702394 2394.000000 17758100002394000 0.077514239 0.069843338 -0.977413355 0.849955431
702395 2395.000000 17758100002395000 0.081227861 0.069045362 -0.952855575 0.873437358
702396 2396.000000 17758100002396000 0.084960014 0.068369405 -0.912324368 0.926571546
702397 2397.000000 17758100002397000 0.088707000 0.067272768 -0.880766875 0.958524344
702398 2398.000000 17758100002398000 0.092465140 0.066610333 -0.849730147 0.963904930
702399 2399.000000 17758100002399000 0.096230708 0.065483358 -0.825006543 1.014135163
702400 2400.000000 17758100002400000 0.100000001 0.064451112 -0.785615231 1.044977666
702401 2401.000000 17758100002401000 0.103769287 0.064015476 -0.749468422 1.079640727
702402 2402.000000 17758100002402000 0.107534863 0.063161743 -0.712269381 1.064394852
702403 2403.000000 17758100002403000 0.111292996 0.062510675 -0.670316059 1.059616953
702404 2404.000000 17758100002404000 0.115039989 0.062020099 -0.639598194 1.111363590
702405 2405.000000 17758100002405000 0.118772134 0.061197500 -0.601929567 1.127484986
702406 2406.000000 17758100002406000 0.122485757 0.060679402 -0.555928379 1.124171042
702407 2407.000000 17758100002407000 0.126177192 0.060449004 -0.528645865 1.179312219
702408 2408.000000 17758100002408000 0.129842788 0.059648985 -0.485424439 1.150506750
702409 2409.000000 17758100002409000 0.133478940 0.059454380 -0.446846902 1.192948881
702410 2410.000000 17758100002410000 0.137082040 0.058783930 -0.414843711 1.174922934
702411 2411.000000 17758100002411000 0.140648544 0.058506468 -0.362082024 1.241137360
702412 2412.000000 17758100002412000 0.144174948 0.058017925 -0.328772843 1.204608039
702413 2413.000000 17758100002413000 0.147657752 0.057927672 -0.283415984 1.234404257
702414 2414.000000 17758100002414000 0.151093513 0.057864154 -0.250648163 1.247408519
702415 2415.000000 17758100002415000 0.154478863 0.057529899 -0.202202426 1.273381708
702416 2416.000000 17758100002416000 0.157810435 0.057217971 -0.150702949 1.245223047
702417 2417.000000 17758100002417000 0.161084965 0.057075727 -0.113308734 1.285390767
702418 2418.000000 17758100002418000 0.164299220 0.057111385 -0.076209164 1.251513753
702419 2419.000000 17758100002419000 0.167450011 0.057038266 -0.037393020 1.217878015
702420 2420.000000 17758100002420000 0.170534223 0.057283056 0.019891881 1.294143680
702421 2421.000000 17758100002421000 0.173548847 0.057436171 0.064106877 1.278563406
702422 2422.000000 17758100002422000 0.176490873 0.057358825 0.093746044 1.258621147
702423 2423.000000 17758100002423000 0.179357424 0.057439106 0.139471077 1.288596771
702424 2424.000000 17758100002424000 0.182145655 0.057540446 0.187209367 1.242862390
702425 2425.000000 17758100002425000 0.184852809 0.057724879 0.220348954 1.294588584
702426 2426.000000 17758100002426000 0.187476233 0.057754044 0.270347941 1.234214596
702427 2427.000000 17758100002427000 0.190013334 0.057956368 0.307224055 1.244856698
702428 2428.000000 17758100002428000 0.192461595 0.058813928 0.349103534 1.219568160
702429 2429.000000 17758100002429000 0.194818601 0.059084524 0.387035632 1.236103958
702430 2430.000000 17758100002430000 0.197082043 0.059166691 0.433395916 1.219295255
702431 2431.000000 17758100002431000 0.199249670 0.060110178 0.464815183 1.223983778
702432 2432.000000 17758100002432000 0.201319352 0.060640546 0.501403610 1.202959655
702433 2433.000000 17758100002433000 0.203289047 0.060975861 0.540640634 1.180692943
702434 2434.000000 17758100002434000 0.205156803 0.061880048 0.585369521 1.150410222
702435 2435.000000 17758100002435000 0.206920788 0.062187611 0.618085960 1.133702306
702436 2436.000000 17758100002436000 0.208579242 0.062756079 0.654682631 1.098257607
702437 2437.000000 17758100002437000 0.210130557 0.064011239 0.692596398 1.095779053
702438 2438.000000 17758100002438000 0.211573184 0.063957045 0.733745000 1.090529017
702439 2439.000000 17758100002439000 0.212905690 0.065580637 0.770846930 1.060393214
702440 2440.000000 17758100002440000 0.214126781 0.066100844 0.795858414 1.017276643
702441 2441.000000 17758100002441000 0.215235248 0.066598289 0.833653635 1.002215432
702442 2442.000000 17758100002442000 0.216229975 0.067410434 0.870392984 0.971739295
702443 2443.000000 17758100002443000 0.217110008 0.068523553 0.893092529 0.971538169
702444 2444.000000 17758100002444000 0.217874467 0.069449211 0.928746977 0.923900283
702445 2445.000000 17758100002445000 0.218522608 0.070448360 0.957951912 0.877043658
702446 2446.000000 17758100002446000 0.219053760 0.071383816 0.985977670 0.830805138
702447 2447.000000 17758100002447000 0.219467431 0.072245296 1.020854877 0.801378197
702448 2448.000000 17758100002448000 0.219763204 0.073406494 1.039233494 0.799313649
702449 2449.000000 17758100002449000 0.219940782 0.074351005 1.061795050 0.791779673
702450 2450.000000 17758100002450000 0.219999999 0.075893810 1.094655735 0.790878969
702451 2451.000000 17758100002451000 0.219940782 0.076403937 1.129233867 0.739695285
702452 2452.000000 17758100002452000 0.219763204 0.078280777 1.133348142 0.675806467
702453 2453.000000 17758100002453000 0.219467431 0.079177160 1.156541359 0.631102310
702454 2454.000000 17758100002454000 0.219053760 0.080009597 1.176451084 0.594492251
702455 2455.000000 17758100002455000 0.218522608 0.081361116 1.206294177 0.565168418
702456 2456.000000 17758100002456000 0.217874467 0.082616760 1.232173072 0.554107960
702457 2457.000000 17758100002457000 0.217110008 0.083675493 1.238381379 0.539787277
702458 2458.000000 17758100002458000 0.216229975 0.085158670 1.259473849 0.442096110
702459 2459.000000 17758100002459000 0.215235248 0.086125622 1.274945504 0.442031633
702460 2460.000000 17758100002460000 0.214126781 0.087812953 1.287069732 0.383486663
702461 2461.000000 17758100002461000 0.212905690 0.089029403 1.302895317 0.340284631
702462 2462.000000 17758100002462000 0.211573184 0.090305940 1.307972938 0.332707435
702463 2463.000000 17758100002463000 0.210130557 0.091750485 1.326023762 0.268300399
702464 2464.000000 17758100002464000 0.208579242 0.093190936 1.314584094 0.244490059
702465 2465.000000 17758100002465000 0.206920788 0.094438123 1.333731434 0.199936232
702466 2466.000000 17758100002466000 0.205156803 0.095617690 1.345223403 0.128797005
702467 2467.000000 17758100002467000 0.203289047 0.096951807 1.349311451 0.135726645
702468 2468.000000 17758100002468000 0.201319352 0.098188605 1.351362043 0.041609504
702469 2469.000000 17758100002469000 0.199249670 0.099856167 1.346871500 0.017506470
702470 2470.000000 17758100002470000 0.197082043 0.101297681 1.346897543 -0.021353955
702471 2471.000000 17758100002471000 0.194818601 0.102622776 1.345655873 -0.052836215
702472 2472.000000 17758100002472000 0.192461595 0.103572793 1.351172061 -0.065444303
702473 2473.000000 17758100002473000 0.190013334 0.105239080 1.333743866 -0.099851084
702474 2474.000000 17758100002474000 0.187476233 0.106186871 1.339372815 -0.148252295
702475 2475.000000 17758100002475000 0.184852809 0.107229716 1.344894639 -0.223960369
702476 2476.000000 17758100002476000 0.182145655 0.108970146 1.326280704 -0.234533720
702477 2477.000000 17758100002477000 0.179357424 0.110057935 1.316835271 -0.288205356
702478 2478.000000 17758100002478000 0.176490873 0.111468581 1.306368511 -0.321132890
702479 2479.000000 17758100002479000 0.173548847 0.112750589 1.295632990 -0.336911084
702480 2480.000000 17758100002480000 0.170534223 0.114336803 1.277137548 -0.392268490
702481 2481.000000 17758100002481000 0.167450011 0.115459861 1.263374105 -0.419596934
702482 2482.000000 17758100002482000 0.164299220 0.116301095 1.254695754 -0.476939779
702483 2483.000000 17758100002483000 0.161084965 0.117833848 1.234640367 -0.542959026
702484 2484.000000 17758100002484000 0.157810435 0.119315712 1.217934666 -0.522335375
702485 2485.000000 17758100002485000 0.154478863 0.120662036 1.203610409 -0.610556404
702486 2486.000000 17758100002486000 0.151093513 0.121713882 1.171321297 -0.593105805
702487 2487.000000 17758100002487000 0.147657752 0.122567950 1.150019179 -0.619084746
702488 2488.000000 17758100002488000 0.144174948 0.123582412 1.130779846 -0.669271966
702489 2489.000000 17758100002489000 0.140648544 0.125001861 1.108525634 -0.729505804
702490 2490.000000 17758100002490000 0.137082040 0.125822717 1.088664820 -0.783748973
702491 2491.000000 17758100002491000 0.133478940 0.126824587 1.062947890 -0.731113428
702492 2492.000000 17758100002492000 0.129842788 0.128021556 1.029013333 -0.819294553
702493 2493.000000 17758100002493000 0.126177192 0.128996965 1.005253307 -0.792688946
702494 2494.000000 17758100002494000 0.122485757 0.129817722 0.981511632 -0.849757540
702495 2495.000000 17758100002495000 0.118772134 0.130909340 0.940545956 -0.898443165
702496 2496.000000 17758100002496000 0.115039989 0.131966896 0.910516397 -0.943103213
702497 2497.000000 17758100002497000 0.111292996 0.132645185 0.882276181 -0.960765907
702498 2498.000000 17758100002498000 0.107534863 0.133605761 0.854722607 -0.983014736
702499 2499.000000 17758100002499000 0.103769287 0.134009586 0.813874208 -0.977339341
702500 2500.000000 17758100002500000 0.100000001 0.135279051 0.786859389 -1.049426943
702501 2501.000000 17758100002501000 0.096230708 0.135612144 0.749872584 -1.083370659
702502 2502.000000 17758100002502000 0.092465140 0.136872583 0.714362333 -1.079946021
702503 2503.000000 17758100002503000 0.088707000 0.137369280 0.683811049 -1.121410870
702504 2504.000000 17758100002504000 0.084960014 0.138113503 0.640111066 -1.136004375
702505 2505.000000 17758100002505000 0.081227861 0.138797670 0.598804960 -1.147077192
702506 2506.000000 17758100002506000 0.077514239 0.139354667 0.567241180 -1.108135800
702507 2507.000000 17758100002507000 0.073822811 0.139621125 0.517634438 -1.194380057
702508 2508.000000 17758100002508000 0.070157215 0.140471657 0.488157356 -1.194528638
702509 2509.000000 17758100002509000 0.066521071 0.140987472 0.448982075 -1.205491685
702510 2510.000000 17758100002510000 0.062917963 0.141334692 0.411638763 -1.167740394
702511 2511.000000 17758100002511000 0.059351448 0.141599878 0.364138978 -1.200903483
702512 2512.000000 17758100002512000 0.055825055 0.141595537 0.315934356 -1.219500882
702513 2513.000000 17758100002513000 0.052342255 0.142005398 0.281101444 -1.231798562
702514 2514.000000 17758100002514000 0.048906486 0.142170200 0.239083491 -1.245731292
702515 2515.000000 17758100002515000 0.045521140 0.142316591 0.203859689 -1.288710835
702516 2516.000000 17758100002516000 0.042189561 0.142544865 0.156777331 -1.282942077
702517 2517.000000 17758100002517000 0.038915031 0.142923407 0.114960205 -1.273951363
702518 2518.000000 17758100002518000 0.035700783 0.142766408 0.065069774 -1.288027284
702519 2519.000000 17758100002519000 0.032549996 0.143358275 0.032596154 -1.290906081
702520 2520.000000 17758100002520000 0.029465770 0.143053218 -0.011012071 -1.254796673
702521 2521.000000 17758100002521000 0.026451154 0.142876372 -0.055201057 -1.265070473
702522 2522.000000 17758100002522000 0.023509121 0.142455480 -0.092728217 -1.262583886
702523 2523.000000 17758100002523000 0.020642577 0.142439745 -0.145227871 -1.234877153
702524 2524.000000 17758100002524000 0.017854348 0.142344288 -0.184019007 -1.278929291
702525 2525.000000 17758100002525000 0.015147186 0.142247527 -0.211877823 -1.228226044
702526 2526.000000 17758100002526000 0.012523765 0.141714387 -0.252077125 -1.239562344
702527 2527.000000 17758100002527000 0.009986672 0.142086290 -0.305871331 -1.273438783
702528 2528.000000 17758100002528000 0.007538411 0.140859569 -0.336702169 -1.209544127
702529 2529.000000 17758100002529000 0.005181399 0.140525405 -0.385856712 -1.225260720
702530 2530.000000 17758100002530000 0.002917961 0.140344027 -0.423665736 -1.202655228
702531 2531.000000 17758100002531000 0.000750331 0.139964892 -0.467632833 -1.183686900
702532 2532.000000 17758100002532000 -0.001319351 0.139442660 -0.497394521 -1.177355191
702533 2533.000000 17758100002533000 -0.003289043 0.139203650 -0.544836996 -1.128359001
702534 2534.000000 17758100002534000 -0.005156802 0.138153329 -0.581132831 -1.148772666
702535 2535.000000 17758100002535000 -0.006920783 0.137826460 -0.617238204 -1.117371038
702536 2536.000000 17758100002536000 -0.008579247 0.137074979 -0.653741062 -1.089285249
702537 2537.000000 17758100002537000 -0.010130555 0.136507627 -0.695883932 -1.074514627
702538 2538.000000 17758100002538000 -0.011573179 0.135708549 -0.732542025 -1.087656581
702539 2539.000000 17758100002539000 -0.012905693 0.134888817 -0.764998018 -1.027604750
702540 2540.000000 17758100002540000 -0.014126782 0.134102371 -0.797015500 -1.012378838
702541 2541.000000 17758100002541000 -0.015235242 0.133269241 -0.835820965 -1.021483629
702542 2542.000000 17758100002542000 -0.016229980 0.132837626 -0.876041497 -0.962477515
702543 2543.000000 17758100002543000 -0.017110011 0.131568133 -0.897591268 -0.905642930
702544 2544.000000 17758100002544000 -0.017874470 0.130631509 -0.926827968 -0.917958332
702545 2545.000000 17758100002545000 -0.018522602 0.129508028 -0.960123003 -0.917844538
702546 2546.000000 17758100002546000 -0.019053765 0.128674949 -0.987989127 -0.878952045
702547 2547.000000 17758100002547000 -0.019467436 0.127812744 -1.016068006 -0.846182453
702548 2548.000000 17758100002548000 -0.019763207 0.126817274 -1.048761639 -0.808454101
702549 2549.000000 17758100002549000 -0.019940788 0.125656266 -1.078727633 -0.818487089
702550 2550.000000 17758100002550000 -0.020000000 0.124514896 -1.091249706 -0.739131630
702551 2551.000000 17758100002551000 -0.019940788 0.123420029 -1.120691584 -0.740592941
702552 2552.000000 17758100002552000 -0.019763207 0.121920776 -1.148946542 -0.669666202
702553 2553.000000 17758100002553000 -0.019467436 0.121102005 -1.160244217 -0.648859376
702554 2554.000000 17758100002554000 -0.019053765 0.120058820 -1.191561440 -0.586956088
702555 2555.000000 17758100002555000 -0.018522602 0.118746790 -1.206029072 -0.554731089
702556 2556.000000 17758100002556000 -0.017874470 0.117845642 -1.227432190 -0.553253188
702557 2557.000000 17758100002557000 -0.017110011 0.115916287 -1.237177521 -0.526943004
702558 2558.000000 17758100002558000 -0.016229980 0.114955440 -1.257546114 -0.446545235
702559 2559.000000 17758100002559000 -0.015235242 0.113576678 -1.262489126 -0.423593379
702560 2560.000000 17758100002560000 -0.014126782 0.112486490 -1.291150858 -0.421086357
702561 2561.000000 17758100002561000 -0.012905693 0.111107571 -1.298892338 -0.317226728
702562 2562.000000 17758100002562000 -0.011573179 0.110044182 -1.313117717 -0.338110574
702563 2563.000000 17758100002563000 -0.010130555 0.108595748 -1.318234258 -0.253092567
702564 2564.000000 17758100002564000 -0.008579247 0.106623511 -1.332522354 -0.262846266
702565 2565.000000 17758100002565000 -0.006920783 0.105637509 -1.332708826 -0.214792450
702566 2566.000000 17758100002566000 -0.005156802 0.104563172 -1.339444608 -0.158077306
702567 2567.000000 17758100002567000 -0.003289043 0.103219163 -1.347307459 -0.147298942
702568 2568.000000 17758100002568000 -0.001319351 0.101639722 -1.351079448 -0.117857724
702569 2569.000000 17758100002569000 0.000750331 0.100726539 -1.349353740 -0.020824835
702570 2570.000000 17758100002570000 0.002917961 0.099030690 -1.345588534 0.030894910
702571 2571.000000 17758100002571000 0.005181399 0.097697262 -1.348819262 0.033438812
702572 2572.000000 17758100002572000 0.007538411 0.096655995 -1.353276630 0.058209549
702573 2573.000000 17758100002573000 0.009986672 0.094860118 -1.335522326 0.129696738
702574 2574.000000 17758100002574000 0.012523765 0.093642322 -1.341008667 0.134644718
702575 2575.000000 17758100002575000 0.015147186 0.091821716 -1.337139454 0.217185512
702576 2576.000000 17758100002576000 0.017854348 0.090899829 -1.314222550 0.221436573
702577 2577.000000 17758100002577000 0.020642577 0.089859772 -1.317602813 0.299072055
702578 2578.000000 17758100002578000 0.023509121 0.088353154 -1.308294614 0.346643987
702579 2579.000000 17758100002579000 0.026451154 0.087052393 -1.291475904 0.354820597
702580 2580.000000 17758100002580000 0.029465770 0.085767390 -1.272488917 0.428558179
702581 2581.000000 17758100002581000 0.032549996 0.084535442 -1.263102921 0.467891319
702582 2582.000000 17758100002582000 0.035700783 0.083099775 -1.252310035 0.458971478
702583 2583.000000 17758100002583000 0.038915031 0.082432807 -1.229277835 0.513848802
702584 2584.000000 17758100002584000 0.042189561 0.080656000 -1.207916871 0.542159314
702585 2585.000000 17758100002585000 0.045521140 0.079587852 -1.195595158 0.567203852
702586 2586.000000 17758100002586000 0.048906486 0.078751117 -1.176815601 0.611458904
702587 2587.000000 17758100002587000 0.052342255 0.077346287 -1.156881445 0.642659196
702588 2588.000000 17758100002588000 0.055825055 0.076191394 -1.132943329 0.665452546
702589 2589.000000 17758100002589000 0.059351448 0.075057581 -1.110031526 0.709585023
702590 2590.000000 17758100002590000 0.062917963 0.073929521 -1.091392793 0.756422100
702591 2591.000000 17758100002591000 0.066521071 0.072508782 -1.054234572 0.770131428
702592 2592.000000 17758100002592000 0.070157215 0.071890426 -1.034431950 0.831728616
702593 2593.000000 17758100002593000 0.073822811 0.071196893 -1.014250614 0.844839453
702594 2594.000000 17758100002594000 0.077514239 0.069760763 -0.976031324 0.836518244
702595 2595.000000 17758100002595000 0.081227861 0.068895992 -0.951224301 0.905671863
702596 2596.000000 17758100002596000 0.084960014 0.067951154 -0.912374877 0.887921436
702597 2597.000000 17758100002597000 0.088707000 0.066834800 -0.880346793 0.956113575
702598 2598.000000 17758100002598000 0.092465140 0.066461043 -0.849860811 0.984559109
702599 2599.000000 17758100002599000 0.096230708 0.065414901 -0.825684417 1.028142117
702600 2600.000000 17758100002600000 0.100000001 0.064803355 -0.784054955 1.017163936
702601 2601.000000 17758100002601000 0.103769287 0.063967172 -0.748381105 1.059634866
702602 2602.000000 17758100002602000 0.107534863 0.063201626 -0.719356283 1.082097531
702603 2603.000000 17758100002603000 0.111292996 0.062645910 -0.683135552 1.122439501
702604 2604.000000 17758100002604000 0.115039989 0.062007281 -0.631432066 1.100037784
702605 2605.000000 17758100002605000 0.118772134 0.061233771 -0.610823388 1.123839559
702606 2606.000000 17758100002606000 0.122485757 0.060642847 -0.566831808 1.153338593
702607 2607.000000 17758100002607000 0.126177192 0.060414342 -0.528811509 1.193647043
702608 2608.000000 17758100002608000 0.129842788 0.060066753 -0.485123469 1.176391921
702609 2609.000000 17758100002609000 0.133478940 0.059020962 -0.440595613 1.201970069
702610 2610.000000 17758100002610000 0.137082040 0.058813369 -0.414493303 1.215126057
702611 2611.000000 17758100002611000 0.140648544 0.058667733 -0.373018407 1.173575274
702612 2612.000000 17758100002612000 0.144174948 0.058383264 -0.323755516 1.213815849
702613 2613.000000 17758100002613000 0.147657752 0.058015861 -0.287452420 1.213688951
702614 2614.000000 17758100002614000 0.151093513 0.057366474 -0.242630258 1.258057039
702615 2615.000000 17758100002615000 0.154478863 0.057362772 -0.199458435 1.252741571
702616 2616.000000 17758100002616000 0.157810435 0.057529664 -0.158899914 1.258402533
702617 2617.000000 17758100002617000 0.161084965 0.057428883 -0.112433147 1.226120153
702618 2618.000000 17758100002618000 0.164299220 0.057114131 -0.076922388 1.235143854
702619 2619.000000 17758100002619000 0.167450011 0.056555427 -0.044237786 1.223277278
702620 2620.000000 17758100002620000 0.170534223 0.056906309 0.002022980 1.301654890
702621 2621.000000 17758100002621000 0.173548847 0.056728170 0.047475501 1.278757088
702622 2622.000000 17758100002622000 0.176490873 0.057077700 0.101189307 1.267831472
702623 2623.000000 17758100002623000 0.179357424 0.057543149 0.141952256 1.274889134
702624 2624.000000 17758100002624000 0.182145655 0.057395422 0.179349604 1.268733950
702625 2625.000000 17758100002625000 0.184852809 0.057451826 0.224488524 1.271954666
702626 2626.000000 17758100002626000 0.187476233 0.057989609 0.273025888 1.239311977
702627 2627.000000 17758100002627000 0.190013334 0.058178949 0.311217955 1.220006685
702628 2628.000000 17758100002628000 0.192461595 0.058312764 0.339673543 1.221675758
702629 2629.000000 17758100002629000 0.194818601 0.059280807 0.391181731 1.207908107
702630 2630.000000 17758100002630000 0.197082043 0.059361578 0.420096794 1.234065744
702631 2631.000000 17758100002631000 0.199249670 0.059844499 0.474260721 1.185631973
702632 2632.000000 17758100002632000 0.201319352 0.060496454 0.496122516 1.152876323
702633 2633.000000 17758100002633000 0.203289047 0.061069463 0.548182366 1.157962202
702634 2634.000000 17758100002634000 0.205156803 0.061478283 0.583981202 1.167300219
702635 2635.000000 17758100002635000 0.206920788 0.062142720 0.619098581 1.151992524
702636 2636.000000 17758100002636000 0.208579242 0.062736067 0.672189753 1.139918829
702637 2637.000000 17758100002637000 0.210130557 0.063448076 0.691514499 1.094775218
702638 2638.000000 17758100002638000 0.211573184 0.064219858 0.731952401 1.066894034
702639 2639.000000 17758100002639000 0.212905690 0.065113589 0.763268295 1.033167421
702640 2640.000000 17758100002640000 0.214126781 0.065946329 0.796006249 1.039311640
702641 2641.000000 17758100002641000 0.215235248 0.066721106 0.829674276 1.061706348
702642 2642.000000 17758100002642000 0.216229975 0.067588886 0.862785611 1.015478949
702643 2643.000000 17758100002643000 0.217110008 0.068641625 0.889499376 0.945865471
702644 2644.000000 17758100002644000 0.217874467 0.069043790 0.926051978 0.920299824
702645 2645.000000 17758100002645000 0.218522608 0.070484035 0.962341671 0.881680361
702646 2646.000000 17758100002646000 0.219053760 0.071604274 0.995614390 0.863851733
702647 2647.000000 17758100002647000 0.219467431 0.072379611 1.016505424 0.863737620
702648 2648.000000 17758100002648000 0.219763204 0.073542233 1.054955901 0.797022505
702649 2649.000000 17758100002649000 0.219940782 0.074296001 1.068213512 0.768993335
702650 2650.000000 17758100002650000 0.219999999 0.075460822 1.090386551 0.752731111
702651 2651.000000 17758100002651000 0.219940782 0.076724425 1.114586750 0.729912740
702652 2652.000000 17758100002652000 0.219763204 0.078049102 1.147907503 0.675683986
702653 2653.000000 17758100002653000 0.219467431 0.079081215 1.166678651 0.640489351
702654 2654.000000 17758100002654000 0.219053760 0.079889470 1.186430972 0.618444949
702655 2655.000000 17758100002655000 0.218522608 0.081318103 1.207620708 0.538063049
702656 2656.000000 17758100002656000 0.217874467 0.082663749 1.225210750 0.505483446
702657 2657.000000 17758100002657000 0.217110008 0.083980183 1.245223740 0.509072249
702658 2658.000000 17758100002658000 0.216229975 0.085308890 1.257822803 0.485195762
702659 2659.000000 17758100002659000 0.215235248 0.086867524 1.270888789 0.408671620
702660 2660.000000 17758100002660000 0.214126781 0.087626134 1.286633943 0.420914581
702661 2661.000000 17758100002661000 0.212905690 0.089173909 1.292173790 0.365393808
702662 2662.000000 17758100002662000 0.211573184 0.090740902 1.309907302 0.340023103
702663 2663.000000 17758100002663000 0.210130557 0.091748086 1.313191179 0.279454638
702664 2664.000000 17758100002664000 0.208579242 0.093280248 1.336420022 0.256410741
702665 2665.000000 17758100002665000 0.206920788 0.094355108 1.333225866 0.184097350
702666 2666.000000 17758100002666000 0.205156803 0.095604673 1.346309247 0.194265222
702667 2667.000000 17758100002667000 0.203289047 0.096960278 1.343066828 0.120608189
702668 2668.000000 17758100002668000 0.201319352 0.097963393 1.346991227 0.079728413
702669 2669.000000 17758100002669000 0.199249670 0.099409849 1.346592645 0.029886511
702670 2670.000000 17758100002670000 0.197082043 0.100987262 1.348128686 -0.011192999
702671 2671.000000 17758100002671000 0.194818601 0.102224729 1.355533411 -0.071041105
702672 2672.000000 17758100002672000 0.192461595 0.104027423 1.354282425 -0.076905312
702673 2673.000000 17758100002673000 0.190013334 0.105206773 1.336557903 -0.105064729
702674 2674.000000 17758100002674000 0.187476233 0.106698010 1.329292317 -0.181793346
702675 2675.000000 17758100002675000 0.184852809 0.107499085 1.324316043 -0.204126831
702676 2676.000000 17758100002676000 0.182145655 0.109065186 1.329631032 -0.233524399
702677 2677.000000 17758100002677000 0.179357424 0.110524391 1.318141596 -0.263450223
702678 2678.000000 17758100002678000 0.176490873 0.111841369 1.289183405 -0.332730445
702679 2679.000000 17758100002679000 0.173548847 0.112827598 1.286620443 -0.362623588
702680 2680.000000 17758100002680000 0.170534223 0.114498147 1.275913885 -0.418949195
702681 2681.000000 17758100002681000 0.167450011 0.115584598 1.267206141 -0.404233725
702682 2682.000000 17758100002682000 0.164299220 0.116788307 1.253632130 -0.455133290
702683 2683.000000 17758100002683000 0.161084965 0.118380661 1.234699882 -0.513736856
702684 2684.000000 17758100002684000 0.157810435 0.119102749 1.219793278 -0.569125106
702685 2685.000000 17758100002685000 0.154478863 0.120591621 1.197248414 -0.592039072
702686 2686.000000 17758100002686000 0.151093513 0.121543634 1.169366804 -0.657257969
702687 2687.000000 17758100002687000 0.147657752 0.122676871 1.149267924 -0.658265619
702688 2688.000000 17758100002688000 0.144174948 0.123708761 1.134516493 -0.715800945
702689 2689.000000 17758100002689000 0.140648544 0.124912385 1.111553940 -0.691778234
702690 2690.000000 17758100002690000 0.137082040 0.126376625 1.087042632 -0.733455546
702691 2691.000000 17758100002691000 0.133478940 0.127214805 1.059898728 -0.767316147
702692 2692.000000 17758100002692000 0.129842788 0.128409901 1.025700328 -0.801779168
702693 2693.000000 17758100002693000 0.126177192 0.129465306 1.008916783 -0.854233473
702694 2694.000000 17758100002694000 0.122485757 0.129789199 0.964420529 -0.874306971
702695 2695.000000 17758100002695000 0.118772134 0.131028238 0.942691798 -0.918278654
702696 2696.000000 17758100002696000 0.115039989 0.131630344 0.925386613 -0.906414007
702697 2697.000000 17758100002697000 0.111292996 0.132828158 0.888946680 -0.923872247
702698 2698.000000 17758100002698000 0.107534863 0.133877491 0.847055337 -1.014625918
702699 2699.000000 17758100002699000 0.103769287 0.134543226 0.812666446 -0.991395092
702700 2700.000000 17758100002700000 0.100000001 0.135367831 0.780832441 -1.008801635
702701 2701.000000 17758100002701000 0.096230708 0.136196255 0.748730179 -1.050199107
702702 2702.000000 17758100002702000 0.092465140 0.136551801 0.711683754 -1.093299922
702703 2703.000000 17758100002703000 0.088707000 0.137495667 0.675758622 -1.092004276
702704 2704.000000 17758100002704000 0.084960014 0.138024676 0.642224989 -1.111111440
702705 2705.000000 17758100002705000 0.081227861 0.138843723 0.610259736 -1.143161896
702706 2706.000000 17758100002706000 0.077514239 0.139337499 0.554367455 -1.139423530
702707 2707.000000 17758100002707000 0.073822811 0.139446365 0.526738534 -1.166102942
702708 2708.000000 17758100002708000 0.070157215 0.139842276 0.485269936 -1.170849027
702709 2709.000000 17758100002709000 0.066521071 0.140614649 0.448047998 -1.180542970
702710 2710.000000 17758100002710000 0.062917963 0.141397402 0.407422882 -1.213166755
702711 2711.000000 17758100002711000 0.059351448 0.141219135 0.365994251 -1.208374360
702712 2712.000000 17758100002712000 0.055825055 0.141747457 0.324157211 -1.202364796
702713 2713.000000 17758100002713000 0.052342255 0.141803649 0.284830307 -1.228183853
702714 2714.000000 17758100002714000 0.048906486 0.142307825 0.244754708 -1.231153757
702715 2715.000000 17758100002715000 0.045521140 0.142792200 0.203857688 -1.242627552
702716 2716.000000 17758100002716000 0.042189561 0.142503019 0.154372855 -1.257882735
702717 2717.000000 17758100002717000 0.038915031 0.142941034 0.110697993 -1.297855250
702718 2718.000000 17758100002718000 0.035700783 0.142913681 0.071858551 -1.288558953
702719 2719.000000 17758100002719000 0.032549996 0.142838279 0.028656513 -1.222883279
702720 2720.000000 17758100002720000 0.029465770 0.142873736 -0.013359322 -1.260452754
702721 2721.000000 17758100002721000 0.026451154 0.142944927 -0.057459881 -1.286823829
702722 2722.000000 17758100002722000 0.023509121 0.143040001 -0.101372648 -1.270747402
702723 2723.000000 17758100002723000 0.020642577 0.142939353 -0.134398552 -1.250690697
702724 2724.000000 17758100002724000 0.017854348 0.142386048 -0.178247463 -1.287496902
702725 2725.000000 17758100002725000 0.015147186 0.142157370 -0.221346041 -1.261153979
702726 2726.000000 17758100002726000 0.012523765 0.141822350 -0.255888225 -1.232366696
702727 2727.000000 17758100002727000 0.009986672 0.142001957 -0.302878043 -1.243298284
702728 2728.000000 17758100002728000 0.007538411 0.141369552 -0.353442542 -1.171218340
702729 2729.000000 17758100002729000 0.005181399 0.140941162 -0.383098085 -1.207175823
702730 2730.000000 17758100002730000 0.002917961 0.140677431 -0.419317700 -1.205251365
702731 2731.000000 17758100002731000 0.000750331 0.139886463 -0.463127135 -1.232920185
702732 2732.000000 17758100002732000 -0.001319351 0.139479477 -0.502000293 -1.171600192
702733 2733.000000 17758100002733000 -0.003289043 0.139210248 -0.551181940 -1.188638550
702734 2734.000000 17758100002734000 -0.005156802 0.138156692 -0.581636634 -1.142999088
702735 2735.000000 17758100002735000 -0.006920783 0.137834576 -0.623469334 -1.143227816
702736 2736.000000 17758100002736000 -0.008579247 0.137370593 -0.662165431 -1.074365695
702737 2737.000000 17758100002737000 -0.010130555 0.136446980 -0.687914643 -1.060703422
702738 2738.000000 17758100002738000 -0.011573179 0.135810771 -0.741510611 -1.040842443
702739 2739.000000 17758100002739000 -0.012905693 0.134969791 -0.764606902 -1.033261871
702740 2740.000000 17758100002740000 -0.014126782 0.134039070 -0.789033704 -1.033018039
702741 2741.000000 17758100002741000 -0.015235242 0.133325868 -0.831109553 -0.984904450
702742 2742.000000 17758100002742000 -0.016229980 0.132312666 -0.871532194 -0.996632769
702743 2743.000000 17758100002743000 -0.017110011 0.131474673 -0.892779765 -0.966626825
702744 2744.000000 17758100002744000 -0.017874470 0.130907774 -0.931414221 -0.940611589
702745 2745.000000 17758100002745000 -0.018522602 0.129779360 -0.956182809 -0.879913826
702746 2746.000000 17758100002746000 -0.019053765 0.128888224 -0.989931259 -0.875472468
702747 2747.000000 17758100002747000 -0.019467436 0.127792454 -1.027802912 -0.834709537
702748 2748.000000 17758100002748000 -0.019763207 0.126247773 -1.060487254 -0.815703310
702749 2749.000000 17758100002749000 -0.019940788 0.125480546 -1.074411744 -0.780557067
702750 2750.000000 17758100002750000 -0.020000000 0.124462527 -1.094379335 -0.758594059
702751 2751.000000 17758100002751000 -0.019940788 0.123129803 -1.127747511 -0.678946833
702752 2752.000000 17758100002752000 -0.019763207 0.122079456 -1.150771380 -0.682215592
702753 2753.000000 17758100002753000 -0.019467436 0.120971652 -1.157867015 -0.622488186
702754 2754.000000 17758100002754000 -0.019053765 0.119640160 -1.189734710 -0.627925947
702755 2755.000000 17758100002755000 -0.018522602 0.118374776 -1.207644888 -0.555780714
702756 2756.000000 17758100002756000 -0.017874470 0.117207339 -1.217970085 -0.560174484
702757 2757.000000 17758100002757000 -0.017110011 0.116142633 -1.234660627 -0.513541399
702758 2758.000000 17758100002758000 -0.016229980 0.114856445 -1.245471499 -0.477730369
702759 2759.000000 17758100002759000 -0.015235242 0.113261764 -1.268763560 -0.443444333
702760 2760.000000 17758100002760000 -0.014126782 0.112319175 -1.286236952 -0.401583730
702761 2761.000000 17758100002761000 -0.012905693 0.110847009 -1.301245675 -0.350673103
702762 2762.000000 17758100002762000 -0.011573179 0.109677232 -1.303259112 -0.314378108
702763 2763.000000 17758100002763000 -0.010130555 0.108284353 -1.324298912 -0.236444203
702764 2764.000000 17758100002764000 -0.008579247 0.106987676 -1.327750194 -0.235109919
702765 2765.000000 17758100002765000 -0.006920783 0.105822741 -1.329031730 -0.232725057
702766 2766.000000 17758100002766000 -0.005156802 0.104624684 -1.340778723 -0.180451955
702767 2767.000000 17758100002767000 -0.003289043 0.103176696 -1.356083630 -0.127735493
702768 2768.000000 17758100002768000 -0.001319351 0.101552102 -1.346554516 -0.088270055
702769 2769.000000 17758100002769000 0.000750331 0.100321487 -1.352968720 -0.045899436
702770 2770.000000 17758100002770000 0.002917961 0.098830032 -1.348783616 0.010101044
702771 2771.000000 17758100002771000 0.005181399 0.097801435 -1.344961105 0.048143684
702772 2772.000000 17758100002772000 0.007538411 0.096451986 -1.347882880 0.089022939
702773 2773.000000 17758100002773000 0.009986672 0.094590010 -1.345529692 0.127457204
702774 2774.000000 17758100002774000 0.012523765 0.093797500 -1.344068970 0.201273039
702775 2775.000000 17758100002775000 0.015147186 0.092463328 -1.339499233 0.208832747
702776 2776.000000 17758100002776000 0.017854348 0.090930229 -1.322511215 0.244179084
702777 2777.000000 17758100002777000 0.020642577 0.089680776 -1.315176002 0.271343349
702778 2778.000000 17758100002778000 0.023509121 0.088227235 -1.304341324 0.317054833
702779 2779.000000 17758100002779000 0.026451154 0.087191865 -1.290517118 0.342530052
702780 2780.000000 17758100002780000 0.029465770 0.085652199 -1.279557797 0.397360038
702781 2781.000000 17758100002781000 0.032549996 0.084659042 -1.270208554 0.433300622
702782 2782.000000 17758100002782000 0.035700783 0.083256818 -1.245681687 0.500054934
702783 2783.000000 17758100002783000 0.038915031 0.081978119 -1.234371878 0.506931579
702784 2784.000000 17758100002784000 0.042189561 0.080927450 -1.209348895 0.577835751
702785 2785.000000 17758100002785000 0.045521140 0.079693872 -1.210636122 0.589157004
702786 2786.000000 17758100002786000 0.048906486 0.078355235 -1.179776688 0.604770356
702787 2787.000000 17758100002787000 0.052342255 0.077194627 -1.156898329 0.615462785
702788 2788.000000 17758100002788000 0.055825055 0.076425090 -1.139332095 0.696186557
702789 2789.000000 17758100002789000 0.059351448 0.074932507 -1.107375720 0.662605875
702790 2790.000000 17758100002790000 0.062917963 0.073800080 -1.092022182 0.783305473
702791 2791.000000 17758100002791000 0.066521071 0.073052336 -1.060187659 0.790256799
702792 2792.000000 17758100002792000 0.070157215 0.071817301 -1.036603515 0.851242827
702793 2793.000000 17758100002793000 0.073822811 0.070820869 -0.999687503 0.836977889
702794 2794.000000 17758100002794000 0.077514239 0.069884623 -0.976286019 0.851764859
702795 2795.000000 17758100002795000 0.081227861 0.068896380 -0.944512798 0.900875494
702796 2796.000000 17758100002796000 0.084960014 0.067873847 -0.912459084 0.945639443
702797 2797.000000 17758100002797000 0.088707000 0.066875284 -0.892551458 0.984972225
702798 2798.000000 17758100002798000 0.092465140 0.066388539 -0.845108535 0.976788042
702799 2799.000000 17758100002799000 0.096230708 0.065407103 -0.813831052 0.969699798
702800 2800.000000 17758100002800000 0.100000001 0.064939086 -0.772782874 1.061008419
702801 2801.000000 17758100002801000 0.103769287 0.063583794 -0.747523329 1.041812069
702802 2802.000000 17758100002802000 0.107534863 0.063165050 -0.712072602 1.065954048
702803 2803.000000 17758100002803000 0.111292996 0.063055132 -0.682558075 1.086160553
702804 2804.000000 17758100002804000 0.115039989 0.061733726 -0.641440341 1.111193261
702805 2805.000000 17758100002805000 0.118772134 0.061151104 -0.609269117 1.130195342
702806 2806.000000 17758100002806000 0.122485757 0.060189359 -0.561566707 1.175910483
702807 2807.000000 17758100002807000 0.126177192 0.060336359 -0.523186909 1.150764376
702808 2808.000000 17758100002808000 0.129842788 0.059951689 -0.489240224 1.188632023
702809 2809.000000 17758100002809000 0.133478940 0.059444119 -0.447883133 1.238781544
702810 2810.000000 17758100002810000 0.137082040 0.058368593 -0.398958146 1.227211622
702811 2811.000000 17758100002811000 0.140648544 0.058484877 -0.360603773 1.206798494
702812 2812.000000 17758100002812000 0.144174948 0.058190962 -0.326031675 1.200810845
702813 2813.000000 17758100002813000 0.147657752 0.058097205 -0.287394553 1.235936175
702814 2814.000000 17758100002814000 0.151093513 0.057695043 -0.240794266 1.237435246
702815 2815.000000 17758100002815000 0.154478863 0.057163225 -0.201227136 1.281161304
702816 2816.000000 17758100002816000 0.157810435 0.057113227 -0.158265567 1.268486085
702817 2817.000000 17758100002817000 0.161084965 0.057090063 -0.108458682 1.254972996
702818 2818.000000 17758100002818000 0.164299220 0.057231683 -0.073980858 1.288787642
702819 2819.000000 17758100002819000 0.167450011 0.056736581 -0.031606225 1.235927428
702820 2820.000000 17758100002820000 0.170534223 0.056987852 0.013090432 1.262428459
702821 2821.000000 17758100002821000 0.173548847 0.057314812 0.045146739 1.282534323
702822 2822.000000 17758100002822000 0.176490873 0.057247912 0.095627002 1.241502807
702823 2823.000000 17758100002823000 0.179357424 0.057030800 0.139602934 1.303028848
702824 2824.000000 17758100002824000 0.182145655 0.057630842 0.182137755 1.260948366
702825 2825.000000 17758100002825000 0.184852809 0.057850419 0.226564498 1.236080724
702826 2826.000000 17758100002826000 0.187476233 0.058100271 0.261074996 1.259078599
702827 2827.000000 17758100002827000 0.190013334 0.058313299 0.298997807 1.208247183
702828 2828.000000 17758100002828000 0.192461595 0.058740545 0.335561522 1.244472639
702829 2829.000000 17758100002829000 0.194818601 0.058975450 0.384680813 1.184866722
702830 2830.000000 17758100002830000 0.197082043 0.059556662 0.422017613 1.218947824
702831 2831.000000 17758100002831000 0.199249670 0.059917204 0.460367733 1.193884185
702832 2832.000000 17758100002832000 0.201319352 0.060700395 0.502682039 1.167717900
702833 2833.000000 17758100002833000 0.203289047 0.060849924 0.547600799 1.150615148
702834 2834.000000 17758100002834000 0.205156803 0.061593922 0.590768652 1.196640951
702835 2835.000000 17758100002835000 0.206920788 0.062301303 0.624440668 1.155943013
702836 2836.000000 17758100002836000 0.208579242 0.063229080 0.660052880 1.116648940
702837 2837.000000 17758100002837000 0.210130557 0.063401468 0.703627929 1.102123904
702838 2838.000000 17758100002838000 0.211573184 0.064416851 0.739152482 1.062068435
702839 2839.000000 17758100002839000 0.212905690 0.064853975 0.764131096 1.044421212
702840 2840.000000 17758100002840000 0.214126781 0.066100081 0.795894817 1.013325350
702841 2841.000000 17758100002841000 0.215235248 0.067227983 0.835262139 0.991573881
702842 2842.000000 17758100002842000 0.216229975 0.067551580 0.867550984 0.979593895
702843 2843.000000 17758100002843000 0.217110008 0.068461754 0.898221426 0.980753274
702844 2844.000000 17758100002844000 0.217874467 0.069081691 0.933373750 0.941470952
702845 2845.000000 17758100002845000 0.218522608 0.070580811 0.959951828 0.913850505
702846 2846.000000 17758100002846000 0.219053760 0.071356811 0.989720564 0.829611045
702847 2847.000000 17758100002847000 0.219467431 0.071681680 1.017760650 0.803920057
702848 2848.000000 17758100002848000 0.219763204 0.073204713 1.044163567 0.802802582
702849 2849.000000 17758100002849000 0.219940782 0.074514493 1.077882171 0.753495486
702850 2850.000000 17758100002850000 0.219999999 0.075542362 1.096551177 0.732093933
702851 2851.000000 17758100002851000 0.219940782 0.076861634 1.118984819 0.680121857
702852 2852.000000 17758100002852000 0.219763204 0.077875436 1.144515178 0.672059950
702853 2853.000000 17758100002853000 0.219467431 0.079098211 1.160460287 0.652729075
702854 2854.000000 17758100002854000 0.219053760 0.080450813 1.184238538 0.601909627
702855 2855.000000 17758100002855000 0.218522608 0.081322703 1.209031982 0.589605175
702856 2856.000000 17758100002856000 0.217874467 0.082602383 1.221898492 0.520911838
702857 2857.000000 17758100002857000 0.217110008 0.083431112 1.238451585 0.492319687
702858 2858.000000 17758100002858000 0.216229975 0.084788171 1.260795366 0.491183575
702859 2859.000000 17758100002859000 0.215235248 0.086406726 1.262011408 0.418012268
702860 2860.000000 17758100002860000 0.214126781 0.087266551 1.282605274 0.348606511
702861 2861.000000 17758100002861000 0.212905690 0.088810604 1.305199589 0.373539516
702862 2862.000000 17758100002862000 0.211573184 0.089988698 1.301334946 0.326183035
702863 2863.000000 17758100002863000 0.210130557 0.091997452 1.311671051 0.286480302
702864 2864.000000 17758100002864000 0.208579242 0.092841423 1.329889496 0.210683129
702865 2865.000000 17758100002865000 0.206920788 0.094100900 1.328454626 0.189612573
702866 2866.000000 17758100002866000 0.205156803 0.095568980 1.338037205 0.180390762
702867 2867.000000 17758100002867000 0.203289047 0.097112216 1.340376822 0.099574350
702868 2868.000000 17758100002868000 0.201319352 0.098214150 1.341212527 0.043007924
702869 2869.000000 17758100002869000 0.199249670 0.099858363 1.344201415 0.020340667
702870 2870.000000 17758100002870000 0.197082043 0.101187403 1.352918253 0.004235962
702871 2871.000000 17758100002871000 0.194818601 0.102510712 1.344210934 -0.056885163
702872 2872.000000 17758100002872000 0.192461595 0.103753582 1.341609813 -0.079160220
702873 2873.000000 17758100002873000 0.190013334 0.104781928 1.346222385 -0.135790008
702874 2874.000000 17758100002874000 0.187476233 0.106607325 1.336683215 -0.171921388
702875 2875.000000 17758100002875000 0.184852809 0.107870618 1.324054240 -0.158529645
702876 2876.000000 17758100002876000 0.182145655 0.109098045 1.318175566 -0.283687410
702877 2877.000000 17758100002877000 0.179357424 0.109906416 1.312682626 -0.286461580
702878 2878.000000 17758100002878000 0.176490873 0.111543784 1.298290815 -0.345028763
702879 2879.000000 17758100002879000 0.173548847 0.112990731 1.290128146 -0.368319797
702880 2880.000000 17758100002880000 0.170534223 0.114114646 1.271143713 -0.407123169
702881 2881.000000 17758100002881000 0.167450011 0.115203512 1.268100756 -0.418102527
702882 2882.000000 17758100002882000 0.164299220 0.116813034 1.250379976 -0.503690999
702883 2883.000000 17758100002883000 0.161084965 0.118058674 1.232665140 -0.492461455
702884 2884.000000 17758100002884000 0.157810435 0.118975173 1.212223186 -0.527397732
702885 2885.000000 17758100002885000 0.154478863 0.120489936 1.201147835 -0.603076174
702886 2886.000000 17758100002886000 0.151093513 0.121281110 1.178055805 -0.613714251
702887 2887.000000 17758100002887000 0.147657752 0.122649156 1.154149224 -0.682216334
702888 2888.000000 17758100002888000 0.144174948 0.123760964 1.136274858 -0.682409817
702889 2889.000000 17758100002889000 0.140648544 0.125233736 1.105249572 -0.714857839
702890 2890.000000 17758100002890000 0.137082040 0.126194344 1.092005072 -0.770297761
702891 2891.000000 17758100002891000 0.133478940 0.126964009 1.058821790 -0.781770591
702892 2892.000000 17758100002892000 0.129842788 0.127886068 1.034921240 -0.808791542
702893 2893.000000 17758100002893000 0.126177192 0.128812274 1.007727045 -0.829829706
702894 2894.000000 17758100002894000 0.122485757 0.130280696 0.977383944 -0.858251818
702895 2895.000000 17758100002895000 0.118772134 0.131281967 0.947809724 -0.924833860
702896 2896.000000 17758100002896000 0.115039989 0.132177272 0.917775905 -0.919133537
702897 2897.000000 17758100002897000 0.111292996 0.132824883 0.889806152 -0.971771934
702898 2898.000000 17758100002898000 0.107534863 0.133845664 0.855022584 -0.987109730
702899 2899.000000 17758100002899000 0.103769287 0.134372096 0.821147732 -0.992167508
702900 2900.000000 17758100002900000 0.100000001 0.135246888 0.785248159 -1.030811789
702901 2901.000000 17758100002901000 0.096230708 0.136074378 0.749114533 -1.038346378
702902 2902.000000 17758100002902000 0.092465140 0.136726344 0.715449484 -1.030247670
702903 2903.000000 17758100002903000 0.088707000 0.137952097 0.675244059 -1.116734612
702904 2904.000000 17758100002904000 0.084960014 0.137759104 0.649087350 -1.099413048
702905 2905.000000 17758100002905000 0.081227861 0.138954780 0.595944098 -1.127281067
702906 2906.000000 17758100002906000 0.077514239 0.139198492 0.568072964 -1.157462238
702907 2907.000000 17758100002907000 0.073822811 0.139877100 0.524397672 -1.133251036
702908 2908.000000 17758100002908000 0.070157215 0.140054842 0.487703090 -1.186982084
702909 2909.000000 17758100002909000 0.066521071 0.140747798 0.445965564 -1.201156271
702910 2910.000000 17758100002910000 0.062917963 0.141001447 0.408570551 -1.194560414
702911 2911.000000 17758100002911000 0.059351448 0.141396096 0.367230483 -1.234684939
702912 2912.000000 17758100002912000 0.055825055 0.142014865 0.321089031 -1.227616867
702913 2913.000000 17758100002913000 0.052342255 0.142132922 0.280415365 -1.256361408
702914 2914.000000 17758100002914000 0.048906486 0.142104786 0.240593131 -1.255112642
702915 2915.000000 17758100002915000 0.045521140 0.142404207 0.200184510 -1.258457098
702916 2916.000000 17758100002916000 0.042189561 0.142466569 0.148792036 -1.269381976
702917 2917.000000 17758100002917000 0.038915031 0.142792984 0.117213975 -1.277315952
702918 2918.000000 17758100002918000 0.035700783 0.142848281 0.067366632 -1.296494494
702919 2919.000000 17758100002919000 0.032549996 0.143295962 0.035631928 -1.290596950
702920 2920.000000 17758100002920000 0.029465770 0.143120484 -0.005706824 -1.238748214
702921 2921.000000 17758100002921000 0.026451154 0.142917080 -0.056628203 -1.290391350
702922 2922.000000 17758100002922000 0.023509121 0.142633127 -0.097338953 -1.280307965
702923 2923.000000 17758100002923000 0.020642577 0.142458323 -0.138382454 -1.254221528
702924 2924.000000 17758100002924000 0.017854348 0.142124061 -0.183518411 -1.264035494
702925 2925.000000 17758100002925000 0.015147186 0.142180752 -0.218570427 -1.275611800
702926 2926.000000 17758100002926000 0.012523765 0.142067573 -0.257185052 -1.196703501
702927 2927.000000 17758100002927000 0.009986672 0.141872043 -0.309757796 -1.268242409
702928 2928.000000 17758100002928000 0.007538411 0.141626907 -0.351838891 -1.243439904
702929 2929.000000 17758100002929000 0.005181399 0.141128728 -0.382966554 -1.211596145
702930 2930.000000 17758100002930000 0.002917961 0.140327606 -0.429542818 -1.185467772
702931 2931.000000 17758100002931000 0.000750331 0.139806910 -0.469684278 -1.147444720
702932 2932.000000 17758100002932000 -0.001319351 0.139566791 -0.504063040 -1.192550779
702933 2933.000000 17758100002933000 -0.003289043 0.138557842 -0.548364085 -1.185592990
702934 2934.000000 17758100002934000 -0.005156802 0.138127365 -0.584412282 -1.166086895
702935 2935.000000 17758100002935000 -0.006920783 0.137521737 -0.633796122 -1.154021317
702936 2936.000000 17758100002936000 -0.008579247 0.137327492 -0.666532408 -1.145629761
702937 2937.000000 17758100002937000 -0.010130555 0.136608235 -0.702645155 -1.095600702
702938 2938.000000 17758100002938000 -0.011573179 0.135813823 -0.738191892 -1.074046972
702939 2939.000000 17758100002939000 -0.012905693 0.135188294 -0.762817714 -1.021484685
702940 2940.000000 17758100002940000 -0.014126782 0.134112963 -0.796619950 -1.054260247
702941 2941.000000 17758100002941000 -0.015235242 0.133114842 -0.828543062 -0.992141589
702942 2942.000000 17758100002942000 -0.016229980 0.132482873 -0.865080482 -0.985414727
702943 2943.000000 17758100002943000 -0.017110011 0.131660763 -0.902011622 -0.951684787
702944 2944.000000 17758100002944000 -0.017874470 0.130599550 -0.931905456 -0.937545851
702945 2945.000000 17758100002945000 -0.018522602 0.129439692 -0.965555573 -0.894713905
702946 2946.000000 17758100002946000 -0.019053765 0.128711842 -0.989820261 -0.870464617
702947 2947.000000 17758100002947000 -0.019467436 0.127607111 -1.018193264 -0.820764557
702948 2948.000000 17758100002948000 -0.019763207 0.126498325 -1.048143091 -0.847874986
702949 2949.000000 17758100002949000 -0.019940788 0.125932249 -1.072606484 -0.806627715
702950 2950.000000 17758100002950000 -0.020000000 0.124176926 -1.097432918 -0.730069341
702951 2951.000000 17758100002951000 -0.019940788 0.123196583 -1.116075555 -0.678823387
702952 2952.000000 17758100002952000 -0.019763207 0.122020247 -1.146023679 -0.682252597
702953 2953.000000 17758100002953000 -0.019467436 0.120968503 -1.167385411 -0.635346357
702954 2954.000000 17758100002954000 -0.019053765 0.119874358 -1.197450948 -0.596189295
702955 2955.000000 17758100002955000 -0.018522602 0.118635459 -1.197305688 -0.549079747
702956 2956.000000 17758100002956000 -0.017874470 0.117459878 -1.222005953 -0.513344192
702957 2957.000000 17758100002957000 -0.017110011 0.116534877 -1.241668435 -0.450614064
702958 2958.000000 17758100002958000 -0.016229980 0.114787403 -1.254450629 -0.482229204
702959 2959.000000 17758100002959000 -0.015235242 0.113673471 -1.277951622 -0.409399995
702960 2960.000000 17758100002960000 -0.014126782 0.112487923 -1.283616482 -0.384801063
702961 2961.000000 17758100002961000 -0.012905693 0.111143690 -1.295340927 -0.374699223
702962 2962.000000 17758100002962000 -0.011573179 0.109616125 -1.309501828 -0.306007891
702963 2963.000000 17758100002963000 -0.010130555 0.108316235 -1.320400732 -0.268744526
702964 2964.000000 17758100002964000 -0.008579247 0.106940826 -1.322210515 -0.239750743
702965 2965.000000 17758100002965000 -0.006920783 0.105748493 -1.336714683 -0.176396662
702966 2966.000000 17758100002966000 -0.005156802 0.104193965 -1.345382963 -0.118947090
702967 2967.000000 17758100002967000 -0.003289043 0.102882198 -1.340359716 -0.124481814
702968 2968.000000 17758100002968000 -0.001319351 0.101657738 -1.340446753 -0.029207035
702969 2969.000000 17758100002969000 0.000750331 0.100452269 -1.351669441 -0.034824315
702970 2970.000000 17758100002970000 0.002917961 0.099065795 -1.345416515 0.003512157
702971 2971.000000 17758100002971000 0.005181399 0.097878165 -1.352192759 0.056136212
702972 2972.000000 17758100002972000 0.007538411 0.096218374 -1.343302367 0.096329438
702973 2973.000000 17758100002973000 0.009986672 0.094944264 -1.342773535 0.110039832
702974 2974.000000 17758100002974000 0.012523765 0.093214118 -1.345171207 0.109075107
702975 2975.000000 17758100002975000 0.015147186 0.092514253 -1.329765337 0.150921018
702976 2976.000000 17758100002976000 0.017854348 0.090779930 -1.316070452 0.193405386
702977 2977.000000 17758100002977000 0.020642577 0.089758118 -1.315261464 0.319808187
702978 2978.000000 17758100002978000 0.023509121 0.088310724 -1.313633729 0.296856497
702979 2979.000000 17758100002979000 0.026451154 0.087295492 -1.280355337 0.315171877
702980 2980.000000 17758100002980000 0.029465770 0.085794113 -1.279308501 0.389703879
702981 2981.000000 17758100002981000 0.032549996 0.084331245 -1.261877021 0.413356551
702982 2982.000000 17758100002982000 0.035700783 0.083479144 -1.246332755 0.469966240
702983 2983.000000 17758100002983000 0.038915031 0.082003967 -1.227680923 0.482801854
702984 2984.000000 17758100002984000 0.042189561 0.080605689 -1.219171174 0.540054212
702985 2985.000000 17758100002985000 0.045521140 0.079672388 -1.202396271 0.575547968
702986 2986.000000 17758100002986000 0.048906486 0.078602725 -1.181972076 0.594168633
702987 2987.000000 17758100002987000 0.052342255 0.077388049 -1.150145441 0.634989950
702988 2988.000000 17758100002988000 0.055825055 0.076283862 -1.124302532 0.704554095
702989 2989.000000 17758100002989000 0.059351448 0.074729198 -1.106298088 0.701689212
702990 2990.000000 17758100002990000 0.062917963 0.074104009 -1.086294056 0.725873377
702991 2991.000000 17758100002991000 0.066521071 0.072743733 -1.056418746 0.772314475
702992 2992.000000 17758100002992000 0.070157215 0.071943732 -1.034893860 0.820267932
702993 2993.000000 17758100002993000 0.073822811 0.070808857 -1.002336144 0.858809188
702994 2994.000000 17758100002994000 0.077514239 0.069991137 -0.980824475 0.879035607
702995 2995.000000 17758100002995000 0.081227861 0.068857636 -0.939197977 0.895714592
702996 2996.000000 17758100002996000 0.084960014 0.068239904 -0.917618979 0.937735155
702997 2997.000000 17758100002997000 0.088707000 0.067144644 -0.894363777 0.924611927
702998 2998.000000 17758100002998000 0.092465140 0.066608991 -0.857617851 0.959331285
702999 2999.000000 17758100002999000 0.096230708 0.065707860 -0.819085349 0.991560222
703000 3000.000000 17758100003000000 0.100000001 0.064705861 -0.790680631 0.989776509
703001 3001.000000 17758100003001000 0.103769287 0.064256216 -0.742964381 1.073842980
703002 3002.000000 17758100003002000 0.107534863 0.063355004 -0.712934126 1.067996602
703003 3003.000000 17758100003003000 0.111292996 0.062826825 -0.674603063 1.104188847
703004 3004.000000 17758100003004000 0.115039989 0.061777058 -0.639545883 1.119503058
703005 3005.000000 17758100003005000 0.118772134 0.061384873 -0.597537633 1.132620480
703006 3006.000000 17758100003006000 0.122485757 0.060788899 -0.565566134 1.153604914
703007 3007.000000 17758100003007000 0.126177192 0.059867397 -0.531333443 1.157942040
703008 3008.000000 17758100003008000 0.129842788 0.059450625 -0.486210169 1.173569522
703009 3009.000000 17758100003009000 0.133478940 0.059145676 -0.457122977 1.179264518
703010 3010.000000 17758100003010000 0.137082040 0.058829319 -0.405249316 1.231875955
703011 3011.000000 17758100003011000 0.140648544 0.058474308 -0.361132058 1.252137996
703012 3012.000000 17758100003012000 0.144174948 0.058375148 -0.322770512 1.266112778
703013 3013.000000 17758100003013000 0.147657752 0.057946447 -0.284689202 1.240296401
703014 3014.000000 17758100003014000 0.151093513 0.057483151 -0.247971189 1.266671389
703015 3015.000000 17758100003015000 0.154478863 0.057685616 -0.201149784 1.285386702
703016 3016.000000 17758100003016000 0.157810435 0.057254739 -0.151054682 1.240404629
703017 3017.000000 17758100003017000 0.161084965 0.057164796 -0.114633916 1.248135903
703018 3018.000000 17758100003018000 0.164299220 0.056938692 -0.077930394 1.294356454
703019 3019.000000 17758100003019000 0.167450011 0.057061120 -0.029703346 1.261035622
703020 3020.000000 17758100003020000 0.170534223 0.057002265 0.004191921 1.282112665
703021 3021.000000 17758100003021000 0.173548847 0.056986938 0.056689966 1.251647135
703022 3022.000000 17758100003022000 0.176490873 0.056942748 0.096859901 1.268793803
703023 3023.000000 17758100003023000 0.179357424 0.057684381 0.143277486 1.246352473
703024 3024.000000 17758100003024000 0.182145655 0.057535314 0.180590411 1.234347835
703025 3025.000000 17758100003025000 0.184852809 0.057720934 0.219783817 1.298352210
703026 3026.000000 17758100003026000 0.187476233 0.058288445 0.259389902 1.231634162
703027 3027.000000 17758100003027000 0.190013334 0.058027579 0.303951522 1.230610200
703028 3028.000000 17758100003028000 0.192461595 0.058602007 0.344550574 1.224004888
703029 3029.000000 17758100003029000 0.194818601 0.059292815 0.379495932 1.191501298
703030 3030.000000 17758100003030000 0.197082043 0.059945555 0.422918075 1.193632772
703031 3031.000000 17758100003031000 0.199249670 0.059908771 0.473109281 1.180685878
703032 3032.000000 17758100003032000 0.201319352 0.060255097 0.507148174 1.203915132
703033 3033.000000 17758100003033000 0.203289047 0.060950344 0.550145540 1.155695701
703034 3034.000000 17758100003034000 0.205156803 0.061879639 0.576508562 1.161000581
703035 3035.000000 17758100003035000 0.206920788 0.062191017 0.620743801 1.113345563
703036 3036.000000 17758100003036000 0.208579242 0.063250046 0.656842177 1.149998461
703037 3037.000000 17758100003037000 0.210130557 0.063713914 0.689372642 1.114409282
703038 3038.000000 17758100003038000 0.211573184 0.063957433 0.729759733 1.045635689
703039 3039.000000 17758100003039000 0.212905690 0.065095861 0.774043866 1.041203793
703040 3040.000000 17758100003040000 0.214126781 0.065755654 0.807659959 1.044463419
703041 3041.000000 17758100003041000 0.215235248 0.066774354 0.838328210 0.987856869
703042 3042.000000 17758100003042000 0.216229975 0.067850693 0.872707628 0.957734463
703043 3043.000000 17758100003043000 0.217110008 0.068848013 0.898114336 0.976917996
703044 3044.000000 17758100003044000 0.217874467 0.069314159 0.927786558 0.926659315
703045 3045.000000 17758100003045000 0.218522608 0.070303905 0.952115882 0.892151673
703046 3046.000000 17758100003046000 0.219053760 0.071163169 0.988447043 0.891608286
703047 3047.000000 17758100003047000 0.219467431 0.072439579 1.018161728 0.859864737
703048 3048.000000 17758100003048000 0.219763204 0.073469211 1.053363643 0.818400077
703049 3049.000000 17758100003049000 0.219940782 0.074212854 1.081388243 0.747986585
703050 3050.000000 17758100003050000 0.219999999 0.075449835 1.103860554 0.739688054
703051 3051.000000 17758100003051000 0.219940782 0.076495152 1.127405798 0.709640125
703052 3052.000000 17758100003052000 0.219763204 0.077924485 1.144549648 0.673687368
703053 3053.000000 17758100003053000 0.219467431 0.079202451 1.173729792 0.629714047
703054 3054.000000 17758100003054000 0.219053760 0.079957286 1.187026398 0.621206217
703055 3055.000000 17758100003055000 0.218522608 0.081146133 1.203361800 0.573525861
703056 3056.000000 17758100003056000 0.217874467 0.082404314 1.221142189 0.535145768
703057 3057.000000 17758100003057000 0.217110008 0.083532059 1.230924263 0.555288114
703058 3058.000000 17758100003058000 0.216229975 0.085342343 1.253893242 0.487724138
703059 3059.000000 17758100003059000 0.215235248 0.086332188 1.281790527 0.418186382
703060 3060.000000 17758100003060000 0.214126781 0.087509249 1.277683329 0.367041139
703061 3061.000000 17758100003061000 0.212905690 0.089016181 1.300062712 0.340356671
703062 3062.000000 17758100003062000 0.211573184 0.090395478 1.308285128 0.292995632
703063 3063.000000 17758100003063000 0.210130557 0.091863346 1.315225958 0.275841137
703064 3064.000000 17758100003064000 0.208579242 0.093356251 1.329523775 0.225894029
703065 3065.000000 17758100003065000 0.206920788 0.094159369 1.334523618 0.169852073
703066 3066.000000 17758100003066000 0.205156803 0.095794419 1.327404209 0.170145967
703067 3067.000000 17758100003067000 0.203289047 0.096712917 1.341238579 0.144910365
703068 3068.000000 17758100003068000 0.201319352 0.098162188 1.346285432 0.029509720
703069 3069.000000 17758100003069000 0.199249670 0.099672657 1.351452474 0.034293808
703070 3070.000000 17758100003070000 0.197082043 0.101396865 1.353860881 -0.019677905
703071 3071.000000 17758100003071000 0.194818601 0.102230605 1.347848865 -0.027453041
703072 3072.000000 17758100003072000 0.192461595 0.103540547 1.341712674 -0.082840238
703073 3073.000000 17758100003073000 0.190013334 0.104866910 1.339191733 -0.173121528
703074 3074.000000 17758100003074000 0.187476233 0.106681212 1.341595143 -0.167228807
703075 3075.000000 17758100003075000 0.184852809 0.107844299 1.321412504 -0.227269763
703076 3076.000000 17758100003076000 0.182145655 0.109206409 1.326037714 -0.260345459
703077 3077.000000 17758100003077000 0.179357424 0.110682389 1.314527238 -0.289370598
703078 3078.000000 17758100003078000 0.176490873 0.111860937 1.296015527 -0.293958228
703079 3079.000000 17758100003079000 0.173548847 0.112960393 1.292608060 -0.376927707
703080 3080.000000 17758100003080000 0.170534223 0.114143000 1.282189767 -0.346161305
703081 3081.000000 17758100003081000 0.167450011 0.115440245 1.257365121 -0.441822109
703082 3082.000000 17758100003082000 0.164299220 0.116974035 1.241965674 -0.480005076
703083 3083.000000 17758100003083000 0.161084965 0.118148306 1.227155614 -0.523498998
703084 3084.000000 17758100003084000 0.157810435 0.119396178 1.214381777 -0.526838780
703085 3085.000000 17758100003085000 0.154478863 0.120410277 1.195061172 -0.555685491
703086 3086.000000 17758100003086000 0.151093513 0.121607132 1.165168983 -0.652669695
703087 3087.000000 17758100003087000 0.147657752 0.122874044 1.166183351 -0.629139798
703088 3088.000000 17758100003088000 0.144174948 0.124097126 1.138389302 -0.691916103
703089 3089.000000 17758100003089000 0.140648544 0.125292342 1.100001552 -0.706574103
703090 3090.000000 17758100003090000 0.137082040 0.125786716 1.087894081 -0.769592452
703091 3091.000000 17758100003091000 0.133478940 0.127366173 1.056236850 -0.776980197
703092 3092.000000 17758100003092000 0.129842788 0.128187643 1.029362067 -0.818797180
703093 3093.000000 17758100003093000 0.126177192 0.129040966 1.007039061 -0.866351380
703094 3094.000000 17758100003094000 0.122485757 0.130263559 0.979692743 -0.860864551
703095 3095.000000 17758100003095000 0.118772134 0.130966042 0.947977752 -0.914685546
703096 3096.000000 17758100003096000 0.115039989 0.132192948 0.917726873 -0.890168797
703097 3097.000000 17758100003097000 0.111292996 0.132768392 0.891941392 -0.967155516
703098 3098.000000 17758100003098000 0.107534863 0.133609098 0.865607569 -0.966848923
703099 3099.000000 17758100003099000 0.103769287 0.135084637 0.819039893 -1.022869868
703100 3100.000000 17758100003100000 0.100000001 0.135285700 0.777780088 -1.020487448
703101 3101.000000 17758100003101000 0.096230708 0.135996705 0.749753305 -1.057432337
703102 3102.000000 17758100003102000 0.092465140 0.136832297 0.722812736 -1.083506077
703103 3103.000000 17758100003103000 0.088707000 0.137578838 0.674961708 -1.096457004
703104 3104.000000 17758100003104000 0.084960014 0.137715723 0.642601108 -1.123419723
703105 3105.000000 17758100003105000 0.081227861 0.138448700 0.601659364 -1.121481404
703106 3106.000000 17758100003106000 0.077514239 0.139236061 0.564727061 -1.166154150
703107 3107.000000 17758100003107000 0.073822811 0.139999390 0.532321296 -1.163326462
703108 3108.000000 17758100003108000 0.070157215 0.140214029 0.486120433 -1.144218845
703109 3109.000000 17758100003109000 0.066521071 0.140830376 0.450028280 -1.215585615
703110 3110.000000 17758100003110000 0.062917963 0.141571811 0.420081722 -1.197153359
703111 3111.000000 17758100003111000 0.059351448 0.141430801 0.361799009 -1.249704402
703112 3112.000000 17758100003112000 0.055825055 0.141874807 0.323743007 -1.224927578
703113 3113.000000 17758100003113000 0.052342255 0.142354582 0.278313439 -1.240883762
703114 3114.000000 17758100003114000 0.048906486 0.142098095 0.248475248 -1.279124452
703115 3115.000000 17758100003115000 0.045521140 0.142194358 0.209282552 -1.271041613
703116 3116.000000 17758100003116000 0.042189561 0.142418201 0.159301395 -1.297832281
703117 3117.000000 17758100003117000 0.038915031 0.142665388 0.114540138 -1.252379745
703118 3118.000000 17758100003118000 0.035700783 0.142776648 0.066100679 -1.250380625
703119 3119.000000 17758100003119000 0.032549996 0.142792598 0.031148632 -1.246271649
703120 3120.000000 17758100003120000 0.029465770 0.142822739 -0.017613787 -1.258046099
703121 3121.000000 17758100003121000 0.026451154 0.142965824 -0.047169998 -1.255325730
703122 3122.000000 17758100003122000 0.023509121 0.142957063 -0.095162966 -1.283913174
703123 3123.000000 17758100003123000 0.020642577 0.142663903 -0.142078086 -1.268184211
703124 3124.000000 17758100003124000 0.017854348 0.142168438 -0.181346734 -1.255278414
703125 3125.000000 17758100003125000 0.015147186 0.142309851 -0.220135597 -1.263954534
703126 3126.000000 17758100003126000 0.012523765 0.142162561 -0.266345603 -1.258480479
703127 3127.000000 17758100003127000 0.009986672 0.141508853 -0.304790901 -1.240340971
703128 3128.000000 17758100003128000 0.007538411 0.141543123 -0.344583933 -1.245158569
703129 3129.000000 17758100003129000 0.005181399 0.140890720 -0.382898899 -1.216143119
703130 3130.000000 17758100003130000 0.002917961 0.140449646 -0.414407211 -1.215758308
703131 3131.000000 17758100003131000 0.000750331 0.139856370 -0.465123908 -1.182122653
703132 3132.000000 17758100003132000 -0.001319351 0.139538435 -0.500698026 -1.206652146
703133 3133.000000 17758100003133000 -0.003289043 0.139189642 -0.554420757 -1.124783668
703134 3134.000000 17758100003134000 -0.005156802 0.138750763 -0.583448805 -1.150107241
703135 3135.000000 17758100003135000 -0.006920783 0.137831154 -0.626635178 -1.151540709
703136 3136.000000 17758100003136000 -0.008579247 0.137241653 -0.660692674 -1.114269668
703137 3137.000000 17758100003137000 -0.010130555 0.136514004 -0.696903631 -1.100589622
703138 3138.000000 17758100003138000 -0.011573179 0.135855370 -0.732359287 -1.055583458
703139 3139.000000 17758100003139000 -0.012905693 0.135104284 -0.774221533 -1.020138543
703140 3140.000000 17758100003140000 -0.014126782 0.134174433 -0.800097476 -1.040170467
703141 3141.000000 17758100003141000 -0.015235242 0.132797504 -0.836430965 -1.002459666
703142 3142.000000 17758100003142000 -0.016229980 0.132733700 -0.868527436 -0.965721070
703143 3143.000000 17758100003143000 -0.017110011 0.131977689 -0.904902444 -0.920256279
703144 3144.000000 17758100003144000 -0.017874470 0.130775007 -0.930018642 -0.904945073
703145 3145.000000 17758100003145000 -0.018522602 0.129447218 -0.961931892 -0.876903010
703146 3146.000000 17758100003146000 -0.019053765 0.128630000 -0.990295708 -0.876725680
703147 3147.000000 17758100003147000 -0.019467436 0.127036324 -1.021294925 -0.813179077
703148 3148.000000 17758100003148000 -0.019763207 0.126663521 -1.044396370 -0.805242819
703149 3149.000000 17758100003149000 -0.019940788 0.125273580 -1.072997373 -0.802823085
703150 3150.000000 17758100003150000 -0.020000000 0.124177872 -1.103365912 -0.780086169
703151 3151.000000 17758100003151000 -0.019940788 0.122942759 -1.126525478 -0.719820362
703152 3152.000000 17758100003152000 -0.019763207 0.122203979 -1.148815416 -0.687734014
703153 3153.000000 17758100003153000 -0.019467436 0.120969776 -1.157877179 -0.647443183
703154 3154.000000 17758100003154000 -0.019053765 0.119710972 -1.187992873 -0.621740453
703155 3155.000000 17758100003155000 -0.018522602 0.118255996 -1.204370870 -0.643388750
703156 3156.000000 17758100003156000 -0.017874470 0.117235250 -1.213439171 -0.557650000
703157 3157.000000 17758100003157000 -0.017110011 0.116184447 -1.235732428 -0.514266529
703158 3158.000000 17758100003158000 -0.016229980 0.114845209 -1.266804183 -0.478150945
703159 3159.000000 17758100003159000 -0.015235242 0.113070965 -1.277565284 -0.407105043
703160 3160.000000 17758100003160000 -0.014126782 0.112420063 -1.288798890 -0.382360320
703161 3161.000000 17758100003161000 -0.012905693 0.110862305 -1.297962101 -0.344211134
703162 3162.000000 17758100003162000 -0.011573179 0.109817999 -1.305514914 -0.329758395
703163 3163.000000 17758100003163000 -0.010130555 0.108274714 -1.311516875 -0.268454087
703164 3164.000000 17758100003164000 -0.008579247 0.107019766 -1.328122815 -0.250364056
703165 3165.000000 17758100003165000 -0.006920783 0.105757027 -1.333629022 -0.172228724
703166 3166.000000 17758100003166000 -0.005156802 0.104053093 -1.342494154 -0.172965808
703167 3167.000000 17758100003167000 -0.003289043 0.103172861 -1.338217207 -0.136026173
703168 3168.000000 17758100003168000 -0.001319351 0.101751829 -1.344561694 -0.052548779
703169 3169.000000 17758100003169000 0.000750331 0.100482751 -1.339805321 -0.096309826
703170 3170.000000 17758100003170000 0.002917961 0.099145055 -1.352372597 0.011551529
703171 3171.000000 17758100003171000 0.005181399 0.097815238 -1.342530692 0.057810893
703172 3172.000000 17758100003172000 0.007538411 0.095916117 -1.340604416 0.079363825
703173 3173.000000 17758100003173000 0.009986672 0.094653262 -1.341497939 0.144777165
703174 3174.000000 17758100003174000 0.012523765 0.093355060 -1.333960437 0.163873934
703175 3175.000000 17758100003175000 0.015147186 0.092535947 -1.337955003 0.179445460
703176 3176.000000 17758100003176000 0.017854348 0.091247403 -1.324054837 0.233410162
703177 3177.000000 17758100003177000 0.020642577 0.089947984 -1.313783160 0.265613370
703178 3178.000000 17758100003178000 0.023509121 0.088266042 -1.302683403 0.329003422
703179 3179.000000 17758100003179000 0.026451154 0.087534480 -1.285470152 0.331919440
703180 3180.000000 17758100003180000 0.029465770 0.086025966 -1.277098952 0.376048699
703181 3181.000000 17758100003181000 0.032549996 0.084265916 -1.272128795 0.408844044
703182 3182.000000 17758100003182000 0.035700783 0.083213509 -1.246343513 0.473867654
703183 3183.000000 17758100003183000 0.038915031 0.081711496 -1.232435740 0.491754589
703184 3184.000000 17758100003184000 0.042189561 0.080631348 -1.216011397 0.544644483
703185 3185.000000 17758100003185000 0.045521140 0.079346741 -1.199240829 0.596510810
703186 3186.000000 17758100003186000 0.048906486 0.078342828 -1.181056505 0.628065074
703187 3187.000000 17758100003187000 0.052342255 0.077467763 -1.152961109 0.650025034
703188 3188.000000 17758100003188000 0.055825055 0.075971648 -1.131079138 0.680398415
703189 3189.000000 17758100003189000 0.059351448 0.075023004 -1.109694883 0.696433696
703190 3190.000000 17758100003190000 0.062917963 0.074017411 -1.084766406 0.750508390
703191 3191.000000 17758100003191000 0.066521071 0.072638298 -1.060993590 0.797155945
703192 3192.000000 17758100003192000 0.070157215 0.071846250 -1.024880457 0.823623699
703193 3193.000000 17758100003193000 0.073822811 0.070699055 -1.004549898 0.860639873
703194 3194.000000 17758100003194000 0.077514239 0.069664090 -0.977170960 0.880426103
703195 3195.000000 17758100003195000 0.081227861 0.068704409 -0.945408080 0.870274714
703196 3196.000000 17758100003196000 0.084960014 0.067742076 -0.916101902 0.947660260
703197 3197.000000 17758100003197000 0.088707000 0.067050641 -0.888621155 0.964085870
703198 3198.000000 17758100003198000 0.092465140 0.066054537 -0.857609534 1.002323470
703199 3199.000000 17758100003199000 0.096230708 0.065688209 -0.818157933 1.039172058
703200 3200.000000 17758100003200000 0.100000001 0.064570163 -0.786730586 1.073724575
703201 3201.000000 17758100003201000 0.103769287 0.063947491 -0.747083519 1.068758683
703202 3202.000000 17758100003202000 0.107534863 0.063134222 -0.715164065 1.045526812
703203 3203.000000 17758100003203000 0.111292996 0.062590593 -0.674653897 1.144968291
703204 3204.000000 17758100003204000 0.115039989 0.062028048 -0.644129684 1.105262036
703205 3205.000000 17758100003205000 0.118772134 0.061419337 -0.597135401 1.106954981
703206 3206.000000 17758100003206000 0.122485757 0.060646991 -0.562050105 1.138146325
703207 3207.000000 17758100003207000 0.126177192 0.060301066 -0.518463647 1.205580584
703208 3208.000000 17758100003208000 0.129842788 0.059835888 -0.490728546 1.209157764
703209 3209.000000 17758100003209000 0.133478940 0.059273853 -0.449347848 1.225348345
703210 3210.000000 17758100003210000 0.137082040 0.058812988 -0.392023863 1.233024280
703211 3211.000000 17758100003211000 0.140648544 0.058445983 -0.368853577 1.221322742
703212 3212.000000 17758100003212000 0.144174948 0.057836613 -0.339547545 1.199788134
703213 3213.000000 17758100003213000 0.147657752 0.057725320 -0.267912290 1.247360487
703214 3214.000000 17758100003214000 0.151093513 0.057736445 -0.240324996 1.297194812
703215 3215.000000 17758100003215000 0.154478863 0.057491109 -0.203608873 1.260632074
703216 3216.000000 17758100003216000 0.157810435 0.057533394 -0.162702440 1.239975789
703217 3217.000000 17758100003217000 0.161084965 0.057023890 -0.117948822 1.262153021
703218 3218.000000 17758100003218000 0.164299220 0.057437424 -0.071025885 1.245084464
703219 3219.000000 17758100003219000 0.167450011 0.057055506 -0.028168837 1.263454896
703220 3220.000000 17758100003220000 0.170534223 0.057234532 0.014884461 1.291076154
703221 3221.000000 17758100003221000 0.173548847 0.057108257 0.059475560 1.273084164
703222 3222.000000 17758100003222000 0.176490873 0.057471843 0.088297318 1.262323363
703223 3223.000000 17758100003223000 0.179357424 0.057153209 0.138222854 1.244276486
703224 3224.000000 17758100003224000 0.182145655 0.057564433 0.176551980 1.272105455
703225 3225.000000 17758100003225000 0.184852809 0.057535860 0.221277761 1.249187610
703226 3226.000000 17758100003226000 0.187476233 0.057798688 0.270517945 1.236587337
703227 3227.000000 17758100003227000 0.190013334 0.058127097 0.294678298 1.222660796
703228 3228.000000 17758100003228000 0.192461595 0.058866819 0.346001837 1.219978775
703229 3229.000000 17758100003229000 0.194818601 0.059465238 0.381777501 1.253876569
703230 3230.000000 17758100003230000 0.197082043 0.058969431 0.432460041 1.193871379
703231 3231.000000 17758100003231000 0.199249670 0.060130064 0.465308605 1.207989302
703232 3232.000000 17758100003232000 0.201319352 0.060627012 0.504120741 1.206035900
703233 3233.000000 17758100003233000 0.203289047 0.060943810 0.553778754 1.156348421
703234 3234.000000 17758100003234000 0.205156803 0.061661239 0.579730150 1.157149899
703235 3235.000000 17758100003235000 0.206920788 0.062106740 0.624534811 1.128765742
703236 3236.000000 17758100003236000 0.208579242 0.062904679 0.662079978 1.115290375
703237 3237.000000 17758100003237000 0.210130557 0.063444373 0.695126933 1.124053806
703238 3238.000000 17758100003238000 0.211573184 0.064323169 0.733621770 1.078508807
703239 3239.000000 17758100003239000 0.212905690 0.064783076 0.769113304 1.066989943
703240 3240.000000 17758100003240000 0.214126781 0.066092849 0.795261856 1.013395418
703241 3241.000000 17758100003241000 0.215235248 0.066672686 0.836694448 0.961089949
703242 3242.000000 17758100003242000 0.216229975 0.067294352 0.873458912 0.965939742
703243 3243.000000 17758100003243000 0.217110008 0.068566858 0.893754255 0.967996336
703244 3244.000000 17758100003244000 0.217874467 0.069598003 0.921325691 0.929374936
703245 3245.000000 17758100003245000 0.218522608 0.070340292 0.968947193 0.885869803
703246 3246.000000 17758100003246000 0.219053760 0.071264095 0.998784051 0.873925332
703247 3247.000000 17758100003247000 0.219467431 0.072167137 1.016376732 0.852729674
703248 3248.000000 17758100003248000 0.219763204 0.073532607 1.041703487 0.794196491
703249 3249.000000 17758100003249000 0.219940782 0.074525831 1.074715158 0.758642824
703250 3250.000000 17758100003250000 0.219999999 0.075382221 1.097111884 0.776899351
703251 3251.000000 17758100003251000 0.219940782 0.076776156 1.128387376 0.692509904
703252 3252.000000 17758100003252000 0.219763204 0.077454943 1.135465163 0.675747978
703253 3253.000000 17758100003253000 0.219467431 0.079047998 1.164488337 0.632612941
703254 3254.000000 17758100003254000 0.219053760 0.080517950 1.184110990 0.591332303
703255 3255.000000 17758100003255000 0.218522608 0.081231170 1.206243501 0.570994035
703256 3256.000000 17758100003256000 0.217874467 0.082759201 1.227467249 0.519662327
703257 3257.000000 17758100003257000 0.217110008 0.083991902 1.246263585 0.501088759
703258 3258.000000 17758100003258000 0.216229975 0.084877550 1.259112999 0.481797115
703259 3259.000000 17758100003259000 0.215235248 0.086412465 1.275343996 0.450941711
703260 3260.000000 17758100003260000 0.214126781 0.087723753 1.281603509 0.413798484
703261 3261.000000 17758100003261000 0.212905690 0.088983621 1.303284841 0.339057209
703262 3262.000000 17758100003262000 0.211573184 0.090453844 1.313141431 0.299010235
703263 3263.000000 17758100003263000 0.210130557 0.091422258 1.316753098 0.264501721
703264 3264.000000 17758100003264000 0.208579242 0.092809707 1.331240683 0.207989902
703265 3265.000000 17758100003265000 0.206920788 0.094214805 1.340889933 0.163666571
703266 3266.000000 17758100003266000 0.205156803 0.095412513 1.333574506 0.143653941
703267 3267.000000 17758100003267000 0.203289047 0.097391544 1.340017423 0.132904832
703268 3268.000000 17758100003268000 0.201319352 0.098216076 1.350110305 0.079641781
703269 3269.000000 17758100003269000 0.199249670 0.099558127 1.344411934 0.039373740
703270 3270.000000 17758100003270000 0.197082043 0.101404227 1.353876926 -0.016306587
703271 3271.000000 17758100003271000 0.194818601 0.102558898 1.342506974 -0.076582108
703272 3272.000000 17758100003272000 0.192461595 0.103398380 1.345805724 -0.064416718
703273 3273.000000 17758100003273000 0.190013334 0.104865636 1.338173179 -0.115154278
703274 3274.000000 17758100003274000 0.187476233 0.106293374 1.332942058 -0.146610956
703275 3275.000000 17758100003275000 0.184852809 0.107838061 1.325408068 -0.224374676
703276 3276.000000 17758100003276000 0.182145655 0.108845829 1.324066588 -0.233126641
703277 3277.000000 17758100003277000 0.179357424 0.110411751 1.320433535 -0.246288112
703278 3278.000000 17758100003278000 0.176490873 0.111786856 1.303763289 -0.308841364
703279 3279.000000 17758100003279000 0.173548847 0.112912796 1.288870970 -0.366408181
703280 3280.000000 17758100003280000 0.170534223 0.114496499 1.272598863 -0.389341980
703281 3281.000000 17758100003281000 0.167450011 0.115528204 1.261215062 -0.437701741
703282 3282.000000 17758100003282000 0.164299220 0.117058339 1.262783262 -0.464531425
703283 3283.000000 17758100003283000 0.161084965 0.117916482 1.230684375 -0.546380794
703284 3284.000000 17758100003284000 0.157810435 0.119084839 1.214304470 -0.535861694
703285 3285.000000 17758100003285000 0.154478863 0.120380372 1.190671136 -0.572229403
703286 3286.000000 17758100003286000 0.151093513 0.121374286 1.168787141 -0.633777529
703287 3287.000000 17758100003287000 0.147657752 0.122961740 1.155636904 -0.622631893
703288 3288.000000 17758100003288000 0.144174948 0.123692165 1.127709976 -0.707834494
703289 3289.000000 17758100003289000 0.140648544 0.125098899 1.102728359 -0.719930636
703290 3290.000000 17758100003290000 0.137082040 0.125869076 1.078069492 -0.771860533
703291 3291.000000 17758100003291000 0.133478940 0.127200150 1.052964530 -0.748640160
703292 3292.000000 17758100003292000 0.129842788 0.128248475 1.028329350 -0.809809754
703293 3293.000000 17758100003293000 0.126177192 0.129040381 1.015395441 -0.835517607
703294 3294.000000 17758100003294000 0.122485757 0.130156374 0.982198556 -0.860065315
703295 3295.000000 17758100003295000 0.118772134 0.130736975 0.940141352 -0.874263096
703296 3296.000000 17758100003296000 0.115039989 0.132027342 0.918085475 -0.920967612
703297 3297.000000 17758100003297000 0.111292996 0.132781659 0.881429425 -0.957156795
703298 3298.000000 17758100003298000 0.107534863 0.133674084 0.858302417 -1.001417102
703299 3299.000000 17758100003299000 0.103769287 0.134397142 0.815388120 -1.021273390
703300 3300.000000 17758100003300000 0.100000001 0.135306548 0.774321343 -1.024585323
703301 3301.000000 17758100003301000 0.096230708 0.135792869 0.739229485 -1.053918705
703302 3302.000000 17758100003302000 0.092465140 0.136656403 0.712763983 -1.057410333
703303 3303.000000 17758100003303000 0.088707000 0.137448634 0.669677452 -1.101153619
703304 3304.000000 17758100003304000 0.084960014 0.138238065 0.637543377 -1.119599262
703305 3305.000000 17758100003305000 0.081227861 0.138484408 0.607552762 -1.139167109
703306 3306.000000 17758100003306000 0.077514239 0.139224608 0.567085300 -1.121674184
703307 3307.000000 17758100003307000 0.073822811 0.139834102 0.525237837 -1.190755955
703308 3308.000000 17758100003308000 0.070157215 0.140172174 0.489742293 -1.191398931
703309 3309.000000 17758100003309000 0.066521071 0.140410700 0.452798044 -1.190859323
703310 3310.000000 17758100003310000 0.062917963 0.141297136 0.401777583 -1.229202314
703311 3311.000000 17758100003311000 0.059351448 0.141412488 0.366506019 -1.205615312
703312 3312.000000 17758100003312000 0.055825055 0.141653349 0.328882122 -1.228356416
703313 3313.000000 17758100003313000 0.052342255 0.142099576 0.290331807 -1.249005129
703314 3314.000000 17758100003314000 0.048906486 0.142542843 0.242175359 -1.220640799
703315 3315.000000 17758100003315000 0.045521140 0.142844939 0.203600936 -1.244230460
703316 3316.000000 17758100003316000 0.042189561 0.142597413 0.156212075 -1.228750761
703317 3317.000000 17758100003317000 0.038915031 0.142790665 0.111767080 -1.259352535
703318 3318.000000 17758100003318000 0.035700783 0.143206271 0.080087756 -1.262681103
703319 3319.000000 17758100003319000 0.032549996 0.143144864 0.029522489 -1.281719750
703320 3320.000000 17758100003320000 0.029465770 0.142865586 -0.013211194 -1.252016384
703321 3321.000000 17758100003321000 0.026451154 0.142741458 -0.048144950 -1.261980103
703322 3322.000000 17758100003322000 0.023509121 0.143001031 -0.095493548 -1.244301664
703323 3323.000000 17758100003323000 0.020642577 0.142176450 -0.140156998 -1.259816673
703324 3324.000000 17758100003324000 0.017854348 0.142379283 -0.174623104 -1.277873433
703325 3325.000000 17758100003325000 0.015147186 0.141866646 -0.223309702 -1.260849555
703326 3326.000000 17758100003326000 0.012523765 0.141900170 -0.261124607 -1.234629350
703327 3327.000000 17758100003327000 0.009986672 0.141643044 -0.311838813 -1.236367878
703328 3328.000000 17758100003328000 0.007538411 0.141401695 -0.354432058 -1.228698476
703329 3329.000000 17758100003329000 0.005181399 0.141216786 -0.383666818 -1.237043987
703330 3330.000000 17758100003330000 0.002917961 0.140590231 -0.426668350 -1.185503858
703331 3331.000000 17758100003331000 0.000750331 0.140292613 -0.465121819 -1.191744992
703332 3332.000000 17758100003332000 -0.001319351 0.139559812 -0.499862802 -1.179609978
703333 3333.000000 17758100003333000 -0.003289043 0.139116364 -0.547195436 -1.151772709
703334 3334.000000 17758100003334000 -0.005156802 0.138577350 -0.573952465 -1.145364927
703335 3335.000000 17758100003335000 -0.006920783 0.137878907 -0.616417098 -1.164261981
703336 3336.000000 17758100003336000 -0.008579247 0.137342085 -0.659283996 -1.119378527
703337 3337.000000 17758100003337000 -0.010130555 0.136251955 -0.699253182 -1.101209785
703338 3338.000000 17758100003338000 -0.011573179 0.135622114 -0.730831767 -1.093290212
703339 3339.000000 17758100003339000 -0.012905693 0.134892781 -0.762261376 -1.036261094
703340 3340.000000 17758100003340000 -0.014126782 0.134221956 -0.801091656 -0.999920076
703341 3341.000000 17758100003341000 -0.015235242 0.133052966 -0.839805350 -1.018586551
703342 3342.000000 17758100003342000 -0.016229980 0.132447952 -0.867005710 -0.948190583
703343 3343.000000 17758100003343000 -0.017110011 0.131844067 -0.906824576 -0.941845515
703344 3344.000000 17758100003344000 -0.017874470 0.130694796 -0.940028441 -0.926336566
703345 3345.000000 17758100003345000 -0.018522602 0.129744481 -0.966906778 -0.952962869
703346 3346.000000 17758100003346000 -0.019053765 0.128580454 -0.984908708 -0.857813681
703347 3347.000000 17758100003347000 -0.019467436 0.127132567 -1.018674009 -0.855649251
703348 3348.000000 17758100003348000 -0.019763207 0.126507997 -1.040741591 -0.805220854
703349 3349.000000 17758100003349000 -0.019940788 0.125992360 -1.077406494 -0.734435299
703350 3350.000000 17758100003350000 -0.020000000 0.124170526 -1.106995994 -0.749454155
703351 3351.000000 17758100003351000 -0.019940788 0.122934754 -1.127037404 -0.702817502
703352 3352.000000 17758100003352000 -0.019763207 0.122345460 -1.141443913 -0.687171763
703353 3353.000000 17758100003353000 -0.019467436 0.121167360 -1.164187940 -0.650392127
703354 3354.000000 17758100003354000 -0.019053765 0.119554704 -1.190282031 -0.636068231
703355 3355.000000 17758100003355000 -0.018522602 0.118727340 -1.214093757 -0.594284158
703356 3356.000000 17758100003356000 -0.017874470 0.117590636 -1.220089186 -0.527824537
703357 3357.000000 17758100003357000 -0.017110011 0.116398665 -1.239696956 -0.490373187
703358 3358.000000 17758100003358000 -0.016229980 0.114813508 -1.259291649 -0.423758437
703359 3359.000000 17758100003359000 -0.015235242 0.113620997 -1.273088029 -0.406835871
703360 3360.000000 17758100003360000 -0.014126782 0.112421237 -1.284989127 -0.374785202
703361 3361.000000 17758100003361000 -0.012905693 0.111054233 -1.298203970 -0.347097540
703362 3362.000000 17758100003362000 -0.011573179 0.109933843 -1.311664595 -0.321141397
703363 3363.000000 17758100003363000 -0.010130555 0.108370167 -1.321365997 -0.266099239
703364 3364.000000 17758100003364000 -0.008579247 0.106950652 -1.317979524 -0.207918433
703365 3365.000000 17758100003365000 -0.006920783 0.106160063 -1.330683162 -0.226169404
703366 3366.000000 17758100003366000 -0.005156802 0.104431154 -1.347807045 -0.146868395
703367 3367.000000 17758100003367000 -0.003289043 0.103232638 -1.351526925 -0.111667484
703368 3368.000000 17758100003368000 -0.001319351 0.101384322 -1.343195403 -0.079682168
703369 3369.000000 17758100003369000 0.000750331 0.100238684 -1.350487146 -0.052460174
703370 3370.000000 17758100003370000 0.002917961 0.098916742 -1.352495095 0.002137745
703371 3371.000000 17758100003371000 0.005181399 0.097484916 -1.343313602 0.036316262
703372 3372.000000 17758100003372000 0.007538411 0.096434264 -1.346395028 0.087619098
703373 3373.000000 17758100003373000 0.009986672 0.095130362 -1.345861310 0.120579316
703374 3374.000000 17758100003374000 0.012523765 0.093542714 -1.340473566 0.157225352
703375 3375.000000 17758100003375000 0.015147186 0.092043331 -1.335395547 0.232501519
703376 3376.000000 17758100003376000 0.017854348 0.090801338 -1.319959118 0.264209607
703377 3377.000000 17758100003377000 0.020642577 0.089697801 -1.315384140 0.271470734
703378 3378.000000 17758100003378000 0.023509121 0.088128349 -1.305357226 0.341830394
703379 3379.000000 17758100003379000 0.026451154 0.086925324 -1.299111612 0.376704879
703380 3380.000000 17758100003380000 0.029465770 0.085316125 -1.280891402 0.422269525
703381 3381.000000 17758100003381000 0.032549996 0.084658105 -1.269864550 0.433219562
703382 3382.000000 17758100003382000 0.035700783 0.083196024 -1.247239331 0.481475301
703383 3383.000000 17758100003383000 0.038915031 0.081798814 -1.235560729 0.546827825
703384 3384.000000 17758100003384000 0.042189561 0.080745619 -1.217305524 0.546903511
703385 3385.000000 17758100003385000 0.045521140 0.079422301 -1.201074939 0.595270584
703386 3386.000000 17758100003386000 0.048906486 0.078336365 -1.175158636 0.599958515
703387 3387.000000 17758100003387000 0.052342255 0.077435410 -1.156262501 0.625513307
703388 3388.000000 17758100003388000 0.055825055 0.076190504 -1.127056326 0.641769492
703389 3389.000000 17758100003389000 0.059351448 0.074782794 -1.111064448 0.715999731
703390 3390.000000 17758100003390000 0.062917963 0.074130677 -1.091749606 0.758264197
703391 3391.000000 17758100003391000 0.066521071 0.072812227 -1.062470332 0.800713207
703392 3392.000000 17758100003392000 0.070157215 0.072255121 -1.033817461 0.820554750
703393 3393.000000 17758100003393000 0.073822811 0.070618541 -1.005610562 0.823658490
703394 3394.000000 17758100003394000 0.077514239 0.069886219 -0.983760491 0.903918867
703395 3395.000000 17758100003395000 0.081227861 0.068882840 -0.942739582 0.907039053
703396 3396.000000 17758100003396000 0.084960014 0.068374880 -0.908789824 0.938735657
703397 3397.000000 17758100003397000 0.088707000 0.066991976 -0.874521044 0.946930397
703398 3398.000000 17758100003398000 0.092465140 0.066163132 -0.842021656 0.966235891
703399 3399.000000 17758100003399000 0.096230708 0.065707205 -0.816802670 1.014242803
703400 3400.000000 17758100003400000 0.100000001 0.064636208 -0.783309036 1.017126336
703401 3401.000000 17758100003401000 0.103769287 0.064455176 -0.745480997 1.052160120
703402 3402.000000 17758100003402000 0.107534863 0.063448168 -0.707679211 1.052847506
703403 3403.000000 17758100003403000 0.111292996 0.062517506 -0.681005493 1.137409262
703404 3404.000000 17758100003404000 0.115039989 0.061764974 -0.643609455 1.079575091
703405 3405.000000 17758100003405000 0.118772134 0.061384490 -0.608253767 1.131717415
703406 3406.000000 17758100003406000 0.122485757 0.060971068 -0.571041405 1.151917522
703407 3407.000000 17758100003407000 0.126177192 0.060224812 -0.525453617 1.181566691
703408 3408.000000 17758100003408000 0.129842788 0.059769354 -0.483099557 1.174248348
703409 3409.000000 17758100003409000 0.133478940 0.059201468 -0.449918618 1.216703842
703410 3410.000000 17758100003410000 0.137082040 0.058790783 -0.406322703 1.243896450
703411 3411.000000 17758100003411000 0.140648544 0.058632419 -0.354594883 1.240833505
703412 3412.000000 17758100003412000 0.144174948 0.058395052 -0.324716837 1.249901315
703413 3413.000000 17758100003413000 0.147657752 0.057875332 -0.281580144 1.231795677
703414 3414.000000 17758100003414000 0.151093513 0.057750127 -0.240992822 1.252711149
703415 3415.000000 17758100003415000 0.154478863 0.057392561 -0.201242148 1.232498911
703416 3416.000000 17758100003416000 0.157810435 0.057407496 -0.157384192 1.267516731
703417 3417.000000 17758100003417000 0.161084965 0.057017146 -0.122100365 1.265424963
703418 3418.000000 17758100003418000 0.164299220 0.056944947 -0.070736975 1.233342749
703419 3419.000000 17758100003419000 0.167450011 0.057163532 -0.038910779 1.269841072
703420 3420.000000 17758100003420000 0.170534223 0.056981551 0.008424484 1.294094547
703421 3421.000000 17758100003421000 0.173548847 0.056790179 0.054505091 1.252730399
703422 3422.000000 17758100003422000 0.176490873 0.057403506 0.094803109 1.277157628
703423 3423.000000 17758100003423000 0.179357424 0.057553288 0.144671277 1.256564791
703424 3424.000000 17758100003424000 0.182145655 0.057423743 0.184143815 1.292171998
703425 3425.000000 17758100003425000 0.184852809 0.057505070 0.225206612 1.262578798
703426 3426.000000 17758100003426000 0.187476233 0.058055771 0.263457697 1.219800829
703427 3427.000000 17758100003427000 0.190013334 0.058209238 0.299485009 1.241359434
703428 3428.000000 17758100003428000 0.192461595 0.058798713 0.344718756 1.232640782
703429 3429.000000 17758100003429000 0.194818601 0.058971459 0.387252020 1.229906927
703430 3430.000000 17758100003430000 0.197082043 0.059173166 0.420280326 1.200787257
703431 3431.000000 17758100003431000 0.199249670 0.060120583 0.461206066 1.191127717
703432 3432.000000 17758100003432000 0.201319352 0.060074073 0.506172054 1.198239399
703433 3433.000000 17758100003433000 0.203289047 0.061517311 0.541668926 1.177582113
703434 3434.000000 17758100003434000 0.205156803 0.061602397 0.591678846 1.163559464
703435 3435.000000 17758100003435000 0.206920788 0.062391957 0.614533342 1.138045612
703436 3436.000000 17758100003436000 0.208579242 0.062538912 0.666849068 1.079846697
703437 3437.000000 17758100003437000 0.210130557 0.063196543 0.701676527 1.091607201
703438 3438.000000 17758100003438000 0.211573184 0.064176076 0.733002750 1.087574584
703439 3439.000000 17758100003439000 0.212905690 0.065283775 0.762161682 1.068673871
703440 3440.000000 17758100003440000 0.214126781 0.066109628 0.810612042 1.025872968
703441 3441.000000 17758100003441000 0.215235248 0.066718160 0.840943130 1.007703784
703442 3442.000000 17758100003442000 0.216229975 0.067393336 0.881928060 0.962812581
703443 3443.000000 17758100003443000 0.217110008 0.068797126 0.899930792 0.932473930
703444 3444.000000 17758100003444000 0.217874467 0.069283665 0.935863054 0.931558909
703445 3445.000000 17758100003445000 0.218522608 0.070149708 0.958295361 0.887392320
703446 3446.000000 17758100003446000 0.219053760 0.071530216 0.990564002 0.874192922
703447 3447.000000 17758100003447000 0.219467431 0.072469037 1.023106759 0.823417063
703448 3448.000000 17758100003448000 0.219763204 0.073307502 1.049959245 0.847878631
703449 3449.000000 17758100003449000 0.219940782 0.074428636 1.067413826 0.782611967
703450 3450.000000 17758100003450000 0.219999999 0.075374867 1.089121565 0.753211669
703451 3451.000000 17758100003451000 0.219940782 0.076624867 1.118603373 0.702450684
703452 3452.000000 17758100003452000 0.219763204 0.078308303 1.149678441 0.689723460
703453 3453.000000 17758100003453000 0.219467431 0.079095770 1.172537868 0.667174588
703454 3454.000000 17758100003454000 0.219053760 0.079907349 1.182784208 0.610220214
703455 3455.000000 17758100003455000 0.218522608 0.081301989 1.201560304 0.556330360
703456 3456.000000 17758100003456000 0.217874467 0.082306854 1.231689137 0.507599922
703457 3457.000000 17758100003457000 0.217110008 0.083750873 1.248401469 0.508317899
703458 3458.000000 17758100003458000 0.216229975 0.085154747 1.260560827 0.465799932
703459 3459.000000 17758100003459000 0.215235248 0.086366180 1.274213327 0.395534552
703460 3460.000000 17758100003460000 0.214126781 0.087608410 1.284725803 0.409844655
703461 3461.000000 17758100003461000 0.212905690 0.088986536 1.297315845 0.333147610
703462 3462.000000 17758100003462000 0.211573184 0.090403353 1.305716505 0.317691568
703463 3463.000000 17758100003463000 0.210130557 0.091530838 1.323596114 0.283243430
703464 3464.000000 17758100003464000 0.208579242 0.092932788 1.326763787 0.255351901
703465 3465.000000 17758100003465000 0.206920788 0.094265150 1.326374714 0.213639980
703466 3466.000000 17758100003466000 0.205156803 0.095610296 1.339617232 0.139618256
703467 3467.000000 17758100003467000 0.203289047 0.096825158 1.344700126 0.120142754
703468 3468.000000 17758100003468000 0.201319352 0.098452831 1.346455303 0.094329686
703469 3469.000000 17758100003469000 0.199249670 0.099695195 1.355783004 0.009340353
703470 3470.000000 17758100003470000 0.197082043 0.101023894 1.343022721 -0.015326092
703471 3471.000000 17758100003471000 0.194818601 0.102302736 1.346706721 -0.042322428
703472 3472.000000 17758100003472000 0.192461595 0.103872777 1.344219062 -0.076781671
703473 3473.000000 17758100003473000 0.190013334 0.105069471 1.344409305 -0.109270562
703474 3474.000000 17758100003474000 0.187476233 0.106392469 1.334743870 -0.184477077
703475 3475.000000 17758100003475000 0.184852809 0.107351665 1.328674246 -0.203939361
703476 3476.000000 17758100003476000 0.182145655 0.109096864 1.320269833 -0.253053244
703477 3477.000000 17758100003477000 0.179357424 0.110466313 1.320356833 -0.290797042
703478 3478.000000 17758100003478000 0.176490873 0.111604353 1.310287288 -0.316453224
703479 3479.000000 17758100003479000 0.173548847 0.112878600 1.291086962 -0.346311895
703480 3480.000000 17758100003480000 0.170534223 0.114182520 1.277548043 -0.387974624
703481 3481.000000 17758100003481000 0.167450011 0.115244296 1.271545085 -0.420664772
703482 3482.000000 17758100003482000 0.164299220 0.116393927 1.254256564 -0.464023780
703483 3483.000000 17758100003483000 0.161084965 0.117681454 1.229370622 -0.542648335
703484 3484.000000 17758100003484000 0.157810435 0.119284289 1.215097371 -0.551342607
703485 3485.000000 17758100003485000 0.154478863 0.120521668 1.197053555 -0.550112635
703486 3486.000000 17758100003486000 0.151093513 0.121738589 1.173740180 -0.608463394
703487 3487.000000 17758100003487000 0.147657752 0.122460465 1.158737721 -0.626568581
703488 3488.000000 17758100003488000 0.144174948 0.123846440 1.128453955 -0.686953084
703489 3489.000000 17758100003489000 0.140648544 0.125104080 1.103929639 -0.680518144
703490 3490.000000 17758100003490000 0.137082040 0.125722920 1.082598043 -0.743209614
703491 3491.000000 17758100003491000 0.133478940 0.127079566 1.057460089 -0.767991420
703492 3492.000000 17758100003492000 0.129842788 0.128381018 1.035703330 -0.850575955
703493 3493.000000 17758100003493000 0.126177192 0.129330550 1.007476526 -0.859393380
703494 3494.000000 17758100003494000 0.122485757 0.130000357 0.974150421 -0.900927676
703495 3495.000000 17758100003495000 0.118772134 0.131242147 0.957961286 -0.884668795
703496 3496.000000 17758100003496000 0.115039989 0.132087865 0.915287991 -0.932415330
703497 3497.000000 17758100003497000 0.111292996 0.133111814 0.880903349 -0.995452586
703498 3498.000000 17758100003498000 0.107534863 0.134014878 0.852236799 -0.980050000
703499 3499.000000 17758100003499000 0.103769287 0.134684898 0.821139221 -1.018449116
703500 3500.000000 17758100003500000 0.100000001 0.134880241 0.780548587 -1.017735348
703501 3501.000000 17758100003501000 0.096230708 0.136172351 0.748340653 -1.062679099
703502 3502.000000 17758100003502000 0.092465140 0.136844507 0.714062200 -1.087700765
703503 3503.000000 17758100003503000 0.088707000 0.137104860 0.669099746 -1.081121657
703504 3504.000000 17758100003504000 0.084960014 0.138085032 0.643949388 -1.089709338
703505 3505.000000 17758100003505000 0.081227861 0.138753541 0.605211663 -1.149494956
703506 3506.000000 17758100003506000 0.077514239 0.139369110 0.560141236 -1.155282161
703507 3507.000000 17758100003507000 0.073822811 0.139328718 0.512021870 -1.142543428
703508 3508.000000 17758100003508000 0.070157215 0.140170832 0.480391860 -1.182745092
703509 3509.000000 17758100003509000 0.066521071 0.140664107 0.443031299 -1.187266265
703510 3510.000000 17758100003510000 0.062917963 0.140939146 0.407029261 -1.187033907
703511 3511.000000 17758100003511000 0.059351448 0.141439054 0.371456632 -1.208110224
703512 3512.000000 17758100003512000 0.055825055 0.141980489 0.323969951 -1.236653060
703513 3513.000000 17758100003513000 0.052342255 0.142140597 0.286266844 -1.270723055
703514 3514.000000 17758100003514000 0.048906486 0.142448014 0.237732380 -1.243707065
703515 3515.000000 17758100003515000 0.045521140 0.142333051 0.206662712 -1.269603644
703516 3516.000000 17758100003516000 0.042189561 0.142844009 0.164278225 -1.263963267
703517 3517.000000 17758100003517000 0.038915031 0.142918806 0.113176046 -1.234809243
703518 3518.000000 17758100003518000 0.035700783 0.143146603 0.083806412 -1.281254979
703519 3519.000000 17758100003519000 0.032549996 0.142820464 0.031654235 -1.252803098
703520 3520.000000 17758100003520000 0.029465770 0.143162895 -0.018150314 -1.295653021
703521 3521.000000 17758100003521000 0.026451154 0.142886887 -0.048244490 -1.264897062
703522 3522.000000 17758100003522000 0.023509121 0.142631594 -0.096886567 -1.259414144
703523 3523.000000 17758100003523000 0.020642577 0.142694000 -0.133982804 -1.285094005
703524 3524.000000 17758100003524000 0.017854348 0.142459837 -0.168393698 -1.265333005
703525 3525.000000 17758100003525000 0.015147186 0.142358747 -0.218465416 -1.251711987
703526 3526.000000 17758100003526000 0.012523765 0.141992515 -0.252754923 -1.229380776
703527 3527.000000 17758100003527000 0.009986672 0.141494354 -0.312048177 -1.235081503
703528 3528.000000 17758100003528000 0.007538411 0.141290774 -0.344609693 -1.211584264
703529 3529.000000 17758100003529000 0.005181399 0.140936278 -0.389593687 -1.212149300
703530 3530.000000 17758100003530000 0.002917961 0.140653483 -0.421929721 -1.189282783
703531 3531.000000 17758100003531000 0.000750331 0.140056363 -0.465423521 -1.202290552
703532 3532.000000 17758100003532000 -0.001319351 0.139644326 -0.503650614 -1.196850918
703533 3533.000000 17758100003533000 -0.003289043 0.139161804 -0.548710636 -1.187178088
703534 3534.000000 17758100003534000 -0.005156802 0.138105960 -0.594167216 -1.162129727
703535 3535.000000 17758100003535000 -0.006920783 0.137975688 -0.622758169 -1.128750628
703536 3536.000000 17758100003536000 -0.008579247 0.137098106 -0.660978445 -1.106823389
703537 3537.000000 17758100003537000 -0.010130555 0.136695770 -0.691853933 -1.085588784
703538 3538.000000 17758100003538000 -0.011573179 0.135791124 -0.733056097 -1.044685745
703539 3539.000000 17758100003539000 -0.012905693 0.134848438 -0.770296881 -1.035383785
703540 3540.000000 17758100003540000 -0.014126782 0.134357411 -0.807007548 -1.019844892
703541 3541.000000 17758100003541000 -0.015235242 0.133343697 -0.829439771 -0.957068291
703542 3542.000000 17758100003542000 -0.016229980 0.132196462 -0.859634552 -0.996857800
703543 3543.000000 17758100003543000 -0.017110011 0.131688636 -0.897178944 -0.954957905
703544 3544.000000 17758100003544000 -0.017874470 0.130751796 -0.926851600 -0.894516502
703545 3545.000000 17758100003545000 -0.018522602 0.129482911 -0.961469129 -0.916140315
703546 3546.000000 17758100003546000 -0.019053765 0.128730365 -0.990201554 -0.880472586
703547 3547.000000 17758100003547000 -0.019467436 0.127859300 -1.021221855 -0.863058573
703548 3548.000000 17758100003548000 -0.019763207 0.126537337 -1.046181608 -0.794774574
703549 3549.000000 17758100003549000 -0.019940788 0.125285245 -1.078674910 -0.768939655
703550 3550.000000 17758100003550000 -0.020000000 0.124422510 -1.096966111 -0.707657578
703551 3551.000000 17758100003551000 -0.019940788 0.123368649 -1.129715640 -0.714340662
703552 3552.000000 17758100003552000 -0.019763207 0.122218509 -1.139857351 -0.666317690
703553 3553.000000 17758100003553000 -0.019467436 0.121038970 -1.170780704 -0.628303231
703554 3554.000000 17758100003554000 -0.019053765 0.120039528 -1.182419172 -0.623268540
703555 3555.000000 17758100003555000 -0.018522602 0.118325604 -1.195799871 -0.632527146
703556 3556.000000 17758100003556000 -0.017874470 0.117066530 -1.220025014 -0.538582038
703557 3557.000000 17758100003557000 -0.017110011 0.115944917 -1.243212460 -0.519016555
703558 3558.000000 17758100003558000 -0.016229980 0.114527363 -1.253018218 -0.439774117
703559 3559.000000 17758100003559000 -0.015235242 0.113205330 -1.274866769 -0.377461268
703560 3560.000000 17758100003560000 -0.014126782 0.112188292 -1.289916800 -0.400751442
703561 3561.000000 17758100003561000 -0.012905693 0.111326077 -1.304330428 -0.343791835
703562 3562.000000 17758100003562000 -0.011573179 0.109810819 -1.310209375 -0.338832911
703563 3563.000000 17758100003563000 -0.010130555 0.108464551 -1.313268278 -0.278788949
703564 3564.000000 17758100003564000 -0.008579247 0.106978084 -1.328101789 -0.233865748
703565 3565.000000 17758100003565000 -0.006920783 0.105810601 -1.331420389 -0.217654997
703566 3566.000000 17758100003566000 -0.005156802 0.104625974 -1.339257897 -0.128386600
703567 3567.000000 17758100003567000 -0.003289043 0.102684000 -1.345416794 -0.097942054
703568 3568.000000 17758100003568000 -0.001319351 0.101609685 -1.353716356 -0.066326955
703569 3569.000000 17758100003569000 0.000750331 0.100118273 -1.343652406 -0.047134287
703570 3570.000000 17758100003570000 0.002917961 0.099595025 -1.350817820 0.004520061
703571 3571.000000 17758100003571000 0.005181399 0.097977851 -1.359509263 0.054716682
703572 3572.000000 17758100003572000 0.007538411 0.096221963 -1.348157478 0.090732334
703573 3573.000000 17758100003573000 0.009986672 0.095196053 -1.341007090 0.133068191
703574 3574.000000 17758100003574000 0.012523765 0.093461033 -1.342163157 0.178277476
703575 3575.000000 17758100003575000 0.015147186 0.092288827 -1.329220626 0.178472827
703576 3576.000000 17758100003576000 0.017854348 0.090910260 -1.322392585 0.236137741
703577 3577.000000 17758100003577000 0.020642577 0.089597744 -1.309061406 0.259226373
703578 3578.000000 17758100003578000 0.023509121 0.087957979 -1.302962103 0.311427334
703579 3579.000000 17758100003579000 0.026451154 0.087111533 -1.291463210 0.347398516
703580 3580.000000 17758100003580000 0.029465770 0.085947395 -1.276465665 0.412609421
703581 3581.000000 17758100003581000 0.032549996 0.084688212 -1.262107493 0.447642729
703582 3582.000000 17758100003582000 0.035700783 0.083362518 -1.247783515 0.482870357
703583 3583.000000 17758100003583000 0.038915031 0.082098664 -1.232482708 0.524920839
703584 3584.000000 17758100003584000 0.042189561 0.080880025 -1.210759844 0.546384992
703585 3585.000000 17758100003585000 0.045521140 0.079787076 -1.192884629 0.579051859
703586 3586.000000 17758100003586000 0.048906486 0.078324920 -1.180362409 0.642306191
703587 3587.000000 17758100003587000 0.052342255 0.077460421 -1.150163479 0.661162548
703588 3588.000000 17758100003588000 0.055825055 0.076244433 -1.124219477 0.681978280
703589 3589.000000 17758100003589000 0.059351448 0.074802307 -1.113975313 0.686303595
703590 3590.000000 17758100003590000 0.062917963 0.074076175 -1.088479008 0.740660843
703591 3591.000000 17758100003591000 0.066521071 0.072863029 -1.053861433 0.791028347
703592 3592.000000 17758100003592000 0.070157215 0.072067443 -1.034230552 0.815146213
703593 3593.000000 17758100003593000 0.073822811 0.071128404 -1.009836386 0.839380123
703594 3594.000000 17758100003594000 0.077514239 0.070027695 -0.977058666 0.861945640
703595 3595.000000 17758100003595000 0.081227861 0.068817860 -0.942136183 0.898165203
703596 3596.000000 17758100003596000 0.084960014 0.068113570 -0.913436551 0.936916337
703597 3597.000000 17758100003597000 0.088707000 0.067283474 -0.884880868 0.947517270
703598 3598.000000 17758100003598000 0.092465140 0.066257159 -0.847543584 0.995656299
703599 3599.000000 17758100003599000 0.096230708 0.065320098 -0.820119643 1.000631214
703600 3600.000000 17758100003600000 0.100000001 0.064560660 -0.788224333 1.018003117
703601 3601.000000 17758100003601000 0.103769287 0.063648281 -0.758436548 1.055123717
703602 3602.000000 17758100003602000 0.107534863 0.063346037 -0.711085850 1.079122207
703603 3603.000000 17758100003603000 0.111292996 0.062291449 -0.671645815 1.094326007
703604 3604.000000 17758100003604000 0.115039989 0.061822762 -0.639115806 1.130449066
703605 3605.000000 17758100003605000 0.118772134 0.061488803 -0.593973828 1.109055274
703606 3606.000000 17758100003606000 0.122485757 0.060792340 -0.565146456 1.142794417
703607 3607.000000 17758100003607000 0.126177192 0.060146783 -0.521710953 1.138309569
703608 3608.000000 17758100003608000 0.129842788 0.059756096 -0.487323488 1.195741912
703609 3609.000000 17758100003609000 0.133478940 0.059167426 -0.451639411 1.184108694
703610 3610.000000 17758100003610000 0.137082040 0.059075572 -0.397198229 1.203516077
703611 3611.000000 17758100003611000 0.140648544 0.058563832 -0.367999854 1.198371041
703612 3612.000000 17758100003612000 0.144174948 0.058144504 -0.325494724 1.232593601
703613 3613.000000 17758100003613000 0.147657752 0.057736265 -0.274890041 1.235419555
703614 3614.000000 17758100003614000 0.151093513 0.057558878 -0.248808081 1.229176665
703615 3615.000000 17758100003615000 0.154478863 0.057312352 -0.203792039 1.270962595
703616 3616.000000 17758100003616000 0.157810435 0.057310799 -0.157951817 1.275158174
703617 3617.000000 17758100003617000 0.161084965 0.057220259 -0.122548256 1.247472169
703618 3618.000000 17758100003618000 0.164299220 0.057196288 -0.069422700 1.280756690
703619 3619.000000 17758100003619000 0.167450011 0.057286375 -0.026455335 1.256402488
703620 3620.000000 17758100003620000 0.170534223 0.056936631 0.010199630 1.283354709
703621 3621.000000 17758100003621000 0.173548847 0.057036365 0.053168642 1.253799943
703622 3622.000000 17758100003622000 0.176490873 0.057086278 0.090791880 1.282798411
703623 3623.000000 17758100003623000 0.179357424 0.057875541 0.144064293 1.283296734
703624 3624.000000 17758100003624000 0.182145655 0.057486817 0.178302083 1.251379877
703625 3625.000000 17758100003625000 0.184852809 0.057707326 0.225529746 1.240890553
703626 3626.000000 17758100003626000 0.187476233 0.058249137 0.254247170 1.258438449
703627 3627.000000 17758100003627000 0.190013334 0.058481901 0.294375343 1.218459935
703628 3628.000000 17758100003628000 0.192461595 0.058262613 0.348922574 1.206800568
703629 3629.000000 17758100003629000 0.194818601 0.059222464 0.383303642 1.237569249
703630 3630.000000 17758100003630000 0.197082043 0.059585727 0.422982336 1.214810330
703631 3631.000000 17758100003631000 0.199249670 0.059696035 0.462663623 1.212791601
703632 3632.000000 17758100003632000 0.201319352 0.060598046 0.506656342 1.168805050
703633 3633.000000 17758100003633000 0.203289047 0.061388637 0.538747658 1.189315580
703634 3634.000000 17758100003634000 0.205156803 0.062283716 0.580446634 1.168833996
703635 3635.000000 17758100003635000 0.206920788 0.062243579 0.621222727 1.135519696
703636 3636.000000 17758100003636000 0.208579242 0.062979938 0.662881212 1.092618824
703637 3637.000000 17758100003637000 0.210130557 0.063595736 0.696301322 1.092276925
703638 3638.000000 17758100003638000 0.211573184 0.064380789 0.728606125 1.073476199
703639 3639.000000 17758100003639000 0.212905690 0.064892387 0.768499486 1.048212380
703640 3640.000000 17758100003640000 0.214126781 0.065959643 0.806252196 1.022888582
703641 3641.000000 17758100003641000 0.215235248 0.066581446 0.820300638 0.998321287
703642 3642.000000 17758100003642000 0.216229975 0.067648973 0.864808433 0.960193249
703643 3643.000000 17758100003643000 0.217110008 0.068279132 0.895434768 0.961853834
703644 3644.000000 17758100003644000 0.217874467 0.069541298 0.932450955 0.955582351
703645 3645.000000 17758100003645000 0.218522608 0.070618132 0.963006966 0.937474964
703646 3646.000000 17758100003646000 0.219053760 0.071410243 0.996506857 0.900286192
703647 3647.000000 17758100003647000 0.219467431 0.072238162 1.019756880 0.858215473
703648 3648.000000 17758100003648000 0.219763204 0.073652084 1.039647651 0.834213431
703649 3649.000000 17758100003649000 0.219940782 0.074456467 1.071437912 0.741479458
703650 3650.000000 17758100003650000 0.219999999 0.075724972 1.093109813 0.741389426
703651 3651.000000 17758100003651000 0.219940782 0.076641419 1.128786259 0.736483777
703652 3652.000000 17758100003652000 0.219763204 0.077913564 1.143509621 0.705290361
703653 3653.000000 17758100003653000 0.219467431 0.079266047 1.168124727 0.599038684
703654 3654.000000 17758100003654000 0.219053760 0.080308469 1.183373727 0.633893067
703655 3655.000000 17758100003655000 0.218522608 0.081092713 1.211429548 0.573435846
703656 3656.000000 17758100003656000 0.217874467 0.082548552 1.233530253 0.556658230
703657 3657.000000 17758100003657000 0.217110008 0.084078005 1.235773195 0.468595356
703658 3658.000000 17758100003658000 0.216229975 0.084893113 1.260765437 0.445575626
703659 3659.000000 17758100003659000 0.215235248 0.086651871 1.277595587 0.435741684
703660 3660.000000 17758100003660000 0.214126781 0.087883010 1.276503163 0.379534369
703661 3661.000000 17758100003661000 0.212905690 0.089244720 1.302520139 0.337088805
703662 3662.000000 17758100003662000 0.211573184 0.090122598 1.317319904 0.286652810
703663 3663.000000 17758100003663000 0.210130557 0.091356223 1.313019839 0.318442372
703664 3664.000000 17758100003664000 0.208579242 0.092782561 1.328025289 0.238586376
703665 3665.000000 17758100003665000 0.206920788 0.094408217 1.333680398 0.181480261
703666 3666.000000 17758100003666000 0.205156803 0.095854328 1.337663026 0.129718038
703667 3667.000000 17758100003667000 0.203289047 0.097156228 1.345238619 0.098039606
703668 3668.000000 17758100003668000 0.201319352 0.098639803 1.343074104 0.072695317
703669 3669.000000 17758100003669000 0.199249670 0.099728672 1.354883088 0.030457490
703670 3670.000000 17758100003670000 0.197082043 0.101009076 1.347445024 -0.018955545
703671 3671.000000 17758100003671000 0.194818601 0.102576855 1.344403909 -0.043432396
703672 3672.000000 17758100003672000 0.192461595 0.103807606 1.349609074 -0.076622272
703673 3673.000000 17758100003673000 0.190013334 0.105246781 1.343249348 -0.129397237
703674 3674.000000 17758100003674000 0.187476233 0.106347947 1.341519305 -0.166204457
703675 3675.000000 17758100003675000 0.184852809 0.107760069 1.332377751 -0.194538535
703676 3676.000000 17758100003676000 0.182145655 0.109040026 1.325522032 -0.240953145
703677 3677.000000 17758100003677000 0.179357424 0.110448233 1.316654808 -0.282127022
703678 3678.000000 17758100003678000 0.176490873 0.111518986 1.303545615 -0.276248488
703679 3679.000000 17758100003679000 0.173548847 0.112851766 1.291993303 -0.349212795
703680 3680.000000 17758100003680000 0.170534223 0.114282422 1.272157343 -0.401730232
703681 3681.000000 17758100003681000 0.167450011 0.115661613 1.260013679 -0.405280636
703682 3682.000000 17758100003682000 0.164299220 0.116794018 1.250840474 -0.487449556
703683 3683.000000 17758100003683000 0.161084965 0.117954007 1.233410299 -0.545039427
703684 3684.000000 17758100003684000 0.157810435 0.119468215 1.217107690 -0.544366159
703685 3685.000000 17758100003685000 0.154478863 0.120408808 1.198739353 -0.592576886
703686 3686.000000 17758100003686000 0.151093513 0.121445911 1.172338732 -0.624083974
703687 3687.000000 17758100003687000 0.147657752 0.122653983 1.145989866 -0.645768177
703688 3688.000000 17758100003688000 0.144174948 0.123518425 1.139956511 -0.678128449
703689 3689.000000 17758100003689000 0.140648544 0.125050066 1.110487979 -0.760933094
703690 3690.000000 17758100003690000 0.137082040 0.126001688 1.084158439 -0.750917116
703691 3691.000000 17758100003691000 0.133478940 0.127082743 1.063038935 -0.741640303
703692 3692.000000 17758100003692000 0.129842788 0.128001882 1.031185338 -0.817494468
703693 3693.000000 17758100003693000 0.126177192 0.128859760 1.009267237 -0.853732288
703694 3694.000000 17758100003694000 0.122485757 0.130429346 0.977391440 -0.881360240
703695 3695.000000 17758100003695000 0.118772134 0.131056796 0.949506194 -0.923897610
703696 3696.000000 17758100003696000 0.115039989 0.131391298 0.905866616 -0.926470494
703697 3697.000000 17758100003697000 0.111292996 0.132490920 0.888332135 -0.963404278
703698 3698.000000 17758100003698000 0.107534863 0.133768273 0.852857319 -0.959781667
703699 3699.000000 17758100003699000 0.103769287 0.134693694 0.819653372 -1.020930284
703700 3700.000000 17758100003700000 0.100000001 0.135385985 0.791868817 -1.037409514
703701 3701.000000 17758100003701000 0.096230708 0.135885573 0.747068081 -1.028564907
703702 3702.000000 17758100003702000 0.092465140 0.136517969 0.709600206 -1.102133952
703703 3703.000000 17758100003703000 0.088707000 0.137421565 0.676096705 -1.104119243
703704 3704.000000 17758100003704000 0.084960014 0.138387717 0.633966710 -1.121451652
703705 3705.000000 17758100003705000 0.081227861 0.138715470 0.596708656 -1.112397834
703706 3706.000000 17758100003706000 0.077514239 0.139251672 0.560004876 -1.140256446
703707 3707.000000 17758100003707000 0.073822811 0.139884703 0.527236263 -1.174200284
703708 3708.000000 17758100003708000 0.070157215 0.140285823 0.481290309 -1.144119852
703709 3709.000000 17758100003709000 0.066521071 0.140625511 0.453926493 -1.198043329
703710 3710.000000 17758100003710000 0.062917963 0.141249079 0.414897872 -1.205356166
703711 3711.000000 17758100003711000 0.059351448 0.141263004 0.368490227 -1.216280660
703712 3712.000000 17758100003712000 0.055825055 0.141860042 0.326726168 -1.240313130
703713 3713.000000 17758100003713000 0.052342255 0.141951813 0.287453977 -1.239200490
703714 3714.000000 17758100003714000 0.048906486 0.142058056 0.250822931 -1.272267722
703715 3715.000000 17758100003715000 0.045521140 0.142392575 0.202446010 -1.272952558
703716 3716.000000 17758100003716000 0.042189561 0.142510673 0.160447547 -1.240218484
703717 3717.000000 17758100003717000 0.038915031 0.143222177 0.122498503 -1.275497398
703718 3718.000000 17758100003718000 0.035700783 0.142870219 0.067175103 -1.264079985
703719 3719.000000 17758100003719000 0.032549996 0.142543907 0.025732938 -1.260792435
703720 3720.000000 17758100003720000 0.029465770 0.142961925 -0.004130662 -1.253632314
703721 3721.000000 17758100003721000 0.026451154 0.142880915 -0.052590846 -1.233554722
703722 3722.000000 17758100003722000 0.023509121 0.142656868 -0.094023118 -1.248662456
703723 3723.000000 17758100003723000 0.020642577 0.142639694 -0.128549027 -1.272560574
703724 3724.000000 17758100003724000 0.017854348 0.142214135 -0.182375458 -1.279223863
703725 3725.000000 17758100003725000 0.015147186 0.142331980 -0.227927631 -1.220271391
703726 3726.000000 17758100003726000 0.012523765 0.142029546 -0.257742683 -1.227108407
703727 3727.000000 17758100003727000 0.009986672 0.141274947 -0.315816989 -1.218390392
703728 3728.000000 17758100003728000 0.007538411 0.140879560 -0.349677452 -1.221239989
703729 3729.000000 17758100003729000 0.005181399 0.140861509 -0.390275795 -1.181554737
703730 3730.000000 17758100003730000 0.002917961 0.140460279 -0.427830013 -1.235957262
703731 3731.000000 17758100003731000 0.000750331 0.139702998 -0.459374042 -1.199652400
703732 3732.000000 17758100003732000 -0.001319351 0.139676405 -0.506145119 -1.192248172
703733 3733.000000 17758100003733000 -0.003289043 0.138969546 -0.548092393 -1.192032373
703734 3734.000000 17758100003734000 -0.005156802 0.138515416 -0.581156544 -1.120392567
703735 3735.000000 17758100003735000 -0.006920783 0.137711985 -0.618125501 -1.155874368
703736 3736.000000 17758100003736000 -0.008579247 0.136984852 -0.661324285 -1.136772183
703737 3737.000000 17758100003737000 -0.010130555 0.136377744 -0.699809720 -1.108158889
703738 3738.000000 17758100003738000 -0.011573179 0.135405836 -0.733072412 -1.063134043
703739 3739.000000 17758100003739000 -0.012905693 0.134888400 -0.770243565 -1.064131588
703740 3740.000000 17758100003740000 -0.014126782 0.134103179 -0.801500483 -0.966802857
703741 3741.000000 17758100003741000 -0.015235242 0.133037325 -0.845450715 -0.950234397
703742 3742.000000 17758100003742000 -0.016229980 0.132356069 -0.873253305 -1.012431819
703743 3743.000000 17758100003743000 -0.017110011 0.131768922 -0.909656076 -0.969819832
703744 3744.000000 17758100003744000 -0.017874470 0.130561584 -0.929978801 -0.913562490
703745 3745.000000 17758100003745000 -0.018522602 0.129947121 -0.958147240 -0.869447801
703746 3746.000000 17758100003746000 -0.019053765 0.128657590 -0.992849485 -0.862132773
703747 3747.000000 17758100003747000 -0.019467436 0.127724919 -1.017481726 -0.870180820
703748 3748.000000 17758100003748000 -0.019763207 0.126891123 -1.042056915 -0.803366301
703749 3749.000000 17758100003749000 -0.019940788 0.125353353 -1.079920504 -0.851882327
703750 3750.000000 17758100003750000 -0.020000000 0.124074025 -1.093982276 -0.757244292
703751 3751.000000 17758100003751000 -0.019940788 0.123338877 -1.112473229 -0.696157452
703752 3752.000000 17758100003752000 -0.019763207 0.122168850 -1.140179795 -0.679690524
703753 3753.000000 17758100003753000 -0.019467436 0.120892458 -1.169178941 -0.634220430
703754 3754.000000 17758100003754000 -0.019053765 0.119695975 -1.185120150 -0.582925385
703755 3755.000000 17758100003755000 -0.018522602 0.118907733 -1.204506658 -0.624142062
703756 3756.000000 17758100003756000 -0.017874470 0.117251264 -1.224321280 -0.557450193
703757 3757.000000 17758100003757000 -0.017110011 0.116127008 -1.245474655 -0.468130407
703758 3758.000000 17758100003758000 -0.016229980 0.114969251 -1.266241826 -0.447438008
703759 3759.000000 17758100003759000 -0.015235242 0.113237694 -1.272032650 -0.477314310
703760 3760.000000 17758100003760000 -0.014126782 0.112288261 -1.286846754 -0.408903152
703761 3761.000000 17758100003761000 -0.012905693 0.111217135 -1.296636140 -0.345779641
703762 3762.000000 17758100003762000 -0.011573179 0.109942288 -1.309274520 -0.301928455
703763 3763.000000 17758100003763000 -0.010130555 0.108533757 -1.318978632 -0.312115200
703764 3764.000000 17758100003764000 -0.008579247 0.107224265 -1.328655095 -0.231383467
703765 3765.000000 17758100003765000 -0.006920783 0.105956196 -1.336983120 -0.177400805
703766 3766.000000 17758100003766000 -0.005156802 0.104109359 -1.334012954 -0.144144692
703767 3767.000000 17758100003767000 -0.003289043 0.103362334 -1.334933415 -0.081603180
703768 3768.000000 17758100003768000 -0.001319351 0.101546972 -1.343637606 -0.064980217
703769 3769.000000 17758100003769000 0.000750331 0.100143146 -1.345129827 -0.023290599
703770 3770.000000 17758100003770000 0.002917961 0.099202914 -1.344728741 -0.014647049
703771 3771.000000 17758100003771000 0.005181399 0.097538283 -1.349475458 0.039224287
703772 3772.000000 17758100003772000 0.007538411 0.096491201 -1.344035838 0.087070154
703773 3773.000000 17758100003773000 0.009986672 0.094621390 -1.346339612 0.139666690
703774 3774.000000 17758100003774000 0.012523765 0.093394732 -1.337142855 0.165377821
703775 3775.000000 17758100003775000 0.015147186 0.092433739 -1.332636649 0.185148199
703776 3776.000000 17758100003776000 0.017854348 0.091127116 -1.319140538 0.227152494
703777 3777.000000 17758100003777000 0.020642577 0.089184475 -1.310303059 0.304612394
703778 3778.000000 17758100003778000 0.023509121 0.088433680 -1.297690410 0.325660730
703779 3779.000000 17758100003779000 0.026451154 0.087136232 -1.299633147 0.357835483
703780 3780.000000 17758100003780000 0.029465770 0.085767499 -1.282601496 0.399264877
703781 3781.000000 17758100003781000 0.032549996 0.084558661 -1.268242130 0.463487303
703782 3782.000000 17758100003782000 0.035700783 0.083028994 -1.246925892 0.469854537
703783 3783.000000 17758100003783000 0.038915031 0.082109499 -1.224899646 0.482745365
703784 3784.000000 17758100003784000 0.042189561 0.080573520 -1.216270779 0.593951930
703785 3785.000000 17758100003785000 0.045521140 0.079601613 -1.201145402 0.609657751
703786 3786.000000 17758100003786000 0.048906486 0.078653963 -1.176215367 0.631519527
703787 3787.000000 17758100003787000 0.052342255 0.077178571 -1.151200752 0.643589107
703788 3788.000000 17758100003788000 0.055825055 0.076083249 -1.133167856 0.652506472
703789 3789.000000 17758100003789000 0.059351448 0.074830779 -1.107050476 0.726407186
703790 3790.000000 17758100003790000 0.062917963 0.074010775 -1.088418687 0.752962345
703791 3791.000000 17758100003791000 0.066521071 0.072509802 -1.057097229 0.782324080
703792 3792.000000 17758100003792000 0.070157215 0.071975363 -1.038404491 0.817510384
703793 3793.000000 17758100003793000 0.073822811 0.070864630 -1.000903153 0.844215932
703794 3794.000000 17758100003794000 0.077514239 0.069930013 -0.975686130 0.884134020
703795 3795.000000 17758100003795000 0.081227861 0.068891686 -0.944782148 0.888416929
703796 3796.000000 17758100003796000 0.084960014 0.068115833 -0.912281583 0.939844403
703797 3797.000000 17758100003797000 0.088707000 0.066892665 -0.884001419 0.953264232
703798 3798.000000 17758100003798000 0.092465140 0.066344207 -0.850669946 1.009593926
703799 3799.000000 17758100003799000 0.096230708 0.065589429 -0.817507929 1.015283488
703800 3800.000000 17758100003800000 0.100000001 0.064761490 -0.783905855 1.054960974
703801 3801.000000 17758100003801000 0.103769287 0.063832198 -0.750777887 1.041544477
703802 3802.000000 17758100003802000 0.107534863 0.063028008 -0.707062866 1.071888716
703803 3803.000000 17758100003803000 0.111292996 0.062529580 -0.686159859 1.107895660
703804 3804.000000 17758100003804000 0.115039989 0.062013804 -0.644805930 1.093709857
703805 3805.000000 17758100003805000 0.118772134 0.061100615 -0.605950754 1.110917114
703806 3806.000000 17758100003806000 0.122485757 0.060717249 -0.564883756 1.157162590
703807 3807.000000 17758100003807000 0.126177192 0.060430405 -0.521595103 1.191173685
703808 3808.000000 17758100003808000 0.129842788 0.059457309 -0.488310898 1.170756771
703809 3809.000000 17758100003809000 0.133478940 0.059373240 -0.439821896 1.196095784
703810 3810.000000 17758100003810000 0.137082040 0.058758684 -0.403841443 1.237178934
703811 3811.000000 17758100003811000 0.140648544 0.058804274 -0.364770186 1.156666470
703812 3812.000000 17758100003812000 0.144174948 0.058170445 -0.327312292 1.207674263
703813 3813.000000 17758100003813000 0.147657752 0.057855320 -0.281929411 1.236548780
703814 3814.000000 17758100003814000 0.151093513 0.057582638 -0.247161654 1.234929320
703815 3815.000000 17758100003815000 0.154478863 0.057448006 -0.207398272 1.260882489
703816 3816.000000 17758100003816000 0.157810435 0.057524777 -0.150821239 1.288065558
703817 3817.000000 17758100003817000 0.161084965 0.057345240 -0.119144185 1.210812913
703818 3818.000000 17758100003818000 0.164299220 0.057408758 -0.071225365 1.250931071
703819 3819.000000 17758100003819000 0.167450011 0.057058696 -0.037780244 1.301915649
703820 3820.000000 17758100003820000 0.170534223 0.056903302 0.019968118 1.269625399
703821 3821.000000 17758100003821000 0.173548847 0.056901111 0.063926245 1.309632159
703822 3822.000000 17758100003822000 0.176490873 0.057320556 0.087048019 1.275510234
703823 3823.000000 17758100003823000 0.179357424 0.057365113 0.139316551 1.260659330
703824 3824.000000 17758100003824000 0.182145655 0.057248493 0.175571055 1.265032908
703825 3825.000000 17758100003825000 0.184852809 0.057911878 0.214892335 1.256354039
703826 3826.000000 17758100003826000 0.187476233 0.058358409 0.258625488 1.245840746
703827 3827.000000 17758100003827000 0.190013334 0.058521626 0.311972020 1.237009466
703828 3828.000000 17758100003828000 0.192461595 0.058811238 0.342680340 1.202236377
703829 3829.000000 17758100003829000 0.194818601 0.058898530 0.383434915 1.239302786
703830 3830.000000 17758100003830000 0.197082043 0.059207983 0.435348092 1.224968720
703831 3831.000000 17758100003831000 0.199249670 0.060457207 0.464307816 1.215041340
703832 3832.000000 17758100003832000 0.201319352 0.060322134 0.507894870 1.130066957
703833 3833.000000 17758100003833000 0.203289047 0.061187525 0.542692339 1.169896335
703834 3834.000000 17758100003834000 0.205156803 0.061473316 0.582879685 1.147780307
703835 3835.000000 17758100003835000 0.206920788 0.061912011 0.619471078 1.134203043
703836 3836.000000 17758100003836000 0.208579242 0.063162001 0.655773905 1.145873395
703837 3837.000000 17758100003837000 0.210130557 0.063508779 0.690726701 1.077560894
703838 3838.000000 17758100003838000 0.211573184 0.064093433 0.731304482 1.054601591
703839 3839.000000 17758100003839000 0.212905690 0.064972572 0.767665819 1.096973561
703840 3840.000000 17758100003840000 0.214126781 0.066047071 0.803401739 1.019017318
703841 3841.000000 17758100003841000 0.215235248 0.066707113 0.833518727 1.006136825
703842 3842.000000 17758100003842000 0.216229975 0.067323951 0.858325385 1.003293944
703843 3843.000000 17758100003843000 0.217110008 0.068690224 0.899598376 0.981368051
703844 3844.000000 17758100003844000 0.217874467 0.069472367 0.927969727 0.924704026
703845 3845.000000 17758100003845000 0.218522608 0.070291396 0.958441355 0.893940845
703846 3846.000000 17758100003846000 0.219053760 0.071349604 0.992133647 0.879649859
703847 3847.000000 17758100003847000 0.219467431 0.072390936 1.023682155 0.810647733
703848 3848.000000 17758100003848000 0.219763204 0.072938962 1.039418352 0.811233535
703849 3849.000000 17758100003849000 0.219940782 0.074339640 1.065477823 0.783265373
703850 3850.000000 17758100003850000 0.219999999 0.075515577 1.103556624 0.757691341
703851 3851.000000 17758100003851000 0.219940782 0.076719624 1.130605082 0.729227433
703852 3852.000000 17758100003852000 0.219763204 0.078267081 1.143099094 0.693067055
703853 3853.000000 17758100003853000 0.219467431 0.079169429 1.169097046 0.672136461
703854 3854.000000 17758100003854000 0.219053760 0.080052368 1.178491043 0.612188416
703855 3855.000000 17758100003855000 0.218522608 0.081401906 1.209675093 0.587927526
703856 3856.000000 17758100003856000 0.217874467 0.082618417 1.219369147 0.574950530
703857 3857.000000 17758100003857000 0.217110008 0.084180616 1.243130815 0.489478567
703858 3858.000000 17758100003858000 0.216229975 0.085305638 1.253219244 0.453824682
703859 3859.000000 17758100003859000 0.215235248 0.086321218 1.276882520 0.438231816
703860 3860.000000 17758100003860000 0.214126781 0.087705590 1.287070745 0.377266212
703861 3861.000000 17758100003861000 0.212905690 0.089074288 1.292609920 0.361292154
703862 3862.000000 17758100003862000 0.211573184 0.090104697 1.311129681 0.318633732
703863 3863.000000 17758100003863000 0.210130557 0.091426072 1.319259313 0.310998384
703864 3864.000000 17758100003864000 0.208579242 0.093427965 1.330686875 0.242728847
703865 3865.000000 17758100003865000 0.206920788 0.094417813 1.332820977 0.173878601
703866 3866.000000 17758100003866000 0.205156803 0.095787916 1.342138093 0.134987828
703867 3867.000000 17758100003867000 0.203289047 0.097064549 1.346566480 0.088839939
703868 3868.000000 17758100003868000 0.201319352 0.098246128 1.352013846 0.087296603
703869 3869.000000 17758100003869000 0.199249670 0.099469345 1.347995145 0.040292918
703870 3870.000000 17758100003870000 0.197082043 0.100978783 1.350132431 0.022059654
703871 3871.000000 17758100003871000 0.194818601 0.102587677 1.351849859 -0.056380719
703872 3872.000000 17758100003872000 0.192461595 0.103428528 1.351062894 -0.071064104
703873 3873.000000 17758100003873000 0.190013334 0.105094074 1.336778494 -0.101539321
703874 3874.000000 17758100003874000 0.187476233 0.106546028 1.338488967 -0.177351532
703875 3875.000000 17758100003875000 0.184852809 0.108077436 1.330012412 -0.209397460
703876 3876.000000 17758100003876000 0.182145655 0.108687523 1.323438022 -0.253376277
703877 3877.000000 17758100003877000 0.179357424 0.109782703 1.314992636 -0.278398156
703878 3878.000000 17758100003878000 0.176490873 0.111843199 1.306210864 -0.328586391
703879 3879.000000 17758100003879000 0.173548847 0.112723918 1.297051092 -0.343347369
703880 3880.000000 17758100003880000 0.170534223 0.114147804 1.277391542 -0.384272743
703881 3881.000000 17758100003881000 0.167450011 0.115781641 1.269601999 -0.435929666
703882 3882.000000 17758100003882000 0.164299220 0.116204760 1.243695338 -0.469627033
703883 3883.000000 17758100003883000 0.161084965 0.117618386 1.240063614 -0.520656136
703884 3884.000000 17758100003884000 0.157810435 0.119181476 1.214400737 -0.536819428
703885 3885.000000 17758100003885000 0.154478863 0.120659758 1.197142814 -0.609528826
703886 3886.000000 17758100003886000 0.151093513 0.121513882 1.173480936 -0.622850840
703887 3887.000000 17758100003887000 0.147657752 0.122661635 1.152451769 -0.644092662
703888 3888.000000 17758100003888000 0.144174948 0.123621748 1.129017283 -0.688527235
703889 3889.000000 17758100003889000 0.140648544 0.125175650 1.105741733 -0.723348121
703890 3890.000000 17758100003890000 0.137082040 0.126075599 1.088373812 -0.760192727
703891 3891.000000 17758100003891000 0.133478940 0.127041624 1.060298590 -0.811132647
703892 3892.000000 17758100003892000 0.129842788 0.127998026 1.030019992 -0.805427114
703893 3893.000000 17758100003893000 0.126177192 0.129117416 1.006638892 -0.849648218
703894 3894.000000 17758100003894000 0.122485757 0.129866254 0.967278782 -0.873167392
703895 3895.000000 17758100003895000 0.118772134 0.130975937 0.944269949 -0.898200756
703896 3896.000000 17758100003896000 0.115039989 0.131696311 0.914509572 -0.973496840
703897 3897.000000 17758100003897000 0.111292996 0.132744020 0.889495710 -1.020258958
703898 3898.000000 17758100003898000 0.107534863 0.133820055 0.852856741 -0.963148130
703899 3899.000000 17758100003899000 0.103769287 0.134250524 0.823578446 -1.001284422
703900 3900.000000 17758100003900000 0.100000001 0.135260504 0.788707068 -1.020117071
703901 3901.000000 17758100003901000 0.096230708 0.136015015 0.749562867 -1.057183463
703902 3902.000000 17758100003902000 0.092465140 0.136547627 0.710868822 -1.050227155
703903 3903.000000 17758100003903000 0.088707000 0.137465855 0.671975478 -1.091529985
703904 3904.000000 17758100003904000 0.084960014 0.137795387 0.639938647 -1.095495631
703905 3905.000000 17758100003905000 0.081227861 0.138503420 0.610613066 -1.128937799
703906 3906.000000 17758100003906000 0.077514239 0.139369931 0.565794336 -1.173590316
703907 3907.000000 17758100003907000 0.073822811 0.139673393 0.519398690 -1.145237577
703908 3908.000000 17758100003908000 0.070157215 0.140145645 0.489251719 -1.151757933
703909 3909.000000 17758100003909000 0.066521071 0.140628646 0.449282469 -1.190645255
703910 3910.000000 17758100003910000 0.062917963 0.141024129 0.408533856 -1.197626871
703911 3911.000000 17758100003911000 0.059351448 0.141496726 0.363703637 -1.233853179
703912 3912.000000 17758100003912000 0.055825055 0.141924945 0.312237476 -1.213216283
703913 3913.000000 17758100003913000 0.052342255 0.142121689 0.279685170 -1.274071049
703914 3914.000000 17758100003914000 0.048906486 0.142287216 0.245067768 -1.249984556
703915 3915.000000 17758100003915000 0.045521140 0.142782264 0.203746232 -1.255159486
703916 3916.000000 17758100003916000 0.042189561 0.142544523 0.155602116 -1.289829888
703917 3917.000000 17758100003917000 0.038915031 0.143024764 0.109612286 -1.246443122
703918 3918.000000 17758100003918000 0.035700783 0.142766825 0.078624479 -1.287071703
703919 3919.000000 17758100003919000 0.032549996 0.142983998 0.036974872 -1.280364191
703920 3920.000000 17758100003920000 0.029465770 0.143221333 -0.017828877 -1.303666996
703921 3921.000000 17758100003921000 0.026451154 0.142525027 -0.054678168 -1.271813974
703922 3922.000000 17758100003922000 0.023509121 0.142754905 -0.090616795 -1.265929928
703923 3923.000000 17758100003923000 0.020642577 0.142903684 -0.140494098 -1.257684261
703924 3924.000000 17758100003924000 0.017854348 0.142519743 -0.181711106 -1.244935386
703925 3925.000000 17758100003925000 0.015147186 0.142309031 -0.219597803 -1.218769310
703926 3926.000000 17758100003926000 0.012523765 0.142047787 -0.265131733 -1.220140534
703927 3927.000000 17758100003927000 0.009986672 0.141671922 -0.306776625 -1.240832428
703928 3928.000000 17758100003928000 0.007538411 0.141204629 -0.349925795 -1.194038820
703929 3929.000000 17758100003929000 0.005181399 0.141067209 -0.384402408 -1.227351176
703930 3930.000000 17758100003930000 0.002917961 0.140673451 -0.423606389 -1.250332982
703931 3931.000000 17758100003931000 0.000750331 0.139906579 -0.459135426 -1.156831345
703932 3932.000000 17758100003932000 -0.001319351 0.139278633 -0.509740903 -1.175200875
703933 3933.000000 17758100003933000 -0.003289043 0.139114850 -0.553368158 -1.133593524
703934 3934.000000 17758100003934000 -0.005156802 0.138436506 -0.585952882 -1.151912425
703935 3935.000000 17758100003935000 -0.006920783 0.137514113 -0.622772762 -1.129451919
703936 3936.000000 17758100003936000 -0.008579247 0.137171312 -0.660012767 -1.090710310
703937 3937.000000 17758100003937000 -0.010130555 0.136466993 -0.697983686 -1.072167894
703938 3938.000000 17758100003938000 -0.011573179 0.135888688 -0.726165025 -1.064663254
703939 3939.000000 17758100003939000 -0.012905693 0.135400809 -0.763452180 -1.029277668
703940 3940.000000 17758100003940000 -0.014126782 0.134047777 -0.793154370 -1.022109810
703941 3941.000000 17758100003941000 -0.015235242 0.133223746 -0.836854070 -0.974795557
703942 3942.000000 17758100003942000 -0.016229980 0.132112248 -0.869189712 -0.990656961
703943 3943.000000 17758100003943000 -0.017110011 0.131060116 -0.897308893 -0.938947171
703944 3944.000000 17758100003944000 -0.017874470 0.130482291 -0.931623205 -0.943676882
703945 3945.000000 17758100003945000 -0.018522602 0.130069905 -0.955287586 -0.891642630
703946 3946.000000 17758100003946000 -0.019053765 0.128768903 -0.992382169 -0.823376498
703947 3947.000000 17758100003947000 -0.019467436 0.127543685 -1.020380636 -0.813503300
703948 3948.000000 17758100003948000 -0.019763207 0.126487628 -1.054883927 -0.810550693
703949 3949.000000 17758100003949000 -0.019940788 0.125414985 -1.077976571 -0.770572264
703950 3950.000000 17758100003950000 -0.020000000 0.124519436 -1.091460555 -0.741536955
703951 3951.000000 17758100003951000 -0.019940788 0.123135911 -1.119549168 -0.706275501
703952 3952.000000 17758100003952000 -0.019763207 0.122233453 -1.147699583 -0.688307451
703953 3953.000000 17758100003953000 -0.019467436 0.121176170 -1.162194303 -0.651808182
703954 3954.000000 17758100003954000 -0.019053765 0.119502207 -1.188979073 -0.612861950
703955 3955.000000 17758100003955000 -0.018522602 0.118669306 -1.212968390 -0.567440980
703956 3956.000000 17758100003956000 -0.017874470 0.116878177 -1.227968849 -0.533715458
703957 3957.000000 17758100003957000 -0.017110011 0.115970585 -1.247219007 -0.517025911
703958 3958.000000 17758100003958000 -0.016229980 0.114914972 -1.255111514 -0.420367795
703959 3959.000000 17758100003959000 -0.015235242 0.113578044 -1.261147507 -0.451382338
703960 3960.000000 17758100003960000 -0.014126782 0.112164361 -1.283271619 -0.348442002
703961 3961.000000 17758100003961000 -0.012905693 0.111026456 -1.295807119 -0.370857419
703962 3962.000000 17758100003962000 -0.011573179 0.110022622 -1.308753865 -0.314510487
703963 3963.000000 17758100003963000 -0.010130555 0.108437541 -1.322466902 -0.262536430
703964 3964.000000 17758100003964000 -0.008579247 0.107080228 -1.325919353 -0.244846004
703965 3965.000000 17758100003965000 -0.006920783 0.105816390 -1.333574368 -0.191646629
703966 3966.000000 17758100003966000 -0.005156802 0.104243272 -1.337261082 -0.121781843
703967 3967.000000 17758100003967000 -0.003289043 0.102752942 -1.341723093 -0.111864062
703968 3968.000000 17758100003968000 -0.001319351 0.101384392 -1.348444227 -0.095587334
703969 3969.000000 17758100003969000 0.000750331 0.100356970 -1.347935872 -0.022178702
703970 3970.000000 17758100003970000 0.002917961 0.098875614 -1.344452908 -0.020828163
703971 3971.000000 17758100003971000 0.005181399 0.098062744 -1.346780519 0.062537392
703972 3972.000000 17758100003972000 0.007538411 0.096079102 -1.335594404 0.054826714
703973 3973.000000 17758100003973000 0.009986672 0.095015306 -1.335076137 0.104860537
703974 3974.000000 17758100003974000 0.012523765 0.093526259 -1.343525611 0.166955012
703975 3975.000000 17758100003975000 0.015147186 0.092148299 -1.330402476 0.191698158
703976 3976.000000 17758100003976000 0.017854348 0.090885132 -1.318193675 0.244255848
703977 3977.000000 17758100003977000 0.020642577 0.089593183 -1.320299541 0.240008255
703978 3978.000000 17758100003978000 0.023509121 0.088335509 -1.302882882 0.323502464
703979 3979.000000 17758100003979000 0.026451154 0.086978917 -1.292156643 0.301218295
703980 3980.000000 17758100003980000 0.029465770 0.085813231 -1.278470946 0.424405006
703981 3981.000000 17758100003981000 0.032549996 0.084698189 -1.264772670 0.436730765
703982 3982.000000 17758100003982000 0.035700783 0.083423733 -1.247397330 0.469392640
703983 3983.000000 17758100003983000 0.038915031 0.082557473 -1.228679496 0.523987778
703984 3984.000000 17758100003984000 0.042189561 0.080628052 -1.212859187 0.525444577
703985 3985.000000 17758100003985000 0.045521140 0.079385673 -1.202123702 0.581316974
703986 3986.000000 17758100003986000 0.048906486 0.078159173 -1.178747025 0.635244524
703987 3987.000000 17758100003987000 0.052342255 0.077283286 -1.157830317 0.641051365
703988 3988.000000 17758100003988000 0.055825055 0.076025991 -1.133341271 0.688801859
703989 3989.000000 17758100003989000 0.059351448 0.075053946 -1.109972081 0.707015775
703990 3990.000000 17758100003990000 0.062917963 0.074096521 -1.090047761 0.734922370
703991 3991.000000 17758100003991000 0.066521071 0.073063177 -1.060614310 0.782723335
703992 3992.000000 17758100003992000 0.070157215 0.071716177 -1.027929069 0.833586268
703993 3993.000000 17758100003993000 0.073822811 0.071234830 -1.005217398 0.827710708
703994 3994.000000 17758100003994000 0.077514239 0.069837915 -0.980319657 0.850066480
703995 3995.000000 17758100003995000 0.081227861 0.069015198 -0.938688216 0.901276904
703996 3996.000000 17758100003996000 0.084960014 0.067814260 -0.914196265 0.894877938
703997 3997.000000 17758100003997000 0.088707000 0.067365848 -0.883059454 0.984229753
703998 3998.000000 17758100003998000 0.092465140 0.066014103 -0.855075871 0.993309922
703999 3999.000000 17758100003999000 0.096230708 0.065510967 -0.823162899 0.973929489
